ISO3,Country,Year,Project_007_Region,Official_Region,Sub_Region,population_total,urban_population_pct,population_65_plus_pct,age_dependency_ratio_pct,gdp_current_usd,gdp_per_capita_current_usd,gdp_per_capita_ppp_current_intl,household_consumption_expenditure_current_usd,household_consumption_expenditure_constant_2015_usd,household_consumption_expenditure_per_capita_constant_2015_usd,consumption_per_capita_check_usd,household_consumption_pct_of_gdp,consumption_growth_yoy_real_pct,consumption_cagr_2013_2023_real_pct,cagr_start_year,cagr_end_year,inflation_cpi_annual_pct,unemployment_pct_of_labor_force,internet_users_pct_of_population
ABW,Aruba,2013,Latin America,Latin America & Caribbean ,Latin America and the Caribbean,105675.0,63.6382914355326,10.6935133949248,43.0385229703024,2727849162.01117,25813.5714408438,35901.6459605583,1597425139.6648,,,15116.395927748285,58.5598779401374,,,,,-2.37206524252261,,78.9
ABW,Aruba,2014,Latin America,Latin America & Caribbean ,Latin America and the Caribbean,106807.0,63.4392531303795,11.1519021016228,43.5153583617747,2790849720.67039,26129.8390617693,35657.287197053,1608830726.25698,,,15062.970837650902,57.6466269158529,,,,,0.421440918881214,,83.78
ABW,Aruba,2015,Latin America,Latin America & Caribbean ,Latin America and the Caribbean,107906.0,63.2288374043053,11.6404071622938,44.2477876106195,2962906703.91061,27458.2201537506,35972.8596619304,1631228491.62011,1631228491.62011,15117.1250126973,15117.125012697255,55.0550069452785,,,,,0.474763597342641,,88.661226932496
ABW,Aruba,2016,Latin America,Latin America & Caribbean ,Latin America and the Caribbean,108727.0,63.0077880571142,12.1631984301248,45.1551319021681,2983637430.1676,27441.5502144601,36117.5352619835,1637759776.53631,,,15063.045761736366,54.8913805671192,,,,,-0.93119598707956,,93.542453865048
ABW,Aruba,2017,Latin America,Latin America & Caribbean ,Latin America and the Caribbean,108735.0,62.7768488886109,12.7167657393089,46.125005039442,3092427932.96089,28440.0416881491,37524.9149203557,1727741899.44134,,,15889.473485458591,55.8700780388789,,,,,-1.02828178762012,,97.17
ABW,Aruba,2018,Latin America,Latin America & Caribbean ,Latin America and the Caribbean,108908.0,62.5367636985996,13.3108463619964,47.1166704939956,3276187709.49721,30082.1584226798,39287.0597126122,1852174860.3352,,,17006.784261350866,56.5344548166762,,,,,3.6260414135296,,
ABW,Aruba,2019,Latin America,Latin America & Caribbean ,Latin America and the Caribbean,109203.0,62.288276286885,13.9419664537338,48.0999783009656,3347561738.94591,30654.4851235397,38554.7167828184,1975166480.44693,,,18087.108233720042,59.0031382384264,,,,,4.25746204335427,,
ABW,Aruba,2020,Latin America,Latin America & Caribbean ,Latin America and the Caribbean,108587.0,62.0028837566365,14.5767477805038,48.8784687945596,2461056053.22795,22664.3709949437,28733.6045108643,1536222905.02793,,,14147.392459759732,62.4212887395638,,,,,,,
ABW,Aruba,2021,Latin America,Latin America & Caribbean ,Latin America and the Caribbean,107700.0,61.9275339886843,15.1295115193663,49.3199495334618,2889305033.55975,26827.3447869986,35207.1709088639,1786328491.62011,,,16586.1512685247,61.8255418127064,,,,,,,
ABW,Aruba,2022,Latin America,Latin America & Caribbean ,Latin America and the Caribbean,107310.0,61.8811657924257,15.7002096825073,49.8010748935576,3326671314.7742,31000.5713798732,41863.2739964163,1924065921.78771,,,17929.9778379248,57.8375721473496,,,,,,,
ABW,Aruba,2023,Latin America,Latin America & Caribbean ,Latin America and the Caribbean,107359.0,61.8351492675589,16.3690434830945,50.499754678629,3746573413.07565,34897.6183932009,47521.8765471843,2048572011.17318,,,19081.511668077947,54.6785498456698,,,,,,,
AFG,Afghanistan,2013,South & Southeast Asia,"Middle East, North Africa, Afghanistan & Pakistan",Southern Asia,31622704.0,23.8077136743646,2.34976901406028,98.063558808759,20146416757.5987,637.087099117099,2133.24127098647,,,,,,,,,,7.38577178397855,7.921,5.900000095
AFG,Afghanistan,2014,South & Southeast Asia,"Middle East, North Africa, Afghanistan & Pakistan",Southern Asia,32792523.0,24.1910166387726,2.35653566515757,96.3463937851296,20497128555.6972,625.054941813938,2224.49074815215,,,,,,,,,,4.67399603536345,7.915,7.0
AFG,Afghanistan,2015,South & Southeast Asia,"Middle East, North Africa, Afghanistan & Pakistan",Southern Asia,33831764.0,24.4649118421568,2.35669506261475,94.6132337112821,19134221644.7325,565.569730408751,2284.07584789349,,,,,,,,,,-0.661709164713742,9.032,8.260000229
AFG,Afghanistan,2016,South & Southeast Asia,"Middle East, North Africa, Afghanistan & Pakistan",Southern Asia,34700612.0,24.6588345720126,2.35549736125691,92.8898712202104,18116572395.0772,522.082215583898,2213.1814410479,,,,,,,,,,4.38389195513915,10.116,11.0
AFG,Afghanistan,2017,South & Southeast Asia,"Middle East, North Africa, Afghanistan & Pakistan",Southern Asia,35688935.0,24.8352821238871,2.35973702156897,91.2936186853936,18753456497.8159,525.469770891619,2335.79586234454,,,,,,,,,,4.97595150553833,11.184,13.5
AFG,Afghanistan,2018,South & Southeast Asia,"Middle East, North Africa, Afghanistan & Pakistan",Southern Asia,36743039.0,24.9991645191406,2.36712047688815,89.8496059758101,18053222687.4126,491.337221382603,2432.27670083336,,,,,,,,,,0.626149149168847,11.192,16.79999924
AFG,Afghanistan,2019,South & Southeast Asia,"Middle East, North Africa, Afghanistan & Pakistan",Southern Asia,37856121.0,25.1437258839803,2.37615338349114,88.5120276122222,18799444490.1128,496.6025042585,2583.48533239877,,,,,,,,,,2.30237251516834,11.187,17.60000038
AFG,Afghanistan,2020,South & Southeast Asia,"Middle East, North Africa, Afghanistan & Pakistan",Southern Asia,39068979.0,25.2622103446137,2.37073382439812,87.2478169146763,19955929052.1496,510.787063366811,2561.98176058622,18419990527.0292,,,471.4735577561216,92.3033474357087,,,,,5.60188791482224,11.71,17.04850006
AFG,Afghanistan,2021,South & Southeast Asia,"Middle East, North Africa, Afghanistan & Pakistan",Southern Asia,40000412.0,25.3478620272481,2.35254951873996,86.0834681804276,14259995441.0759,356.496214115892,2144.16657002819,12617004786.8703,,,315.421870826488,88.4783227246134,,,,,5.13320340824963,12.006,16.51429939
AFG,Afghanistan,2022,South & Southeast Asia,"Middle East, North Africa, Afghanistan & Pakistan",Southern Asia,40578842.0,25.3939250580909,2.35514236704931,84.9624893289139,14497243872.1337,357.261152798144,2122.65936199211,14150977069.9198,,,348.72796690254984,97.6114990872194,,,,,13.7121023720065,14.1,15.86629963
AFG,Afghanistan,2023,South & Southeast Asia,"Middle East, North Africa, Afghanistan & Pakistan",Southern Asia,41454761.0,25.4730529631167,2.37753752819851,83.8361728436287,17152234636.8715,413.757894705303,2203.53761869487,16821368715.0838,,,405.776521424977,98.0710039899031,,,,,-4.64470870797775,14.008,15.92840004
AGO,Angola,2013,Africa,Sub-Saharan Africa ,Sub-Saharan Africa,26165620.0,62.1333075212361,2.71903360210842,91.9497035468882,148845200696.335,5688.57916213471,8504.09532069445,54585445523.713,57327663901.6705,2190.95377452056,2086.151427855063,36.6726271780001,,5.877043034257001,2013.0,2023.0,8.77781429332624,16.464,13.0
AGO,Angola,2014,Africa,Sub-Saharan Africa ,Sub-Saharan Africa,27160769.0,62.723115793241,2.70449443635977,92.0505618911043,153449860495.966,5649.68762467535,9017.69018159709,72797832178.5977,64261020142.9867,2365.94995314701,2680.2566664661704,47.4407939787677,12.094259157687691,5.877043034257001,2013.0,2023.0,7.28038730361121,16.372,21.3623407584103
AGO,Angola,2015,Africa,Sub-Saharan Africa ,Sub-Saharan Africa,28157798.0,63.51567832685,2.69128111509288,92.1805019005926,102543067840.819,3641.72893920253,8067.48584683702,57482738441.628,57482738441.628,2041.45006088999,2041.4500608899887,56.0571666637283,-10.548045590120426,5.877043034257001,2013.0,2023.0,9.35597215533784,16.472,22.0
AGO,Angola,2016,Africa,Sub-Saharan Africa ,Sub-Saharan Africa,29183070.0,64.2992302517989,2.68501394815556,92.1880041070431,60770049747.3832,2082.37343594705,7882.51370525255,32501857396.4247,57525975602.5831,1971.21055470117,1113.7230386119315,53.4833483459906,0.07521764294338151,5.877043034257001,2013.0,2023.0,30.6944150806719,16.572,23.20000076
AGO,Angola,2017,Africa,Sub-Saharan Africa ,Sub-Saharan Africa,30234839.0,65.0850525086068,2.68524168427026,92.0715542905016,85629598654.1906,2832.14997950512,8125.70639391928,46017137858.6569,67989871076.6882,2248.72608306888,1521.990504353501,53.7397565583532,18.189861822413377,5.877043034257001,2013.0,2023.0,29.8444799015679,16.617,26.0
AGO,Angola,2018,Africa,Sub-Saharan Africa ,Sub-Saharan Africa,31297155.0,65.8732136723372,2.69303871230468,91.902769414907,90506061877.2765,2891.83032378747,8370.22875787099,46623117841.199,70777130252.1673,2261.45572184332,1489.6918854508979,51.5138067817143,4.09952119534871,5.877043034257001,2013.0,2023.0,19.6289379701521,16.602,29.0
AGO,Angola,2019,Africa,Sub-Saharan Africa ,Sub-Saharan Africa,32375632.0,66.6637823180533,2.70797798313284,91.6470396304726,81193813808.0382,2507.86807213642,8621.65930812477,39341390109.4421,63499307677.9019,1961.3302893331,1215.154351564229,48.4536792451389,-10.282731933797972,5.877043034257001,2013.0,2023.0,17.080954143438,16.497,32.12939835
AGO,Angola,2020,Africa,Sub-Saharan Africa ,Sub-Saharan Africa,33451132.0,67.4568270208187,2.72560876675849,91.3698274972374,58512033805.8981,1749.1794838482,7782.15153413853,32835325996.3476,71057483516.7452,2124.21760545339,981.5908769947636,56.1172187336235,11.902768888728499,5.877043034257001,2013.0,2023.0,22.271539247051,16.696,33.32089996
AGO,Angola,2021,Africa,Sub-Saharan Africa ,Sub-Saharan Africa,34532429.0,68.2524163556969,2.74470411565894,91.0363983104785,78283923543.8237,2266.96834861584,8720.18768742123,40045657775.1413,80846586053.5314,2341.17866581385,1159.653662797404,51.1543826143609,13.776314685390378,5.877043034257001,2013.0,2023.0,25.7542948841891,15.799,34.55649948
AGO,Angola,2022,Africa,Sub-Saharan Africa ,Sub-Saharan Africa,35635029.0,69.0506188977513,2.77333855965152,90.5895118569742,128233959333.275,3598.53669077341,9373.4083091956,67503380349.1873,89216642159.9471,2503.62198835161,1894.2984541751684,52.6407986621928,10.35301119687797,5.877043034257001,2013.0,2023.0,21.3552901320822,14.124,35.83800125
AGO,Angola,2023,Africa,Sub-Saharan Africa ,Sub-Saharan Africa,36749906.0,69.8515032220457,2.81144936806097,90.0552252752265,106042349567.303,2885.51349130806,9549.79313920752,62470228482.0689,101480425983.909,2761.37919873614,1699.8745107557254,58.9106415851529,13.746071951436424,5.877043034257001,2013.0,2023.0,13.6441017767715,14.051,37.88589859
ALB,Albania,2013,Europe,Europe & Central Asia,Southern Europe,2816902.0,54.2979678058548,11.8201351814959,46.2294891341532,12796985886.1478,4542.92903556739,10882.042303638,9877672544.72631,8402629492.52758,2982.93284343139,3506.573016997507,77.187492684652,,2.365629089191401,2013.0,2023.0,1.93762080205223,15.866,51.79999924
ALB,Albania,2014,Europe,Europe & Central Asia,Southern Europe,2773767.0,54.7325813178673,12.1667692065035,46.0990797197022,13296322588.1684,4793.59751131525,11787.8702732821,10411697979.7118,8754231114.943,3156.08020246221,3753.6310655191296,78.3050945904138,4.184423729834785,2.365629089191401,2013.0,2023.0,1.62586504402614,18.055,54.29999924
ALB,Albania,2015,Europe,Europe & Central Asia,Southern Europe,2731293.0,55.1579291374894,12.5431065412926,46.063682495576,11470171826.9575,4199.53912925398,12386.6003347481,8904037018.65902,8904037018.65902,3260.00799572181,3260.0079957218136,77.6277561747814,1.7112399906864306,2.365629089191401,2013.0,2023.0,1.89617402592356,17.193,56.90000153
ALB,Albania,2016,Europe,Europe & Central Asia,Southern Europe,2689469.0,55.5738734464276,12.9202121629827,46.0418641879175,11988668784.6628,4457.63412207495,13055.8912586429,9321853593.24969,9263646600.75223,3444.41471560082,3466.0572749675453,77.7555353366274,4.03872514612893,2.365629089191401,2013.0,2023.0,1.27543168367423,15.418,59.59999847
ALB,Albania,2017,Europe,Europe & Central Asia,Southern Europe,2648285.0,55.980276426546,13.3053911120274,46.1747781810153,13258268435.6048,5006.36012951959,14110.6720568255,9980185465.6225,9294557318.35761,3509.65146060851,3768.546612476565,75.2751802703053,0.33367764269927047,2.365629089191401,2013.0,2023.0,1.98666133171194,13.616,62.40000153
ALB,Albania,2018,Europe,Europe & Central Asia,Southern Europe,2607733.0,56.377000259892,13.739521828078,46.5089324540399,15379508329.7568,5897.65452588774,15055.3473824585,11453757777.3889,9567073035.38769,3668.73182008575,4392.2279533176525,74.4741478843493,2.931992430579089,2.365629089191401,2013.0,2023.0,2.02805963071135,12.304,65.40000153
ALB,Albania,2019,Europe,Europe & Central Asia,Southern Europe,2567801.0,56.7639071287255,14.2480986631067,47.0423753077936,15585111614.0376,6069.43903131027,16442.0254754945,11773977449.948,9876183898.00842,3846.16405165681,4585.237504755236,75.5463145951622,3.230986755064591,2.365629089191401,2013.0,2023.0,1.41109078954242,11.466,68.5503911218006
ALB,Albania,2020,Europe,Europe & Central Asia,Southern Europe,2528480.0,57.1408592155544,14.7670044100644,47.6864712685303,15241458744.5927,6027.91350716348,16287.6136733864,11363042882.6507,9322850648.18478,3687.13640138929,4494.021262834074,74.5535127120429,-5.602702982628982,2.365629089191401,2013.0,2023.0,1.62088661717021,11.639,72.23767711
ALB,Albania,2021,Europe,Europe & Central Asia,Southern Europe,2489762.0,57.5077187031778,15.2660050732804,48.4416017247105,18031989573.0294,7242.45513146613,18212.794718288,12927979167.3107,9746685686.97469,3914.7057778915,5192.45581196544,71.6946907880159,4.546195737592695,2.365629089191401,2013.0,2023.0,2.04147163139545,11.474,79.32371752
ALB,Albania,2022,Europe,Europe & Central Asia,Southern Europe,2451636.0,57.8643477747383,15.7763381628571,49.2510463435051,19017247013.8821,7756.96188744253,22138.4966146921,13570171567.799,10332404402.7615,4214.49366984394,5535.1494136156425,71.3571820247859,6.0094142213855894,2.365629089191401,2013.0,2023.0,6.72520271530059,10.785,82.61367544
ALB,Albania,2023,Europe,Europe & Central Asia,Southern Europe,2411658.0,58.2106086137857,16.3020000675759,50.0239189058889,23491242727.4082,9740.7023414631,24847.5057998051,16433006826.9661,10615899818.6736,4401.90931660859,6813.987234908972,69.9537568857223,2.7437506785577437,2.365629089191401,2013.0,2023.0,4.75834555150038,10.669,83.13559161
AND,Andorra,2013,Europe,Europe & Central Asia,Southern Europe,75194.0,88.5809399121053,12.7504372053435,39.4617752884009,3193512950.0157,42470.3161158563,45609.2307235645,,,,,,,,,,,,84.40000153
AND,Andorra,2014,Europe,Europe & Central Asia,Southern Europe,73737.0,88.544042920911,12.8605720330363,39.5371281507834,3271685596.52156,44369.6596894579,48505.6017355504,,,,,,,,,,,,86.09999847
AND,Andorra,2015,Europe,Europe & Central Asia,Southern Europe,72174.0,88.5180850122057,12.9257968645001,39.3616405028095,2789881258.60547,38654.9347217207,50733.2390023674,,,,,,,,,,,,87.90000153
AND,Andorra,2016,Europe,Europe & Central Asia,Southern Europe,72181.0,88.5027454634853,13.0178785422858,39.1038735787242,2896610479.86771,40129.8192026671,53110.1426260689,,,,,,,,,,,,89.69999695
AND,Andorra,2017,Europe,Europe & Central Asia,Southern Europe,73763.0,88.4977035522461,13.1984409422132,38.7983591750715,3000162081.22353,40672.9943362327,53084.8639640903,,,,,,,,,,,,91.5674670273926
AND,Andorra,2018,Europe,Europe & Central Asia,Southern Europe,75162.0,88.5080998493791,13.4862031345627,38.3256344663857,3218419896.93333,42819.774579353,55244.6554088177,,,,,,,,,,,,93.5
AND,Andorra,2019,Europe,Europe & Central Asia,Southern Europe,76474.0,88.5391793666245,13.8257043289506,38.0123080254823,3155149347.92156,41257.8045861543,57475.0692842215,,,,,,,,,,,,90.71869659
AND,Andorra,2020,Europe,Europe & Central Asia,Southern Europe,77380.0,88.5907780427517,14.2168518997157,38.1539010890912,2891001149.40079,37361.090067211,52095.8414004627,,,,,,,,,,,,93.20570374
AND,Andorra,2021,Europe,Europe & Central Asia,Southern Europe,78364.0,88.6627318165299,14.5979952401309,38.19592628516,3324647529.41855,42425.6996761083,59332.2029100127,,,,,,,,,,,,93.89749908
AND,Andorra,2022,Europe,Europe & Central Asia,Southern Europe,79705.0,88.7548766267286,14.9689479957343,38.168706445238,3380612573.4825,42414.0590111349,68459.2247863103,,,,,,,,,,,,94.05169678
AND,Andorra,2023,Europe,Europe & Central Asia,Southern Europe,80856.0,88.8201609217082,15.4181507865836,38.2484697192491,3785067331.88242,46812.448450114,71789.7907855414,,,,,,,,,,,,94.21499634
ARE,United Arab Emirates,2013,Middle East,"Middle East, North Africa, Afghanistan & Pakistan",Western Asia,7693031.0,83.9558135814626,1.48322611511691,22.4163226622205,409632574702.715,53247.2278745159,87526.3039873404,131033083730.429,134881522892.568,17532.9493528062,17032.69930024057,31.9879550168891,,5.9380907504454905,2013.0,2023.0,1.1011183637571,2.125,88.0
ARE,United Arab Emirates,2014,Middle East,"Middle East, North Africa, Afghanistan & Pakistan",Western Asia,8059440.0,84.1438806787019,1.49656887451666,22.4573333412344,424935834104.193,52725.2307981936,87477.7258300501,148412525527.57,150911070573.026,18724.7588632741,18414.744141971405,34.9258672995743,11.884168666471396,5.9380907504454905,2013.0,2023.0,2.34626865671643,1.999,90.4000107121939
ARE,United Arab Emirates,2015,Middle East,"Middle East, North Africa, Afghanistan & Pakistan",Western Asia,8505237.0,84.3284383471193,1.50462849552252,22.4526561983721,381973135513.065,44910.3458860776,73986.0815808827,153562695711.368,153562695711.368,18055.0754448545,18055.07544485451,40.2024858384618,1.7570779454903374,5.9380907504454905,2013.0,2023.0,4.06996608361593,1.793,90.5
ARE,United Arab Emirates,2016,Middle East,"Middle East, North Africa, Afghanistan & Pakistan",Western Asia,8935095.0,84.5093991669984,1.48522186061082,22.3933808829188,381717208620.964,42721.1136110991,69987.0059667469,154727842069.435,158459691280.949,17734.5278680248,17316.865916863222,40.5346781792791,3.188922639639813,5.9380907504454905,2013.0,2023.0,1.61748808904198,1.64,90.6000073180483
ARE,United Arab Emirates,2017,Middle East,"Middle East, North Africa, Afghanistan & Pakistan",Western Asia,9223225.0,84.686675718659,1.47888416773632,22.3131514262999,403365056078.846,43733.6242018215,70281.8969423807,159662627637.849,162951392183.103,17667.5069927388,17310.932741839108,39.5826622142102,2.834601573336526,5.9380907504454905,2013.0,2023.0,1.96682557818842,2.462,94.8199225383446
ARE,United Arab Emirates,2018,Middle East,"Middle East, North Africa, Afghanistan & Pakistan",Western Asia,9346701.0,84.8601805824625,1.50109608885113,22.2647153045603,440560003161.236,47135.3478795605,77446.2084020359,161715997277.059,163285208256.665,17469.8225883834,17301.933300001678,36.7069175859513,0.20485622681081228,5.9380907504454905,2013.0,2023.0,3.06863379251997,2.236,98.4500017817194
ARE,United Arab Emirates,2019,Middle East,"Middle East, North Africa, Afghanistan & Pakistan",Western Asia,9445785.0,85.0298263388195,1.52798923207058,22.2156206400823,433926218686.108,45938.6084572227,79816.3029999451,163818924438.393,173841427288.082,18404.1270564682,17343.071479860384,37.7527140292245,6.4648960822121015,5.9380907504454905,2013.0,2023.0,-1.93108114782173,2.331,99.1499979561243
ARE,United Arab Emirates,2020,Middle East,"Middle East, North Africa, Afghanistan & Pakistan",Western Asia,9401038.0,85.1955255681984,1.56409085694231,22.1652541679088,357161776271.328,37991.738387966,66790.6630877602,161847243022.464,172008368266.93,18296.7421541036,17215.8907370084,45.3148275585663,-1.0544431495689177,5.9380907504454905,2013.0,2023.0,-2.07940317940944,4.294,100.0
ARE,United Arab Emirates,2021,Middle East,"Middle East, North Africa, Afghanistan & Pakistan",Western Asia,9575152.0,85.3571908511355,1.61923304492939,22.1412793084987,422441282436.237,44118.4936214315,68580.1312912676,169662083049.694,176248145565.271,18406.8248279788,17718.996319817586,40.1622876607242,2.4648668788959993,5.9380907504454905,2013.0,2023.0,0.179935336174431,3.105,100.0
ARE,United Arab Emirates,2022,Middle East,"Middle East, North Africa, Afghanistan & Pakistan",Western Asia,10074977.0,85.5147347682487,1.63973912932682,22.1229936023157,511403404642.173,50759.7590190204,75059.7702106115,211979305650.102,210450793707.522,20888.4639347089,21040.177625229517,41.450507314949,19.40596199327642,5.9380907504454905,2013.0,2023.0,5.29122604376849,2.872,100.0
ARE,United Arab Emirates,2023,Middle East,"Middle East, North Africa, Afghanistan & Pakistan",Western Asia,10483751.0,85.6680699002526,1.69563170962521,22.0026623838262,522622268401.125,49850.6945082084,78019.5228244288,234510006807.352,240145181814.662,22906.4179237624,22368.902772237914,44.8717976608222,14.109895992318444,5.9380907504454905,2013.0,2023.0,1.62670837213248,2.151,100.0
ARG,Argentina,2013,Latin America,Latin America & Caribbean ,Latin America and the Caribbean,42582455.0,91.3014507719473,10.7671573801093,56.0487044709811,552025140252.246,12963.675773326,19928.989490167,364267951166.433,395380212585.529,9285.04973669387,8554.414046029826,65.9875655300738,,-0.009008087279804844,2013.0,2023.0,,7.1,59.90000153
ARG,Argentina,2014,Latin America,Latin America & Caribbean ,Latin America and the Caribbean,43024071.0,91.3975345472954,10.894142131574,56.0256427923844,526319673731.638,12233.1444119186,19487.4181748868,344124011884.784,378148640518.181,8789.23429905508,7998.406563729964,65.3830797250888,-4.358228236730588,-0.009008087279804844,2013.0,2023.0,,7.268,64.69999695
ARG,Argentina,2015,Latin America,Latin America & Caribbean ,Latin America and the Caribbean,43477012.0,91.4923019108628,11.0315216694284,56.0522891497333,594749285413.212,13679.6264980954,19899.1499275245,391974496653.948,391974496653.948,9015.67238921452,9015.672389214511,65.9058373448263,3.6561961764086437,-0.009008087279804844,2013.0,2023.0,,7.577,68.0430641088122
ARG,Argentina,2016,Latin America,Latin America & Caribbean ,Latin America and the Caribbean,43900313.0,91.5856817228217,11.1688143183761,56.0461721346243,557532320662.955,12699.9623137756,20105.761359796,366420786669.083,388916035760.743,8859.07204717978,8346.655447971021,65.7218914651221,-0.7802703796581878,-0.009008087279804844,2013.0,2023.0,,8.088,70.9689808206024
ARG,Argentina,2017,Latin America,Latin America & Caribbean ,Latin America and the Caribbean,44288894.0,91.6776028433824,11.3071247613454,55.9728015245357,643628393281.364,14532.5009308511,23385.0740904917,429554843450.409,405088889730.027,9146.51175823056,9698.929114156903,66.7395733212516,4.158443592496486,-0.009008087279804844,2013.0,2023.0,,8.347,74.2949068657957
ARG,Argentina,2018,Latin America,Latin America & Caribbean ,Latin America and the Caribbean,44654882.0,91.7679941327998,11.4636515159043,55.8529254060554,524819892360.176,11752.7998922979,24410.3919063335,364593335904.847,395991702935.244,8867.82553663996,8164.691509090697,69.4701822877233,-2.2457260678874214,-0.009008087279804844,2013.0,2023.0,34.2772237131003,9.22,77.7
ARG,Argentina,2019,Latin America,Latin America & Caribbean ,Latin America and the Caribbean,44973465.0,91.8567844513802,11.6325391913594,55.5931801951266,447754683615.225,9955.97478680428,23516.8261980886,296089364842.806,371729644972.043,8265.53268626385,6583.645819658459,66.1275863051046,-6.12691068609802,-0.009008087279804844,2013.0,2023.0,53.5483043492339,9.843,79.9469520347551
ARG,Argentina,2020,Latin America,Latin America & Caribbean ,Latin America and the Caribbean,45191965.0,91.9439026594897,11.7934339853714,55.0207968902513,385740508436.965,8535.59938004389,22393.3479575353,253449670108.806,326485070609.54,7224.4052811056,5608.290546976791,65.7047068081581,-12.171365661704437,-0.009008087279804844,2013.0,2023.0,42.0150947376509,11.461,85.51438646
ARG,Argentina,2021,Latin America,Latin America & Caribbean ,Latin America and the Caribbean,45312281.0,92.0292776175651,11.9186207827562,54.2195244410156,486564085480.036,10738.0179223384,26300.274261175,306307486891.723,357390782187.35,7887.28296832706,6759.922037288809,62.9531640399486,9.466194432753007,-0.009008087279804844,2013.0,2023.0,48.4093786255199,8.736,87.15070683
ARG,Argentina,2022,Latin America,Latin America & Caribbean ,Latin America and the Caribbean,45407904.0,92.112838186126,12.0340800139112,53.3385463867822,633993756301.08,13962.1894087223,29804.0832363731,417983515859.788,391222217954.855,8615.72949843391,9205.082794832108,65.9286486192602,9.466230651066443,-0.009008087279804844,2013.0,2023.0,72.430757531824,6.805,88.37535691
ARG,Argentina,2023,Latin America,Latin America & Caribbean ,Latin America and the Caribbean,45538401.0,92.1945132257907,12.2030217969226,52.4243366823125,649461687959.174,14261.8465667948,30246.4069577192,426275460474.42,395024194979.691,8674.52932701109,9360.791137010277,65.6351973299487,0.9718203236797507,-0.009008087279804844,2013.0,2023.0,133.488935594175,6.139,89.22897166
ARM,Armenia,2013,Middle East,Europe & Central Asia,Western Asia,3022000.0,64.3584061131466,10.7083857139631,43.5955735295585,11121464437.0415,3680.16692158886,9454.87852836557,9652152750.77837,8749438451.85916,2895.24766772308,3193.9618632622005,86.7885052856041,,1.9189663388089695,2013.0,2023.0,5.78966778544651,16.576,41.9
ARM,Armenia,2014,Middle East,Europe & Central Asia,Western Asia,3013800.0,64.4142934233291,10.7767290281828,44.220347328995,11609513246.7958,3852.11800610384,9736.2349746279,9931611837.78154,8889429467.11708,2949.57511019878,3295.3785379857786,85.5471855421903,1.6000000003220105,1.9189663388089695,2013.0,2023.0,2.98130868933672,17.498,54.6228058583362
ARM,Armenia,2015,Middle East,Europe & Central Asia,Western Asia,3004600.0,64.4929623431549,10.923814112631,45.0074829961521,10553337518.414,3512.39350276709,9756.84084836026,8222722257.00699,8222722257.00699,2736.71112860514,2736.7111286051354,77.9158464576686,-7.5000000008584315,1.9189663388089695,2013.0,2023.0,3.73169119261693,18.261,59.1008337674937
ARM,Armenia,2016,Middle East,Europe & Central Asia,Western Asia,2992300.0,64.5928753345316,11.1448655565615,45.9130890185114,10546136235.5219,3524.42476874707,10570.2720413936,8047087721.00397,8050045089.55795,2690.25334677604,2689.265020554079,76.3036579586322,-2.100000000631097,1.9189663388089695,2013.0,2023.0,-1.403607559009,17.617,64.3460297653742
ARM,Armenia,2017,Middle East,Europe & Central Asia,Western Asia,2979400.0,64.7124948593667,11.4171755495395,46.8188831337656,11527458709.0158,3869.05373867752,12066.0043093819,9225424401.06146,9177051402.25104,3080.16761839667,3096.4034372898773,80.0299930273975,14.000000001925162,1.9189663388089695,2013.0,2023.0,0.969553268816138,17.704,64.7448843250726
ARM,Armenia,2018,Middle East,Europe & Central Asia,Western Asia,2969000.0,64.8502833795679,11.7116892663124,47.4127303230816,12457940694.7395,4196.00562301769,12877.4937543553,9941547464.7445,9617549869.55157,3239.32296044176,3348.449802877905,79.8008893150567,4.79999999991807,1.9189663388089695,2013.0,2023.0,2.52023382001638,18.966,68.2450522610271
ARM,Armenia,2019,Middle East,Europe & Central Asia,Western Asia,2962500.0,65.0047033570428,12.0453317121053,47.8107543362811,13619290539.2116,4597.22887399548,14975.7539538157,11351501702.9135,10713950554.6424,3616.52339397213,3831.7305326290293,83.3487006553766,11.399999999604372,1.9189663388089695,2013.0,2023.0,1.44344660770698,18.304,66.5439496866159
ARM,Armenia,2020,Middle East,Europe & Central Asia,Western Asia,2961500.0,65.174217253699,12.343281529839,48.1754870679756,12641698583.2152,4268.68093304583,14706.3173043422,9523700673.8972,9213997476.9925,3111.26033327452,3215.836796858754,75.3356094610743,-13.999999999999668,1.9189663388089695,2013.0,2023.0,1.21143577838465,18.175,76.50770055
ARM,Armenia,2021,Middle East,Europe & Central Asia,Western Asia,2962300.0,65.3572875314441,12.600194715032,48.4759951441955,13878908628.9378,4685.17997128509,15921.705281964,9895300236.21891,9435133416.44032,3185.07018750306,3340.41124674034,71.2973944909977,2.39999999999998,1.9189663388089695,2013.0,2023.0,7.18483629443371,15.469,78.61225758
ARM,Armenia,2022,Middle East,Europe & Central Asia,Western Asia,2969200.0,65.5624462874485,12.9151582271286,48.7601980797249,19513506553.1251,6571.97445545099,19158.3333506542,13036032088.5074,9944630620.92808,3349.26263671295,4390.418997880709,66.8051744211993,5.399999999999827,1.9189663388089695,2013.0,2023.0,8.64091108973855,13.451,77.02767465
ARM,Armenia,2023,Middle East,Europe & Central Asia,Western Asia,2964300.0,65.6956882008852,13.2110458915952,48.7129653645231,24185982215.6543,8159.08720967996,21551.7793903081,16050194404.8104,10581086980.6675,3569.50611634028,5414.497319707992,66.3615571271776,6.400000000000228,1.9189663388089695,2013.0,2023.0,1.98041877615554,12.405,79.99663036
ASM,American Samoa,2013,Oceania,East Asia & Pacific,Polynesia,54006.0,85.3846465194761,4.66337073658482,59.578051591171,638000000.0,11813.5022034589,,446000000.0,441921397.379913,8182.82037884518,8258.341665740843,69.9059561128527,,1.3853454195236425,2013.0,2022.0,,,
ASM,American Samoa,2014,Oceania,East Asia & Pacific,Polynesia,53466.0,85.0351448001542,4.90685669397374,59.0853640393942,643000000.0,12026.3344929488,,463000000.0,452969432.31441,8472.10250092415,8659.708973927356,72.0062208398134,2.4999999999998135,1.3853454195236425,2013.0,2022.0,,,
ASM,American Samoa,2015,Oceania,East Asia & Pacific,Polynesia,52878.0,84.668670649093,5.14202503876849,58.6831917894547,673000000.0,12727.4102651386,,460000000.0,460000000.0,8699.27001777677,8699.27001777677,68.3506686478455,1.5521064301553311,1.3853454195236425,2013.0,2022.0,,,
ASM,American Samoa,2016,Oceania,East Asia & Pacific,Polynesia,52245.0,84.2862824389061,5.37664251739418,58.2654266759565,671000000.0,12843.3342903627,,463000000.0,465021834.061135,8900.79115821869,8862.092066226433,69.0014903129657,1.0917030567684671,1.3853454195236425,2013.0,2022.0,,,
ASM,American Samoa,2017,Oceania,East Asia & Pacific,Polynesia,51586.0,83.8890385422071,5.61392625906254,57.8470671032098,612000000.0,11863.6839452565,,471000000.0,462008733.624454,8956.08757462207,9130.384212770907,76.9607843137255,-0.6479481641468166,1.3853454195236425,2013.0,2022.0,,,
ASM,American Samoa,2018,Oceania,East Asia & Pacific,Polynesia,50908.0,83.4779973316097,5.85069290982842,57.4556926788531,639000000.0,12552.0546868861,,487000000.0,467030567.68559,9174.01130835212,9566.276420209004,76.2128325508607,1.0869565217392685,1.3853454195236425,2013.0,2022.0,,,
ASM,American Samoa,2019,Oceania,East Asia & Pacific,Polynesia,50209.0,83.0542171797274,6.08357067458025,57.1339154383,647000000.0,12886.1359517218,,509000000.0,483100436.681223,9621.78965287544,10137.624728634308,78.6707882534776,3.440860215053698,1.3853454195236425,2013.0,2022.0,,,
ASM,American Samoa,2020,Oceania,East Asia & Pacific,Polynesia,49761.0,82.6240780620716,6.36536278046281,56.3403292698253,721000000.0,14489.2586563775,,533000000.0,506200873.362445,10172.6426993518,10711.199533771427,73.9251040221914,4.781704781704632,1.3853454195236425,2013.0,2022.0,,,
ASM,American Samoa,2021,Oceania,East Asia & Pacific,Polynesia,49225.0,82.2127091544092,6.7191467750127,55.1793707836832,750000000.0,15236.1604875571,,602000000.0,543362445.414847,11038.3432283362,12229.55815134586,80.2666666666667,7.341269841269904,1.3853454195236425,2013.0,2022.0,,,
ASM,American Samoa,2022,Oceania,East Asia & Pacific,Polynesia,48342.0,81.794797704649,7.1036273181428,54.2501595405233,871000000.0,18017.4589383973,,621000000.0,500174672.489083,10346.5862498259,12845.972446319971,71.2973593570609,-7.948243992606252,1.3853454195236425,2013.0,2022.0,,,
ASM,American Samoa,2023,Oceania,East Asia & Pacific,Polynesia,47521.0,81.3721542708222,7.5503461627491,53.9939725849833,,,,,,,,,,1.3853454195236425,2013.0,2022.0,,,
ATG,Antigua and Barbuda,2013,Latin America,Latin America & Caribbean ,Latin America and the Caribbean,88064.0,25.2475667667937,7.64666806715532,42.3716756931533,1325496296.2963,15051.5113587425,21760.5232864254,,,,,,,,,,1.05949782356169,,63.40000153
ATG,Antigua and Barbuda,2014,Latin America,Latin America & Caribbean ,Latin America and the Caribbean,88765.0,25.0899726107741,7.85106742522391,41.8515085655842,1378707407.40741,15532.1062063584,21671.4737856616,,,,,,,,,,1.08944157435355,,67.77999878
ATG,Antigua and Barbuda,2015,Latin America,Latin America & Caribbean ,Latin America and the Caribbean,89409.0,25.0,8.11104027558747,41.382691060896,1437485185.18519,16077.6340769406,20985.4388292177,,,,,,,,,,0.968993458825638,,70.0
ATG,Antigua and Barbuda,2016,Latin America,Latin America & Caribbean ,Latin America and the Caribbean,89969.0,24.9239807471655,8.44513110071247,41.0194517155441,1489603703.7037,16556.8551801588,21320.4375067809,,,,,,,,,,-0.489437796230499,,70.27159882
ATG,Antigua and Barbuda,2017,Latin America,Latin America & Caribbean ,Latin America and the Caribbean,90468.0,24.8500263836871,8.79869124994473,40.8522629964658,1534855555.55556,16965.7288273816,21422.0021576627,,,,,,,,,,2.43248789041363,,70.54419708
ATG,Antigua and Barbuda,2018,Latin America,Latin America & Caribbean ,Latin America and the Caribbean,90926.0,24.7781432093764,9.12720234036469,40.6810867681644,1661529629.62963,18273.4270684912,24524.2137953887,,,,,,,,,,1.20715793367008,,70.81790161
ATG,Antigua and Barbuda,2019,Latin America,Latin America & Caribbean ,Latin America and the Caribbean,91364.0,24.708337524045,9.47314846738577,40.6075902613192,1726448148.14815,18896.3721832248,26550.589844733,,,,,,,,,,1.43135598182984,,71.09259796
ATG,Antigua and Barbuda,2020,Latin America,Latin America & Caribbean ,Latin America and the Caribbean,91846.0,24.6406156275043,9.86324935217647,40.7838869387943,1411637037.03704,15369.6082250401,22370.0918693813,,,,,,,,,,0.625989707046719,,71.36840057
ATG,Antigua and Barbuda,2021,Latin America,Latin America & Caribbean ,Latin America and the Caribbean,92349.0,24.574983819566,10.2789418401932,41.0892979909862,1602125925.92593,17348.6006987182,25745.4958067746,,,,,,,,,,2.06299638545334,,71.64530182
ATG,Antigua and Barbuda,2022,Latin America,Latin America & Caribbean ,Latin America and the Caribbean,92840.0,24.5114484000414,10.728672985782,41.4482905722469,1857114814.81481,20003.3909394099,29761.8058055292,,,,,,,,,,7.53107834634288,,71.9233017
ATG,Antigua and Barbuda,2023,Latin America,Latin America & Caribbean ,Latin America and the Caribbean,93316.0,24.4500156687422,11.2387545477439,41.7566725911073,2054096296.2963,22012.2625947994,31892.5519402733,,,,,,,,,,5.06713865364213,,72.12409973
AUS,Australia,2013,Oceania,East Asia & Pacific,Australia and New Zealand,23128129.0,86.5740515760243,14.366324406492,49.9243673123919,1583737461925.39,68476.6788496118,46123.4750962848,867601420289.29,727125845163.293,31439.0258357385,37512.82346658003,54.7818966935671,,2.260253548651181,2013.0,2023.0,2.44988248109259,5.663,83.453497167
AUS,Australia,2014,Oceania,East Asia & Pacific,Australia and New Zealand,23475686.0,86.7221289343356,14.6343933904119,50.4910608998852,1474677007565.64,62817.2061751737,47108.5906459966,811077541135.461,743844116637.87,31685.7243974838,34549.684347263,55.0003517363011,2.2992266862447375,2.260253548651181,2013.0,2023.0,2.48792932080492,6.078,84.0
AUS,Australia,2015,Oceania,East Asia & Pacific,Australia and New Zealand,23815995.0,86.8778642539361,14.8994580007134,51.0633010294012,1356805839935.9,56970.3613028094,46464.5867627929,763170265181.612,763170265181.612,32044.4417787966,32044.44177879665,56.2475663590647,2.5981449757370045,2.260253548651181,2013.0,2023.0,1.50836803138463,6.055,84.5605149091408
AUS,Australia,2016,Oceania,East Asia & Pacific,Australia and New Zealand,24190907.0,87.0166295249235,15.1508163000494,51.6034455745862,1211588128417.61,50084.4440606385,47446.2103030951,692585647649.385,783541430654.68,32389.9153783147,28629.99918313873,57.1634560792482,2.6692818631004034,2.260253548651181,2013.0,2023.0,1.27699365720306,5.711,86.54000092
AUS,Australia,2017,Oceania,East Asia & Pacific,Australia and New Zealand,24592588.0,87.12809266445,15.3876130191621,52.0424214921712,1330890554614.09,54117.547718609,48564.8286592372,741878458372.079,802913565275.031,32648.5998657413,30166.75017578788,55.7430102573082,2.4723816587675307,2.260253548651181,2013.0,2023.0,1.94864309065653,5.592,86.5450488476768
AUS,Australia,2018,Oceania,East Asia & Pacific,Australia and New Zealand,24963258.0,87.2267680845925,15.6409676060892,52.4455151692804,1433144978761.67,57410.1737346009,50371.233830782,794697392490.621,825567372956.608,33071.299145192,31834.68249579526,55.4512909906221,2.8214503604528263,2.260253548651181,2013.0,2023.0,1.91140002818579,5.345,90.0082016
AUS,Australia,2019,Oceania,East Asia & Pacific,Australia and New Zealand,25334826.0,87.3019647888406,15.9450637793133,52.9197584315896,1398349602956.35,55194.7585097428,52885.8313816377,759166905662.887,839554471359.515,33138.3555331904,29965.349107307346,54.2902078319954,1.694240695682403,2.260253548651181,2013.0,2023.0,1.610770929127,5.143,93.60990143
AUS,Australia,2020,Oceania,East Asia & Pacific,Australia and New Zealand,25649248.0,87.2713470458985,16.3387202762794,53.6061246381616,1333336461648.09,51983.4523666382,54184.1614486854,699531624245.601,812066793914.929,31660.4523421088,27272.987662078864,52.4647487237344,-3.274079095794047,2.260253548651181,2013.0,2023.0,0.846900734607273,6.394,94.6934967
AUS,Australia,2021,Oceania,East Asia & Pacific,Australia and New Zealand,25685412.0,87.2353407632761,16.7491873637801,54.2558157593525,1560617493202.69,60758.9044397144,58327.4146842325,795156839959.727,817917022617.494,31843.6403752252,30957.527173779694,50.9514242550178,0.7204122550512615,2.260253548651181,2013.0,2023.0,2.86391284709318,5.022,96.97219849
AUS,Australia,2022,Oceania,East Asia & Pacific,Australia and New Zealand,26018721.0,87.3343268253813,17.0750320469828,54.5847718434653,1695627535475.8,65169.5191118657,66103.1797066957,831768845147.233,853095704758.776,32787.7648082231,31968.091173552806,49.0537472260283,4.301008680404195,2.260253548651181,2013.0,2023.0,6.59409658717841,3.728,96.11940002
AUS,Australia,2023,Oceania,East Asia & Pacific,Australia and New Zealand,26659922.0,87.4866955653765,17.384024966198,54.8330501591457,1734451264655.6,65058.3773146674,72272.7092136683,876316816756.182,909239372579.777,34105.1025047927,32870.19432225578,50.524153351186,6.58116873731962,2.260253548651181,2013.0,2023.0,5.59701792296707,3.668,96.1160965
AUT,Austria,2013,Europe,Europe & Central Asia,Western Europe,8479823.0,67.2981308784247,18.1994460470678,48.309248026685,426580502769.417,50305.3545774973,47519.8522796571,227025838731.216,195916024150.299,23103.786971768,26772.47375696592,53.2199285380682,,0.8291333672691303,2013.0,2023.0,2.00015616900597,5.367,80.6188
AUT,Austria,2014,Europe,Europe & Central Asia,Western Europe,8546356.0,67.4154327591781,18.3880563664351,48.5645070083682,438556021078.034,51314.9722616322,48355.4977624407,231442197475.7,195941412641.03,22926.8957016335,27080.80466993184,52.7736905553779,0.012958863799483744,0.8291333672691303,2013.0,2023.0,1.60581182954474,5.674,80.9958249574764
AUT,Austria,2015,Europe,Europe & Central Asia,Western Europe,8642699.0,67.5576175537383,18.4613708048616,48.7326907012931,379546097300.633,43915.228020857,49549.3162311441,198182326445.612,198182326445.612,22930.6061041362,22930.60610413622,52.215614349641,1.1436652284871673,0.8291333672691303,2013.0,2023.0,0.89656333526032,5.802,83.9401419315026
AUT,Austria,2016,Europe,Europe & Central Asia,Western Europe,8736668.0,67.7218061923556,18.4999156835518,48.9558627535325,393687359770.273,45061.4993920192,52397.8635176674,204060352789.213,201779335488.574,23095.6853904227,23356.770886705664,51.8330974375931,1.814999908152326,0.8291333672691303,2013.0,2023.0,0.891591752655362,6.064,84.3237425711653
AUT,Austria,2017,Europe,Europe & Central Asia,Western Europe,8797566.0,67.9051196052802,18.6103296736393,49.3109345699699,414926138132.691,47163.7425775142,53869.8321183556,216188127177.54,205569358435.362,23366.6173615932,24573.629476327886,52.1027978980694,1.8783008367091236,0.8291333672691303,2013.0,2023.0,2.08126911385587,5.561,87.9355865856062
AUT,Austria,2018,Europe,Europe & Central Asia,Western Europe,8840521.0,68.1046787227623,18.7625828458159,49.6838960625127,452582294972.775,51194.0749841299,56636.4953030542,232823003927.727,207311660489.691,23450.1632301639,26335.891733951765,51.4432417073965,0.8475494925849425,0.8291333672691303,2013.0,2023.0,1.99837981429549,4.933,87.4791372262556
AUT,Austria,2019,Europe,Europe & Central Asia,Western Europe,8879920.0,68.3176044750522,18.9402993578561,50.0670998710729,442983642371.842,49885.9947355204,60354.9279422121,226116476736.0,208732154729.318,23506.0850468606,25463.796603573006,51.0439788533312,0.6851974636986835,0.8291333672691303,2013.0,2023.0,1.53089564152644,4.56,87.7522047870069
AUT,Austria,2020,Europe,Europe & Central Asia,Western Europe,8916864.0,68.5410177924001,19.169788839314,50.5184076844052,434397601557.696,48716.4098900349,58523.0337816246,215417862906.362,192919507127.062,21635.3537664208,24158.47801495705,49.5900212464111,-7.575568614601657,0.8291333672691303,2013.0,2023.0,1.38191063351854,5.201,87.52942813
AUT,Austria,2021,Europe,Europe & Central Asia,Western Europe,8955797.0,68.773601700253,19.462852720957,51.1110949880295,480466363176.806,53648.6437976214,62968.8538770186,238562284139.186,202405361251.474,22600.4856130029,26637.750290586755,49.6522342504542,4.917001015436107,0.8291333672691303,2013.0,2023.0,2.7666666666667,6.459,92.52915104
AUT,Austria,2022,Europe,Europe & Central Asia,Western Europe,9041851.0,68.998085127906,19.7897509199721,51.8277987141945,473221298968.216,52336.7725223758,72286.6352565355,241109417533.873,213268295500.945,23586.7960554697,26665.935717572982,50.9506689702204,5.366920215109627,0.8291333672691303,2013.0,2023.0,8.54686993188458,4.992,93.61409139
AUT,Austria,2023,Europe,Europe & Central Asia,Western Europe,9131761.0,69.2265358276021,20.1640196753077,52.5940837665189,516670509628.876,56579.504175468,74261.1961105071,267068071145.689,212779754245.907,23301.0647394196,29246.064493550475,51.690209943959,-0.22907354976999805,0.8291333672691303,2013.0,2023.0,7.81413417002831,5.264,95.33467117
AZE,Azerbaijan,2013,Middle East,Europe & Central Asia,Western Asia,9416801.0,54.1821087431318,5.68448285422061,39.5493100261129,74160560123.6902,7875.34536661549,17267.5118919538,31075495098.4079,,,3300.005500637414,41.9029940531436,,,,,2.41571745279419,4.97,73.000001372
AZE,Azerbaijan,2014,Middle East,Europe & Central Asia,Western Asia,9535079.0,54.6319175926151,5.71573681116396,40.4458230491559,75239785452.1022,7890.84028062087,17563.6122454385,34187164609.5414,,,3585.4096866466866,45.4376157562345,,,,,1.37344181533176,4.91,75.0000156363396
AZE,Azerbaijan,2015,Middle East,Europe & Central Asia,Western Asia,9649341.0,55.1570486328276,5.79496249814157,41.3385630702997,53076235354.746,5500.50364628486,15075.2726347911,30088993952.5496,30088993952.5496,3118.24340673105,3118.24340673105,56.6901434350864,,,,,4.02768573742726,4.96,77.0
AZE,Azerbaijan,2016,Middle East,Europe & Central Asia,Western Asia,9757812.0,55.7574797205266,5.94640301373228,42.2694499411257,37866996882.9157,3880.6852276838,14535.8020210633,22231127978.4323,,,2278.290253843003,58.7084527647405,,,,,12.4433748584372,5.0,78.2
AZE,Azerbaijan,2017,Middle East,Europe & Central Asia,Western Asia,9854033.0,56.4331887124691,6.14013559399226,42.9697743409433,40866627351.9817,4147.1981423222,14315.9296431061,23533615508.1907,,,2388.2217066038547,57.5863902482022,,,,,12.9359184187335,5.0,79.0
AZE,Azerbaijan,2018,Middle East,Europe & Central Asia,Western Asia,9939771.0,57.1841534654123,6.3688767423245,43.1245500256305,47112470051.7701,4739.7943123408,15282.9995232298,25506980224.3154,,,2566.1537096091447,54.1406132947111,,,,,2.26854690373999,4.9,79.7999954887896
AZE,Azerbaijan,2019,Middle East,Europe & Central Asia,Western Asia,10024283.0,58.1308191977779,6.62764113456588,43.2140002863056,48174235294.1176,4805.75371765917,16675.3179361558,27703411764.7059,,,2763.6302531269216,57.5066975024482,,,,,2.61057182799215,5.0,81.0999990651547
AZE,Azerbaijan,2020,Middle East,Europe & Central Asia,Western Asia,10093121.0,58.2934691761937,6.88336854345971,43.4171493479948,42693000000.0,4229.91064904503,15163.5703327282,25994000000.0,,,2575.4174551162123,60.8858595085846,,,,,2.75980947008127,7.24,84.59999573
AZE,Azerbaijan,2021,Middle East,Europe & Central Asia,Western Asia,10137750.0,58.3659969744818,7.14668283701474,43.4555527993272,54825411764.7059,5408.04535175023,20111.3756952109,28708411764.7059,,,2831.832681285877,52.3633308727597,,,,,6.65029912708779,6.04,85.99998954
AZE,Azerbaijan,2022,Middle East,Europe & Central Asia,Western Asia,10141756.0,58.4382815854684,7.52651403008595,43.5216840131791,78807470588.2353,7770.594223351,22548.5145929929,34173058823.5294,,,3369.5406223073596,43.3627149411783,,,,,13.8522590144267,5.65,88.0
AZE,Azerbaijan,2023,Middle East,Europe & Central Asia,Western Asia,10153958.0,58.5075350483702,8.01054873196477,43.5853062725148,72428470588.2353,7133.02838048328,23671.0936895744,39100411764.7059,,,3850.755711684636,53.9848645803892,,,,,8.78543049849081,5.64,89.0
BDI,Burundi,2013,Africa,Sub-Saharan Africa ,Sub-Saharan Africa,10439341.0,12.9670962745892,2.22888601056743,93.3838719525298,2451624637.67157,234.844770150871,687.370968311715,2183909086.16462,2303309387.09017,220.637431720084,209.19989931975783,89.0800758242822,,1.4562866185215517,2013.0,2023.0,7.93795807492418,1.584,1.2642181112
BDI,Burundi,2014,Africa,Sub-Saharan Africa ,Sub-Saharan Africa,10799785.0,13.7839781740413,2.21231245750205,94.622070654264,2705826648.21019,250.544492155185,724.371954183273,2313443360.14762,2390154764.361,221.315032138233,214.21198293740295,85.4985799507105,3.7704607881854812,1.4562866185215517,2013.0,2023.0,4.40535234185293,1.572,1.04239212643994
BDI,Burundi,2015,Africa,Sub-Saharan Africa ,Sub-Saharan Africa,11047580.0,14.6695085474754,2.22313846109284,97.1104592056118,2810532912.49975,254.402585226788,722.032898379933,2340974554.61835,2340974554.61835,211.899307777663,211.8993077776626,83.2929066301604,-2.0576161207618737,1.4562866185215517,2013.0,2023.0,5.54468891259779,1.449,2.0
BDI,Burundi,2016,Africa,Sub-Saharan Africa ,Sub-Saharan Africa,11239451.0,15.6180905635494,2.26939910143298,99.9434296067735,2618093125.14687,232.937812100153,764.282221636915,2051171892.38751,2301366844.54295,204.757940983323,182.4975163277557,78.3460249250086,-1.6919325328530577,1.4562866185215517,2013.0,2023.0,5.55768961400965,1.352,2.200000048
BDI,Burundi,2017,Africa,Sub-Saharan Africa ,Sub-Saharan Africa,11506762.0,16.6241273909209,2.31607727699591,101.067653404408,2831362208.34039,246.060725714184,791.393494929898,2077956387.81166,2304999096.40018,200.316917687198,180.58567543255523,73.3906944752809,0.157830198425013,1.4562866185215517,2013.0,2023.0,16.0525353030392,1.25,2.6607485347534
BDI,Burundi,2018,Africa,Sub-Saharan Africa ,Sub-Saharan Africa,11859446.0,17.6820221982475,2.36073843584262,100.4896672849,2913411408.44783,245.661678332009,823.013102241659,2078126642.56355,2385674064.83989,201.162353185797,175.229655969052,71.3296665392926,3.5000000028504896,1.4562866185215517,2013.0,2023.0,-2.81469807668465,1.147,4.019499779
BDI,Burundi,2019,Africa,Sub-Saharan Africa ,Sub-Saharan Africa,12255336.0,18.786178154187,2.40126821487113,98.9997673122223,2871555326.31029,234.31061590725,868.423731660834,1991871963.00827,2459629960.89675,200.69869654302,162.5309957236807,69.3656132883101,3.1000000019626883,1.4562866185215517,2013.0,2023.0,-0.686772170797359,1.043,6.072199821
BDI,Burundi,2020,Africa,Sub-Saharan Africa ,Sub-Saharan Africa,12617036.0,19.9309984273971,2.43506478066639,97.5964620984537,3188355943.63513,252.702452750006,946.413218223156,1984197695.62711,2467996146.25443,195.608235266542,157.2633775180724,62.2326280598669,0.3401400003531174,1.4562866185215517,2013.0,2023.0,7.32110643415521,1.03,6.430099964
BDI,Burundi,2021,Africa,Sub-Saharan Africa ,Sub-Saharan Africa,12965481.0,21.1108861865354,2.4618792599411,96.0054320138089,3425127990.70519,264.172844085398,1032.38274081999,2079988960.38685,2542993502.36736,196.135685391646,160.42512887773697,60.7273353296967,3.038795511360526,1.4562866185215517,2013.0,2023.0,8.40453845076341,1.118,6.777999878
BDI,Burundi,2022,Africa,Sub-Saharan Africa ,Sub-Saharan Africa,13321097.0,22.3202446002597,2.48584998345669,94.079560239112,4020736756.64256,301.832255755105,1101.23579609841,2471015149.22128,2604299989.6883,195.501916222688,185.496370848533,61.4567751827815,2.4107999986577866,1.4562866185215517,2013.0,2023.0,18.8008786664945,0.909,7.144800186
BDI,Burundi,2023,Africa,Sub-Saharan Africa ,Sub-Saharan Africa,13689450.0,23.5534768372276,2.51029451549531,91.846666183644,3419558408.35408,249.795164039029,1147.42440486734,1986200811.62555,2661594589.43275,194.42670008165,145.08989123927915,58.0835468922888,2.199999998898261,1.4562866185215517,2013.0,2023.0,26.9414835762453,0.911,7.172299862
BEL,Belgium,2013,Europe,Europe & Central Asia,Western Europe,11159407.0,85.7415410247275,17.7203816464754,53.1602786566966,524097026598.55,46964.5946777056,43864.1204196838,276918720519.452,235012401072.034,21059.5779033809,24814.823988358166,52.8373004358918,,1.1835540151039714,2013.0,2023.0,1.1130959402754,8.425,82.1702
BEL,Belgium,2014,Europe,Europe & Central Asia,Western Europe,11209057.0,85.9848336685807,17.9621509816265,53.7527116455187,537987419164.351,47995.7786961339,45147.6429534057,281973361520.038,237347702847.739,21174.6360864914,25155.850444871325,52.4126311276988,0.9936929987746534,1.1835540151039714,2013.0,2023.0,0.340002833356922,8.523,85.0012379539925
BEL,Belgium,2015,Europe,Europe & Central Asia,Western Europe,11274196.0,86.2212893480444,18.1637094668899,54.2185860669473,461044767544.531,40893.804537772,46071.914889496,241206549103.828,241206549103.828,21394.5676573148,21394.56765731481,52.3173813225265,1.6258199299129084,1.1835540151039714,2013.0,2023.0,0.561429152790158,8.482,85.0529417508701
BEL,Belgium,2016,Europe,Europe & Central Asia,Western Europe,11331422.0,86.4507790979645,18.356666180316,54.6532925416515,474271566739.729,41854.5498296444,48414.5518065681,248143768791.596,245084979248.183,21628.7928600826,21898.731579460724,52.3210300160736,1.6079290378991917,1.1835540151039714,2013.0,2023.0,1.97385264653163,7.83,86.5164766644457
BEL,Belgium,2017,Europe,Europe & Central Asia,Western Europe,11375158.0,86.6731739531869,18.584903433857,55.1767824380792,500908767351.53,44035.3239358548,50256.0631772784,263313770443.765,249766861478.701,21957.2212956252,23148.141805482177,52.567211357867,1.9103097402705105,1.1835540151039714,2013.0,2023.0,2.12597086002616,7.09,87.6796808175598
BEL,Belgium,2018,Europe,Europe & Central Asia,Western Europe,11427054.0,86.8883449485575,18.8086209996758,55.6547268372572,542638913427.921,47487.2100392561,52466.7330784599,285472842227.608,253794477787.6,22209.9657346154,24982.190705286594,52.6082511156891,1.6125503139424513,1.1835540151039714,2013.0,2023.0,2.05316499865178,5.941,88.6473429951691
BEL,Belgium,2019,Europe,Europe & Central Asia,Western Europe,11488980.0,87.0961631189222,19.029838081816,56.0563384873172,536726344405.489,46716.6227467964,56712.469571978,278553916586.666,257466815704.648,22409.893280748,24245.313037942968,51.89868533381,1.446973137107177,1.1835540151039714,2013.0,2023.0,1.43681956996438,5.364,90.275428012141
BEL,Belgium,2020,Europe,Europe & Central Asia,Western Europe,11538604.0,87.2964994991269,19.224020193227,56.3096171847589,529694473501.791,45906.2875805246,56120.0958420466,266176239033.464,238942918207.171,20708.1305682361,23068.32256601093,50.2508997826204,-7.194673786126538,1.1835540151039714,2013.0,2023.0,0.740791812220344,5.545,91.52641629
BEL,Belgium,2021,Europe,Europe & Central Asia,Western Europe,11586195.0,87.4305564090635,19.4520520478909,56.5798437606637,598522422241.851,51658.238294958,60669.2137746534,298765997753.096,252272471308.913,21773.5392256831,25786.37747363099,49.9172606824027,5.578551229622497,1.1835540151039714,2013.0,2023.0,2.44024851144084,6.248,92.78867618
BEL,Belgium,2022,Europe,Europe & Central Asia,Western Europe,11680210.0,87.489200269855,19.7671927585206,56.9781655092647,591474463578.602,50639.0264882739,68878.9167847285,305019013095.526,261553593812.133,22392.8845296559,26114.172013647527,51.5692615451338,3.679007247625954,1.1835540151039714,2013.0,2023.0,9.597511728725,5.57,94.00783071
BEL,Belgium,2023,Europe,Europe & Central Asia,Western Europe,11779946.0,87.551492636772,20.1452749547016,57.321807211007,650779364363.737,55244.68145811,72629.6179311762,336443869804.32,264356550636.968,22441.2362023534,28560.731076723103,51.6986075815816,1.0716567813051192,1.1835540151039714,2013.0,2023.0,4.04901077613941,5.547,94.62625074
BEN,Benin,2013,Africa,Sub-Saharan Africa ,Sub-Saharan Africa,10708834.0,44.6502883669319,3.052923551384,87.3352984395774,12517845123.9315,1168.92699279226,2511.65309588333,9282602693.57889,7844562581.03337,732.531905997737,866.8173111637448,74.1549571965266,,4.11805424889351,2013.0,2023.0,0.428888888888884,2.198,4.900000095
BEN,Benin,2014,Africa,Sub-Saharan Africa ,Sub-Saharan Africa,11030004.0,45.2880529235999,3.04630456372929,87.0172121898555,13284527846.9081,1204.39918670094,2670.41561399187,9693561456.39397,8133623545.45292,737.408938877349,878.8357154171449,72.9688067811163,3.6848576505520203,4.11805424889351,2013.0,2023.0,-0.548757550948181,1.952,6.0
BEN,Benin,2015,Africa,Sub-Saharan Africa ,Sub-Saharan Africa,11360681.0,45.9407403257663,3.03762600146945,86.6908725796141,11388160996.7738,1002.41886879614,2725.33724817144,8560727091.70244,8560727091.70244,753.539958713957,753.5399587139574,75.1721642689075,5.251085741339612,4.11805424889351,2013.0,2023.0,0.218785923536245,1.886,11.25500011
BEN,Benin,2016,Africa,Sub-Saharan Africa ,Sub-Saharan Africa,11697842.0,46.6094559006664,3.03144387791543,86.3703118821361,11821065853.3838,1010.5338961993,2842.0246258376,8655442793.93978,8726309065.69105,745.975972806869,739.9179091271518,73.2204938310377,1.9342045624734405,4.11805424889351,2013.0,2023.0,-0.793310145785624,1.834,14.5
BEN,Benin,2017,Africa,Sub-Saharan Africa ,Sub-Saharan Africa,12039780.0,47.2942774880391,3.02784602376455,85.9975863127993,12701655836.9467,1054.97408066814,2885.89383987721,9224704679.83021,9031729882.99024,750.157385183968,766.1854851027352,72.6260008793287,3.5000000000000364,4.11805424889351,2013.0,2023.0,0.0432648555103608,1.691,18.7
BEN,Benin,2018,Africa,Sub-Saharan Africa ,Sub-Saharan Africa,12383347.0,47.9952829275963,3.02828051946374,85.5069960528249,14262408089.9261,1151.7409703472,2965.30628143664,10047825827.7056,9347840428.8949,754.871879863731,811.398229227171,70.449714833238,3.500000000000014,4.11805424889351,2013.0,2023.0,0.919170717886054,1.426,19.0
BEN,Benin,2019,Africa,Sub-Saharan Africa ,Sub-Saharan Africa,12726755.0,48.7125500590248,3.03327124628391,84.8779371019408,14391686313.4641,1130.82135339795,3148.97969597838,9850881045.13919,9675014843.83687,760.210662013755,774.0292828092621,68.4484141092153,3.4999999992581188,4.11805424889351,2013.0,2023.0,0.732849371241066,1.214,20.50099945
BEN,Benin,2020,Africa,Sub-Saharan Africa ,Sub-Saharan Africa,13070169.0,49.4461567219896,3.0399645176738,84.1388233696318,15686741883.934,1200.19426557789,3244.58772756805,10675625815.7073,9987517823.43792,764.146035406116,816.7932500113274,68.0550868669615,3.230000001499933,4.11805424889351,2013.0,2023.0,3.02272119663759,1.518,22.12059975
BEN,Benin,2021,Africa,Sub-Saharan Africa ,Sub-Saharan Africa,13413417.0,50.1961807561354,3.04703492033387,83.3042640253888,17687623530.3355,1318.65158075198,3464.2886286745,11902119607.5896,10466918678.9332,780.332012263033,887.329426020946,67.290665629425,4.7999999997022424,4.11805424889351,2013.0,2023.0,1.73353962694036,1.833,28.20470047
BEN,Benin,2022,Africa,Sub-Saharan Africa ,Sub-Saharan Africa,13759501.0,50.9627000010887,3.06253123069402,82.425708214612,17425405090.862,1266.42711031904,3843.54493453525,10724462312.3124,11075389783.644,804.926703638741,779.4223287830279,61.544981344143,5.813278228056462,4.11805424889351,2013.0,2023.0,1.35077863583527,1.685,30.53730011
BEN,Benin,2023,Africa,Sub-Saharan Africa ,Sub-Saharan Africa,14111034.0,51.7457922964593,3.08788133145022,81.5677814531873,19673291004.1444,1394.17784721831,4133.3701351778,11926053876.8641,11744354896.0359,832.281666675589,845.1580427673904,60.6205330585091,6.040104460971851,4.11805424889351,2013.0,2023.0,2.73870078406075,1.641,32.39400101
BFA,Burkina Faso,2013,Africa,Sub-Saharan Africa ,Sub-Saharan Africa,17695409.0,25.106116148748,2.66998914803269,93.380718437297,13444300485.8412,759.762065168498,1642.89213125776,9614876903.20655,8054416345.80106,455.169832231686,543.3543188070166,71.5163791030436,,3.1669891922543325,2013.0,2023.0,0.533738507090536,4.054,5.0
BFA,Burkina Faso,2014,Africa,Sub-Saharan Africa ,Sub-Saharan Africa,18229461.0,25.3814155996643,2.62943594437597,93.0770765719936,13943016076.7436,764.861675106225,1661.31773793757,9791138142.69856,8161187828.86465,447.692218045539,537.1051915741535,70.2225263802843,1.3256265690716695,3.1669891922543325,2013.0,2023.0,-0.258089517535291,4.255,6.0
BFA,Burkina Faso,2015,Africa,Sub-Saharan Africa ,Sub-Saharan Africa,18777487.0,25.621432645225,2.5964842899372,92.6016404511831,11832159315.6298,630.124750752312,1691.57935387408,8462728354.20114,8462728354.20114,450.684820295769,450.6848202957691,71.5231102662912,3.6948117315716678,3.1669891922543325,2013.0,2023.0,0.724838981070517,4.472,6.545700073
BFA,Burkina Faso,2016,Africa,Sub-Saharan Africa ,Sub-Saharan Africa,19334856.0,25.821510372001,2.57349738145185,91.9492118557294,12833363045.3367,663.742364842886,1881.75893134407,8824040588.95055,8822667104.93946,456.308911994972,456.3799486766568,68.7585986446242,4.25322349570203,3.1669891922543325,2013.0,2023.0,0.441041448058809,4.598,7.140999794
BFA,Burkina Faso,2017,Africa,Sub-Saharan Africa ,Sub-Saharan Africa,19894407.0,25.9769918665632,2.5594856886159,91.1388757797584,14106955615.3442,709.091535894695,2042.40295259917,9389991591.41782,9135162650.1477,459.182455156753,471.9915296504098,66.5628491891213,3.5419623282996193,3.1669891922543325,2013.0,2023.0,1.48299897161326,4.662,7.790400028
BFA,Burkina Faso,2018,Africa,Sub-Saharan Africa ,Sub-Saharan Africa,20438288.0,26.0832202154822,2.55480791737547,90.1476828833865,15890066221.2882,777.465618514048,2073.3235382155,10214023184.9314,9351776574.11644,457.561639904303,499.7494499016454,64.2792990456353,2.3712103688185326,3.1669891922543325,2013.0,2023.0,1.95594302672532,4.695,8.498900414
BFA,Burkina Faso,2019,Africa,Sub-Saharan Africa ,Sub-Saharan Africa,20961952.0,26.1187254401157,2.55918669789944,88.9000632341781,16032813503.3707,764.853077774946,2232.16282016585,9881903346.30218,9673794050.5027,461.492996954802,471.42095098310404,61.6354911396221,3.443382910553394,3.1669891922543325,2013.0,2023.0,-3.23338933983322,4.493,9.27180600953186
BFA,Burkina Faso,2020,Africa,Sub-Saharan Africa ,Sub-Saharan Africa,21478690.0,26.3578373628627,2.56884154873602,87.320571617249,17725010532.5268,825.237038782475,2380.72282781802,10677615415.6146,9859139437.05491,459.01958811524,497.12600794622944,60.2403896799966,1.9159534055056548,3.1669891922543325,2013.0,2023.0,1.88470066518847,4.59,12.97319984
BFA,Burkina Faso,2021,Africa,Sub-Saharan Africa ,Sub-Saharan Africa,21995243.0,26.8114307743017,2.57917814320124,85.5143844798844,19697516284.3787,895.535288442991,2486.43093147762,12029338142.5653,10235165632.8356,465.335419701234,546.9063534585774,61.0703297253031,3.8139859790137454,3.1669891922543325,2013.0,2023.0,3.65326761825509,4.511,18.1522007
BFA,Burkina Faso,2022,Africa,Sub-Saharan Africa ,Sub-Saharan Africa,22509038.0,27.2791369742712,2.59465547584363,83.6984976476855,18622421394.6133,827.330843486661,2644.82146127902,12298553413.6005,10705273335.779,475.598883247652,546.382897998595,66.0416449235651,4.593063950379461,3.1669891922543325,2013.0,2023.0,14.2902354303358,3.828,25.3987999
BFA,Burkina Faso,2023,Africa,Sub-Saharan Africa ,Sub-Saharan Africa,23025776.0,27.7872478365158,2.62071297835956,81.8908186351026,20106062971.6533,873.198061670247,2761.57633646549,12885521524.4413,11001239987.6431,477.779336845939,559.6129105243315,64.087740810362,2.7646809435021735,3.1669891922543325,2013.0,2023.0,0.742910428668918,3.601,25.36120033
BGD,Bangladesh,2013,South & Southeast Asia,South Asia,Southern Asia,156532141.0,28.8407036106763,4.62684307316426,58.8576060722821,149998957434.186,958.262989798283,3691.10431102117,109270901486.57,128443033017.355,820.553735461623,698.0732569585821,72.8477739817049,,5.358278064186517,2013.0,2023.0,7.53040640913172,4.426,6.63
BGD,Bangladesh,2014,South & Southeast Asia,South Asia,Southern Asia,157964929.0,29.1944442321013,4.75656753138087,57.6363999788042,172886611653.786,1094.46199702838,3972.50647733491,125468200069.017,133587930936.915,845.680948186388,794.2788368487603,72.5725369181701,4.005587378853659,5.358278064186517,2013.0,2023.0,6.99163889220849,4.417,9.052900314
BGD,Bangladesh,2015,South & Southeast Asia,South Asia,Southern Asia,159383179.0,29.5395099477892,4.90260142194805,56.4576539922494,195146608978.131,1224.38647668165,4212.23578089428,141358914056.472,141358914056.472,886.912376471498,886.9123764714969,72.437289480297,5.817129635181439,5.358278064186517,2013.0,2023.0,6.19428022984984,4.397,12.36880016
BGD,Bangladesh,2016,South & Southeast Asia,South Asia,Southern Asia,160811932.0,29.8753915517965,5.07223834276104,55.3718768318608,265224515675.034,1649.28380858601,4579.13228682862,177340893036.799,145602869330.061,905.423294896181,1102.7844192357506,66.8644422199967,3.0022551474140347,5.358278064186517,2013.0,2023.0,5.51352572692995,4.35,16.89909935
BGD,Bangladesh,2017,South & Southeast Asia,South Asia,Southern Asia,162186147.0,30.2015798381799,5.25888905067487,54.6436395397794,293732446624.596,1811.08221668646,4882.60692615639,196542010320.222,154730917256.028,954.032882081033,1211.82982613319,66.9119168068661,6.269140139865659,5.358278064186517,2013.0,2023.0,5.70207015717239,4.372,21.5
BGD,Bangladesh,2018,South & Southeast Asia,South Asia,Southern Asia,163523103.0,30.5175656009959,5.45814402305543,54.3273751721014,321362752441.78,1965.24372731467,5490.15881865179,217207965277.285,169296080045.413,1035.30373959093,1328.3013916222285,67.5896517648341,9.413220736799799,5.358278064186517,2013.0,2023.0,5.54362139486476,4.439,25.56509972
BGD,Bangladesh,2019,South & Southeast Asia,South Asia,Southern Asia,164913055.0,30.8228396343012,5.66255837053046,54.1751879343991,351231654603.692,2129.79896954606,6047.12401504125,234894700483.893,177516115113.365,1076.42245250605,1424.354794008837,66.8774290144586,4.855419609093725,5.358278064186517,2013.0,2023.0,5.59199639930629,4.504,30.38310051
BGD,Bangladesh,2020,South & Southeast Asia,South Asia,Southern Asia,166298024.0,31.1168927321524,5.835135780086,54.0679893713504,373979442362.193,2248.85078828233,6640.58437331062,250383687973.973,182835917795.457,1099.4473259373,1505.6323698348515,66.9511902559287,2.9967998559988107,5.358278064186517,2013.0,2023.0,5.69107474746211,5.539,36.10910034
BGD,Bangladesh,2021,South & Southeast Asia,South Asia,Southern Asia,167658854.0,31.3992156886061,5.97381333056883,53.9605921368888,416271647911.014,2482.84917843357,7441.06913961254,286292630441.326,197491065731.171,1177.93400717848,1707.5902859345917,68.7754335127158,8.015464418817885,5.358278064186517,2013.0,2023.0,5.54565430773473,5.457,38.91744466
BGD,Bangladesh,2022,South & Southeast Asia,South Asia,Southern Asia,169384897.0,31.673734726234,6.13515765182076,53.6222137721463,460131689083.083,2716.48592780431,8449.20977931373,317843355215.864,212256518378.201,1253.10179441914,1876.4562888736416,69.0766062753121,7.4765167691833945,5.358278064186517,2013.0,2023.0,7.69695437176898,4.593,41.61650085
BGD,Bangladesh,2023,South & Southeast Asia,South Asia,Southern Asia,171466990.0,32.1578465036834,6.32054805417649,53.0958193080833,437415333018.291,2551.01773827307,9155.31731992295,299958948132.06,216469738741.462,1262.45721547606,1749.368482715303,68.5753162931573,1.9849663018375985,5.358278064186517,2013.0,2023.0,9.8835030377921,3.352,44.50274195
BGR,Bulgaria,2013,Europe,Europe & Central Asia,Eastern Europe,7160005.0,72.9632821572019,19.3546939511256,49.3086554346026,55822115861.1854,7796.37945241455,16893.7939132873,34872136540.4317,30035635639.5741,4194.91824929928,4870.4067302231915,62.4701088492406,,3.472914669617766,2013.0,2023.0,0.890093540913096,12.941,53.0615
BGR,Bulgaria,2014,Europe,Europe & Central Asia,Eastern Europe,7073572.0,73.0844879150391,19.7757387242757,50.5579218085755,57083817239.8145,8070.01289303544,17990.7860607342,35851970826.7837,30870714576.535,4364.23274924395,5068.43937218476,62.8058398340221,2.7802938715258074,3.472914669617766,2013.0,2023.0,-1.4181838026484,11.424,55.4903766299262
BGR,Bulgaria,2015,Europe,Europe & Central Asia,Eastern Europe,6984225.0,73.1030578613281,20.209781460636,51.7845407318803,50768512172.9373,7269.02586513711,18896.1145714262,31514421059.4188,31514421059.4188,4512.22878120605,4512.228781206047,62.0747382788538,2.08516871641542,3.472914669617766,2013.0,2023.0,-0.104633261008479,9.143,56.6562516053086
BGR,Bulgaria,2016,Europe,Europe & Central Asia,Eastern Europe,6894139.0,73.1750030517578,20.5760516337296,52.9074899638477,53932152153.5457,7822.89886431732,20745.9250164072,32646403268.8744,32288824662.9595,4683.51808151235,4735.385124795773,60.5323577222164,2.457299158631532,3.472914669617766,2013.0,2023.0,-0.798649886453617,7.575,59.825547661014
BGR,Bulgaria,2017,Europe,Europe & Central Asia,Eastern Europe,6803468.0,73.3904571533203,20.8699557799437,53.9436319509152,59170671046.4798,8697.13373333715,22317.2366242463,35651402230.358,33350974298.3097,4902.0549958212,5240.180776974038,60.2518132713977,3.2895270931575737,3.472914669617766,2013.0,2023.0,2.06159619443141,6.164,63.4101013837926
BGR,Bulgaria,2018,Europe,Europe & Central Asia,Eastern Europe,6710798.0,73.600212097168,21.1708879702475,54.9714988000953,66100606676.6544,9849.88769989118,23997.7941525242,39450907272.2753,35351136654.4468,5267.79924748842,5878.720723269468,59.6831243399294,5.997313116691982,3.472914669617766,2013.0,2023.0,2.81454473824838,5.211,64.78201069118
BGR,Bulgaria,2019,Europe,Europe & Central Asia,Eastern Europe,6616726.0,73.7162322998047,21.4794589439076,55.9246760959011,68511235459.4907,10354.2500414088,26765.556194772,40504764605.9457,35260009606.882,5328.92092054015,6121.57199889276,59.1213460599399,-0.25777685299217534,3.472914669617766,2013.0,2023.0,3.10372944796771,4.148,67.9469809417603
BGR,Bulgaria,2020,Europe,Europe & Central Asia,Eastern Europe,6550696.0,73.3239898681641,21.6867892994918,56.5399504860587,70490478088.1395,10760.7616180234,27351.8659900682,40882095166.2084,38303723432.5878,5847.27537846173,6240.878093901533,57.9966206429903,8.632197947874998,3.472914669617766,2013.0,2023.0,1.67244096855756,5.037,70.16248359
BGR,Bulgaria,2021,Europe,Europe & Central Asia,Eastern Europe,6507301.0,73.346765618041,21.7032217425472,56.7066350040951,84378926047.3002,12966.8085197381,30958.9830238332,48868018843.1435,39841125321.9873,6122.52688510756,7509.721594735436,57.9149571253722,4.013713946387565,3.472914669617766,2013.0,2023.0,3.29774435299506,5.166,75.27144583
BGR,Bulgaria,2022,Europe,Europe & Central Asia,Eastern Europe,6465097.0,73.4799164005224,21.6972972212748,56.8295907451296,90510784777.6397,13999.9113358453,36320.2814407535,52422749761.5879,40266274411.1404,6228.25526223975,8108.578999137661,57.9187882310117,1.0671111463773864,3.472914669617766,2013.0,2023.0,15.3252589264367,4.148,79.12686326
BGR,Bulgaria,2023,Europe,Europe & Central Asia,Eastern Europe,6446596.0,73.7322671584613,21.8324383446666,57.1601451805102,102204457334.822,15854.0192893772,38829.297423161,58916359137.1963,42257485763.1347,6555.00759829447,9139.142446214451,57.6455867714129,4.945109477134513,3.472914669617766,2013.0,2023.0,9.44284140088564,4.319,80.38956462
BHR,Bahrain,2013,Middle East,"Middle East, North Africa, Afghanistan & Pakistan",Western Asia,1253191.0,100.0,2.45568933577155,28.559733768845,33823324468.0851,26989.7601148469,56310.3117458189,14128572074.4681,14915593212.627,11902.0909124203,11274.077195310292,41.7716835842067,,1.7353702153334538,2013.0,2023.0,3.30001156888442,1.184,90.0000397
BHR,Bahrain,2014,Middle East,"Middle East, North Africa, Afghanistan & Pakistan",Western Asia,1314562.0,100.0,2.62539913226817,29.7957527310642,34772526595.7447,26451.7965647453,54299.0564613228,14498627127.6596,14814047618.1454,11269.1889908162,11029.245579637627,41.6956389054394,-0.680801581499535,1.7353702153334538,2013.0,2023.0,2.64755321246189,1.144,90.5031334814656
BHR,Bahrain,2015,Middle East,"Middle East, North Africa, Afghanistan & Pakistan",Western Asia,1370322.0,100.0,2.58876355273245,30.0347975111287,32523297872.3404,23734.0551143019,48034.2468880503,15194334840.4255,15194334840.4255,11088.1492382269,11088.149238226855,46.7183091335507,2.5670716881880162,1.7353702153334538,2013.0,2023.0,1.84862742374977,1.164,93.4783007986129
BHR,Bahrain,2016,Middle East,"Middle East, North Africa, Afghanistan & Pakistan",Western Asia,1423726.0,100.0,2.53748590518773,29.2420004774886,33884680851.0638,23800.001440631,47428.9018907649,16089441223.4043,15161583438.9395,10649.2284603495,11300.939382580847,47.4829357080963,-0.21555008383034036,1.7353702153334538,2013.0,2023.0,2.78679347602044,1.19,97.9999807024146
BHR,Bahrain,2017,Middle East,"Middle East, North Africa, Afghanistan & Pakistan",Western Asia,1501116.0,100.0,2.61201960870313,28.8517118099219,37204813829.7872,24784.7693514607,50184.5005767301,15820666489.3617,15359842661.2214,10232.2822894576,10539.26977619431,42.5231706889909,1.3076419298838404,1.7353702153334538,2013.0,2023.0,1.38671830576406,1.18,95.8781357543453
BHR,Bahrain,2018,Middle East,"Middle East, North Africa, Afghanistan & Pakistan",Western Asia,1503091.0,100.0,2.77238869129833,29.2252286021823,39567978723.4043,26324.4066549559,51993.1307818652,16430582446.8085,15622961646.6802,10393.8894229825,10931.19607981719,41.5249476392634,1.713031775534346,1.7353702153334538,2013.0,2023.0,2.08766938046978,1.188,98.6446725799886
BHR,Bahrain,2019,Middle East,"Middle East, North Africa, Afghanistan & Pakistan",Western Asia,1483756.0,100.0,3.00446835284136,30.0473734261812,40446808510.6383,27259.7438599327,56599.5214364411,15616752127.6596,15645920127.4701,10544.8066444012,10525.148425792111,38.6105917937927,0.1469534478104384,1.7353702153334538,2013.0,2023.0,1.00582004702137,1.217,99.7015043807778
BHR,Bahrain,2020,Middle East,"Middle East, North Africa, Afghanistan & Pakistan",Western Asia,1472204.0,100.0,3.27889246478774,30.1633978549003,35837632978.7234,24342.8444554718,53436.0316999712,14586250000.0,14959653768.2691,10161.4000289832,9907.76414138258,40.7009302446391,-4.3862320247698205,1.7353702153334538,2013.0,2023.0,-2.31770629331379,1.765,99.67103159
BHR,Bahrain,2021,Middle East,"Middle East, North Africa, Afghanistan & Pakistan",Western Asia,1504365.0,100.0,3.46416063514661,29.4587458973084,40840212765.9574,27147.8083882286,54954.6757895532,15498930319.1489,15830966367.8443,10523.3546166285,10302.639531728602,37.9501703577513,5.824416882049355,1.7353702153334538,2013.0,2023.0,-0.60631938514085,1.548,100.0
BHR,Bahrain,2022,Middle East,"Middle East, North Africa, Afghanistan & Pakistan",Western Asia,1524693.0,100.0,3.49895236846893,29.162123903701,46458191489.3617,30470.5219276023,61667.8791526737,17160053191.4894,16925698939.5244,11101.0537462456,11254.759608320757,36.9365501354455,6.915134213813445,1.7353702153334538,2013.0,2023.0,3.62574104304482,1.265,100.0
BHR,Bahrain,2023,Middle East,"Middle East, North Africa, Afghanistan & Pakistan",Western Asia,1577059.0,100.0,3.63800440284889,29.2488272145239,46192260638.2979,29290.1284215098,64223.977053306,17953780585.1064,17715777972.0523,11233.4275205,11384.342998649005,38.8675079699844,4.66792559262017,1.7353702153334538,2013.0,2023.0,0.0746206782192256,1.049,100.0
BHS,"Bahamas, The",2013,Latin America,Latin America & Caribbean ,Latin America and the Caribbean,378953.0,82.3635791100868,9.84963834565236,46.6782269426683,10475300000.0,27642.7419759179,30294.4768305201,6753100000.0,7049272420.93349,18601.9702204059,17820.415724377428,64.4668887764551,,1.4565025428065148,2013.0,2023.0,0.722414784530551,16.18,72.0
BHS,"Bahamas, The",2014,Latin America,Latin America & Caribbean ,Latin America and the Caribbean,382298.0,82.3180931037043,10.0400734505543,46.3160634254812,11139100000.0,29137.2175632622,31726.1740873862,7183900000.0,7425537395.01743,19423.4272609782,18791.3617125907,64.4926430322019,5.337642690138988,1.4565025428065148,2013.0,2023.0,1.51375643050831,13.8,76.91999817
BHS,"Bahamas, The",2015,Latin America,Latin America & Caribbean ,Latin America and the Caribbean,385346.0,82.2568571432361,10.2099019972933,45.9533368684191,11837600000.0,30719.405417469,32137.5784729905,7538000000.0,7538000000.0,19561.6407073124,19561.64070731239,63.6784483341218,1.5145382616756242,1.4565025428065148,2013.0,2023.0,1.86148302863371,12.0,78.0
BHS,"Bahamas, The",2016,Latin America,Latin America & Caribbean ,Latin America and the Caribbean,388055.0,82.1784378570728,10.3648833736411,45.5428202800927,11880900000.0,30616.5363157284,32285.2760366069,7653600000.0,7652013813.32716,19718.889882432,19722.97741299558,64.4193621695326,1.5125207392830964,1.4565025428065148,2013.0,2023.0,-0.346376929989397,12.7,80.0
BHS,"Bahamas, The",2017,Latin America,Latin America & Caribbean ,Latin America and the Caribbean,390485.0,82.0814018736052,10.5142323008566,45.1063165639795,12446900000.0,31875.4881749619,34282.1710357791,8280500000.0,8171280806.67773,20925.9787358739,21205.680115753486,66.526605018117,6.786017459171156,1.4565025428065148,2013.0,2023.0,1.51820700736147,9.8,80.59999847
BHS,"Bahamas, The",2018,Latin America,Latin America & Caribbean ,Latin America and the Caribbean,392717.0,81.9643158212241,10.66759184401,44.6775197739489,12819200000.0,32642.3353203452,35227.7619063243,8469700000.0,8211418322.59392,20909.2509939573,21566.929875712027,66.0704256115826,0.4912022590557452,1.4565025428065148,2013.0,2023.0,2.26586346678736,10.0,83.0
BHS,"Bahamas, The",2019,Latin America,Latin America & Caribbean ,Latin America and the Caribbean,394675.0,81.8257463283204,10.8243628610412,44.2462318904142,13277000000.0,33640.3369861278,36116.0002025353,8016100000.0,7356702524.72637,18639.8999803037,20310.635332868816,60.3758379151917,-10.408869263374132,1.4565025428065148,2013.0,2023.0,2.49123527368046,9.336,90.69329834
BHS,"Bahamas, The",2020,Latin America,Latin America & Caribbean ,Latin America and the Caribbean,395863.0,81.6642600232849,10.9764122643595,43.8089875395067,10363200000.0,26178.7537607708,27204.625909518,6544900000.0,6012580494.14155,15188.5386968258,16533.24508731556,63.1552030260923,-18.270713353804034,1.4565025428065148,2013.0,2023.0,0.0385210980054558,12.016,92.4437027
BHS,"Bahamas, The",2021,Latin America,Latin America & Caribbean ,Latin America and the Caribbean,396373.0,81.4784235345083,11.0919512681237,43.3284637748239,12037000000.0,30367.8605757708,31064.6822166194,8026600000.0,7309778472.30261,18441.6659870945,20250.117944461403,66.6827282545485,21.574729509650716,1.4565025428065148,2013.0,2023.0,2.90491262928478,11.078,92.34980011
BHS,"Bahamas, The",2022,Latin America,Latin America & Caribbean ,Latin America and the Caribbean,397538.0,81.3200717047725,11.2521177194159,42.8637655742948,13896800000.0,34957.1613279737,36785.5703317271,8634700000.0,7468971228.66587,18788.0686341076,21720.439303915602,62.1344482182949,2.1778054829767246,1.4565025428065148,2013.0,2023.0,5.60540633583044,9.25,92.2559967
BHS,"Bahamas, The",2023,Latin America,Latin America & Caribbean ,Latin America and the Caribbean,399440.0,81.3213799173676,11.4979577684286,42.5030859572889,15271300000.0,38231.774484278,39122.340470849,9681400000.0,8145976720.55665,20393.4926911592,24237.432405367515,63.3960435588326,9.064240190033622,1.4565025428065148,2013.0,2023.0,3.05291578969743,8.645,92.38729858
BIH,Bosnia and Herzegovina,2013,Europe,Europe & Central Asia,Southern Europe,3610859.0,46.6954224739896,16.3229580551331,45.1363153299881,18179109209.3892,5034.56634817068,10808.2876334613,15745405013.1326,13098705271.8454,3627.58702897161,4360.570438539029,86.6126322900374,,1.796239052755677,2013.0,2023.0,-0.0930456838317588,27.49,48.52130127
BIH,Bosnia and Herzegovina,2014,Europe,Europe & Central Asia,Southern Europe,3564829.0,47.130783484831,16.7737639028408,45.4739107599981,18558734107.1478,5206.06573475132,11167.8524537099,15992472097.8395,13311307330.601,3734.06615874169,4486.182113599138,86.1722141473005,1.623076894573483,1.796239052755677,2013.0,2023.0,-0.897194054194333,27.517,49.91770172
BIH,Bosnia and Herzegovina,2015,Europe,Europe & Central Asia,Southern Europe,3518541.0,47.5711645087011,17.2535174740777,46.0547616991884,16404348361.0926,4662.25869219448,11845.4600112171,13475633005.4233,13475633005.4233,3829.89227791387,3829.892277913857,82.1467132299168,1.2344818637350263,1.796239052755677,2013.0,2023.0,-1.03602303425474,27.695,52.59999847
BIH,Bosnia and Herzegovina,2016,Europe,Europe & Central Asia,Southern Europe,3473003.0,48.0248845752382,17.7718389532056,46.8155055302009,17116926553.8513,4928.5665903114,12899.4451443422,13574289860.6953,13620583393.1605,3921.84613522086,3908.5165952045822,79.3033131151759,1.0756480803451929,1.796239052755677,2013.0,2023.0,-1.58400833333336,25.408,60.2565354318987
BIH,Bosnia and Herzegovina,2017,Europe,Europe & Central Asia,Southern Europe,3428682.0,48.4918401819106,18.338880896671,47.7135237832645,18326373135.6099,5345.01978766473,13627.0836811249,14178071320.3596,13834524251.3983,4034.93944652736,4135.137443588994,77.3643056127143,1.5707172891377796,1.796239052755677,2013.0,2023.0,0.810039425333895,20.527,64.8920205128383
BIH,Bosnia and Herzegovina,2018,Europe,Europe & Central Asia,Southern Europe,3387000.0,48.971927825824,18.9760112193682,48.7981270859519,20484058033.1144,6047.84707207392,14858.6247595644,15342302434.844,14101168862.1957,4163.32118753932,4529.761569189253,74.8987452097713,1.927385473847787,1.796239052755677,2013.0,2023.0,1.41710814018034,18.4,70.1201350394885
BIH,Bosnia and Herzegovina,2019,Europe,Europe & Central Asia,Southern Europe,3345533.0,49.4650440037758,19.6456887437667,49.9919523868234,20482608984.3316,6122.37541352353,16428.7132755213,15053756884.3205,14338860653.06,4285.97196711555,4499.658764185108,73.4953095859812,1.6856176476372609,1.796239052755677,2013.0,2023.0,0.56278215406123,15.692,69.9463476317266
BIH,Bosnia and Herzegovina,2020,Europe,Europe & Central Asia,Southern Europe,3299349.0,49.9710852122997,20.2427175417457,51.07123773277,20226038369.9191,6130.31187968266,16369.9392465531,14858506322.1838,13926415675.3691,4220.95864225611,4503.466084425685,73.4622670561229,-2.87641387743649,1.796239052755677,2013.0,2023.0,-1.0512960076349,15.868,73.21175294
BIH,Bosnia and Herzegovina,2021,Europe,Europe & Central Asia,Southern Europe,3244907.0,50.4899479477034,20.6776926615011,51.882555145011,23672712121.2671,7295.34378682258,18286.6614977175,16529568591.3089,14515066228.3615,4473.1840476049,5094.003800820456,69.8254112441096,4.226863298598182,1.796239052755677,2013.0,2023.0,1.98163900587622,14.897,75.67620138
BIH,Bosnia and Herzegovina,2022,Europe,Europe & Central Asia,Southern Europe,3204802.0,51.0215287060993,21.1032694063471,52.6245907931921,24534663636.1778,7655.59421024383,21651.3043527017,16942790021.7606,15121755286.9006,4718.46787629956,5286.688544802642,69.0565408721455,4.179719534132542,1.796239052755677,2013.0,2023.0,14.0208440826771,12.657,78.8455371
BIH,Bosnia and Herzegovina,2023,Europe,Europe & Central Asia,Southern Europe,3185073.0,51.5657239834305,21.642423894209,53.5210215348666,27592361498.4057,8663.02326458629,23376.3069324282,19235275975.1117,15651130031.2899,4913.89994241572,6039.194698241358,69.7123222897147,3.500749313460161,1.796239052755677,2013.0,2023.0,6.1059011284828,10.668,83.3771539
BLR,Belarus,2013,Europe,Europe & Central Asia,Eastern Europe,9443211.0,75.94970703125,13.8439326604506,41.6902824364542,75527558966.4473,7998.0802045456,19014.0529737698,38712676167.3639,29312436392.1081,3104.07512784667,4099.52463916817,51.2563582050385,,2.7013907106441026,2013.0,2023.0,18.3122610377873,5.942,54.17
BLR,Belarus,2014,Europe,Europe & Central Asia,Eastern Europe,9448515.0,76.3405227661133,14.0572639870913,42.7175640732647,78813069120.9984,8341.31809294883,19037.8847440186,41634725794.9355,30560740634.2621,3234.44907842789,4406.483536824094,52.8271849571236,4.258616463864073,2.7013907106441026,2013.0,2023.0,18.1195543526734,5.908,59.0163187101542
BLR,Belarus,2015,Europe,Europe & Central Asia,Eastern Europe,9461076.0,76.6263885498047,14.3137668458221,43.8491045346394,56454769844.7632,5967.05595058777,18133.5313085883,29851783154.4538,29851783154.4538,3155.22073329226,3155.22073329226,52.8773445300352,-2.3198308191964334,2.7013907106441026,2013.0,2023.0,13.5344897649734,5.881,62.230360906803
BLR,Belarus,2016,Europe,Europe & Central Asia,Eastern Europe,9469379.0,76.8458709716797,14.5402754703135,44.9447620155531,47723545321.259,5039.77560949445,17832.4778855815,26014004080.293,28899144555.7418,3051.85213895671,2747.1710742904047,54.5097894659238,-3.1912284562132465,2.7013907106441026,2013.0,2023.0,11.8365807653497,5.844,71.1130457603832
BLR,Belarus,2017,Europe,Europe & Central Asia,Eastern Europe,9458989.0,77.0208206176758,14.797647947019,46.0096589692623,54725405751.1559,5785.54491935194,18413.747563367,29801246363.2214,30251979488.8549,3198.22546456655,3150.5741642390535,54.4559623709907,4.681228299002771,2.7013907106441026,2013.0,2023.0,6.03183725177795,5.648,74.4364454136036
BLR,Belarus,2018,Europe,Europe & Central Asia,Eastern Europe,9438785.0,77.2132720947266,15.0511533137392,46.8866982731588,60031026576.26,6360.037502312,20025.9815543598,32148578136.7172,32644771007.6365,3458.57766732016,3406.0080970927083,53.5532706505984,7.9095370260419795,2.7013907106441026,2013.0,2023.0,4.87230220550686,4.763,79.1298866919307
BLR,Belarus,2019,Europe,Europe & Central Asia,Eastern Europe,9419758.0,77.4550771852757,15.3719450417652,47.8095536382012,64410170653.4569,6837.77339645635,22301.5932411839,34758098712.9162,34298582946.538,3641.13207011666,3689.914190249495,53.9636805185995,5.066085280594024,2.7013907106441026,2013.0,2023.0,5.59815595039848,4.165,82.7891520910901
BLR,Belarus,2020,Europe,Europe & Central Asia,Eastern Europe,9379952.0,77.7890385790408,15.7337858081494,48.7665398549662,61371673344.7424,6542.85579976768,24872.3066744528,32057837943.0843,33889104179.3156,3612.92938165521,3417.697440571583,52.2355611244396,-1.193864970633518,2.7013907106441026,2013.0,2023.0,5.54814357456519,4.049,85.08791245
BLR,Belarus,2021,Europe,Europe & Central Asia,Eastern Europe,9302585.0,78.131086803694,16.0697691637937,49.5726145295303,69673747131.87,7489.71894713888,27611.1801135157,35444001299.8907,35502514982.8837,3816.41393041651,3810.12388490841,50.8713866541534,4.760854093490163,2.7013907106441026,2013.0,2023.0,9.46028389623099,3.9,86.88841196
BLR,Belarus,2022,Europe,Europe & Central Asia,Eastern Europe,9228071.0,78.4732787892908,16.5067849004664,50.3005336051361,73775179924.603,7994.64806074889,28424.9893656867,39418719774.5707,35410051502.4819,3837.21056139273,4271.609936092896,53.4308690468202,-0.26044205726375447,2.7013907106441026,2013.0,2023.0,15.209675274081,3.574,89.50733148
BLR,Belarus,2023,Europe,Europe & Central Asia,Eastern Europe,9178298.0,78.8146420666327,17.0619745317958,50.9143686597634,72478760370.4258,7896.75388295584,30859.5916206484,39089829916.7041,38266184678.2747,4169.20268641034,4258.9410277051475,53.9328069587877,8.065882580240258,2.7013907106441026,2013.0,2023.0,5.0005990309131,3.461,91.51249979
BLZ,Belize,2013,Latin America,Latin America & Caribbean ,Latin America and the Caribbean,341627.0,44.4380542363795,3.99543947053365,59.3654806943233,2035191450.0,5957.34953619006,9525.83089030578,1290816100.0,1262186618.5843,3694.63367527829,3778.4370087844345,63.4247996668815,,2.659797482589643,2013.0,2023.0,0.50974776898322,8.349,33.59999847
BLZ,Belize,2014,Latin America,Latin America & Caribbean ,Latin America and the Caribbean,348923.0,44.1850161758379,4.02797182755483,57.6530335616562,2138242200.0,6128.12053089077,9489.91221371385,1342707600.0,1302979986.5073,3734.2909080436,3848.148731955188,62.7949256637064,3.2319601018076627,2.659797482589643,2013.0,2023.0,1.20139964481058,8.244,38.70000076
BLZ,Belize,2015,Latin America,Latin America & Caribbean ,Latin America and the Caribbean,356333.0,43.931184585988,4.07610297109726,56.037974628114,2193095150.0,6154.62264230369,9538.38691146009,1346353050.0,1346353050.0,3778.35634083849,3778.3563408384853,61.3905443181524,3.328758994139558,2.659797482589643,2013.0,2023.0,-0.861584009427748,7.578,41.59000015
BLZ,Belize,2016,Latin America,Latin America & Caribbean ,Latin America and the Caribbean,364705.0,43.6765514309211,4.1311470914849,54.3992819917954,2239604950.0,6140.86713919469,9399.03567052789,1365590700.0,1358915959.27103,3726.06890300663,3744.3706557354576,60.9746241184187,0.9331066075892958,2.659797482589643,2013.0,2023.0,0.663427167917601,7.0,44.57569885
BLZ,Belize,2017,Latin America,Latin America & Caribbean ,Latin America and the Caribbean,373202.0,43.4211086747287,4.19438292718545,52.9365964003541,2266028250.0,6071.85451846453,9120.65338346029,1371840250.0,1351877607.29243,3622.37503360763,3675.8652150845924,60.5394151639548,-0.5179387239204747,2.659797482589643,2013.0,2023.0,1.14765339305816,6.596,48.8771019
BLZ,Belize,2018,Latin America,Latin America & Caribbean ,Latin America and the Caribbean,380226.0,43.164848281502,4.27416290027129,51.8971867784178,2285915050.0,6011.99036888587,9497.23480443418,1415663800.0,1383014984.54573,3637.34985126142,3723.216718477958,61.9298516801838,2.303268956104887,2.659797482589643,2013.0,2023.0,0.269982622646335,9.346,53.59360123
BLZ,Belize,2019,Latin America,Latin America & Caribbean ,Latin America and the Caribbean,385829.0,42.9077622153323,4.37513040120157,51.0387510716341,2381187850.0,6171.61449761423,10499.962073199,1475837700.0,1443142022.52331,3740.3669048291,3825.108273354258,61.9790538575107,4.347533370893264,2.659797482589643,2013.0,2023.0,0.187069385181424,9.053,58.76520157
BLZ,Belize,2020,Latin America,Latin America & Caribbean ,Latin America and the Caribbean,390812.0,42.649842440311,4.48553842453459,50.1056237949285,2047284600.0,5238.54078175696,9638.89513695889,1287451300.0,1272550088.35009,3256.1694327454,3294.298281526668,62.88580004949,-11.820869430088576,2.659797482589643,2013.0,2023.0,0.121434644614894,10.763,64.43589783
BLZ,Belize,2021,Latin America,Latin America & Caribbean ,Latin America and the Caribbean,395346.0,42.3910809205294,4.59849777347213,49.0639810873278,2428606250.0,6142.98930557031,11716.3267818656,1529561150.0,1473378080.82118,3726.8065968068,3868.917732821377,62.9810266691029,15.781539313039627,2.659797482589643,2013.0,2023.0,3.23563659237071,10.302,70.65370178
BLZ,Belize,2022,Latin America,Latin America & Caribbean ,Latin America and the Caribbean,402733.0,42.1373251262137,4.70833033299978,47.7523452432926,2846604350.0,7068.21728043145,13459.0765078205,1834760300.0,1624238524.41249,4033.04056139549,4555.773428052829,64.4543489157529,10.23908564645053,2.659797482589643,2013.0,2023.0,6.27689319447544,8.682,69.98329926
BLZ,Belize,2023,Latin America,Latin America & Caribbean ,Latin America and the Caribbean,411106.0,41.9459437504976,4.84133634796907,46.7004478384213,3052362650.0,7424.75821321022,13741.2085585188,1943535200.0,1641071878.62449,3991.84608987582,4727.576829333554,63.6731418529184,1.0363843708293352,2.659797482589643,2013.0,2023.0,4.38984017487675,8.278,70.18720245
BMU,Bermuda,2013,North America,North America,Northern America,63574.0,100.0,15.0290608508262,45.2621958185765,6465756000.0,101704.40746217,71519.6398526584,3135554000.0,,,49321.32632837324,48.4947777181818,,-0.22525551039652703,2014.0,2023.0,,,95.3
BMU,Bermuda,2014,North America,North America,Northern America,63529.0,100.0,15.5818602527979,45.5084745762712,6413988000.0,100961.576602811,71988.5383627822,3142675000.0,3210580963.34591,50537.2501274364,49468.35303562153,48.9972073536776,,-0.22525551039652703,2014.0,2023.0,,,96.8
BMU,Bermuda,2015,North America,North America,Northern America,63464.0,100.0,16.1068960898784,45.7970548370052,6654541000.0,104855.366822135,75943.4642970922,3237728000.0,3237728000.0,51016.7654103114,51016.76541031136,48.6544150828735,0.8455490443635583,-0.22525551039652703,2014.0,2023.0,,,98.3236096537251
BMU,Bermuda,2016,North America,North America,Northern America,63449.0,100.0,16.6457835882645,46.428653850592,6899911000.0,108747.356144305,80412.1834895484,3368443000.0,3459815980.37024,54529.0860434402,53088.98485397721,48.8186441825119,6.859377327874361,-0.22525551039652703,2014.0,2023.0,,,98.0
BMU,Bermuda,2017,North America,North America,Northern America,63578.0,100.0,17.16618039117,47.2496931236538,7142316000.0,112339.425587467,85680.9701917217,3512954000.0,3264228607.65873,51342.1090260582,55254.238887665546,49.1850822618322,-5.653114900364731,-0.22525551039652703,2014.0,2023.0,,,98.37
BMU,Bermuda,2018,North America,North America,Northern America,63831.0,100.0,17.6740141937303,48.0150264353956,7225977000.0,113204.82210838,85978.2177227009,3524565000.0,3139254707.3202,49180.7226476194,55217.13587441839,48.7763108019857,-3.82858908978706,-0.22525551039652703,2014.0,2023.0,,,
BMU,Bermuda,2019,North America,North America,Northern America,64107.0,100.0,18.2327982903583,48.9232699142797,7423465000.0,115798.040775578,90984.4576708318,3576303000.0,3087511057.00905,48161.8396900347,55786.46637652675,48.1756565161956,-1.6482781785910117,-0.22525551039652703,2014.0,2023.0,,,
BMU,Bermuda,2020,North America,North America,Northern America,64382.0,100.0,18.8228076170358,49.9499243041807,6887364000.0,106976.546239632,85146.4006275696,3288376000.0,2794300404.39519,43401.8887949301,51076.0150352583,47.7450589223976,-9.496667289603188,-0.22525551039652703,2014.0,2023.0,,,
BMU,Bermuda,2021,North America,North America,Northern America,64648.0,100.0,19.4445303799035,51.0067270858638,7290037000.0,112765.08167306,92319.6714861222,3430266000.0,2891139737.67894,44721.2556873986,53060.66699665883,47.0541644713189,3.4656020924389574,-0.22525551039652703,2014.0,2023.0,,,
BMU,Bermuda,2022,North America,North America,Northern America,64749.0,100.0,20.1417793462397,52.1358082706767,7767884000.0,119969.173269085,104909.257552793,3933389000.0,2999038180.5234,46317.9073116712,60748.25866036541,50.6365568795826,3.7320383182544825,-0.22525551039652703,2014.0,2023.0,,,
BMU,Bermuda,2023,North America,North America,Northern America,64698.0,100.0,20.9117747071007,53.3515050959943,8602360000.0,132961.760796315,113596.12110365,3916803000.0,3146076254.59575,48627.1021452866,60539.784846517665,45.5317261774676,4.902841018405724,-0.22525551039652703,2014.0,2023.0,,,
BOL,Bolivia,2013,Latin America,Latin America & Caribbean ,Latin America and the Caribbean,10682608.0,67.6697055519889,5.55753826956574,63.667311881399,30659338885.6729,2870.02377000756,8068.72017230447,18452846555.7164,20359194059.0984,1905.82618580579,1727.3728059399352,60.1867073015698,,2.7382116330380457,2013.0,2023.0,5.73640023719607,2.437,36.99
BOL,Bolivia,2014,Latin America,Latin America & Caribbean ,Latin America and the Caribbean,10848888.0,68.037425413,5.56754270264645,62.727121369388,32996188017.3661,3041.43503162408,8628.94266128246,20766959305.3546,21462687328.3548,1978.33062046126,1914.2016495473636,62.9374499091372,5.42012255521116,2.7382116330380457,2013.0,2023.0,5.76660074579144,2.021,34.6016202324676
BOL,Bolivia,2015,Latin America,Latin America & Caribbean ,Latin America and the Caribbean,11014705.0,68.3958051297665,5.57956840423779,61.8121001966183,33000198248.9146,2996.01289811344,8757.31777115049,22578642604.9204,22578642604.9204,2049.8635782729,2049.8635782728998,68.4197180714301,5.199513273863365,2.7382116330380457,2013.0,2023.0,4.05961041135645,3.111,37.4868176324391
BOL,Bolivia,2016,Latin America,Latin America & Caribbean ,Latin America and the Caribbean,11180020.0,68.7446327876947,5.60108593728302,60.9743711428497,33941126193.9219,3035.87347732132,9242.02728323222,23388629609.2619,23345741716.5996,2088.16636433563,2092.0024838293584,68.9094094156792,3.3974545108926835,2.7382116330380457,2013.0,2023.0,3.62321431764138,3.498,39.69749832
BOL,Bolivia,2017,Latin America,Latin America & Caribbean ,Latin America and the Caribbean,11344587.0,69.0838016274736,5.62693883757342,60.1913809522196,45927439594.7902,4048.40119739839,10420.3923250933,30737626787.2648,24450176526.6395,2155.22843860596,2709.453132781722,66.926497663396,4.730776273664539,2.7382116330380457,2013.0,2023.0,2.8227580554717,3.655,43.83229828
BOL,Bolivia,2018,Latin America,Latin America & Caribbean ,Latin America and the Caribbean,11508368.0,69.4133879813999,5.65831749558234,59.4399552784395,48414038842.2576,4206.8552936661,10758.4075594003,32005713024.602,25213847626.8213,2190.91426576047,2781.081820167899,66.1083309510345,3.123376632269914,2.7382116330380457,2013.0,2023.0,2.27205987230155,3.519,44.2861422024283
BOL,Bolivia,2019,Latin America,Latin America & Caribbean ,Latin America and the Caribbean,11671386.0,69.7334986708387,5.69637597867023,58.713758032825,49056643589.0014,4203.15492855788,11005.3541169156,32823029753.9797,25689479677.8934,2201.06503871035,2812.2649489940354,66.9084294249163,1.8863921846110632,2.7382116330380457,2013.0,2023.0,1.83954504969026,3.682,47.4748191121692
BOL,Bolivia,2020,Latin America,Latin America & Caribbean ,Latin America and the Caribbean,11816299.0,70.0442635528254,5.65359738892874,57.9125889872922,42313784081.042,3580.96761778303,9580.98962081658,28730181664.2547,22779607693.9228,1927.81239658228,2431.4027314520986,67.8979256717596,-11.327095840226908,2.7382116330380457,2013.0,2023.0,0.940742153381849,7.903,59.94010155
BOL,Bolivia,2021,Latin America,Latin America & Caribbean ,Latin America and the Caribbean,11937360.0,70.3450412826165,5.5207644538141,57.0117014045263,47877892402.3155,4010.76053686204,11202.4409836707,31498172489.1462,24555622486.7647,2057.03962071721,2638.62131067055,65.7885527300756,7.796511760453684,2.7382116330380457,2013.0,2023.0,0.737383721452275,5.089,65.9773785
BOL,Bolivia,2022,Latin America,Latin America & Caribbean ,Latin America and the Caribbean,12077154.0,70.6352598708131,5.47908058471391,56.1953486531378,50959081953.6903,4219.46113742445,12304.7789380156,34404028654.1245,25998549283.8222,2152.70495712999,2848.6867563437954,67.5130464190653,5.876156460033655,2.7382116330380457,2013.0,2023.0,1.74632872945969,3.552,72.62270355
BOL,Bolivia,2023,Latin America,Latin America & Caribbean ,Latin America and the Caribbean,12244159.0,70.9151414044538,5.55046673477261,55.5037371721243,52340206946.4544,4274.70820547613,12902.7509503368,36097007727.9305,26673536407.6905,2178.47027367829,2948.1002107152067,68.9661157909804,2.5962491849047753,2.7382116330380457,2013.0,2023.0,2.57688800489192,3.024,77.30039978
BRA,Brazil,2013,Latin America,Latin America & Caribbean ,Latin America and the Caribbean,198478299.0,85.1676585442726,7.37028483055902,44.1751173479507,2472819535557.21,12458.8912138813,15722.3335242901,1526106760481.59,1164879294439.08,5869.0511774241,7689.035870272095,61.7152500834523,,0.7423196055250214,2013.0,2023.0,6.20431066640101,7.071,51.04
BRA,Brazil,2014,Latin America,Latin America & Caribbean ,Latin America and the Caribbean,200085127.0,85.4331367898168,7.65357587023447,43.8183703322034,2456043727198.85,12274.9939689363,15827.3081625514,1546314587080.4,1191092797852.82,5952.93021381255,7728.283507451306,62.9595707094347,2.250319285343849,0.7423196055250214,2013.0,2023.0,6.32904015516139,6.755,54.5510018796392
BRA,Brazil,2015,Latin America,Latin America & Caribbean ,Latin America and the Caribbean,201675532.0,85.6935697061881,7.95680732355772,43.5935934449924,1802212206814.5,8936.19661712113,14821.4383174534,1152781384584.59,1152781384584.59,5716.0200503876,5716.02005038762,63.964797276686,-3.2164927314894287,0.7423196055250214,2013.0,2023.0,9.02990102416136,8.538,58.3279517340924
BRA,Brazil,2016,Latin America,Latin America & Caribbean ,Latin America and the Caribbean,203218114.0,85.9487048448108,8.26857395268557,43.4398109123601,1795693482853.01,8836.28652735657,14309.2061489274,1153759631662.93,1108546865317.95,5454.96089643837,5677.444834779491,64.2514795915964,-3.837199304062344,0.7423196055250214,2013.0,2023.0,8.73914352329393,11.58,60.8725400681261
BRA,Brazil,2017,Latin America,Latin America & Caribbean ,Latin America and the Caribbean,204703445.0,86.1982897571091,8.5916529152697,43.3713300884192,2063514977365.65,10080.5092819305,14559.0488897004,1330849670848.65,1130473501019.09,5522.49377639489,6501.354536796633,64.4943063387721,1.9779619957565941,0.7423196055250214,2013.0,2023.0,3.44637335032669,12.792,67.4712845236305
BRA,Brazil,2018,Latin America,Latin America & Caribbean ,Latin America and the Caribbean,206107261.0,86.4420719945072,8.92785021515533,43.4316522323209,1916933898010.99,9300.66164923219,15463.7426393889,1238647444664.15,1157219399921.17,5614.6464433447,6009.722503974034,64.6160749700015,2.3659023301270787,0.7423196055250214,2013.0,2023.0,3.66485028376729,12.329,70.4342825404361
BRA,Brazil,2019,Latin America,Latin America & Caribbean ,Latin America and the Caribbean,207455459.0,86.6797991084296,9.27307434876159,43.5397483001089,1873288205059.69,9029.83326681073,16069.8380152627,1220335756226.88,1187253197690.54,5722.93061562937,5882.398863395925,65.1440473991559,2.59534171060527,0.7423196055250214,2013.0,2023.0,3.73297621216894,11.936,73.9124399133589
BRA,Brazil,2020,Latin America,Latin America & Caribbean ,Latin America and the Caribbean,208660842.0,86.9112186503004,9.59866487647293,43.586067027448,1476107231310.49,7074.19378337644,16101.6183063466,932073163492.48,1133064678707.45,5430.17399837507,4466.928986572766,63.144000904662,-4.564192296007141,0.7423196055250214,2013.0,2023.0,3.21176803803376,13.697,81.34269353
BRA,Brazil,2021,Latin America,Latin America & Caribbean ,Latin America and the Caribbean,209550294.0,87.1360781715439,9.91109990998152,43.6404698393342,1670647398904.9,7972.5366498646,18075.7060049068,1025242839640.58,1166576483173.24,5567.04770442001,4892.586023480263,61.3679966408605,2.957625023138033,0.7423196055250214,2013.0,2023.0,8.30165975585673,13.158,80.68989314
BRA,Brazil,2022,Latin America,Latin America & Caribbean ,Latin America and the Caribbean,210306415.0,87.349556243881,10.251784783293,43.7902629940777,1951923942083.32,9281.33334441234,19873.7032623309,1230963321514.26,1214935987487.17,5776.98016243189,5853.189602011237,63.0641028051756,4.145420811362999,0.7423196055250214,2013.0,2023.0,9.28010608956873,9.231,80.52775094
BRA,Brazil,2023,Latin America,Latin America & Caribbean ,Latin America and the Caribbean,211140729.0,87.6159710235763,10.6336314676644,44.0290947589819,2191131765684.63,10377.5892792557,21193.0721417478,1378754834473.95,1254297015991.6,5940.57348353476,6530.027820799794,62.924323222668,3.2397615108792577,0.7423196055250214,2013.0,2023.0,4.59356282283204,7.947,84.15060238
BRB,Barbados,2013,Latin America,Latin America & Caribbean ,Latin America and the Caribbean,277665.0,59.2385370835674,12.3690418309834,47.1514727548306,5660059700.0,20384.4910233555,19008.4857500321,,,,,,,,,,1.81410436049096,11.55,71.80000305
BRB,Barbados,2014,Latin America,Latin America & Caribbean ,Latin America and the Caribbean,278348.0,59.2410313429534,12.6331067584463,47.2307000608289,5684901000.0,20423.7177921163,18807.6302608779,,,,,,,,,,1.76950322089729,12.17,71.92459869
BRB,Barbados,2015,Latin America,Latin America & Caribbean ,Latin America and the Caribbean,278990.0,59.2450700899645,12.9216100935517,47.2880085313962,5699619150.0,20429.4747123553,19190.4652295469,,,,,,,,,,-1.11278992510958,9.803,72.04940033
BRB,Barbados,2016,Latin America,Latin America & Caribbean ,Latin America and the Caribbean,279598.0,59.2510255301153,13.2030865798156,47.3018181051877,5679029450.0,20311.4094163764,19190.5381580991,,,,,,,,,,1.28192813061895,8.247,71.57299805
BRB,Barbados,2017,Latin America,Latin America & Caribbean ,Latin America and the Caribbean,280171.0,59.25926986892,13.5158528184573,47.4374694122414,5847381600.0,20870.7596432179,18969.5916506588,,,,,,,,,,4.66018463955995,8.62,71.14849854
BRB,Barbados,2018,Latin America,Latin America & Caribbean ,Latin America and the Caribbean,280711.0,59.270175311893,13.8812050137063,47.7558518393751,6001101550.0,21378.2201267496,19774.263591082,,,,,,,,,,3.1060057242059,8.321,70.72650146
BRB,Barbados,2019,Latin America,Latin America & Caribbean ,Latin America and the Caribbean,281207.0,59.2841140645486,14.2956713458923,48.226277449213,6166710800.0,21929.435611489,19986.8728665755,,,,,,,,,,1.67662473276988,8.41,70.30709839
BRB,Barbados,2020,Latin America,Latin America & Caribbean ,Latin America and the Caribbean,281698.0,59.3014583324011,14.7709603902051,48.8811373606046,5403246950.0,19180.9915228365,16543.717996277,,,,,,,,,,,10.586,69.89009857
BRB,Barbados,2021,Latin America,Latin America & Caribbean ,Latin America and the Caribbean,282147.0,59.3220365433819,15.2621067424193,49.6166083359847,5948900600.0,21084.4013935998,17686.7469386289,,,,,,,,,,,11.015,69.4756012
BRB,Barbados,2022,Latin America,Latin America & Caribbean ,Latin America and the Caribbean,282318.0,59.3538514107686,15.6987864748263,50.2051022851214,6886644900.0,24393.2193483944,21952.2087434223,,,,,,,,,,,7.261,69.06359863
BRB,Barbados,2023,Latin America,Latin America & Caribbean ,Latin America and the Caribbean,282336.0,59.4235740235775,16.093413521478,50.5580529737051,7223248150.0,25583.8722302505,23176.0027148492,,,,,,,,,,3.18718905472632,6.54,69.67510223
BRN,Brunei Darussalam,2013,South & Southeast Asia,East Asia & Pacific,South-eastern Asia,411202.0,75.1756915148608,3.751440897661,39.3225002032906,18094148098.6536,44003.0644273461,83237.1470879654,2761642180.17433,2524907669.77232,6140.30979852315,6716.0232201553745,15.2626261546949,,5.762981882445772,2013.0,2023.0,0.389205053123632,6.709,64.5
BRN,Brunei Darussalam,2014,South & Southeast Asia,East Asia & Pacific,South-eastern Asia,416750.0,75.0572639801502,3.94036719811974,38.843209243132,17097797386.0336,41026.5084247957,81225.5485449793,2651680767.77371,2431222962.21464,5833.76835564402,6362.761290398824,15.5089027428746,-3.710421124671359,5.762981882445772,2013.0,2023.0,-0.207108731719822,6.862,68.76999664
BRN,Brunei Darussalam,2015,South & Southeast Asia,East Asia & Pacific,South-eastern Asia,422212.0,74.9484620568562,4.15680292933755,38.3778628456063,12930296870.1247,30625.1287744656,62707.8264437741,2558336285.03954,2558336285.03954,6059.36421759576,6059.3642175957575,19.7855958817972,5.22836962304396,5.762981882445772,2013.0,2023.0,-0.488347420743522,7.703,71.19999695
BRN,Brunei Darussalam,2016,South & Southeast Asia,East Asia & Pacific,South-eastern Asia,427564.0,74.8816070556641,4.40308351498255,38.0062295240708,11400266044.6651,26663.2972950602,56679.5185221407,2411198706.76955,2524634591.17764,5904.6940134755,5639.386633976551,21.1503722573027,-1.317328533351081,5.762981882445772,2013.0,2023.0,-0.278693265753083,8.537,90.0
BRN,Brunei Darussalam,2017,South & Southeast Asia,East Asia & Pacific,South-eastern Asia,432772.0,74.8476440654983,4.67856053533962,37.7404970830031,12128168045.1245,28024.3824580252,61657.6802725444,2483314179.03368,2643882237.39347,6109.18044003187,5738.15815032784,20.4755917777044,4.723362605920944,5.762981882445772,2013.0,2023.0,-1.2605056462896,9.316,94.86669922
BRN,Brunei Darussalam,2018,South & Southeast Asia,East Asia & Pacific,South-eastern Asia,437810.0,74.8172471714305,4.97590847160694,37.5528221562436,13566908391.0895,30988.1190267227,65148.8264035521,2649961339.41326,2701454039.67724,6170.37993576493,6052.765673267536,19.5325365442411,2.1775479054819247,5.762981882445772,2013.0,2023.0,1.02505179290212,8.7,95.0
BRN,Brunei Darussalam,2019,South & Southeast Asia,East Asia & Pacific,South-eastern Asia,442680.0,74.7923311783673,5.28835727839523,37.4287523749208,13469235364.7032,30426.5730656528,69353.6799514849,2757562532.11544,2865024110.9235,6471.99808196326,6229.245803098039,20.4730443670305,6.054890027512849,5.762981882445772,2013.0,2023.0,-0.390522069165529,6.6,95.0
BRN,Brunei Darussalam,2020,South & Southeast Asia,East Asia & Pacific,South-eastern Asia,447404.0,74.7748108912151,5.61350101195006,37.387149472443,12005799653.9835,26834.3592233943,69787.9632795717,2855170931.71501,3482034837.97126,7782.75303298866,6381.63926052295,23.781597344644,21.535969791502918,5.762981882445772,2013.0,2023.0,1.94031996607184,7.409,96.30549622
BRN,Brunei Darussalam,2021,South & Southeast Asia,East Asia & Pacific,South-eastern Asia,451721.0,74.7667316936175,5.92302098310792,37.4799511828422,14006496617.4458,31006.9636289785,78248.797127611,3480874485.69623,3675319065.89248,8136.25903133234,7705.8062071416425,24.8518568259291,5.550898739250787,5.762981882445772,2013.0,2023.0,1.73341388450593,4.905,97.62879944
BRN,Brunei Darussalam,2022,South & Southeast Asia,East Asia & Pacific,South-eastern Asia,455370.0,74.7772642014221,6.20177679884138,37.7100640209512,16681536466.7183,36632.9280952155,81788.7819525501,3879335888.88986,3981508666.98714,8743.45843377284,8519.085334760437,23.2552672628784,8.33096652576768,5.762981882445772,2013.0,2023.0,3.68225030604216,5.191,98.97042579
BRN,Brunei Darussalam,2023,South & Southeast Asia,East Asia & Pacific,South-eastern Asia,458949.0,74.8199193881365,6.51107912979343,37.998646921747,15095084656.1634,32890.5491812019,85102.6867427911,4165446659.91601,4421629710.2046,9634.25066882072,9076.055639986163,27.5947220886584,11.054127468483088,5.762981882445772,2013.0,2023.0,0.35706431153689,5.296,98.97039795
BTN,Bhutan,2013,South & Southeast Asia,South Asia,Southern Asia,725273.0,35.5740003158589,5.41099696252308,49.8361719182554,1943696951.65411,2679.95217201538,8666.91063590069,734857075.375383,765907863.059769,1056.02698991934,1013.2144383913134,37.8071836121372,,5.247781507180838,2013.0,2023.0,8.77638345268213,2.87,22.39999962
BTN,Bhutan,2014,South & Southeast Asia,South Asia,Southern Asia,733139.0,36.1326606084122,5.51675363283522,49.111096196049,2089079570.58285,2849.49998647303,9323.39448941386,938348163.808088,984563299.899912,1342.94219772773,1279.904852706087,44.9168225577109,28.548530102122704,5.247781507180838,2013.0,2023.0,8.27106093949328,2.63,30.29999924
BTN,Bhutan,2015,South & Southeast Asia,South Asia,Southern Asia,740618.0,36.6983375690037,5.63326843257928,48.341365124002,2187815803.36833,2954.04081911097,10213.8139608922,1115829744.7697,1115829744.7697,1506.61980234034,1506.6198023403429,51.0019967426775,13.332453574405246,5.247781507180838,2013.0,2023.0,4.54814395082205,2.45,39.79999924
BTN,Bhutan,2016,South & Southeast Asia,South Asia,Southern Asia,747866.0,37.2745234641407,5.76252965103374,47.5487362412969,2357504760.78592,3152.30905106786,11273.2823807676,1122982608.92095,1069783256.8497,1430.44777653979,1501.5826483901526,47.634372901397,-4.1266589402045195,5.247781507180838,2013.0,2023.0,3.21988689395718,2.707,46.50320053
BTN,Bhutan,2017,South & Southeast Asia,South Asia,Southern Asia,754335.0,37.8645544995016,5.83666795035889,46.3188256242944,2591358009.20276,3435.28804735662,11677.4142659974,1232001884.04552,1066503974.19576,1413.83334220971,1633.229114445863,47.5427123411846,-0.3065371076751422,5.247781507180838,2013.0,2023.0,4.95508366985129,3.027,54.33549881
BTN,Bhutan,2018,South & Southeast Asia,South Asia,Southern Asia,759759.0,38.4661892776975,5.86666298128749,44.6530941741602,2583335721.85904,3400.20417245342,11969.5615003305,1261955343.21097,1150810953.10649,1514.70525930788,1660.9942668806423,48.8498390872259,7.9049849743227485,5.247781507180838,2013.0,2023.0,2.72396386183713,3.35,63.48680115
BTN,Bhutan,2019,South & Southeast Asia,South Asia,Southern Asia,764824.0,39.0746823405146,5.92796512661737,43.0441182246478,2735683570.46155,3576.87987100503,12909.1009840399,1313275972.35009,1128779496.65435,1475.86829996751,1717.0956616817596,48.0054048110733,-1.914428811497515,5.247781507180838,2013.0,2023.0,2.72643037388832,2.72,74.17939758
BTN,Bhutan,2020,South & Southeast Asia,South Asia,Southern Asia,770006.0,39.6888839873439,6.01800505450607,41.6259265390204,2457604333.90927,3191.66906999331,12475.048003428,1334802408.49451,1164205036.14201,1511.94281101966,1733.4961136595168,54.3131532638234,3.13839324621501,5.247781507180838,2013.0,2023.0,5.62936522632508,5.03,76.85079956
BTN,Bhutan,2021,South & Southeast Asia,South Asia,Southern Asia,775442.0,40.3075199874379,6.12663882446322,40.4434390615407,2768802960.11204,3570.61257980872,13458.812666743,1443214889.98899,1136155567.63247,1465.17156361465,1861.1513046610708,52.1241457330209,-2.409323756448567,5.247781507180838,2013.0,2023.0,7.3468144053353,4.803,85.63688389
BTN,Bhutan,2022,South & Southeast Asia,South Asia,Southern Asia,780914.0,40.9365143617581,6.24575417667363,39.4402135580812,2898227743.75576,3711.32767981591,15061.4232582306,1674519939.3251,1191432559.08613,1525.68984431849,2144.3077462116185,57.7773759475201,4.8652660804934245,5.247781507180838,2013.0,2023.0,5.6391667139637,5.947,88.35620117
BTN,Bhutan,2023,South & Southeast Asia,South Asia,Southern Asia,786385.0,41.7352457989939,6.36869980988956,38.5621629050646,3012896789.79753,3831.32535564326,16228.5169143762,1788433835.66703,1277338582.19843,1624.31707395032,2274.2471380647266,59.3592798041788,7.210313538702784,5.247781507180838,2013.0,2023.0,4.22934419929251,3.126,90.02140045
BWA,Botswana,2013,Africa,Sub-Saharan Africa ,Sub-Saharan Africa,2140682.0,64.7579735458393,3.43325084406492,60.7392551132963,14271738933.2042,6666.91219583487,13621.1494726695,6646127770.41968,5887601458.82306,2750.3391250186,3104.677747755005,46.5684511293645,,3.1539157721907074,2013.0,2023.0,5.88460707056817,18.167,30.0
BWA,Botswana,2014,Africa,Sub-Saharan Africa ,Sub-Saharan Africa,2172044.0,65.0965122400825,3.48531153144227,61.0233976005616,15470088500.7414,7122.36423421503,15003.3197518349,6545393575.34907,6009656163.08711,2766.82063673071,3013.4719072675643,42.3099943806747,2.073080270763583,3.1539157721907074,2013.0,2023.0,4.40225309243427,18.484,36.74474744423
BWA,Botswana,2015,Africa,Sub-Saharan Africa ,Sub-Saharan Africa,2203273.0,65.4103584313295,3.56111112876162,61.060087047929,13530748844.505,6141.20394726616,14143.6940733728,6223841000.1706,6223841000.1706,2824.81608051776,2824.8160805177567,45.9977571950735,3.564011505334874,3.1539157721907074,2013.0,2023.0,3.06203169580558,18.915,38.89379883
BWA,Botswana,2016,Africa,Sub-Saharan Africa ,Sub-Saharan Africa,2234776.0,65.6949296854899,3.63969445700474,60.8365779757749,15082637184.0496,6749.05994339013,16228.1231235664,6138416267.336,6383850087.57512,2856.59506258127,2746.7702657161167,40.6985608181809,2.5709057702491878,3.1539157721907074,2013.0,2023.0,2.81495791361944,19.328,41.16859818
BWA,Botswana,2017,Africa,Sub-Saharan Africa ,Sub-Saharan Africa,2266747.0,65.9456435684731,3.71468452368085,60.3922725741764,16105155856.7708,7104.96401088027,15700.6650479641,6770932001.67733,6475611227.74195,2856.78605849791,2987.0700178173083,42.0420147553601,1.4373949718121448,3.1539157721907074,2013.0,2023.0,3.30828076768219,19.671,43.57640076
BWA,Botswana,2018,Africa,Sub-Saharan Africa ,Sub-Saharan Africa,2299141.0,66.1579176461888,3.78395670382982,59.77944968053,17031943186.1353,7407.95940141786,15785.819633781,7403305831.63194,6823031414.36925,2967.64374797772,3220.031234113932,43.4671825212437,5.365056276679003,3.1539157721907074,2013.0,2023.0,3.23801558947715,19.665,46.12509918
BWA,Botswana,2019,Africa,Sub-Saharan Africa ,Sub-Saharan Africa,2332083.0,66.3271694845464,3.84555352446718,59.0212359437936,16725908148.5481,7172.08956480028,15960.0156143903,7401705497.10219,7037479959.37204,3017.67988505214,3173.860234435134,44.2529364107783,3.1430097852277683,3.1539157721907074,2013.0,2023.0,2.77286442863321,20.094,48.82279968
BWA,Botswana,2020,Africa,Sub-Saharan Africa ,Sub-Saharan Africa,2365894.0,66.4488166494554,3.89045407158014,58.1395379926207,14960251607.8135,6323.2974967659,15292.2624673252,7262241509.91224,7201815995.54753,3044.01464966204,3069.55489549077,48.5435786796481,2.33515458835003,3.1539157721907074,2013.0,2023.0,1.8903591682421,21.017,51.67819977
BWA,Botswana,2021,Africa,Sub-Saharan Africa ,Sub-Saharan Africa,2401441.0,66.5182767068255,3.86903194145347,57.3675236302824,18750182236.2211,7807.88794570471,17960.6254447437,8119771001.99166,7381865873.56723,3073.9318074303,3381.2077839895546,43.3050244509417,2.5000621805807643,3.1539157721907074,2013.0,2023.0,7.24097765588442,23.106,54.70069885
BWA,Botswana,2022,Africa,Sub-Saharan Africa ,Sub-Saharan Africa,2439892.0,66.5889787170477,3.88015204774475,56.9942392169505,20321150599.1523,8328.7090572666,19973.6684436048,8246335063.16858,7607373570.45739,3117.91405949829,3379.7951151807456,40.5800597900818,3.054887487154856,3.1539157721907074,2013.0,2023.0,11.665567478802,23.615,57.9
BWA,Botswana,2023,Africa,Sub-Saharan Africa ,Sub-Saharan Africa,2480244.0,67.0212655349864,3.96966911931465,56.8649822627192,19413614554.6944,7827.30027960734,21029.4218686605,8238651404.56841,8031480157.39785,3238.18146819339,3321.7100432733273,42.4374934474848,5.5749409834090935,3.1539157721907074,2013.0,2023.0,5.0676154934383,23.381,
CAF,Central African Republic,2013,Africa,Sub-Saharan Africa ,Sub-Saharan Africa,4642419.0,39.3042963482777,1.89541271479373,97.9595630955148,1691544110.18543,364.36696260838,709.853481245446,1413773094.91533,1338899140.87377,288.405493100422,304.53371290168553,83.5788488400903,,6.02809311349517,2013.0,2023.0,6.98879341970198,5.566,2.5
CAF,Central African Republic,2014,Africa,Sub-Saharan Africa ,Sub-Saharan Africa,4623182.0,39.6226521868738,1.90700906864579,101.4546167589,1894813389.40325,409.8504859647,698.963738923072,1557949529.57964,1372274260.13278,296.824624281021,336.98641532598975,82.2217923037951,2.492728409492395,6.02809311349517,2013.0,2023.0,14.898684179755,5.633,2.700000048
CAF,Central African Republic,2015,Africa,Sub-Saharan Africa ,Sub-Saharan Africa,4629320.0,39.9824421267351,1.95385046250308,103.91701516784,1695825714.19282,366.322853938121,768.870887999174,1397827551.10505,1397827551.10505,301.950945517928,301.95094551792704,82.4275477961125,1.8621125320675613,6.02809311349517,2013.0,2023.0,1.40297017136816,5.775,2.900000095
CAF,Central African Republic,2016,Africa,Sub-Saharan Africa ,Sub-Saharan Africa,4713663.0,40.3808711749566,2.03200758815304,104.212210458458,1825018144.65595,387.176203444318,826.013301383169,1533296305.33454,1522136387.28638,322.920070290638,325.2876383684069,84.0154006043369,8.89300229367047,6.02809311349517,2013.0,2023.0,4.94543276106518,5.793,3.099999905
CAF,Central African Republic,2017,Africa,Sub-Saharan Africa ,Sub-Saharan Africa,4793511.0,40.8151443386334,2.09752330781376,104.593668985404,2072349972.6818,432.324025684263,883.810734876066,1719132688.97675,1532469538.61442,319.696677156768,358.6374765754684,82.9557126758878,0.678858439647545,6.02809311349517,2013.0,2023.0,4.18072331871267,5.836,4.0
CAF,Central African Republic,2018,Africa,Sub-Saharan Africa ,Sub-Saharan Africa,4878657.0,41.2824666248606,2.16203967608299,104.958245074818,2220979146.11241,455.243962859534,905.817788941094,2081060347.1343,2296241407.7546,470.670803000621,426.5641850071239,93.7001299979329,49.83928553847428,6.02809311349517,2013.0,2023.0,1.61215686991555,5.825,5.099999905
CAF,Central African Republic,2019,Africa,Sub-Saharan Africa ,Sub-Saharan Africa,4944703.0,41.7800430407332,2.18855387385715,104.954476234215,2221301351.43918,449.228467602439,984.843183678857,2134422257.22424,2427677665.92456,490.965314989506,431.6583336196815,96.0888199992021,5.723973869911436,6.02809311349517,2013.0,2023.0,2.68537355266787,5.916,7.509200096
CAF,Central African Republic,2020,Africa,Sub-Saharan Africa ,Sub-Saharan Africa,5026628.0,42.3050785933463,2.20062015722865,104.549331492918,2326720900.38047,462.879071294011,1066.29005423151,2121975510.67976,2324718382.99679,462.480689439679,422.1469165173472,91.2002600025113,-4.241060680045383,6.02809311349517,2013.0,2023.0,1.71015659523153,6.519,
CAF,Central African Republic,2021,Africa,Sub-Saharan Africa ,Sub-Saharan Africa,5112100.0,42.8547782897949,2.22176796228556,105.023375496256,2516498412.46384,492.263142830507,1128.55237996459,2336326940.43481,2390077937.17229,467.533486663464,457.0190216221925,92.8403899983936,2.8115041655602635,6.02809311349517,2013.0,2023.0,4.25936417542868,6.701,
CAF,Central African Republic,2022,Africa,Sub-Saharan Africa ,Sub-Saharan Africa,5098039.0,43.2751967457285,2.14369661121692,105.587559345916,2382618615.01694,467.359825026238,1217.6567661451,2319836614.45291,2519142347.67541,494.139481411463,455.04489362535475,97.3649999975518,5.400008447248239,6.02809311349517,2013.0,2023.0,5.58316735183247,6.287,13.75360012
CAF,Central African Republic,2023,Africa,Sub-Saharan Africa ,Sub-Saharan Africa,5152421.0,43.6983692134165,2.09527735556521,105.177562449203,2555492085.94725,495.978897288721,1258.13048389217,2488154869.41114,2404126806.66887,466.601391204032,482.9098533313058,97.3649999972063,-4.565662639615131,6.02809311349517,2013.0,2023.0,2.97913852618937,6.181,13.8416996
CAN,Canada,2013,North America,North America,Northern America,35080992.0,81.183439957458,15.2286887935879,45.9856719197967,1846583831414.43,52637.7313222622,44300.7302100096,1033371895322.15,857290073747.201,24437.4524456777,29456.74669981254,55.9612771292716,,2.2868221615249595,2013.0,2023.0,0.938291897815317,7.143,85.80000305
CAN,Canada,2014,North America,North America,Northern America,35434066.0,81.211183161556,15.6232441846315,46.7656650331144,1805751688808.98,50960.8942086685,45758.1466048816,1007541877572.65,879391982467.044,24817.6989473081,28434.272193675148,55.7962583569394,2.578113219395606,2.2868221615249595,2013.0,2023.0,1.90663590717861,7.023,87.12000275
CAN,Canada,2015,North America,North America,Northern America,35704498.0,81.2465670276699,16.0101997556659,47.58596316024,1556510380200.23,43594.2379080706,44668.1361640155,899801700032.213,899801700032.213,25201.354183224,25201.354183224,57.8089109766464,2.320889656954983,2.2868221615249595,2013.0,2023.0,1.12524136094277,6.945,90.0
CAN,Canada,2016,North America,North America,Northern America,36110803.0,81.3023011093703,16.3881021891164,48.3895082605836,1527996250640.92,42314.1033623905,46470.6925239685,893637182491.538,918736050687.758,25442.1384838149,24747.086972603127,58.4842523086493,2.1042803825406464,2.2868221615249595,2013.0,2023.0,1.42875954701085,7.038,91.16000366
CAN,Canada,2017,North America,North America,Northern America,36545075.0,81.4018945832226,16.7582136912329,49.0981143135691,1649269496514.62,45129.7335281051,48317.500303004,956182082022.399,952541499042.843,26064.8390800359,26164.45805686263,57.9760969352242,3.6795604493563117,2.2868221615249595,2013.0,2023.0,1.59688412852977,6.426,92.70140076
CAN,Canada,2018,North America,North America,Northern America,37072620.0,81.5500341646653,17.1296813071885,49.733479510056,1725330736237.69,46539.2177903178,49982.6446255492,998740190327.769,977705047357.785,26372.69897185,26940.10270457737,57.8868833291437,2.6417272465532937,2.2868221615249595,2013.0,2023.0,2.26822567248103,5.837,94.64
CAN,Canada,2019,North America,North America,Northern America,37618495.0,81.7363672047941,17.5318595224519,50.4105729188803,1743728952156.85,46352.9695208927,50499.0822425462,1007080708725.47,993191120034.175,26401.670774819,26770.89311322715,57.7544295218468,1.5839207047402049,2.2868221615249595,2013.0,2023.0,1.94926902411593,5.69,91.91290283
CAN,Canada,2020,North America,North America,Northern America,38028638.0,81.9509888710566,17.9854084818723,51.1983504754589,1655686966881.99,43537.8981198851,48590.748859725,940822790821.974,931042861104.243,24482.6770052675,24739.849763275088,56.8237118272268,-6.257431996350659,2.2868221615249595,2013.0,2023.0,0.716999632307827,9.657,92.3
CAN,Canada,2021,North America,North America,Northern America,38239864.0,82.1779279079275,18.4822592321013,52.0342485398259,2022377950896.78,52886.6407813788,56995.0952020711,1095418535639.55,984589516162.63,25747.725362272,28645.984087170134,54.1648772997062,5.7512556398186865,2.2868221615249595,2013.0,2023.0,3.39519318527528,7.527,93.93710327
CAN,Canada,2022,North America,North America,Northern America,38950132.0,82.3500897353968,18.9407471303288,52.6453187327307,2200562785046.32,56496.9275340663,64217.0443455227,1192494568894.2,1050999817118.42,26983.2157980471,30615.931388735728,54.1904360556157,6.744973399129783,2.2868221615249595,2013.0,2023.0,6.80280115341613,5.279,94.0
CAN,Canada,2023,North America,North America,Northern America,40049088.0,82.5250564408346,19.3581192161771,53.0518429925194,2196593836347.42,54847.5370112652,64962.1919440095,1220073677750.06,1074792574057.88,26836.8801321487,30464.455963393226,55.5438906165214,2.2638212254588064,2.2868221615249595,2013.0,2023.0,3.87900159788426,5.415,94.14530182
CHE,Switzerland,2013,Europe,Europe & Central Asia,Western Europe,8089346.0,74.1121384785551,17.5205488628266,47.9964075495613,718748402259.576,88851.2374497983,62748.9298592904,376843439476.282,357058838354.935,44139.3949962006,46585.15527414478,52.4305081293502,,1.2027508387122632,2013.0,2023.0,-0.217323155115673,4.747,86.34
CHE,Switzerland,2014,Europe,Europe & Central Asia,Western Europe,8188649.0,74.7402679059582,17.7142281195699,48.352481328327,741168119616.628,90511.6484558843,64694.0744212256,384156888805.093,360283853537.956,43997.9602908802,46913.34172524589,51.8312753392306,0.9032167353368203,1.2027508387122632,2013.0,2023.0,-0.0132025387515946,4.826,83.6172512621702
CHE,Switzerland,2015,Europe,Europe & Central Asia,Western Europe,8282396.0,75.6044960143169,17.8893566752222,48.6938829442498,706199008878.656,85265.06205193,66418.7989292294,368833743622.252,368833743622.252,44532.2517327415,44532.25173274159,52.228017737933,2.3730983224301783,1.2027508387122632,2013.0,2023.0,-1.14390867228178,4.801,87.4790555978675
CHE,Switzerland,2016,Europe,Europe & Central Asia,Western Europe,8373338.0,76.6726675773771,18.0385893516831,49.0641186682788,698607778794.566,83432.4111596314,68399.5779033573,364239599997.99,373689757817.174,44628.5290068518,43499.92798546888,52.1379250352005,1.316586206899606,1.2027508387122632,2013.0,2023.0,-0.434618664285815,4.918,89.1346877351392
CHE,Switzerland,2017,Europe,Europe & Central Asia,Western Europe,8451840.0,77.9126273688843,18.2004755827912,49.5416264215968,706660443624.485,83610.248611484,69317.5993921633,372482136709.461,379129743214.024,44857.6574111701,44071.12968412334,52.7102005029442,1.45574912960591,1.2027508387122632,2013.0,2023.0,0.533787839825876,4.797,89.6861476710225
CHE,Switzerland,2018,Europe,Europe & Central Asia,Western Europe,8514329.0,79.2922201625844,18.3875840156537,50.0937300468879,740766531453.991,87002.3382293532,72169.4717767024,379625855504.235,379441278241.938,44565.0242364299,44586.70266373721,51.2477061779638,0.08217108614929636,1.2027508387122632,2013.0,2023.0,0.936335464113572,4.713,91.80000305
CHE,Switzerland,2019,Europe,Europe & Central Asia,Western Europe,8575280.0,80.7792907322229,18.582145616847,50.6327775355631,736384764156.877,85872.9702303454,75267.0079269626,377352973258.534,384817898626.645,44875.2575573794,44004.74074998531,51.2439952082095,1.4169835210387394,1.2027508387122632,2013.0,2023.0,0.362886179940674,4.394,93.1460869535177
CHE,Switzerland,2020,Europe,Europe & Central Asia,Western Europe,8638167.0,82.3416838515457,18.75153888659,51.065235905893,756096180222.082,87529.7016394892,74384.6631232325,382910730066.305,370346128457.655,42873.2309131851,44327.775796219845,50.6431245233689,-3.760680108861225,1.2027508387122632,2013.0,2023.0,-0.725874933313403,4.817,94.34999847
CHE,Switzerland,2021,Europe,Europe & Central Asia,Western Europe,8704546.0,84.2006477608879,18.9280297681521,51.5313032476218,840710023481.35,96582.8687080693,83524.9832880195,403202051768.397,378399587853.565,43471.4903974963,46320.85944153744,47.9597055473124,2.174576369800185,1.2027508387122632,2013.0,2023.0,0.581814168489856,5.013,95.56937154
CHE,Switzerland,2022,Europe,Europe & Central Asia,Western Europe,8777088.0,84.9206266284521,19.2186649457438,52.1817146235677,858479038993.75,97809.095567203,94629.7224204886,414061851686.029,396823151598.651,45211.2536183585,47175.310500023355,48.2320281426281,4.868811789566663,1.2027508387122632,2013.0,2023.0,2.83502798644451,4.122,96.45279694
CHE,Switzerland,2023,Europe,Europe & Central Asia,Western Europe,8888822.0,85.1854212679815,19.6113808360035,52.9575219043034,928435275851.707,104449.75451772,93939.7784980038,453113313448.119,402404623481.285,45270.8608048721,50975.631354539335,48.8039743031577,1.406538872580465,1.2027508387122632,2013.0,2023.0,2.13540088016387,4.043,97.34436623
CHI,Channel Islands,2013,Europe,Europe & Central Asia,,161777.0,32.5432251775809,16.6574461838018,47.5071575760891,9594745810.67159,59308.4666588674,,,,,,,,,,,,8.572,
CHI,Channel Islands,2014,Europe,Europe & Central Asia,,162726.0,32.6275595274837,16.9809465575675,48.1886895546854,10527973277.6068,64697.5485024325,,,,,,,,,,,,8.319,
CHI,Channel Islands,2015,Europe,Europe & Central Asia,,163454.0,32.6907784276403,17.3173574297434,48.7635949943117,10109273770.329,61847.8212238857,,,,,,,,,,,,7.928,
CHI,Channel Islands,2016,Europe,Europe & Central Asia,,163883.0,32.7426259745361,17.6672849977423,49.3003425406311,9168857222.32574,55947.579811974,,,,,,,,,,,,7.469,
CHI,Channel Islands,2017,Europe,Europe & Central Asia,,164319.0,32.7853219355631,18.0015153405408,49.9219911863726,9170044517.20264,55806.3554257428,,,,,,,,,,,,6.881,
CHI,Channel Islands,2018,Europe,Europe & Central Asia,,164949.0,32.8125991997971,18.3059057469104,50.4492096646205,10026394043.6136,60784.8125397162,,,,,,,,,,,,6.344,
CHI,Channel Islands,2019,Europe,Europe & Central Asia,,165639.0,32.8235411026876,18.585184737986,50.7746363487411,10031864649.0819,60564.6293993681,,,,,,,,,,,,6.185,
CHI,Channel Islands,2020,Europe,Europe & Central Asia,,166235.0,32.8247184979451,18.8660063584493,51.0801501395061,9439810769.23077,56785.9402005039,,,,,,,,,,,,6.633,
CHI,Channel Islands,2021,Europe,Europe & Central Asia,,166741.0,32.8148141071941,19.1062785997445,51.2842846384859,11157540109.8939,66915.3963925722,,,,,,,,,,,,6.643,
CHI,Channel Islands,2022,Europe,Europe & Central Asia,,167215.0,32.7920439098264,19.3435436800306,51.4098408156613,11308272505.183,67627.1417347907,,,,,,,,,,,,5.923,
CHI,Channel Islands,2023,Europe,Europe & Central Asia,,167691.0,32.7554337975051,19.6643837046004,51.6540958995786,12507320838.3932,74585.5224096294,,,,,,,,,,,,5.928,
CHL,Chile,2013,Latin America,Latin America & Caribbean ,Latin America and the Caribbean,17687006.0,87.1827777654221,10.6787544856729,45.2602643872248,277395018842.417,15683.5486369155,22201.0660684337,168339435544.502,142891262473.808,8078.8835868438,9517.689740394842,60.6858177363787,,2.4153211745612246,2013.0,2023.0,1.7895555398459,6.361,58.0
CHL,Chile,2014,Latin America,Latin America & Caribbean ,Latin America and the Caribbean,17864195.0,87.3133701497978,10.9545770184439,45.2518120502398,259560978224.359,14529.6767206336,22553.6161787372,158961379810.55,146274468064.035,8188.13655269858,8898.323143614924,61.2424028056896,2.3676784231975834,2.4153211745612246,2013.0,2023.0,4.71867527854672,6.761,61.11000061
CHL,Chile,2015,Latin America,Latin America & Caribbean ,Latin America and the Caribbean,18047625.0,87.4653320342387,11.2496571917453,45.3254058695677,242450355830.884,13433.9202987032,22468.3125745547,149774666831.741,149774666831.741,8298.85743036779,8298.857430367763,61.7753957582201,2.3928979636922643,2.4153211745612246,2013.0,2023.0,4.34877353217044,6.605,76.6295919508796
CHL,Chile,2016,Latin America,Latin America & Caribbean ,Latin America and the Caribbean,18267221.0,87.6306290578181,11.5448975094543,45.3579053946093,249344863928.438,13649.8520452803,23256.5036042211,154992983115.388,154720840286.892,8469.86196131816,8484.759839243638,62.1600865056803,3.302409920035143,2.4153211745612246,2013.0,2023.0,3.78619355893118,6.926,83.5585860244169
CHL,Chile,2017,Latin America,Latin America & Caribbean ,Latin America and the Caribbean,18558868.0,87.8000295757281,11.8130834222508,45.2413877408172,276154259981.097,14879.9086227187,24295.223766602,171431101733.77,160217919972.247,8632.95756897709,9237.15291976698,62.0780218076317,3.5529019071781187,2.4153211745612246,2013.0,2023.0,2.18271846868519,7.257,82.3274869338464
CHL,Chile,2018,Latin America,Latin America & Caribbean ,Latin America and the Caribbean,18893191.0,87.9620493753008,12.0636582777361,45.0787301205063,295857562991.709,15659.4808675628,25305.0903462611,183607454833.036,166277435904.654,8800.91859044106,9718.181266099306,62.0594089183996,3.7820463113343417,2.4153211745612246,2013.0,2023.0,2.43488981353057,7.623,84.90000153
CHL,Chile,2019,Latin America,Latin America & Caribbean ,Latin America and the Caribbean,19197744.0,88.1273685623538,12.3260602912509,44.9884626222266,278308438545.118,14496.9345640362,25613.9095717623,171616873952.886,167497647435.58,8724.86097510104,8939.429234647883,61.6642725064421,0.7338407188487661,2.4153211745612246,2013.0,2023.0,2.55754475703327,7.493,85.01760101
CHL,Chile,2020,Latin America,Latin America & Caribbean ,Latin America and the Caribbean,19370624.0,88.2953490438375,12.6268157391316,45.0108226842024,254103710483.324,13117.9930230086,25357.0056990873,148455922446.157,155082047193.363,8006.04292321006,7663.972128422761,58.4233587788949,-7.412402760457903,2.4153211745612246,2013.0,2023.0,3.04549084804326,10.934,87.45929718
CHL,Chile,2021,Latin America,Latin America & Caribbean ,Latin America and the Caribbean,19456334.0,88.4660511664452,12.9564336220791,45.0389819118115,315507493783.262,16216.1840860289,29106.6356522053,195654411923.914,187400238221.632,9631.83702652472,10056.077980770375,62.0126037508062,20.839414756998444,2.4153211745612246,2013.0,2023.0,4.52456838259144,9.281,90.23280334
CHL,Chile,2022,Latin America,Latin America & Caribbean ,Latin America and the Caribbean,19553036.0,88.6395352768685,13.300080015705,45.0486913334805,301099244104.003,15399.1044717559,30918.9258262719,191173410339.296,190330824183.941,9734.0803844447,9777.172728536683,63.4918267258295,1.563811225705658,2.4153211745612246,2013.0,2023.0,11.643866711056,8.249,92.31819916
CHL,Chile,2023,Latin America,Latin America & Caribbean ,Latin America and the Caribbean,19658835.0,88.8158617217972,13.6933190598527,45.0908347497625,335802745366.38,17081.5180740049,33173.5278418356,203111329300.709,181407394695.136,9227.77950448923,10331.80904670643,60.4853093381066,-4.688378525688075,2.4153211745612246,2013.0,2023.0,7.58168251407962,9.013,94.45742345
CHN,China,2013,East Asia,East Asia & Pacific,Eastern Asia,1363240000.0,54.4900016784668,9.3562686156071,38.2392971679035,9743124247267.24,7147.03518622344,12228.3736084197,3520087453383.43,3613132882375.62,2650.40116368036,2582.1480101694715,36.1289393837992,,7.13449799250554,2013.0,2023.0,2.62105001748115,4.6,45.79999924
CHN,China,2014,East Asia,East Asia & Pacific,Eastern Asia,1371860000.0,55.7502555847168,9.6661987378912,38.8789249288739,10674533168257.4,7781.06597484974,12941.5964809146,3948106222025.01,3946397210805.19,2876.67634511188,2877.9221072303367,36.9862190673163,9.223694208845433,7.13449799250554,2013.0,2023.0,1.92164162788521,4.63,47.90000153
CHN,China,2015,East Asia,East Asia & Pacific,Eastern Asia,1379860000.0,57.3297843933105,10.053420914992,39.6093613191235,11280814787468.9,8175.33285077393,13463.3331511105,4293541104608.94,4293541104608.94,3111.57733727258,3111.5773372725785,38.0605584392569,8.796476260759412,7.13449799250554,2013.0,2023.0,1.43702380935655,4.65,50.29999924
CHN,China,2016,East Asia,East Asia & Pacific,Eastern Asia,1387790000.0,58.8399238586426,10.4907994645602,40.4406557797685,11456024084962.0,8254.86859320357,14157.2514988004,4486448747365.86,4700865601652.99,3387.30326753543,3232.8008901677204,39.1623543569108,9.486912716564056,7.13449799250554,2013.0,2023.0,2.00000182191943,4.56,53.2
CHN,China,2017,East Asia,East Asia & Pacific,Eastern Asia,1396215000.0,60.2402687072754,10.9809606634325,41.5109449386089,12537559062282.9,8979.67652709856,15022.4371883124,4883976412815.67,5132178489728.3,3675.7795108406,3498.011705085298,38.9547629530877,9.175180160939833,7.13449799250554,2013.0,2023.0,1.59313600071436,4.47,54.3
CHN,China,2018,East Asia,East Asia & Pacific,Eastern Asia,1402760000.0,61.5001983642578,11.5162092042497,42.5408726929072,14147765772963.8,10085.6638148819,16298.2050619109,5509633753665.57,5559300871853.14,3963.11619368469,3927.7094824956303,38.9434900328533,8.322438180583468,7.13449799250554,2013.0,2023.0,2.07479039965576,4.31,65.35839844
CHN,China,2019,East Asia,East Asia & Pacific,Eastern Asia,1407745000.0,62.7099151611328,12.0613659717192,43.3873633674887,14560167101283.4,10342.9009524335,17600.8907568493,5729716858571.14,5875448932795.29,4173.65995460491,4070.1383123869305,39.3519993191979,5.6868312802211385,7.13449799250554,2013.0,2023.0,2.89923416358227,4.56,64.080881297515
CHN,China,2020,East Asia,East Asia & Pacific,Eastern Asia,1411100000.0,63.5234230266258,12.6452376078587,44.0923748389161,14996414166715.1,10627.4637989619,18267.4783455827,5723905762939.11,5716131420054.98,4050.83369006802,4056.343110296301,38.1684961438545,-2.7115802479541484,7.13449799250554,2013.0,2023.0,2.41942189457782,5.0,70.05275998
CHN,China,2021,East Asia,East Asia & Pacific,Eastern Asia,1412360000.0,64.721076965332,13.2057410345267,44.4827701882176,18201698719564.0,12887.4357242941,20843.2978347377,6984714625192.38,6467115702485.23,4578.9428350316,4945.420873709521,38.3739712034949,13.137981394119635,7.13449799250554,2013.0,2023.0,0.981015135544882,4.55,73.05323517
CHN,China,2022,East Asia,East Asia & Pacific,Eastern Asia,1412175000.0,65.2176361083984,13.781930345649,44.7256128180315,18316765021690.2,12970.6056414327,23028.4517927066,6919552725347.99,6563737843183.53,4647.9634911987,4899.925806184071,37.7771550661597,1.494053070075263,7.13449799250554,2013.0,2023.0,1.97357555739051,4.98,75.61131603
CHN,China,2023,East Asia,East Asia & Pacific,Eastern Asia,1410710000.0,65.5301448035523,14.3160774690688,44.7297141014082,18270356654533.2,12951.1782397043,25200.068112272,7229259522659.38,7197427910274.78,5101.98971459392,5124.553964074388,39.568245214664,9.654408543286653,7.13449799250554,2013.0,2023.0,0.234836828893051,4.67,90.6
CIV,Cote d'Ivoire,2013,Africa,Sub-Saharan Africa ,Sub-Saharan Africa,23939775.0,48.5702332186208,2.52520747322798,80.7590729222478,42760235484.6093,1786.15862031324,3619.01790854865,,23854635432.0534,996.443593645028,,,,6.777087048890351,2013.0,2023.0,2.58117037252936,4.255,6.599999905
CIV,Cote d'Ivoire,2014,Africa,Sub-Saharan Africa ,Sub-Saharan Africa,24527395.0,49.0173144557368,2.55425407887274,80.4412739579991,48843005613.7091,1991.36539423404,4074.21445539789,,26292670783.647,1071.97159680623,,,10.220384036209662,6.777087048890351,2013.0,2023.0,0.448682076766141,3.274,10.0
CIV,Cote d'Ivoire,2015,Africa,Sub-Saharan Africa ,Sub-Saharan Africa,25246342.0,49.4694894689553,2.5199471963117,80.9740668521161,45815005169.2651,1814.71855088017,4403.64296618998,29902994240.1444,29902994240.1444,1184.44859220177,1184.4485922017693,65.2689967613597,13.731292215254442,6.777087048890351,2013.0,2023.0,1.25149954781468,2.573,38.4400001654616
CIV,Cote d'Ivoire,2016,Africa,Sub-Saharan Africa ,Sub-Saharan Africa,25989405.0,49.929991034032,2.49670206949143,81.3061920795773,48407761036.8238,1862.59597081287,4530.64849808487,31282187564.1526,31820570635.2884,1224.36703092235,1203.6515481655929,64.6222566260733,6.412656805349859,6.777087048890351,2013.0,2023.0,0.723178457513308,1.896,41.2078149304414
CIV,Cote d'Ivoire,2017,Africa,Sub-Saharan Africa ,Sub-Saharan Africa,26733372.0,50.3977309654344,2.48395717689405,81.458213233402,52512343996.69,1964.29930338343,4690.17801861096,34962135547.378,33720861511.0126,1261.37703507857,1307.8086650415069,66.5788896218036,5.971894399708888,6.777087048890351,2013.0,2023.0,0.685881065304603,3.272,43.8399208514876
CIV,Cote d'Ivoire,2018,Africa,Sub-Saharan Africa ,Sub-Saharan Africa,27464173.0,50.8718477756395,2.48160762899374,81.3702001736161,58522477786.6889,2130.86619381144,4945.62520575915,39999513328.4296,35733902375.1131,1301.10971756233,1456.4251881325392,68.3489743449099,5.9697195560768135,6.777087048890351,2013.0,2023.0,0.401297817263547,2.852,37.5465361301281
CIV,Cote d'Ivoire,2019,Africa,Sub-Saharan Africa ,Sub-Saharan Africa,28193009.0,51.3514799771241,2.48842186373225,81.1143931066958,60382894697.3557,2141.76836170115,5516.39055126829,40167915396.3948,37351182742.7017,1324.83846412782,1424.747368980544,66.5220102443249,4.525899104473274,6.777087048890351,2013.0,2023.0,0.790855512053661,2.401,36.2889545655205
CIV,Cote d'Ivoire,2020,Africa,Sub-Saharan Africa ,Sub-Saharan Africa,28915449.0,51.8357660823651,2.49608258726879,80.7556512847236,63027852805.4204,2179.72934832935,5543.85096318939,42160085181.3623,37882244323.4843,1310.10396288449,1458.0470523339375,66.8911969943175,1.4218065983101047,6.777087048890351,2013.0,2023.0,2.41252617189053,2.588,36.01660156
CIV,Cote d'Ivoire,2021,Africa,Sub-Saharan Africa ,Sub-Saharan Africa,29639736.0,52.3183461956059,2.50752060498244,80.1393004625197,72794636653.7793,2455.98127641148,6045.20480490881,48760410414.0858,39879351411.0515,1345.469184039,1645.1027233874756,66.983520566215,5.271881651238752,6.777087048890351,2013.0,2023.0,4.15919657911798,2.623,35.95069885
CIV,Cote d'Ivoire,2022,Africa,Sub-Saharan Africa ,Sub-Saharan Africa,30395002.0,52.8492549676673,2.53282102103497,79.1970017771129,70922824813.9102,2333.37128301259,6718.37891572875,47785900108.9909,41703849901.2667,1372.0627457523,1572.1630848713514,67.3773220883026,4.575045545273304,6.777087048890351,2013.0,2023.0,5.23352856100843,2.31,38.41328122
CIV,Cote d'Ivoire,2023,Africa,Sub-Saharan Africa ,Sub-Saharan Africa,31165654.0,53.4075201638704,2.56824227080234,78.0774744464329,80780312569.1646,2591.9659048119,7243.14676270142,56659039298.9429,45957190597.3991,1474.61017815956,1817.996160098001,70.1396633621975,10.198916182084217,6.777087048890351,2013.0,2023.0,4.36972254867474,2.263,40.65284979
CMR,Cameroon,2013,Africa,Sub-Saharan Africa ,Sub-Saharan Africa,21402376.0,51.9475591877024,2.91454789879404,86.7401055522928,33728621180.3231,1575.92882118897,3238.86829843733,24109342490.611,20917683050.066,977.353311149473,1126.4797184485965,71.4803678505428,,4.021995826746427,2013.0,2023.0,2.05034718001741,3.686,10.0
CMR,Cameroon,2014,Africa,Sub-Saharan Africa ,Sub-Saharan Africa,22059893.0,52.2993944376709,2.87719437261096,86.0043368057403,36386544706.0806,1649.4433905949,3422.26128158344,26134879840.6699,22108270392.2129,1002.19300212439,1184.723780875542,71.8256708675679,5.6917744632484,4.021995826746427,2013.0,2023.0,1.85489850366777,3.534,16.2148722257524
CMR,Cameroon,2015,Africa,Sub-Saharan Africa ,Sub-Saharan Africa,22763414.0,52.6440863142742,2.84572861421998,85.203228431494,32210233020.4569,1415.00009710569,3497.66067563959,23532186345.5415,23532186345.5415,1033.77227798701,1033.7722779870146,73.0581065048367,6.440648354971001,4.021995826746427,2013.0,2023.0,2.676235314199,3.518,18.29999924
CMR,Cameroon,2016,Africa,Sub-Saharan Africa ,Sub-Saharan Africa,23454161.0,52.9815033836792,2.82198107998873,84.7287316499248,33814337044.3765,1441.7201725688,3626.99932028578,23939290551.6091,24097019082.513,1027.40912721257,1020.6841571356614,70.7962735457218,2.400256094685038,4.021995826746427,2013.0,2023.0,0.874190383288856,3.529,20.60000038
CMR,Cameroon,2017,Africa,Sub-Saharan Africa ,Sub-Saharan Africa,24128601.0,53.3115142121504,2.80367063138058,84.4529350203384,36098547033.1655,1496.08951771242,3767.43072883824,25763988793.7237,25230071184.0265,1045.64998128265,1067.7779782476282,71.3712625886384,4.702042595533107,4.021995826746427,2013.0,2023.0,0.64040914988195,3.573,23.2029719748646
CMR,Cameroon,2018,Africa,Sub-Saharan Africa ,Sub-Saharan Africa,24806383.0,53.6339873660653,2.79116064603211,84.1226674765979,39955552189.795,1610.69641591017,4010.76360069526,28630968996.9322,26522534297.5908,1069.18184314057,1154.1774952411322,71.6570474634682,5.122708945754284,4.021995826746427,2013.0,2023.0,1.0688581131292,3.608,29.70000076
CMR,Cameroon,2019,Africa,Sub-Saharan Africa ,Sub-Saharan Africa,25506095.0,53.9487914119331,2.78429920377855,83.5806413466043,39667757527.6578,1555.22660476477,4241.11174920592,28817568699.1161,27597373534.0065,1081.99132536778,1129.8306816122224,72.6473350025482,4.052551028328133,4.021995826746427,2013.0,2023.0,2.45280214062732,3.632,36.53919983
CMR,Cameroon,2020,Africa,Sub-Saharan Africa ,Sub-Saharan Africa,26210558.0,54.2557949164174,2.77685236613429,82.8843122656867,40773241177.0505,1555.60370660749,4365.44704128392,29896904807.4753,27667901836.9262,1055.60140447701,1140.6435836839223,73.3248178079671,0.255561649128655,4.021995826746427,2013.0,2023.0,2.43760882182236,3.881,37.69749832
CMR,Cameroon,2021,Africa,Sub-Saharan Africa ,Sub-Saharan Africa,26915758.0,54.5548664463635,2.76610261605669,82.0893650357674,45011937346.8384,1672.32657340872,4793.55628200196,33103128154.2721,28976944022.5128,1076.57915569432,1229.8790973775324,73.5429979367401,4.731266553214097,4.021995826746427,2013.0,2023.0,2.27185762503637,3.976,38.89260101
CMR,Cameroon,2022,Africa,Sub-Saharan Africa ,Sub-Saharan Africa,27632771.0,54.8458745688318,2.76317198222408,81.2295866622104,44347206072.5513,1604.87726954895,5188.15515765322,32386189693.9059,30219965660.6425,1093.62776757505,1172.0210649125959,73.028703636758,4.289691960490982,4.021995826746427,2013.0,2023.0,6.24767713343861,3.646,40.12559891
CMR,Cameroon,2023,Africa,Sub-Saharan Africa ,Sub-Saharan Africa,28372687.0,55.1286878511388,2.77483940805466,80.2951604071451,48814501547.4313,1720.47510154506,5415.22890256369,35956128705.7259,31028829973.402,1093.61619410252,1267.279644882626,73.6587029794592,2.676589119401074,4.021995826746427,2013.0,2023.0,7.38281384280984,3.607,42.24380112
COD,"Congo, Dem. Rep.",2013,Africa,Sub-Saharan Africa ,Sub-Saharan Africa,75789395.0,40.5675263197158,3.14170208114209,96.4548749218671,34891189160.3002,460.370334930107,760.64987993962,21615496210.7572,22651044651.5626,298.868260547041,285.2047599899326,61.9511593928466,,3.48680643061674,2013.0,2023.0,0.808223101487111,4.469,2.200000048
COD,"Congo, Dem. Rep.",2014,Africa,Sub-Saharan Africa ,Sub-Saharan Africa,78403242.0,40.9563873534225,3.13660116248764,96.4849666899081,38352980552.8665,489.175952097319,859.356816141236,23317613707.6945,23638149522.9752,301.494541807024,297.4062438348468,60.7973966340191,4.357877910697172,3.48680643061674,2013.0,2023.0,1.24303889760803,4.436,3.0
COD,"Congo, Dem. Rep.",2015,Africa,Sub-Saharan Africa ,Sub-Saharan Africa,81035531.0,41.3435764444694,3.12697957146724,96.5278187199625,40179574490.3032,495.826633014883,910.393131638657,24186392013.8763,24186392013.8763,298.466508646391,298.46650864638997,60.1957395534724,2.3193122218312157,3.48680643061674,2013.0,2023.0,0.74419899478147,4.441,3.799999952
COD,"Congo, Dem. Rep.",2016,Africa,Sub-Saharan Africa ,Sub-Saharan Africa,83956415.0,41.7290483782911,3.11530869916254,96.1978936055849,38600224214.4728,459.765036590388,950.022298158597,23940346585.1375,25065731273.4959,298.556474493294,285.1520826030685,62.0212630168126,3.6356776947760627,3.48680643061674,2013.0,2023.0,2.88585107289988,4.528,10.1
COD,"Congo, Dem. Rep.",2017,Africa,Sub-Saharan Africa ,Sub-Saharan Africa,87083398.0,42.1127579403217,3.10422429772435,95.7976313008213,37537521565.5308,431.052559128788,990.545051394781,22942769111.6254,26015867840.0746,298.746585888559,263.45744009237444,61.1195629193933,3.790579880601208,3.48680643061674,2013.0,2023.0,,4.613,
COD,"Congo, Dem. Rep.",2018,Africa,Sub-Saharan Africa ,Sub-Saharan Africa,90047644.0,42.4946599159958,3.09687504482002,95.9415387412016,46659954092.4862,518.169626875371,1048.86502855672,27760312004.4051,27230163610.0353,302.3972910389,308.28471208425066,59.4949406709241,4.667519751504168,3.48680643061674,2013.0,2023.0,,4.632,11.69999981
COD,"Congo, Dem. Rep.",2019,Africa,Sub-Saharan Africa ,Sub-Saharan Africa,92947442.0,42.8747090907476,3.09329491821841,96.3517973179656,46845900350.0332,504.00419142286,1056.17206659241,29759052304.0372,28358089858.2282,305.098120486502,320.17075095016816,63.5254143514741,4.142194165066337,3.48680643061674,2013.0,2023.0,,4.605,13.02970028
COD,"Congo, Dem. Rep.",2020,Africa,Sub-Saharan Africa ,Sub-Saharan Africa,95989998.0,43.2528602500115,3.08607621806597,96.6130206079494,46691989748.9186,486.425572682256,1088.7890035637,29342959630.0733,28521188261.5136,297.126667942149,305.68767831491465,62.8436693057248,0.5751388901748422,3.48680643061674,2013.0,2023.0,,5.355,14.51049995
COD,"Congo, Dem. Rep.",2021,Africa,Sub-Saharan Africa ,Sub-Saharan Africa,99148932.0,43.6290681792218,3.07362816575775,96.7262299524834,59067289573.5102,595.743074403567,1402.38560295221,30579648737.2123,29185451112.9382,294.35971244691,308.4213628969024,51.7708683740355,2.3290153458330964,3.48680643061674,2013.0,2023.0,,5.289,16.1595993
COD,"Congo, Dem. Rep.",2022,Africa,Sub-Saharan Africa ,Sub-Saharan Africa,102396968.0,44.003287663813,3.06604683841811,96.7658121576433,70422346142.2023,687.738587554685,1589.91203243059,35395602996.8112,30921368586.9571,301.975431410792,345.6704206008444,50.2618911976287,5.947886387986467,3.48680643061674,2013.0,2023.0,,4.54,17.99620056
COD,"Congo, Dem. Rep.",2023,Africa,Sub-Saharan Africa ,Sub-Saharan Africa,105789731.0,44.3754734892194,3.06835640281401,96.6825341170883,69843655425.2929,660.21205238997,1732.04870835091,36086365224.4029,31910828935.9461,301.643917933264,341.1140654512384,51.6673490307249,3.199924176080482,3.48680643061674,2013.0,2023.0,,4.469,18.96789932
COG,"Congo, Rep.",2013,Africa,Sub-Saharan Africa ,Sub-Saharan Africa,4857099.0,62.8682817180686,2.67643299014494,78.6054716070157,17958720699.0868,3697.41705884249,5833.86336651436,4668671300.70947,3902137848.69052,803.388575915485,961.2057116211693,25.9966808267521,,2.5851896377932837,2013.0,2023.0,4.63161619729461,19.845,6.599999905
COG,"Congo, Rep.",2014,Africa,Sub-Saharan Africa ,Sub-Saharan Africa,4975880.0,63.0075415618859,2.66463419535841,79.5984131722154,17919321078.0284,3601.2365808718,5733.18393561256,5080402553.21374,4307548342.61168,865.685736515287,1021.005842828553,28.3515348103397,10.389445725429924,2.5851896377932837,2013.0,2023.0,0.912139545450097,19.696,7.110000134
COG,"Congo, Rep.",2015,Africa,Sub-Saharan Africa ,Sub-Saharan Africa,5097581.0,63.135592763847,2.6610957884824,80.4008710063393,12434793867.3568,2439.35189403696,4715.13431581624,4913985988.14599,4913985988.14599,963.983895134965,963.9838951349651,39.5180333551483,14.078487280925689,2.5851896377932837,2013.0,2023.0,3.16909796750829,20.02,7.616000175
COG,"Congo, Rep.",2016,Africa,Sub-Saharan Africa ,Sub-Saharan Africa,5222536.0,63.2515316469123,2.66785140399224,80.9004117814953,10931328150.8478,2093.10728558843,4016.04908525318,4978935273.84144,4914873491.46044,941.089442267213,953.3558550561337,45.5473955692682,0.01806076200847606,2.5851896377932837,2013.0,2023.0,3.19056179723773,20.298,8.121899605
COG,"Congo, Rep.",2017,Africa,Sub-Saharan Africa ,Sub-Saharan Africa,5351011.0,63.3544545340423,2.68201653855692,81.0610405557625,11834473039.3645,2211.63309874797,4444.63900215824,4107810681.61181,3684385850.13441,688.540137580434,767.670012566188,34.7105500003945,-25.035998250290547,2.5851896377932837,2013.0,2023.0,0.450063823285546,20.737,8.649999619
COG,"Congo, Rep.",2018,Africa,Sub-Saharan Africa ,Sub-Saharan Africa,5483118.0,63.4434577481975,2.70147386942977,81.0046582195242,14773900288.5135,2694.43413191427,5593.19370578686,4894727405.031,3916253741.92463,714.238457374916,892.6905102226507,33.1309086256429,6.2932575800051405,2.5851896377932837,2013.0,2023.0,1.15277896375523,20.84,11.8071003
COG,"Congo, Rep.",2019,Africa,Sub-Saharan Africa ,Sub-Saharan Africa,5616661.0,63.5176376123385,2.72775052651388,80.7333447887284,13976637779.9763,2488.42466724916,5719.59977338291,5595846343.99081,4468813815.55943,795.63530993938,996.2941227876865,40.0371422088917,14.109404294197914,2.5851896377932837,2013.0,2023.0,2.20607305781525,20.494,16.11639977
COG,"Congo, Rep.",2020,Africa,Sub-Saharan Africa ,Sub-Saharan Africa,5752791.0,63.5760904494257,2.75917400433755,80.2625856223405,11468687464.0046,1993.586671931,4770.96449758365,5351130801.03468,4101185969.92433,712.903696644694,930.1799424026842,46.6586156247576,-8.226519627089868,2.5851896377932837,2013.0,2023.0,1.79537147083108,22.286,21.99850082
COG,"Congo, Rep.",2021,Africa,Sub-Saharan Africa ,Sub-Saharan Africa,5892183.0,63.6179125824196,2.79756246538846,79.6660972740506,14825690210.9157,2516.16255145432,6263.21161292636,6378848203.48306,4572822573.24086,776.082917526638,1082.5950591628027,43.0256407137557,11.500005285671833,2.5851896377932837,2013.0,2023.0,1.7156427545126,21.998,30.02739906
COG,"Congo, Rep.",2022,Africa,Sub-Saharan Africa ,Sub-Saharan Africa,6035104.0,63.6422003342807,2.84985975386671,78.9109830181274,15817030154.6941,2620.83804267402,6646.44331964568,5966348890.50006,4801464339.47712,795.589328614241,988.607468984803,37.7210439137298,5.000013942684345,2.5851896377932837,2013.0,2023.0,3.04344334698478,20.131,40.98669815
COG,"Congo, Rep.",2023,Africa,Sub-Saharan Africa ,Sub-Saharan Africa,6182885.0,63.6626757615625,2.91461025071629,77.9305853486992,15321055822.5167,2477.97845544866,6855.92386613313,6757854311.06645,5036736877.60294,814.625676784048,1092.993693246187,44.108280717408,4.900016359414239,2.5851896377932837,2013.0,2023.0,4.30174563591016,19.919,43.15039825
COL,Colombia,2013,Latin America,Latin America & Caribbean ,Latin America and the Caribbean,46151584.0,77.0315988189922,6.54463120329054,47.4997948976283,382093697077.685,8279.10255642981,12779.8865818318,250400905347.812,186994831197.111,4051.75326587082,5425.618876869145,65.5339010465023,,3.804965377730296,2013.0,2023.0,2.01699224310383,9.246,51.7
COL,Colombia,2014,Latin America,Latin America & Caribbean ,Latin America and the Caribbean,46565429.0,77.1058449419909,6.81879691067376,46.8044174276503,381240864422.407,8187.20824890084,13355.3624162195,251508041806.902,194940394573.73,4186.37600383173,5401.175232529308,65.9709032472018,4.2490818199373726,3.804965377730296,2013.0,2023.0,2.89883787761738,8.799,52.568136539247
COL,Colombia,2015,Latin America,Latin America & Caribbean ,Latin America and the Caribbean,46969940.0,77.1636280538646,7.10912759193297,46.1958678527108,293492370193.166,6248.51490534512,13332.0555048211,200968956292.901,200968956292.901,4278.67176949557,4278.671769495575,68.4750190134859,3.09251539802895,3.804965377730296,2013.0,2023.0,4.9898311584953,8.572,55.9049725142924
COL,Colombia,2016,Latin America,Latin America & Caribbean ,Latin America and the Caribbean,47437512.0,77.2036266362166,7.38857678707939,45.5697969538474,282720100286.228,5959.84250367574,14026.8399931053,195245568700.485,204151558359.661,4303.58907439457,4115.8475743939725,69.059670148255,1.5836286984152625,3.804965377730296,2013.0,2023.0,7.51346024627675,8.922,58.1364935728703
COL,Colombia,2017,Latin America,Latin America & Caribbean ,Latin America and the Caribbean,48131078.0,77.2245191706503,7.65248494953718,44.8394758378985,311866875156.879,6479.53231292429,14400.6139849314,213667218936.212,208344452395.815,4328.68867794349,4439.277652086081,68.5123159773638,2.0538143670533415,3.804965377730296,2013.0,2023.0,4.31431325695011,9.086,62.2598803162841
COL,Colombia,2018,Latin America,Latin America & Caribbean ,Latin America and the Caribbean,49024465.0,77.2804816598084,7.91335297679074,44.0866022098027,334198218098.276,6816.96818309544,15239.4049488277,227650335361.562,215087513020.416,4387.35054060082,4643.6067249599155,68.1183570208678,3.2364963631431154,3.804965377730296,2013.0,2023.0,3.24056932930569,9.36,64.1263768204459
COL,Colombia,2019,Latin America,Latin America & Caribbean ,Latin America and the Caribbean,49907985.0,77.4595528518377,8.19032265077422,43.4989256841647,323031701192.84,6472.54544924705,16181.5908990662,221821391058.035,223842768877.92,4485.10932424782,4444.607231849473,68.6686137115732,4.07055515894732,3.804965377730296,2013.0,2023.0,3.52301932741447,10.28,65.0069007159493
COL,Colombia,2020,Latin America,Latin America & Caribbean ,Latin America and the Caribbean,50629997.0,77.6382533537045,8.46412544262915,43.1205471111852,270348342541.465,5339.68711357943,15519.2101694656,191201261950.261,212634363639.138,4199.77041750838,3776.442292703691,70.7240370526535,-5.007267062933307,3.804965377730296,2013.0,2023.0,2.52663500084706,15.983,69.79533474
COL,Colombia,2021,Latin America,Latin America & Caribbean ,Latin America and the Caribbean,51188173.0,77.8339570326128,8.71354982025291,42.8816349346371,318524633225.395,6222.62164397614,17383.0901728295,231573305940.333,243942837626.392,4765.60938454264,4523.961149000825,72.7018515319872,14.724089489311165,3.804965377730296,2013.0,2023.0,3.49505757399448,13.898,73.02837449
COL,Colombia,2022,Latin America,Latin America & Caribbean ,Latin America and the Caribbean,51737944.0,78.0464633137335,9.00655628107831,42.7752257754018,345632492851.448,6680.44506854481,20854.002999162,254778320126.39,270263678876.659,5223.70349460851,4924.3997814522745,73.7136482812956,10.789757758978924,3.804965377730296,2013.0,2023.0,10.1772313546166,10.541,72.79637855
COL,Colombia,2023,Latin America,Latin America & Caribbean ,Latin America and the Caribbean,52321152.0,78.275571579544,9.37542803553496,42.8026198463432,366901643683.302,7012.49169137756,21281.7475207548,269707151368.888,271650733158.104,5191.9868499475,5154.839697889068,73.5093876008064,0.5132226006876905,3.804965377730296,2013.0,2023.0,11.7359044948689,9.591,77.33686322
COM,Comoros,2013,Africa,Sub-Saharan Africa ,Sub-Saharan Africa,696192.0,29.7043482521482,4.16371908631593,79.5815556369527,1116223107.03168,1603.32653496691,2832.52867837395,1065586637.35635,882012096.739509,1266.90926747149,1530.5930509921832,95.4635888330617,,2.7297511499536187,2013.0,2023.0,-4.29487331536756,3.98,6.5
COM,Comoros,2014,Africa,Sub-Saharan Africa ,Sub-Saharan Africa,711503.0,30.0302906552932,4.21207233987231,79.1440901583209,1149587562.06748,1615.71709756316,2937.61167612379,1085264466.26072,895016015.265087,1257.92303794234,1525.3125654575174,94.404680606401,1.4743469589191482,2.7297511499536187,2013.0,2023.0,7.54755379096711,3.984,6.980000019
COM,Comoros,2015,Africa,Sub-Saharan Africa ,Sub-Saharan Africa,726682.0,30.3732008585112,4.28516187273113,78.8106732808725,966029600.862227,1329.37048235986,2949.47342240993,901330835.869592,901330835.869592,1240.33736334406,1240.3373633440651,93.3026105064597,0.7055539227009966,2.7297511499536187,2013.0,2023.0,-0.11717388419007,4.031,7.459199905
COM,Comoros,2016,Africa,Sub-Saharan Africa ,Sub-Saharan Africa,741741.0,30.7305018169792,4.36446144948169,78.4223591727164,1012835493.19325,1365.48403444497,3139.05160740463,938002137.637526,930392056.090418,1254.33548380151,1264.5952396288274,92.6114994924016,3.224256739512099,2.7297511499536187,2013.0,2023.0,0.797517430888487,4.117,7.938300133
COM,Comoros,2017,Africa,Sub-Saharan Africa ,Sub-Saharan Africa,756669.0,31.0996559689293,4.41209801637307,77.5872306569377,1077439756.59451,1423.9248027797,3347.45652997484,992370565.447223,969451208.944455,1281.20910060337,1311.4989056604975,92.1045060174717,4.198139117628186,2.7297511499536187,2013.0,2023.0,-0.237362224154613,4.049,8.478199959
COM,Comoros,2018,Africa,Sub-Saharan Africa ,Sub-Saharan Africa,771590.0,31.4073645195839,4.43234101012196,76.4719336003165,1188797449.38584,1540.71132257526,3304.54845189026,1094648560.95437,992832262.58267,1286.73552350688,1418.6920008740005,92.0803255020344,2.411782400444107,2.7297511499536187,2013.0,2023.0,2.15155084413033,3.975,
COM,Comoros,2019,Africa,Sub-Saharan Africa ,Sub-Saharan Africa,786578.0,31.7287584068243,4.45791771445426,75.5037562781275,1195019531.9011,1519.26386436068,3312.74957050545,1122021368.30097,1030343187.79996,1309.90593151596,1426.4591284029939,93.8914669048131,3.7781734771301867,2.7297511499536187,2013.0,2023.0,3.58213544469211,3.926,16.38380051
COM,Comoros,2020,Africa,Sub-Saharan Africa ,Sub-Saharan Africa,802163.0,32.0638072194881,4.46773008245825,74.6281198637219,1225039196.61091,1527.16991011916,3261.59496762747,1225331729.4239,1070634408.91745,1334.68435831302,1527.534590131806,100.023879465555,3.910466104359056,2.7297511499536187,2013.0,2023.0,0.786641929499151,4.468,22.42040062
COM,Comoros,2021,Africa,Sub-Saharan Africa ,Sub-Saharan Africa,818174.0,32.4124444313246,4.45565096443363,73.791155104295,1299039312.22277,1587.72988658008,3449.0435745318,1280914792.47356,1090851210.21055,1333.27533044384,1565.577484096977,98.6047751150658,1.8883010974345416,2.7297511499536187,2013.0,2023.0,-0.0044179368234698,4.394,30.68120003
COM,Comoros,2022,Africa,Sub-Saharan Africa ,Sub-Saharan Africa,834188.0,32.7746035528748,4.45529065390536,72.9324305834843,1279542248.96288,1533.87755393614,3712.34821507981,1299390948.44636,1114099187.87578,1335.5492861031,1557.6715901527714,101.551234396486,2.13117769386193,2.7297511499536187,2013.0,2023.0,12.5320314570999,3.879,31.37409973
COM,Comoros,2023,Africa,Sub-Saharan Africa ,Sub-Saharan Africa,850387.0,33.1502180946901,4.47290468927676,72.0409311057792,1465977684.31307,1723.89474946474,3896.71858176845,1483940667.63092,1154614221.39259,1357.75149595723,1745.0180536989865,101.225324471857,3.6365732923707483,2.7297511499536187,2013.0,2023.0,8.37373955490996,3.833,31.92749977
CPV,Cabo Verde,2013,Africa,Sub-Saharan Africa ,Sub-Saharan Africa,512225.0,64.7486207521826,4.95622041095222,53.1695458065828,2028910915.16446,3960.97596791345,6367.28001322501,1265998424.26796,1045537452.30174,2041.16833872173,2471.5670345413832,62.3979305747555,,4.1629509733566605,2013.0,2023.0,1.50654285701407,11.398,37.5
CPV,Cabo Verde,2014,Africa,Sub-Saharan Africa ,Sub-Saharan Africa,512326.0,65.8085112712742,5.03995994733817,52.0485295994349,2041930125.42979,3985.60706548134,6416.83301150977,1266376108.72589,1059267040.98882,2067.56448235853,2471.8169851342504,62.0185819756854,1.3131608683031315,4.1629509733566605,2013.0,2023.0,-0.238778144990624,11.689,40.25999832
CPV,Cabo Verde,2015,Africa,Sub-Saharan Africa ,Sub-Saharan Africa,512394.0,66.9045094767116,5.15658375838101,51.3482379420652,1749857620.35329,3415.06266730931,6773.48679969386,1091411496.3065,1091411496.3065,2130.02395872415,2130.023958724146,62.3714457457487,3.0345941178036906,4.1629509733566605,2013.0,2023.0,0.131187999024545,11.923,42.6830141582781
CPV,Cabo Verde,2016,Africa,Sub-Saharan Africa ,Sub-Saharan Africa,512554.0,68.0354078358316,5.30060705739585,51.1040488670601,1849789985.99572,3608.96605234906,7350.75358726727,1184702059.86644,1179935152.43753,2302.06993299737,2311.37023585113,64.045219664692,8.110933083498505,4.1629509733566605,2013.0,2023.0,-1.40781637091706,12.085,50.3228178676892
CPV,Cabo Verde,2017,Africa,Sub-Saharan Africa ,Sub-Saharan Africa,512893.0,69.1999988159713,5.46527248373442,51.2276170341999,1996741539.95088,3893.09571382506,7935.76176281072,1375026217.46527,1339457454.51051,2611.57289046742,2680.9221757077403,68.8635053637986,13.519582134953435,4.1629509733566605,2013.0,2023.0,0.784415251101334,12.24,57.1621463484891
CPV,Cabo Verde,2018,Africa,Sub-Saharan Africa ,Sub-Saharan Africa,513415.0,70.3970748844677,5.63793422474996,51.5437291537531,2205099506.99994,4294.96510035729,7916.42115326174,1510939796.02259,1397032995.51342,2721.05995250123,2942.9210210503975,68.520254583805,4.2984225298854595,4.1629509733566605,2013.0,2023.0,1.25699566690509,12.17,59.5
CPV,Cabo Verde,2019,Africa,Sub-Saharan Africa ,Sub-Saharan Africa,514104.0,71.6254285086577,5.81429049375224,51.9520708887398,2252177124.32402,4380.78117331128,8645.75646859343,1507745856.27181,1453704379.22383,2827.64650581173,2932.7642972468802,66.9461491277844,4.056552987109852,4.1629509733566605,2013.0,2023.0,1.10666674296063,12.123,61.9433977593088
CPV,Cabo Verde,2020,Africa,Sub-Saharan Africa ,Sub-Saharan Africa,514679.0,72.8838521558784,5.98265522524212,52.3882134884024,1821565613.68613,3539.22661248299,6852.57669930355,1331846422.21301,1253398777.89655,2435.30196082713,2587.7224876340592,73.1154789158474,-13.778977637408529,4.1629509733566605,2013.0,2023.0,0.605795808395385,14.65,69.37339783
CPV,Cabo Verde,2021,Africa,Sub-Saharan Africa ,Sub-Saharan Africa,516649.0,74.1607930892827,6.13617755961978,51.8097353713792,2051842618.70539,3971.44409203423,7685.41921393669,1547460003.79411,1379669271.1126,2670.41893260725,2995.1862943586652,75.4180651911053,10.074247353899368,4.1629509733566605,2013.0,2023.0,1.86215297494647,13.932,70.28250122
CPV,Cabo Verde,2022,Africa,Sub-Saharan Africa ,Sub-Saharan Africa,519741.0,75.033738060849,6.32872911700251,50.3832343299258,2247003344.34242,4323.31362032709,9479.57079016694,1693817525.80074,1569203651.18143,3019.2031245975,3258.964610836436,75.3811751133123,13.737667717712142,4.1629509733566605,2013.0,2023.0,7.93092925430087,12.239,73.32740021
CPV,Cabo Verde,2023,Africa,Sub-Saharan Africa ,Sub-Saharan Africa,522331.0,75.9064245753376,6.57945496194459,49.1432552588223,2504525537.51069,4794.90119772843,10250.5950245626,1808107579.35384,1572071684.68331,3009.72311557865,3461.6126160496697,72.193617205076,0.18276999927451243,4.1629509733566605,2013.0,2023.0,3.72437517668748,11.882,74.59919739
CRI,Costa Rica,2013,Latin America,Latin America & Caribbean ,Latin America and the Caribbean,4716147.0,73.9431776192863,8.15266148404619,46.1478104847582,50949668762.8328,10803.2401795009,15232.0771293804,33709555511.8601,33410110721.9488,7084.19621397483,7147.68973737674,66.1624625447041,,3.360861611720045,2013.0,2023.0,5.23133614174428,8.218,45.96
CRI,Costa Rica,2014,Latin America,Latin America & Caribbean ,Latin America and the Caribbean,4767119.0,74.4866963181212,8.45127843462687,45.8056163276192,52016408816.1842,10911.4978703456,16393.8095308303,34450964348.8059,35020636086.7586,7346.28946471833,7226.789251286972,66.2309550637163,4.820472994576952,3.360861611720045,2013.0,2023.0,4.51920098516954,8.499,53.0
CRI,Costa Rica,2015,Latin America,Latin America & Caribbean ,Latin America and the Caribbean,4818038.0,75.0198195767549,8.75896902857875,45.5365509008516,56441920888.425,11714.7106121672,17525.1404835991,36658055565.361,36658055565.361,7608.50279000726,7608.50279000726,64.9482777842148,4.6755846311469895,3.360861611720045,2013.0,2023.0,0.801982005099623,8.415,59.7629501371681
CRI,Costa Rica,2016,Latin America,Latin America & Caribbean ,Latin America and the Caribbean,4866998.0,75.5423088085047,9.07487624557029,45.3393153311988,58847019587.626,12091.0301560892,19201.7453161516,37697792456.406,38034066490.0872,7814.68710077283,7745.594400574235,64.0606656387623,3.7536386027698043,3.360861611720045,2013.0,2023.0,-0.0174788505908217,8.085,65.8804491942718
CRI,Costa Rica,2017,Latin America,Latin America & Caribbean ,Latin America and the Caribbean,4913177.0,76.0539254265608,9.40002772137051,45.261749943012,60516044660.7496,12317.0902779911,20499.3442145104,39410189639.8548,40146711570.4615,8171.23249792579,8021.325028561926,65.1235384942732,5.554612681041937,3.360861611720045,2013.0,2023.0,1.62590692991732,7.729,71.5816646195022
CRI,Costa Rica,2018,Latin America,Latin America & Caribbean ,Latin America and the Caribbean,4957818.0,76.5544308439668,9.74221925855286,45.325680055506,62567765946.2665,12620.0207321581,21548.8700973441,40767838777.8138,41187305811.7305,8307.54695144729,8222.93976459277,65.1578942627189,2.591978771269088,3.360861611720045,2013.0,2023.0,2.22111461526581,9.01,73.4797284369906
CRI,Costa Rica,2019,Latin America,Latin America & Caribbean ,Latin America and the Caribbean,4999553.0,77.0435864735963,10.105472418687,45.422348705756,64753504730.018,12951.8588421841,23461.2875330597,41941040267.9748,42148052231.8668,8430.36412092577,8388.958026442524,64.7703015347864,2.332627495782136,3.360861611720045,2013.0,2023.0,2.09604635327807,10.807,81.2025964435269
CRI,Costa Rica,2020,Latin America,Latin America & Caribbean ,Latin America and the Caribbean,5034320.0,77.5211537281257,10.4850903399069,45.3940117878919,62806591554.7345,12475.6852076814,22245.4328793441,39713604624.4966,39471600443.4698,7840.5028769466,7888.573754647419,63.2315870697856,-6.350119748531147,3.360861611720045,2013.0,2023.0,0.724911478131376,16.432,80.53018608
CRI,Costa Rica,2021,Latin America,Latin America & Caribbean ,Latin America and the Caribbean,5059988.0,77.9868940200009,10.8653726911381,45.2697789109738,65588938787.0243,12962.2716075659,24083.5988182437,42178007860.7605,43035161353.6366,8504.99276947626,8335.594444247792,64.3065868129349,9.028164224732759,3.360861611720045,2013.0,2023.0,1.72647755109241,15.139,82.74901607
CRI,Costa Rica,2022,Latin America,Latin America & Caribbean ,Latin America and the Caribbean,5081765.0,78.4405687613972,11.2620626162428,45.1414780435559,71001226360.8008,13971.7649991294,26891.9730070246,45962278972.4799,44619511315.1508,8780.31772723666,9044.550264028325,64.7344860480541,3.681524390009816,3.360861611720045,2013.0,2023.0,8.27477490232654,11.325,82.59801121
CRI,Costa Rica,2023,Latin America,Latin America & Caribbean ,Latin America and the Caribbean,5105525.0,78.8819393641702,11.7188426539051,45.0322532261748,87512637055.7736,17140.771430122,29247.8937202355,56989510662.8797,46498519379.298,9107.49029322117,11162.32134068087,65.1214642595665,4.211180285852145,3.360861611720045,2013.0,2023.0,0.525193508693455,8.325,85.39514799
CUB,Cuba,2013,Latin America,Latin America & Caribbean ,Latin America and the Caribbean,11298167.0,76.81640625,13.6115790458939,44.3518909268806,77148000000.0,6828.36428245396,,41878000000.0,43245988912.094,3827.69956507937,3706.6189586328474,54.2826774511329,,1.198109803223657,2013.0,2023.0,,3.29,27.93
CUB,Cuba,2014,Latin America,Latin America & Caribbean ,Latin America and the Caribbean,11285775.0,76.8442459106445,13.919061211168,44.5555609209574,80656100000.0,7146.70459051328,,44432000000.0,45228599573.269,4007.57587079921,3936.991478210402,55.0882078354892,4.584496067843524,1.198109803223657,2013.0,2023.0,,2.7,29.0701843656523
CUB,Cuba,2015,Latin America,Latin America & Caribbean ,Latin America and the Caribbean,11275065.0,76.8702850341797,14.2021227461714,44.716554207685,87132800000.0,7727.91997207998,,48553900000.0,48553900000.0,4306.30776851397,4306.307768513973,55.7240212640934,7.352207360177299,1.198109803223657,2013.0,2023.0,,2.4,37.3050974155373
CUB,Cuba,2016,Latin America,Latin America & Caribbean ,Latin America and the Caribbean,11265612.0,76.9115829467773,14.4765104638789,44.8534738389399,91370407900.0,8110.55874283616,,51028700000.0,50565348634.4283,4488.468858543,4529.598569522898,55.8481691970207,4.142712808710103,1.198109803223657,2013.0,2023.0,,2.0,42.9786751910106
CUB,Cuba,2017,Latin America,Latin America & Caribbean ,Latin America and the Caribbean,11247829.0,76.9603271484375,14.7546073113309,44.9911054965453,96850649700.0,8610.60829605429,,54221100000.0,51412934283.0951,4570.92068905876,4820.58359884383,55.9842398248775,1.6762183423169486,1.198109803223657,2013.0,2023.0,,1.7,57.1484043170788
CUB,Cuba,2018,Latin America,Latin America & Caribbean ,Latin America and the Caribbean,11227118.0,77.0156326293945,15.0605041766063,45.2552043623452,100050036100.0,8911.46205998726,,55987000000.0,52567236853.8107,4682.16659465151,4986.76508076249,55.9590002986516,2.245159874283109,1.198109803223657,2013.0,2023.0,,1.7,62.6789236230601
CUB,Cuba,2019,Latin America,Latin America & Caribbean ,Latin America and the Caribbean,11202846.0,77.0728225708008,15.3697053690774,45.6054628733426,103427600000.0,9232.26115935183,,56540000000.0,52116800249.841,4652.1036038379,5046.931824288221,54.666259296358,-0.8568770795816416,1.198109803223657,2013.0,2023.0,,1.705,67.9708086565152
CUB,Cuba,2020,Latin America,Latin America & Caribbean ,Latin America and the Caribbean,11176354.0,77.1080322265625,15.6395502504663,45.9321906866978,107352000000.0,9605.27914559614,,54345000000.0,47588924992.8179,4258.00086439798,4862.49809195378,50.6231835457188,-8.687937930412215,1.198109803223657,2013.0,2023.0,,2.233,71.11907507
CUB,Cuba,2021,Latin America,Latin America & Caribbean ,Latin America and the Caribbean,11122168.0,77.0987701416016,15.7445780469879,46.0078314263682,,,,,46322561819.5141,4164.88600239756,,52.5993272415804,-2.6610459754972893,1.198109803223657,2013.0,2023.0,,2.11,67.64354869
CUB,Cuba,2022,Latin America,Latin America & Caribbean ,Latin America and the Caribbean,11059820.0,77.1056060791016,15.8758777267623,46.0981840600074,,,,,47280170605.2673,4274.94937578255,,61.8932763432861,2.0672621464337793,1.198109803223657,2013.0,2023.0,,1.829,67.88410187
CUB,Cuba,2023,Latin America,Latin America & Caribbean ,Latin America and the Caribbean,11019931.0,77.1259872296321,16.1955286378621,46.4332711231648,,,,,48715800143.3196,4420.69919887154,,81.139390869678,3.03643053667908,1.198109803223657,2013.0,2023.0,,1.73,69.55580139
CUW,Curacao,2013,Latin America,Latin America & Caribbean ,Latin America and the Caribbean,153822.0,91.2938785868797,13.130789839923,47.7622693345885,3033568603.35196,19721.2921646576,24821.7962782173,2219273743.01676,,,14427.54445408823,73.1571964637478,,,,,1.33232086152117,,
CUW,Curacao,2014,Latin America,Latin America & Caribbean ,Latin America and the Caribbean,155909.0,91.3082030810948,13.5171820368788,48.1259797634317,3059406983.24022,19623.029993395,24347.7604866101,2173687150.83799,,,13942.024840374768,71.0492968979182,,,,,1.4987396961643,,
CUW,Curacao,2015,Latin America,Latin America & Caribbean ,Latin America and the Caribbean,157980.0,91.3220471649755,13.9266679470866,48.550043254222,3058779217.87709,19361.8130008678,24037.6486252583,2117765363.12849,2117765363.12849,13405.2751179168,13405.27511791676,69.2356398510612,,,,,-0.476542049801405,,
CUW,Curacao,2016,Latin America,Latin America & Caribbean ,Latin America and the Caribbean,159664.0,91.3353544596205,14.3516159313397,48.9472456737721,3024690167.59777,18944.0961493998,23649.5914937775,2067486033.51955,,,12948.98056869144,68.3536467856332,,,,,-0.0472079848940293,,61.855510740634
CUW,Curacao,2017,Latin America,Latin America & Caribbean ,Latin America and the Caribbean,160175.0,91.3480685861287,14.7929573452966,49.2174690713966,3033433240.22346,18938.2440469703,24321.7467432044,2230614525.13966,,,13926.109100294427,73.5343206358266,,,,,1.58558801700345,,68.1272162511339
CUW,Curacao,2018,Latin America,Latin America & Caribbean ,Latin America and the Caribbean,159336.0,91.3601331655991,14.2532223467441,45.8475592453935,3046364804.46927,19119.1243941688,24623.0413085512,2230837988.82682,,,14000.840919985565,73.2295090054214,,,,,2.58368756641814,,
CUW,Curacao,2019,Latin America,Latin America & Caribbean ,Latin America and the Caribbean,157441.0,91.3714918191305,14.1400632046554,44.1608980698092,3026124134.07821,19220.6866958303,25396.9967729561,,,,,,,,,,2.62220783425059,,
CUW,Curacao,2020,Latin America,Latin America & Caribbean ,Latin America and the Caribbean,155482.0,91.3820881678218,14.9271962727951,45.4475720072218,2534327597.76536,16299.8134688605,21722.0174102902,,,,,,,,,,,,
CUW,Curacao,2021,Latin America,Latin America & Caribbean ,Latin America and the Caribbean,153948.0,91.391865832772,15.3428360975531,45.523636673,2739594357.5419,17795.5826483092,24905.7684266978,,,,,,,,,,,,
CUW,Curacao,2022,Latin America,Latin America & Caribbean ,Latin America and the Caribbean,153321.0,91.4007684350799,15.7946418695996,45.7354688465377,3075180837.98883,20057.1404960105,28636.1483744106,,,,,,,,,,,,
CUW,Curacao,2023,Latin America,Latin America & Caribbean ,Latin America and the Caribbean,154654.0,91.4080929292235,16.2818791222422,46.0377714825307,3281419329.60894,21217.8109173312,30676.8522403072,,,,,,,,,,,,
CYM,Cayman Islands,2013,Latin America,Latin America & Caribbean ,Latin America and the Caribbean,58655.0,100.0,5.76762424345751,31.2163038858191,4405796023.18409,75113.7332398618,63648.2539137692,,,,,,,,,,2.16061146813391,,71.4
CYM,Cayman Islands,2014,Latin America,Latin America & Caribbean ,Latin America and the Caribbean,60160.0,100.0,5.94160620340589,31.2476820036215,4562853611.41445,75845.3060407986,63560.5141777232,,,,,,,,,,1.27397911533388,,74.1
CYM,Cayman Islands,2015,Latin America,Latin America & Caribbean ,Latin America and the Caribbean,61642.0,100.0,6.15646672344567,31.270497039908,4708167232.66893,76379.2095108681,64009.3167970419,,,,,,,,,,-2.34752770165615,,77.0
CYM,Cayman Islands,2016,Latin America,Latin America & Caribbean ,Latin America and the Caribbean,63100.0,100.0,6.38267525613902,31.2750951796451,4909322237.28895,77802.2541567187,65680.0748270553,,,,,,,,,,-0.62525835861814,,79.0
CYM,Cayman Islands,2017,Latin America,Latin America & Caribbean ,Latin America and the Caribbean,64535.0,100.0,6.61806292660629,31.3154949638824,5166281305.12522,80053.9444506891,68017.6758327335,,,,,,,,,,,,81.0676932508161
CYM,Cayman Islands,2018,Latin America,Latin America & Caribbean ,Latin America and the Caribbean,65941.0,100.0,6.87362091582563,31.3958354089867,5530178440.71376,83865.5531568184,71811.8917405219,,,,,,,,,,,,
CYM,Cayman Islands,2019,Latin America,Latin America & Caribbean ,Latin America and the Caribbean,67327.0,100.0,7.16354508592392,31.4601476158863,5941896607.58643,88254.2903677044,72697.3672861884,,,,,,,,,,,,
CYM,Cayman Islands,2020,Latin America,Latin America & Caribbean ,Latin America and the Caribbean,68684.0,100.0,7.44709505055726,31.437538273117,5655357984.24218,82338.7977439023,66118.6540859028,,,,,,,,,,,,
CYM,Cayman Islands,2021,Latin America,Latin America & Caribbean ,Latin America and the Caribbean,70108.0,100.0,7.76379132047213,31.7695705290856,6060813808.15072,86449.6749037302,74160.4914000191,,,,,,,,,,,,
CYM,Cayman Islands,2022,Latin America,Latin America & Caribbean ,Latin America and the Caribbean,71591.0,100.0,8.13783759245162,32.4385822110404,6653516041.43929,92937.8838323153,82193.1801927387,,,,,,,,,,,,
CYM,Cayman Islands,2023,Latin America,Latin America & Caribbean ,Latin America and the Caribbean,73038.0,100.0,8.54144417974205,33.0406746935281,7308564549.28678,100065.233841107,88395.1826392376,,,,,,,,,,,,
CYP,Cyprus,2013,Middle East,Europe & Central Asia,Western Asia,1183895.0,67.2102333625375,12.0174508719101,39.3425836453323,23959708956.2926,27764.7265625,30415.8359375,16061244884.0926,12999617784.8797,15064.07421875,13566.44371679296,67.0343905820875,,3.6301975858636926,2013.0,2023.0,-0.399357676464425,16.131,65.4548
CYP,Cyprus,2014,Middle East,Europe & Central Asia,Western Asia,1201801.0,67.1230558819804,12.2610616321095,39.5330557690566,23225912183.4991,26993.095703125,29892.75,15951656984.4603,12994327712.3334,15101.974609375,13273.126736007292,68.6804326927284,-0.04069406219352478,3.6301975858636926,2013.0,2023.0,-1.35498885446315,16.277,69.3286967086473
CYP,Cyprus,2015,Middle East,Europe & Central Asia,Western Asia,1219502.0,67.0402477918073,12.499902624146,39.821643139521,19909269064.8473,23088.4296875,31380.220703125,13400895295.7762,13400895295.7762,15540.783203125,10988.82600912192,67.3098306729774,3.128808141854922,3.6301975858636926,2013.0,2023.0,-2.0969976905312,15.026,71.7157409175171
CYP,Cyprus,2016,Middle East,Europe & Central Asia,Western Asia,1237112.0,66.9625604106231,12.7306530327678,40.2003427063831,21046452117.3759,24280.044921875,35247.0390625,13788097669.6821,14089439943.4058,16254.1513671875,11145.39158110349,65.5126935066585,5.138049603645678,3.6301975858636926,2013.0,2023.0,-1.42916666666665,13.006,75.9002054030125
CYP,Cyprus,2017,Middle East,Europe & Central Asia,Western Asia,1254275.0,66.8907450570326,12.9503446411893,40.6130010482004,22946583375.5506,26247.46484375,37768.08984375,14897906618.0718,14770307870.471,16895.02734375,11877.703548322179,64.9242912299762,4.8324697773658665,3.6301975858636926,2013.0,2023.0,0.531766496174467,11.155,80.743188971932
CYP,Cyprus,2018,Middle East,Europe & Central Asia,Western Asia,1270737.0,66.8255530496405,13.1664879646662,41.0263211340384,25754011492.2204,29120.38671875,40262.48828125,16726438571.0172,15658316130.3764,17705.056640625,13162.78551031189,64.9469251656965,6.012117470352241,3.6301975858636926,2013.0,2023.0,1.43549119531759,8.504,84.4335825186889
CYP,Cyprus,2019,Middle East,Europe & Central Asia,Western Asia,1286671.0,66.7677357070518,13.3825533556934,41.4645489568307,26196660680.1176,29227.16796875,44393.72265625,16625134590.2274,16363676399.1533,18256.673828125,12921.0455432876,63.4628008250126,4.504700651742066,3.6301975858636926,2013.0,2023.0,0.250370996758493,7.155,86.0636299618935
CYP,Cyprus,2020,Middle East,Europe & Central Asia,Western Asia,1302247.0,66.7180443478713,13.6112758903357,41.9656883212308,25555082266.6429,28130.330078125,42569.06640625,15723033032.4919,15363822937.4554,16912.072265625,12073.771744140628,61.5260513288004,-6.110200649956843,3.6301975858636926,2013.0,2023.0,-0.638422797978861,7.755,90.80194644
CYP,Cyprus,2021,Middle East,Europe & Central Asia,Western Asia,1317309.0,66.6718365394971,13.8514250837978,42.5332066668686,30372637513.1352,32937.8359375,47632.5703125,17276693389.2284,16087169012.1419,17445.8515625,13115.141086281503,56.8824270916768,4.708112542243992,3.6301975858636926,2013.0,2023.0,2.44608867175474,7.513,90.75951564
CYP,Cyprus,2022,Middle East,Europe & Central Asia,Western Asia,1331370.0,66.6694829407584,14.0779422699926,43.0844758452367,31218047043.8386,33231.05078125,55876.3828125,18054212463.6246,17520624410.526,18650.390625,13560.627371523016,57.8326134183588,8.910550994411714,3.6301975858636926,2013.0,2023.0,8.39548297993334,6.806,89.60099194
CYP,Cyprus,2023,Middle East,Europe & Central Asia,Western Asia,1344976.0,66.6739477522639,14.3232720596026,43.6311017609808,35075440602.5202,36623.70703125,59874.734375,20360137958.5631,18569227857.5733,19388.892578125,15137.919158827443,58.0467062104423,5.984966188860952,3.6301975858636926,2013.0,2023.0,3.54134188751646,5.835,91.22110357
CZE,Czechia,2013,Europe,Europe & Central Asia,Eastern Europe,10514272.0,73.1622186934979,17.0821590856387,47.0766511876963,213024360541.119,20260.4954999375,31013.0082933831,107022308141.045,86601685212.2525,8236.58406518801,10178.765409630358,50.2394692650127,,1.479358473818193,2013.0,2023.0,1.4382978723404,6.953,74.1104
CZE,Czechia,2014,Europe,Europe & Central Asia,Eastern Europe,10525347.0,73.0995921041469,17.6054939584589,48.5926586211395,210911285077.683,20038.4163180257,32743.489773169,103451282668.915,87788626500.4802,8340.68715268772,9828.77644498704,49.0496668449067,1.3705752784355374,1.479358473818193,2013.0,2023.0,0.343988589646794,6.108,74.2317116367383
CZE,Czechia,2015,Europe,Europe & Central Asia,Eastern Europe,10546059.0,73.0370442874355,18.0968797652582,50.0836370757165,189107698561.919,17931.5987670768,34093.0280593748,90967833731.3888,90967833731.3888,8625.7656752526,8625.765675252604,48.1037178407644,3.6214340714069815,1.479358473818193,2013.0,2023.0,0.309364548494975,5.048,75.668838699279
CZE,Czechia,2016,Europe,Europe & Central Asia,Eastern Europe,10566332.0,72.9745753395623,18.5951592241056,51.6066775434751,198160659303.939,18753.9686718096,36445.0485732064,95834696654.0392,94231438670.8464,8918.0842198453,9069.816910356329,48.3621204080916,3.5876471996622916,1.479358473818193,2013.0,2023.0,0.683504209385703,3.952,76.4811986951838
CZE,Czechia,2017,Europe,Europe & Central Asia,Eastern Europe,10594438.0,72.9121853567256,19.085882000882,53.1389365450804,221563575696.217,20913.197632212,39346.030564257,107816053273.254,98466262062.8431,9294.14680258105,10176.6656497734,48.6614521066761,4.494066366522409,1.479358473818193,2013.0,2023.0,2.4505339846014,2.893,78.7191728513432
CZE,Czechia,2018,Europe,Europe & Central Asia,Eastern Europe,10629928.0,72.8498744351241,19.5315793430182,54.5796531953634,251992360762.236,23705.9329811299,41638.1831076596,123550772935.929,101941183675.786,9590.01638353391,11622.917195293232,49.0295708021498,3.5290479603309555,1.479358473818193,2013.0,2023.0,2.14949494949493,2.246,80.6881675434288
CZE,Czechia,2019,Europe,Europe & Central Asia,Eastern Europe,10671870.0,72.7876426709563,19.9485877378936,55.9088220310965,256794209028.77,24062.7190013343,45614.0171132532,124196797087.072,105072997796.164,9845.79064364199,11637.772675929524,48.3643293814143,3.072177512023444,1.479358473818193,2013.0,2023.0,2.84787595918041,2.015,80.8669444139622
CZE,Czechia,2020,Europe,Europe & Central Asia,Eastern Europe,10697858.0,72.7254901604208,20.2939736426932,56.9779595499788,251109660602.536,23472.8915454417,44839.4822099455,118246722891.826,98316022678.4396,9190.2531028585,11053.30832507087,47.0896749285128,-6.430743634851421,1.479358473818193,2013.0,2023.0,3.1612952849781,2.55,81.33889705
CZE,Czechia,2021,Europe,Europe & Central Asia,Eastern Europe,10505772.0,72.6810594374316,20.5371541683077,57.7438182636634,290972714482.313,27696.4619527544,47796.0337408466,137464945528.911,102426864546.969,9749.57999725953,13084.706723971452,47.243242643381,4.181253224588466,1.479358473818193,2013.0,2023.0,3.83984491500146,2.803,82.67062427
CZE,Czechia,2022,Europe,Europe & Central Asia,Eastern Europe,10672118.0,72.6967638379524,20.5183106530339,57.3960588293767,301831228325.556,28282.2236715857,52946.9660854462,146581367470.137,102970506153.481,9648.55393779197,13734.983765184848,48.564016481434,0.5307607617557331,1.479358473818193,2013.0,2023.0,15.1001651468371,2.224,84.54009378
CZE,Czechia,2023,Europe,Europe & Central Asia,Eastern Europe,10864042.0,72.7352388396817,20.5459005583495,56.7878159701296,345059295659.911,31761.5944102491,56062.3957561294,163117506391.318,100300586792.878,9232.34527194192,15014.439965467549,47.2723118730543,-2.592897190020016,1.479358473818193,2013.0,2023.0,10.6612601372427,2.579,85.99404818
DEU,Germany,2013,Europe,Europe & Central Asia,Western Europe,80645605.0,80.4732318400362,20.8129761139965,51.6197490623175,3807023797050.99,47206.8353514242,45876.2138041716,2087468200019.22,1772211725599.08,21975.3044893033,25884.46326392145,54.8320239457453,,1.0714608821073224,2013.0,2023.0,1.50472330251876,5.316,84.17
DEU,Germany,2014,Europe,Europe & Central Asia,Western Europe,80982500.0,80.57574023743,20.9586686898656,51.8321732192251,3964870735760.77,48959.5991203133,47927.5555323465,2131893034616.46,1789749330075.41,22100.4455292861,26325.354670656747,53.7695470217493,0.9895885589178866,1.0714608821073224,2013.0,2023.0,0.906794000434246,4.979,86.1937006578756
DEU,Germany,2015,Europe,Europe & Central Asia,Western Europe,81686611.0,80.6974371632814,21.0533536816501,52.1224069865761,3425099578746.09,41929.7549110722,48567.1117562648,1831035780475.78,1831035780475.78,22415.3720917101,22415.37209171011,53.4593444184216,2.306828655084936,1.0714608821073224,2013.0,2023.0,0.514426137125456,4.612,87.5897993525767
DEU,Germany,2016,Europe,Europe & Central Asia,Western Europe,82348669.0,80.8347870684725,21.134996177657,52.5820458594372,3536787895179.0,42948.9381932694,51555.3799963446,1881000308161.87,1871956857587.22,22732.0839586032,22841.90298402844,53.1838595898235,2.2348595012603667,1.0714608821073224,2013.0,2023.0,0.491747008445174,4.104,84.1652066441212
DEU,Germany,2017,Europe,Europe & Central Asia,Western Europe,82657002.0,80.9842544038853,21.2936405100178,53.258253101446,3765351626105.89,45553.9341495339,54142.7414864571,1981212253670.59,1900090109853.54,22987.648521943,23969.07951815855,52.6169253339974,1.5028793079441716,1.0714608821073224,2013.0,2023.0,1.50949485109628,3.781,84.3941537010844
DEU,Germany,2018,Europe,Europe & Central Asia,Western Europe,82905782.0,81.1423036204018,21.4497613850113,53.8754552465607,4055433215301.96,48916.1686612154,56320.6026829454,2135752688116.86,1926944566055.02,23242.5835637739,25761.20309819718,52.6639837159256,1.4133254029489173,1.0714608821073224,2013.0,2023.0,1.73216879766942,3.384,87.037112092841
DEU,Germany,2019,Europe,Europe & Central Asia,Western Europe,83092962.0,81.3053991689039,21.6283933065816,54.5379868593646,3959894794039.21,47656.199739747,59310.9693966204,2087948700352.94,1959096851374.7,23577.1695245946,25127.8646241175,52.7273780984259,1.6685630653872074,1.0714608821073224,2013.0,2023.0,1.44565976888253,3.163,88.1345169091916
DEU,Germany,2020,Europe,Europe & Central Asia,Western Europe,83160871.0,81.4700055002738,21.8447281174981,55.295066596629,3941398957073.94,47394.8734504469,58704.5861986404,1997437147251.37,1826834060777.96,21967.471465973,24018.954145530417,50.6783801641397,-6.751212453020439,1.0714608821073224,2013.0,2023.0,0.144877925813982,3.881,89.81294133
DEU,Germany,2021,Europe,Europe & Central Asia,Western Europe,83196078.0,81.6325870653934,22.1345373657439,56.2311272070142,4355251953410.78,52349.2459994422,62630.7748127737,2178227991523.22,1862822692506.53,22390.7513104949,26181.859095848486,50.0138227322844,1.9700000400279416,1.0714608821073224,2013.0,2023.0,3.06666666666673,3.594,91.43060973
DEU,Germany,2022,Europe,Europe & Central Asia,Western Europe,83177813.0,81.7867852780995,22.4589063795192,57.1621227360374,4201021706478.62,50506.5179638543,69669.6495435563,2205114386659.54,1984489835313.29,23858.4036263768,26510.848351585537,52.4899546045887,6.531332439538318,1.0714608821073224,2013.0,2023.0,6.87257438551097,3.137,91.62984383
DEU,Germany,2023,Europe,Europe & Central Asia,Western Europe,83287273.0,81.9034366692129,22.7900439454493,57.9918953896649,4562207532490.28,54776.7668235491,72262.2235142279,2398806343954.94,1971519313377.3,23671.3154646965,28801.595460508594,52.5799479061742,-0.6535947781230345,1.0714608821073224,2013.0,2023.0,5.94643667725823,3.071,92.4763763
DJI,Djibouti,2013,Africa,"Middle East, North Africa, Afghanistan & Pakistan",Sub-Saharan Africa,984824.0,70.7969331287484,3.93298501408119,63.9477004930963,2044440443.16654,2075.94498424748,3762.2819610399,1192487100.56774,1235268732.06787,1254.30405033576,1210.863159882111,58.3282875543568,,8.638081935113394,2013.0,2023.0,2.70603242872186,26.149,12.69999981
DJI,Djibouti,2014,Africa,"Middle East, North Africa, Afghanistan & Pakistan",Sub-Saharan Africa,1002717.0,70.8899032189478,4.03239197480846,62.8930725656184,2220637966.25047,2214.62084142432,3978.34667092554,1343673510.72749,1350518394.3325,1346.85897848795,1340.0326420390697,60.5084453724022,9.329926296418044,8.638081935113394,2013.0,2023.0,1.34186494340162,26.16,17.0
DJI,Djibouti,2015,Africa,"Middle East, North Africa, Afghanistan & Pakistan",Sub-Saharan Africa,1020313.0,71.0068853915837,4.12368557491672,61.7007586503093,2424391785.43897,2376.12554719873,4263.96288890455,1492350011.53493,1492350011.53493,1462.63941705627,1462.639417056266,61.5556454405623,10.502012989799447,8.638081935113394,2013.0,2023.0,-0.522166521445793,26.063,22.89999962
DJI,Djibouti,2016,Africa,"Middle East, North Africa, Afghanistan & Pakistan",Sub-Saharan Africa,1037653.0,71.1492236341041,4.20015168847389,60.3724419537361,2604955228.70117,2510.4300076241,4431.56588556176,1598872039.32006,1661172737.80935,1600.89426601123,1540.85425409078,61.3781005409931,11.312542297016526,8.638081935113394,2013.0,2023.0,2.4025290543489,25.982,30.79999924
DJI,Djibouti,2017,Africa,"Middle East, North Africa, Afghanistan & Pakistan",Sub-Saharan Africa,1054841.0,71.318261933957,4.26723281861097,58.9599887882409,2762581334.22612,2618.95521147369,4676.71336058903,1722880586.98747,1837149410.48146,1741.63633237755,1633.3083251290668,62.3648819183128,10.593520388745192,8.638081935113394,2013.0,2023.0,0.577285724560661,26.064,55.6814092453962
DJI,Djibouti,2018,Africa,"Middle East, North Africa, Afghanistan & Pakistan",Sub-Saharan Africa,1071882.0,71.5153442785902,4.33377927794291,57.5386578051215,2913464658.08768,2718.08338799203,5083.11077030183,1836120428.08672,1845114409.62676,1721.37829502386,1712.9874632531566,63.021887805974,0.43355206168085303,8.638081935113394,2013.0,2023.0,0.138836400011405,26.18,57.06169891
DJI,Djibouti,2019,Africa,"Middle East, North Africa, Afghanistan & Pakistan",Sub-Saharan Africa,1088709.0,71.7418146554518,4.4058145932476,56.2039889293652,3088851450.30694,2837.16902340932,5398.00036773984,2020451169.52977,1961888589.81617,1802.03212228077,1855.8229697097845,65.4110824697962,6.328831403632673,8.638081935113394,2013.0,2023.0,3.31763203299603,26.257,58.4762001
DJI,Djibouti,2020,Africa,"Middle East, North Africa, Afghanistan & Pakistan",Sub-Saharan Africa,1105188.0,71.9990170519895,4.47507370914554,54.9994600484975,3144136196.6228,2844.88810647853,5527.00185229888,2260007575.91956,2162536759.18668,1956.71393390689,2044.9078128965932,71.8800788066082,10.22729682062684,8.638081935113394,2013.0,2023.0,1.77900535643955,27.701,59.92570114
DJI,Djibouti,2021,Africa,"Middle East, North Africa, Afghanistan & Pakistan",Sub-Saharan Africa,1121248.0,72.2882954556515,4.54105603755815,53.9382872833362,3392796953.08939,3025.91126413549,5960.10807396825,2563378344.14616,2369957870.35283,2113.67857097879,2286.1832031327235,75.5535441580734,9.591564642080819,8.638081935113394,2013.0,2023.0,1.18086783934059,27.628,61.41120148
DJI,Djibouti,2022,Africa,"Middle East, North Africa, Afghanistan & Pakistan",Sub-Saharan Africa,1137096.0,72.6109938538856,4.62735776047053,53.023749670293,3562814908.76149,3133.25779772463,6620.28103140186,2593390317.9703,2686430711.3352,2362.53641850398,2280.7136055093856,72.7904868589377,13.353521804809754,8.638081935113394,2013.0,2023.0,5.17222088647606,26.272,63.77600098
DJI,Djibouti,2023,Africa,"Middle East, North Africa, Afghanistan & Pakistan",Sub-Saharan Africa,1152944.0,72.8408245988921,4.73574810907906,52.2310906894298,3898447007.38798,3381.29779710722,7231.79450192575,2770211614.83449,2828670370.56275,2453.43257830628,2402.7286796535564,71.059363115226,5.2947451288201774,8.638081935113394,2013.0,2023.0,1.44905087029086,26.074,64.75869751
DMA,Dominica,2013,Latin America,Latin America & Caribbean ,Latin America and the Caribbean,69715.0,69.119704197722,10.1527648282292,48.3929331630481,545325925.925926,7822.21797211398,11286.2696974861,,,,,,,,,,-0.0464116468805992,,51.0
DMA,Dominica,2014,Latin America,Latin America & Caribbean ,Latin America and the Caribbean,70373.0,69.4907847110252,9.54556434996376,46.6266616660416,572255555.555555,8131.74876096735,12083.292631482,,,,,,,,,,0.799250372687492,,57.5
DMA,Dominica,2015,Latin America,Latin America & Caribbean ,Latin America and the Caribbean,70410.0,69.8679153463528,9.64138616673768,45.6066339930103,583177777.777778,8282.59874702141,12092.7315992676,,,,,,,,,,-0.84382698463833,,65.0
DMA,Dominica,2016,Latin America,Latin America & Caribbean ,Latin America and the Caribbean,69606.0,70.2511605730541,10.5643869466214,45.5958332461773,612711111.111111,8802.56172041363,12945.0029571643,,,,,,,,,,0.141816225732312,,67.02999878
DMA,Dominica,2017,Latin America,Latin America & Caribbean ,Latin America and the Caribbean,68496.0,70.6405848604787,11.6509602680429,46.0198686791166,563355555.555555,8224.64896571414,12696.1956612622,,,,,,,,,,0.296252889279487,,69.61969757
DMA,Dominica,2018,Latin America,Latin America & Caribbean ,Latin America and the Caribbean,68174.0,71.0362526779762,11.7873985141072,45.5869477011126,628244444.444444,9215.3085405645,15069.8972415303,,,,,,,,,,0.98919111918989,,
DMA,Dominica,2019,Latin America,Latin America & Caribbean ,Latin America and the Caribbean,67880.0,71.4382284948964,11.9680909834194,45.2600042799058,644259259.259259,9491.14995962374,16020.5944720217,,,,,,,,,,1.50462353858141,,73.38200378
DMA,Dominica,2020,Latin America,Latin America & Caribbean ,Latin America and the Caribbean,67573.0,71.846576780589,12.18534029864,44.993991932023,528944444.444444,7827.74842680426,14243.7623123898,,,,,,,,,,1.22026442242476,,75.65670013
DMA,Dominica,2021,Latin America,Latin America & Caribbean ,Latin America and the Caribbean,67202.0,72.2613620044042,12.4110889556858,44.7922950960958,562911111.111111,8376.40414141113,15808.9743503945,,,,,,,,,,2.22891330700344,,78.07949829
DMA,Dominica,2022,Latin America,Latin America & Caribbean ,Latin America and the Caribbean,66826.0,72.682648635692,12.585576081345,44.6710398129506,623062962.962963,9323.66089490562,18799.1022306558,,,,,,,,,,2.88490226829353,,80.57980347
DMA,Dominica,2023,Latin America,Latin America & Caribbean ,Latin America and the Caribbean,66510.0,73.1105011438027,12.7438524744213,44.6215399334624,659311111.111111,9912.96212766668,20302.7023497562,,,,,,,,,,5.08677483158112,,81.33650208
DNK,Denmark,2013,Europe,Europe & Central Asia,Northern Europe,5614932.0,87.5436524760432,18.0533476868912,54.7576779617712,344631016965.12,61377.5940590412,46869.1932887749,166853158151.201,140396619115.843,25004.1530540072,29715.971297818207,48.4150148818695,,1.2541632235554045,2013.0,2023.0,0.789071780078062,7.384,94.6297
DNK,Denmark,2014,Europe,Europe & Central Asia,Northern Europe,5643475.0,87.6823985731907,18.4155552098464,55.0994237645787,352832602064.452,62520.4509747011,47879.5955558233,167612186204.521,140068399097.39,24819.5303598209,29700.173422318872,47.5047331861649,-0.2337805714410779,1.2541632235554045,2013.0,2023.0,0.56402054044954,6.925,95.9935053764454
DNK,Denmark,2015,Europe,Europe & Central Asia,Northern Europe,5683483.0,87.7254056577329,18.7039395633233,55.326865164618,301758922337.637,53094.0133607574,48897.2099776611,142828305756.257,142828305756.257,25130.4183994669,25130.41839946684,47.331924653564,1.9703992311270735,1.2541632235554045,2013.0,2023.0,0.452034153691575,6.278,96.3305016195436
DNK,Denmark,2016,Europe,Europe & Central Asia,Northern Europe,5728010.0,87.6999969482422,18.9425702764271,55.5631659221664,312181849372.233,54500.9260410217,51820.9521305491,147538459579.897,147515652700.214,25753.3860276456,25757.367668683713,47.260422050988,3.2818053250286194,1.2541632235554045,2013.0,2023.0,0.250000000000031,5.989,96.9677852516645
DNK,Denmark,2017,Europe,Europe & Central Asia,Northern Europe,5764980.0,88.0161943799509,19.1822684091773,55.8898162089196,331610593961.988,57521.5514992225,55271.5976002659,155983007656.208,151518716743.483,26282.6092620414,27056.9902508262,47.0380049661767,2.713653751310141,1.2541632235554045,2013.0,2023.0,1.14713216957602,5.833,97.0993621555621
DNK,Denmark,2018,Europe,Europe & Central Asia,Northern Europe,5793636.0,88.1059762310689,19.4403886413888,56.2314625278458,355293374912.393,61324.7665045565,57233.6231685618,170040571612.527,157209234917.377,27134.8139436749,29349.543466749896,47.8592013302963,3.7556536223362524,1.2541632235554045,2013.0,2023.0,0.813609467455631,5.131,97.3192043651002
DNK,Denmark,2019,Europe,Europe & Central Asia,Northern Europe,5814422.0,88.2096490810669,19.7143802297606,56.5999643406769,345401473012.615,59404.2663247723,60594.966400191,165202847792.792,159992028248.502,27516.4114762399,28412.600219384145,47.8292250325055,1.7701207773115346,1.2541632235554045,2013.0,2023.0,0.75813157251162,5.018,98.0464347521549
DNK,Denmark,2020,Europe,Europe & Central Asia,Northern Europe,5831404.0,88.2394485473632,20.0008145375227,57.0037647599834,355631021931.621,60985.4885601514,62682.2899474389,166560942331.179,157953804449.93,27086.7537989016,28562.75132561198,46.8353242713467,-1.273953346854395,1.2541632235554045,2013.0,2023.0,0.420711974110025,5.644,96.54914573
DNK,Denmark,2021,Europe,Europe & Central Asia,Northern Europe,5856733.0,88.2616449318149,20.2481262517018,57.2872684694072,406110162088.054,69340.7334922138,69327.998216527,186477915319.094,166825005898.816,28484.3112873365,31839.920877235483,45.918061828421,5.616326545460382,1.2541632235554045,2013.0,2023.0,1.85304543989689,5.065,98.8658506
DNK,Denmark,2022,Europe,Europe & Central Asia,Northern Europe,5903037.0,88.3880239837703,20.4007400764725,57.3242885538036,400114306337.077,67781.0940939514,78554.1217617983,174658124219.985,163179077122.47,27643.241457316,29587.84168555694,43.6520567882028,-2.1854809815246568,1.2541632235554045,2013.0,2023.0,7.6965669988926,4.434,97.86011812
DNK,Denmark,2023,Europe,Europe & Central Asia,Northern Europe,5946952.0,88.552638542867,20.6001829312424,57.3988511670291,404651706117.557,68043.5466971243,77425.3867230346,180111625072.406,159032372962.87,26741.8289172117,30286.376125518753,44.5102843629384,-2.541198438380554,1.2541632235554045,2013.0,2023.0,3.30517811237606,5.094,98.77559197
DOM,Dominican Republic,2013,Latin America,Latin America & Caribbean ,Latin America and the Caribbean,10193833.0,74.2251359951216,5.4281841495826,54.4757716527618,62555417414.582,6136.59429329301,12413.910018356,45960006601.8251,45116923225.7192,4425.90370331937,4508.608940506,73.4708655162959,,4.3555677535019655,2013.0,2023.0,4.830950967408,7.351,45.9
DOM,Dominican Republic,2014,Latin America,Latin America & Caribbean ,Latin America and the Caribbean,10315528.0,74.1931533822153,5.58025752924414,54.1088178150535,67014329099.5549,6496.45166971142,13464.7925609074,48219839721.8735,47527098727.9098,4607.3355360879,4674.490701966346,71.9545213236996,5.342065304702914,4.3555677535019655,2013.0,2023.0,2.99864226125219,6.719,49.58000183
DOM,Dominican Republic,2015,Latin America,Latin America & Caribbean ,Latin America and the Caribbean,10434829.0,74.1372305958285,5.74422925378078,53.6903366896845,70966782572.4386,6800.95309395474,14804.0974069659,50603080993.7304,50603080993.7304,4849.44036876219,4849.440368762191,71.305305326584,6.47205983144572,4.3555677535019655,2013.0,2023.0,0.836746346724557,7.605,54.2157663369785
DOM,Dominican Republic,2016,Latin America,Latin America & Caribbean ,Latin America and the Caribbean,10551430.0,74.0506780735522,5.92926768832602,53.2984780323269,75552902635.7075,7160.44200982307,16282.1899127514,53526719234.9049,53675229436.816,5087.00995379925,5072.935065190681,70.8466748034738,6.071069948223573,4.3555677535019655,2013.0,2023.0,1.61416607245223,7.284,63.8708647408206
DOM,Dominican Republic,2017,Latin America,Latin America & Caribbean ,Latin America and the Caribbean,10666843.0,73.926806252977,6.13304705056594,53.0040997727066,79070274743.1658,7412.71571571512,16846.2072320323,55785163781.9533,55843568728.9211,5235.24802314247,5229.772649879003,70.5513721346654,4.039739214636362,4.3555677535019655,2013.0,2023.0,3.27955694678546,5.832,67.5712453277737
DOM,Dominican Republic,2018,Latin America,Latin America & Caribbean ,Latin America and the Caribbean,10782053.0,73.7589255716938,6.35280190364479,52.8255002735594,84994732049.3461,7882.98221584944,17994.8382742736,58647450933.7943,58768148890.8072,5450.55277420795,5439.358435150922,69.0012775141698,5.23709395451204,4.3555677535019655,2013.0,2023.0,3.56443426013508,5.861,74.8220483597284
DOM,Dominican Republic,2019,Latin America,Latin America & Caribbean ,Latin America and the Caribbean,10894043.0,73.5403464672933,6.58282666119334,52.7342819533255,89146130744.723,8183.01623600375,19766.7628586981,61143725953.9738,61630038251.5801,5657.22370029015,5612.58349668473,68.5881994464389,4.8697966752200506,4.3555677535019655,2013.0,2023.0,1.81060377042959,6.356,79.71549988
DOM,Dominican Republic,2020,Latin America,Latin America & Caribbean ,Latin America and the Caribbean,11008300.0,73.2643793773663,6.80997065850313,52.6544058344344,78546672406.8291,7135.22273255899,18998.3069667315,55181346796.7971,58966780422.884,5356.57462304661,5012.7037595993115,70.2529402022121,-4.321363257677058,4.3555677535019655,2013.0,2023.0,3.78103179915517,6.126,81.61730194
DOM,Dominican Republic,2021,Latin America,Latin America & Caribbean ,Latin America and the Caribbean,11123476.0,72.9243347395035,7.02934527971945,52.5919772127359,94850719516.7127,8527.0754858205,22053.4589869955,64632722127.7418,63836387350.5689,5738.8883969875,5810.478858204198,68.1415201245294,8.25822080290326,4.3555677535019655,2013.0,2023.0,8.24300347981809,7.702,85.24298638
DOM,Dominican Republic,2022,Latin America,Latin America & Caribbean ,Latin America and the Caribbean,11230734.0,72.4203155643711,7.28713311557077,52.6230488664845,113478103598.499,10104.2464008585,24621.9061494267,77956549622.8287,67316097552.6198,5993.91789998942,6941.358385198038,68.6974377882183,5.450982341687749,4.3555677535019655,2013.0,2023.0,8.81109209279587,5.504,81.51269675
DOM,Dominican Republic,2023,Latin America,Latin America & Caribbean ,Latin America and the Caribbean,11331265.0,72.3577991823338,7.58086111388,52.6597760530361,120456239153.739,10630.431743829,25861.2335511855,82035129159.7219,69102813087.1749,6098.41999875344,7239.714997374247,68.1036779298913,2.6542173410430525,4.3555677535019655,2013.0,2023.0,4.78561281021135,5.555,86.12689972
DZA,Algeria,2013,Africa,"Middle East, North Africa, Afghanistan & Pakistan",Northern Africa,38414171.0,68.9463836079277,5.00012215543943,49.4268366050018,229701430292.157,5979.60138960585,14370.820661674,79098117134.7791,68217634853.5825,1775.84555589088,2059.0869222396886,34.4351870313452,,2.3557089803621034,2013.0,2023.0,3.25423910998847,9.82,22.5
DZA,Algeria,2014,Africa,"Middle East, North Africa, Afghanistan & Pakistan",Northern Africa,39205031.0,69.5468765157615,5.08618275402183,50.6955957906435,238942664192.59,6094.69392314956,14694.143827383,85524287296.7785,71901387135.5487,1833.98368274594,2181.4620500307346,35.7928072769144,5.399999999813465,2.3557089803621034,2013.0,2023.0,2.91692692067458,10.207,29.5
DZA,Algeria,2015,Africa,"Middle East, North Africa, Afghanistan & Pakistan",Northern Africa,40019529.0,70.1433070861612,5.19673532389649,52.0627486223853,187493855609.345,4685.05902729002,13807.3515841478,74705541235.0721,74705541235.0721,1866.72714801496,1866.727148014963,39.8442610251324,3.900000001720394,2.3557089803621034,2013.0,2023.0,4.78444700693889,11.206,38.20000076
DZA,Algeria,2016,Africa,"Middle East, North Africa, Afghanistan & Pakistan",Northern Africa,40850721.0,70.7353778263851,5.32589987824205,53.4355011716106,180763839522.151,4424.98529027556,13437.8460232169,74337682806.349,76722590848.187,1878.12085001357,1819.7397986280096,41.1241999521921,2.699999999689373,2.3557089803621034,2013.0,2023.0,6.39769480268757,10.202,42.94549942
DZA,Algeria,2017,Africa,"Middle East, North Africa, Afghanistan & Pakistan",Northern Africa,41689299.0,71.3227912436551,5.46724232518278,54.8295659548088,189880896903.073,4554.66753957828,13493.560749484,79857872116.7867,78487210437.2593,1882.67042910122,1915.5484508575378,42.0568226816155,2.299999999431712,2.3557089803621034,2013.0,2023.0,5.59111590961664,12.0,47.69110107
DZA,Algeria,2018,Africa,"Middle East, North Africa, Afghanistan & Pakistan",Northern Africa,42505035.0,71.905249845153,5.61800854886956,56.150085883397,194554483655.528,4577.21029180491,13727.1266357859,81186389409.1377,80527877909.2006,1894.54914951136,1910.0417023333282,41.7293849433374,2.6000000007295077,2.3557089803621034,2013.0,2023.0,4.26999020467084,12.112,49.0384680793271
DZA,Algeria,2019,Africa,"Middle East, North Africa, Afghanistan & Pakistan",Northern Africa,43294546.0,72.4824561380175,5.77497798452489,57.267808691031,193459662090.677,4468.45341883656,13892.5333446205,82801452806.2917,82621602734.4506,1908.36052962539,1912.5146342056964,42.8003708429314,2.599999999516678,2.3557089803621034,2013.0,2023.0,1.95176821052892,12.302,55.79069901
DZA,Algeria,2020,Africa,"Middle East, North Africa, Afghanistan & Pakistan",Northern Africa,44042091.0,73.0541126293395,5.89408890690499,58.0691549149887,164873415325.201,3743.5419522929,12676.5130564294,76776334471.2913,78655765803.5563,1785.92260307432,1743.2490766910068,46.5668369396335,-4.799999999565097,2.3557089803621034,2013.0,2023.0,2.41513094083414,14.08,63.47269821
DZA,Algeria,2021,Africa,"Middle East, North Africa, Afghanistan & Pakistan",Northern Africa,44761099.0,73.6199218261573,6.0140413442485,58.5563473141813,186231205262.082,4160.55926736925,14496.8654697299,78912548384.3263,79914258055.6646,1785.35066924216,1762.9716460788036,42.3734294546787,1.5999999990482516,2.3557089803621034,2013.0,2023.0,7.22606307415477,13.656,72.21240234
DZA,Algeria,2022,Africa,"Middle East, North Africa, Afghanistan & Pakistan",Northern Africa,45477389.0,74.1795862354514,6.18696352392874,58.8011272175164,225581644702.568,4960.30334332888,15833.5847271335,85650981663.2596,82791171345.3542,1820.49086734848,1883.3750913725412,37.9689499011285,3.5999999996066734,2.3557089803621034,2013.0,2023.0,9.26551551551553,12.382,74.78150177
DZA,Algeria,2023,Africa,"Middle East, North Africa, Afghanistan & Pakistan",Northern Africa,46164219.0,74.732808364138,6.37685866623239,58.7709984775404,247923887214.655,5370.477235078,16838.3550419037,100747302033.003,86102818199.3929,1865.1418796751,2182.3677344785797,40.6363836760009,4.000000000271209,2.3557089803621034,2013.0,2023.0,9.32217375928322,11.645,76.19760132
ECU,Ecuador,2013,Latin America,Latin America & Caribbean ,Latin America and the Caribbean,15807128.0,62.8837286624122,6.26391164365569,57.0580201827907,96570334000.0,6109.29031510341,11295.6127804419,57508909000.0,57972490419.2111,3667.49041440109,3638.1630489738554,59.5513203878947,,2.1186726930542132,2013.0,2023.0,2.72177577710371,3.083,40.279121941
ECU,Ecuador,2014,Latin America,Latin America & Caribbean ,Latin America and the Caribbean,16035124.0,62.9232432195799,6.44847191551272,56.2912618898864,102717794000.0,6405.79979300441,11835.6091276538,60881624000.0,60022117070.7768,3743.16513366387,3796.766648015943,59.2707666599616,3.5355159606641484,2.1186726930542132,2013.0,2023.0,3.58922016616663,3.48,45.5903906666095
ECU,Ecuador,2015,Latin America,Latin America & Caribbean ,Latin America and the Caribbean,16266225.0,62.959188676731,6.63997639280165,55.4920102822515,97209558000.0,5976.1596805651,10877.7507461388,62465713000.0,62465713000.0,3840.20957536245,3840.209575362446,64.2588180475011,4.071159180109829,2.1186726930542132,2013.0,2023.0,3.96664623255358,3.616,48.9404337892669
ECU,Ecuador,2016,Latin America,Latin America & Caribbean ,Latin America and the Caribbean,16505139.0,62.9913367571804,6.82568946634407,54.6259320805851,97671433000.0,5917.63771271481,10881.4890706732,62041043000.0,58822669574.1147,3563.90028427599,3758.892487969959,63.5201523049222,-5.8320689077627215,2.1186726930542132,2013.0,2023.0,1.72826463324533,4.597,54.0629247288864
ECU,Ecuador,2017,Latin America,Latin America & Caribbean ,Latin America and the Caribbean,16759519.0,63.0194591842425,7.00392693239207,53.74041651825,104467486000.0,6233.32244797718,11793.4797426944,65677273000.0,62848357685.8541,3750.00963248731,3918.804173317862,62.8686259378349,6.8437698269834035,2.1186726930542132,2013.0,2023.0,0.417335588666825,3.836,55.79999924
ECU,Ecuador,2018,Latin America,Latin America & Caribbean ,Latin America and the Caribbean,17049547.0,63.0433276812321,7.19452567257434,52.8957612402445,107478961000.0,6303.91886658338,12186.8846084388,67523021000.0,64154528001.8958,3762.82888934796,3960.3997103266147,62.8244080253065,2.078288700192532,2.1186726930542132,2013.0,2023.0,-0.224103246005552,3.53,57.5
ECU,Ecuador,2019,Latin America,Latin America & Caribbean ,Latin America and the Caribbean,17340021.0,63.0627139714638,7.40791180679909,52.1307937287794,107595830000.0,6205.05765246766,12543.0148243925,68594786000.0,65521634791.8541,3778.63641525313,3955.8652206937927,63.752271812021,2.1309591583588805,2.1186726930542132,2013.0,2023.0,0.266012515466155,3.812,59.2
ECU,Ecuador,2020,Latin America,Latin America & Caribbean ,Latin America and the Caribbean,17546065.0,63.0773897782521,7.56175266539115,51.4133224072679,95865473000.0,5463.64515348598,11526.8013009278,60888654000.0,58568619033.3951,3337.99168265905,3470.217054365181,63.5146858348052,-10.611786138344993,2.1186726930542132,2013.0,2023.0,-0.338872392562139,6.116,70.7
ECU,Ecuador,2021,Latin America,Latin America & Caribbean ,Latin America and the Caribbean,17682454.0,63.0871268249117,7.67036612479336,50.70912096615,107179074000.0,6061.32350181711,13507.4445638375,68528504000.0,65086877145.336,3680.87354534252,3875.5086822225016,63.9383243785069,11.129267207451598,2.1186726930542132,2013.0,2023.0,0.133251386096389,4.504,69.1147995
ECU,Ecuador,2022,Latin America,Latin America & Caribbean ,Latin America and the Caribbean,17823897.0,63.0901835932266,7.85040162653543,50.0761078196638,116133121000.0,6515.58528418336,15195.6639594842,74428140000.0,68991595677.0764,3870.73576990915,4175.750117945588,64.0886418612654,5.999240865437971,2.1186726930542132,2013.0,2023.0,3.46616972213077,3.713,69.71811356
ECU,Ecuador,2023,Latin America,Latin America & Caribbean ,Latin America and the Caribbean,17980083.0,63.1307729554263,8.09288255232192,49.4714073657307,120792801000.0,6718.1447938811,15907.3619798807,79155240000.0,71494654359.2997,3976.32504584655,4402.384571862099,65.5297661323376,3.6280631831435928,2.1186726930542132,2013.0,2023.0,2.21568764237058,3.51,72.6943146
EGY,"Egypt, Arab Rep.",2013,Africa,"Middle East, North Africa, Afghanistan & Pakistan",Northern Africa,95333553.0,42.7514277188751,4.08274880933054,61.261463210988,288434108527.132,3025.52563552448,10511.3931678495,232976744186.047,252295624083.27,2646.45149733662,2443.806370943156,80.7729520533219,,4.069563964762524,2013.0,2023.0,9.46971981064921,13.154,29.4
EGY,"Egypt, Arab Rep.",2014,Africa,"Middle East, North Africa, Afghanistan & Pakistan",Northern Africa,97528654.0,42.6825522284408,4.13855347578159,61.5419614141439,305595408895.265,3133.39102265541,10256.4367553616,253457675753.228,263385938604.238,2700.60057021025,2598.802150527249,82.9389671361502,4.39576174230738,4.069563964762524,2013.0,2023.0,10.0702154687481,13.105,33.8946039115275
EGY,"Egypt, Arab Rep.",2015,Africa,"Middle East, North Africa, Afghanistan & Pakistan",Northern Africa,99597342.0,42.6056314089048,4.20129434779494,61.9778656218534,329366576819.407,3306.98159414141,10903.3368231185,271495956873.315,271495956873.315,2725.93576717454,2725.9357671745397,82.4297229837555,3.079138663231018,4.069563964762524,2013.0,2023.0,10.370490343517,13.052,37.8193834276939
EGY,"Egypt, Arab Rep.",2016,Africa,"Middle East, North Africa, Afghanistan & Pakistan",Northern Africa,101644589.0,42.5210717266225,4.27700484872835,62.3353502105713,332441717791.411,3270.6287768197,10665.6676499685,276220858895.706,284121575519.821,2795.24545590735,2717.516609720425,83.0885066804458,4.650389196181415,4.069563964762524,2013.0,2023.0,13.813606214829,12.45,41.2480670885772
EGY,"Egypt, Arab Rep.",2017,Africa,"Middle East, North Africa, Afghanistan & Pakistan",Northern Africa,103696057.0,42.4486008687179,4.36669397966263,62.5250399173232,248362771739.13,2395.10333299491,11124.7351098149,209843750000.0,296024698103.149,2854.73437146361,2023.642519020757,84.490823053147,4.189446916007822,4.069563964762524,2013.0,2023.0,29.5066083940039,11.767,44.9502042452857
EGY,"Egypt, Arab Rep.",2018,Africa,"Middle East, North Africa, Afghanistan & Pakistan",Northern Africa,105682094.0,42.4577177449969,4.47225716625305,62.4836024422364,262588632526.73,2484.70315630508,12329.2446781436,213680360157.569,305033187090.032,2886.32800074942,2021.9164105280597,81.3745660280314,3.043154522108149,4.069563964762524,2013.0,2023.0,14.4014657807422,9.855,46.92433676792
EGY,"Egypt, Arab Rep.",2019,Africa,"Middle East, North Africa, Afghanistan & Pakistan",Northern Africa,107553158.0,42.4812027332648,4.5935289970751,62.1682059377755,318678815489.749,2962.98892023003,13363.732696323,254612756264.237,309767435555.79,2880.13333421404,2367.320132656979,79.8963545389564,1.5520437336415727,4.069563964762524,2013.0,2023.0,9.15279959324804,7.851,57.2828663990195
EGY,"Egypt, Arab Rep.",2020,Africa,"Middle East, North Africa, Afghanistan & Pakistan",Northern Africa,109315124.0,42.5181534630674,4.6911816369123,61.7215527133255,383817841547.099,3511.11381026379,15231.865417764,310212102308.172,332576162980.405,3042.36185086708,2837.7784423331213,80.8227416051751,7.363177922072817,4.069563964762524,2013.0,2023.0,5.04493288977539,7.974,71.91420096
EGY,"Egypt, Arab Rep.",2021,Africa,"Middle East, North Africa, Afghanistan & Pakistan",Northern Africa,110957008.0,42.5686062621468,4.74091190346445,61.1155654480444,424671765455.704,3827.35415374308,15579.0160861551,352326322498.407,353200878088.986,3183.22280363748,3175.340871650099,82.9643859464814,6.201501311384172,4.069563964762524,2013.0,2023.0,5.21404940513043,7.441,72.05599976
EGY,"Egypt, Arab Rep.",2022,Africa,"Middle East, North Africa, Afghanistan & Pakistan",Northern Africa,112618250.0,42.6325129008032,4.82840349955892,60.4614725337186,476747720364.742,4233.30783744856,17524.0240491999,379896656534.954,362994188549.42,3223.22703957325,3373.3134419594867,79.6850494102646,2.772731062680611,4.069563964762524,2013.0,2023.0,13.8956609775178,6.546,72.19806556
EGY,"Egypt, Arab Rep.",2023,Africa,"Middle East, North Africa, Afghanistan & Pakistan",Northern Africa,114535772.0,42.7098115041919,4.96968538776552,59.7566710357047,395926071447.591,3456.78965212363,18540.1079077988,312623076305.887,375964697614.929,3282.50895811772,2729.479802221851,78.9599621876046,3.5732001984222217,4.069563964762524,2013.0,2023.0,33.8847763115546,6.753,74.01190186
ERI,Eritrea,2013,Africa,Sub-Saharan Africa ,Sub-Saharan Africa,3074360.0,35.6713333129883,3.82588509057412,84.4605670208247,,,,,,,,,,,,,,5.624,0.899999976
ERI,Eritrea,2014,Africa,Sub-Saharan Africa ,Sub-Saharan Africa,3095173.0,35.639720916748,3.88317613961742,84.7708939128109,,,,,,,,,,,,,,5.637,0.99000001
ERI,Eritrea,2015,Africa,Sub-Saharan Africa ,Sub-Saharan Africa,3105546.0,35.591007232666,3.93267399677867,85.3152311289173,,,,,,,,,,,,,,5.751,1.083699942
ERI,Eritrea,2016,Africa,Sub-Saharan Africa ,Sub-Saharan Africa,3124698.0,35.5254287719727,3.9638070623145,85.3313689275127,,,,,,,,,,,,,,5.772,1.177099943
ERI,Eritrea,2017,Africa,Sub-Saharan Africa ,Sub-Saharan Africa,3150347.0,35.4427146911621,4.00094021388755,84.8897767834611,,,,,,,,,,,,,,5.804,2.496099949
ERI,Eritrea,2018,Africa,Sub-Saharan Africa ,Sub-Saharan Africa,3192760.0,35.3451042175293,4.03411092062809,83.6220149105659,,,,,,,,,,,,,,5.756,5.293000221
ERI,Eritrea,2019,Africa,Sub-Saharan Africa ,Sub-Saharan Africa,3240194.0,35.2352333068848,4.06758052141323,82.0125109257141,,,,,,,,,,,,,,5.812,11.22379971
ERI,Eritrea,2020,Africa,Sub-Saharan Africa ,Sub-Saharan Africa,3291271.0,35.116138458252,4.09100376283262,80.1598040793448,,,,,,,,,,,,,,6.375,14.34939957
ERI,Eritrea,2021,Africa,Sub-Saharan Africa ,Sub-Saharan Africa,3350183.0,34.9871139526367,4.10061181732461,78.172033517913,,,,,,,,,,,,,,6.489,
ERI,Eritrea,2022,Africa,Sub-Saharan Africa ,Sub-Saharan Africa,3409447.0,34.8469276428223,4.11604873165648,76.4200369145176,,,,,,,,,,,,,,6.033,
ERI,Eritrea,2023,Africa,Sub-Saharan Africa ,Sub-Saharan Africa,3470390.0,34.696403503418,4.15096057661539,74.912024628064,,,,,,,,,,,,,,5.909,
ESP,Spain,2013,Europe,Europe & Central Asia,Southern Europe,46604197.0,78.9858086902112,17.850818523935,49.0823130564992,1362186923157.65,29228.846559842,32613.6891811474,803676100362.355,671749880225.768,14413.935299127,17244.71511358419,58.9989587111418,,1.3827825513925918,2013.0,2023.0,1.40858109183009,26.094,71.635
ESP,Spain,2014,Europe,Europe & Central Asia,Southern Europe,46460733.0,79.1196713833488,18.2556448430349,49.9405636720981,1380244561361.96,29707.765509467,33760.9555646369,818910467964.311,683406953481.58,14709.3450609481,17625.861993273138,59.3308237459202,1.7353294133664932,1.3827825513925918,2013.0,2023.0,-0.151114837527235,24.441,76.1867089778712
ESP,Spain,2015,Europe,Europe & Central Asia,Southern Europe,46422303.0,79.2454892743023,18.5417546078088,50.463152001926,1206164777553.12,25982.4416197775,35228.6333036223,703879415864.062,703879415864.062,15162.5268540439,15162.526854043885,58.3568206403756,2.995647363285703,1.3827825513925918,2013.0,2023.0,-0.500365709903243,22.057,78.6896318703515
ESP,Spain,2016,Europe,Europe & Central Asia,Southern Europe,46458139.0,79.3615955277997,18.7673388766097,50.7968795026243,1243015667917.12,26755.6061149398,37612.7188681342,722295236543.582,722582206693.066,15553.4040374081,15547.227075617086,58.1082970381142,2.657101544309981,1.3827825513925918,2013.0,2023.0,-0.202598000426358,19.635,80.5613329432179
ESP,Spain,2017,Europe,Europe & Central Asia,Southern Europe,46571232.0,79.4663233085683,18.9928200430073,51.0879864250854,1321754088818.83,28381.3425596906,39825.2498116292,771337269844.707,744811578574.553,15992.9541605117,16562.52662254473,58.3570935297054,3.0763796389646547,1.3827825513925918,2013.0,2023.0,1.95607633363954,17.224,84.6022457016524
ESP,Spain,2018,Europe,Europe & Central Asia,Southern Europe,46782011.0,79.5580057813361,19.2023408408683,51.21278722932,1431642809327.06,30602.4212881113,41015.1565755187,831826566161.568,757724650691.338,16196.9234433154,17780.906557470735,58.1029402545295,1.733736758160842,1.3827825513925918,2013.0,2023.0,1.67498136863799,15.255,86.107235525659
ESP,Spain,2019,Europe,Europe & Central Asia,Southern Europe,47118501.0,79.6349761108307,19.3818276285973,51.1273134809275,1403496387686.27,29786.5245689007,44042.757577336,806049633921.567,766374133109.869,16264.8241528284,17106.86071956251,57.4315431798422,1.1415073286370259,1.3827825513925918,2013.0,2023.0,0.699518994458648,14.104,90.718665325267
ESP,Spain,2020,Europe,Europe & Central Asia,Southern Europe,47359424.0,79.6955674617799,19.5596160856506,50.9641870731648,1289783836971.21,27233.9426461608,39327.8479269599,723722867336.967,673862000240.917,14228.6781241452,15281.496399469872,56.1119504363212,-12.07140597159081,1.3827825513925918,2013.0,2023.0,-0.322753017299649,15.532,93.20564892
ESP,Spain,2021,Europe,Europe & Central Asia,Southern Europe,47443821.0,79.7846242983598,19.8133822943511,50.8789437442103,1461244901852.69,30799.4775937775,44251.6658222621,820300186717.041,721742038106.98,15212.5613598234,17289.926684384063,56.1370777531539,7.105317980379522,1.3827825513925918,2013.0,2023.0,3.09313511976402,14.914,93.89752157
ESP,Spain,2022,Europe,Europe & Central Asia,Southern Europe,47786102.0,79.9548794567814,20.1879992491906,51.0206958838906,1448850658406.62,30319.4987196616,51482.523634807,816954080414.4,757170564826.336,15844.9953676141,17096.060281594007,56.386355327529,4.908751998467453,1.3827825513925918,2013.0,2023.0,8.39057634118637,13.033,94.4855432
ESP,Spain,2023,Europe,Europe & Central Asia,Southern Europe,48352528.0,80.128491001856,20.6537075238774,51.3142228402432,1619481980719.64,33493.2225409111,55661.317481747,897514593096.094,770636659303.582,15937.8773185051,18561.895938431473,55.41985670611,1.7784756966000792,1.3827825513925918,2013.0,2023.0,3.53236133492433,12.179,95.44564516
EST,Estonia,2013,Europe,Europe & Central Asia,Northern Europe,1317997.0,68.0923458296768,18.1984559754977,51.3710712915726,25451032780.7573,19310.3874900757,27831.1526234213,13253761395.2373,11164663334.7603,8470.9322819098,10055.987528983223,52.0755346527942,,3.195800499436152,2013.0,2023.0,2.78056658954988,8.631,80.0043
EST,Estonia,2014,Europe,Europe & Central Asia,Northern Europe,1314545.0,68.2668382808032,18.5609288129198,52.5479096603793,27055689003.0038,20581.7898991695,29403.6584494815,13903939088.0388,11633381571.1133,8849.74007821211,10576.997431079802,51.3900758043719,4.1982299179025295,3.195800499436152,2013.0,2023.0,-0.10617514652171,7.352,84.2415280294352
EST,Estonia,2015,Europe,Europe & Central Asia,Northern Europe,1315407.0,68.4796609690553,18.88875196261,53.6171783124623,23311847750.9394,17722.1557669523,29712.6299473728,12183287002.2691,12183287002.2691,9261.99039709317,9261.990397093143,52.2622107540925,4.726961183163314,3.195800499436152,2013.0,2023.0,-0.49232600654737,6.412,88.4097035040431
EST,Estonia,2016,Europe,Europe & Central Asia,Northern Europe,1315790.0,68.724038178078,19.186016024635,54.6487232979755,24561027787.7896,18666.3736521706,31947.7769107437,12874621448.1981,12705309060.0146,9656.03102319867,9784.708386747201,52.4189034735699,4.284739066298582,3.195800499436152,2013.0,2023.0,0.148684907627373,6.882,87.2402327514547
EST,Estonia,2017,Europe,Europe & Central Asia,Northern Europe,1317384.0,68.9931941915158,19.4674154002753,55.6249645604551,27469461919.1189,20851.5223496861,34506.6486942506,14063920619.2236,12992675177.8571,9862.48138572894,10675.642500002734,51.1983840842365,2.261779831447641,3.195800499436152,2013.0,2023.0,3.41723549488054,5.807,88.1024568740199
EST,Estonia,2018,Europe,Europe & Central Asia,Northern Europe,1321977.0,69.2803532930133,19.6754905294355,56.3461436115168,31222632740.7247,23618.1361254581,37120.9879761677,15941572660.938,13590894053.0864,10280.7341225198,12058.888060032814,51.0577464537285,4.604277926141176,3.195800499436152,2013.0,2023.0,3.43632688420446,5.412,89.3570077747426
EST,Estonia,2019,Europe,Europe & Central Asia,Northern Europe,1326898.0,69.5787397662154,19.8965346883511,57.0635499327664,31873748770.0313,24021.2501413306,40586.3784378888,16204970058.7843,14171756302.6852,10680.3660135785,12212.672005522882,50.8411174841809,4.27390756877315,3.195800499436152,2013.0,2023.0,2.27725931243522,4.514,90.2289281997919
EST,Estonia,2020,Europe,Europe & Central Asia,Northern Europe,1329522.0,69.8815778947665,20.2000948355964,57.8244931778738,31820771493.8974,23933.9939421065,40672.1340402132,16169295905.4351,14053190417.3734,10570.1074652194,12161.736252153105,50.8136514180243,-0.836635084455517,3.195800499436152,2013.0,2023.0,-0.44453109767983,6.956,89.05828666
EST,Estonia,2021,Europe,Europe & Central Asia,Northern Europe,1330932.0,70.1777274135822,20.4337977975588,58.2662361985623,37201101170.5847,27951.1659277744,44247.4198971873,18738563960.7051,15061441207.8969,11316.4618537212,14079.279753364635,50.3709927154574,7.174533046083553,3.195800499436152,2013.0,2023.0,4.65316673847473,6.178,90.97970174
EST,Estonia,2022,Europe,Europe & Central Asia,Northern Europe,1348840.0,70.4892333736738,20.6300461857585,58.3861937450535,38226641740.29,28340.3826549406,48029.83322897,20181430736.4242,15499979921.4983,11491.3406493715,14962.064245147089,52.7941504083353,2.9116650096636665,3.195800499436152,2013.0,2023.0,19.3982634080616,5.571,91.52016546
EST,Estonia,2023,Europe,Europe & Central Asia,Northern Europe,1370286.0,70.6770085523126,20.9140825455897,58.4343478723355,41470344395.1086,30264.0064885057,48848.1421016254,22236240666.4416,15292055805.8333,11159.7548291622,16227.444976042667,53.6196190091547,-1.3414476452102475,3.195800499436152,2013.0,2023.0,9.15922507983982,6.378,93.18342241
ETH,Ethiopia,2013,Africa,Sub-Saharan Africa ,Sub-Saharan Africa,98438751.0,18.615514755249,2.86973572023481,88.2761548188989,47648276605.0123,484.039833104062,1252.86896408004,35005782229.7521,37780350198.4002,383.79550547528,355.60977637507915,73.4670479688865,,7.476294037746456,2013.0,2023.0,7.46402192944517,2.251,4.599999905
ETH,Ethiopia,2014,Africa,Sub-Saharan Africa ,Sub-Saharan Africa,101115610.0,19.0262870788574,2.90825770080533,86.3346598583257,55612228233.5179,549.986577082588,1484.63145566608,39047861935.9168,40245897044.7891,398.018634756682,386.170463056266,70.2145250716323,6.526003156247362,7.476294037746456,2013.0,2023.0,6.89001951597192,2.361,7.699999809
ETH,Ethiopia,2015,Africa,Sub-Saharan Africa ,Sub-Saharan Africa,103867135.0,19.451566696167,2.93507038070835,84.4571795095968,62103418181.8182,597.912113218663,1632.61818006837,44245229641.1483,44245229641.1483,425.979109187409,425.97910918740854,71.2444353893903,9.93724302357679,7.476294037746456,2013.0,2023.0,9.56889955968623,2.442,13.8551755555556
ETH,Ethiopia,2016,Africa,Sub-Saharan Africa ,Sub-Saharan Africa,106718162.0,19.8763618469238,2.95342136795797,82.662242576724,68475871209.607,641.651523286233,1857.54946515224,45513738921.3974,45933942852.6839,430.422919509089,426.48540856051665,66.466827098962,3.8167125026402626,7.476294037746456,2013.0,2023.0,6.62813337230924,2.556,15.3669238595896
ETH,Ethiopia,2017,Africa,Sub-Saharan Africa ,Sub-Saharan Africa,109666481.0,20.3084850311279,2.97727297368099,80.9854260551296,76366081766.6667,696.348429076216,2004.74755633129,50806919600.0,49907417609.4004,455.083605804771,463.2857655020407,66.5307403818863,8.650410807232344,7.476294037746456,2013.0,2023.0,10.6871150284238,2.665,15.62440014
ETH,Ethiopia,2018,Africa,Sub-Saharan Africa ,Sub-Saharan Africa,112664152.0,20.7838096618652,3.00590065682161,79.5179195732953,83337901071.9697,739.702022272086,2095.3175782979,54723187261.3636,51263616799.4616,455.012671638993,485.71960370645314,65.6642254693999,2.717430103628038,7.476294037746456,2013.0,2023.0,13.8330356586661,2.811,15.88619995
ETH,Ethiopia,2019,Africa,Sub-Saharan Africa ,Sub-Saharan Africa,115737383.0,21.2486705780029,3.03819036170098,78.2497670217938,91834517113.6386,793.473247218996,2242.44488312932,63074073108.6689,58259508623.865,503.376757912912,544.9758018864907,68.6823158558337,13.646894739734549,7.476294037746456,2013.0,2023.0,15.8096321719344,2.928,15.98460007
ETH,Ethiopia,2020,Africa,Sub-Saharan Africa ,Sub-Saharan Africa,118917671.0,21.6260051727295,3.06904890918588,77.0532101922889,98676811061.9985,829.790982552951,2406.78938480121,69116465975.819,63098076706.8877,530.603031292866,581.2127448730391,70.0432707866828,8.305198923426339,7.476294037746456,2013.0,2023.0,20.3563468559061,3.998,16.06959915
ETH,Ethiopia,2021,Africa,Sub-Saharan Africa ,Sub-Saharan Africa,122138588.0,22.1067085266113,3.0936119750557,75.927506543307,109070960370.972,893.009835441784,2588.41310213778,78771613388.3721,68601370451.0576,561.668278423667,644.9363356679062,72.2205187526123,8.721809017626004,7.476294037746456,2013.0,2023.0,26.8395221557722,3.935,16.6981031
ETH,Ethiopia,2022,Africa,Sub-Saharan Africa ,Sub-Saharan Africa,125384287.0,22.7367687225342,3.12441623217276,74.9175852176508,123140304665.399,982.103161502198,2844.47188098448,95315050188.1566,72487987009.1689,578.126563890489,760.183372802978,77.4036173185943,5.6655086225779305,7.476294037746456,2013.0,2023.0,33.8898797100898,3.386,17.9836998
ETH,Ethiopia,2023,Africa,Sub-Saharan Africa ,Sub-Saharan Africa,128691692.0,23.0586471557617,3.17131039041743,74.0248657156642,135874093203.18,1055.81091593061,3063.42789983124,107230732526.856,77694952841.2432,603.729359943788,833.2374130791287,78.9191890808122,7.183212069905709,7.476294037746456,2013.0,2023.0,30.2188278135278,3.375,20.33749962
FIN,Finland,2013,Europe,Europe & Central Asia,Northern Europe,5438972.0,70.6742118159277,19.0733570715343,55.0282238847832,270268036626.275,49691.0145200739,41325.8052072321,145884469781.569,124015803885.279,22801.3315540655,26822.066703334563,53.9776999169521,,0.5987703988006077,2013.0,2023.0,1.4782861568881,8.193,91.5144
FIN,Finland,2014,Europe,Europe & Central Asia,Northern Europe,5461512.0,70.9879168940753,19.6661048130943,56.4163038011806,273478528954.901,50073.7760815871,41547.0984485393,148591484224.705,124678183082.276,22828.5103250301,27207.02329770675,54.3338757863545,0.5341086992507238,0.5987703988006077,2013.0,2023.0,1.0411962117843,8.663,86.5303927529377
FIN,Finland,2015,Europe,Europe & Central Asia,Northern Europe,5479531.0,71.3054930040604,20.2090618722589,57.64433315055,233210733506.25,42560.3456767103,42257.8593791297,126371299216.406,126371299216.406,23062.4298350363,23062.429835036248,54.1875999086549,1.3579890982311715,0.5987703988006077,2013.0,2023.0,-0.207928839905177,9.376,86.4221333325445
FIN,Finland,2016,Europe,Europe & Central Asia,Northern Europe,5495303.0,71.6158383428171,20.6838033296157,58.6591199711513,238777818792.608,43451.2562442158,44562.4011072067,128601110552.919,128706824721.599,23421.2425996527,23402.00541315356,53.8580640376048,1.8481455201259767,0.5987703988006077,2013.0,2023.0,0.356684500891695,8.818,87.7036499599455
FIN,Finland,2017,Europe,Europe & Central Asia,Northern Europe,5508214.0,71.9563038312956,21.1457473282604,59.6034639676146,253846138440.0,46085.0174739036,47234.8528600939,133189410705.883,129280442965.888,23470.4829852087,24180.144545197953,52.4685589169849,0.4456781880290972,0.5987703988006077,2013.0,2023.0,0.754015047084438,8.64,87.4689290730615
FIN,Finland,2018,Europe,Europe & Central Asia,Northern Europe,5515525.0,72.3423467740343,21.6154814502107,60.4741377554613,273869255596.078,49654.2497035329,49248.6775395866,142643952375.686,130756094338.675,23706.917172649,25862.261956148508,52.0846898514478,1.1414343414466455,0.5987703988006077,2013.0,2023.0,1.08382098409296,7.361,88.8899599985585
FIN,Finland,2019,Europe,Europe & Central Asia,Northern Europe,5521606.0,72.7431214358314,22.061393842071,61.1278822777906,267014821129.411,48358.1807773701,52276.1115723992,137110999011.764,131295318087.596,23778.4655565059,24831.72450402365,51.3495836792192,0.41238899926479,0.5987703988006077,2013.0,2023.0,1.02409392963431,6.695,89.6073851129779
FIN,Finland,2020,Europe,Europe & Central Asia,Northern Europe,5529543.0,73.0849439791673,22.4906828905898,61.6841512459481,270000311606.226,48828.6846862799,53296.5792798852,135604948642.802,126798462102.33,22931.0925156618,24523.717175687394,50.2239970895185,-3.424993404765453,0.5987703988006077,2013.0,2023.0,0.290554555653239,7.759,92.17027106
FIN,Finland,2021,Europe,Europe & Central Asia,Northern Europe,5541017.0,73.3710215780329,22.8749565743109,62.1515551986665,294223210496.119,53099.1351400148,56790.3766177692,148146503019.377,130857060616.594,23616.072756426,26736.337935685275,50.3517389976042,3.200826293136405,0.5987703988006077,2013.0,2023.0,2.19457432339998,7.617,92.80806082
FIN,Finland,2022,Europe,Europe & Central Asia,Northern Europe,5556106.0,73.6967597835949,23.2287672110978,62.4687883703107,280253099309.34,50440.560224974,62133.1375219912,141640307071.985,131982106866.994,23754.4256475657,25492.729453323063,50.5401394029346,0.8597520417307436,0.5987703988006077,2013.0,2023.0,7.12350773301412,6.719,92.98879471
FIN,Finland,2023,Europe,Europe & Central Asia,Northern Europe,5583911.0,74.0062548602828,23.5778747195571,62.6357187918865,295191741637.26,52864.6931581216,63466.8356113767,151334357098.042,131644814605.89,23575.7365412684,27101.85694185348,51.2664603212395,-0.255559082295842,0.5987703988006077,2013.0,2023.0,6.25064322154763,7.149,93.51385075
FJI,Fiji,2013,Oceania,East Asia & Pacific,Melanesia,916352.0,53.5552726299291,4.93450937275775,53.6496252452254,4189967998.51424,4572.44377544245,8842.15172885423,2766637867.32063,,,3019.1868052021823,66.0300476829819,,,,,2.91354193603992,4.356,35.20000076
FJI,Fiji,2014,Oceania,East Asia & Pacific,Melanesia,917585.0,54.0838287543856,5.08225672948922,53.5588891901209,4857104768.86844,5293.35676680464,10516.2596989681,3169584787.0951,,,3454.268309851512,65.2566691048239,,,,,0.519306474579107,4.323,37.40000153
FJI,Fiji,2015,Oceania,East Asia & Pacific,Melanesia,918578.0,54.6234188083653,5.20837642530085,53.4676358994836,4682479893.97558,5097.53106864695,11519.3012049449,2853744463.99031,2853744463.99031,3106.69803107663,3106.6980310766317,60.945151471166,,,,,1.37488542621447,4.288,42.5
FJI,Fiji,2016,Oceania,East Asia & Pacific,Melanesia,919166.0,55.1734720973874,5.32890685686807,53.3338671524421,4930213644.36653,5363.79026679243,11765.5379751413,3146614114.88827,,,3423.3360621348806,63.8230783058199,,,,,3.86322538221278,4.319,49.41999817
FJI,Fiji,2017,Oceania,East Asia & Pacific,Melanesia,918759.0,55.7408343449609,5.47733708041885,53.1396835397675,5353469174.47838,5826.84814459328,12585.2777064526,3441572422.13487,,,3745.892472492645,64.2867701292069,,,,,3.34757834757831,4.418,53.6473999
FJI,Fiji,2018,Oceania,East Asia & Pacific,Melanesia,917180.0,56.2328347385698,5.64436642752786,52.8676645838299,5581425327.44397,6085.41979485376,12984.2072545454,3700332474.20211,,,4034.4670339541963,66.2972674024233,,,,,4.08147637644543,4.523,58.2364006
FJI,Fiji,2019,Oceania,East Asia & Pacific,Melanesia,914899.0,56.70989552257,5.8208579193671,52.5393519946514,5344907153.46698,5842.07344577597,12978.0990352704,3661787461.81829,,,4002.3953046383153,68.5098422980662,,,,,1.79388647514555,4.661,63.21789932
FJI,Fiji,2020,Oceania,East Asia & Pacific,Melanesia,914963.0,57.186684691874,5.98707270130049,52.1893676158223,4227719873.3865,4620.6457238014,10716.2914367663,3087737256.23097,,,3374.712700110245,73.0355214797526,,,,,-1.70014167847318,5.054,68.62560272
FJI,Fiji,2021,Oceania,East Asia & Pacific,Melanesia,916711.0,57.6618364761928,6.10366844076268,51.7722535409475,4158873156.17978,4536.73312110335,10322.4279638854,3043127391.47884,,,3319.6147875162837,73.1719212680718,,,,,1.53454853751592,5.225,70.56800079
FJI,Fiji,2022,Oceania,East Asia & Pacific,Melanesia,919422.0,58.1352701465266,6.20928148336672,51.3123918957394,4977861885.60316,5414.12092119088,12980.234013809,3797571280.54921,,,4130.389832469976,76.28920544245,,,,,6.07882431529725,5.403,72.56549835
FJI,Fiji,2023,Oceania,East Asia & Pacific,Melanesia,924145.0,58.6069049738768,6.34304879480558,50.894119644834,5476673518.13788,5926.20586394763,14656.2474506851,3823476473.52925,,,4137.312297885343,69.8138470527136,,,,,2.97544080604539,5.316,74.1160965
FRA,France,2013,Europe,Europe & Central Asia,Western Europe,65997932.0,77.2440721470918,17.9295780155891,57.1679224697779,2816077607875.26,42669.1795111893,39583.3520435045,1541555506508.51,1292776916739.16,19588.1428033102,23357.633486281207,54.7412295100639,,1.0937442144774545,2013.0,2023.0,0.863715497861804,9.913,81.9198
FRA,France,2014,Europe,Europe & Central Asia,Western Europe,66312067.0,77.3524296788613,18.387873214191,58.0626367615727,2861236112552.42,43148.0459288416,40218.1258637776,1559776828853.33,1305976419298.48,19694.4007083731,23521.764580997453,54.5140899770728,1.021019356735886,1.0937442144774545,2013.0,2023.0,0.50775882293799,10.273,83.7510996681821
FRA,France,2015,Europe,Europe & Central Asia,Western Europe,66548272.0,77.7610919150066,18.8516269618174,58.9738911271226,2442483452642.5,36702.4323733379,40905.1767750994,1327030230001.09,1327030230001.09,19940.8668342447,19940.86683424462,54.3311860952586,1.612112622517281,1.0937442144774545,2013.0,2023.0,0.0375143805125182,10.354,78.0060377071902
FRA,France,2016,Europe,Europe & Central Asia,Western Europe,66724104.0,78.5999114705779,19.2846641669454,59.6623497311224,2470407619777.13,37024.2157133669,42880.2351355431,1349546901444.98,1349773670299.02,20229.1764052616,20225.777800552856,54.6285111267078,1.7138599998517856,1.0937442144774545,2013.0,2023.0,0.183334861123765,10.057,79.2698113207547
FRA,France,2017,Europe,Europe & Central Asia,Western Europe,66918020.0,78.6467804026368,19.6708486830069,60.2613491660523,2588868323334.71,38687.1626407164,44469.1458856805,1408313310699.18,1369610867143.6,20466.9962910379,21045.35236845292,54.3988003563324,1.4696683807875255,1.0937442144774545,2013.0,2023.0,1.03228275064681,9.409,80.5024597243607
FRA,France,2018,Europe,Europe & Central Asia,Western Europe,67158348.0,78.6714432536599,20.0394210628073,60.8249786780729,2781576320884.39,41418.1766484844,46381.0590629457,1516239540873.25,1384133393554.29,20609.9976365453,22577.082165172527,54.5100822684301,1.0603396014940758,1.0937442144774545,2013.0,2023.0,1.85081508315493,9.018,82.0431867788484
FRA,France,2019,Europe,Europe & Central Asia,Western Europe,67382061.0,78.6890784549356,20.4100888765873,61.339333625721,2722793515171.76,40408.2848574751,51130.4723140578,1473206513201.57,1407329288295.97,20885.8154145207,21863.482525439078,54.1064353573882,1.6758424332293353,1.0937442144774545,2013.0,2023.0,1.10825492288294,8.415,83.3397440866883
FRA,France,2020,Europe,Europe & Central Asia,Western Europe,67601110.0,78.7119131765249,20.747440901072,61.777215608517,2647926055110.05,39169.8606000707,49481.8044309655,1418763819742.88,1316491719177.41,19474.4098015167,20987.285855851773,53.5801903155457,-6.454606599465329,1.0937442144774545,2013.0,2023.0,0.476498852725065,8.009,84.70639801
FRA,France,2021,Europe,Europe & Central Asia,Western Europe,67842811.0,78.7364603392338,21.0507539717053,62.0639435685389,2966433692008.09,43725.0999521245,52517.3354905855,1567257345791.84,1385660758508.38,20424.5776093856,23101.30318438368,52.8330483170483,5.2540428719285215,1.0937442144774545,2013.0,2023.0,1.64233141038394,7.871,86.09548575
FRA,France,2022,Europe,Europe & Central Asia,Western Europe,68184457.0,78.7591921123356,21.3773491158756,62.3607626590078,2794788137066.94,40988.6396406579,57012.0586826676,1511496100669.66,1431642170009.49,20996.6058688345,22167.751525390308,54.0826719787044,3.318374372570654,1.0937442144774545,2013.0,2023.0,5.22236748369725,7.303,85.33331734
FRA,France,2023,Europe,Europe & Central Asia,Western Europe,68372286.0,78.7804323126547,21.7491423914771,62.6913599952639,3056250648138.29,44700.1384177544,60927.0361517867,1670309715724.54,1441339893505.39,21080.762072302,24429.630972475312,54.6522490471129,0.6773845936541179,1.0937442144774545,2013.0,2023.0,4.8783572650844,7.335,86.83635789
FRO,Faroe Islands,2013,Europe,Europe & Central Asia,Northern Europe,48245.0,37.7414817810059,16.0844664919894,59.3769614482508,2690110520.92548,55759.364098362,49781.873438729,1376810974.88886,,,28537.899780057207,51.1804613297151,,,,,,,90.0
FRO,Faroe Islands,2014,Europe,Europe & Central Asia,Northern Europe,48427.0,37.9093894958496,16.5310730967922,60.5297179036696,2914012679.27277,60173.3057854661,53199.5123811889,1418930391.92925,,,29300.398371347594,48.6933499645364,,,,,,,93.3
FRO,Faroe Islands,2015,Europe,Europe & Central Asia,Northern Europe,48898.0,38.1431503295898,16.8959064088273,61.1827141774071,2573905971.05459,52638.2668218454,53685.4650513354,1208518488.73654,1208518488.73654,24715.0903664064,24715.0903664064,46.9527054339666,,,,,,,94.2
FRO,Faroe Islands,2016,Europe,Europe & Central Asia,Northern Europe,49463.0,38.3200225830078,17.1386743399465,61.4749281796814,2813278868.78208,56876.4302363804,54319.4020922519,1284486367.37308,,,25968.63043836969,45.6579822792029,,,,,,,95.1086816720257
FRO,Faroe Islands,2017,Europe,Europe & Central Asia,Northern Europe,50179.0,38.3324699401855,17.3078836852895,61.9670120396372,2980057377.87967,59388.5365965776,56417.3562497037,1295810790.81548,,,25823.76673141115,43.4827463536108,,,,,,,97.5819589384468
FRO,Faroe Islands,2018,Europe,Europe & Central Asia,Northern Europe,50997.0,38.4058837890625,17.3942861621664,62.1990394707547,3188600927.46688,62525.2647698273,58931.9758558052,1374999821.84198,,,26962.36684200992,43.1223553251088,,,,,,,
FRO,Faroe Islands,2019,Europe,Europe & Central Asia,Northern Europe,51790.0,38.3945655822754,17.4879199097248,62.2392080696698,3266432734.22819,63070.7228080361,62225.8459648561,1367354744.70372,,,26401.906636488126,41.8607960413673,,,,,,,
FRO,Faroe Islands,2020,Europe,Europe & Central Asia,Northern Europe,52561.0,38.6689987182617,17.6860981430595,62.4358736633908,3271813311.5831,62247.9273907098,61655.542982019,1425050961.82418,,,27112.325903696274,43.5553873681948,,,,,,,
FRO,Faroe Islands,2021,Europe,Europe & Central Asia,Northern Europe,53291.0,38.8083763122559,17.8358348968105,62.4973319103522,3699551717.10561,69421.6981686515,68433.2144298182,1560302776.69179,,,29278.917203501343,42.1754551903523,,,,,,,
FRO,Faroe Islands,2022,Europe,Europe & Central Asia,Northern Europe,53903.0,38.9959824546757,17.792671863139,61.8854551461093,3615241800.50058,67069.3987440509,75266.2952690413,1476635917.80355,,,27394.31790073929,40.8447345790009,,,,,,,
FRO,Faroe Islands,2023,Europe,Europe & Central Asia,Northern Europe,54398.0,39.1975270123645,17.7259725661857,60.9866532508656,3943131022.2291,72486.6910957957,79784.0760936327,1600751246.1758,,,29426.656240593406,40.5959436080539,,,,,,,
FSM,"Micronesia, Fed. Sts.",2013,Oceania,East Asia & Pacific,Micronesia,108121.0,22.2986323961146,3.54928066370392,62.0752199787142,314000000.0,2904.1536796737,3179.56246692763,,,,,,,,,,1.75232737350762,,27.79999924
FSM,"Micronesia, Fed. Sts.",2014,Oceania,East Asia & Pacific,Micronesia,108396.0,22.3046193122479,3.72338462673899,61.5271134158881,316000000.0,2915.23672460238,3143.99458220276,,,,,,,,,,0.650284891767944,,29.64999962
FSM,"Micronesia, Fed. Sts.",2015,Oceania,East Asia & Pacific,Micronesia,108716.0,22.3122336099411,3.91480515657841,61.0750585237206,312000000.0,2869.86276169101,3302.59669394506,,,,,,,,,,-0.2981158373807,,31.50110054
FSM,"Micronesia, Fed. Sts.",2016,Oceania,East Asia & Pacific,Micronesia,109075.0,22.3214896137555,4.11186849355257,60.8657178674139,327000000.0,2997.93719917488,3364.89549915246,,,,,,,,,,-1.03746806405349,,33.35219955
FSM,"Micronesia, Fed. Sts.",2017,Oceania,East Asia & Pacific,Micronesia,109481.0,22.332401189542,4.30620698474171,60.8500822755054,361000000.0,3297.37580036719,3483.25006151113,,,,,,,,,,0.58225373525489,,35.30410004
FSM,"Micronesia, Fed. Sts.",2018,Oceania,East Asia & Pacific,Micronesia,109909.0,22.3449820355433,4.52281194983145,60.8243953117455,394000000.0,3584.78377566896,3563.60005687114,,,,,,,,,,1.49840023593737,,36.61460114
FSM,"Micronesia, Fed. Sts.",2019,Oceania,East Asia & Pacific,Micronesia,110282.0,22.359245777081,4.77276436771186,60.8767323121809,395000000.0,3581.72684572278,3741.7086219508,,,,,,,,,,1.92385170787923,,37.97370148
FSM,"Micronesia, Fed. Sts.",2020,Oceania,East Asia & Pacific,Micronesia,110916.0,22.3752060036598,5.03396699318857,60.7734566380148,372902700.0,3362.02802120524,3692.79209583749,,,,,,,,,,0.554594630853174,,39.38330078
FSM,"Micronesia, Fed. Sts.",2021,Oceania,East Asia & Pacific,Micronesia,111624.0,22.3928762855411,5.28736970826297,60.7118175535591,391601900.0,3508.22314197664,3955.73141317971,,,,,,,,,,3.19128406597466,,
FSM,"Micronesia, Fed. Sts.",2022,Oceania,East Asia & Pacific,Micronesia,112114.0,22.4122701819053,5.51940667270222,60.8706881708087,415232900.0,3703.66680343222,4087.19316400156,,,,,,,,,,5.40874375479067,,39.0279007
FSM,"Micronesia, Fed. Sts.",2023,Oceania,East Asia & Pacific,Micronesia,112630.0,22.4334012451903,5.73112966736364,60.9275875864434,442975600.0,3933.01607031874,4266.72631824787,,,,,,,,,,,,39.39889908
GAB,Gabon,2013,Africa,Sub-Saharan Africa ,Sub-Saharan Africa,1913059.0,87.1482480671637,4.08304293883329,69.1388947339571,17595744798.3398,9197.70106323947,14497.9921216902,5680506393.13708,4953564188.63677,2589.34208962545,2969.331522518166,32.2834097575286,,1.1022561117847385,2013.0,2023.0,0.505441058915615,19.736,30.53800011
GAB,Gabon,2014,Africa,Sub-Saharan Africa ,Sub-Saharan Africa,1978399.0,87.6236017962969,4.04210575265511,68.6350137744804,18203966895.8433,9201.36276648105,14853.6712460355,6278553005.78525,5227991644.70635,2642.53653823437,3173.5524561957673,34.4900264964714,5.5400000003856364,1.1022561117847385,2013.0,2023.0,4.69045751826284,19.873,38.07120132
GAB,Gabon,2015,Africa,Sub-Saharan Africa ,Sub-Saharan Africa,2040989.0,88.085308383892,4.01687514805931,68.3469004124975,14383107762.6952,7047.12654634355,14306.4340768252,5442339301.95339,5442339301.95339,2666.5206436455,2666.5206436455023,37.8384101109841,4.099999996443748,1.1022561117847385,2013.0,2023.0,-0.338795188753406,19.943,45.78450012
GAB,Gabon,2016,Africa,Sub-Saharan Africa ,Sub-Saharan Africa,2100306.0,88.5445883406178,4.00291671784968,68.2944242565074,14023890265.3665,6677.07003901644,13997.7352841911,5671152360.24215,5567513105.97717,2650.8104561798,2700.155291772794,40.4392237312901,2.300000001448854,1.1022561117847385,2013.0,2023.0,2.10670712784054,20.117,48.0522995
GAB,Gabon,2017,Africa,Sub-Saharan Africa ,Sub-Saharan Africa,2156900.0,89.0009733256896,3.99443645973388,68.4228116122644,14929487485.1623,6921.73373135624,14796.6286374171,5967277898.5175,5590896661.09562,2592.09822481136,2766.599238962168,39.9697438003019,0.4200000013173888,1.1022561117847385,2013.0,2023.0,2.65192583143902,20.307,51.60490036
GAB,Gabon,2018,Africa,Sub-Saharan Africa ,Sub-Saharan Africa,2212318.0,89.4539949981866,3.99083766231565,68.6293819615364,16867326401.9626,7624.2775233771,15432.0430535353,6513218333.09809,5568533074.45978,2517.0581600203,2944.0696740242993,38.6144085783521,-0.39999999984721146,1.1022561117847385,2013.0,2023.0,4.74906652083221,20.459,55.42020035
GAB,Gabon,2019,Africa,Sub-Saharan Africa ,Sub-Saharan Africa,2267706.0,89.9031850170394,3.99260397789748,68.8283668428129,16874405465.391,7441.1786472281,15949.6373739622,6357215782.35636,5621184389.81107,2478.79768797678,2803.36859467513,37.6737171297373,0.9455149973478072,1.1022561117847385,2013.0,2023.0,2.46456756151187,20.371,59.51760101
GAB,Gabon,2020,Africa,Sub-Saharan Africa ,Sub-Saharan Africa,2322539.0,90.3480750410147,3.99306534788006,68.9505821693099,15342236163.9943,6605.80346077904,14477.1308291818,6429020661.99473,5508760702.12169,2371.87005347238,2768.100196377641,41.9040653088275,-1.9999999980993222,1.1022561117847385,2013.0,2023.0,1.35276110675333,21.279,63.91790009
GAB,Gabon,2021,Africa,Sub-Saharan Africa ,Sub-Saharan Africa,2376722.0,90.7881967286967,3.99541890048563,68.9693587373809,19444935097.2333,8181.40914134398,18523.5798032135,6649439900.86752,5429860455.89664,2284.60057840027,2797.7356631812727,34.1962565964728,-1.4322685353651665,1.1022561117847385,2013.0,2023.0,1.0869074651941,21.223,65.76809692
GAB,Gabon,2022,Africa,Sub-Saharan Africa ,Sub-Saharan Africa,2430747.0,91.2243355459988,4.01133890116906,68.8765794313179,20440655695.229,8409.20741452279,19989.3886367516,6146854786.31137,5412612479.10168,2226.72803014945,2528.7925013633135,30.071710408713,-0.317650461463137,1.1022561117847385,2013.0,2023.0,4.23124798274579,20.319,67.67169952
GAB,Gabon,2023,Africa,Sub-Saharan Africa ,Sub-Saharan Africa,2484789.0,91.6375962797313,4.04183293668656,68.6454953915487,19388372070.9778,7802.82433276138,20772.7726890351,6685090126.23857,5527468361.71632,2224.52222772892,2690.4055540484806,34.479893937281,2.1220045413948174,1.1022561117847385,2013.0,2023.0,3.62901534185376,20.161,68.19789886
GBR,United Kingdom,2013,Europe,Europe & Central Asia,Northern Europe,64138000.0,81.4573768694887,17.3279065798855,54.1548132724174,2796908333283.39,43607.6636827371,40121.0839005273,1795159871011.89,1769299382637.19,27585.8209273315,27989.021656613706,64.1837220637291,,1.4663526510992897,2013.0,2023.0,2.29166666666659,7.752,89.8441
GBR,United Kingdom,2014,Europe,Europe & Central Asia,Northern Europe,64619000.0,81.6355750750722,17.5840843935351,54.8438602428906,3085362169410.29,47746.9810645521,41545.5712797638,1964924774416.53,1818341467409.33,28139.4244325868,30407.84868872205,63.6853849411167,2.7718364259553097,1.4663526510992897,2013.0,2023.0,1.45112016293279,6.398,91.6133009176453
GBR,United Kingdom,2015,Europe,Europe & Central Asia,Northern Europe,65087000.0,81.8243772295647,17.7699801979471,55.4015634705211,2945579890258.46,45256.040227057,42772.4983791214,1872228958025.37,1872228958025.37,28765.0215561536,28765.021556153613,63.5606239782242,2.9635517630698827,1.4663526510992897,2013.0,2023.0,0.36804684232536,5.552,92.0002998740234
GBR,United Kingdom,2016,Europe,Europe & Central Asia,Northern Europe,65606000.0,82.0229991698295,17.9162025708266,55.9245937781273,2706807606538.73,41258.5374285695,44376.0697257123,1735047534225.43,1938979652611.4,29554.9134623571,26446.476453760784,64.0994036677799,3.5653061715502643,1.4663526510992897,2013.0,2023.0,1.0084173681141,4.909,94.7758006318882
GBR,United Kingdom,2017,Europe,Europe & Central Asia,Northern Europe,65964000.0,82.23065673273,18.0734136212163,56.4799614488644,2699118387873.1,40918.0520870944,46440.8214149807,1717766456941.47,1979129708486.65,30003.1791353868,26040.96866383891,63.6417603858819,2.07067958764684,1.4663526510992897,2013.0,2023.0,2.55775577557747,4.501,90.4245504868553
GBR,United Kingdom,2018,Europe,Europe & Central Asia,Northern Europe,66287000.0,82.4465657551295,18.2557500676941,57.0044441682182,2897028009916.05,43704.3162296687,47636.0128366551,1854244995050.28,2020054597814.88,30474.370507262,27972.981052850184,64.0050765371791,2.067822495551508,1.4663526510992897,2013.0,2023.0,2.29283990345938,4.145,90.692008988783
GBR,United Kingdom,2019,Europe,Europe & Central Asia,Northern Europe,66628000.0,82.6699420738913,18.457958087858,57.4310228571992,2875710080015.3,43160.6843971799,50493.9441896153,1819583761239.25,2042894836466.87,30661.2060465101,27309.59598425962,63.2742422083649,1.1306743231938698,1.4663526510992897,2013.0,2023.0,1.73810460086513,3.657,92.5166285497138
GBR,United Kingdom,2020,Europe,Europe & Central Asia,Northern Europe,66740000.0,82.9000015258789,18.6057953275723,57.6593804283998,2724001478304.59,40815.1255364787,48719.8339897935,1597961123617.3,1779155463027.86,26658.0081364677,23943.07946684597,58.6622707933281,-12.91008077024366,1.4663526510992897,2013.0,2023.0,0.989486703772491,4.472,94.81820132
GBR,United Kingdom,2021,Europe,Europe & Central Asia,Northern Europe,66978000.0,82.9886431523641,18.7186487679579,57.6129616035077,3194559188925.93,47695.6491523474,51840.4424245515,1890025107164.37,1908901242579.7,28500.4216694989,28218.595765241873,59.1638781875201,7.292548754060624,1.4663526510992897,2013.0,2023.0,2.51837109614213,4.864,96.19650269
GBR,United Kingdom,2022,Europe,Europe & Central Asia,Northern Europe,67636000.0,83.0753982997505,18.9303147227989,57.6281944435899,3181244350465.41,47034.7795621476,60266.7467325014,1977801807509.83,2054655069079.73,30378.1280542866,29241.85060485289,62.1706976774822,7.6354828237765515,1.4663526510992897,2013.0,2023.0,7.92204883147902,3.768,95.46530151
GBR,United Kingdom,2023,Europe,Europe & Central Asia,Northern Europe,68526000.0,83.1601932891335,19.238129106618,57.8463970694922,3420796653789.08,49919.6896621586,60786.7193353069,2124077512840.85,2046547454512.93,29865.2694526593,30996.665686613112,62.0930656748653,-0.3945973554788207,1.4663526510992897,2013.0,2023.0,6.79396706793963,4.025,95.44719696
GEO,Georgia,2013,Middle East,Europe & Central Asia,Western Asia,3717668.0,56.6182119019407,13.8538640763955,48.3975588463877,17517660143.6859,4712.00229382665,10797.3423273476,13241211891.6644,10449418022.1014,2810.74534415162,3561.698325849538,75.5877884549386,,4.941293329542207,2013.0,2023.0,-0.512058410947092,19.416,43.3
GEO,Georgia,2014,Middle East,Europe & Central Asia,Western Asia,3719414.0,57.0237612994258,14.0293265167653,49.325960072298,17966015109.3043,4830.33486170249,11770.6989360253,13640173543.4824,11037678048.8405,2967.58522951209,3667.291015058394,75.9220865645294,5.629596074105558,4.941293329542207,2013.0,2023.0,3.06881210379543,17.439,49.1024547144647
GEO,Georgia,2015,Middle East,Europe & Central Asia,Western Asia,3725276.0,57.3803800455672,14.1419424262625,50.5208240737897,15223796148.8396,4086.6223465965,12269.6528932768,11456738649.353,11456738649.353,3075.40666768126,3075.406667681267,75.2554654393887,3.796637287826332,4.941293329542207,2013.0,2023.0,4.00357820695097,16.506,47.5697596438736
GEO,Georgia,2016,Middle East,Europe & Central Asia,Western Asia,3727505.0,57.6984032005062,14.2606638033131,51.7515422454964,15444548901.9637,4143.40125686315,13065.294157468,10940857176.0555,11443700826.3302,3070.06987953878,2935.1690141409604,70.8396033157333,-0.11380047517743908,4.941293329542207,2013.0,2023.0,2.13492713939121,16.604,58.4592896118725
GEO,Georgia,2017,Middle East,Europe & Central Asia,Western Asia,3728004.0,57.9996827205757,14.374380908966,52.905572681768,16473125375.0684,4418.75206546679,13718.9378669764,11830102066.4328,12417836003.8115,3330.96101930456,3173.3072353014645,71.814557329463,8.512413879607594,4.941293329542207,2013.0,2023.0,6.03531725272117,13.939,59.7055045962571
GEO,Georgia,2018,Middle East,Europe & Central Asia,Western Asia,3726549.0,58.3038181862576,14.5183098161021,53.9980916306557,17902544880.6471,4804.0546040444,15021.9057577433,12396162556.7173,12800890039.6368,3435.05211916891,3326.445608716617,69.2424604398995,3.0847084444320716,4.941293329542207,2013.0,2023.0,2.6152447139767,12.667,62.7179081974285
GEO,Georgia,2019,Middle East,Europe & Central Asia,Western Asia,3720161.0,58.6304091780343,14.7044720808539,55.0571018914481,17638337116.9126,4741.2832715876,16770.1333771469,12150966231.5551,13460752135.1721,3618.32515721016,3266.2474101403404,68.889522583759,5.154814184733225,4.941293329542207,2013.0,2023.0,4.85289821696723,11.565,68.8467135616978
GEO,Georgia,2020,Middle East,Europe & Central Asia,Western Asia,3722716.0,58.9990552763878,14.8874851870996,55.9766272791797,16010869215.68,4300.85701291207,16791.2598654465,12788257902.6916,14825288059.2128,3982.38491983079,3435.1956750640124,79.8723525276668,10.137144717755042,4.941293329542207,2013.0,2023.0,5.2024648897534,11.734,72.53157487
GEO,Georgia,2021,Middle East,Europe & Central Asia,Western Asia,3708610.0,59.4293560618005,14.9888437253115,56.6470045343285,18853115588.8106,5083.60695484577,18915.6534005263,15355279393.9582,16643484402.5688,4487.79580558991,4140.440594712898,81.4469063302813,12.264155246724728,4.941293329542207,2013.0,2023.0,9.56691433824769,11.785,76.4427093
GEO,Georgia,2022,Middle East,Europe & Central Asia,Western Asia,3712502.0,60.0101622679115,15.086921296037,56.9467002951653,24984568959.605,6729.84659930283,22457.7729614408,18274142137.0276,16172918512.8239,4356.33934010645,4922.325196599921,73.1417146582487,-2.8273279702913157,4.941293329542207,2013.0,2023.0,11.8981654203198,11.621,78.71127536
GEO,Georgia,2023,Middle East,Europe & Central Asia,Western Asia,3715483.0,60.7523077799724,15.317458316393,57.1296262620538,30777833600.6515,8283.66960652261,25092.632631604,21996831224.279,16926073637.7397,4555.55136108541,5920.31540025321,71.4697191156864,4.65689061821839,4.941293329542207,2013.0,2023.0,2.48776056578715,11.549,81.88425624
GHA,Ghana,2013,Africa,Sub-Saharan Africa ,Sub-Saharan Africa,27386193.0,52.4985794475913,3.34807585976035,73.0364754591143,62845721959.827,2294.79584693743,5214.56935848794,47965599628.4114,37392058975.4919,1365.36169797284,1751.4518950630122,76.322776050011,,4.298167891251681,2013.0,2023.0,11.6661923071729,2.173,15.0
GHA,Ghana,2014,Africa,Sub-Saharan Africa ,Sub-Saharan Africa,28041592.0,53.0663398797148,3.35054259133107,72.7330535019516,54678533805.9064,1949.90832923846,5517.13178763566,39335681669.2315,35533253993.3827,1267.16250608677,1402.762071041883,71.9398984048515,-4.971122299864595,4.298167891251681,2013.0,2023.0,15.4896160333318,4.403,19.0
GHA,Ghana,2015,Africa,Sub-Saharan Africa ,Sub-Saharan Africa,28696068.0,53.6226415210752,3.35879820466689,72.3116450715179,49436806230.4839,1722.77282833606,5191.37053389659,36320098978.323,36320098978.323,1265.68207805763,1265.682078057628,73.4677293047446,2.214390455450088,4.298167891251681,2013.0,2023.0,17.1499695007878,6.806,23.0
GHA,Ghana,2016,Africa,Sub-Saharan Africa ,Sub-Saharan Africa,29356742.0,54.167052758274,3.36936577242403,71.7313257725725,56144179397.8516,1912.47991339951,5011.07931572904,40506865840.2326,35705572636.0359,1216.26482380217,1379.814757381204,72.1479346116913,-1.6919732037455892,4.298167891251681,2013.0,2023.0,17.4546347070868,5.256,28.0
GHA,Ghana,2017,Africa,Sub-Saharan Africa ,Sub-Saharan Africa,30008354.0,54.6991419779128,3.38515734651757,71.0007408539075,60385409434.8567,2012.28662641265,5170.96094857439,46057185838.9145,37966734418.2645,1265.20549638492,1534.8121339449174,76.2720436442525,6.332797978841342,4.298167891251681,2013.0,2023.0,12.3719215507048,3.369,37.88420105
GHA,Ghana,2018,Africa,Sub-Saharan Africa ,Sub-Saharan Africa,30637585.0,55.218477566593,3.40728721613155,70.2220127738796,67259353965.6087,2195.32166016377,5536.49795400218,48584532811.7433,39411426533.5353,1286.37510213469,1585.7820651250188,72.2346111688579,3.8051524246336177,4.298167891251681,2013.0,2023.0,7.80876516610703,3.204,43.0
GHA,Ghana,2019,Africa,Sub-Saharan Africa ,Sub-Saharan Africa,31258945.0,55.7246279109161,3.43641156155462,69.4561926050096,68352629246.1555,2186.65822682613,6002.55044678386,52108711376.4529,44965040232.3689,1438.4695399147,1667.0016015080773,76.2351235806834,14.091379549806483,4.298167891251681,2013.0,2023.0,7.14364003330857,3.067,22.0732
GHA,Ghana,2020,Africa,Sub-Saharan Africa ,Sub-Saharan Africa,31887809.0,56.2171613974837,3.46870648905354,68.6146228058037,70008243859.8666,2195.45481659987,6047.30111673554,54233692739.5117,45716138894.9922,1433.65569252476,1700.7657296088203,77.4675806010356,1.6704058502823527,4.298167891251681,2013.0,2023.0,9.88728956269944,3.178,62.51760101
GHA,Ghana,2021,Africa,Sub-Saharan Africa ,Sub-Saharan Africa,32518665.0,56.6952556826536,3.50669069594339,67.736408434496,79514204730.3979,2445.18662529344,6607.50297378321,61667449004.0896,48956677009.6411,1505.49467543151,1896.3708689790801,77.5552609916432,7.08838977432511,4.298167891251681,2013.0,2023.0,9.9710886750444,3.2,68.6
GHA,Ghana,2022,Africa,Sub-Saharan Africa ,Sub-Saharan Africa,33149152.0,57.250609602871,3.56150287042033,66.9188069536881,73919003212.1998,2229.89122654479,7207.01563645025,57455010577.6267,51704964982.1277,1559.76735037227,1733.2271600077945,77.726982346732,5.613714288544092,4.298167891251681,2013.0,2023.0,31.2558951049016,2.87,69.91329956
GHA,Ghana,2023,Africa,Sub-Saharan Africa ,Sub-Saharan Africa,33787914.0,57.8074737774654,3.6318149146467,66.1425812587668,80547146875.9526,2383.90410476221,7562.64422849208,68650427211.5376,56956878048.6735,1685.71750385873,2031.804248452201,85.2301166138924,10.157463733630179,4.298167891251681,2013.0,2023.0,38.1069656296501,2.829,70.67430115
GIB,Gibraltar,2013,Europe,Europe & Central Asia,Southern Europe,32407.0,100.0,16.7121808223405,53.42044217204,,,,,,,,,,,,,,,
GIB,Gibraltar,2014,Europe,Europe & Central Asia,Southern Europe,32813.0,100.0,17.0206930180112,54.2254183117127,,,,,,,,,,,,,,,
GIB,Gibraltar,2015,Europe,Europe & Central Asia,Southern Europe,33193.0,100.0,17.3292159373352,54.9915950691072,,,,,,,,,,,,,,,
GIB,Gibraltar,2016,Europe,Europe & Central Asia,Southern Europe,33658.0,100.0,17.523062525068,55.4354853606724,,,,,,,,,,,,,,,94.4444715818151
GIB,Gibraltar,2017,Europe,Europe & Central Asia,Southern Europe,34245.0,100.0,17.5488034574895,55.5646406832016,,,,,,,,,,,,,,,
GIB,Gibraltar,2018,Europe,Europe & Central Asia,Southern Europe,34854.0,100.0,17.5130544557296,55.51490273068,,,,,,,,,,,,,,,
GIB,Gibraltar,2019,Europe,Europe & Central Asia,Southern Europe,35494.0,100.0,17.46069758269,55.300809450886,,,,,,,,,,,,,,,
GIB,Gibraltar,2020,Europe,Europe & Central Asia,Southern Europe,36173.0,100.0,17.424598457413,55.0027852765994,,,,,,,,,,,,,,,
GIB,Gibraltar,2021,Europe,Europe & Central Asia,Southern Europe,36858.0,100.0,17.3284317050341,54.7875020997816,,,,,,,,,,,,,,,
GIB,Gibraltar,2022,Europe,Europe & Central Asia,Southern Europe,37609.0,100.0,17.3373748653931,54.6890424481737,,,,,,,,,,,,,,,
GIB,Gibraltar,2023,Europe,Europe & Central Asia,Southern Europe,38471.0,100.0,17.4705293666576,54.4709897610921,,,,,,,,,,,,,,,
GIN,Guinea,2013,Africa,Sub-Saharan Africa ,Sub-Saharan Africa,11191873.0,34.5812741977122,3.55677284758324,89.8424960977693,8376613539.28278,748.455020824734,1842.00227737409,7129991549.78281,7186266393.42186,642.096849510521,637.0686613208361,85.1178285394946,,3.3107529783317657,2013.0,2023.0,11.8875884481828,4.944,4.5
GIN,Guinea,2014,Africa,Sub-Saharan Africa ,Sub-Saharan Africa,11472924.0,34.8177920826682,3.53117914840192,88.9330882934155,8778473372.82124,765.146999389279,1873.21413058957,7267278824.6825,7050473905.27506,614.53156189957,633.4286555617819,82.7852237631943,-1.8896111097565393,3.3107529783317657,2013.0,2023.0,6.1505055670642,5.044,6.400000095
GIN,Guinea,2015,Africa,Sub-Saharan Africa ,Sub-Saharan Africa,11767070.0,35.0373191833496,3.50836699365263,87.9946472888639,8794201742.84609,747.356966759448,1929.68091332187,7543994455.79384,7543994455.79384,641.110697547805,641.1106975478042,85.7837320133204,6.999820964510417,3.3107529783317657,2013.0,2023.0,11.7800825029834,5.15,9.199999809
GIN,Guinea,2016,Africa,Sub-Saharan Africa ,Sub-Saharan Africa,12073030.0,35.3100280761719,3.4919982804648,87.1231739532877,8595955222.49719,711.996509782316,2255.32617992615,7181323751.14049,8065736584.94587,668.07889858187,594.8236483418405,83.5430567663458,6.915993008867183,3.3107529783317657,2013.0,2023.0,8.17268112275132,4.997,13.10000038
GIN,Guinea,2017,Africa,Sub-Saharan Africa ,Sub-Saharan Africa,12385659.0,35.5827331542969,3.47770352792694,86.3451129475656,10324668271.1362,833.598621691121,2687.09504827171,7679963002.33722,8145446879.6105,657.651472530489,620.0689848103536,74.3845981357814,0.9882580942874197,3.3107529783317657,2013.0,2023.0,8.91435947913097,4.86,18.70000076
GIN,Guinea,2018,Africa,Sub-Saharan Africa ,Sub-Saharan Africa,12704774.0,35.8554382324219,3.46579167799443,85.5693018365772,11857030366.7891,933.273615633705,2844.46427670549,8719743236.01285,8431306271.65273,663.632920322135,686.3359581219509,73.5407008860869,3.5094378033179163,3.3107529783317657,2013.0,2023.0,9.82761701259191,4.835,21.8300230430563
GIN,Guinea,2019,Africa,Sub-Saharan Africa ,Sub-Saharan Africa,13034346.0,36.1281547546387,3.45692449778455,84.7162617278037,13442861496.4454,1031.34146480732,3105.82789015443,9840219193.52677,8853745672.14501,679.262747217621,754.9453722900074,73.2003316119022,5.010367158794615,3.3107529783317657,2013.0,2023.0,9.47001039253012,5.018,23.89049911
GIN,Guinea,2020,Africa,Sub-Saharan Africa ,Sub-Saharan Africa,13371183.0,36.4802208060551,3.44433996602993,83.7865279487499,14088693742.9464,1053.66097696415,3331.85663003801,10270093984.0529,9080491925.13896,679.109090432683,768.0766903012919,72.8959985321188,2.5610206277702607,3.3107529783317657,2013.0,2023.0,10.6016203387167,6.007,26.14550018
GIN,Guinea,2021,Africa,Sub-Saharan Africa ,Sub-Saharan Africa,13710513.0,36.8502178436256,3.43128298700421,82.8185160092224,17069115737.8259,1244.96550477914,3738.8051255133,11811822138.6341,9213894134.75694,672.031318941672,861.5156951920106,69.1999651303468,1.469107739071518,3.3107529783317657,2013.0,2023.0,12.5972882566934,5.815,28.61330032
GIN,Guinea,2022,Africa,Sub-Saharan Africa ,Sub-Saharan Africa,14055137.0,37.2384967469106,3.43104090696519,81.8207431951781,19910452541.9219,1416.59612011764,4061.71755990026,14373938515.1391,9573975473.49577,681.172689636235,1022.6822061669765,72.1929272319374,3.9080255695636668,3.3107529783317657,2013.0,2023.0,10.4930409984424,5.174,31.31399918
GIN,Guinea,2023,Africa,Sub-Saharan Africa ,Sub-Saharan Africa,14405468.0,37.6454083954705,3.44105793716664,80.7795140106788,22407615556.0571,1555.49375806861,4337.3181486001,15830268377.0635,9953104902.23956,690.925480674391,1098.9069134764313,70.6468224495414,3.959999999930619,3.3107529783317657,2013.0,2023.0,7.80497591927973,5.141,32.31560135
GMB,"Gambia, The",2013,Africa,Sub-Saharan Africa ,Sub-Saharan Africa,2103820.0,57.970305611505,2.65258022373117,87.1721872628454,1375609453.43746,653.862713272743,2006.74081646788,1176742702.45109,1110267684.48618,527.738915157276,559.3362086352873,85.5433713043018,,3.9501279314422932,2013.0,2023.0,5.69912989637382,9.454,14.0
GMB,"Gambia, The",2014,Africa,Sub-Saharan Africa ,Sub-Saharan Africa,2164528.0,58.6141799655551,2.62946471470917,86.4831870148444,1229461721.40861,568.00453558864,1933.70329718446,1074842339.25212,1115820745.78142,515.503031506832,496.5712336602345,87.4238148724684,0.5001551763446965,3.9501279314422932,2013.0,2023.0,5.94799935696626,8.191,15.56000042
GMB,"Gambia, The",2015,Africa,Sub-Saharan Africa ,Sub-Saharan Africa,2224529.0,59.2458499408388,2.6148231827951,85.7554289646096,1378176608.93204,619.536364296461,1990.31625750973,1125435952.79071,1125435952.79071,505.921007454031,505.92100745403184,81.6612287203754,0.8617160996192474,3.9501279314422932,2013.0,2023.0,6.8084549457961,7.226,17.59950066
GMB,"Gambia, The",2016,Africa,Sub-Saharan Africa ,Sub-Saharan Africa,2283769.0,59.8652472486563,2.61985721413654,85.0043055925719,1484578885.97132,650.056501323611,2012.67648180251,1172567019.84261,1131679042.23321,495.531309091773,513.4350364868819,78.9831399949774,0.5547263197891672,3.9501279314422932,2013.0,2023.0,7.22879272057922,6.244,19.90640068
GMB,"Gambia, The",2017,Africa,Sub-Saharan Africa ,Sub-Saharan Africa,2342189.0,60.471712657237,2.63862139221045,84.1843109963001,1504909462.69521,642.522641296331,2038.95429850128,1294574839.75864,1239514026.47796,529.211787126469,552.7200579281348,86.0234367481567,9.528760383505276,3.9501279314422932,2013.0,2023.0,8.03418974545911,5.097,22.5156002
GMB,"Gambia, The",2018,Africa,Sub-Saharan Africa ,Sub-Saharan Africa,2399632.0,61.0645869348107,2.6705969915387,83.2704899189591,1670671327.81651,696.219806960615,2277.44236224191,1478523130.84743,1359717830.79553,566.635980348459,616.1457802060607,88.4987433632318,9.69765583525708,3.9501279314422932,2013.0,2023.0,6.52096823946573,4.055,28.30900002
GMB,"Gambia, The",2019,Africa,Sub-Saharan Africa ,Sub-Saharan Africa,2456844.0,61.643210849607,2.71508895151666,82.281039268218,1813609692.49994,738.186751987483,2421.72318070615,1567081164.86722,1414551580.2095,575.759625035005,637.8431698826706,86.4067484502198,4.032730039429455,3.9501279314422932,2013.0,2023.0,7.11567625631192,4.481,31.11829948
GMB,"Gambia, The",2020,Africa,Sub-Saharan Africa ,Sub-Saharan Africa,2515733.0,62.2069251698555,2.76623100181319,81.1932945603832,1812170891.19069,720.335143352133,2530.80414937307,1590021309.99273,1397038074.7609,555.320487015475,632.0310263421158,87.74124547095,-1.2380959233742606,3.9501279314422932,2013.0,2023.0,5.93127636562441,5.84,36.01100159
GMB,"Gambia, The",2021,Africa,Sub-Saharan Africa ,Sub-Saharan Africa,2576010.0,62.7550706637859,2.82128229728966,80.002725185959,2014158842.14596,781.890925169531,2777.79620978324,1830610456.7738,1498244852.34133,581.614532684784,710.6379465816515,90.8870948243285,7.244382197511068,3.9501279314422932,2013.0,2023.0,7.37034758876618,6.213,41.67309952
GMB,"Gambia, The",2022,Africa,Sub-Saharan Africa ,Sub-Saharan Africa,2636470.0,63.2869880996278,2.88979203252834,78.8082209990315,2204734527.88096,836.244875868476,3066.82429529872,2018443312.94091,1537241149.96666,583.067946901218,765.5855416298725,91.5504015297889,2.6027987057248847,3.9501279314422932,2013.0,2023.0,11.5131198380505,6.067,48.22539902
GMB,"Gambia, The",2023,Africa,Sub-Saharan Africa ,Sub-Saharan Africa,2697845.0,63.8020182456108,2.97785770163636,77.6473477794781,2382262185.38179,883.024111978927,3291.84381275128,2211034508.77909,1635603310.63066,606.262891541457,819.5557968597492,92.8123916144329,6.3986161615653625,3.9501279314422932,2013.0,2023.0,16.9742129632327,6.479,48.72829819
GNB,Guinea-Bissau,2013,Africa,Sub-Saharan Africa ,Sub-Saharan Africa,1695973.0,41.2976379394531,2.7923498782115,83.3690490606512,1109682824.13594,654.304534409417,1415.82511935379,878796114.855921,744480131.379268,438.969329924042,518.1663356998732,79.1934502131452,,5.739584204726533,2013.0,2023.0,1.20712555668405,3.173,3.099999905
GNB,Guinea-Bissau,2014,Africa,Sub-Saharan Africa ,Sub-Saharan Africa,1741122.0,41.7271995544434,2.79988915196949,82.7321224104691,1135250721.0374,652.022501029449,1455.90813665193,861898648.876767,739862286.689733,424.934201445811,495.02484540242847,75.9214359352408,-0.6202777609363053,5.739584204726533,2013.0,2023.0,-1.50924460570494,3.285,3.319999933
GNB,Guinea-Bissau,2015,Africa,Sub-Saharan Africa ,Sub-Saharan Africa,1786457.0,42.1568145751953,2.81952009466785,82.028063446907,1152384166.79638,645.066837207039,1729.94260310123,839678919.884972,839678919.884972,470.024702461336,470.0247024613366,72.86449641349,13.491244923678325,5.739584204726533,2013.0,2023.0,1.47672048910485,3.168,6.099999905
GNB,Guinea-Bissau,2016,Africa,Sub-Saharan Africa ,Sub-Saharan Africa,1831893.0,42.586109161377,2.84981086509669,81.2544895782418,1245074264.10396,679.665386626818,1824.3730977071,903593639.422401,882995045.202911,482.012347447647,493.2567783284291,72.5734733640718,5.158653420032611,5.739584204726533,2013.0,2023.0,1.50312055861088,3.139,13.80000019
GNB,Guinea-Bissau,2017,Africa,Sub-Saharan Africa ,Sub-Saharan Africa,1877072.0,43.0155792236328,2.88896826785767,80.3631723483211,1469978606.12143,783.123186602022,2081.81287227685,1014218813.4384,943575713.889207,502.684880435703,540.3196113086765,68.9954812413523,6.860816378915757,5.739584204726533,2013.0,2023.0,1.69111461822298,3.089,14.80000019
GNB,Guinea-Bissau,2018,Africa,Sub-Saharan Africa ,Sub-Saharan Africa,1922168.0,43.4449081420898,2.93416156500409,79.3500481926137,1554133593.91699,808.531613218504,2057.96969129146,1070333783.99903,1015967718.55485,528.553028952127,556.8367510014889,68.8701272650185,7.672092827321664,5.739584204726533,2013.0,2023.0,0.381324702790992,3.127,15.69999981
GNB,Guinea-Bissau,2019,Africa,Sub-Saharan Africa ,Sub-Saharan Africa,1967696.0,43.8745574951172,2.98298111090331,78.2909872123504,1596214680.12925,811.210004050041,2247.29524698075,1149734102.19889,1139998061.74336,579.356801936559,584.3047412806094,72.0287888910906,12.208098832602232,5.739584204726533,2013.0,2023.0,0.24660026814783,2.413,17.92149925
GNB,Guinea-Bissau,2020,Africa,Sub-Saharan Africa ,Sub-Saharan Africa,2013255.0,44.3038330078125,3.01894196214588,77.1805719224165,1705062169.81422,846.918134967613,2339.79956661743,1139820420.23416,1091421083.99215,542.117657222831,566.1579979854315,66.8492000123578,-4.261145644135822,5.739584204726533,2013.0,2023.0,1.14000939393222,2.887,20.45730019
GNB,Guinea-Bissau,2021,Africa,Sub-Saharan Africa ,Sub-Saharan Africa,2058841.0,44.7334136962891,3.04676197754902,76.0215209126125,1907611288.23036,926.54619187706,2522.12869240841,1332365609.89164,1190862970.37377,578.414248780634,647.1435190437921,69.8447119762876,9.111230105422363,5.739584204726533,2013.0,2023.0,2.24248879577658,3.016,23.3519001
GNB,Guinea-Bissau,2022,Africa,Sub-Saharan Africa ,Sub-Saharan Africa,2105529.0,45.1627159118652,3.09029227334318,74.8100197016606,1856239954.81555,881.602654162231,2785.7846268362,1399736818.84268,1307861331.42447,621.155695991111,664.7910424613862,75.4071053804985,9.824670340868714,5.739584204726533,2013.0,2023.0,9.39075933985203,2.666,27.67379951
GNB,Guinea-Bissau,2023,Africa,Sub-Saharan Africa ,Sub-Saharan Africa,2153339.0,45.5923843383789,3.14256138954433,73.5656689085059,2076748678.11987,964.431832665395,2955.52345541775,1503764400.71402,1300855612.29879,604.110923685864,698.3407632119328,72.4095513606109,-0.5356622263653632,5.739584204726533,2013.0,2023.0,7.10220928557059,2.632,28.71240044
GNQ,Equatorial Guinea,2013,Africa,Sub-Saharan Africa ,Sub-Saharan Africa,1346218.0,62.2120073583984,3.25809044300403,71.096275000985,21948834283.7856,16304.0713196418,27909.5175876754,5667313486.35325,4861953903.24058,3611.56506839203,4209.803676932896,25.8205671111195,,1.7687966896750673,2013.0,2023.0,2.94887694639662,7.675,16.39999962
GNQ,Equatorial Guinea,2014,Africa,Sub-Saharan Africa ,Sub-Saharan Africa,1399828.0,65.5593240167184,3.25068624526951,71.1300002078262,21765453081.9826,15548.6624656619,27177.271665026,6045775563.47366,5037388519.39666,3598.57676757191,4318.941729607966,27.7769341198706,3.608315085816627,1.7687966896750673,2013.0,2023.0,4.30999866149107,7.669,18.86000061
GNQ,Equatorial Guinea,2015,Africa,Sub-Saharan Africa ,Sub-Saharan Africa,1453923.0,68.951270615355,3.26853622922259,71.204856163819,13185496881.0174,9068.91003238645,19478.7010123338,5134187990.98255,5134187990.98255,3531.26540468962,3531.2654046896223,38.9381457317245,1.9216201254511178,1.7687966896750673,2013.0,2023.0,1.67663085315988,7.778,21.31999969
GNQ,Equatorial Guinea,2016,Africa,Sub-Saharan Africa ,Sub-Saharan Africa,1508186.0,69.253269853051,3.29999084993496,71.2514690269506,11240808847.8878,7453.19797948517,16649.4757672359,5367384175.05545,5279919911.27078,3500.84134932348,3558.8343712615356,47.7490921488625,2.838460931780973,1.7687966896750673,2013.0,2023.0,1.41193915479015,7.798,23.78000069
GNQ,Equatorial Guinea,2017,Africa,Sub-Saharan Africa ,Sub-Saharan Africa,1562396.0,69.5516019132985,3.34265555680364,71.2419346530161,12200913878.9827,7809.10465655488,18434.7708571004,5731427388.03949,5459554146.84323,3494.34723773181,3668.3576942334016,46.9753941785659,3.4022151583965154,1.7687966896750673,2013.0,2023.0,0.74435474661241,7.843,26.23999977
GNQ,Equatorial Guinea,2018,Africa,Sub-Saharan Africa ,Sub-Saharan Africa,1616422.0,69.8396623666175,3.39134829889719,71.0879666380889,13097012133.6159,8102.47084834031,18413.1294204577,6337287688.67224,5645185996.06104,3492.39616638541,3920.565105320418,48.3872781365636,3.4001283662539405,1.7687966896750673,2013.0,2023.0,1.06007410662171,7.818,29.39999962
GNQ,Equatorial Guinea,2019,Africa,Sub-Saharan Africa ,Sub-Saharan Africa,1670177.0,70.1175419547293,3.44128197191076,70.7256912891081,11364133549.7478,6804.14923073888,16451.3641478324,6394020451.70296,5837122931.04224,3494.91277334213,3828.3490023530203,56.2649182510257,3.400010825420541,1.7687966896750673,2013.0,2023.0,1.53027528964189,7.917,49.13370132
GNQ,Equatorial Guinea,2020,Africa,Sub-Saharan Africa ,Sub-Saharan Africa,1716468.0,70.3853314193247,3.48287778074576,70.5844003545916,9893816007.7398,5764.05502912947,13677.110587517,6016784581.1331,5374497306.87706,3131.13749098559,3505.328722197617,60.8135887753143,-7.925576172208126,1.7687966896750673,2013.0,2023.0,4.76669523944228,8.625,55.00130081
GNQ,Equatorial Guinea,2021,Africa,Sub-Saharan Africa ,Sub-Saharan Africa,1758786.0,70.6431215020592,3.52077981039768,70.5208353532024,12215878032.7166,6945.63069794539,16821.4486470413,6471476098.59455,5483029067.05362,3117.50779631724,3679.5130837944753,52.9759390300282,2.019384399684898,1.7687966896750673,2013.0,2023.0,-0.0971007664640198,8.821,58.71730042
GNQ,Equatorial Guinea,2022,Africa,Sub-Saharan Africa ,Sub-Saharan Africa,1803545.0,70.8910029445467,3.56750178121422,70.2001204157552,13687643435.6249,7589.29964909381,18137.114494644,6348140147.0019,5699112817.35255,3159.95044057816,3519.8124510349894,46.3786200806456,3.9409557683604435,1.7687966896750673,2013.0,2023.0,4.78671704710803,8.334,63.65950012
GNQ,Equatorial Guinea,2023,Africa,Sub-Saharan Africa ,Sub-Saharan Africa,1847549.0,71.1290664883517,3.62342216634038,69.80165670554,12541814272.8021,6788.35271638376,16997.002016833,6675111971.87133,5793716383.20205,3135.89322026212,3612.955310993825,53.222857767451,1.6599700493987957,1.7687966896750673,2013.0,2023.0,2.85949506037322,8.218,63.51950073
GRC,Greece,2013,Europe,Europe & Central Asia,Southern Europe,10965211.0,77.0951999650171,20.2915184129021,53.7320344476507,236556279640.705,21573.3449762805,25730.8809006664,163718980684.317,131815157988.201,12021.2149121619,14930.764276612368,69.2093149811887,,1.8038005151517433,2013.0,2023.0,-0.921269454256994,27.686,59.8663
GRC,Greece,2014,Europe,Europe & Central Asia,Southern Europe,10892413.0,77.3130486275866,20.6970672852563,54.5221040368717,233911581521.062,21474.7257123892,26450.181326726,160091574211.072,131967054431.301,12115.5022703694,14697.530676726266,68.4410635719875,0.11523442782930271,1.8038005151517433,2013.0,2023.0,-1.31226096405506,26.708,63.2073404784561
GRC,Greece,2015,Europe,Europe & Central Asia,Southern Europe,10820883.0,77.5194426317545,21.0794802004731,55.1924638263983,194567373678.099,17980.7298238137,26607.7256796976,132472582720.291,132472582720.291,12242.3080186978,12242.308018697828,68.0857125303338,0.38307158644141914,1.8038005151517433,2013.0,2023.0,-1.73588804765284,24.981,66.8349594911035
GRC,Greece,2016,Europe,Europe & Central Asia,Southern Europe,10775971.0,77.7122988766348,21.3988876993596,55.851580185391,193097239005.87,17919.2426377048,27504.5497984948,131484633010.38,132921795036.373,12335.0178871466,12201.650599317685,68.0924459030629,0.3390983302790307,1.8038005151517433,2013.0,2023.0,-0.825653978390973,23.514,69.0879154723892
GRC,Greece,2017,Europe,Europe & Central Asia,Southern Europe,10754679.0,77.8895342613411,21.6563374262051,56.436632254429,200381103984.298,18631.9930129293,28681.6815585005,138042789904.12,136334874397.636,12676.7962481852,12835.602987696797,68.8901234494333,2.5677349303995234,1.8038005151517433,2013.0,2023.0,1.12125452031419,21.413,69.8929706543154
GRC,Greece,2018,Europe,Europe & Central Asia,Southern Europe,10732882.0,78.0490656849874,21.8966337548395,56.9000604480465,213298873494.394,19873.4015238771,29792.0592519585,147685453082.812,139422441573.941,12990.2147041159,13760.092870005652,69.238740300564,2.2646936009195873,1.8038005151517433,2013.0,2023.0,0.62562141345364,19.179,72.2383733920483
GRC,Greece,2019,Europe,Europe & Central Asia,Southern Europe,10721582.0,78.1888100466875,22.1273853041386,57.2897286477691,207305649887.019,19335.3602002969,31927.3792151369,143751682622.314,143067171662.354,13343.8490385425,13407.69325108123,69.3428677417415,2.6141631485344874,1.8038005151517433,2013.0,2023.0,0.253007522038157,17.045,75.6712066931757
GRC,Greece,2020,Europe,Europe & Central Asia,Southern Europe,10698599.0,78.3066842455552,22.3934327342108,57.6385194008422,191362985554.861,17886.733165236,29533.087740299,135984596354.279,134201757003.324,12543.8627060725,12710.505025403701,71.061075871067,-6.196679892402457,1.8038005151517433,2013.0,2023.0,-1.24798355581405,15.899,78.11584474
GRC,Greece,2021,Europe,Europe & Central Asia,Southern Europe,10570130.0,78.3884898647442,22.8389533365326,58.3823620857966,218303801895.326,20652.89659591,33528.2271202515,149424322640.242,141032739105.516,13342.5737531625,14136.46971610018,68.4478792137065,5.090083956220326,1.8038005151517433,2013.0,2023.0,1.22382501019854,14.656,78.49426371
GRC,Greece,2022,Europe,Europe & Central Asia,Southern Europe,10437805.0,78.5502190980809,23.2281742678017,58.922948792906,217990189600.69,20884.6773436263,39447.813910406,154669326153.351,154079611371.295,14761.6870952556,14818.18506413475,70.9524251695323,9.2509528982613,1.8038005151517433,2013.0,2023.0,9.64525981280632,12.426,83.17066333
GRC,Greece,2023,Europe,Europe & Central Asia,Southern Europe,10407351.0,78.7746303842088,23.4829980176041,58.9062451092587,242946187738.269,23343.7103964562,42613.6574438075,168075451116.125,157617802144.668,15144.8531086026,16149.68603596871,69.1821726781717,2.2963393676057375,1.8038005151517433,2013.0,2023.0,3.46480128513405,11.023,85.0102229
GRD,Grenada,2013,Latin America,Latin America & Caribbean ,Latin America and the Caribbean,113487.0,35.8792242623778,9.85178919171359,49.0243454053628,842618518.518518,7424.80212287327,11199.4040197944,,,,,,,,,,-0.0439997864828058,,35.0
GRD,Grenada,2014,Latin America,Latin America & Caribbean ,Latin America and the Caribbean,114132.0,35.9014624346562,9.95211663738757,48.5507152061017,911496296.296296,7986.33421210788,12228.6481055395,,,,,,,,,,-0.98360305555498,,51.6
GRD,Grenada,2015,Latin America,Latin America & Caribbean ,Latin America and the Caribbean,114676.0,35.9319491111708,10.0670584952388,48.0008776005369,997007407.407407,8694.12438005692,13214.4096644941,,,,,,,,,,-0.515448031435329,,52.5
GRD,Grenada,2016,Latin America,Latin America & Caribbean ,Latin America and the Caribbean,115130.0,35.9706014181883,10.203682793364,47.6467118087617,1061640740.74074,9221.23461079424,13977.5055879135,,,,,,,,,,1.65038994431573,,53.29999924
GRD,Grenada,2017,Latin America,Latin America & Caribbean ,Latin America and the Caribbean,115438.0,36.0173296416579,10.363571787453,47.406527735213,1125685185.18519,9751.42661155932,15041.4525712067,,,,,,,,,,0.908458255874249,,54.20000076
GRD,Grenada,2018,Latin America,Latin America & Caribbean ,Latin America and the Caribbean,115691.0,36.0720421424532,10.5474928905446,47.1427662957075,1166514814.81481,10083.021279225,15974.8591933124,,,,,,,,,,0.804102313277033,,61.42459869
GRD,Grenada,2019,Latin America,Latin America & Caribbean ,Latin America and the Caribbean,115981.0,36.1346465679904,10.7581812616667,46.9868829605221,1213485185.18519,10462.7929159533,16446.1138871871,,,,,,,,,,0.598149764736022,,64.31279755
GRD,Grenada,2020,Latin America,Latin America & Caribbean ,Latin America and the Caribbean,116341.0,36.2050502515788,10.9858089581489,46.8123769622937,1043411111.11111,8968.55890108484,14361.1267154452,,,,,,,,,,-0.740732597045498,,65.65380096
GRD,Grenada,2021,Latin America,Latin America & Caribbean ,Latin America and the Caribbean,116688.0,36.2831603706908,11.2278521692555,46.6187520418164,1122222222.22222,9617.28902905373,15290.250903138,,,,,,,,,,1.21951193916838,,67.02279663
GRD,Grenada,2022,Latin America,Latin America & Caribbean ,Latin America and the Caribbean,116913.0,36.3688840183487,11.5213876985451,46.5020112025864,1224007407.40741,10469.3867012856,17541.2011831673,,,,,,,,,,2.5805392590792,,68.42030334
GRD,Grenada,2023,Latin America,Latin America & Caribbean ,Latin America and the Caribbean,117081.0,36.462128238584,11.8704144993637,46.4482719801869,1336418518.51852,11414.4781691181,18986.3762946619,,,,,,,,,,2.69612269814564,,69.4131012
GRL,Greenland,2013,North America,Europe & Central Asia,Northern America,56483.0,85.3725891113281,7.41156901951763,40.571414350066,2684946990.12448,47535.4883792376,52893.650357143,1142760587.37478,983681051.237419,17415.5241619145,20231.938589925816,42.5617560263934,,0.8738259383199942,2013.0,2023.0,,,65.8
GRL,Greenland,2014,North America,Europe & Central Asia,Northern America,56295.0,85.6772384643555,7.5436597653677,40.4811219524368,2842065708.35962,50485.2244135291,56555.0690664102,1185272002.49017,990654130.095271,17597.5509387205,21054.658539660184,41.7045953231772,0.7088759968569391,0.8738259383199942,2013.0,2023.0,,,66.7
GRL,Greenland,2015,North America,Europe & Central Asia,Northern America,56114.0,86.046257019043,7.71674907623927,40.5027793079273,2499113022.81675,44536.3549705377,55815.6502896781,992463183.572543,992463183.572543,17686.5520827698,17686.552082769773,39.7126170169741,0.18261201587057574,0.8738259383199942,2013.0,2023.0,,,67.600443481006
GRL,Greenland,2016,North America,Europe & Central Asia,Northern America,56186.0,86.2261047363281,7.95294411444676,40.6031031031031,2707139544.46695,48181.7453541266,58908.5907726517,1014287883.12285,1007215192.38267,17926.444174397,18052.324122074002,37.467144432799,1.4864036323266605,0.8738259383199942,2013.0,2023.0,,,68.500873675421
GRL,Greenland,2017,North America,Europe & Central Asia,Northern America,56172.0,86.3915557861328,8.18337464999732,40.8031282899684,2851613679.03433,50765.7494665372,60010.0982907298,1049267343.87487,1015947986.89568,18086.3773213645,18679.543969858114,36.7955642655705,0.8670237084442256,0.8738259383199942,2013.0,2023.0,,,69.4824617821988
GRL,Greenland,2018,North America,Europe & Central Asia,Northern America,56023.0,86.72509765625,8.3854227041294,41.1326078194277,3055782146.15957,54545.135857765,61806.8271308174,1099591281.75429,1031390725.21531,18410.1302182195,19627.497309217466,35.983955307031,1.5200323755566236,0.8738259383199942,2013.0,2023.0,,,
GRL,Greenland,2019,North America,Europe & Central Asia,Northern America,56225.0,87.0217895507812,8.58444476142928,41.6639371110383,2997309971.87623,53309.2035905065,64264.0564607393,1050341954.88771,1036554750.59589,18435.8337144667,18681.04855291614,35.0428205538659,0.5006856523265713,0.8738259383199942,2013.0,2023.0,,,
GRL,Greenland,2020,North America,Europe & Central Asia,Northern America,56367.0,87.2840881978115,8.84458670280584,42.2834208400646,3089625554.40473,54812.6661771023,64999.4435683064,1053491267.09376,1033578035.32874,18336.5805405422,18689.85873106179,34.0977004670308,-0.28717395443307314,0.8738259383199942,2013.0,2023.0,,,
GRL,Greenland,2021,North America,Europe & Central Asia,Northern America,56653.0,87.5452017613678,9.1860496239394,42.9151635932494,3293578467.57327,58135.9939910203,69302.0088788237,1126622028.26639,1066223227.62317,18820.2430166658,19886.361327138722,34.2066247808723,3.1584642067250313,0.8738259383199942,2013.0,2023.0,,,
GRL,Greenland,2022,North America,Europe & Central Asia,Northern America,56661.0,87.8049405256832,9.57841062323073,43.6394057699133,3152334771.77992,55635.0006491223,75708.4296211883,1029585006.08805,1072341117.56449,18925.5593364834,18170.964262685975,32.6610300182907,0.5737907206315507,0.8738259383199942,2013.0,2023.0,,,
GRL,Greenland,2023,North America,Europe & Central Asia,Northern America,56865.0,88.0631147749908,10.1193616165229,44.7646444846109,3326543974.39193,58498.9707973609,78905.5801137274,1084023505.80279,1073097630.8368,18870.9686245811,19063.105703029807,32.5870787865037,0.07054781915181163,0.8738259383199942,2013.0,2023.0,,,
GTM,Guatemala,2013,Latin America,Latin America & Caribbean ,Latin America and the Caribbean,15387337.0,52.7809822766245,4.02901411631479,71.0381612271972,52996420177.4409,3444.15802275864,7699.94541247252,45342876641.8551,47703796244.0639,3100.19831528119,2946.7656841372295,85.5583763771959,,4.048147400964619,2013.0,2023.0,4.34337131279521,3.017,19.70000076
GTM,Guatemala,2014,Latin America,Latin America & Caribbean ,Latin America and the Caribbean,15681725.0,53.1458479013964,4.08970314171432,69.5871817440447,57852159007.6243,3689.14510410202,8236.65929901848,49329377296.3127,49868948044.9565,3180.06775689259,3145.6601423831053,85.2679971542836,4.538741088476828,4.048147400964619,2013.0,2023.0,3.4183616966296,2.717,23.39999962
GTM,Guatemala,2015,Latin America,Latin America & Caribbean ,Latin America and the Caribbean,15971743.0,53.4411050262961,4.15188561448804,68.2484082404697,62186066547.6566,3893.50533299068,8934.00261178392,52433656855.1951,52433656855.1951,3282.90136243709,3282.9013624370928,84.3173716655841,5.142897355537834,4.048147400964619,2013.0,2023.0,2.3887203283955,2.506,28.80590057
GTM,Guatemala,2016,Latin America,Latin America & Caribbean ,Latin America and the Caribbean,16268760.0,53.6609232857043,4.21599740853021,66.9557228820458,66053408205.8838,4060.13784737643,9201.42836046357,55857557108.6971,54568672356.42,3354.19985029099,3433.4243733816897,84.564231620862,4.071841693439637,4.048147400964619,2013.0,2023.0,4.44844199942827,2.583,34.50930023
GTM,Guatemala,2017,Latin America,Latin America & Caribbean ,Latin America and the Caribbean,16567357.0,53.7994723140017,4.28938967150886,65.7208767382211,71653780740.4226,4324.99768915601,9560.1778346272,60841488068.9674,56354943046.1737,3401.56508042736,3672.3714029321272,84.9103668226182,3.273436227450288,4.048147400964619,2013.0,2023.0,4.42453655182546,2.462,37.90000153
GTM,Guatemala,2018,Latin America,Latin America & Caribbean ,Latin America and the Caribbean,16845685.0,53.845962303542,4.37433087464238,64.5800677559675,73328356007.6152,4352.94593289707,9946.80252245268,62888127471.6009,58354368833.1596,3464.0543755365,3733.1890909512376,85.7623583775285,3.5479155490365732,4.048147400964619,2013.0,2023.0,3.75186186704508,2.283,41.5
GTM,Guatemala,2019,Latin America,Latin America & Caribbean ,Latin America and the Caribbean,17103803.0,54.1882267267974,4.46874605807685,63.4502854678952,77172331693.4093,4511.99839552697,10755.8801029589,65485302138.6574,61108268532.7465,3572.7883753541,3828.6983391154236,84.8559330808065,4.719269104701573,4.048147400964619,2013.0,2023.0,3.69998398008605,2.193,44.401049838502
GTM,Guatemala,2020,Latin America,Latin America & Caribbean ,Latin America and the Caribbean,17357325.0,54.5483167911628,4.54512130915561,62.2054538401565,77719468248.3666,4477.61785000665,10947.3711292197,64880894756.9496,60112931995.5272,3463.26015071604,3737.9547111637075,83.4808783683529,-1.6288082793344483,4.048147400964619,2013.0,2023.0,3.21444062197345,2.965,47.51229858
GTM,Guatemala,2021,Latin America,Latin America & Caribbean ,Latin America and the Caribbean,17598650.0,54.9047071553758,4.5768111594693,60.8832620120909,86455522272.7383,4912.62240414681,11825.141273764,74363181159.2591,65253984369.8913,3707.89716085559,4225.504863115017,86.0132229895832,8.552323441396315,4.048147400964619,2013.0,2023.0,4.26105127422813,2.174,50.84164945
GTM,Guatemala,2022,Latin America,Latin America & Caribbean ,Latin America and the Caribbean,17847877.0,55.2581228215265,4.62989239560537,59.6014318443178,95609727055.5754,5356.92435887895,13008.2565459863,84541366017.9003,67989983222.3662,3809.41572055692,4736.77435237257,88.4233943778112,4.192845661294697,4.048147400964619,2013.0,2023.0,6.88512823344287,3.051,54.40430069
GTM,Guatemala,2023,Latin America,Latin America & Caribbean ,Latin America and the Caribbean,18124838.0,55.6082319565539,4.734740380431,58.4095417496558,104298081428.769,5754.42833909847,13751.6084364487,91088847332.7414,70940861870.8817,3914.01356916303,5025.636495771239,87.3351130576177,4.340166754953345,4.048147400964619,2013.0,2023.0,6.20657592272126,2.344,56.72669983
GUM,Guam,2013,Oceania,East Asia & Pacific,Micronesia,165966.0,94.0782751403862,7.67534412065085,52.1521099386683,5399000000.0,32530.7593121483,,3218000000.0,3213313844.28961,19361.2778779365,19389.513514816288,59.6036303019078,,0.7452221500523049,2013.0,2022.0,,11.5,65.4
GUM,Guam,2014,Oceania,East Asia & Pacific,Micronesia,165486.0,94.0787476782557,8.10823876339992,52.4345535270168,5610000000.0,33900.1486530583,,3260000000.0,3226258709.48197,19495.6595088526,19699.551623702308,58.1105169340463,0.40285094515011277,0.7452221500523049,2013.0,2022.0,,7.6,69.27
GUM,Guam,2015,Oceania,East Asia & Pacific,Micronesia,164905.0,94.079145108702,8.54676494577164,52.9035966953796,5799000000.0,35165.7014644795,,3287000000.0,3287000000.0,19932.6885176314,19932.688517631363,56.6821865838938,1.882716049382882,0.7452221500523049,2013.0,2022.0,,6.9,73.139999947043
GUM,Guam,2016,Oceania,East Asia & Pacific,Micronesia,164233.0,94.079467256407,8.98476863733648,53.5461854899028,5901000000.0,35930.6594898711,,3384000000.0,3336787943.04756,20317.4023676579,20604.87234599624,57.3462125063549,1.5146925174189363,0.7452221500523049,2013.0,2022.0,,5.4,77.009999893206
GUM,Guam,2017,Oceania,East Asia & Pacific,Micronesia,163490.0,94.0797139460527,9.42748791975044,54.3640003021376,6013000000.0,36779.0078903909,,3549000000.0,3426406240.53317,20957.8949203815,21707.749709462354,59.0221187427241,2.685765443151289,0.7452221500523049,2013.0,2022.0,,5.418,80.5054655600831
GUM,Guam,2018,Oceania,East Asia & Pacific,Micronesia,162679.0,94.079885002321,9.87647490925409,55.3496056074409,6051000000.0,37195.9503070464,,3604000000.0,3403503786.73129,20921.5927484881,22154.057991504742,59.560403239134,-0.6684103458297619,0.7452221500523049,2013.0,2022.0,,5.45,
GUM,Guam,2019,Oceania,East Asia & Pacific,Micronesia,161808.0,94.0799802498939,10.3310713932562,56.481374028084,6355000000.0,39274.9431424899,,3636000000.0,3406491063.31415,21052.673930301,22471.076831800652,57.2147915027537,0.08777062609732766,0.7452221500523049,2013.0,2022.0,,5.405,
GUM,Guam,2020,Oceania,East Asia & Pacific,Micronesia,162158.0,94.0804991087801,10.7712847963098,57.7259021495963,5916000000.0,36482.9363953675,,3567000000.0,3290983035.4438,20294.9162880882,21997.06459132451,60.2941176470588,-3.390821397252486,0.7452221500523049,2013.0,2022.0,,6.241,
GUM,Guam,2021,Oceania,East Asia & Pacific,Micronesia,163730.0,94.0884327694075,11.1937335857815,59.0069048567072,6234000000.0,38074.8793745801,,3828000000.0,3393546198.12178,20726.4777262675,23379.95480364014,61.4051973051011,3.1164901664146427,0.7452221500523049,2013.0,2022.0,,6.0,
GUM,Guam,2022,Oceania,East Asia & Pacific,Micronesia,165180.0,94.1068261842046,11.6412398595472,60.3300169861684,6910000000.0,41833.1517132825,,4140000000.0,3435368070.28173,20797.7241208484,25063.567017798767,59.9131693198263,1.2323943661971537,0.7452221500523049,2013.0,2022.0,,5.383,
GUM,Guam,2023,Oceania,East Asia & Pacific,Micronesia,166506.0,94.1349341638921,12.1169443835526,61.6468943556686,,,,,,,,,,0.7452221500523049,2013.0,2022.0,,5.262,
GUY,Guyana,2013,Latin America,Latin America & Caribbean ,Latin America and the Caribbean,750021.0,26.4003891353669,5.03398902564793,55.7294370227026,4167800928.83553,5556.91231156932,11199.8874744089,,,,,,,,,,1.9111250917408,12.296,31.0
GUY,Guyana,2014,Latin America,Latin America & Caribbean ,Latin America and the Caribbean,754229.0,26.4018152016157,5.16799274490904,55.3988762771685,4127660151.8087,5472.68820452237,11145.0291198724,,,,,,,,,,0.683700250354637,12.637,32.0
GUY,Guyana,2015,Latin America,Latin America & Caribbean ,Latin America and the Caribbean,758781.0,26.4043918297579,5.31233649761921,55.2425261676201,4279840193.7046,5640.41560569466,11408.473901349,,,,,,,,,,-0.865401289233742,13.009,34.0
GUY,Guyana,2016,Latin America,Latin America & Caribbean ,Latin America and the Caribbean,763548.0,26.4080892882899,5.46390010844112,55.2559983733225,4482697336.56174,5870.87823759835,11516.3798289577,,,,,,,,,,0.826177341246544,13.263,35.65999985
GUY,Guyana,2017,Latin America,Latin America & Caribbean ,Latin America and the Caribbean,768479.0,26.412905546573,5.62383983416582,55.4357477604303,4748174334.14044,6178.6650437298,12243.2225968541,,,,,,,,,,1.94571617739331,13.466,42.6753006
GUY,Guyana,2018,Latin America,Latin America & Caribbean ,Latin America and the Caribbean,791556.0,26.4188378517884,5.68355598565104,54.3024230491822,4787636997.85343,6048.38697180418,12442.5087185876,,,,,,,,,,1.25128567037044,13.627,48.59889984
GUY,Guyana,2019,Latin America,Latin America & Caribbean ,Latin America and the Caribbean,807665.0,26.4258834773058,5.79881510279633,53.9720485823168,5173760191.84652,6405.82443444562,13240.9713761155,,,,,,,,,,2.11238986774464,13.172,55.31269836
GUY,Guyana,2020,Latin America,Latin America & Caribbean ,Latin America and the Caribbean,807481.0,26.4340397353676,6.0011281992219,54.9614746154658,5471256594.72422,6775.70939096303,16819.4228714695,,,,,,,,,,0.722434045501787,15.308,62.95399857
GUY,Guyana,2021,Latin America,Latin America & Caribbean ,Latin America and the Caribbean,815482.0,26.443303961947,6.08125010729851,55.0916971436287,8041362110.31175,9860.87014834386,22865.9270968882,,,,,,,,,,4.50619858925893,14.576,71.65090179
GUY,Guyana,2022,Latin America,Latin America & Caribbean ,Latin America and the Caribbean,821637.0,26.4536735068183,6.22245590205894,55.3409273526492,14718388489.2086,17913.4928066879,39704.6761521236,,,,,,,,,,6.93346066500816,11.907,76.56240082
GUY,Guyana,2023,Latin America,Latin America & Caribbean ,Latin America and the Caribbean,826353.0,26.4651457279878,6.47955534741206,55.7699884070538,16918503597.1223,20473.7002190617,54774.145474106,,,,,,,,,,2.82159393090811,11.917,79.3553009
HKG,"Hong Kong SAR, China",2013,East Asia,East Asia & Pacific,Eastern Asia,7178900.0,100.0,14.2604519202377,34.9615930314556,275696879834.966,38403.7777145477,53517.419549888,182189014956.163,189832880884.022,26443.1710824808,25378.402673969966,66.0830891757724,,1.8398137042062501,2013.0,2023.0,4.33799342105267,3.4,74.2
HKG,"Hong Kong SAR, China",2014,East Asia,East Asia & Pacific,Eastern Asia,7229500.0,100.0,14.7773471700699,35.8520759839574,291459995978.893,40315.3739510191,54514.9268059819,193803445230.081,196172894180.997,27135.0569446015,26807.309665963206,66.494012181389,3.339786694196789,1.8398137042062501,2013.0,2023.0,4.42364532019699,3.296,79.8662704309064
HKG,"Hong Kong SAR, China",2015,East Asia,East Asia & Pacific,Eastern Asia,7291300.0,100.0,15.3825958222931,36.8431246619414,309385622601.348,42432.1619740441,56043.042695697,205513722707.776,205513722707.776,28186.1564752206,28186.156475220607,66.4263972513635,4.761528633084633,1.8398137042062501,2013.0,2023.0,2.99084819322581,3.314,84.9483529634062
HKG,"Hong Kong SAR, China",2016,East Asia,East Asia & Pacific,Eastern Asia,7336600.0,100.0,15.9950861294117,37.9119773975191,320860317562.562,43734.1980702999,56761.4824132224,212580244130.246,209633569216.911,28573.6675322236,28975.307926048306,66.2532050535654,2.004657623273709,1.8398137042062501,2013.0,2023.0,2.40930743862224,3.392,87.47941467087
HKG,"Hong Kong SAR, China",2017,East Asia,East Asia & Pacific,Eastern Asia,7393200.0,100.0,16.5707384721456,39.128588937798,341273289534.466,46160.429791493,59260.9131761938,228965636708.926,221158663869.326,29913.7942797876,30969.76095722096,67.0915784300787,5.497733352280898,1.8398137042062501,2013.0,2023.0,1.49387243939522,3.124,89.4159446487565
HKG,"Hong Kong SAR, China",2018,East Asia,East Asia & Pacific,Eastern Asia,7452600.0,100.0,17.1963488832139,40.4021598941078,361731070995.726,48537.5668888343,60900.2752924537,247040505198.699,232859551733.93,31245.4112301653,33148.23084543636,68.2939689196943,5.290720996360143,1.8398137042062501,2013.0,2023.0,2.40613432046534,2.805,90.5073953294283
HKG,"Hong Kong SAR, China",2019,East Asia,East Asia & Pacific,Eastern Asia,7507900.0,100.0,17.9525256642131,41.7143206606678,363074545072.389,48359.0011950597,61221.4195400701,251881177403.997,231002647269.728,30767.9440682118,33548.81889796042,69.3745074730529,-0.7974353855682681,1.8398137042062501,2013.0,2023.0,2.88320853773996,2.917,91.7434003891587
HKG,"Hong Kong SAR, China",2020,East Asia,East Asia & Pacific,Eastern Asia,7481000.0,100.0,18.8252625701822,43.0664684402752,344943149590.058,46109.2299946609,58187.4764072535,228845717526.943,206518286526.16,27605.7059920011,30590.257656321748,66.3430242922379,-10.599168898259014,1.8398137042062501,2013.0,2023.0,0.2509620210808,5.808,92.41313602
HKG,"Hong Kong SAR, China",2021,East Asia,East Asia & Pacific,Eastern Asia,7413100.0,100.0,19.7548994425421,44.5870119180782,368954169748.818,49770.5642374739,65884.9376260603,239735503167.916,218026031010.519,29410.9119006244,32339.44006797642,64.9770412761905,5.5722641698856545,1.8398137042062501,2013.0,2023.0,1.56875834445922,5.174,93.08715788
HKG,"Hong Kong SAR, China",2022,East Asia,East Asia & Pacific,Eastern Asia,7346100.0,100.0,20.6844238114149,46.1893957002668,358673532516.529,48825.0272275805,68590.1858741565,237951829151.736,213223744557.849,29025.4345241487,32391.585896153876,66.3421768208587,-2.2026206826827543,1.8398137042062501,2013.0,2023.0,1.88136707196853,4.318,95.61357052
HKG,"Hong Kong SAR, China",2023,East Asia,East Asia & Pacific,Eastern Asia,7536100.0,100.0,21.6452568609024,47.8071542342089,380762296025.216,50525.1119312663,71519.1754897022,266625821579.514,227796685398.759,30227.3968496648,35379.8147025005,70.0242183542924,6.834576923470292,1.8398137042062501,2013.0,2023.0,2.09660511249089,2.949,95.97781908
HND,Honduras,2013,Latin America,Latin America & Caribbean ,Latin America and the Caribbean,8889278.0,53.356379133253,3.22201663746013,65.0370119525093,18499729214.904,2081.12843527945,4137.3268237781,15156635040.5986,15260366253.0094,1716.71605421828,1705.0468036435132,81.9289561729795,,4.401770754005163,2013.0,2023.0,5.16189898581494,5.646,17.8
HND,Honduras,2014,Latin America,Latin America & Caribbean ,Latin America and the Caribbean,9063122.0,53.8768089124249,3.31527020626721,63.5795259596654,19756533971.8698,2179.88171977271,4460.05742833175,15871143677.4812,15650328995.5142,1726.81433566868,1751.1784214624054,80.333644049504,2.555395696534468,4.401770754005163,2013.0,2023.0,6.12924930313031,7.078,23.0
HND,Honduras,2015,Latin America,Latin America & Caribbean ,Latin America and the Caribbean,9237305.0,54.3828473751434,3.4226865952786,62.1657515555952,20979791685.416,2271.20265980349,4845.59566521125,16260945743.1987,16260945743.1987,1760.35605008156,1760.356050081566,77.5076606432768,3.901622437838337,4.401770754005163,2013.0,2023.0,3.15783117980915,6.147,27.1395454833776
HND,Honduras,2016,Latin America,Latin America & Caribbean ,Latin America and the Caribbean,9412380.0,54.8868414578857,3.53528544321415,60.8206269905275,21717604952.1835,2307.34468351082,5186.15897417161,16700061283.0697,16911299866.6129,1796.70815103225,1774.2655187178696,76.8964226020266,3.9994852309633844,4.401770754005163,2013.0,2023.0,2.72461223295289,6.727,29.5282180796457
HND,Honduras,2017,Latin America,Latin America & Caribbean ,Latin America and the Caribbean,9588137.0,55.3877322339915,3.6514707524241,59.5919942822008,23136247990.5977,2413.0076562942,5620.65455247733,17885775007.2338,17791048599.2369,1855.52715811601,1865.4067007212975,77.3062901750634,5.2021354926172325,4.401770754005163,2013.0,2023.0,3.93436084442037,5.528,31.7357924661485
HND,Honduras,2018,Latin America,Latin America & Caribbean ,Latin America and the Caribbean,9765210.0,55.8852577716247,3.76996993561992,58.5071463840858,24067750760.499,2464.64241531918,5633.3832384519,19400342086.4765,18775626771.9953,1922.70588876177,1986.6794555853382,80.6072087065035,5.534121090538924,4.401770754005163,2013.0,2023.0,4.34734937777536,5.648,36.0400608231468
HND,Honduras,2019,Latin America,Latin America & Caribbean ,Latin America and the Caribbean,9943633.0,56.3791561389766,3.88983564207188,57.5525251243283,24882225741.8119,2502.32744328073,5784.93081057111,20447045007.4564,19670336273.9514,1978.18405747189,2056.2952200122836,82.1753054554816,4.7652710230190465,4.401770754005163,2013.0,2023.0,4.36587159819274,5.698,39.3883521850111
HND,Honduras,2020,Latin America,Latin America & Caribbean ,Latin America and the Caribbean,10119640.0,56.8691654042685,3.99409445424469,56.6772344988914,23352232483.755,2307.61494319511,5384.69831983038,18897353705.3572,18167750134.3044,1795.29609099775,1867.3938702717883,80.9231139613875,-7.638843173397147,4.401770754005163,2013.0,2023.0,3.46841177951171,10.982,45.24829865
HND,Honduras,2021,Latin America,Latin America & Caribbean ,Latin America and the Caribbean,10289877.0,57.3550236357547,4.0706416641638,55.8747769782473,28144331506.6149,2735.14751503977,6202.98078812037,23848629211.6866,21225736010.4368,2062.77839962876,2317.678745011879,84.7368828287195,16.831945912544775,4.401770754005163,2013.0,2023.0,4.48087963413446,8.506,51.95159912
HND,Honduras,2022,Latin America,Latin America & Caribbean ,Latin America and the Caribbean,10463872.0,57.8364689017254,4.16665073884696,55.1663201925249,31426041806.7985,3003.28996826399,6804.41504589356,27409105347.8426,22443431642.2697,2144.84959700096,2619.4037300764576,87.2178097271961,5.736882957717726,4.401770754005163,2013.0,2023.0,9.08963911525032,8.774,56.88069916
HND,Honduras,2023,Latin America,Latin America & Caribbean ,Latin America and the Caribbean,10644851.0,58.3132392705102,4.29272330819849,54.5329302016737,34355805527.9795,3227.45762509776,7184.25562362375,29868549044.7042,23477054315.4196,2205.48454040546,2805.9151832847824,86.9388698232651,4.605457354405584,4.401770754005163,2013.0,2023.0,6.66325180347463,6.07,58.0685997
HRV,Croatia,2013,Europe,Europe & Central Asia,Southern Europe,4233922.0,55.3659479687433,18.4765925399494,49.8940738721452,59846869998.8711,14135.0903485872,22430.1102453055,36315583268.5884,30141659082.9378,7119.08700324139,8577.291520388992,60.6808397319249,,2.655582519927857,2013.0,2023.0,2.21658206429779,17.231,66.7476
HRV,Croatia,2014,Europe,Europe & Central Asia,Southern Europe,4201598.0,55.4591834926844,18.8122396153648,50.4049904010098,59607109597.2123,14186.7712230471,22706.2761364179,35308856175.33,29394605727.4817,6996.05381749556,8403.673120400857,59.2359811001159,-2.4784745703629207,2.655582519927857,2013.0,2023.0,-0.215196159576176,17.209,68.5678992528467
HRV,Croatia,2015,Europe,Europe & Central Asia,Southern Europe,4151725.0,55.5812594509004,19.2311236257324,51.1801168956063,50999271058.5849,12283.8750299177,23749.8280957224,29504930062.6756,29504930062.6756,7106.66772550582,7106.6677255058075,57.8536309446112,0.3753217043178436,2.655582519927857,2013.0,2023.0,-0.464499004645003,16.15,69.8450359238281
HRV,Croatia,2016,Europe,Europe & Central Asia,Southern Europe,4106867.0,55.7294398599808,19.6581193481792,52.0598913960268,52650804052.1394,12820.1872746645,25802.8242312486,30032410031.1703,30439009433.9843,7411.73489036395,7312.730125219614,57.0407433881344,3.1658416723052474,2.655582519927857,2013.0,2023.0,-1.12500000000002,13.015,72.6972696701463
HRV,Croatia,2017,Europe,Europe & Central Asia,Southern Europe,4041407.0,55.9009887365155,20.1354432241616,53.1539680921575,56182225079.1072,13901.6498657787,27887.4600052514,31898200501.3607,31405660751.874,7770.97202827482,7892.845363350115,56.7763210809941,3.175698998964349,2.655582519927857,2013.0,2023.0,1.12937210282347,11.078,67.0961920368478
HRV,Croatia,2018,Europe,Europe & Central Asia,Southern Europe,3988775.0,56.093170097094,20.6682803013664,54.404174761829,61668280700.0968,15460.4560798984,29789.4340021154,34964688097.8813,32464774369.7358,8139.03375591149,8765.770969252791,56.6980102265546,3.372365339578476,2.655582519927857,2013.0,2023.0,1.50012501041747,8.322,75.2946259897258
HRV,Croatia,2019,Europe,Europe & Central Asia,Southern Europe,3949390.0,56.303247958306,21.1822163945349,55.5626368276391,61467261345.012,15563.7354996625,33063.9987060793,34881377790.9132,33789717100.0173,8555.68001641198,8832.092498060005,56.7478964047645,4.081170302285031,2.655582519927857,2013.0,2023.0,0.771820346498112,6.551,79.0797836757554
HRV,Croatia,2020,Europe,Europe & Central Asia,Southern Europe,3914206.0,56.5284863367411,21.6661760190675,56.5384976854398,57959824238.1808,14807.5559227544,31594.0082486835,33938204666.3461,32042389772.1362,8186.17869681264,8670.520832665961,58.5547059750906,-5.171180695917121,2.655582519927857,2013.0,2023.0,0.154811374562106,7.389,78.32090004
HRV,Croatia,2021,Europe,Europe & Central Asia,Southern Europe,3878981.0,56.7683502560171,22.1006673274542,57.4325023610932,69002262504.9821,17788.7601163765,36930.076102199,39944507718.8911,35486610446.0955,9148.43626356909,10297.68068440941,57.8886927309189,10.74895068205668,2.655582519927857,2013.0,2023.0,2.55450699642041,7.483,81.25396608
HRV,Croatia,2022,Europe,Europe & Central Asia,Southern Europe,3855641.0,56.9977571733605,22.4847051223347,58.1918903516528,71196460236.6301,18465.531473659,42125.1926231817,42034690017.9852,37931607855.584,9837.95116183897,10902.127562702337,59.0404212207712,6.889915319476558,2.655582519927857,2013.0,2023.0,10.7805806758686,6.811,82.07155532
HRV,Croatia,2023,Europe,Europe & Central Asia,Southern Europe,3859686.0,57.2431560672198,22.815365461733,58.6141257780841,85621337533.3348,22183.4982258492,47759.6272293173,48440834509.8048,39173544657.4814,10149.4123245988,12550.45993632767,56.5756573131614,3.274147530539162,2.655582519927857,2013.0,2023.0,7.94128177586822,6.121,83.24117599
HTI,Haiti,2013,Latin America,Latin America & Caribbean ,Latin America and the Caribbean,10222362.0,48.1049430223048,4.013426446186,64.1877475497991,14902488604.2421,1457.83221179626,3042.4970687871,14097964628.9884,13659088104.9115,1336.19686965806,1379.1298556036656,94.6014119076417,,1.4205969233171523,2013.0,2023.0,4.76502404779142,13.704,10.60000038
HTI,Haiti,2014,Latin America,Latin America & Caribbean ,Latin America and the Caribbean,10373235.0,48.7723916158687,4.06110051493097,63.2843449372842,15146883497.6331,1460.18898613914,3075.73843837062,14568448756.6204,13656203291.9208,1316.48451923829,1404.426753719587,96.1811633323578,-0.021120099442539786,1.4205969233171523,2013.0,2023.0,3.43816659958601,13.808,11.39999962
HTI,Haiti,2015,Latin America,Latin America & Caribbean ,Latin America and the Caribbean,10523242.0,49.4334707759572,4.11116669706763,62.4034039884297,14849629308.6025,1411.12684746796,3025.83461728258,14265686251.21,14265686251.21,1355.63605314883,1355.63605314883,96.0676253577978,4.4630483763358875,1.4205969233171523,2013.0,2023.0,6.73184069658997,13.785,14.19999981
HTI,Haiti,2016,Latin America,Latin America & Caribbean ,Latin America and the Caribbean,10671457.0,50.087821148256,4.16856386152331,61.5877104706967,14069277526.2278,1318.40268167953,3253.47178641614,13542011460.1174,15062935119.6103,1411.51626433113,1268.9936772567607,96.2523586223423,5.588577053786525,1.4205969233171523,2013.0,2023.0,11.5029073942666,13.902,22.79999924
HTI,Haiti,2017,Latin America,Latin America & Caribbean ,Latin America and the Caribbean,10817754.0,50.735083378449,4.2310954750866,60.8591394627646,15093357161.1498,1395.23945184461,3339.38884653446,14355481019.888,15822570221.5949,1462.64836689713,1327.029716139598,95.1112523649735,5.0430749117125195,1.4205969233171523,2013.0,2023.0,10.6800887242584,13.932,27.20000076
HTI,Haiti,2018,Latin America,Latin America & Caribbean ,Latin America and the Caribbean,10962362.0,51.374898112219,4.29881788711147,60.1712469523247,16403864617.8458,1496.38048970156,3196.97386370614,16238542108.2354,16472062024.2334,1502.60154009085,1481.2995692201553,98.9921734087558,4.104843862548102,1.4205969233171523,2013.0,2023.0,12.4814111170435,13.934,32.4736271300557
HTI,Haiti,2019,Latin America,Latin America & Caribbean ,Latin America and the Caribbean,11105163.0,52.0069059952475,4.37038159637999,59.4966700801278,15016090929.5125,1352.17204191532,3236.97492504607,14506144112.7705,16303144216.864,1468.06888083174,1306.252246164284,96.6039975441292,-1.0254806418339757,1.4205969233171523,2013.0,2023.0,18.7037825672506,14.095,35.76409912
HTI,Haiti,2020,Latin America,Latin America & Caribbean ,Latin America and the Caribbean,11243848.0,52.6307476732151,4.43421149058579,58.8189047336414,14508222518.3018,1290.32538667383,3103.18066312462,14087009412.0614,15643575572.5476,1391.30087604774,1252.863735979124,97.0967283848241,-4.045653007437311,1.4205969233171523,2013.0,2023.0,22.7963113642528,15.573,39.38809967
HTI,Haiti,2021,Latin America,Latin America & Caribbean ,Latin America and the Caribbean,11374586.0,53.2460637918026,4.48425551488204,58.120882973509,20754978152.2134,1824.6798742577,3116.56505397604,20581637998.5086,15828890504.6949,1391.60146177583,1809.440624784814,99.1648261326337,1.1846072612229586,1.4205969233171523,2013.0,2023.0,16.8415240198785,15.296,43.37919998
HTI,Haiti,2022,Latin America,Latin America & Caribbean ,Latin America and the Caribbean,11503606.0,53.8524949966907,4.54071966651153,57.4139171312685,20113007125.93,1748.40890116803,3245.27176023069,19942289475.5773,15715993132.9307,1366.1797120773,1733.568541514487,99.1512077270006,-0.7132361660516562,1.4205969233171523,2013.0,2023.0,33.98393194707,14.54,47.77470016
HTI,Haiti,2023,Latin America,Latin America & Caribbean ,Latin America and the Caribbean,11637398.0,54.4496819335618,4.61815413470631,56.7161065708492,19572288894.1581,1681.84407667059,3264.65805430675,19324405237.0587,15728355961.6577,1351.53545162395,1660.543468312994,98.7334968411721,0.07866399929314927,1.4205969233171523,2013.0,2023.0,36.8135162780854,14.459,47.99269867
HUN,Hungary,2013,Europe,Europe & Central Asia,Eastern Europe,9872734.0,69.9277636266638,17.3215490022521,46.5518564551724,135646053778.582,13739.4620151401,24591.6380503055,70628976955.2292,57476141555.0755,5821.70466205971,7153.943067364035,52.0685821575895,,3.6463526800957435,2013.0,2023.0,1.73319984983101,10.177,72.6439
HUN,Hungary,2014,Europe,Europe & Central Asia,Eastern Europe,9833038.0,70.3071053512008,17.6863017779257,47.3832344986651,141128696412.321,14352.501883174,25796.2100959256,70408970987.5967,58909371709.4698,5990.96349566327,7160.449393930614,49.8899038802782,2.493608853372553,3.6463526800957435,2013.0,2023.0,-0.227566270988219,7.725,75.6531974544103
HUN,Hungary,2015,Europe,Europe & Central Asia,Eastern Europe,9797755.0,70.4847717285156,18.0559904650891,48.2516970384934,125244126623.289,12782.9412577973,26937.7320818864,61204435574.0918,61204435574.0918,6246.78159171073,6246.781591710734,48.8681084089341,3.8959231749081003,3.6463526800957435,2013.0,2023.0,-0.0616446800641672,6.813,72.8347370323805
HUN,Hungary,2016,Europe,Europe & Central Asia,Eastern Europe,9759755.0,70.4733810424805,18.4382661409188,49.1419689923618,128983560865.293,13215.8605277789,28178.9450366919,64272612098.4644,64168874229.2529,6574.84478137544,6585.473928235329,49.8300804127971,4.8435029705852894,3.6463526800957435,2013.0,2023.0,0.394769306686392,5.115,79.2594121273057
HUN,Hungary,2017,Europe,Europe & Central Asia,Eastern Europe,9726756.0,70.4542541503906,18.7797493757284,49.9595066798946,143335098991.862,14736.1668157258,29728.0121568801,71843295275.1124,67698831088.4584,6960.06264457116,7386.15169077053,50.1226118239129,5.501042213385565,3.6463526800957435,2013.0,2023.0,2.34824281150154,4.156,76.7505471201922
HUN,Hungary,2018,Europe,Europe & Central Asia,Eastern Europe,9706964.0,70.4711761474609,19.1292329288769,50.7744401660746,161184691013.835,16605.0570511887,32258.2577892511,79316497560.5543,71105342112.842,7325.18860818295,8171.092172645774,49.2084558785713,5.031860919330344,3.6463526800957435,2013.0,2023.0,2.85024792594646,3.667,76.0743606365063
HUN,Hungary,2019,Europe,Europe & Central Asia,Eastern Europe,9694824.0,70.4565277099609,19.6029229874294,51.8661548498973,164936682033.992,17012.8598553199,35627.2315520858,81028411202.0918,74790484351.2778,7714.47571934032,8357.904300489807,49.1269802465123,5.182651723393161,3.6463526800957435,2013.0,2023.0,3.33858635382008,3.411,80.3716936050482
HUN,Hungary,2020,Europe,Europe & Central Asia,Eastern Europe,9670419.0,70.2917327880859,20.0906737724303,53.0182854466453,158468487754.196,16386.9308821258,35583.5855675637,78746826264.3534,74914429032.6716,7746.76144153336,8143.062494433116,49.6924198497428,0.16572252803130905,3.6463526800957435,2013.0,2023.0,3.32674385766738,4.248,84.77115202
HUN,Hungary,2021,Europe,Europe & Central Asia,Eastern Europe,9630932.0,70.2059275331413,20.4050134893418,53.7758455735364,183282685440.486,19030.628130329,38887.1909527154,89142329335.375,78831582105.011,8185.24957968876,9255.836230115112,48.6365251148182,5.228836584513052,3.6463526800957435,2013.0,2023.0,5.11096534382855,4.021,88.64083466
HUN,Hungary,2022,Europe,Europe & Central Asia,Eastern Europe,9605074.0,70.1585064243445,20.6075593133653,54.2213783062208,177002580544.155,18428.028825614,44232.4363539167,89189362915.5811,84038714374.0491,8749.40832044075,9285.650783698396,50.3887359389835,6.605388513072996,3.6463526800957435,2013.0,2023.0,14.6081439492433,3.583,89.14282688
HUN,Hungary,2023,Europe,Europe & Central Asia,Eastern Europe,9592186.0,70.2923026891431,20.819084281895,54.5703480456464,213029511028.874,22208.6509820466,46376.1979062264,104759510604.051,82229536874.2475,8572.55445987469,10921.338535767654,49.1760555136663,-2.152790548114658,3.6463526800957435,2013.0,2023.0,17.1249659678737,4.096,91.4500713
IDN,Indonesia,2013,South & Southeast Asia,East Asia & Pacific,South-eastern Asia,255852467.0,51.8307495117188,6.00968683645659,50.043914325018,912524136718.018,3566.60284506078,9866.01699250847,518582560789.161,448048822792.831,1751.19993192339,2026.8812213140045,56.8294623585841,,3.94025162436491,2013.0,2023.0,6.41249457900391,4.336,14.94
IDN,Indonesia,2014,South & Southeast Asia,East Asia & Pacific,South-eastern Asia,258877399.0,52.5002136230469,6.04134063476124,49.6839805094095,890814755533.537,3441.06808464008,10064.677127417,509003681729.74,471722492127.069,1822.18491822482,1966.1959046866814,57.1391165860159,5.283725373202075,3.94025162436491,2013.0,2023.0,6.39492882396559,4.049,17.1431598350566
IDN,Indonesia,2015,South & Southeast Asia,East Asia & Pacific,South-eastern Asia,261799249.0,53.1720771789551,6.08184727833196,49.3596437927725,860854232686.214,3288.22269725538,10027.5372996025,494560910751.042,494560910751.042,1889.08452808832,1889.0845280883216,57.4500178976656,4.84149452382292,3.94025162436491,2013.0,2023.0,6.36312061196646,4.514,22.062742603379
IDN,Indonesia,2016,South & Southeast Asia,East Asia & Pacific,South-eastern Asia,264627418.0,53.812557220459,6.14856356267664,49.0806241774761,931877364037.698,3521.46943457574,10262.5951651871,538874867132.174,519509210164.829,1963.17227478231,2036.3531156555139,57.8268008139293,5.0445352375100505,3.94025162436491,2013.0,2023.0,3.52580452815451,4.301,25.447353701827
IDN,Indonesia,2017,South & Southeast Asia,East Asia & Pacific,South-eastern Asia,267346658.0,54.4541015625,6.2384335097991,48.813317657578,1015618744159.73,3798.88326174526,10687.6409218443,581701454950.332,545389266584.767,2040.00779611304,2175.832154783592,57.2755729741479,4.981635727252431,3.94025162436491,2013.0,2023.0,3.80879857691949,3.783,32.335806250688
IDN,Indonesia,2018,South & Southeast Asia,East Asia & Pacific,South-eastern Asia,269951846.0,55.0956840515137,6.3509593367423,48.5572855648717,1042271532988.63,3860.95353090726,11372.0971987612,593885231701.263,573405320062.367,2124.1022373389,2199.9672923194717,56.9798956322201,5.136891243393316,3.94025162436491,2013.0,2023.0,3.19834755924996,4.387,39.9046386385762
IDN,Indonesia,2019,South & Southeast Asia,East Asia & Pacific,South-eastern Asia,272489381.0,55.7382049560547,6.48567879421327,48.3187310528364,1119099871350.2,4106.94856160358,11986.4701508376,648299754543.782,602997043888.217,2212.91942341128,2379.174381638681,57.9304645761067,5.160699210574382,3.94025162436491,2013.0,2023.0,3.03058460941661,3.59,47.6906489788375
IDN,Indonesia,2020,South & Southeast Asia,East Asia & Pacific,South-eastern Asia,274814866.0,56.2785287648768,6.60790527723472,48.0216798448748,1059054842698.48,3853.70288774146,11729.3674458448,624142240218.418,586920540448.622,2135.69429118373,2271.1371087851485,58.9338922834343,-2.6660998760344445,3.94025162436491,2013.0,2023.0,1.91983527270793,4.255,53.72649449
IDN,Indonesia,2021,South & Southeast Asia,East Asia & Pacific,South-eastern Asia,276758053.0,56.8761702464027,6.68701065764471,47.6279810142978,1186509691086.73,4287.17313995098,12757.0746440204,660041259479.635,598692044729.691,2163.23260783198,2384.9035369519493,55.6288131852593,2.005638492745776,3.94025162436491,2013.0,2023.0,1.56007882983334,3.827,62.10447842
IDN,Indonesia,2022,South & Southeast Asia,East Asia & Pacific,South-eastern Asia,278830529.0,57.4934704226599,6.82466625959862,47.2726576874372,1319101183380.15,4730.83484836107,14282.6654124401,699718159840.626,628360527624.193,2253.55713335175,2509.474706195554,53.0450710420578,4.955549878384846,3.94025162436491,2013.0,2023.0,4.20946463714784,3.462,66.48461277
IDN,Indonesia,2023,South & Southeast Asia,East Asia & Pacific,South-eastern Asia,281190067.0,58.1179353397878,7.04854077766648,47.0224568841154,1371166925749.88,4876.2992959843,15428.3856954945,746328378694.142,659421312018.891,2345.10884062946,2654.17760540646,54.4301619794382,4.943146972031753,3.94025162436491,2013.0,2023.0,3.66938654859761,3.308,69.20836554
IMN,Isle of Man,2013,Europe,Europe & Central Asia,Northern Europe,84141.0,52.0804107092926,19.2069311814028,55.2245138914511,7001175622.71266,83207.6588430451,,,,,,,,,,,,,
IMN,Isle of Man,2014,Europe,Europe & Central Asia,Northern Europe,83892.0,52.0997913403899,19.7401436362011,56.1682086412629,7708454412.32126,91885.4528718026,,,,,,,,,,,,,
IMN,Isle of Man,2015,Europe,Europe & Central Asia,Northern Europe,83593.0,52.1164840474526,20.24391994545,57.0942644516275,7084800892.22284,84753.5187422732,,,,,,,,,,,,,
IMN,Isle of Man,2016,Europe,Europe & Central Asia,Northern Europe,83466.0,52.1331532169475,20.6706922579254,57.8403933434191,6846377563.00683,82025.9454509241,,,,,,,,,,,,,
IMN,Isle of Man,2017,Europe,Europe & Central Asia,Northern Europe,83609.0,52.1498415744309,21.0132880431532,58.2694455486778,6979788333.50279,83481.3038489014,,,,,,,,,,,,,
IMN,Isle of Man,2018,Europe,Europe & Central Asia,Northern Europe,83805.0,52.1651893864538,21.3190065091193,58.5594278578726,7491649455.92717,89393.8244248812,,,,,,,,,,,,,
IMN,Isle of Man,2019,Europe,Europe & Central Asia,Northern Europe,83957.0,52.1789898247578,21.5915384752818,58.7137753076618,7314967866.28289,87127.5517977404,,,,,,,,,,,,,
IMN,Isle of Man,2020,Europe,Europe & Central Asia,Northern Europe,84064.0,52.1909519786866,21.8572864560719,58.7431074854596,6684225641.02564,79513.5330346598,,,,,,,,,,,,,
IMN,Isle of Man,2021,Europe,Europe & Central Asia,Northern Europe,84106.0,52.1999559660634,22.0467151375356,58.7313869439674,7931193222.06405,94299.969348965,,,,,,,,,,,,,
IMN,Isle of Man,2022,Europe,Europe & Central Asia,Northern Europe,84132.0,52.1955609162662,22.3006703751248,58.9345423632757,7431257410.92713,88328.548125887,,,,,,,,,,,,,
IMN,Isle of Man,2023,Europe,Europe & Central Asia,Northern Europe,84165.0,52.1832571730182,22.7129881008252,59.3260766682442,7576129932.79381,90015.2074234398,,,,,,,,,,,,,
IND,India,2013,South & Southeast Asia,South Asia,Southern Asia,1295829511.0,31.9096789235237,5.18262772655076,54.1378376565175,1856721507621.58,1432.84397512195,4870.23562464539,1070321337241.86,1080973977000.72,834.19459722485,825.9738863455009,57.6457660908404,,5.973334930803609,2013.0,2023.0,10.0178784746104,7.678,12.30000019
IND,India,2014,South & Southeast Asia,South Asia,Southern Asia,1312277191.0,32.2288233408821,5.30715461269221,53.2421090234343,2039126479154.52,1553.88396075118,5042.38256477318,1185297671140.85,1150089891722.84,876.407743432948,903.2372727880859,58.1277171013104,6.393855559214279,5.973334930803609,2013.0,2023.0,6.66565671867899,7.656,13.5
IND,India,2015,South & Southeast Asia,South Asia,Southern Asia,1328024498.0,32.5472990022299,5.46921307827757,52.3977058192572,2103588360044.94,1583.99815907985,5269.11774528716,1241270296331.75,1241270296331.75,934.674245995534,934.6742459955359,59.007281077807,7.928111121150816,5.973334930803609,2013.0,2023.0,4.90697344127249,7.629,14.89999962
IND,India,2016,South & Southeast Asia,South Asia,Southern Asia,1343944296.0,32.8650780972823,5.64173085340436,51.5768937298059,2294796885663.16,1707.50892912243,5633.77275665841,1360706267075.67,1342187117360.92,998.692521227027,1012.4722215984389,59.2952812328071,8.130124544783124,5.973334930803609,2013.0,2023.0,4.94821634062134,7.611,16.5
IND,India,2017,South & Southeast Asia,South Asia,Southern Asia,1359657400.0,33.1821328157539,5.8247052897296,50.7672033452389,2651474262755.45,1950.10468280866,5968.11490280172,1557082229430.68,1425923595474.53,1048.73742126107,1145.2018938231645,58.725149676261,6.238808064128731,5.973334930803609,2013.0,2023.0,3.32817337461305,7.626,18.20000076
IND,India,2018,South & Southeast Asia,South Asia,Southern Asia,1374659064.0,33.4984353473598,6.01925951437221,50.0307900245271,2702929641648.74,1966.25455171679,6521.97490856972,1602521651332.49,1527015113599.16,1110.83188085621,1165.7593459351679,59.2883228123904,7.0895466240593175,5.973334930803609,2013.0,2023.0,3.93882646691643,7.652,20.0813000379384
IND,India,2019,South & Southeast Asia,South Asia,Southern Asia,1389030312.0,33.8139578818147,6.22347304109804,49.3781313856783,2835606256558.19,2041.42863698585,6945.40309824538,1727204283214.7,1605943484361.69,1156.16158300344,1243.4604689999737,60.91128763805,5.168800888715275,5.973334930803609,2013.0,2023.0,3.72950573539123,6.51,29.52350044
IND,India,2020,South & Southeast Asia,South Asia,Southern Asia,1402617695.0,34.1286726088333,6.41685302336898,48.725925362152,2674851578587.27,1907.04251637669,6766.06119055994,1634284260295.02,1520997773641.96,1084.39939055664,1165.1672912161714,61.0981287103106,-5.289458287101123,5.973334930803609,2013.0,2023.0,6.6234367762853,7.859,43.40544313
IND,India,2021,South & Southeast Asia,South Asia,Southern Asia,1414203896.0,34.4425517181304,6.54579069268807,48.0405766189907,3167270623260.47,2239.61384367482,7818.65701757504,1930463468899.9,1698600962463.94,1201.10046879969,1365.0531400458678,60.9503796335733,11.676755344402467,5.973334930803609,2013.0,2023.0,5.13140747176364,6.38,49.2580986
IND,India,2022,South & Southeast Asia,South Asia,Southern Asia,1425423212.0,34.7555673994206,6.69899975408181,47.4637059570602,3249938492013.47,2279.98145719369,8941.09277447514,1856917335539.97,1825495446362.72,1280.66908900788,1302.7129907156093,57.1369993648568,7.470529376994506,5.973334930803609,2013.0,2023.0,6.69903414079858,4.822,55.9
IND,India,2023,South & Southeast Asia,South Asia,Southern Asia,1438069596.0,35.0676918424186,6.92184330138637,47.0132181120622,3500906030644.76,2434.44826340989,9853.04309264591,1978122541496.63,1930995469989.07,1342.7691367373,1375.5402012522834,56.5031601585809,5.77925427513708,5.973334930803609,2013.0,2023.0,5.64914318907925,4.172,60.25230026
IRL,Ireland,2013,Europe,Europe & Central Asia,Northern Europe,4623816.0,62.4047157756118,12.4475140098686,51.3979987426655,242924245718.756,52537.6108648692,48763.0331535881,106597909435.912,90556482810.057,19584.7937742456,23054.09848400369,43.8811322107903,,3.4159575424151267,2013.0,2023.0,0.515099484900573,13.735,78.2477
IRL,Ireland,2014,Europe,Europe & Central Asia,Northern Europe,4657740.0,62.535401730577,12.7951907142582,52.0464573784336,266490442124.309,57214.5379785709,52582.2223929461,110592970130.831,92815655099.4531,19927.1868115123,23743.912311728647,41.4997886037664,2.4947659397668076,3.4159575424151267,2013.0,2023.0,0.190916398713745,11.858,83.4917223351728
IRL,Ireland,2015,Europe,Europe & Central Asia,Northern Europe,4701957.0,62.6392123492764,13.1102542122923,52.5046737823192,302101388556.271,64250.1385181257,71519.6014840656,95772601290.8433,95772601290.8433,20368.6680441449,20368.668044144877,31.702138725193,3.1858269903086933,3.4159575424151267,2013.0,2023.0,-0.330959783371788,9.908,83.4947916666667
IRL,Ireland,2016,Europe,Europe & Central Asia,Northern Europe,4762722.0,62.7229399123734,13.3920921055483,52.7774365060908,305431252708.748,64129.5571542383,72940.7263991139,100128040324.957,99875500384.094,20970.2561652967,21023.280452849653,32.7825130653661,4.284000891644313,3.4159575424151267,2013.0,2023.0,0.0201247735963237,8.374,83.5
IRL,Ireland,2017,Europe,Europe & Central Asia,Northern Europe,4827445.0,62.9035196521232,13.6720454120936,52.9415976507391,348355212568.515,72161.4047531385,80409.4548397032,106678783760.192,103280511070.604,21394.4459378831,22098.39444264865,30.623564657931,3.409255196134442,3.4159575424151267,2013.0,2023.0,0.362173038229378,6.713,84.1140070623844
IRL,Ireland,2018,Europe,Europe & Central Asia,Northern Europe,4898022.0,63.0844503476779,13.9535917035732,53.0287560298933,395780319816.603,80804.1123164826,86368.9782047908,119446550330.241,108937759087.736,22241.173904024,24386.691266442045,30.1800125851611,5.477556180240639,3.4159575424151267,2013.0,2023.0,0.471130713712916,5.741,87.0001401148942
IRL,Ireland,2019,Europe,Europe & Central Asia,Northern Europe,4976456.0,63.2737009154127,14.2437778846663,53.0371687022091,407211793800.713,81827.6688873996,92042.2566065385,118270005683.168,111937514150.924,22493.4198455535,23765.910053895383,29.0438556750272,2.7536412427688006,3.4159575424151267,2013.0,2023.0,0.937842961189274,4.95,87.0000552425146
IRL,Ireland,2020,Europe,Europe & Central Asia,Northern Europe,5039747.0,63.4713366724915,14.5621473419585,53.0535571712698,436009027818.948,86514.0706108754,97677.4943055886,108304076733.435,100531893542.935,19947.805622571,21489.982876806116,24.8398702373678,-10.189274520256841,3.4159575424151267,2013.0,2023.0,-0.326183651280033,5.623,91.99989097
IRL,Ireland,2021,Europe,Europe & Central Asia,Northern Europe,5110585.0,63.6774229356985,14.8535759354494,53.0448235155306,530394123829.763,103783.446284479,116702.85817485,125717384794.044,109551766406.204,21436.2477888938,24599.41176872002,23.7026352943524,8.972150573705061,3.4159575424151267,2013.0,2023.0,2.34034113447044,6.357,93.50610352
IRL,Ireland,2022,Europe,Europe & Central Asia,Northern Europe,5212836.0,63.8920250215059,15.16194031114,52.9466406867294,548341794599.09,105190.685952731,138464.829172919,133352144550.95,121389578818.927,23286.6675297145,25581.49624330211,24.3191647735785,10.805679178946237,3.4159575424151267,2013.0,2023.0,7.82945736434105,4.465,95.03690338
IRL,Ireland,2023,Europe,Europe & Central Asia,Northern Europe,5311538.0,64.1152082461268,15.5417068369309,52.8088109767237,567372737459.116,106818.917130804,133440.438499393,155375514254.187,126705399127.143,23854.7477448422,29252.452727286713,27.3850863807821,4.3791405818661255,3.4159575424151267,2013.0,2023.0,6.29942487419125,4.243,96.8660965
IRN,"Iran, Islamic Rep.",2013,Middle East,"Middle East, North Africa, Afghanistan & Pakistan",Southern Asia,80414686.0,72.3030873515412,5.57949828703863,40.6107006323808,500399839839.877,6222.74194840326,16215.2119014642,234420567683.706,217980939686.988,2710.71057452103,2915.146216994567,46.8466512216947,,0.48534393701884504,2013.0,2023.0,36.6030355191029,10.595,29.95
IRN,"Iran, Islamic Rep.",2014,Middle East,"Middle East, North Africa, Afghanistan & Pakistan",Southern Asia,81502045.0,72.8324070385223,5.77067909295602,41.2091454936804,462284793280.825,5672.06372896319,16065.158186028,218886900431.808,219421517949.703,2692.22101052438,2685.6614509710525,47.3489294074271,0.6608734987488374,0.48534393701884504,2013.0,2023.0,16.6065532357449,10.68,39.353614505223
IRN,"Iran, Islamic Rep.",2015,Middle East,"Middle East, North Africa, Afghanistan & Pakistan",Southern Asia,82619362.0,73.3561403575949,6.00659988151446,42.0407182749515,409191686496.677,4952.73355532178,14273.5499061586,218596709099.287,218596709099.287,2645.82906243317,2645.829062433174,53.4215909836335,-0.37590153332413,0.48534393701884504,2013.0,2023.0,12.4846815611533,11.166,45.3349761533285
IRN,"Iran, Islamic Rep.",2016,Middle East,"Middle East, North Africa, Afghanistan & Pakistan",Southern Asia,83812228.0,73.8796100096595,6.25108188270571,42.8934477448489,478618064870.999,5710.59947089104,15194.7855803519,235558397600.43,228021421623.326,2720.62236101546,2810.5492864409953,49.2163616231075,4.31146130372817,0.48534393701884504,2013.0,2023.0,7.24542548952979,12.618,53.2267716709857
IRN,"Iran, Islamic Rep.",2017,Middle East,"Middle East, North Africa, Afghanistan & Pakistan",Southern Asia,85026754.0,74.4011840820312,6.50077915475875,43.6705219756192,510239893417.645,6000.93346404409,15719.416701551,240508603716.283,231685436322.65,2724.85335995126,2828.6226675933435,47.1363777742522,1.6068730179994661,0.48534393701884504,2013.0,2023.0,8.04492437660278,12.232,64.0439736249513
IRN,"Iran, Islamic Rep.",2018,Middle East,"Middle East, North Africa, Afghanistan & Pakistan",Southern Asia,86117998.0,74.8034286499023,6.75643435185291,44.3383750252204,411903303606.044,4783.01067340237,15324.0674634637,192342218849.993,219371029494.15,2547.33080876021,2233.4729477802425,46.6959641173342,-5.315140659661788,0.48534393701884504,2013.0,2023.0,18.0141183371874,12.195,70.2005650008363
IRN,"Iran, Islamic Rep.",2019,Middle East,"Middle East, North Africa, Afghanistan & Pakistan",Southern Asia,87051648.0,75.2038879394531,7.01598841078797,44.7786947808427,347988400957.999,3997.4935449585,13927.5128074328,164524712643.691,201831488201.295,2318.52575842442,1889.9666625919708,47.2787921065072,-7.995377207874532,0.48534393701884504,2013.0,2023.0,39.9073455697784,10.74,72.4509047672065
IRN,"Iran, Islamic Rep.",2020,Middle East,"Middle East, North Africa, Afghanistan & Pakistan",Southern Asia,87723443.0,75.5986404418945,7.22935544150952,44.9349216202493,280934329279.723,3202.50003502169,15119.3058859964,122228756874.979,200747785392.646,2288.41662533293,1393.3419926869378,43.5079462123254,-0.5369344586946712,0.48534393701884504,2013.0,2023.0,30.5941390387295,9.687,75.56986637
IRN,"Iran, Islamic Rep.",2021,Middle East,"Middle East, North Africa, Afghanistan & Pakistan",Southern Asia,88455488.0,75.9926376342773,7.40518218273343,44.8342885799624,407350685583.335,4605.14881318992,15884.4276775963,169075661518.58,213727194401.841,2416.21180589542,1911.4208212675283,41.5061683955337,6.46553035880737,0.48534393701884504,2013.0,2023.0,43.3890162681514,9.282,78.5957366
IRN,"Iran, Islamic Rep.",2022,Middle East,"Middle East, North Africa, Afghanistan & Pakistan",Southern Asia,89524246.0,76.3342208862305,7.62900026195697,44.6136576243103,422662261525.665,4721.20437099984,17542.844026084,178736173497.986,225144363611.744,2514.89818313292,1996.5113528907686,42.2881789476095,5.341935658612029,0.48534393701884504,2013.0,2023.0,43.4884641742179,9.085,81.71649933
IRN,"Iran, Islamic Rep.",2023,Middle East,"Middle East, North Africa, Afghanistan & Pakistan",Southern Asia,90608707.0,76.6759567260742,7.91608360551928,44.414481053557,457510482317.483,5049.29931642754,18932.6833817658,198992315958.344,228794591431.89,2525.08394620276,2196.1721179659257,43.4945916321664,1.6212832342721972,0.48534393701884504,2013.0,2023.0,44.5791857572797,8.129,83.71050262
IRQ,Iraq,2013,Middle East,"Middle East, North Africa, Afghanistan & Pakistan",Western Asia,35281989.0,69.444450378418,3.00146343790312,77.9595494709507,234637675128.645,6650.35282247395,14668.5432764995,90649009777.0154,92115408732.733,2610.83378073535,2569.2715276628933,38.6336123247536,,1.3347364409724172,2013.0,2023.0,1.87949800749416,9.222,9.199999809
IRQ,Iraq,2014,Middle East,"Middle East, North Africa, Afghanistan & Pakistan",Western Asia,36550059.0,69.6666641235352,3.02041509700436,77.4322732901079,228415656174.957,6249.39226978969,13168.245587417,96086015780.446,95492622935.1824,2612.65304483318,2628.8881169917126,42.0663002657086,3.6662858569603385,1.3347364409724172,2013.0,2023.0,2.23597407904726,10.59,11.6453267304545
IRQ,Iraq,2015,Middle East,"Middle East, North Africa, Afghanistan & Pakistan",Western Asia,37560535.0,69.920524597168,3.04510842357688,76.7457689966644,166774104959.102,4440.14189252367,9334.46604866315,92858245229.2571,92858245229.2571,2472.22903585524,2472.2290358552427,55.679054762146,-2.7587237892852223,1.3347364409724172,2013.0,2023.0,1.39333028780268,10.865,15.21440029
IRQ,Iraq,2016,Middle East,"Middle East, North Africa, Afghanistan & Pakistan",Western Asia,38469627.0,69.9123778259643,3.08574346197846,75.941151388931,166743557747.671,4334.42096404188,9079.13531769496,94765439796.7824,95437585716.69,2480.85549976063,2463.383380264706,56.8330441528592,2.7777183179208187,1.3347364409724172,2013.0,2023.0,0.556521397155548,10.82,19.87719917
IRQ,Iraq,2017,Middle East,"Middle East, North Africa, Afghanistan & Pakistan",Western Asia,39337353.0,69.8944511190753,3.15072288734421,75.0599077602728,187217660050.676,4759.2846435467,10191.6616988639,96333091722.973,97084107543.5262,2467.98780648831,2448.896135003619,51.4551307269291,1.7252341564087281,1.3347364409724172,2013.0,2023.0,0.184058898847553,13.02,25.96920013
IRQ,Iraq,2018,Middle East,"Middle East, North Africa, Afghanistan & Pakistan",Western Asia,40265624.0,69.8765148865842,3.23303566296358,74.1065293195781,227367469034.031,5646.68932074742,12034.4011214944,98991424984.1471,99277195119.4121,2465.55709951029,2458.4599752917547,43.5380775467623,2.2589563126000467,1.3347364409724172,2013.0,2023.0,0.367441488936828,13.458,33.92810059
IRQ,Iraq,2019,Middle East,"Middle East, North Africa, Afghanistan & Pakistan",Western Asia,41192171.0,69.8683395385742,3.31720320491488,73.0951419263335,233636097800.338,5671.8568632942,12248.5917385963,100386955329.949,100829544099.767,2447.78416995227,2437.0396823694728,42.9672282130556,1.5636511270163522,1.3347364409724172,2013.0,2023.0,-0.198965380023882,14.096,44.3263465511579
IRQ,Iraq,2020,Middle East,"Middle East, North Africa, Afghanistan & Pakistan",Western Asia,42116605.0,69.8683166503906,3.36039554185808,71.9840510727635,180898797516.874,4295.18945121228,10573.9304750715,94600408165.9163,95287647238.0936,2262.47218260099,2246.154650070116,52.2946583749911,-5.496302607685999,1.3347364409724172,2013.0,2023.0,0.574162679425856,15.766,53.67779922
IRQ,Iraq,2021,Middle East,"Middle East, North Africa, Afghanistan & Pakistan",Western Asia,43071211.0,69.8682708740234,3.38104730072539,70.7745819074433,209691945713.103,4868.49431080783,12731.7535755128,84596831200.6669,97733452726.0333,2269.11318388594,1964.1154552321943,40.3433860623387,2.566760287226333,1.3347364409724172,2013.0,2023.0,6.04186489058043,16.173,65.00219727
IRQ,Iraq,2022,Middle East,"Middle East, North Africa, Afghanistan & Pakistan",Western Asia,44070551.0,69.8682861328125,3.39760558019799,69.4474528755877,287372232137.931,6520.73154560584,14388.8485236797,91168585241.3793,100324212465.136,2276.44561251653,2068.6962874909213,31.7249111241969,2.6508423337556097,1.3347364409724172,2013.0,2023.0,4.9947659638103,15.41,78.71560926
IRQ,Iraq,2023,Middle East,"Middle East, North Africa, Afghanistan & Pakistan",Western Asia,45074049.0,69.868278503418,3.39670394377039,68.0336199589456,268881051643.549,5965.31835077761,14664.5981923773,109980411552.347,105175771490.365,2333.39967949995,2439.9940540586226,40.9029981399156,4.835880497855882,1.3347364409724172,2013.0,2023.0,4.35835351089595,15.239,81.80889893
ISL,Iceland,2013,Europe,Europe & Central Asia,Northern Europe,323764.0,93.6166725158692,13.0702053657851,50.7407510871488,16244319958.6808,50173.3360061057,44738.1187219778,8474466576.69349,8212565281.02431,25365.9001032367,26174.826653653556,52.1687986831656,,3.612038650307703,2013.0,2023.0,3.8722792374824,5.376,96.5468
ISL,Iceland,2014,Europe,Europe & Central Asia,Northern Europe,327386.0,93.6196716315805,13.3619327506584,51.0724108016317,18052183514.8695,55140.364935793,46471.9845659755,9352315913.26418,8426702250.35716,25739.348201686,28566.633616783183,51.8071174357424,2.60743095494933,3.612038650307703,2013.0,2023.0,2.04461481539342,4.897,98.1580233097118
ISL,Iceland,2015,Europe,Europe & Central Asia,Northern Europe,330815.0,93.727919768566,13.679345765165,51.2221099738985,17700486957.1907,53505.6964079339,49715.8375969779,8702490993.50993,8702490993.50993,26306.2164457776,26306.216445777638,49.1652631622919,3.2727956317796902,3.612038650307703,2013.0,2023.0,1.63305558181335,3.979,98.19999695
ISL,Iceland,2016,Europe,Europe & Central Asia,Northern Europe,335439.0,93.7822647094726,13.9213912898367,51.0789131149535,21083713310.457,62854.0906407932,54227.6848099073,10244766107.3894,9162050901.17954,27313.6126126644,30541.368497370313,48.5909002675927,5.280785788946374,3.612038650307703,2013.0,2023.0,1.69692761997734,2.978,98.23999786
ISL,Iceland,2017,Europe,Europe & Central Asia,Northern Europe,343400.0,93.7718982310092,14.0228770869629,50.5504237232406,25060086487.8901,72976.3729990975,56385.0430004634,12395253004.4436,9814543872.49772,28580.500502323,36095.66978579965,49.4621317864701,7.121691184166812,3.612038650307703,2013.0,2023.0,1.76041559180605,2.742,98.2552011867973
ISL,Iceland,2018,Europe,Europe & Central Asia,Northern Europe,352721.0,93.8526667025487,14.1209962193995,49.9243409587446,26677652544.3499,75633.8651351915,58105.5882495515,13211266849.1793,10182437497.2744,28868.248551332,37455.288596877705,49.5218491477705,3.7484536169591243,3.612038650307703,2013.0,2023.0,2.68291768267392,2.704,99.0109539916991
ISL,Iceland,2019,Europe,Europe & Central Asia,Northern Europe,360563.0,93.9770847416131,14.299299000969,49.6379021983175,24985687022.0452,69296.3144361601,61270.1315624391,12331048070.0594,10271574634.2965,28487.6003203227,34199.42720151375,49.3524474999608,0.8754007775246153,3.612038650307703,2013.0,2023.0,3.01397179156061,3.507,99.5049411693787
ISL,Iceland,2020,Europe,Europe & Central Asia,Northern Europe,366463.0,94.1367102874722,14.5643646996569,49.9071422727645,22034665040.7901,60127.9393575616,56840.7423583166,11290794877.7562,10019358032.0802,27340.7084264448,30810.190599750043,51.2410552048551,-2.455481376479074,3.612038650307703,2013.0,2023.0,2.84792401518657,5.478,99.5327519
ISL,Iceland,2021,Europe,Europe & Central Asia,Northern Europe,372520.0,94.2108206403841,14.8686344991929,50.3588236718681,26234872402.457,70425.4064277273,62720.7916832797,13441566726.8013,10835350352.5194,29086.627167721,36082.80555889966,51.2354949572482,8.144157717755341,3.612038650307703,2013.0,2023.0,4.44423970189746,6.029,99.68701957
ISL,Iceland,2022,Europe,Europe & Central Asia,Northern Europe,382003.0,94.1787071228028,15.1109948456115,50.351670582864,29176227825.4736,76376.9599334915,76592.3392429534,14522050998.9722,11659875345.7814,30522.9941801018,38015.541760070475,49.7735728067392,7.60958313701674,3.612038650307703,2013.0,2023.0,8.30875511558912,3.789,97.58339691
ISL,Iceland,2023,Europe,Europe & Central Asia,Northern Europe,385663.0,94.1518261784801,15.3483031550157,50.1598302412054,31701996433.7807,82201.2908518078,82256.5277425273,15430293367.6922,11710650601.0573,30364.9834209072,40009.78410605166,48.6729389422621,0.43546996661736337,3.612038650307703,2013.0,2023.0,8.73630299937298,3.518,97.94860077
ISR,Israel,2013,Middle East,"Middle East, North Africa, Afghanistan & Pakistan",Western Asia,8059500.0,91.7227831465406,10.5899969533043,63.3461694365626,298045324735.571,36980.622214228,34776.8705712769,161124984363.857,149716741712.904,18576.4305121786,19991.933043471305,54.0605642805534,,3.396963722234947,2013.0,2023.0,1.58976347421476,6.137,70.250311945
ISR,Israel,2014,Middle East,"Middle East, North Africa, Afghanistan & Pakistan",Western Asia,8215700.0,91.7151980935716,10.795297915876,63.9784018028702,314376760832.047,38265.3651949373,34745.4721490798,169374520706.834,155279197959.319,18900.3003955012,20615.957338611926,53.8762853394629,3.715320132388089,3.396963722234947,2013.0,2023.0,0.467557251908503,5.789,75.0177531628076
ISR,Israel,2015,Middle East,"Middle East, North Africa, Afghanistan & Pakistan",Western Asia,8380100.0,91.7042921554705,11.0178266647386,64.638409839837,302841190257.708,36138.13561386,35796.5328359923,160666485399.426,160666485399.426,19172.3828354585,19172.382835458528,53.0530491122108,3.469419929331674,3.396963722234947,2013.0,2023.0,-0.617342577642765,5.176,77.3520896572253
ISR,Israel,2016,Middle East,"Middle East, North Africa, Afghanistan & Pakistan",Western Asia,8546000.0,91.6894623646632,11.2613992767727,65.3254208243869,321083954798.337,37571.2561196275,38087.5003075978,171151559405.296,170765064881.489,19981.8704518475,20027.09564770606,53.304301522258,6.2854300054908,3.396963722234947,2013.0,2023.0,-0.535168195718695,4.723,79.6531241815281
ISR,Israel,2017,Middle East,"Middle East, North Africa, Afghanistan & Pakistan",Western Asia,8713300.0,91.6701057535759,11.4924645678713,65.951371618093,357360816856.642,41013.2575323519,39350.730387912,189047080646.896,176884994566.35,20300.5743594678,21696.381468203323,52.9008978403846,3.5838300352055263,3.396963722234947,2013.0,2023.0,0.249807840123008,4.14,81.5811835871611
ISR,Israel,2018,Middle East,"Middle East, North Africa, Afghanistan & Pakistan",Western Asia,8882800.0,91.6456193546346,11.7012951661424,66.4016568980219,375470422244.408,42269.3770257585,40101.487265134,197892778194.233,183240790832.546,20628.7196416159,22278.198112558315,52.7052908751937,3.5931800104230582,3.396963722234947,2013.0,2023.0,0.805060379528526,3.917,83.7331569615326
ISR,Israel,2019,Middle East,"Middle East, North Africa, Afghanistan & Pakistan",Western Asia,9054000.0,91.6154002002652,11.8854991652299,66.6943447277344,399207771081.611,44091.8678022544,41176.910821106,208478997841.481,190388959044.956,21028.1598238299,23026.176037274243,52.2231812463543,3.900969964128964,3.396963722234947,2013.0,2023.0,0.817645940292794,3.731,86.7878776180583
ISR,Israel,2020,Middle East,"Middle East, North Africa, Afghanistan & Pakistan",Western Asia,9215100.0,91.5788453228939,12.0528770588893,66.9096172948003,410908899711.272,44590.8237253282,40969.2987342816,199221748534.956,176524035428.683,19155.9544040415,21619.054436192335,48.4831914506941,-7.282419992116818,3.396963722234947,2013.0,2023.0,-0.575254620897756,4.169,90.12734091
ISR,Israel,2021,Middle East,"Middle East, North Africa, Afghanistan & Pakistan",Western Asia,9371400.0,91.5353517549466,12.1979895950145,67.0610227135178,489735019666.026,52258.4693499398,46151.100820403,239247332157.393,196154964534.622,20931.2338108097,25529.518765327808,48.8524043717657,11.120825024346349,3.396963722234947,2013.0,2023.0,1.47965474722561,4.812,90.29689758
ISR,Israel,2022,Middle East,"Middle East, North Africa, Afghanistan & Pakistan",Western Asia,9557500.0,91.4979834273327,12.3030366078735,66.9632261676725,525157951212.871,54947.2091250715,53616.7140829107,258888308905.471,210411370048.368,22015.3146794002,27087.45057865247,49.2972273022924,7.267929999920897,3.396963722234947,2013.0,2023.0,4.41162725488371,3.695,91.85079615
ISR,Israel,2023,Middle East,"Middle East, North Africa, Afghanistan & Pakistan",Western Asia,9849000.0,91.5089569794505,12.4157088880088,66.7509366513991,513393395491.904,52126.4489280033,55301.43606891,248124770568.002,209097203618.589,21230.2978595379,25192.88969113636,48.3303394135531,-0.6245700645725272,3.396963722234947,2013.0,2023.0,4.22522603168918,3.371,87.03842615
ITA,Italy,2013,Europe,Europe & Central Asia,Southern Europe,60311613.0,69.3073989916076,21.330672420342,54.4363754385898,2153225581941.46,35701.6746002376,36459.2950248716,1307621060704.67,1096688548254.5,18183.7044924416,21681.08255875481,60.7284750688153,,0.4752115911439869,2013.0,2023.0,1.21999342274306,12.149,58.4593
ITA,Italy,2014,Europe,Europe & Central Asia,Southern Europe,60320707.0,69.5807638614879,21.6978740078895,55.0998998007766,2173255507985.84,36028.3494022349,36665.68576775,1314992588338.82,1099850290900.94,18233.3786455942,21800.01949146286,60.5079606841788,0.2882990482094616,0.4752115911439869,2013.0,2023.0,0.241047429826756,12.683,55.6384602242293
ITA,Italy,2015,Europe,Europe & Central Asia,Southern Europe,60229605.0,69.6100006103516,22.0285256126439,55.6066425327957,1845428048839.1,30639.8829751432,37384.3796455406,1120057479234.92,1120057479234.92,18596.4606481301,18596.4606481301,60.6936412362169,1.837267171828194,0.4752115911439869,2013.0,2023.0,0.0387903996579733,11.896,58.1417349568747
ITA,Italy,2016,Europe,Europe & Central Asia,Southern Europe,60115223.0,69.5969232525286,22.3095886391617,55.9197690149889,1887111188176.93,31391.5692898108,40482.562999856,1131976903533.15,1128763905722.6,18776.6733514838,18830.120675642338,59.9846426975358,0.7773196152064621,0.4752115911439869,2013.0,2023.0,-0.09401665691575,11.688,61.3242527666303
ITA,Italy,2017,Europe,Europe & Central Asia,Southern Europe,60002252.0,69.5180784259382,22.558669089969,56.129984783102,1970720904584.71,32844.115660604,42142.3435406885,1185113163214.47,1142539766543.57,19041.6147471194,19751.144727275736,60.1360223285505,1.2204377506340514,0.4752115911439869,2013.0,2023.0,1.22653316645812,11.211,63.0773469984291
ITA,Italy,2018,Europe,Europe & Central Asia,Southern Europe,59877221.0,69.4800033569336,22.8062143288843,56.3079012821236,2099435266458.67,35062.3364176949,43583.3823241172,1261807143172.23,1148366858878.47,19178.6933277759,21073.241578332934,60.1022171691273,0.5100122118749661,0.4752115911439869,2013.0,2023.0,1.13748763600391,10.538,74.3871829234822
ITA,Italy,2019,Europe,Europe & Central Asia,Southern Europe,59729081.0,69.5050010681153,23.104171093177,56.5632847288554,2019606796583.53,33812.788724868,46661.9105159611,1206570858088.63,1148130562230.65,19222.3041608601,20200.726980691867,59.7428598541917,-0.020576756111789773,0.4752115911439869,2013.0,2023.0,0.611246943765304,9.884,67.8507102874836
ITA,Italy,2020,Europe,Europe & Central Asia,Southern Europe,59438851.0,69.5187492370606,23.379233231567,56.7526091414435,1907481094079.23,32091.4866621366,44435.6434393527,1103612838608.72,1026594292635.37,17271.4356917056,18567.196707902716,57.8570787429718,-10.585579166114412,0.4752115911439869,2013.0,2023.0,-0.13770757391651,9.192,70.48342785
ITA,Italy,2021,Europe,Europe & Central Asia,Southern Europe,59133173.0,69.4812507629394,23.6619735523658,56.9283547845865,2179207773596.09,36852.5425414951,49825.3934111848,1227330684233.7,1086438331167.55,18372.7386177561,20755.366606721745,56.3200397458377,5.829375729194286,0.4752115911439869,2013.0,2023.0,1.87378325762481,9.497,74.8623274
ITA,Italy,2022,Europe,Europe & Central Asia,Southern Europe,59013667.0,69.4839779766539,23.929189689659,57.0326358787404,2104067630319.46,35653.9042103495,57260.8945372493,1228395241928.21,1143687356513.47,19380.042194522,20815.436565367305,58.3819276636895,5.269422451654182,0.4752115911439869,2013.0,2023.0,8.20128991161718,8.069,85.06074504
ITA,Italy,2023,Europe,Europe & Central Asia,Southern Europe,58984216.0,69.5381540123301,24.2187831541913,57.1418238396626,2316882296366.32,39279.699782164,60349.664512107,1331525548102.96,1149933174158.19,19495.6083532277,22574.268819695084,57.4705737184519,0.5461123277396673,0.4752115911439869,2013.0,2023.0,5.62219442195901,7.627,87.0278292
JAM,Jamaica,2013,Latin America,Latin America & Caribbean ,Latin America and the Caribbean,2783687.0,54.548819811983,6.27707066203923,44.8530284139516,14264205152.6126,5124.21301411137,9101.41496692481,,,,,,,,,,9.34150076569673,9.698,37.1
JAM,Jamaica,2014,Latin America,Latin America & Caribbean ,Latin America and the Caribbean,2793749.0,54.8660395670395,6.33655707796227,43.5762854803788,13899217679.9219,4975.11325459872,9209.58586596513,,,,,,,,,,8.27407886231419,9.046,40.4027351046672
JAM,Jamaica,2015,Latin America,Latin America & Caribbean ,Latin America and the Caribbean,2802534.0,55.1995248014924,6.40393658025201,42.4671719341197,14963589915.5912,5339.30718256806,9476.14929465037,,,,,,,,,,3.69154228855725,8.825,42.2212211907441
JAM,Jamaica,2016,Latin America,Latin America & Caribbean ,Latin America and the Caribbean,2809915.0,55.549259277615,6.51509031411982,41.5434755779659,14898999754.1229,5302.29553353854,9948.0414677444,,,,,,,,,,2.35102197485846,8.634,44.3668563671334
JAM,Jamaica,2017,Latin America,Latin America & Caribbean ,Latin America and the Caribbean,2815764.0,55.9152267548307,6.6403659256184,40.6624477716921,15783583236.675,5605.43541173019,10466.4876782146,,,,,,,,,,4.37839864991561,7.399,55.0720670507751
JAM,Jamaica,2018,Latin America,Latin America & Caribbean ,Latin America and the Caribbean,2820097.0,56.297410990325,6.7806520873835,39.8101027668063,16855447986.2221,5976.90362644337,10752.7406650924,,,,,,,,,,3.73663882152163,5.47,68.2145170876072
JAM,Jamaica,2019,Latin America,Latin America & Caribbean ,Latin America and the Caribbean,2823271.0,56.6957957395074,6.94823486657852,39.0357469289986,17026269262.5307,6030.68896415921,10845.0113635875,,,,,,,,,,3.90510000865872,4.987,70.8410169743356
JAM,Jamaica,2020,Latin America,Latin America & Caribbean ,Latin America and the Caribbean,2830739.0,57.1103647563627,7.13912515424417,38.3245693633893,15000214216.2439,5299.04530804283,9764.3525879784,,,,,,,,,,5.2267777929352,6.501,76.38400269
JAM,Jamaica,2021,Latin America,Latin America & Caribbean ,Latin America and the Caribbean,2837682.0,57.5411017937226,7.31190233999129,37.6650783439917,15963885376.3537,5625.67806271236,10430.6909771759,,,,,,,,,,5.86278242801063,5.188,82.36071561
JAM,Jamaica,2022,Latin America,Latin America & Caribbean ,Latin America and the Caribbean,2839144.0,57.9879906034775,7.53711329893799,37.2061442403184,18813516805.214,6626.47502388538,11885.8863913319,,,,,,,,,,10.3495688391272,4.083,85.84329987
JAM,Jamaica,2023,Latin America,Latin America & Caribbean ,Latin America and the Caribbean,2839786.0,58.4510149367429,7.86217693868482,36.9793488070563,21418797832.8216,7542.39855849054,12661.3324691366,,,,,,,,,,6.47413734662063,3.022,89.47304282
JOR,Jordan,2013,Middle East,"Middle East, North Africa, Afghanistan & Pakistan",Western Asia,7991809.0,86.4627110188335,3.52211870929348,62.3084954646161,37873362957.7465,4739.02253641778,10790.7021162492,,,,,,,,,,4.82462314269537,12.6,41.4
JOR,Jordan,2014,Middle East,"Middle East, North Africa, Afghanistan & Pakistan",Western Asia,8791710.0,88.0371754329978,3.35011599847379,62.0603171156438,40535098591.5493,4610.60460269382,10059.8134952939,,,,,,,,,,2.89947905006057,11.9,46.2
JOR,Jordan,2015,Middle East,"Middle East, North Africa, Afghanistan & Pakistan",Western Asia,9544729.0,89.8881391939133,3.31858033894938,61.6234808949505,42394049295.7747,4441.61896013754,9851.78048494686,,,,,,,,,,-0.876851359704049,13.075,54.22000122
JOR,Jordan,2016,Middle East,"Middle East, North Africa, Afghanistan & Pakistan",Western Asia,10006367.0,90.56272794707,3.41284721082323,60.9582989168769,43688498732.3944,4366.06999647268,9580.27683713466,,,,,,,,,,-0.778430463054142,15.275,56.15000153
JOR,Jordan,2017,Middle East,"Middle East, North Africa, Afghanistan & Pakistan",Western Asia,10234226.0,90.8764609714428,3.52500521290032,60.338812839042,45535614366.1972,4449.34618076611,10140.0335144087,,,,,,,,,,3.32389447576097,18.12,64.5
JOR,Jordan,2018,Middle East,"Middle East, North Africa, Afghanistan & Pakistan",Western Asia,10462306.0,91.2008859099729,3.64857422445874,59.6400832936228,47435850422.5352,4533.97658437205,9889.90818777299,,,,,,,,,,4.46231108475481,18.257,65.2
JOR,Jordan,2019,Middle East,"Middle East, North Africa, Afghanistan & Pakistan",Western Asia,10671891.0,91.515966492507,3.77701553656163,58.8802726956431,48640273802.8169,4557.79334729121,10305.6561841508,,,,,,,,,,0.761514047265601,16.801,70.08470154
JOR,Jordan,2020,Middle East,"Middle East, North Africa, Afghanistan & Pakistan",Western Asia,10865228.0,91.8216722992319,3.89908540801378,58.0792660970113,47931770985.9155,4411.48321838396,10506.7284780872,,,,,,,,,,0.333294350628378,19.213,78.4178009
JOR,Jordan,2021,Middle East,"Middle East, North Africa, Afghanistan & Pakistan",Western Asia,11066356.0,92.117972910453,4.0065537381953,57.2273523032512,50702940985.9155,4581.71967230365,10056.5611261239,,,,,,,,,,1.34609377243118,19.837,85.999997
JOR,Jordan,2022,Middle East,"Middle East, North Africa, Afghanistan & Pakistan",Western Asia,11256263.0,92.4048379066163,4.14208054031429,56.2381654714504,53516930140.8451,4754.41362207378,10880.9956299022,,,,,,,,,,4.22915568897117,18.2,90.4999984
JOR,Jordan,2023,Middle East,"Middle East, North Africa, Afghanistan & Pakistan",Western Asia,11439213.0,92.682236868336,4.32230327723143,55.1554977992581,56123472112.6761,4906.23543006639,11450.5720698729,,,,,,,,,,2.08486986327134,16.62,92.53443944
JPN,Japan,2013,East Asia,East Asia & Pacific,Eastern Asia,127445000.0,91.1516595654317,25.4120635790966,62.6073022231989,5272297037396.96,41369.1948479498,39855.3531119712,3025230888448.74,2502894609044.71,19639.0176864115,23737.540809358863,57.3797505525667,,-0.1590577790869352,2013.0,2023.0,0.335037912184741,4.038,88.219428911
JPN,Japan,2014,East Asia,East Asia & Pacific,Eastern Asia,127276000.0,91.2548945132333,26.2261883365166,64.4653380797358,4985763289560.81,39172.8471161948,40272.4415780289,2823491606480.65,2485752642099.46,19530.4114059167,22184.006462181795,56.6310801877112,-0.6848856872879949,-0.1590577790869352,2013.0,2023.0,2.75922671353253,3.589,89.1068330166075
JPN,Japan,2015,East Asia,East Asia & Pacific,Eastern Asia,127141000.0,91.3532644103625,26.9230034152781,66.0229941997136,4534438580494.94,35664.6446110613,41722.3895623635,2486257362140.53,2486257362140.53,19555.118821942,19555.118821942015,54.8305444655323,0.020304515924940425,-0.1590577790869352,2013.0,2023.0,0.795279630579839,3.385,91.0580283929962
JPN,Japan,2016,East Asia,East Asia & Pacific,Eastern Asia,127076000.0,91.4541254852142,27.5120281384821,67.3227876016443,5110357383254.44,40214.9688631562,41462.5069772969,2748156358285.26,2477352716057.02,19495.0479717415,21626.08484910809,53.7762068713705,-0.35815463914176116,-0.1590577790869352,2013.0,2023.0,-0.127258844489754,3.132,93.1827212821617
JPN,Japan,2017,East Asia,East Asia & Pacific,Eastern Asia,126972000.0,91.5498419685883,27.9778213758677,68.3095186249903,5038231631660.71,39679.8635262948,42346.876013211,2702240596641.06,2500267166917.02,19691.484476239,21282.177146465834,53.6347034872301,0.9249571412047741,-0.1590577790869352,2013.0,2023.0,0.484199796126385,2.822,91.7265472366635
JPN,Japan,2018,East Asia,East Asia & Pacific,Eastern Asia,126811000.0,91.6377318609728,28.3452163347643,69.0229537254226,5154293721629.56,40645.478086519,43090.0699981402,2769916622806.99,2504893364805.46,19752.9659477921,21842.873432170632,53.7399840289131,0.18502814217826735,-0.1590577790869352,2013.0,2023.0,0.989094598021848,2.467,88.7463508901772
JPN,Japan,2019,East Asia,East Asia & Pacific,Eastern Asia,126633000.0,91.7164207898107,28.6287707536412,69.4781102585107,5245755000479.03,41424.8655601543,43743.5313931194,2807170331833.64,2484495269365.55,19619.6510338186,22167.76299885212,53.5131803063105,-0.8143298923024012,-0.1590577790869352,2013.0,2023.0,0.46877615938395,2.351,92.7303978145525
JPN,Japan,2020,East Asia,East Asia & Pacific,Eastern Asia,126261000.0,91.7809926267889,28.9181743842737,69.8915691054857,5189197543645.38,41098.9739004553,43560.021428549,2747044228925.89,2361111746214.54,18700.2458891862,21756.87052158537,52.9377462665664,-4.96614039367913,-0.1590577790869352,2013.0,2023.0,-0.024995834027731,2.809,90.21945812
JPN,Japan,2021,East Asia,East Asia & Pacific,Eastern Asia,125681593.0,91.8741049279527,29.2169970691602,70.2569936325802,5225933520753.1,41580.739040705,45999.4617966896,2751128059809.15,2406938233006.11,19151.0799278786,21889.66573497481,52.643763049873,1.9408859773384801,-0.1590577790869352,2013.0,2023.0,-0.233352779398264,2.808,82.91407928
JPN,Japan,2022,East Asia,East Asia & Pacific,Eastern Asia,125124989.0,91.9776532428406,29.4026473056942,70.2463331657833,4447976207314.78,35548.2645222433,49245.964174373,2426093623251.15,2461302296760.4,19670.7493557534,19389.361330942054,54.5437635044314,2.25863975272822,-0.1590577790869352,2013.0,2023.0,2.49770278172255,2.614,84.92343147
JPN,Japan,2023,East Asia,East Asia & Pacific,Eastern Asia,124516650.0,92.0826903891473,29.5618100807812,70.1001399306642,4384854269961.93,35215.003535366,52726.2389417641,2350182323673.81,2463367865540.94,19783.4415360591,18874.44228280965,53.5977293424216,0.08392178332823352,-0.1590577790869352,2013.0,2023.0,3.26813365933163,2.6,85.00990295
KAZ,Kazakhstan,2013,Europe,Europe & Central Asia,Central Asia,17556502.0,55.0779764821252,6.46346293811831,49.5309872731953,236634603409.089,13478.459627612,23754.1341952117,118072596164.285,95947689415.1357,5465.08008344348,6725.291642052899,49.8965892829137,,3.1615173020040466,2013.0,2023.0,5.94283871648418,5.2,63.30422443
KAZ,Kazakhstan,2014,Europe,Europe & Central Asia,Central Asia,17816285.0,55.5524361787178,6.59698135722458,50.9797084009508,221415613595.469,12427.7094576939,23958.1128890603,107347834428.037,97274561118.5352,5459.86781860165,6025.264774785372,48.4825043206591,1.3829115755550347,3.1615173020040466,2013.0,2023.0,6.84944977003358,5.06,66.0
KAZ,Kazakhstan,2015,Europe,Europe & Central Asia,Central Asia,18084169.0,56.1106048930882,6.76146357623621,52.5207605589946,184388404706.042,10196.1226255982,22484.3651382607,99049420535.7148,99049420535.7148,5477.13420150601,5477.134201506014,53.7178141400066,1.8245874324910316,3.1615173020040466,2013.0,2023.0,6.67828585615236,4.93,70.82993359566
KAZ,Kazakhstan,2016,Europe,Europe & Central Asia,Central Asia,18363600.0,56.7476265001667,6.93973967358632,54.0318746567256,137278320084.171,7475.56688689424,23023.0872293899,74877521919.5698,100278302445.266,5460.71045139659,4077.4968916535863,54.5443168838745,1.2406755162268857,3.1615173020040466,2013.0,2023.0,14.3610942386248,4.96,74.5877264735738
KAZ,Kazakhstan,2017,Europe,Europe & Central Asia,Central Asia,18651931.0,57.4586448748837,7.12369405612749,55.4148033056512,166805788827.233,8943.08416791984,23973.0602295651,87719804486.6258,101830428055.043,5459.51129966343,4702.987829336586,52.5879857667772,1.5478179944501624,3.1615173020040466,2013.0,2023.0,7.44266321306792,4.9,76.4267482325439
KAZ,Kazakhstan,2018,Europe,Europe & Central Asia,Central Asia,18932727.0,58.2388038921695,7.30176395882548,56.5235626212407,179339977690.485,9472.48527327758,25096.1285862615,93432651602.3882,108016012717.569,5705.25380298197,4934.981189048371,52.0980613500686,6.074397192146219,3.1615173020040466,2013.0,2023.0,6.16366247577762,4.85,78.9039190578816
KAZ,Kazakhstan,2019,Europe,Europe & Central Asia,Central Asia,19209555.0,59.0832474269546,7.48037890518547,57.4655912088719,181667184854.501,9457.12614657136,28689.2710838374,94973526541.6404,114581768296.611,5964.83199619205,4944.077389696971,52.2788563150279,6.078502079325565,3.1615173020040466,2013.0,2023.0,5.33356098916669,4.8,81.8776204746284
KAZ,Kazakhstan,2020,Europe,Europe & Central Asia,Central Asia,19482117.0,59.9871193541692,7.64879145320809,58.3765163228774,171082365861.423,8781.50797787648,29039.8229624509,90680317623.2022,110349620274.261,5664.14934651407,4654.5412710129085,53.0038950341928,-3.6935614498411984,3.1615173020040466,2013.0,2023.0,6.71815454861458,4.89,85.94259898
KAZ,Kazakhstan,2021,Europe,Europe & Central Asia,Central Asia,19743603.0,61.030254280267,7.77663023309373,59.3848303180197,197112255360.612,9983.60103576902,32945.8515725823,101789326555.649,117255336230.279,5938.902652686,5155.559831488154,51.6402830303106,6.258033275379349,3.1615173020040466,2013.0,2023.0,8.04147134028401,5.568,90.9239507
KAZ,Kazakhstan,2022,Europe,Europe & Central Asia,Central Asia,20034609.0,61.444157327248,7.98541663578261,60.2870919049799,225496328925.494,11255.3396437881,35889.3953214448,111478913433.225,121811728553.099,6080.06517886617,5564.316899482541,49.4371300696689,3.885872037304683,3.1615173020040466,2013.0,2023.0,15.0278644440851,4.86,92.29685266
KAZ,Kazakhstan,2023,Europe,Europe & Central Asia,Central Asia,20330104.0,61.7560919499181,8.30816704134912,60.893935746271,261840101059.923,12879.4275257974,38546.9287207389,135304211195.51,130982034502.573,6442.76263921586,6655.362471117216,51.6743656329957,7.528261899244426,3.1615173020040466,2013.0,2023.0,14.5275597825952,4.835,92.87846096
KEN,Kenya,2013,Africa,Sub-Saharan Africa ,Sub-Saharan Africa,44986791.0,31.8324454433988,2.25415502801872,82.1267476397034,61671440407.8387,1370.87885214659,3106.39394464885,47176778658.3168,48028265019.1936,1067.60815678526,1048.6806818098407,76.496962526467,,4.295284478872707,2013.0,2023.0,5.71749357037733,2.762,13.0
KEN,Kenya,2014,Africa,Sub-Saharan Africa ,Sub-Saharan Africa,46051440.0,31.7931545274563,2.34503413633717,81.121499936462,68285796514.2896,1482.81566253497,3359.48950665093,51943671450.1249,50050106199.5091,1086.83042700747,1127.948907789309,76.068046506941,4.209690230341456,4.295284478872707,2013.0,2023.0,6.87815499275949,2.767,16.5
KEN,Kenya,2015,Africa,Sub-Saharan Africa ,Sub-Saharan Africa,47088526.0,31.7338026039958,2.44316524157074,79.9924124841202,70120446896.8359,1489.11959777284,3678.32614146019,52952688101.5328,52952688101.5328,1124.53484106792,1124.534841067924,75.5167578715507,5.799352134146263,4.295284478872707,2013.0,2023.0,6.58215429284779,2.762,16.5878548475992
KEN,Kenya,2016,Africa,Sub-Saharan Africa ,Sub-Saharan Africa,48139687.0,31.6502520105647,2.49676010564838,78.6364414112252,74815144163.8931,1554.12610314423,3916.65315673095,57164247777.3543,55337606180.2969,1149.52152016063,1187.466129087094,76.4073215606295,4.5038659306420925,4.295284478872707,2013.0,2023.0,6.29724953814625,2.757,16.6
KEN,Kenya,2017,Africa,Sub-Saharan Africa ,Sub-Saharan Africa,49197766.0,31.5383650847102,2.54036944015272,77.1603826189851,82036510877.2599,1667.48447230835,4177.24993580267,63917075528.6203,58054934976.7769,1180.03193431134,1299.1865429137636,77.9129619789056,4.910455988332063,4.295284478872707,2013.0,2023.0,8.00564967709945,3.542,17.82710075
KEN,Kenya,2018,Africa,Sub-Saharan Africa ,Sub-Saharan Africa,50207107.0,31.3940041639796,2.64365458615595,75.7364230190387,92202979985.2863,1836.45275528993,4411.56104120886,71091178701.7248,60800792715.27,1210.99972390901,1415.9584757935722,77.1029078594526,4.729757667615142,4.295284478872707,2013.0,2023.0,4.6898064677633,4.284,19.5
KEN,Kenya,2019,Africa,Sub-Saharan Africa ,Sub-Saharan Africa,51202827.0,31.1895566421135,2.74689322576961,74.2639405667526,100378436207.371,1960.40808854893,4687.37782325306,77715659624.2162,63841380537.029,1246.83311991795,1517.8001719361355,77.4226642300581,5.000901609947861,4.295284478872707,2013.0,2023.0,5.23963795764792,5.014,22.6687733618171
KEN,Kenya,2020,Africa,Sub-Saharan Africa ,Sub-Saharan Africa,52217334.0,31.2063494632616,2.78922227999252,72.6322381007686,100657505750.545,1927.66459027849,4792.57315847182,76941963224.6941,62672374855.3387,1200.22165159444,1473.4946679716377,76.4393699714514,-1.831109653106977,4.295284478872707,2013.0,2023.0,5.40516207933392,5.613,24.7227993
KEN,Kenya,2021,Africa,Sub-Saharan Africa ,Sub-Saharan Africa,53219166.0,31.2879334021971,2.81860394823365,70.9579167427054,109703658904.994,2061.35622089594,5338.85243382781,82822041208.1252,66467609175.4584,1248.94120241303,1556.2446282627802,75.4961521200047,6.055673379028503,4.295284478872707,2013.0,2023.0,6.10793603659176,5.693,26.96290016
KEN,Kenya,2022,Africa,Sub-Saharan Africa ,Sub-Saharan Africa,54252461.0,31.4307820066946,2.86391987696116,69.3054789511188,114448978152.637,2109.56288513137,5882.29066433207,86623962405.3042,68020650237.5684,1253.7799941936,1596.682635379512,75.6878425683943,2.3365381745721336,4.295284478872707,2013.0,2023.0,7.65986268272224,5.565,29.40589905
KEN,Kenya,2023,Africa,Sub-Saharan Africa ,Sub-Saharan Africa,55339003.0,31.6330340816429,2.91330784287267,67.6739373442667,107500884685.013,1942.58802756191,6322.24569873446,82726093225.2635,73138092393.7209,1321.63733404667,1494.896704685184,76.9538720240847,7.523365534259607,4.295284478872707,2013.0,2023.0,7.67139634029402,5.409,32.07040024
KGZ,Kyrgyz Republic,2013,Europe,Europe & Central Asia,Central Asia,5777150.0,35.1850529225105,4.6301206796728,55.6741442388454,7335033800.59056,1269.66303464348,4000.96295765107,7128233606.55306,5928144102.98195,1026.13643457102,1233.8668039696147,97.1806511100078,,5.843503175267362,2013.0,2023.0,6.61375202358082,3.881,23.0
KGZ,Kyrgyz Republic,2014,Europe,Europe & Central Asia,Central Asia,5905848.0,35.1455493029297,4.79470466121749,56.9069668645722,7468102412.68237,1264.52668823891,4228.1951482992,7169289972.43787,6104701869.08942,1033.67067169514,1213.9306620214184,95.9988170524141,2.9782974745613755,5.843503175267362,2013.0,2023.0,7.5342472977589,4.02,28.29999924
KGZ,Kyrgyz Republic,2015,Europe,Europe & Central Asia,Central Asia,6040036.0,35.1008937681291,4.96654216127541,58.150156918583,6678177511.66313,1105.65193844261,4153.3766990372,6046860893.8448,6046860893.8448,1001.1299425773,1001.1299425772959,90.5465732721874,-0.9474823911957531,5.843503175267362,2013.0,2023.0,6.50331838993384,4.138,30.24699974
KGZ,Kyrgyz Republic,2016,Europe,Europe & Central Asia,Central Asia,6175338.0,35.0515747230627,5.07955235536804,59.0639463884673,6813095379.1187,1103.27489428412,4603.75964247878,5641203874.48214,6008635336.36226,973.005094840519,913.5052809226215,82.7994261135949,-0.6321553968845262,5.843503175267362,2013.0,2023.0,0.388838296895799,4.294,40.52619934
KGZ,Kyrgyz Republic,2017,Europe,Europe & Central Asia,Central Asia,6306696.0,34.9980805726839,5.11917760176021,59.488277666114,7702938379.42036,1221.39046807082,4953.71755085199,6322533275.45918,6386664902.06261,1012.67999948985,1002.5111842174064,82.0794995887653,6.291437981144243,5.843503175267362,2013.0,2023.0,3.1753098637994,4.425,50.80530167
KGZ,Kyrgyz Republic,2018,Europe,Europe & Central Asia,Central Asia,6444079.0,34.9408997219466,5.1512820157017,59.9520249168602,8271106235.41552,1283.5203037417,4777.94175395575,6822485717.67243,6708191176.06876,1040.98524801896,1058.7216136972297,82.4857706271462,5.034337622791374,5.843503175267362,2013.0,2023.0,1.54266145238436,4.559,62.8
KGZ,Kyrgyz Republic,2019,Europe,Europe & Central Asia,Central Asia,6590211.0,34.8805205758044,5.17384800051124,60.7277440086941,9371275264.36735,1421.99927504102,5304.22758314405,7246816416.06945,6760265622.83961,1025.80412415317,1099.6334436134823,77.3300987499985,0.7762814953250485,5.843503175267362,2013.0,2023.0,1.13362257718804,5.45,64.1
KGZ,Kyrgyz Republic,2020,Europe,Europe & Central Asia,Central Asia,6726596.0,34.8174315392111,5.14875176307459,61.3520516472714,8270468614.24051,1229.51766602907,5178.5619670404,6320767534.88569,6341590805.96627,942.763740525857,939.668078012369,76.4257484032074,-6.193171100538464,5.843503175267362,2013.0,2023.0,6.32542296338078,5.945,72.0
KGZ,Kyrgyz Republic,2021,Europe,Europe & Central Asia,Central Asia,6851224.0,34.7521210171204,5.11075579228056,61.5982158967749,9249133946.26531,1349.99730650542,5736.47883415154,7910191373.14144,7535038038.85012,1099.80903249552,1154.5661582720752,85.5235897663205,18.819366770890266,5.843503175267362,2013.0,2023.0,11.9050398185147,5.149,77.11769867
KGZ,Kyrgyz Republic,2022,Europe,Europe & Central Asia,Central Asia,6975220.0,34.7003053497743,5.19936059005824,61.6068894493144,12134931017.9465,1739.72018344174,6576.46977080639,10761962858.3907,8818348152.31721,1264.23942933946,1542.885078662852,88.6858181762607,17.031236031595775,5.843503175267362,2013.0,2023.0,13.9229093174176,4.767,84.1937027
KGZ,Kyrgyz Republic,2023,Europe,Europe & Central Asia,Central Asia,7099750.0,34.706439175362,5.42703271096246,61.5475158691892,15180842369.4894,2138.22210211478,7304.10137976789,13400006961.3814,10460701455.1912,1473.39011305909,1887.3913815812386,88.2691924152565,18.624273781279864,5.843503175267362,2013.0,2023.0,10.7532770416742,3.498,91.04440308
KHM,Cambodia,2013,South & Southeast Asia,East Asia & Pacific,South-eastern Asia,15170208.0,25.7644735090271,4.25761809784078,57.3927567746693,19807135252.8649,1305.6600972686,3890.94841205221,15513857929.2818,16112174611.8596,1062.09319027528,1022.6529477566688,78.3245922806423,,3.6217535525710387,2013.0,2023.0,2.94162509547349,0.438,6.0
KHM,Cambodia,2014,South & Southeast Asia,East Asia & Pacific,South-eastern Asia,15396772.0,27.8179557823331,4.40694011728368,57.3715668304458,22041463967.9009,1431.56396469993,4117.78868309006,16786898226.0062,16983512222.5739,1103.056681139,1090.2868618179318,76.1605411076733,5.407945430736216,3.6217535525710387,2013.0,2023.0,3.85568861424207,0.692,14.0
KHM,Cambodia,2015,South & Southeast Asia,East Asia & Pacific,South-eastern Asia,15623251.0,30.0669222549819,4.56873555218231,57.4762892275772,24174170369.0738,1547.32010444393,4433.64393500572,17948576865.3678,17948576865.3678,1148.83751565969,1148.8375156596921,74.2469197136526,5.682361988182705,3.6217535525710387,2013.0,2023.0,1.22393195511119,0.393,6.43319107021405
KHM,Cambodia,2016,South & Southeast Asia,East Asia & Pacific,South-eastern Asia,15852803.0,32.4767436038024,4.7354180834771,57.6337208481402,26556545153.3573,1675.19555711109,4748.12428521528,19599257060.727,18770610830.0738,1184.05627257677,1236.3275479249317,73.8019834566064,4.579939517612286,3.6217535525710387,2013.0,2023.0,3.01913975139128,0.716,32.3984517141849
KHM,Cambodia,2017,South & Southeast Asia,East Asia & Pacific,South-eastern Asia,16073372.0,35.0127905056235,4.90883602678903,57.7607192458127,29355665909.7905,1826.35391688754,5050.06356615113,21062185689.2521,20023581650.239,1245.76110415655,1310.3775417661025,71.7482810779214,6.675173394771572,3.6217535525710387,2013.0,2023.0,2.91263557371478,0.141,32.9002785437986
KHM,Cambodia,2018,South & Southeast Asia,East Asia & Pacific,South-eastern Asia,16274522.0,37.6404336372742,5.09207597900805,57.7788009060017,33145892168.8958,2036.67377566578,5616.98087023303,23459024343.5293,21119892362.8671,1297.72735339736,1441.4570420888122,70.775057808048,5.475097970871845,3.6217535525710387,2013.0,2023.0,2.45908515380146,0.129,65.0
KHM,Cambodia,2019,South & Southeast Asia,East Asia & Pacific,South-eastern Asia,16481304.0,39.5830241256026,5.27307790694231,57.7205669146422,36685356407.7206,2225.87705485686,6153.99439528427,24478343152.1963,21834615915.1559,1324.81118697622,1485.2188365796967,66.7251065524463,3.384124975681324,3.6217535525710387,2013.0,2023.0,1.94257500833107,0.119,52.305878224498
KHM,Cambodia,2020,South & Southeast Asia,East Asia & Pacific,South-eastern Asia,16725474.0,39.832658030922,5.4387369063124,57.5213483632843,34818073901.4851,2081.73914242939,5942.45380373929,22401742182.0112,21422589724.5023,1280.83603038708,1339.3786138444386,64.3394067270784,-1.8870320057592704,3.6217535525710387,2013.0,2023.0,2.9402951426397,0.172,56.37590027
KHM,Cambodia,2021,South & Southeast Asia,East Asia & Pacific,South-eastern Asia,16974305.0,40.1091858128847,5.59471490600897,57.1733909693315,36790163687.4421,2167.40324198499,6225.53265474741,23107806075.4289,20898905845.4667,1231.20833786519,1361.3403361980888,62.809739776495,-2.4445404863289277,3.6217535525710387,2013.0,2023.0,2.92073477592949,0.396,60.76269913
KHM,Cambodia,2022,South & Southeast Asia,East Asia & Pacific,South-eastern Asia,17201724.0,40.374616187368,5.7669541078253,56.7923377070363,39994532959.6074,2325.03050040841,6917.7197730003,24003768085.3782,21989618450.7475,1278.33805790324,1395.4280446179814,60.0176231827008,5.218993823628293,3.6217535525710387,2013.0,2023.0,5.34370264895437,0.245,65.49079895
KHM,Cambodia,2023,South & Southeast Asia,East Asia & Pacific,South-eastern Asia,17423880.0,40.6290788072508,5.96118643031327,56.4253473651475,42335646895.7984,2429.74853452838,7436.85544015287,25539852954.0739,22996594850.999,1319.83202656349,1465.795962441999,60.3270643695032,4.579326387617555,3.6217535525710387,2013.0,2023.0,2.12746796594194,0.256,68.92549896
KIR,Kiribati,2013,Oceania,East Asia & Pacific,Micronesia,113838.0,49.9687043258795,3.60993864114513,64.8822455896411,201730860.757856,1772.08718317132,2049.33390306083,180756639.761045,144201062.530704,1266.72167932241,1587.8409648890968,89.6028694281004,,8.440767146399475,2013.0,2023.0,-1.488059084681,,11.5
KIR,Kiribati,2014,Oceania,East Asia & Pacific,Micronesia,115326.0,50.3909308922385,3.63879940863548,64.1216485455684,200287281.98074,1736.70535682101,2084.13105370573,179634619.146303,151351463.757664,1312.37937462206,1557.6246392513656,89.6884801520132,4.958632829378429,8.440767146399475,2013.0,2023.0,2.10398520925043,,12.25
KIR,Kiribati,2015,Oceania,East Asia & Pacific,Micronesia,116815.0,50.9541970402064,3.68403030432735,63.5331504087804,191559398.688293,1639.85274740652,2310.60291495273,172228324.155391,172228324.155391,1474.36822458923,1474.368224589231,89.9085742253987,13.793629661325202,8.440767146399475,2013.0,2023.0,0.572015743634256,,14.89999962
KIR,Kiribati,2016,Oceania,East Asia & Pacific,Micronesia,118478.0,51.7710553002321,3.73866878238998,63.2850507862567,206467818.503227,1742.66799324117,2462.83249247427,184157390.571314,185981946.655783,1569.75933638129,1554.3593795583483,89.1942346784838,7.985691417390184,8.440767146399475,2013.0,2023.0,1.91731090233378,,19.41939926
KIR,Kiribati,2017,Oceania,East Asia & Pacific,Micronesia,120275.0,52.9734697275451,3.79299020158055,63.3771631937841,223029864.54193,1854.3326920967,2561.14862522379,204029712.789651,192985481.744606,1604.53528783709,1696.3601146510164,91.4808934707904,3.765706948849812,8.440767146399475,2013.0,2023.0,0.355520888546828,,25.30960083
KIR,Kiribati,2018,Oceania,East Asia & Pacific,Micronesia,122084.0,54.5004023142497,3.84531898249968,63.6835331027271,233859230.192198,1915.56002581991,2669.39256773617,199661464.481789,196202878.386231,1607.11377728638,1635.4433380442072,85.3767731629393,1.667170303454668,8.440767146399475,2013.0,2023.0,0.564030491493476,,32.9864006
KIR,Kiribati,2019,Oceania,East Asia & Pacific,Micronesia,123921.0,56.2846727145489,3.89281837952558,64.0121234580973,216891541.021351,1750.24040333237,2761.74331450078,196428147.947967,216818054.494711,1749.64739224757,1585.1078344103662,90.5651493013417,10.50707118980101,8.440767146399475,2013.0,2023.0,-1.81307995302947,,41.79299927
KIR,Kiribati,2020,Oceania,East Asia & Pacific,Micronesia,126099.0,58.4123714112748,3.93024528346775,64.2307341660046,220909306.750809,1751.87199542272,2715.27546461551,198489289.467729,206774775.190957,1639.78124482317,1574.0750479205149,89.8510308991324,-4.632123153747325,8.440767146399475,2013.0,2023.0,2.5532455441463,,52.95090103
KIR,Kiribati,2021,Oceania,East Asia & Pacific,Micronesia,128377.0,59.6364645301985,3.9574845961504,64.2657897430648,285451584.406531,2223.54147866465,3024.21029665634,275010355.594856,266167817.979069,2073.32947474289,2142.20892835053,96.3422067411597,28.723543639818907,8.440767146399475,2013.0,2023.0,2.05361676773907,,67.08760071
KIR,Kiribati,2022,Oceania,East Asia & Pacific,Micronesia,130469.0,60.5739126559419,4.01552865250999,64.190430646095,271214374.500577,2078.7648751855,3349.59804202737,294467567.111233,293588029.478995,2250.25124342944,2256.992596794894,108.573731629629,10.30185080529995,8.440767146399475,2013.0,2023.0,5.34595440908904,,84.99849701
KIR,Kiribati,2023,Oceania,East Asia & Pacific,Micronesia,132530.0,61.5244676194408,4.11829729760319,64.0608558943316,291657337.839517,2200.68918614289,3526.6871592056,326323936.81279,324260668.036299,2446.69635581603,2462.264670737116,111.886071247194,10.447509938241017,8.440767146399475,2013.0,2023.0,9.28307374517721,,88.0
KNA,St. Kitts and Nevis,2013,Latin America,Latin America & Caribbean ,Latin America and the Caribbean,47069.0,31.2131485582887,7.40189933926788,41.06875262243,874548148.148148,18580.1301949935,24624.4362309063,,,,,,,,,,1.10698554000129,,64.59999847
KNA,St. Kitts and Nevis,2014,Latin America,Latin America & Caribbean ,Latin America and the Caribbean,47089.0,31.2290015317909,7.48051561935909,40.1166423661737,952111111.111111,20219.3954237956,26755.5969780771,,,,,,,,,,0.247865392364942,,65.38179779
KNA,St. Kitts and Nevis,2015,Latin America,Latin America & Caribbean ,Latin America and the Caribbean,47087.0,31.2513929695583,7.62091850278736,39.3725025899068,957222222.222222,20328.8003530109,26877.4665031101,,,,,,,,,,-2.30187563045616,,66.17310333
KNA,St. Kitts and Nevis,2016,Latin America,Latin America & Caribbean ,Latin America and the Caribbean,47075.0,31.2806171906169,7.84607377667314,38.9914080722785,1006818518.51852,21387.5415511103,28214.709934443,,,,,,,,,,-0.687037123294039,,66.97389984
KNA,St. Kitts and Nevis,2017,Latin America,Latin America & Caribbean ,Latin America and the Caribbean,47050.0,31.3169642505921,8.15187936366245,38.9187433565608,1056977777.77778,22464.9899633959,29578.6311625727,,,,,,,,,,0.694916711613604,,67.78440094
KNA,St. Kitts and Nevis,2018,Latin America,Latin America & Caribbean ,Latin America and the Caribbean,47008.0,31.3607229995076,8.52824489188126,39.0810379005296,1076548148.14815,22901.3816403197,30794.8986482634,,,,,,,,,,-1.03712214131572,,68.60479736
KNA,St. Kitts and Nevis,2019,Latin America,Latin America & Caribbean ,Latin America and the Caribbean,46952.0,31.4121818392285,8.95605039242623,39.4185942928408,1107855555.55556,23595.4923231291,32482.094417215,,,,,,,,,,-0.329562063663977,,69.43499756
KNA,St. Kitts and Nevis,2020,Latin America,Latin America & Caribbean ,Latin America and the Caribbean,46870.0,31.4716289738952,9.43567313846811,39.8645220972218,883922222.222222,18859.0190361046,27326.036057423,,,,,,,,,,-1.16724501769353,,70.27529907
KNA,St. Kitts and Nevis,2021,Latin America,Latin America & Caribbean ,Latin America and the Caribbean,46763.0,31.5393525093972,9.86570579304151,40.2188905547226,858622222.222222,18361.1449697886,26896.6177065978,,,,,,,,,,1.195688870384,,74.37159729
KNA,St. Kitts and Nevis,2022,Latin America,Latin America & Caribbean ,Latin America and the Caribbean,46709.0,31.6156404983167,10.2356051766771,40.4781954887218,981429629.62963,21011.5744209816,31865.8304697944,,,,,,,,,,2.66817533111249,,75.76229858
KNA,St. Kitts and Nevis,2023,Latin America,Latin America & Caribbean ,Latin America and the Caribbean,46758.0,31.7007809622822,10.6965652936396,40.908269045323,1055651851.85185,22576.9248439166,34007.6371717125,,,,,,,,,,3.55711230848243,,76.58950043
KOR,"Korea, Rep.",2013,East Asia,East Asia & Pacific,Eastern Asia,50428893.0,81.8269383502703,12.0971432569738,36.5342930887925,1434669686501.84,28449.3591104972,35844.2253782408,739444329018.957,731856415889.243,14512.640915779,14663.108488599126,51.5410854481736,,2.102274094005163,2013.0,2023.0,1.30134754547413,3.067,84.77
KOR,"Korea, Rep.",2014,East Asia,East Asia & Pacific,Eastern Asia,50746659.0,81.7315682816954,12.5254091857732,36.4720410483292,1556252422020.44,30667.0912467447,37032.1724172561,794974070134.114,747154400192.993,14723.2234577845,15665.54499940802,51.0825916725013,2.0902985847520705,2.102274094005163,2013.0,2023.0,1.27477446401322,3.082,87.5568264944747
KOR,"Korea, Rep.",2015,East Asia,East Asia & Pacific,Eastern Asia,51014947.0,81.639489860678,12.954685714924,36.4601267455493,1539212301135.55,30171.7906545222,39794.1961180043,766423700376.453,766423700376.453,15023.5126261418,15023.512626141766,49.7932416347652,2.579025189235673,2.102274094005163,2013.0,2023.0,0.70633177245575,3.546,89.8962557995106
KOR,"Korea, Rep.",2016,East Asia,East Asia & Pacific,Eastern Asia,51217803.0,81.5559241797057,13.3631038531662,36.4600654674078,1579150518945.44,30832.0628072516,41672.6278317077,777728873353.191,787764002439.987,15380.6675862295,15184.737099191681,49.2498253980602,2.784400071794768,2.102274094005163,2013.0,2023.0,0.971685739912168,3.65,92.8430256796075
KOR,"Korea, Rep.",2017,East Asia,East Asia & Pacific,Eastern Asia,51361911.0,81.471030429984,13.8737462057967,36.7793132181662,1710196756713.17,33296.9845439195,43155.9100867658,837224429903.144,810318629224.914,15776.6448609148,16300.49220526752,48.9548601128333,2.8631197560522015,2.102274094005163,2013.0,2023.0,1.94433230786366,3.653,95.0694218761004
KOR,"Korea, Rep.",2018,East Asia,East Asia & Pacific,Eastern Asia,51585058.0,81.3823523035196,14.4543760222277,37.299629534955,1824251454306.83,35363.9508228687,45511.0803506331,901433723520.863,836894300508.414,16223.5797138856,17474.70601895733,49.4138963898146,3.279656955304122,2.102274094005163,2013.0,2023.0,1.47583935002645,3.824,96.0228595797887
KOR,"Korea, Rep.",2019,East Asia,East Asia & Pacific,Eastern Asia,51764822.0,81.2901063535619,15.0634884441589,37.8813882499402,1751045752054.63,33826.9443301597,46511.2196957018,877375998352.437,856748555363.845,16550.7872385584,16949.271038784544,50.1058294635048,2.3723730515752717,2.102274094005163,2013.0,2023.0,0.383000303608136,3.746,96.157579184239
KOR,"Korea, Rep.",2020,East Asia,East Asia & Pacific,Eastern Asia,51836239.0,81.1759595622913,15.822165945989,38.7671326866112,1744070276373.34,33645.7719545073,47881.4921344193,833785067736.437,816983924540.542,15760.8642197313,16084.98386112536,47.8068503908128,-4.641342033709728,2.102274094005163,2013.0,2023.0,0.537288023411737,3.931,96.50506052
KOR,"Korea, Rep.",2021,East Asia,East Asia & Pacific,Eastern Asia,51769539.0,81.1616526507785,16.6596412164908,39.7812162829152,1942313560965.9,37518.4635305697,51718.2518656631,915049297972.983,847527092811.486,16371.1539484925,17675.438407380505,47.1113066583303,3.7385274487647946,2.102274094005163,2013.0,2023.0,2.49833333333339,3.639,97.57132698
KOR,"Korea, Rep.",2022,East Asia,East Asia & Pacific,Eastern Asia,51672569.0,81.1624941626873,17.4846463366305,40.6448114715604,1799363116866.52,34822.4048404971,55509.3368761174,882264230583.205,883267026282.743,17093.538087544,17074.13135552066,49.0320281833727,4.216966486899865,2.102274094005163,2013.0,2023.0,5.08951365062842,2.857,97.16855335
KOR,"Korea, Rep.",2023,East Asia,East Asia & Pacific,Eastern Asia,51712619.0,81.1645551720421,18.3350235838597,41.4544025774417,1844800934391.54,35674.095995632,57429.8031076402,921453055441.203,901114619290.853,17425.4299379201,17818.727290551713,49.9486442283876,2.0206339053799205,2.102274094005163,2013.0,2023.0,3.5974562502901,2.675,97.41597478
KWT,Kuwait,2013,Middle East,"Middle East, North Africa, Afghanistan & Pakistan",Western Asia,3507844.0,100.0,2.07172925291626,31.6857121405511,174168116534.844,49651.0439275077,76812.5387330449,43794874977.5203,42820979204.8361,12207.207391445,12484.84110967315,25.1451734386521,,2.135086192160096,2013.0,2023.0,2.68229684085039,2.465,75.45999908
KWT,Kuwait,2014,Middle East,"Middle East, North Africa, Afghanistan & Pakistan",Western Asia,3665876.0,100.0,2.21769474647318,31.8448910714324,162650450684.725,44368.7813457751,68336.5991533112,47136861969.2375,46027463813.3581,12555.6521315391,12858.280522646566,28.9804680963386,7.488116031124936,2.135086192160096,2013.0,2023.0,2.90892672858625,2.9,78.69999695
KWT,Kuwait,2015,Middle East,"Middle East, North Africa, Afghanistan & Pakistan",Western Asia,3834574.0,100.0,2.40886968522768,31.9540907043415,114585555688.511,29882.2126495698,45267.3085347452,47609508329.677,47609508329.677,12415.8533202585,12415.853320258522,41.5493105074242,3.4371750803696477,2.135086192160096,2013.0,2023.0,3.27170166092133,2.2,82.0
KWT,Kuwait,2016,Middle East,"Middle East, North Africa, Afghanistan & Pakistan",Western Asia,4004096.0,100.0,2.63844318552757,32.0088263103965,109406674124.652,27323.6890735517,41862.1739255505,49483025250.1349,48154311547.7239,12026.2629936255,12358.101616478452,45.2285252668924,1.1443159930876634,2.135086192160096,2013.0,2023.0,3.19839776658374,2.16,85.59999847
KWT,Kuwait,2017,Middle East,"Middle East, North Africa, Afghanistan & Pakistan",Western Asia,4154812.0,100.0,2.91711681115618,32.1024728915433,120687539805.505,29047.6536135703,46565.5499504554,52252040217.5705,49858788929.4384,12000.2514986089,12576.270651372553,43.2953064597866,3.5396153053195656,2.135086192160096,2013.0,2023.0,2.17183298510006,2.23,97.9999893344615
KWT,Kuwait,2018,Middle East,"Middle East, North Africa, Afghanistan & Pakistan",Western Asia,4323515.0,100.0,3.24320917336232,32.1350703933507,138646316350.727,32067.9623756889,51370.7320595252,54952726556.187,51870350104.1904,11997.2638245017,12710.196808889757,39.6351868571653,4.034516718002945,2.135086192160096,2013.0,2023.0,0.543133148199567,2.202,99.5988495907557
KWT,Kuwait,2019,Middle East,"Middle East, North Africa, Afghanistan & Pakistan",Western Asia,4442316.0,100.0,3.60361384527711,32.2422486608522,140856394860.529,31707.8737443551,50703.0001343301,56574340521.2591,53132603622.0984,11960.5637289419,12735.325564696232,40.1645523991134,2.433477922112637,2.135086192160096,2013.0,2023.0,1.09184802655856,2.213,99.5426764518489
KWT,Kuwait,2020,Middle East,"Middle East, North Africa, Afghanistan & Pakistan",Western Asia,4400267.0,100.0,3.99581240977568,32.6530852187272,111045470605.715,25236.0755848941,41461.7235642777,50810330695.908,47145118233.1267,10714.1494443693,11547.101731760367,45.7563288432702,-11.268947841436926,2.135086192160096,2013.0,2023.0,2.101729548274,3.489,99.10587017
KWT,Kuwait,2021,Middle East,"Middle East, North Africa, Afghanistan & Pakistan",Western Asia,4360865.0,100.0,3.42330541720944,30.739165342046,148350671489.144,34018.6342592913,50651.9575337091,57396933543.5405,50723572829.1238,11631.5393457774,13161.82306573134,38.6900395983314,7.590297214447728,2.135086192160096,2013.0,2023.0,3.42362947609188,2.97,99.7
KWT,Kuwait,2022,Middle East,"Middle East, North Africa, Afghanistan & Pakistan",Western Asia,4589643.0,100.0,2.74657831156504,28.1434805199737,183502046693.878,39981.7691035833,55034.2790289403,59790958432.4996,51596979657.6463,11242.0464200911,13027.36583923839,32.5832651513933,1.7218953236295187,2.135086192160096,2013.0,2023.0,3.98064961990313,2.133,99.74729919
KWT,Kuwait,2023,Middle East,"Middle East, North Africa, Afghanistan & Pakistan",Western Asia,4853420.0,100.0,2.95275783789783,27.4788324128055,165462656226.772,34091.9714813002,53083.3848600632,63343944887.0661,52893973295.8738,10898.2888964635,13051.403935176866,38.282925181771,2.51370069882626,2.135086192160096,2013.0,2023.0,3.64216403030709,2.08,99.74731125
LAO,Lao PDR,2013,South & Southeast Asia,East Asia & Pacific,South-eastern Asia,6611385.0,32.2264033448341,4.02942832927052,62.1659308998986,11983252626.5452,1812.51774424651,5221.59855783339,8880988764.12539,9394262380.68028,1420.92199753611,1343.2871878018584,74.1116710203731,,4.568550776924352,2013.0,2016.0,6.37142717782947,1.469,12.5
LAO,Lao PDR,2014,South & Southeast Asia,East Asia & Pacific,South-eastern Asia,6703172.0,32.6638235172635,4.11171786370079,60.8514855524134,13279245886.3854,1981.03910900473,5798.50436730091,9636582076.23652,9833029748.87213,1466.92189143769,1437.6152180246188,72.5687449323944,4.670588817001686,4.568550776924352,2013.0,2016.0,4.12924306873771,1.733,14.26000023
LAO,Lao PDR,2015,South & Southeast Asia,East Asia & Pacific,South-eastern Asia,6801645.0,33.1240204432199,4.13108857261085,59.6548580377812,14426380125.6488,2121.01339097363,6086.0673044622,10275931664.7813,10275931664.7813,1510.80094076966,1510.8009407696668,71.2301462687204,4.504226339394246,4.568550776924352,2013.0,2016.0,1.27735427102992,2.006,18.20000076
LAO,Lao PDR,2016,South & Southeast Asia,East Asia & Pacific,South-eastern Asia,6908802.0,33.8267455533474,4.10183240872785,58.634824292374,15912501722.6143,2303.22156035363,6743.01053953037,10453643444.5525,10741525239.1977,1554.75945600955,1513.0906117373895,65.6945314242839,4.530913493830724,4.568550776924352,2013.0,2016.0,1.59691227583204,2.634,21.87000084
LAO,Lao PDR,2017,South & Southeast Asia,East Asia & Pacific,South-eastern Asia,7018147.0,34.5115346444216,4.10222242423819,57.8022683207452,17071155481.4994,2432.43059478511,7141.90652701767,,,,,,,4.568550776924352,2013.0,2016.0,0.825478607568026,3.268,25.51040077
LAO,Lao PDR,2018,South & Southeast Asia,East Asia & Pacific,South-eastern Asia,7128045.0,35.2050070032013,4.1282707951479,57.1092477648772,18141641089.7963,2545.1075420815,7486.86452700433,,,,,,,4.568550776924352,2013.0,2016.0,2.04039266890201,2.897,36.27130127
LAO,Lao PDR,2019,South & Southeast Asia,East Asia & Pacific,South-eastern Asia,7237636.0,35.9072880879451,4.17749001037701,56.4903622140064,18740561512.5555,2589.32081035237,7743.21906534261,,,,,,,4.568550776924352,2013.0,2016.0,3.32255881256925,2.531,47.03229904
LAO,Lao PDR,2020,South & Southeast Asia,East Asia & Pacific,South-eastern Asia,7346533.0,36.6185033569111,4.24151802227786,55.8812027825725,18981805250.2424,2583.77730696131,7913.38660650276,,,,,,,4.568550776924352,2013.0,2016.0,5.10407262959919,2.349,54.0
LAO,Lao PDR,2021,South & Southeast Asia,East Asia & Pacific,South-eastern Asia,7453194.0,37.338778268357,4.31806848970176,55.2518136368494,18827148530.9347,2526.05105018529,8080.43553249923,,,,,,,4.568550776924352,2013.0,2016.0,3.75562036658877,2.08,62.0
LAO,Lao PDR,2022,South & Southeast Asia,East Asia & Pacific,South-eastern Asia,7559007.0,38.0682382805397,4.41710766922774,54.6407954328323,15468785203.7532,2046.40440255621,8765.05131747163,,,,,,,4.568550776924352,2013.0,2016.0,22.9562225132056,1.209,64.54000092
LAO,Lao PDR,2023,South & Southeast Asia,East Asia & Pacific,South-eastern Asia,7664993.0,38.8070088517156,4.53547084357878,54.0669284232336,15843155731.2552,2066.94979776957,9299.44710059913,,,,,,,4.568550776924352,2013.0,2016.0,31.2301341732646,1.186,64.39800262
LBN,Lebanon,2013,Middle East,"Middle East, North Africa, Afghanistan & Pakistan",Western Asia,5743436.0,88.2165478464663,6.28491322224943,47.0908167543263,46880103080.597,8162.37929361396,16315.6137748763,43289581011.6086,42494721760.4567,7398.83264311759,7537.227020830143,92.3410533828914,,-0.8833344734065163,2013.0,2023.0,4.82101956297399,8.477,70.5
LBN,Lebanon,2014,Middle East,"Middle East, North Africa, Afghanistan & Pakistan",Western Asia,6346990.0,88.4182574811842,6.43898080515482,47.0775839655263,48095213746.6003,7577.6413302369,16139.8649966955,45494064451.0779,44486440661.5124,7009.06109218896,7167.817256853706,94.5916670435709,4.686979508379974,-0.8833344734065163,2013.0,2023.0,1.8546042134091,8.84,73.0
LBN,Lebanon,2015,Middle East,"Middle East, North Africa, Afghanistan & Pakistan",Western Asia,6472469.0,88.6246882038608,6.78958060672056,48.3364582108649,49929337836.8159,7714.1099998804,17045.898285301,45338426841.791,45338426841.791,7004.81174058787,7004.811740587866,90.8051834974673,1.9151592431527087,-0.8833344734065163,2013.0,2023.0,-3.74914524799629,9.312,74.0
LBN,Lebanon,2016,Middle East,"Middle East, North Africa, Afghanistan & Pakistan",Western Asia,6323060.0,88.835892633396,7.32786873190107,50.8721295078079,51147308774.1294,8089.012088155,18940.5901000453,45083583340.6302,45479812945.127,7192.69039754913,7130.026180461708,88.1445855533141,0.3118460722719041,-0.8833344734065163,2013.0,2023.0,-0.783359624361508,9.794,76.11000061
LBN,Lebanon,2017,Middle East,"Middle East, North Africa, Afghanistan & Pakistan",Western Asia,6160128.0,89.0519233886895,7.8471502540207,53.3592312481811,53027680685.9038,8608.21084982387,20963.8249472533,47515405383.7479,45443027574.1833,7376.96157842553,7713.379557007241,89.6049096795191,-0.08088285452731991,-0.8833344734065163,2013.0,2023.0,4.32135218303191,10.258,78.18080139
LBN,Lebanon,2018,Middle East,"Middle East, North Africa, Afghanistan & Pakistan",Western Asia,5984119.0,89.272833088641,8.33008097515432,55.7444457284083,54901519155.5556,9174.53666204759,21985.4884702241,48820796311.1111,44298492157.9132,7402.67567505145,8158.393292498211,88.9243085838561,-2.5186161164145626,-0.8833344734065163,2013.0,2023.0,6.07698907889607,10.755,80.90000153
LBN,Lebanon,2019,Middle East,"Middle East, North Africa, Afghanistan & Pakistan",Western Asia,5794594.0,89.4986743521503,8.77970915650001,57.947939773335,51605959131.2741,8905.88005497437,21710.4648750807,48320280146.7181,43240342245.918,7462.1866943427,8338.855172030706,93.6331403584653,-2.388681556526029,-0.8833344734065163,2013.0,2023.0,3.00538949390383,11.301,81.48120117
LBN,Lebanon,2020,Middle East,"Middle East, North Africa, Afghanistan & Pakistan",Western Asia,5702398.0,89.729499798117,9.12370630072702,58.9073887057113,31712128253.7961,5561.19166950397,16259.7051312281,31758649945.7701,37165087765.4492,6517.44893384313,5569.349937652563,100.14669999945,-14.049968536135527,-0.8833344734065163,2013.0,2023.0,84.8643330472041,13.252,82.0664978
LBN,Lebanon,2021,Middle East,"Middle East, North Africa, Afghanistan & Pakistan",Western Asia,5718122.0,89.965362045441,9.3044717570272,58.4888831484012,23131941556.7843,4045.37391066234,11599.7755083765,27540367673.3305,37947966968.0076,6636.43884618194,4816.330899083738,119.057743621409,2.10649092906543,-0.8833344734065163,2013.0,2023.0,154.756096023393,12.715,82.65599823
LBN,Lebanon,2022,Middle East,"Middle East, North Africa, Afghanistan & Pakistan",Western Asia,5744489.0,90.206313713022,9.51346669072451,57.9749956549574,20992421948.8081,3654.35845534878,12290.8925567636,29469208905.489,38820770400.3435,6757.91535162544,5129.996576804133,140.380223765282,2.3000005061449613,-0.8833344734065163,2013.0,2023.0,171.205491336641,11.105,81.46479797
LBN,Lebanon,2023,Middle East,"Middle East, North Africa, Afghanistan & Pakistan",Western Asia,5773493.0,90.4524074197598,9.8244260298251,57.5802354030357,20078620356.9931,3477.72489842684,12585.1973845359,27314358309.6425,38886765502.2853,6735.39666581137,4730.993578695341,136.037027564642,0.16999946487723516,-0.8833344734065163,2013.0,2023.0,221.341644023365,10.985,81.7059021
LBR,Liberia,2013,Africa,Sub-Saharan Africa ,Sub-Saharan Africa,4470239.0,49.6977986242077,3.21693126664271,84.1405770171068,3177198100.0,710.744570927863,1360.12910370155,,,,,,,,,,7.577306817414,2.08,3.200000048
LBR,Liberia,2014,Africa,Sub-Saharan Africa ,Sub-Saharan Africa,4564293.0,50.2198153156642,3.19742803568614,84.1039806098194,3225652000.0,706.714490064507,1418.77355515891,,,,,,,,,,9.86111285574904,2.079,5.409999847
LBR,Liberia,2015,Africa,Sub-Saharan Africa ,Sub-Saharan Africa,4659431.0,50.7434382961363,3.18482020658746,83.7696225636705,3227075700.0,692.590082351257,1340.43279741197,,,,,,,,,,7.74869687621322,2.557,10.0
LBR,Liberia,2016,Africa,Sub-Saharan Africa ,Sub-Saharan Africa,4755608.0,51.2687310234384,3.18277915252897,83.3156979543346,3398419600.0,714.613063145659,1490.33581410026,,,,,,,,,,8.83424868336488,3.081,15.69999981
LBR,Liberia,2017,Africa,Sub-Saharan Africa ,Sub-Saharan Africa,4848925.0,51.7957569553849,3.18765532439204,82.886996416506,3390703400.0,699.269095727404,1664.94481323565,,,,,,,,,,12.4196323907138,3.067,16.29999924
LBR,Liberia,2018,Africa,Sub-Saharan Africa ,Sub-Saharan Africa,4944726.0,52.3245795497906,3.19698199657575,82.3273555911586,3422754800.0,692.203127129794,1799.72751397748,,,,,,,,,,23.5635148953742,3.058,17.27770042
LBR,Liberia,2019,Africa,Sub-Saharan Africa ,Sub-Saharan Africa,5043721.0,52.85526226447,3.21013029964686,81.5780596641484,3319596500.0,658.164180770507,1899.52200972855,,,,,,,,,,26.9662760197878,3.071,19.89579964
LBR,Liberia,2020,Africa,Sub-Saharan Africa ,Sub-Saharan Africa,5149463.0,53.3878685572381,3.22135500135111,80.4992463808756,3176126300.0,616.787867006715,1659.52109145991,,,,,,,,,,16.9557241496255,4.102,22.91069984
LBR,Liberia,2021,Africa,Sub-Saharan Africa ,Sub-Saharan Africa,5259323.0,53.9224618859098,3.23290659273066,79.1758281816491,3513049500.0,667.96610514319,1539.20892304674,,,,,,,,,,7.81559385858648,3.844,26.38229942
LBR,Liberia,2022,Africa,Sub-Saharan Africa ,Sub-Saharan Africa,5373294.0,54.4591057083,3.2525393175955,77.7355487371643,4001047000.0,744.617175237387,1691.30467616419,,,,,,,,,,7.59298486560313,2.956,30.38010025
LBR,Liberia,2023,Africa,Sub-Saharan Africa ,Sub-Saharan Africa,5493031.0,54.997863482224,3.2775620599993,76.2870435714976,4390000000.0,799.194470229642,1796.01250525501,,,,,,,,,,10.0944535665552,2.905,31.22410011
LBY,Libya,2013,Africa,"Middle East, North Africa, Afghanistan & Pakistan",Northern Africa,6304628.0,88.0451431274414,4.39321682475026,55.5142744874201,75351107029.0605,11951.7134126011,21151.0051911633,25022961534.7112,24137969280.1138,3828.6111853251,3968.9830287704845,33.2084856099867,,-2.807702593593786,2013.0,2023.0,2.60581802719517,19.311,16.5
LBY,Libya,2014,Africa,"Middle East, North Africa, Afghanistan & Pakistan",Northern Africa,6427252.0,88.0142059326172,4.41735475887321,55.1827484691787,57372355592.022,8926.42074591474,17509.5285087845,24771809538.1805,23333549901.7571,3630.40843921431,3854.1836446090024,43.177257204383,-3.332589287117149,-2.807702593593786,2013.0,2023.0,2.43294141599233,19.295,17.76000023
LBY,Libya,2015,Africa,"Middle East, North Africa, Afghanistan & Pakistan",Northern Africa,6531819.0,87.8159103393555,4.47813966690292,55.0478591788407,48717501321.3052,7458.48917756374,17903.2565395803,21548497332.0494,21548497332.0494,3299.00404956865,3299.0040495686426,44.2315322986932,-7.650154293810552,-2.807702593593786,2013.0,2023.0,10.4022933588151,19.69,25.0
LBY,Libya,2016,Africa,"Middle East, North Africa, Afghanistan & Pakistan",Northern Africa,6632126.0,87.8160056703177,4.54150030785756,54.8129406406828,49912073701.298,7525.80299308216,16961.0177111717,24823482111.5833,21489966501.8502,3240.28320659924,3742.914732256791,49.734423498693,-0.27162372065798746,-2.807702593593786,2013.0,2023.0,25.853874212446,19.559,35.0
LBY,Libya,2017,Africa,"Middle East, North Africa, Afghanistan & Pakistan",Northern Africa,6738770.0,87.8166729870528,4.58721729538308,54.316780868188,67157452181.7738,9965.83236729757,18026.0187834008,26312292835.5168,17869327924.6878,2651.7195162749,3904.613577183492,39.1800045723858,-16.84804197740688,-2.807702593593786,2013.0,2023.0,25.8036184788337,19.053,47.5
LBY,Libya,2018,Africa,"Middle East, North Africa, Afghanistan & Pakistan",Northern Africa,6849055.0,87.818484275334,4.60938805494977,53.5606314027915,76686029772.1483,11196.5854810844,18879.3151301984,26136456046.1901,15676088234.8629,2288.79578786605,3816.0674788259257,34.0824216925136,-12.273767088882948,-2.807702593593786,2013.0,2023.0,13.1702038536722,18.865,47.5
LBY,Libya,2019,Africa,"Middle East, North Africa, Afghanistan & Pakistan",Northern Africa,6951033.0,87.8220115209342,4.62502513115857,52.6904898725235,69254496471.6938,9963.19489084483,16194.1082061146,26694548879.5742,16254778402.7521,2338.46946241689,3840.371478537679,38.5455822214879,3.6915470187404376,-2.807702593593786,2013.0,2023.0,-2.16217883470591,19.087,71.40409851
LBY,Libya,2020,Africa,"Middle East, North Africa, Afghanistan & Pakistan",Northern Africa,7045399.0,87.8278267096263,4.64647211605759,51.7664329804524,46854285440.642,6650.33810585348,10954.799045265,24365092567.1885,17524386585.022,2487.35189944842,3458.2984678637076,52.0018443095366,7.81067665650208,-2.807702593593786,2013.0,2023.0,1.44703656998741,19.651,74.35810089
LBY,Libya,2021,Africa,"Middle East, North Africa, Afghanistan & Pakistan",Northern Africa,7135175.0,87.8365018271835,4.67219794889404,50.7877754794448,35217995647.2862,4935.82787349801,12641.5097714075,11569358223.9156,17465007703.9875,2447.73361606232,1621.4540251522353,32.8507003629182,-0.3388357175665768,-2.807702593593786,2013.0,2023.0,2.86833027751015,19.779,77.438797
LBY,Libya,2022,Africa,"Middle East, North Africa, Afghanistan & Pakistan",Northern Africa,7223805.0,87.8486088593786,4.74866117985336,49.8326471003676,43246297921.8499,5986.63694851258,12264.4456986569,12659834724.4802,17245731492.8588,2387.34731804898,1752.5161219717586,29.2737999154464,-1.2555174028273441,-2.807702593593786,2013.0,2023.0,4.51030149235695,19.238,80.64720154
LBY,Libya,2023,Africa,"Middle East, North Africa, Afghanistan & Pakistan",Northern Africa,7305659.0,87.8647197919848,4.8781294062589,48.8966237042016,44027664915.187,6026.51518708812,13858.4923072147,14621381820.4182,18155959701.0851,2485.19123341031,2001.377537661996,33.2095327984899,5.27799130238813,-2.807702593593786,2013.0,2023.0,2.3731753143518,18.713,82.10469818
LCA,St. Lucia,2013,Latin America,Latin America & Caribbean ,Latin America and the Caribbean,173369.0,18.9258370999948,7.75948341249996,42.5435350994031,1660392592.59259,9577.21733754358,14009.9844560139,,,,,,,,,,1.46856511035428,22.21,49.3871994
LCA,St. Lucia,2014,Latin America,Latin America & Caribbean ,Latin America and the Caribbean,174138.0,19.3915445904726,7.87677624419643,41.5425756738303,1749185185.18518,10044.8218377677,14403.0832732506,,,,,,,,,,3.51695551369241,21.583,53.17969894
LCA,St. Lucia,2015,Latin America,Latin America & Caribbean ,Latin America and the Caribbean,174905.0,20.0204288176073,7.98807349153395,40.5807934670782,1807640740.74074,10334.9860823918,14353.2224845845,,,,,,,,,,-0.983600952696996,20.84,57.26330185
LCA,St. Lucia,2016,Latin America,Latin America & Caribbean ,Latin America and the Caribbean,175646.0,20.8164880000551,8.10009906288786,39.7253953606771,1868544444.44444,10638.1269396653,15306.7258058706,,,,,,,,,,-3.07821765676927,19.932,58.22259903
LCA,St. Lucia,2017,Latin America,Latin America & Caribbean ,Latin America and the Caribbean,176342.0,21.783720356472,8.22379240339794,39.0542202876609,1998503703.7037,11333.1123822102,16130.9721097011,,,,,,,,,,0.104262078958441,19.136,59.16009903
LCA,St. Lucia,2018,Latin America,Latin America & Caribbean ,Latin America and the Caribbean,177017.0,22.9261241055144,8.36586316568465,38.5420905988793,2060955555.55556,11642.6984727769,17433.3010328737,,,,,,,,,,1.93561893150602,19.329,60.11259842
LCA,St. Lucia,2019,Latin America,Latin America & Caribbean ,Latin America and the Caribbean,177661.0,24.2476974658382,8.52717105281673,38.129966256667,2090074074.07407,11764.3944032403,18662.8504698815,,,,,,,,,,0.539087559191757,15.613,61.08050156
LCA,St. Lucia,2020,Latin America,Latin America & Caribbean ,Latin America and the Caribbean,178250.0,25.7524386560998,8.70909198010665,37.8225201611344,1521740740.74074,8537.11495506727,15135.6187398708,,,,,,,,,,-1.75580833517594,25.224,62.06399918
LCA,St. Lucia,2021,Latin America,Latin America & Caribbean ,Latin America and the Caribbean,178522.0,27.4443458949551,8.83336507545289,37.5256143594484,1871111111.11111,10481.1233971786,19141.3272253168,,,,,,,,,,2.41070312174393,20.514,63.06330109
LCA,St. Lucia,2022,Latin America,Latin America & Caribbean ,Latin America and the Caribbean,178781.0,29.097678526676,9.00319385169565,37.3336918113381,2319888888.88889,12976.1489693474,24433.7034481087,,,,,,,,,,9.65268564265764,15.934,66.95159912
LCA,St. Lucia,2023,Latin America,Latin America & Caribbean ,Latin America and the Caribbean,179285.0,29.0976313248036,9.29807094310997,37.3031797573827,2441259259.25926,13616.6397593734,26253.9280339233,,,,,,,,,,3.81914546156358,12.094,67.44390106
LIE,Liechtenstein,2013,Europe,Europe & Central Asia,Western Europe,36984.0,14.4201755971624,15.3657545380656,44.2096233330734,6391708310.67727,172823.607794648,,,,,,,,,,,,,93.80000305
LIE,Liechtenstein,2014,Europe,Europe & Central Asia,Western Europe,37248.0,14.4336985145967,15.9031281533804,44.9733390417624,6657526979.72277,178735.153020908,,,,,,,,,,,,,95.20999908
LIE,Liechtenstein,2015,Europe,Europe & Central Asia,Western Europe,37494.0,14.4535587761782,16.370320855615,45.641702921069,6268515276.17441,167187.15730982,,,,,,,,,,,,,96.6411972
LIE,Liechtenstein,2016,Europe,Europe & Central Asia,Western Europe,37716.0,14.4802918687379,16.864282865878,46.4357819537195,6237302033.50132,165375.491396259,,,,,,,,,,,,,98.09390259
LIE,Liechtenstein,2017,Europe,Europe & Central Asia,Western Europe,37962.0,14.5144332791067,17.3749356019075,47.3051103954057,6474308717.85289,170547.092298954,,,,,,,,,,,,,99.54660034
LIE,Liechtenstein,2018,Europe,Europe & Central Asia,Western Europe,38246.0,14.5565184941154,17.855409995148,48.2001007478591,6692620691.84146,174988.775083446,,,,,,,,,,,,,
LIE,Liechtenstein,2019,Europe,Europe & Central Asia,Western Europe,38563.0,14.6070830005951,18.2791363163372,49.0933694181326,6436467007.11932,166907.839305016,,,,,,,,,,,,,93.14610291
LIE,Liechtenstein,2020,Europe,Europe & Central Asia,Western Europe,38901.0,14.6666622853765,18.6550416591431,49.7689997689998,6405870210.32293,164671.093553454,,,,,,,,,,,,,94.34999847
LIE,Liechtenstein,2021,Europe,Europe & Central Asia,Western Europe,39182.0,14.6989159370696,19.0797561725233,50.5436661927998,7912602342.18895,201944.830335076,,,,,,,,,,,,,95.56939697
LIE,Liechtenstein,2022,Europe,Europe & Central Asia,Western Europe,39493.0,14.6923070071538,19.6263702724012,51.5929679103332,7426856242.7736,188055.003235348,,,,,,,,,,,,,97.88069916
LIE,Liechtenstein,2023,Europe,Europe & Central Asia,Western Europe,39846.0,14.6783761234077,20.1626344764887,52.6959187583828,8239379403.22096,206780.590353385,,,,,,,,,,,,,98.13230133
LKA,Sri Lanka,2013,South & Southeast Asia,South Asia,Southern Asia,20585000.0,18.4323136480916,8.29233506128403,49.9684545344603,76976204074.978,3739.43182292825,11252.6311492148,,,,,,,0.9410787923347597,2015.0,2023.0,6.90845034828452,4.186,10.04440022
LKA,Sri Lanka,2014,South & Southeast Asia,South Asia,Southern Asia,20778000.0,18.6153877203724,8.63567606310462,50.3938229236869,82531125461.843,3972.04377042271,11720.5978109851,,,,,,,0.9410787923347597,2015.0,2023.0,3.1790022823606,4.157,10.5000026214106
LKA,Sri Lanka,2015,South & Southeast Asia,South Asia,Southern Asia,20970000.0,18.796256612131,8.99054561576392,50.7918658678604,85090300895.6546,4057.71582716521,12227.171484965,54410778716.5789,54410778716.5789,2594.69617151068,2594.6961715106772,63.9447482778353,,0.9410787923347597,2015.0,2023.0,3.76836783062096,4.519,15.26249981
LKA,Sri Lanka,2016,South & Southeast Asia,South Asia,Southern Asia,21209000.0,18.9747679368162,9.34550801437968,51.1118501999851,88000210878.1236,4149.19189391879,13078.5605089011,54736250880.8881,55978039088.8953,2639.35306185559,2580.803002540813,62.2001360391004,2.8804226097923102,0.9410787923347597,2015.0,2023.0,3.9588884659307,4.242,22.19
LKA,Sri Lanka,2017,South & Southeast Asia,South Asia,Southern Asia,21453000.0,19.1507693078088,9.69368587386127,51.3380576186543,94369350439.4732,4398.88828786059,13610.4723136277,55783753040.3547,55639317753.6527,2593.54485403686,2600.277492208768,59.1121511174684,-0.6050968214601049,0.9410787923347597,2015.0,2023.0,7.70413767850602,4.046,25.07550049
LKA,Sri Lanka,2018,South & Southeast Asia,South Asia,Southern Asia,21670000.0,19.3241083384127,10.0359733858419,51.4899106111657,94450015982.806,4358.56095905888,14178.0225361835,56907048766.5843,58272766251.9213,2689.0985810762,2626.075162278925,60.2509678526088,4.733071152900181,0.9410787923347597,2015.0,2023.0,2.135037737132,4.318,28.33620071
LKA,Sri Lanka,2019,South & Southeast Asia,South Asia,Southern Asia,21803000.0,19.4946326418437,10.3754608627101,51.5839384848559,88998706177.9986,4081.94772178134,14112.9525042604,55799694352.0991,60501717567.291,2774.92627470032,2559.2668142961566,62.6971972384621,3.825030899912374,0.9410787923347597,2015.0,2023.0,3.52839358231811,4.67,32.02090073
LKA,Sri Lanka,2020,South & Southeast Asia,South Asia,Southern Asia,21919000.0,19.6621898312161,10.7157108470966,51.6372974759332,84335574372.2997,3847.60136741182,12940.9043296014,53051130744.8575,57014490041.4704,2601.14467090061,2420.3262349950955,62.9048075378761,-5.763848806345129,0.9410787923347597,2015.0,2023.0,6.15394508391738,5.364,36.18473435
LKA,Sri Lanka,2021,South & Southeast Asia,South Asia,Southern Asia,22156000.0,19.8266275195269,11.0456449788576,51.6567798164786,88556699052.2008,3996.96240531688,14316.1352225567,54197973296.9659,58551568386.9185,2642.6958109279,2446.19846980348,61.2014380357811,2.6959433370886687,0.9410787923347597,2015.0,2023.0,7.01478071238195,4.981,44.45308724
LKA,Sri Lanka,2022,South & Southeast Asia,South Asia,Southern Asia,22181000.0,19.9877933196367,11.3824347880542,51.6823190565539,74143020303.663,3342.63650438046,14191.4051912109,51204425865.633,59252375640.0984,2671.312187913,2308.481396944818,69.0616940824884,1.1969060308493207,0.9410787923347597,2015.0,2023.0,49.7211021114327,4.528,48.3
LKA,Sri Lanka,2023,South & Southeast Asia,South Asia,Southern Asia,22037000.0,20.1455348442463,11.7387099915518,51.745033375023,84080307355.5983,3815.41531767474,14512.1432202455,59804035630.0427,58644660508.542,2661.19074776703,2713.801135818973,71.1272799909202,-1.0256384237615768,0.9410787923347597,2015.0,2023.0,16.5411742279832,4.528,51.2
LSO,Lesotho,2013,Africa,Sub-Saharan Africa ,Sub-Saharan Africa,2056504.0,31.2407460933407,3.97003847305913,68.0784184239325,2367112931.642,1151.03735837227,2538.26310306049,1979992590.05928,1668393327.90877,811.276480818306,962.795399405632,83.6458862436197,,1.705717072667956,2013.0,2023.0,4.86511899496385,15.926,15.0
LSO,Lesotho,2014,Africa,Sub-Saharan Africa ,Sub-Saharan Africa,2080089.0,32.6404409096604,3.93997564527287,68.1373202806156,2441063054.05792,1173.5377928819,2771.24496867163,1881037904.45399,1674782557.9549,805.149470986527,904.3064524902492,77.0581448654934,0.3829570604995336,1.705717072667956,2013.0,2023.0,5.37028961008587,16.066,22.0
LSO,Lesotho,2015,Africa,Sub-Saharan Africa ,Sub-Saharan Africa,2104611.0,34.0903875831861,3.89919944844927,68.1416869525897,2359686724.53829,1121.19851342518,3034.64692924848,1806542397.63504,1806542397.63504,858.373541540473,858.3735415404748,76.5585693579099,7.867280385403208,1.705717072667956,2013.0,2023.0,3.21844513655931,16.223,25.0
LSO,Lesotho,2016,Africa,Sub-Saharan Africa ,Sub-Saharan Africa,2130422.0,35.5077950709441,3.8399903868811,67.93449172042,2114426452.2019,992.491840678465,2942.18153663921,1614485495.23165,1776800263.31528,834.013290942019,757.824269197206,76.3557178141799,-1.6463568393797923,1.705717072667956,2013.0,2023.0,6.59650490696543,16.138,32.4538569477365
LSO,Lesotho,2017,Africa,Sub-Saharan Africa ,Sub-Saharan Africa,2157110.0,36.5283648068846,3.80087158261016,67.4900982449765,2306741672.29006,1069.36673247542,2618.81820770145,2065150124.95308,1893779657.55173,877.924471886798,957.3689450019145,89.5267185641496,6.583710991700409,1.705717072667956,2013.0,2023.0,4.447699373763,16.379,39.0
LSO,Lesotho,2018,Africa,Sub-Saharan Africa ,Sub-Saharan Africa,2183603.0,37.569092747415,3.78136501919076,66.87004466725,2556247291.99785,1170.65569702819,2632.28775223004,2179416999.91371,1895643524.59694,868.126451830731,998.0829848254056,85.258457064628,0.09842048085042521,1.705717072667956,2013.0,2023.0,4.7518030162474,16.614,40.79999924
LSO,Lesotho,2019,Africa,Sub-Saharan Africa ,Sub-Saharan Africa,2209405.0,38.6040920446259,3.77981769304005,66.2552307394785,2390702295.82777,1082.05706777516,2568.34114362719,1998887692.06503,1818505706.68352,823.074858019927,904.7176466356462,83.6108994228792,-4.069215383194013,1.705717072667956,2013.0,2023.0,5.18708359197982,16.876,42.301733569273
LSO,Lesotho,2020,Africa,Sub-Saharan Africa ,Sub-Saharan Africa,2235727.0,39.6329305425532,3.78888025883309,65.6481813520794,2053699863.99625,918.582574704447,2559.09776077846,1823685054.56402,1847150367.76142,826.196743950142,815.7011363927796,88.7999793219713,1.575175759560321,1.705717072667956,2013.0,2023.0,4.97809676252309,18.385,43.65750122
LSO,Lesotho,2021,Africa,Sub-Saharan Africa ,Sub-Saharan Africa,2261542.0,40.6551760851997,3.78511652668843,64.9680464688448,2412130056.55851,1066.58645143823,2544.78249551214,2019819025.7613,1816375171.2715,803.157832696233,893.1158588968501,83.7359088606966,-1.6660904833219803,1.705717072667956,2013.0,2023.0,6.04774591950676,18.214,45.05670166
LSO,Lesotho,2022,Africa,Sub-Saharan Africa ,Sub-Saharan Africa,2286110.0,41.6703965165322,3.7929706372461,64.1758278060089,2354980960.02697,1030.12582947757,2760.87343646139,2043470554.54705,1812550285.47734,792.853487136375,893.863617475559,86.7722749878897,-0.2105779606909386,1.705717072667956,2013.0,2023.0,8.27180389943028,16.623,48.06959915
LSO,Lesotho,2023,Africa,Sub-Saharan Africa ,Sub-Saharan Africa,2311472.0,42.6781596804785,3.82680387216458,63.2665285082422,2129871529.52517,921.435141557056,2879.59482438145,1966830070.10639,1975841512.3452,854.797943624321,850.8993706635382,92.3450096797562,9.008921196625286,1.705717072667956,2013.0,2023.0,6.34221743124953,16.348,48.98590088
LTU,Lithuania,2013,Europe,Europe & Central Asia,Northern Europe,2961250.0,67.0092086791992,18.3577356444558,49.2679130316874,46303660422.0434,15636.5252586048,24889.8726227818,28392976565.1273,23483572244.8667,7930.29033174056,9588.172753103352,61.3190756547846,,2.772233779924238,2013.0,2023.0,1.04747937065344,11.77,68.4529
LTU,Lithuania,2014,Europe,Europe & Central Asia,Northern Europe,2937253.0,67.1514937628023,18.6035201529541,49.6747643092239,48306546656.9281,16446.1647181663,26274.7488764946,29521120628.4435,24435390161.7438,8319.13020830818,10050.588297447819,61.1120493420938,4.053122356992178,2.772233779924238,2013.0,2023.0,0.103758009433708,10.698,72.1335378644566
LTU,Lithuania,2015,Europe,Europe & Central Asia,Northern Europe,2911109.0,67.2282485961914,18.8803013596424,50.3619191061471,41540954817.2039,14269.8039878287,26948.5919371645,25457403807.598,25457403807.598,8744.9160466331,8744.916046633087,61.2826641073138,4.182514128439285,2.772233779924238,2013.0,2023.0,-0.884097405500596,9.12,71.3780590101754
LTU,Lithuania,2016,Europe,Europe & Central Asia,Northern Europe,2877325.0,67.1894226074219,19.1757756195781,51.3268928056582,42970749245.0336,14934.2702840428,28698.9887868061,26652244493.7234,26421277409.5123,9182.58361829556,9262.855080230214,62.0241558780914,3.786221129220646,2.772233779924238,2013.0,2023.0,0.905525075460342,7.862,74.3766455618662
LTU,Lithuania,2017,Europe,Europe & Central Asia,Northern Europe,2842639.0,67.1012954711914,19.504402571296,52.4697006429964,47756764508.446,16800.1510246099,31305.0436934372,29108605582.873,27241963208.7664,9583.33548817364,10239.993746259373,60.9517957979021,3.106154886207868,2.772233779924238,2013.0,2023.0,3.72288862303707,7.073,77.6152565124514
LTU,Lithuania,2018,Europe,Europe & Central Asia,Northern Europe,2819200.0,67.1464742010457,19.7309309832227,53.3218291161476,54261795148.5372,19247.2315367967,36491.9385223689,32319093498.2157,28209446637.4829,10006.1885064851,11463.923630184343,59.5614159276242,3.5514453246349165,2.772233779924238,2013.0,2023.0,2.69792779208394,6.147,79.7225827680518
LTU,Lithuania,2019,Europe,Europe & Central Asia,Northern Europe,2811089.0,67.245735168457,19.8571907989029,53.7688027144722,55122066225.796,19608.7943945553,40563.8304884555,32186449345.9058,29004700155.1707,10317.9586826211,11449.815123571612,58.3912243312157,2.819103571606818,2.772233779924238,2013.0,2023.0,2.33450937988027,6.255,81.5818683764046
LTU,Lithuania,2020,Europe,Europe & Central Asia,Northern Europe,2810369.0,67.4254608154297,19.9341539675463,53.9636321004347,57412038533.2718,20428.6478157394,41262.7276941725,32173933962.0001,28081566454.4164,9992.12788584574,11448.2952103443,56.0403963767189,-3.1827038232275284,2.772233779924238,2013.0,2023.0,1.19989444983569,8.487,83.05554724
LTU,Lithuania,2021,Europe,Europe & Central Asia,Northern Europe,2808380.0,68.1912117004395,19.9469849122603,53.981202360287,67072165721.2431,23882.8668916753,45897.3715026327,37672075458.4994,30345362514.0692,10805.2907776259,13414.165981277249,56.1664813613852,8.061502065162651,2.772233779924238,2013.0,2023.0,4.68354420903453,7.112,86.93054425
LTU,Lithuania,2022,Europe,Europe & Central Asia,Northern Europe,2831639.0,68.2866452426813,19.8607556942966,53.6328325704064,70639687325.6326,24946.5724005188,50653.3394443751,40433757972.4107,30907150657.7822,10914.9332445916,14279.277115624802,57.2394350869936,1.8513146562429084,2.772233779924238,2013.0,2023.0,19.7050461518394,5.955,87.72420219
LTU,Lithuania,2023,Europe,Europe & Central Asia,Northern Europe,2871585.0,68.575454583199,19.8561787800633,53.2410196696624,80356613554.5602,27983.3658256887,52720.0689650863,45021530079.0675,30868968838.8024,10749.8015342755,15678.28571296601,56.0271620312856,-0.12353716912493207,2.772233779924238,2013.0,2023.0,9.11731962390475,6.841,88.50287484
LUX,Luxembourg,2013,Europe,Europe & Central Asia,Western Europe,543360.0,89.9413746679705,14.0256757341215,44.8006246552271,65203276466.9763,120000.140729859,100925.011992241,21693866534.8985,18411682672.3169,33884.8694646585,39925.40219173016,33.2711294744304,,3.0813789996000596,2013.0,2023.0,1.73403963519162,6.045,93.7765
LUX,Luxembourg,2014,Europe,Europe & Central Asia,Western Europe,556319.0,90.4577807676859,14.1251062865936,44.6592575642532,68804814554.646,123678.706919314,105296.288654407,22511990475.5176,18967004687.1758,34093.7567963269,40465.97451375488,32.7186267723142,3.016139397698092,3.0813789996000596,2013.0,2023.0,0.628543985440717,6.044,94.6702052774766
LUX,Luxembourg,2015,Europe,Europe & Central Asia,Western Europe,569604.0,90.9893679353068,14.1954152151927,44.4196253128098,60071584216.1375,105462.012584423,107859.685999308,19543946412.4285,19543946412.4285,34311.4627222219,34311.462722221935,32.5344281617568,3.04181780290691,3.0813789996000596,2013.0,2023.0,0.474743161437871,6.796,96.3767141704759
LUX,Luxembourg,2016,Europe,Europe & Central Asia,Western Europe,582014.0,91.5357090052649,14.2424413802086,44.0799897017467,62216885435.9488,106899.293549552,113365.176082265,20303865132.9678,20200221035.1154,34707.4486784088,34885.52703709499,32.6340108327509,3.35794321595948,3.0813789996000596,2013.0,2023.0,0.290833333333225,6.669,98.1366986657616
LUX,Luxembourg,2017,Europe,Europe & Central Asia,Western Europe,596336.0,92.0963768119916,14.3068137144371,43.8628572531404,65712180342.9836,110193.213797228,114985.842235989,21809811190.3353,20801298793.8253,34881.843111644,36573.02458737239,33.1899064625453,2.9755999088574736,3.0813789996000596,2013.0,2023.0,1.73079959118896,5.523,97.3629603241751
LUX,Luxembourg,2018,Europe,Europe & Central Asia,Western Europe,607950.0,92.6709441899184,14.3776280584969,43.8270056967655,71085623495.1145,116926.759593905,116638.414163882,23925869110.9992,21437498635.4736,35261.9436392361,39354.99483674513,33.6578170586681,3.058462108323501,3.0813789996000596,2013.0,2023.0,1.5281952430737,5.589,97.061298705829
LUX,Luxembourg,2019,Europe,Europe & Central Asia,Western Europe,620001.0,93.2589839734767,14.4700667405182,43.8630889675752,69872035113.6469,112696.649059674,121371.73990307,23501747453.7176,21909857427.2631,35338.4227239361,37905.9831415072,33.6354128164322,2.203423075712152,3.0813789996000596,2013.0,2023.0,1.74332075653848,5.592,97.120635693272
LUX,Luxembourg,2020,Europe,Europe & Central Asia,Western Europe,630419.0,93.8600689970981,14.5852263807154,44.0085433965712,73670782100.3909,116860.02817236,122066.739147202,22358245544.9137,20228537161.7107,32087.4484457333,35465.69114337242,30.3488641052381,-7.673807422682177,3.0813789996000596,2013.0,2023.0,0.819957302127036,6.766,98.45962893
LUX,Luxembourg,2021,Europe,Europe & Central Asia,Western Europe,640064.0,94.5861743396533,14.7153406197971,44.1975308641975,86386759695.1653,134965.815442152,136772.443753292,26199317039.7011,22538833819.9533,35213.4065030267,40932.33964056891,30.3279311924086,11.420977403228205,3.0813789996000596,2013.0,2023.0,2.52692009066166,5.571,98.66086333
LUX,Luxembourg,2022,Europe,Europe & Central Asia,Western Europe,653103.0,94.7605400940185,14.8424375777289,44.3443744322715,80801680397.0139,123719.658915996,146919.145398495,26230698123.5371,24026513983.5502,36788.2462391847,40163.18731277777,32.4630601673804,6.600519687402273,3.0813789996000596,2013.0,2023.0,6.33600807777919,4.588,98.24203749
LUX,Luxembourg,2023,Europe,Europe & Central Asia,Western Europe,666430.0,94.8015300320787,15.1061948765445,44.7725431159019,88788881539.3937,133230.619178899,152596.126692093,29282605563.2633,24939955789.9166,37423.2189275942,43939.50686983374,32.9800365266131,3.801807482316355,3.0813789996000596,2013.0,2023.0,3.74140361983136,5.184,99.34785707
LVA,Latvia,2013,Europe,Europe & Central Asia,Northern Europe,2012647.0,67.847334482933,18.9296873835699,50.3815864191996,29152128167.8438,14484.4715282132,20473.5243706913,17897994640.3064,15092082871.6017,7498.62388764733,8892.76392745792,61.3951562550029,,1.9814110404352991,2013.0,2023.0,-0.029454778257828,11.867,75.2344
LVA,Latvia,2014,Europe,Europe & Central Asia,Northern Europe,1993782.0,67.8686035364944,19.2414909818675,51.7170479665486,30277203767.4058,15185.814581236,21553.6623204436,18211011698.327,15227349865.4183,7637.41967046461,9133.903154069501,60.147600941708,0.8962778363159396,1.9814110404352991,2013.0,2023.0,0.620490636732421,10.846,75.8261041383556
LVA,Latvia,2015,Europe,Europe & Central Asia,Northern Europe,1977527.0,67.8965395668259,19.5243158412573,53.0022445169492,26344565876.8902,13321.9753140616,22543.9183164105,15506713038.7441,15506713038.7441,7841.46716517354,7841.4671651735225,58.8611446899826,1.8346145310566442,1.9814110404352991,2013.0,2023.0,0.174242243625186,9.873,79.2005829239344
LVA,Latvia,2016,Europe,Europe & Central Asia,Northern Europe,1959537.0,67.9307110858472,19.7753873612594,54.2757874648074,27117105059.5075,13838.5266823272,24063.4511245109,16186349374.8619,16112190845.55,8222.44787699851,8260.292801239222,59.6905508141137,3.904617344069572,1.9814110404352991,2013.0,2023.0,0.140633334505327,9.643,79.8420977843089
LVA,Latvia,2017,Europe,Europe & Central Asia,Northern Europe,1942248.0,67.9706866054779,20.0107948444194,55.4798446360699,29391059767.4259,15132.4958333982,25763.9907709703,17468221622.6047,16564358401.9621,8528.44662574612,8993.816249317646,59.43379299975,2.8063691694477644,1.9814110404352991,2013.0,2023.0,2.93036312374665,8.715,80.1140770037369
LVA,Latvia,2018,Europe,Europe & Central Asia,Northern Europe,1927174.0,68.0160346376376,20.1981958800325,56.3256310462251,33247935477.3576,17252.1710428626,29817.8047263182,19423842595.4063,17162785353.8693,8905.67502149223,10078.925201048945,58.4211991407232,3.6127384917988614,1.9814110404352991,2013.0,2023.0,2.53445424186598,7.412,83.5771748630956
LVA,Latvia,2019,Europe,Europe & Central Asia,Northern Europe,1913822.0,68.066323694246,20.4072272200842,57.1028331214081,33099503950.847,17294.9751600969,32199.0960377091,18999589282.4,17143137065.5895,8957.53997267747,9927.56342146762,57.4014320897814,-0.11448193212630908,1.9814110404352991,2013.0,2023.0,2.81140920075624,6.312,86.13545644343
LVA,Latvia,2020,Europe,Europe & Central Asia,Northern Europe,1900449.0,68.1211222872228,20.6721709557533,57.9030936709113,33379927434.6149,17564.2321549354,32741.4207691987,18505078952.8639,16323681228.1639,8589.38136627918,9737.214180892988,55.4377447018478,-4.780080998538184,1.9814110404352991,2013.0,2023.0,0.219064904841985,8.098,88.89796078
LVA,Latvia,2021,Europe,Europe & Central Asia,Northern Europe,1884490.0,68.1808791463693,20.8461609037398,58.3537176137829,38183326784.9335,20261.8887788916,36912.0130602161,21248688989.8214,17638041991.5704,9359.58375558927,11275.56473625299,55.6491295520267,8.051864925779007,1.9814110404352991,2013.0,2023.0,3.27582937431165,7.513,91.17964988
LVA,Latvia,2022,Europe,Europe & Central Asia,Northern Europe,1879383.0,68.2570218109034,21.0117630297337,58.573500587674,38003198508.9107,20221.103686109,40546.4638799692,22614187912.432,18531519714.7991,9860.42744602837,12032.772411175369,59.5060121245574,5.065628733936056,1.9814110404352991,2013.0,2023.0,17.3102830198815,6.815,91.03009059
LVA,Latvia,2023,Europe,Europe & Central Asia,Northern Europe,1883710.0,68.3586316343061,21.3320948408305,58.7910304708067,42779550936.838,22710.2637544197,42783.8260226567,24799183588.0436,18363664431.3503,9748.66854842323,13165.075084829192,57.9697146065381,-0.9057826127165991,1.9814110404352991,2013.0,2023.0,8.9380462331663,6.465,92.18791291
MAC,"Macao SAR, China",2013,East Asia,East Asia & Pacific,Eastern Asia,591900.0,100.0,7.79140632959383,25.5094922147512,51559125350.236,87107.8313063626,149859.180455113,10087548839.0344,11117607063.6378,18782.9144511535,17042.657271556684,19.5650115678082,,1.963077579076522,2013.0,2023.0,5.50057779178484,1.82,65.8
MAC,"Macao SAR, China",2014,East Asia,East Asia & Pacific,Eastern Asia,621700.0,100.0,8.18977099937081,26.5812475694649,54930501310.2956,88355.3181764446,145187.080794416,11253480443.3483,11742275825.758,18887.3666169503,18101.142743040535,20.4867608612905,5.618733946473919,1.963077579076522,2013.0,2023.0,6.04823452094076,1.67,69.7809492200465
MAC,"Macao SAR, China",2015,East Asia,East Asia & Pacific,Eastern Asia,642900.0,100.0,8.61030346572289,27.6834071152368,44940613353.1038,69902.9605741233,108656.763904919,12021851080.0305,12021851080.0305,18699.410608229,18699.41060822912,26.7505273805974,2.380929033017787,1.963077579076522,2013.0,2023.0,4.56056338028173,1.81,77.6001318608868
MAC,"Macao SAR, China",2016,East Asia,East Asia & Pacific,Eastern Asia,652500.0,100.0,9.03601779251992,28.7304709463712,44964868323.7558,68911.6755919628,107653.177281832,12118477100.3709,11907971373.9038,18249.764557707,18572.378697886437,26.95098985527,-0.9472726401998699,1.963077579076522,2013.0,2023.0,2.36895749705898,1.939,81.6429854646415
MAC,"Macao SAR, China",2017,East Asia,East Asia & Pacific,Eastern Asia,648400.0,100.0,9.4998178807819,29.8365829190003,50297028370.6668,77570.9876166977,120774.963080752,12472213746.2978,12191231310.2754,18802.0223785864,19235.36975061351,24.7971185382626,2.378742167556447,1.963077579076522,2013.0,2023.0,1.22812404052809,1.981,83.1740890688259
MAC,"Macao SAR, China",2018,East Asia,East Asia & Pacific,Eastern Asia,658900.0,100.0,10.0197033267959,31.203429722938,55076322634.344,83588.2875009014,129457.998600118,13286454877.0289,12711116925.2013,19291.42043588,20164.59990442996,24.1237145864635,4.2644225320186635,1.963077579076522,2013.0,2023.0,3.00446293166953,1.803,83.7940896091516
MAC,"Macao SAR, China",2019,East Asia,East Asia & Pacific,Eastern Asia,672000.0,100.0,10.6213504547121,32.8591001563862,55025172016.004,81882.6964523869,126029.622371097,14058660771.9253,13261286021.1295,19734.0565790618,20920.626148698364,25.5495080830213,4.3282513973057934,1.963077579076522,2013.0,2023.0,2.75193081051975,1.73,86.4679257062588
MAC,"Macao SAR, China",2020,East Asia,East Asia & Pacific,Eastern Asia,685400.0,100.0,11.3116365683283,34.5607535716319,25280064167.7333,36883.6652578543,57077.5325705099,12136593757.8154,11281345124.4184,16459.5055798343,17707.315082893783,48.0085559802737,-14.930232961994905,1.963077579076522,2013.0,2023.0,0.811410511491512,2.542,87.46230316
MAC,"Macao SAR, China",2021,East Asia,East Asia & Pacific,Eastern Asia,682500.0,100.0,12.0335194887111,35.9475093221149,30633941629.3633,44884.8961602393,73374.4486829589,13190004112.1564,12212418232.3455,17893.6530876857,19326.01335114491,43.0568298123071,8.253210035315739,1.963077579076522,2013.0,2023.0,0.0264543647055504,2.221,88.46810492
MAC,"Macao SAR, China",2022,East Asia,East Asia & Pacific,Eastern Asia,677300.0,100.0,12.7420560469024,37.0195565931432,24929307447.3237,36806.891255461,64183.3559914099,12491435432.6474,11601106442.8346,17128.4607158344,18442.987498372066,50.1074306177261,-5.005657175184153,1.963077579076522,2013.0,2023.0,1.04502802369954,2.446,89.48549652
MAC,"Macao SAR, China",2023,East Asia,East Asia & Pacific,Eastern Asia,678800.0,100.0,13.479471895326,38.072078888916,45626467279.891,67216.3631112124,116424.421317954,14543634873.1737,13503323576.517,19892.9339665836,21425.5080630137,31.8754348960598,16.39685958452093,1.963077579076522,2013.0,2023.0,0.476384495788075,2.206,89.82640076
MAF,St. Martin (French part),2013,Latin America,Latin America & Caribbean ,Latin America and the Caribbean,37419.0,100.0,6.31104934724802,50.4140204196479,,,,,,,,,,,,,,,
MAF,St. Martin (French part),2014,Latin America,Latin America & Caribbean ,Latin America and the Caribbean,37450.0,100.0,6.63809561955114,50.4438998915358,772921958.529509,20638.7705882379,,,,,,,,,,,,,
MAF,St. Martin (French part),2015,Latin America,Latin America & Caribbean ,Latin America and the Caribbean,37369.0,100.0,7.0339051085124,50.4166163506823,,,,,,,,,,,,,,,
MAF,St. Martin (French part),2016,Latin America,Latin America & Caribbean ,Latin America and the Caribbean,37175.0,100.0,7.55077336919973,50.5609331335304,,,,,,,,,,,,,,,
MAF,St. Martin (French part),2017,Latin America,Latin America & Caribbean ,Latin America and the Caribbean,36837.0,100.0,8.11129962673906,50.3428291568035,,,,,,,,,,,,,,,
MAF,St. Martin (French part),2018,Latin America,Latin America & Caribbean ,Latin America and the Caribbean,36012.0,100.0,10.2785182716872,51.4127144298688,,,,,,,,,,,,,,,
MAF,St. Martin (French part),2019,Latin America,Latin America & Caribbean ,Latin America and the Caribbean,34267.0,100.0,16.2097091911926,57.1061800843572,652206037.103874,19033.0649634889,,,,,,,,,,,,,
MAF,St. Martin (French part),2020,Latin America,Latin America & Caribbean ,Latin America and the Caribbean,31786.0,100.0,18.1432077015038,60.0584118032126,,,,,,,,,,,,,,,
MAF,St. Martin (French part),2021,Latin America,Latin America & Caribbean ,Latin America and the Caribbean,29961.0,100.0,15.8556122959848,58.6130227633669,649206262.847519,21668.3776525323,,,,,,,,,,,,,
MAF,St. Martin (French part),2022,Latin America,Latin America & Caribbean ,Latin America and the Caribbean,28870.0,100.0,16.34540447862,59.5115752251506,,,,,,,,,,,,,,,
MAF,St. Martin (French part),2023,Latin America,Latin America & Caribbean ,Latin America and the Caribbean,27515.0,100.0,17.2036562539752,62.1677373725467,,,,,,,,,,,,,,,
MAR,Morocco,2013,Africa,"Middle East, North Africa, Afghanistan & Pakistan",Northern Africa,33787571.0,59.9083499302469,5.49610979729795,51.5336269622414,115739287305.08,3379.7431640625,7542.0986328125,64022930689.2246,61625574629.6897,1799.5498046875,1894.8663308535733,55.3165067627079,,2.16671123124339,2013.0,2023.0,1.88065466724086,9.23,56.0
MAR,Morocco,2014,Africa,"Middle East, North Africa, Afghanistan & Pakistan",Northern Africa,34204780.0,60.3030486171654,5.63543604139538,51.3322745978475,119130841411.664,3435.40698242188,7237.27734375,73561171768.3933,63560561016.0775,1832.91235351563,2150.6108727608625,61.7482180908958,3.1399080625458042,2.16671123124339,2013.0,2023.0,0.442310053557048,9.7,56.7746379160074
MAR,Morocco,2015,Africa,"Middle East, North Africa, Afghanistan & Pakistan",Northern Africa,34607588.0,60.6417124737154,5.80213787505015,51.215660270365,110413823841.592,3146.24780273438,7799.09228515625,65103681269.8605,65103681269.8605,1855.13293457031,1881.1967268525184,58.9633426365735,2.427795206830652,2.16671123124339,2013.0,2023.0,1.5579071134626,9.46,57.0799993486116
MAR,Morocco,2016,Africa,"Middle East, North Africa, Afghanistan & Pakistan",Northern Africa,35023457.0,60.9657656537179,5.99554455752977,51.1432000019679,111572947004.917,3140.85546875,7853.17626953125,66200416906.4497,66336328627.1364,1867.41345214844,1890.1736886352967,59.3337531037268,1.8933604570937623,2.16671123124339,2013.0,2023.0,1.63531114327064,9.3,58.271236420398
MAR,Morocco,2017,Africa,"Middle East, North Africa, Afghanistan & Pakistan",Northern Africa,35446392.0,61.2761057031842,6.21542948574287,51.1556180708406,118540573367.844,3296.52661132813,8115.12060546875,70318730977.8644,68795924116.4238,1913.16430664063,1983.8050365708418,59.3203904621397,3.7077654735948817,2.16671123124339,2013.0,2023.0,0.754663249323619,9.22,61.7622120123071
MAR,Morocco,2018,Africa,"Middle East, North Africa, Afghanistan & Pakistan",Northern Africa,35839760.0,61.5695822753314,6.45847935365639,51.2665088515347,127341147581.818,3501.69799804688,7801.0986328125,75720464150.0806,70528014189.8773,1939.41870117188,2112.750312783361,59.4626839697901,2.5177219373087922,2.16671123124339,2013.0,2023.0,1.80391671141896,9.272,64.8038651924043
MAR,Morocco,2019,Africa,"Middle East, North Africa, Afghanistan & Pakistan",Northern Africa,36210898.0,61.8430450233765,6.72020202315888,51.4045655561766,128920266409.458,3508.09765625,8046.22900390625,76112115574.422,72062875682.1523,1960.92993164063,2101.9118491461327,59.038130849564,2.176243737903638,2.16671123124339,2013.0,2023.0,0.303386036590383,9.191,84.1203630467602
MAR,Morocco,2020,Africa,"Middle East, North Africa, Afghanistan & Pakistan",Northern Africa,36584208.0,62.0933436005366,6.97052126972381,51.445532015848,121353645057.144,3268.0302734375,7704.84912109375,71688003397.3381,68024859231.1233,1831.89636230469,1959.534108196031,59.0736301028133,-5.603462827155936,2.16671123124339,2013.0,2023.0,0.705968661338261,11.189,84.12036305
MAR,Morocco,2021,Africa,"Middle East, North Africa, Afghanistan & Pakistan",Northern Africa,36954442.0,62.3173276600289,7.21841629730986,51.3907036633908,142022058447.231,3785.93627929688,8623.265625,84646643416.1756,72756554150.5566,1939.49926757813,2290.567488914475,59.6010537670291,6.955831989827055,2.16671123124339,2013.0,2023.0,1.40195883962006,10.551,88.13031937
MAR,Morocco,2022,Africa,"Middle East, North Africa, Afghanistan & Pakistan",Northern Africa,37329064.0,62.5118468550703,7.5098132650741,51.3182365864151,131245312804.483,3463.1376953125,9308.556640625,81479943232.0341,72863483133.4395,1922.63073730469,2182.7480922648933,62.0821738246875,0.14696817919885863,2.16671123124339,2013.0,2023.0,6.65704202759067,9.413,89.9
MAR,Morocco,2023,Africa,"Middle East, North Africa, Afghanistan & Pakistan",Northern Africa,37712505.0,62.673750838878,7.82574109038898,51.1965827591372,146036093666.762,3813.72607421875,9902.8056640625,89277378603.3516,76358100738.9048,1994.08837890625,2367.3149954730293,61.1337761519919,4.796116593912192,2.16671123124339,2013.0,2023.0,6.09114152504141,8.896,91.0
MCO,Monaco,2013,Europe,Europe & Central Asia,Western Europe,35447.0,100.0,31.5583829379073,79.6877376184924,6555590641.56865,184940.633666281,,,,,,,,,,,,,90.69999695
MCO,Monaco,2014,Europe,Europe & Central Asia,Western Europe,36128.0,100.0,32.8858503100089,83.2192301840864,7070015473.96076,195693.519540544,,,,,,,,,,,,,92.40000153
MCO,Monaco,2015,Europe,Europe & Central Asia,Western Europe,36757.0,100.0,34.1159507032674,86.5269461077844,6264753585.625,170437.021128628,,,,,,,,,,,,,93.36329651
MCO,Monaco,2016,Europe,Europe & Central Asia,Western Europe,37276.0,100.0,35.009121150338,89.3720788457631,6471287668.59924,173604.669723126,,,,,,,,,,,,,95.20819855
MCO,Monaco,2017,Europe,Europe & Central Asia,Western Europe,37678.0,100.0,35.5777907532247,91.6967692699059,6430258224.58825,170663.470051177,,,,,,,,,,,,,97.0530014
MCO,Monaco,2018,Europe,Europe & Central Asia,Western Europe,38154.0,100.0,36.2342580822708,94.2964811325559,7184336760.39215,188298.389694191,,,,,,,,,,,,,
MCO,Monaco,2019,Europe,Europe & Central Asia,Western Europe,38109.0,100.0,36.2853919021753,95.4356633673522,7383494129.41175,193746.729890885,,,,,,,,,,,,,98.0
MCO,Monaco,2020,Europe,Europe & Central Asia,Western Europe,38050.0,100.0,36.4633841868044,97.078779717201,6730733230.81714,176891.806328966,,,,,,,,,,,,,98.57080078
MCO,Monaco,2021,Europe,Europe & Central Asia,Western Europe,38527.0,100.0,37.3192825810471,100.416146483562,8623241326.74405,223823.327192464,,,,,,,,,,,,,99.07759857
MCO,Monaco,2022,Europe,Europe & Central Asia,Western Europe,38931.0,100.0,37.0612486033161,99.8459958932238,8800432773.73544,226052.060664649,,,,,,,,,,,,,98.75189972
MCO,Monaco,2023,Europe,Europe & Central Asia,Western Europe,38956.0,100.0,36.3572189493409,98.1586042016379,10003897341.1766,256799.911212051,,,,,,,,,,,,,98.87049866
MDA,Moldova,2013,Europe,Europe & Central Asia,Eastern Europe,2859558.0,39.4275512695312,10.6157631674484,38.9863509860321,9496717875.51932,3321.04397795719,8232.5238047368,8666489761.14259,6636409370.03911,2320.78152289239,3030.7095576108577,91.2577363541893,,1.9767628267034265,2013.0,2023.0,4.59787897363136,1.894,37.43999863
MDA,Moldova,2014,Europe,Europe & Central Asia,Eastern Europe,2857815.0,39.6298484802246,11.0822689022586,40.5178254811007,9402090137.7423,3289.95758568777,8643.06431435343,8789249018.39105,6999792245.7906,2449.35107618604,3075.5136418526217,93.4818629647981,5.475594639957371,1.9767628267034265,2013.0,2023.0,5.08878554625869,1.45,66.9999982002077
MDA,Moldova,2015,Europe,Europe & Central Asia,Eastern Europe,2835978.0,39.6954040527344,11.7091797505114,42.7369673494204,7797667196.73087,2749.55137054338,9197.61838204272,6830058296.43475,6830058296.43475,2408.36081818503,2408.360818185032,87.5910464516646,-2.4248426724081895,1.9767628267034265,2013.0,2023.0,9.67624033101859,1.781,69.0000044661932
MDA,Moldova,2016,Europe,Europe & Central Asia,Eastern Europe,2803186.0,39.7373237609863,12.2990838824212,44.9617606494355,7980917075.7748,2847.08794770479,10325.8404896126,6936040062.18082,6938439341.59873,2475.19762926853,2474.3417176672615,86.9078076657934,1.586824598855241,1.9767628267034265,2013.0,2023.0,6.35930898037931,1.591,70.9999991066624
MDA,Moldova,2017,Europe,Europe & Central Asia,Eastern Europe,2755189.0,39.9736557006836,12.8296483714172,47.0079400184721,9514404016.20949,3453.26727720294,11252.1135465283,8264513138.11775,7332466469.70645,2661.3297562187,2999.617499241522,86.8631721339315,5.678901388463098,1.9767628267034265,2013.0,2023.0,6.57022997455604,1.622,71.76709747
MDA,Moldova,2018,Europe,Europe & Central Asia,Eastern Europe,2707203.0,40.3258094787598,13.3074098865074,48.8156929140567,11252353420.8798,4156.44981956646,11868.1955463223,9584875561.62783,7578270286.15853,2799.29886534498,3540.5086214915655,85.1810745994007,3.3522664913314015,1.9767628267034265,2013.0,2023.0,3.04505397337058,1.239,72.54239655
MDA,Moldova,2019,Europe,Europe & Central Asia,Eastern Europe,2664224.0,40.772289276123,13.8014600191097,50.5590674260294,11736797054.6965,4405.33418162155,13413.2232935126,9968693716.64752,7902871975.01653,2966.29411604149,3741.68752951986,84.9353845873866,4.283321610353141,1.9767628267034265,2013.0,2023.0,4.83778351428729,1.502,73.32610321
MDA,Moldova,2020,Europe,Europe & Central Asia,Eastern Europe,2635130.0,41.3368530273438,14.2911788385703,52.1688916299112,11530746234.4492,4375.7788930524,13527.4413130967,9498844291.03499,7304297773.93737,2771.89276200315,3604.696652929833,82.3784003038442,-7.574135111532132,1.9767628267034265,2013.0,2023.0,3.76597122245358,1.206,74.11830139
MDA,Moldova,2021,Europe,Europe & Central Asia,Eastern Europe,2595809.0,41.8115425109863,14.6975547316048,53.4770503502267,13691869264.0794,5274.60582195352,15682.0703284653,11440229222.4651,8562919706.42691,3298.74798431892,4407.19221732612,83.5549113259395,17.231251674602554,1.9767628267034265,2013.0,2023.0,5.10641129002836,0.794,74.91899872
MDA,Moldova,2022,Europe,Europe & Central Asia,Eastern Europe,2528654.0,42.4048843383789,15.1170014189217,54.4705439644419,14525337523.7271,5744.29618434435,16442.1034354056,12324096280.9815,8136442467.63412,3217.69703076582,4873.777227323904,84.8455071068063,-4.980511944689814,1.9767628267034265,2013.0,2023.0,28.7372976766236,0.909,74.91899872
MDA,Moldova,2023,Europe,Europe & Central Asia,Eastern Europe,2457783.0,43.0011825561523,15.6147071961188,55.2962072281666,16711906746.2133,6799.58594644576,17750.5576656772,14331219199.2728,8071335183.7906,3283.99015852522,5830.953830860089,85.7545426557627,-0.8001935010603201,1.9767628267034265,2013.0,2023.0,13.41701043813,1.57,76.50330353
MDG,Madagascar,2013,Africa,Sub-Saharan Africa ,Sub-Saharan Africa,24109290.0,28.6604637105393,2.66844849706382,83.4502181265262,12423555455.3853,515.301589361832,1473.40398077255,9648591340.07272,8275144992.84215,343.234703006275,400.20221831803093,77.6636879412027,,2.2997733879372095,2013.0,2023.0,5.8264294445198,0.995,3.0
MDG,Madagascar,2014,Africa,Sub-Saharan Africa ,Sub-Saharan Africa,24764348.0,28.9185894345838,2.71282934644595,82.1437972798409,12522957399.2281,505.684922503435,1498.83976908219,9156151731.89405,8060016562.5866,325.468555141714,369.7311850041055,73.1149315612814,-2.599693787137647,2.2997733879372095,2013.0,2023.0,6.08040811088302,1.385,3.700000048
MDG,Madagascar,2015,Africa,Sub-Saharan Africa ,Sub-Saharan Africa,25426702.0,29.1731079210354,2.78825380522701,81.0274179265593,11323020701.3017,445.320069480568,1496.61172412841,8300555980.04671,8300555980.04671,326.450358369194,326.4503583691943,73.306904570902,2.9843538855324203,2.2997733879372095,2013.0,2023.0,7.40419174202129,1.785,4.173999786
MDG,Madagascar,2016,Africa,Sub-Saharan Africa ,Sub-Saharan Africa,26099952.0,29.4239466316878,2.86662404589863,80.0325838882681,11848613858.442,453.970714522463,1561.51962374608,8474399461.41864,8612063842.64599,329.964738733849,324.6902316685732,71.5222857514318,3.752855391230403,2.2997733879372095,2013.0,2023.0,6.03575858154679,1.949,4.713699818
MDG,Madagascar,2017,Africa,Sub-Saharan Africa ,Sub-Saharan Africa,26788375.0,29.671033028335,2.94338687851329,79.1610726988645,13176313593.5509,491.866848718929,1546.88001890817,9435451849.9026,8711183950.47132,325.185232417842,352.2218816894492,71.6091931397316,1.1509448796059418,2.2997733879372095,2013.0,2023.0,8.60905075422949,2.123,6.406000137
MDG,Madagascar,2018,Africa,Sub-Saharan Africa ,Sub-Saharan Africa,27494926.0,29.9181125346909,3.01848784753958,78.4146213820003,13760033282.2925,500.45718552916,1546.59563549795,9909982252.93951,9032866925.30546,328.528504688664,360.429493534171,72.0200456614625,3.6927583743279424,2.2997733879372095,2013.0,2023.0,8.59422958870476,2.303,7.747799873
MDG,Madagascar,2019,Africa,Sub-Saharan Africa ,Sub-Saharan Africa,28219554.0,30.3046972370204,3.09198189312276,77.7556849963264,14104664678.5063,499.818837622534,1612.29772715626,9999744208.21687,9305300598.55625,329.746550868814,354.3551470805268,70.8967170517366,3.016026644736347,2.2997733879372095,2013.0,2023.0,5.61051441492365,2.479,9.379400253
MDG,Madagascar,2020,Africa,Sub-Saharan Africa ,Sub-Saharan Africa,28953556.0,30.7019474167548,3.15356422621173,77.125045262279,13051441204.053,450.771615205157,1490.32312839072,10046811595.1524,9507585121.65646,328.373658892071,346.99750162475374,76.9785607434105,2.173863390631303,2.2997733879372095,2013.0,2023.0,4.20179312190557,3.292,11.35470009
MDG,Madagascar,2021,Africa,Sub-Saharan Africa ,Sub-Saharan Africa,29691083.0,31.1137123216036,3.20730301417432,76.4982094615521,14354731964.3258,483.469463351195,1577.43246056529,10793294982.8661,9779180020.2286,329.364207436576,363.51974708588773,75.1898050739608,2.8566128527579338,2.2997733879372095,2013.0,2023.0,5.81225118787715,3.498,13.74590015
MDG,Madagascar,2022,Africa,Sub-Saharan Africa ,Sub-Saharan Africa,30437261.0,31.5397813465886,3.26762489022296,75.8512654399341,15342178598.2475,504.059106969168,1716.40079421689,11103274480.7514,9953911993.63476,327.030477336143,364.79216972747315,72.3709114038061,1.7867753026810096,2.2997733879372095,2013.0,2023.0,8.16059031991844,3.186,17.81170082
MDG,Madagascar,2023,Africa,Sub-Saharan Africa ,Sub-Saharan Africa,31195932.0,31.9799438860946,3.33516236451659,75.1537300734546,16036707975.7567,514.064076551927,1810.09891584306,11612805129.7335,10387770085.5252,332.984764985549,372.2538287919559,72.4138965883084,4.35866915608536,2.2997733879372095,2013.0,2023.0,9.87432675044888,3.044,18.24080086
MDV,Maldives,2013,South & Southeast Asia,South Asia,Southern Asia,400070.0,37.8257075155926,4.17576402159119,38.9411756534302,3295009237.50107,8236.08177944126,15264.0907069581,,,,,,,6.688844192144017,2014.0,2023.0,3.8056300091943,8.295,44.09999847
MDV,Maldives,2014,South & Southeast Asia,South Asia,Southern Asia,413617.0,38.1938859868107,4.09799403796266,38.1726285126341,3697353039.20043,8939.07416571472,16722.523852619,1358352718.4024,1665309066.60186,4026.2103989968,3284.0833872940425,36.7385181777544,,6.688844192144017,2014.0,2023.0,2.12000175718134,7.461,49.27999878
MDV,Maldives,2015,South & Southeast Asia,South Asia,Southern Asia,428154.0,38.5771510715291,4.01479374243847,37.4098572157554,4129505319.12921,9644.90655028145,17875.0989419262,1688055769.46117,1688055769.46117,3942.63692377315,3942.6369237731515,40.8779173050473,1.3659147911639913,6.688844192144017,2014.0,2023.0,0.953206658777607,6.611,54.4620018
MDV,Maldives,2016,South & Southeast Asia,South Asia,Southern Asia,443308.0,38.9560872317815,3.93214198706091,36.5731854969146,4409942623.85538,9947.80744731739,18769.5060607629,1928135744.44406,1901050789.37918,4288.32953472343,4349.426909607,43.7224678165629,12.617771507987463,6.688844192144017,2014.0,2023.0,0.502509413611612,5.771,59.47750092
MDV,Maldives,2017,South & Southeast Asia,South Asia,Southern Asia,458287.0,39.32787719143,3.86766371291352,35.7416836237512,4816426256.52914,10509.628805812,19767.8893613468,2236643370.11402,2143732457.91356,4677.70732731576,4880.442539530949,46.4378203046716,12.76565938638765,6.688844192144017,2014.0,2023.0,2.81747338234509,5.377,64.95500183
MDV,Maldives,2018,South & Southeast Asia,South Asia,Southern Asia,473099.0,39.6923354428279,3.83165450746515,34.958294347201,5404344162.69888,11423.2838427029,21899.4292993843,2493759754.58645,2364596862.13068,4998.10158577947,5271.116097447786,46.1436148311673,10.302797039891898,6.688844192144017,2014.0,2023.0,-0.133373386117595,4.962,70.93689728
MDV,Maldives,2019,South & Southeast Asia,South Asia,Southern Asia,487731.0,40.0492764783282,3.83285048520598,34.2339490950724,5726094799.37709,11740.2724029785,23077.2112236652,2654630087.47473,2530274808.02102,5187.84905618265,5442.815993805459,46.3602189709383,7.0066043199030315,6.688844192144017,2014.0,2023.0,0.220029731065383,4.562,77.46970367
MDV,Maldives,2020,South & Southeast Asia,South Asia,Southern Asia,502118.0,40.3985147902839,3.86970406388133,33.5342081048449,3712604583.36665,7393.8886543933,13425.3674459601,2205167733.22359,2128747678.85056,4239.53668032328,4391.7320893168335,59.3967842172922,-15.868913838829336,6.688844192144017,2014.0,2023.0,-1.36977425569811,5.42,79.09780121
MDV,Maldives,2021,South & Southeast Asia,South Asia,Southern Asia,516154.0,40.7398648710483,3.92790129292933,32.7942534738749,5252457369.55218,10176.143882547,19052.6224904311,2444522828.71881,2327123187.50966,4508.58307309381,4736.033875003991,46.5405553387143,9.3188831457101,6.688844192144017,2014.0,2023.0,0.543149688737013,5.016,81.95760345
MDV,Maldives,2022,South & Southeast Asia,South Asia,Southern Asia,524106.0,41.0641769690663,4.08161318358005,32.3871085076878,6177123352.26211,11786.0191492983,22876.8862033838,2884153581.43842,2678744300.89768,5111.07352500769,5502.996686621446,46.6908853355215,15.10969059460503,6.688844192144017,2014.0,2023.0,2.3305404647725,4.303,83.91189054
MDV,Maldives,2023,South & Southeast Asia,South Asia,Southern Asia,525994.0,41.5096832933973,4.34510659817412,32.264975533215,6621008703.95743,12587.6126038651,24806.6325837081,3387993229.77873,2982400330.25108,5670.02728215736,6441.12524055166,51.1703485264065,11.335760163881314,6.688844192144017,2014.0,2023.0,2.90372427754586,4.019,84.55290222
MEX,Mexico,2013,Latin America,Latin America & Caribbean ,Latin America and the Caribbean,118343573.0,76.7955768077952,6.39365899489954,54.027488950612,1327436290439.27,11216.800851866,18170.2647920555,939133026469.168,801172128624.169,6769.88287842356,7935.648744264025,70.7478794450011,,1.7255246209277875,2013.0,2023.0,3.80639069747204,4.921,43.46
MEX,Mexico,2014,Latin America,Latin America & Caribbean ,Latin America and the Caribbean,119784261.0,76.9741367091766,6.51446394948331,53.513139465276,1364507717689.36,11391.3773503964,18820.799110896,966186180877.114,817034438079.989,6820.88307144116,8066.052858790138,70.8084071897547,1.9798878279827292,1.7255246209277875,2013.0,2023.0,4.01861608078679,4.819,44.3856962723411
MEX,Mexico,2015,Latin America,Latin America & Caribbean ,Latin America and the Caribbean,121072306.0,77.1903854182753,6.65084837815842,52.97209888579,1213294467653.78,10021.2386113616,19071.4444186548,838984074978.04,838984074978.04,6929.61175595384,6929.611755953835,69.1492541460634,2.6865008223682985,1.7255246209277875,2013.0,2023.0,2.72064064964023,4.311,57.4310429923633
MEX,Mexico,2016,Latin America,Latin America & Caribbean ,Latin America and the Caribbean,122251351.0,77.4405087351486,6.8015894842814,52.3968518760979,1112233497452.7,9097.92397674769,20104.5839787472,766668949217.796,855145126171.771,6994.9748544846,6271.2513436174295,68.9305753669231,1.9262643565855386,1.7255246209277875,2013.0,2023.0,2.8217078474766,3.853,59.5404459967255
MEX,Mexico,2017,Latin America,Latin America & Caribbean ,Latin America and the Caribbean,123400057.0,77.7206924598541,6.96592017390268,51.8182577831981,1190721475853.16,9649.27816729586,20488.715079135,812497140176.399,869880294807.03,7049.26979739588,6584.25255165319,68.2357005104184,1.7231190571387556,1.7255246209277875,2013.0,2023.0,6.04145724018986,3.419,53.0317886110982
MEX,Mexico,2018,Latin America,Latin America & Caribbean ,Latin America and the Caribbean,124573711.0,78.0271223924494,7.14422403295026,51.2690018964587,1256300182983.65,10084.7937570364,20921.4775294879,846633393856.75,882607451120.821,7085.02174363916,6796.244464907608,67.3910109481984,1.4630928404481658,1.7255246209277875,2013.0,2023.0,4.89935015356551,3.275,56.6595667981289
MEX,Mexico,2019,Latin America,Latin America & Caribbean ,Latin America and the Caribbean,125762982.0,78.355984332992,7.33464157467799,50.7872946012451,1304106204006.27,10369.5553593527,20964.2774863762,875343173844.726,890535153621.151,7081.05946168763,6960.260960134724,67.1220772630044,0.8982138650951432,1.7255246209277875,2013.0,2023.0,3.63596142127046,3.477,69.6321092705209
MEX,Mexico,2020,Latin America,Latin America & Caribbean ,Latin America and the Caribbean,126799054.0,78.677960602824,7.48607987451515,50.3089773441429,1121064767168.8,8841.27074929751,19354.1248682138,741637415613.279,802961362523.309,6332.55010343618,5848.919153712922,66.1547340825148,-9.833838758834379,1.7255246209277875,2013.0,2023.0,3.39683415570006,4.44,71.49017499
MEX,Mexico,2021,Latin America,Latin America & Caribbean ,Latin America and the Caribbean,127648148.0,78.9324007418057,7.58575873574664,49.8060368026137,1316569466833.94,10314.0506733708,20782.5877440905,899555819959.819,870542859121.609,6819.8628241877,7047.151361411205,68.3257391744817,8.416531573315677,1.7255246209277875,2013.0,2023.0,5.68920847683753,4.019,75.62650476
MEX,Mexico,2022,Latin America,Latin America & Caribbean ,Latin America and the Caribbean,128613117.0,79.199683215791,7.74526983999124,49.3799037503831,1466934724243.38,11405.7940469896,23135.4931593441,1035049733521.8,912602357156.527,7095.71759431448,8047.777378117662,70.5586769756003,4.831410377354262,1.7255246209277875,2013.0,2023.0,7.8962761916855,3.256,78.63217894
MEX,Mexico,2023,Latin America,Latin America & Caribbean ,Latin America and the Caribbean,129739759.0,79.4734935748046,7.98664578990007,49.0415538480472,1794410347718.25,13830.843848864,25188.3182559609,1253583863518.97,950659987888.525,7327.43759673952,9662.295299307361,69.8604901110279,4.170231474152386,1.7255246209277875,2013.0,2023.0,5.52796087314389,2.765,81.18318755
MHL,Marshall Islands,2013,Oceania,East Asia & Pacific,Micronesia,50681.0,74.6790601806083,2.38156311043586,70.0704697986577,186400000.0,3677.90690791421,3845.00357490874,146783600.0,149729000.0,2954.34186381484,2896.2254099169313,78.7465665236052,,0.3535895498914421,2013.0,2023.0,,,14.0
MHL,Marshall Islands,2014,Oceania,East Asia & Pacific,Micronesia,49796.0,75.0790555372177,2.58554904008354,68.7656747780113,186000000.0,3735.23977829545,3931.34410633325,143059800.0,143219900.0,2876.13262109406,2872.917503413929,76.9138709677419,-4.347254038963733,0.3535895498914421,2013.0,2023.0,,,16.79999924
MHL,Marshall Islands,2015,Oceania,East Asia & Pacific,Micronesia,48800.0,75.4702568207363,2.80017622770259,67.3950329308452,183700000.0,3764.34426229508,4125.16169273671,142193400.0,142193400.0,2913.79918032787,2913.7991803278687,77.4052259118127,-0.7167300074919725,0.3535895498914421,2013.0,2023.0,,,19.28240013
MHL,Marshall Islands,2016,Oceania,East Asia & Pacific,Micronesia,47709.0,75.8524215301796,3.00362615020227,66.1639732516021,201800000.0,4229.80988911945,4366.2576420174,147054700.0,147090700.0,3083.08076044352,3082.326185834958,72.8715064420218,3.4441120333292607,0.3535895498914421,2013.0,2023.0,,,29.78779984
MHL,Marshall Islands,2017,Oceania,East Asia & Pacific,Micronesia,46529.0,76.2253071645634,3.19478174901674,65.1076966750648,213700000.0,4592.83457628576,4719.31304912625,161698400.0,161883400.0,3479.19362118249,3475.217606224075,75.6660739354235,10.056856075876986,0.3535895498914421,2013.0,2023.0,,,38.70119858
MHL,Marshall Islands,2018,Oceania,East Asia & Pacific,Micronesia,45285.0,76.5886712229035,3.39185160649222,64.0879773896659,220000000.0,4858.12079054875,5232.20524867928,165404000.0,160586300.0,3546.12564866954,3652.511869272386,75.1836363636364,-0.8012557186221736,0.3535895498914421,2013.0,2023.0,,,43.88249969
MHL,Marshall Islands,2019,Oceania,East Asia & Pacific,Micronesia,44007.0,76.9422712042154,3.57333575721768,63.0311562256881,232900000.0,5292.33985502306,6045.06240783364,174839600.0,170821200.0,3881.6824596087,3972.9952053082466,75.0706741090597,6.373457760718071,0.3535895498914421,2013.0,2023.0,,,49.75749969
MHL,Marshall Islands,2020,Oceania,East Asia & Pacific,Micronesia,42706.0,77.285864607515,3.70435413812886,61.9553263301604,241800000.0,5661.96787336674,6137.93436122421,169688100.0,165568200.0,3876.93064206435,3973.401863906711,70.177047146402,-3.075145239583843,0.3535895498914421,2013.0,2023.0,,,56.41910172
MHL,Marshall Islands,2021,Oceania,East Asia & Pacific,Micronesia,41367.0,77.6163157431143,3.86781734232601,62.0582935046619,261245500.0,6315.31172190393,6768.82579129624,171299400.0,159869400.0,3864.66023642033,4140.967437812749,65.57027776555,-3.441965304931749,0.3535895498914421,2013.0,2023.0,,,63.97259903
MHL,Marshall Islands,2022,Oceania,East Asia & Pacific,Micronesia,40077.0,77.9855966195187,4.11208423784215,63.2131948686622,258723500.0,6455.6603538189,7431.2014968892,186262400.0,167590700.0,4181.71769344013,4647.613344312199,71.9928417789648,4.829754787345175,0.3535895498914421,2013.0,2023.0,,,64.26719666
MHL,Marshall Islands,2023,Oceania,East Asia & Pacific,Micronesia,38827.0,78.3593928884282,4.38225976768743,64.169133192389,264000000.0,6799.39217554794,7525.1504555076,187208100.0,155108300.0,3994.85667190357,4821.595796739382,70.9121590909091,-7.448145989007749,0.3535895498914421,2013.0,2023.0,,,64.07589722
MKD,North Macedonia,2013,Europe,Europe & Central Asia,Southern Europe,1922716.0,58.578694432799,12.458575061591,45.0133457627298,10817702346.0674,5626.26115664893,13662.7769630557,7761878336.83821,6492734763.13222,3376.85584513377,4036.934387001622,71.7516353152378,,3.17660261117918,2013.0,2023.0,2.78500056726109,29.017,65.24
MKD,North Macedonia,2014,Europe,Europe & Central Asia,Southern Europe,1917557.0,58.8033670608162,12.9263524713146,45.4776570410231,11362265252.778,5925.38592218015,14485.1403294538,7931390076.61778,6634717980.87033,3459.98475188499,4136.1952091217,69.8046551472525,2.1868014468161334,3.17660261117918,2013.0,2023.0,-0.281705032928494,28.215,68.0584815397496
MKD,North Macedonia,2015,Europe,Europe & Central Asia,Southern Europe,1912430.0,59.0700383784659,13.4042646662284,45.8787830708818,10064519962.5655,5262.68671928674,15034.1775526118,6928668821.68353,6928668821.68353,3622.96597610555,3622.9659761055464,68.8425165577132,4.430494885551117,3.17660261117918,2013.0,2023.0,-0.299920475631462,26.395,70.3802030766689
MKD,North Macedonia,2016,Europe,Europe & Central Asia,Southern Europe,1906313.0,59.3823070989891,13.9040754168431,46.3865862414523,10672467073.2873,5598.48622617967,16457.6276361223,7141820928.74391,7197408218.05082,3775.56477768909,3746.4051961791743,66.9181818946023,3.878658415975389,3.17660261117918,2013.0,2023.0,-0.239290787684501,24.312,72.1568144676058
MKD,North Macedonia,2017,Europe,Europe & Central Asia,Southern Europe,1898657.0,59.7437719356273,14.4580662828714,47.0672255043133,11307067069.6658,5955.2973863451,17161.0354680695,7536404432.94191,7347675944.31738,3869.93329722924,3969.334341559276,66.6521599855041,2.087803299661317,3.17660261117918,2013.0,2023.0,1.35161889677442,22.857,74.5168241807954
MKD,North Macedonia,2018,Europe,Europe & Central Asia,Southern Europe,1889051.0,60.1580316016216,15.0850497869881,48.0106840670598,12683068114.2388,6713.98925398989,18460.5440872584,8352123476.12921,7618428887.58685,4032.93976053947,4421.332974138449,65.852547671431,3.6848786653263854,3.17660261117918,2013.0,2023.0,1.45831298507126,21.208,79.1677551850871
MKD,North Macedonia,2019,Europe,Europe & Central Asia,Southern Europe,1876262.0,60.6286848102132,15.7588026396984,49.2556155977468,12606338448.547,6718.85826635458,20222.4719203634,8257472628.26859,7903416473.37563,4212.32028009714,4401.023219714832,65.5025458976184,3.7407658454767123,3.17660261117918,2013.0,2023.0,0.766439573459805,17.414,81.4128827618364
MKD,North Macedonia,2020,Europe,Europe & Central Asia,Southern Europe,1856124.0,61.1593302746435,16.3463390126845,50.5073201188734,12361036913.8409,6659.59651070776,19962.153035286,8163477889.88043,7622100311.38676,4106.46072750892,4398.131746521477,66.0420153000239,-3.5594247492403475,3.17660261117918,2013.0,2023.0,1.20007348888469,16.575,81.40553811
MKD,North Macedonia,2021,Europe,Europe & Central Asia,Southern Europe,1837114.0,61.6841975628139,16.724393369915,51.3921943501335,14000283827.0154,7620.80296977508,22144.1924252732,9489683709.45403,8276436668.63787,4505.12960471581,5165.5388339831,67.7820808971204,8.58472508258108,3.17660261117918,2013.0,2023.0,3.23074912132928,15.801,81.873703
MKD,North Macedonia,2022,Europe,Europe & Central Asia,Southern Europe,1831712.0,61.9530566607267,17.047678201619,52.0830012221691,13932436550.0883,7606.2375253797,24212.3733096953,9688312257.68421,8732112481.33802,4767.18637064016,5289.211545092357,69.5378171854858,5.50570047163963,3.17660261117918,2013.0,2023.0,14.2047173195833,14.476,83.85030365
MKD,North Macedonia,2023,Europe,Europe & Central Asia,Southern Europe,1827816.0,62.2518322545779,17.5017325840163,52.8340697087164,15855131188.9092,8674.35846327485,25354.144126576,10850947663.934,8876461942.72448,4856.32139270281,5936.564546942362,68.4380818717181,1.6530875168518255,3.17660261117918,2013.0,2023.0,9.36187249769015,13.174,88.5
MLI,Mali,2013,Africa,Sub-Saharan Africa ,Sub-Saharan Africa,17459615.0,24.7033626854883,2.7108215158238,102.371894954384,15747192680.9971,901.920957649814,2059.28407643019,11656074191.9091,10224323396.6869,585.598445136787,667.6020171068549,74.0200137766464,,4.542186173150764,2013.0,2023.0,-0.606736356351563,1.517,3.5
MLI,Mali,2014,Africa,Sub-Saharan Africa ,Sub-Saharan Africa,18020267.0,25.2656728660325,2.6696747242889,102.530025586738,17081681993.2577,947.915033293219,2184.87660282794,12365515250.9837,10811601047.5707,599.968970913181,686.2004459192364,72.390501449825,5.743926792007592,4.542186173150764,2013.0,2023.0,0.883814547137841,1.476,7.0
MLI,Mali,2015,Africa,Sub-Saharan Africa ,Sub-Saharan Africa,18593022.0,25.847015486705,2.63327015909517,102.527919857724,15583181170.4105,838.11986940103,2330.24293947692,11506490861.079,11506490861.079,618.860713502033,618.8607135020333,73.8391650283042,6.427260962098091,4.542186173150764,2013.0,2023.0,1.45069057605961,1.404,10.32999992
MLI,Mali,2016,Africa,Sub-Saharan Africa ,Sub-Saharan Africa,19191289.0,26.4468586077195,2.60453577129353,102.313780775536,16743796799.8329,872.468587171653,2531.80496963482,12186342513.815,12144402799.0123,632.80808282405,634.9934344595092,72.7812374905114,5.543931209219077,4.542186173150764,2013.0,2023.0,-1.79964707083386,1.367,14.0
MLI,Mali,2017,Africa,Sub-Saharan Africa ,Sub-Saharan Africa,19813011.0,27.0646702892896,2.57634749650993,101.88009329702,18308362040.0521,924.057531692284,2606.69607954141,13332535960.3587,12779232405.0597,644.991940147801,672.9182132063976,72.8221122741178,5.227343135382756,4.542186173150764,2013.0,2023.0,1.75985742927165,1.498,18.89999962
MLI,Mali,2018,Africa,Sub-Saharan Africa ,Sub-Saharan Africa,20442030.0,27.6999185916288,2.54869997130177,101.280425994696,20368015381.2413,996.379292136901,2684.41122026577,14714582985.0624,13299566169.1701,650.599092613114,719.8200464954998,72.2435775388033,4.071713758835638,4.542186173150764,2013.0,2023.0,0.299546507387843,1.62,21.39999962
MLI,Mali,2019,Africa,Sub-Saharan Africa ,Sub-Saharan Africa,21068405.0,28.3520715749509,2.52301022604725,100.416568884451,20477421884.5414,971.949318638092,2819.86582297259,14622246057.6961,13972721105.5477,663.207352694602,694.0366894264706,71.4066748252847,5.061480410827612,4.542186173150764,2013.0,2023.0,-1.65826694846365,3.29,24.96030045
MLI,Mali,2020,Africa,Sub-Saharan Africa ,Sub-Saharan Africa,21713836.0,29.0205972994693,2.49059867843247,99.2426538469197,20698560938.7775,953.242943290974,2723.70094784441,15076327298.8196,14298130169.9399,658.480158454725,694.3189263665619,72.8375626856985,2.3288882812024347,4.542186173150764,2013.0,2023.0,0.438088940320669,3.528,29.11300087
MLI,Mali,2021,Africa,Sub-Saharan Africa ,Sub-Saharan Africa,22388630.0,29.7049638253978,2.45371417425465,97.9663657641359,22999245262.6719,1027.27345365357,2796.22793795431,16901295857.0777,14706812444.0825,656.887556053343,754.905318327995,73.4863064594069,2.8582917436421607,4.542186173150764,2013.0,2023.0,3.92560283104277,4.006,33.95650101
MLI,Mali,2022,Africa,Sub-Saharan Africa ,Sub-Saharan Africa,23072640.0,30.4015705681899,2.4262091377493,96.7585373584825,22539987718.7642,976.914116406452,3013.94334673825,16847317938.547,15408399852.1061,667.821274553155,730.1859665190893,74.7441309585181,4.770492659039061,4.542186173150764,2013.0,2023.0,9.62147608489064,2.387,35.19919968
MLI,Mali,2023,Africa,Sub-Saharan Africa ,Sub-Saharan Africa,23769127.0,31.0031889023235,2.40531546645959,95.5627428168982,24777941860.767,1042.44223444837,3178.41515939915,18215972689.0436,15942277172.6676,670.713618243851,766.3711287774094,73.5168917233051,3.464845965095642,4.542186173150764,2013.0,2023.0,2.05880228274223,2.947,36.03879929
MLT,Malta,2013,Europe,"Middle East, North Africa, Afghanistan & Pakistan",Southern Europe,424810.0,94.3906567856206,17.3519818416277,46.7001868242298,10796780874.0524,25415.5525389054,33138.0865932239,6154761562.66186,5246667666.61226,12350.6218465014,14488.269020648902,57.0055244656621,,5.271837295119197,2013.0,2023.0,1.1802843636655,6.115,68.9138
MLT,Malta,2014,Europe,"Middle East, North Africa, Afghanistan & Pakistan",Southern Europe,433481.0,94.412512773898,17.9435630039737,47.6796080782753,11888029751.5962,27424.5693619702,35205.746954765,6380847189.693,5412647140.0085,12486.4691647581,14720.015847737272,53.6745560283969,3.1635217616787337,5.271837295119197,2013.0,2023.0,0.310306472181665,5.737,73.1141157845193
MLT,Malta,2015,Europe,"Middle East, North Africa, Afghanistan & Pakistan",Southern Europe,444220.0,94.4387696268011,18.3273199612118,48.274826180852,11340789705.8045,25529.6693210673,38368.726998344,5596103644.96664,5596103644.96664,12597.5949866432,12597.594986643197,49.3449203286293,3.3894044856922267,5.271837295119197,2013.0,2023.0,1.10054826378929,5.389,75.9600189752747
MLT,Malta,2016,Europe,"Middle East, North Africa, Afghanistan & Pakistan",Southern Europe,454505.0,94.4800033569336,18.6555640731084,48.8332492844933,12025777078.0922,26459.0644285369,41000.1176833537,5789808930.89009,5755489986.69581,12663.2049959754,12738.713393450214,48.1449879978036,2.8481663643332933,5.271837295119197,2013.0,2023.0,0.642702771527304,4.694,78.0751488032182
MLT,Malta,2017,Europe,"Middle East, North Africa, Afghanistan & Pakistan",Southern Europe,467106.0,94.5691806330314,18.8131074315696,48.9049838377527,14161374599.3379,30317.2611769875,45763.6968096243,6345906399.72672,6137263706.08388,13138.9100248849,13585.5810024421,44.8113730430054,6.633209687977293,5.271837295119197,2013.0,2023.0,1.36435448150708,4.008,81.0119110762945
MLT,Malta,2018,Europe,"Middle East, North Africa, Afghanistan & Pakistan",Southern Europe,483903.0,94.7242373261706,18.7496839900321,48.2514161767364,16153785816.8181,33382.280781103,48178.5049931669,7385317385.54768,6764867049.05819,13979.7997719754,15261.978920460671,45.7188022008974,10.22611008798866,5.271837295119197,2013.0,2023.0,1.15782362451517,3.956,81.6580442928014
MLT,Malta,2019,Europe,"Middle East, North Africa, Afghanistan & Pakistan",Southern Europe,503912.0,94.9332032524644,18.5815714000859,47.3547541904016,16337788880.578,32421.9087471186,51392.5014263659,7543230379.95136,7148001255.93311,14185.0189238064,14969.340638745178,46.1704483702723,5.663588125183638,5.271837295119197,2013.0,2023.0,1.6420600176894,4.08,85.7785963798031
MLT,Malta,2020,Europe,"Middle East, North Africa, Afghanistan & Pakistan",Southern Europe,515490.0,95.1841082280263,18.4997679496494,46.6974581383966,16404655807.6687,31823.422001724,49971.8904481582,6995670187.07239,6409779814.98919,12434.3436632897,13570.913474698616,42.6444191764275,-10.327662440338392,5.271837295119197,2013.0,2023.0,0.638544956776712,4.856,86.85876183
MLT,Malta,2021,Europe,"Middle East, North Africa, Afghanistan & Pakistan",Southern Europe,518150.0,95.5145343617045,18.7721036316463,47.0550672482837,19730119030.6198,38078.0064279067,56823.9958525022,8113007156.97661,7096616690.08346,13696.0661779088,15657.641912528437,41.1199098413231,10.715451933124287,5.271837295119197,2013.0,2023.0,1.49789217934724,3.754,87.46977742
MLT,Malta,2022,Europe,"Middle East, North Africa, Afghanistan & Pakistan",Southern Europe,531113.0,95.6003155132879,19.2843700775476,48.1391709876354,18938869147.0818,35658.8318250199,60623.0076694404,8336986068.09342,7773302235.46813,14635.8726588657,15697.198276248972,44.02050620524,9.535326127029586,5.271837295119197,2013.0,2023.0,6.15375621933037,3.471,91.54062209
MLT,Malta,2023,Europe,"Middle East, North Africa, Afghanistan & Pakistan",Southern Europe,552747.0,95.6272277147965,19.800039778143,49.1465329757208,22625329775.6867,40932.5238774461,67101.1037962636,10267078125.0982,8770120951.798,15866.4288576835,18574.64287476585,45.3786894020492,12.823619693848665,5.271837295119197,2013.0,2023.0,5.09396758978883,3.479,92.07266941
MMR,Myanmar,2013,South & Southeast Asia,East Asia & Pacific,South-eastern Asia,50262658.0,29.5103946237239,5.39638498024105,48.2399603707655,60269732854.827,1199.09561597055,4143.63012731959,,,,,,,,,,5.64303883425501,0.775,1.799999952
MMR,Myanmar,2014,South & Southeast Asia,East Asia & Pacific,South-eastern Asia,50681634.0,29.6164342116462,5.49074745193444,47.7168930939888,65531374199.6663,1293.00042298688,4376.38833281274,,,,,,,,,,4.953299184844,0.763,7.400000095
MMR,Myanmar,2015,South & Southeast Asia,East Asia & Pacific,South-eastern Asia,51089056.0,29.7166821191682,5.62985745547791,47.3459615010681,59607290407.6191,1166.73305546337,4458.69054442659,,,,,,,,,,9.45417189526018,0.766,10.89999962
MMR,Myanmar,2016,South & Southeast Asia,East Asia & Pacific,South-eastern Asia,51495696.0,29.8129165582094,5.78481355024311,47.0384089285758,63298361996.2153,1229.19713515893,4459.53981427471,,,,,,,,,,6.92882525816076,1.058,16.0
MMR,Myanmar,2017,South & Southeast Asia,East Asia & Pacific,South-eastern Asia,51894938.0,29.9051727703437,5.95130203257975,46.756347215943,66053040483.0016,1272.82241830603,4706.43248949598,,,,,,,,,,4.5725365531752,1.356,23.621081950267
MMR,Myanmar,2018,South & Southeast Asia,East Asia & Pacific,South-eastern Asia,52272247.0,29.993574050729,6.1297183774185,46.5323258218492,67860515989.517,1298.21310320785,5581.2769545815,,,,,,,,,,6.87232865662935,0.767,29.37899971
MMR,Myanmar,2019,South & Southeast Asia,East Asia & Pacific,South-eastern Asia,52640713.0,30.0782436945232,6.31825313612298,46.396472048483,75065106227.6892,1425.98954211903,6101.37245765709,,,,,,,,,,8.82506696804558,0.407,36.54050064
MMR,Myanmar,2020,South & Southeast Asia,East Asia & Pacific,South-eastern Asia,53016522.0,30.1593049968842,6.50781568157013,46.3134094770448,79006113643.1906,1490.21683548367,5740.99045843992,,,,,,,,,,,1.476,45.4477005
MMR,Myanmar,2021,South & Southeast Asia,East Asia & Pacific,South-eastern Asia,53387102.0,30.2368812529698,6.68644928507264,46.2474842232341,66345291160.1683,1242.72134419599,5178.44718217164,,,,,,,,,,,4.34,
MMR,Myanmar,2022,South & Southeast Asia,East Asia & Pacific,South-eastern Asia,53756787.0,30.311095757938,6.87716132590698,46.2100569537985,62253049891.6449,1158.05005034332,5731.02947916374,,,,,,,,,,,3.063,
MMR,Myanmar,2023,South & Southeast Asia,East Asia & Pacific,South-eastern Asia,54133798.0,30.3820718069466,7.08914980516562,46.2092542209052,66757619000.0,1233.19666209269,5958.26424874022,,,,,,,,,,,2.977,
MNE,Montenegro,2013,Europe,Europe & Central Asia,Southern Europe,622587.0,64.6252987959653,13.6939604628851,47.938770224384,4422097042.14762,7102.7776714702,14692.0792745799,3600311653.88515,3032581580.44919,4870.9362393516,5782.8249768870055,81.4163872834557,,4.270901236711588,2013.0,2023.0,2.20589268141178,19.585,60.31
MNE,Montenegro,2014,Europe,Europe & Central Asia,Southern Europe,623744.0,64.7232143772459,14.0035525610354,48.4844300871515,4579635403.65249,7342.17147363741,15276.0532461713,3674362288.10183,3123863221.20011,5008.24572452819,5890.817848511297,80.2326378464831,3.0100308377326135,4.270901236711588,2013.0,2023.0,-0.710514051710227,18.054,63.8868840056697
MNE,Montenegro,2015,Europe,Europe & Central Asia,Southern Europe,624651.0,64.8181652937171,14.420476163943,49.317180564088,4010884106.80136,6421.00005731419,16091.7231229959,3147509771.9816,3147509771.9816,5038.82931746143,5038.82931746143,78.474213868316,0.756964985566988,4.270901236711588,2013.0,2023.0,1.54869158222486,17.555,68.1197860085679
MNE,Montenegro,2016,Europe,Europe & Central Asia,Southern Europe,625353.0,64.9101692293409,14.8258265738724,50.102612231378,4357467226.269,6968.01202883651,18030.1591692766,3360245925.28647,3376581201.76938,5399.48029635963,5373.358607516826,77.1146574558087,7.277862385906508,4.270901236711588,2013.0,2023.0,-0.271385023385176,17.732,69.8816468416779
MNE,Montenegro,2017,Europe,Europe & Central Asia,Southern Europe,625982.0,64.9992438680584,15.2378556506188,50.8972133834732,4803964684.21648,7674.2856571219,19356.6672508566,3636300689.42189,3510924712.54227,5608.6672021596,5808.954074433274,75.6937431569601,3.978684436864488,4.270901236711588,2013.0,2023.0,2.3802359905313,16.082,71.2723325399382
MNE,Montenegro,2018,Europe,Europe & Central Asia,Southern Europe,626438.0,65.0854068937869,15.7080684318645,51.8453520785359,5433469310.85184,8673.59469069858,21083.6815338423,3987229903.78361,3619780457.03228,5778.35389461092,6364.923430225513,73.3827629396972,3.1004864359847506,4.270901236711588,2013.0,2023.0,2.611223782638,15.19,71.5171004874886
MNE,Montenegro,2019,Europe,Europe & Central Asia,Southern Europe,626753.0,65.1686759904159,16.2013123164339,52.9482821311871,5483622632.13097,8749.25629734676,23705.3800229705,3931342260.82431,3769720231.74276,6014.68238962201,6272.554356858778,71.6924289754885,4.142233941817852,4.270901236711588,2013.0,2023.0,0.361563704540767,15.128,73.4766657478691
MNE,Montenegro,2020,Europe,Europe & Central Asia,Southern Europe,626590.0,65.2490688418027,16.6406770460658,54.0327933331695,4734192593.29169,7555.48699036321,20624.7887553398,3862976571.77075,3595142379.94148,5737.63127394544,6165.078554989307,81.5973684138782,-4.631055915801263,4.270901236711588,2013.0,2023.0,-0.255655699848551,17.878,77.60879306
MNE,Montenegro,2021,Europe,Europe & Central Asia,Southern Europe,625053.0,65.3266031317675,16.9128782703666,54.7977027492217,5822908963.58053,9315.86435643142,23689.9791090651,4307099283.71466,3791198977.96831,6065.40401848852,6890.774516264476,73.9681714183319,5.453375062993215,4.270901236711588,2013.0,2023.0,2.41080198403165,16.543,82.21969752
MNE,Montenegro,2022,Europe,Europe & Central Asia,Southern Europe,623591.0,65.4012965440866,17.1459251034129,55.321120340735,6259721790.0652,10038.1849482517,28049.7293227735,4827416315.94632,4301478616.0464,6897.91644851578,7741.318133113402,77.1187039591426,13.45958471300146,4.270901236711588,2013.0,2023.0,13.0403036347004,14.851,88.22192026
MNE,Montenegro,2023,Europe,Europe & Central Asia,Southern Europe,623529.0,65.4731667624849,17.4661274844054,55.7603675124215,7643318276.40347,12258.1600477339,31862.873635118,5735465629.05598,4607271076.05995,7389.02452982933,9198.394347425668,75.0389480281434,7.1090080251197785,4.270901236711588,2013.0,2023.0,8.58476910455403,13.146,88.5515976
MNG,Mongolia,2013,East Asia,East Asia & Pacific,Eastern Asia,2899011.0,67.9776750055915,3.79262034296318,47.5860682131157,12582122604.2577,4340.14310544449,10442.3850504493,7020658397.46313,6257205851.99917,2158.39327687931,2421.742586510755,55.7986805428789,,5.097297102272624,2013.0,2023.0,10.4906567588241,4.231,17.699984237
MNG,Mongolia,2014,East Asia,East Asia & Pacific,Eastern Asia,2963113.0,67.9941357229626,3.8077594923651,48.6804175336851,12226514668.0622,4126.23975800524,10900.2305197857,6924120623.32302,6651259120.89917,2244.68628800156,2336.7723820600227,56.6320068417376,6.2975915803393345,5.097297102272624,2013.0,2023.0,12.2539808129759,4.798,19.9424474349209
MNG,Mongolia,2015,East Asia,East Asia & Pacific,Eastern Asia,3026864.0,67.9999999906095,3.83803196041828,50.0825069416898,11619892590.6941,3838.92126989984,10458.3027240524,7192706603.79565,7192706603.79565,2376.28998322873,2376.2899832287308,61.8999405343556,8.140526072652587,5.097297102272624,2013.0,2023.0,5.73568281938327,4.861,22.5000041337688
MNG,Mongolia,2016,East Asia,East Asia & Pacific,Eastern Asia,3088856.0,67.9776754820979,3.8851300244803,51.7262924597998,11181350649.3573,3619.90026383792,10511.3831063141,6790003077.35743,7319377292.93425,2369.60780720573,2198.2258406858173,60.7261438290346,1.7610990704355345,5.097297102272624,2013.0,2023.0,0.733272227314397,7.235,22.2657705007562
MNG,Mongolia,2017,East Asia,East Asia & Pacific,Eastern Asia,3148917.0,67.9260583223672,3.95398220054092,53.5127010854887,11480847740.736,3645.96708669551,11096.0375604239,6459632701.10909,7633959072.98238,2424.31257253919,2051.382332754115,56.2644226888335,4.297930923055593,5.097297102272624,2013.0,2023.0,4.30143105302342,6.359,23.71430016
MNG,Mongolia,2018,East Asia,East Asia & Pacific,Eastern Asia,3208189.0,67.8683444833372,4.04957088820743,55.4120963362594,13178094720.4986,4107.64288528468,12317.4824277695,7637417028.1756,8529484368.98786,2658.66018772207,2380.600715286911,57.9553963616272,11.730810807918335,5.097297102272624,2013.0,2023.0,6.82424790145522,5.377,47.1300018848989
MNG,Mongolia,2019,East Asia,East Asia & Pacific,Eastern Asia,3267673.0,67.8277299551557,4.17415725035646,57.4288259442459,14206359017.5143,4347.54610314873,13604.978943194,8134879145.96325,9027569975.77325,2762.69075142257,2489.5022072169554,57.2622382408762,5.8395746476348265,5.097297102272624,2013.0,2023.0,7.30106953550729,9.024,51.079994082603
MNG,Mongolia,2020,East Asia,East Asia & Pacific,Eastern Asia,3327204.0,68.0894771770775,4.30635785893672,58.9121466009596,13312981429.0891,4001.25193077703,13693.179806943,8050570296.46574,9213374661.72384,2769.10422737044,2419.620286722948,60.4715806098484,2.058191589200886,5.097297102272624,2013.0,2023.0,3.7237230614026,6.413,62.50002848
MNG,Mongolia,2021,East Asia,East Asia & Pacific,Eastern Asia,3383741.0,69.2153244018555,4.43492388778066,59.6313854511985,15286441737.6686,4517.61578018785,14792.2509086422,8102208268.22066,8674213053.08275,2563.49793116044,2394.452846190255,53.002578410745,-5.851944900070006,5.097297102272624,2013.0,2023.0,7.35894657888155,7.871,81.60682285
MNG,Mongolia,2022,East Asia,East Asia & Pacific,Eastern Asia,3433748.0,69.783805847168,4.61634103806392,60.0028703844358,17146471713.748,4993.51487463495,16399.3900820069,8892189448.10451,9373363652.42623,2729.77622482087,2589.645322867173,51.860170398641,8.0601040701324,5.097297102272624,2013.0,2023.0,15.1509728200805,5.954,81.07720184
MNG,Mongolia,2023,East Asia,East Asia & Pacific,Eastern Asia,3481145.0,70.4464492797852,4.8636009012415,60.0027669535657,20325121393.9074,5838.63108083902,18019.6912274585,9049203222.52678,10287169896.7231,2955.1110042021,2599.490461479421,44.522259164658,9.748968227220534,5.097297102272624,2013.0,2023.0,10.347583131434,5.178,83.74320221
MNP,Northern Mariana Islands,2013,Oceania,East Asia & Pacific,Micronesia,52758.0,91.1764941872129,3.89040524659767,42.0298828913716,772000000.0,14632.8518897608,,490000000.0,473717117.117117,8979.05752904047,9287.69096629895,63.4715025906736,,3.408678262586484,2013.0,2022.0,,,
MNP,Northern Mariana Islands,2014,Oceania,East Asia & Pacific,Micronesia,52178.0,91.2512344351276,4.20096399858179,42.1937593677613,832000000.0,15945.417608954,,525000000.0,508030630.630631,9736.4910619539,10061.711832573115,63.1009615384615,7.243460764587639,3.408678262586484,2013.0,2022.0,,,
MNP,Northern Mariana Islands,2015,Oceania,East Asia & Pacific,Micronesia,51514.0,91.3254068507915,4.50949751036136,42.3825317855169,910000000.0,17665.1007493109,,529000000.0,529000000.0,10269.053072951,10269.053072951043,58.1318681318681,4.1275797373357515,3.408678262586484,2013.0,2022.0,,,
MNP,Northern Mariana Islands,2016,Oceania,East Asia & Pacific,Micronesia,50773.0,91.3990047853283,4.82736887715912,42.5419017939864,1230000000.0,24225.474169342,,571000000.0,567126126.126126,11169.8368449004,11246.134756662006,46.4227642276423,7.2072072072072,3.408678262586484,2013.0,2022.0,,,
MNP,Northern Mariana Islands,2017,Oceania,East Asia & Pacific,Micronesia,49959.0,91.4720215898621,5.13326060630323,42.5770547945205,1560000000.0,31225.6049960968,,654000000.0,630987387.387387,12630.1044333831,13090.734402209811,41.9230769230769,11.260504201680632,3.408678262586484,2013.0,2022.0,,,
MNP,Northern Mariana Islands,2018,Oceania,East Asia & Pacific,Micronesia,49077.0,91.5444506155168,5.43227988670864,42.4449991292738,1301000000.0,26509.3628379893,,678000000.0,636706306.306306,12973.619135365,13815.025368298795,52.1137586471945,0.9063444108761365,3.408678262586484,2013.0,2022.0,,,
MNP,Northern Mariana Islands,2019,Oceania,East Asia & Pacific,Micronesia,48129.0,91.6162852134162,5.71277192545035,42.0908124704771,1179000000.0,24496.6652122421,,683000000.0,638612612.612612,13268.7696110996,14191.028278169088,57.930449533503,0.2994011976047428,3.408678262586484,2013.0,2022.0,,,
MNP,Northern Mariana Islands,2020,Oceania,East Asia & Pacific,Micronesia,47528.0,91.6908367362908,6.18793132469281,42.222754204321,866000000.0,18220.8382427201,,637000000.0,596673873.873874,12554.1548955116,13402.625820568928,73.5565819861432,-6.567164179104379,3.408678262586484,2013.0,2022.0,,,
MNP,Northern Mariana Islands,2021,Oceania,East Asia & Pacific,Micronesia,46979.0,91.7842137303802,6.92756337938228,43.1749611434492,914000000.0,19455.50139424,,717000000.0,662441441.441441,14100.7991111229,15262.138402264842,78.4463894967177,11.022364217252312,3.408678262586484,2013.0,2022.0,,,
MNP,Northern Mariana Islands,2022,Oceania,East Asia & Pacific,Micronesia,46078.0,91.8785788645608,7.78028560267373,44.3591591215264,1096000000.0,23785.754590043,,726000000.0,640518918.918919,13900.7534814644,15755.892182820435,66.2408759124088,-3.309352517985553,3.408678262586484,2013.0,2022.0,,,
MNP,Northern Mariana Islands,2023,Oceania,East Asia & Pacific,Micronesia,45143.0,91.9754112887573,8.73335843873912,45.6023222060958,,,,,,,,,,3.408678262586484,2013.0,2022.0,,,
MOZ,Mozambique,2013,Africa,Sub-Saharan Africa ,Sub-Saharan Africa,25051611.0,31.6619153976179,2.71546408731957,94.3878820252348,17198073057.1981,686.505672517351,1113.7525275929,12699462382.3969,9901366945.14571,395.238731159673,506.9319646707312,73.842356292827,,4.517235528308894,2013.0,2023.0,4.26135250941963,3.345,5.5
MOZ,Mozambique,2014,Africa,Sub-Saharan Africa ,Sub-Saharan Africa,25788475.0,31.8972245802342,2.72836024619525,94.2161364066836,17978246586.0662,697.142680444123,1165.82826607505,12773693553.8031,10496240490.2953,407.012841600573,495.32566597300155,71.0508307506649,6.007994132984185,4.517235528308894,2013.0,2023.0,2.55974875844295,3.377,6.0
MOZ,Mozambique,2015,Africa,Sub-Saharan Africa ,Sub-Saharan Africa,26547572.0,32.1372836259918,2.74244471881563,93.9293110832597,16208985769.615,610.563774706589,1317.88785956822,10674609007.4366,10674609007.4366,402.093607936598,402.0936079365977,65.8561193103582,1.6993562343223578,4.517235528308894,2013.0,2023.0,3.55075967356746,3.426,6.5
MOZ,Mozambique,2016,Africa,Sub-Saharan Africa ,Sub-Saharan Africa,27337105.0,32.3819234395234,2.75909067106942,93.607198247634,12069051237.1711,441.489734819071,1379.10740028691,8119529783.83596,11398725105.5256,416.968991615081,297.0149832557603,67.2756260975085,6.78353743527782,4.517235528308894,2013.0,2023.0,17.4180418197597,3.65,7.0
MOZ,Mozambique,2017,Africa,Sub-Saharan Africa ,Sub-Saharan Africa,28166393.0,32.6274411492675,2.776631662126,93.2423544063081,13264640645.7768,470.93856305196,1282.74965991801,8872670609.38905,11460208202.7756,406.875250330263,315.0091177592051,66.8896417651083,0.5393857355169951,4.517235528308894,2013.0,2023.0,15.1132073899384,3.935,7.7963266079129
MOZ,Mozambique,2018,Africa,Sub-Saharan Africa ,Sub-Saharan Africa,29018644.0,32.9902559073541,2.79398474315366,92.9253199854508,15017358952.8452,517.507260258101,1325.58695568953,9887050364.57786,11819729264.5696,407.315009776805,340.7137275117976,65.8374777856973,3.137125045485001,4.517235528308894,2013.0,2023.0,3.91133439990729,4.21,10.89999962
MOZ,Mozambique,2019,Africa,Sub-Saharan Africa ,Sub-Saharan Africa,29884380.0,33.4177241517032,2.80919999009516,92.6621562736864,15512759046.672,519.09255091362,1388.79707034446,10530951683.3966,12513943080.0973,418.745280313571,352.38983319702805,67.8857426439293,5.873347857540612,4.517235528308894,2013.0,2023.0,2.80270307928111,4.462,12.47929955
MOZ,Mozambique,2020,Africa,Sub-Saharan Africa ,Sub-Saharan Africa,30783688.0,33.9044006416285,2.81106994067767,92.291028024715,14235420174.1884,462.433876479921,1411.62040229911,9803063044.69877,12438427744.9342,404.059050524882,318.44992207232514,68.8638826585085,-0.6034495656545014,4.517235528308894,2013.0,2023.0,3.48393567493204,5.019,14.28740025
MOZ,Mozambique,2021,Africa,Sub-Saharan Africa ,Sub-Saharan Africa,31707800.0,34.4499259401554,2.79064141946146,91.8281932595934,16168055475.4449,509.907829475551,1457.23540930922,11686066728.7864,13162532238.9664,415.119694175138,368.5549526862917,72.2787396822982,5.821511439233995,4.517235528308894,2013.0,2023.0,6.40847652975692,5.413,16.35759926
MOZ,Mozambique,2022,Africa,Sub-Saharan Africa ,Sub-Saharan Africa,32656246.0,35.0536638047945,2.77309890426475,91.3012310999481,18884232598.8698,578.273222184503,1581.76710168717,14336973890.3798,14115855514.86,432.255915602179,439.0270054426893,75.9203415617633,7.242704204525174,4.517235528308894,2013.0,2023.0,10.2794018093421,6.789,18.96220016
MOZ,Mozambique,2023,Africa,Sub-Saharan Africa ,Sub-Saharan Africa,33635160.0,35.7149783148407,2.76676995144367,90.5547175254326,20927498317.3094,622.191133245967,1680.20873445078,16335799933.9228,15401899930.1349,457.910708025023,485.676296290037,78.0590192207121,9.110637424143775,4.517235528308894,2013.0,2023.0,7.12697482131851,6.661,19.94560051
MRT,Mauritania,2013,Africa,Sub-Saharan Africa ,Sub-Saharan Africa,3734318.0,49.3553973225913,3.75036301804466,92.031078213882,7230646063.35983,1936.26950446101,3831.04711074225,3764069115.92421,3674655873.43888,984.023287100585,1007.9669476258342,52.0571617382581,,3.199453307747957,2013.0,2023.0,4.12910173783393,9.926,6.199999809
MRT,Mauritania,2014,Africa,Sub-Saharan Africa ,Sub-Saharan Africa,3848514.0,50.4694791226856,3.63322098259497,91.7948866179137,6615483550.17817,1718.97089374709,3865.1425867687,4062017071.35162,3785074704.8635,983.515898568512,1055.4767557949951,61.4016653588719,3.004875428546905,3.199453307747957,2013.0,2023.0,3.53436856147324,10.026,11.80000019
MRT,Mauritania,2015,Africa,Sub-Saharan Africa ,Sub-Saharan Africa,3965959.0,51.6680350049622,3.53342073549181,91.5214425586679,6182303676.55144,1558.84205473416,3977.61171275863,3949085167.23063,3949085167.23063,995.745333532351,995.7453335323512,63.8772434005292,4.3330838928064,3.199453307747957,2013.0,2023.0,3.25472688117631,10.104,17.60000038
MRT,Mauritania,2016,Africa,Sub-Saharan Africa ,Sub-Saharan Africa,4086657.0,52.9185627319946,3.45096290818668,91.1907782824228,6407900701.25829,1568.00551190332,4682.70259690031,3882217027.7164,4119140816.53617,1007.9487504178,949.9737873074251,60.5848499954762,4.306203642217077,3.199453307747957,2013.0,2023.0,1.47171045650004,10.287,19.23279953
MRT,Mauritania,2017,Africa,Sub-Saharan Africa ,Sub-Saharan Africa,4210600.0,54.1970448502004,3.38544428174658,90.7873726755356,6812472965.33868,1617.93401542267,5353.06608810409,3986902174.51387,4235270203.88765,1005.85907088958,946.8726961748611,58.5235669161392,2.8192623783406923,3.199453307747957,2013.0,2023.0,2.25427651934813,10.336,21.01720047
MRT,Mauritania,2018,Africa,Sub-Saharan Africa ,Sub-Saharan Africa,4337685.0,55.1305077000081,3.33540817279263,90.2920743605582,7475471309.52265,1723.37809442655,5429.23223059784,4226639916.14074,4393231763.45916,1012.80562407348,974.3999198053201,56.5401128723031,3.7296689931734184,3.199453307747957,2013.0,2023.0,3.06735996058356,10.411,22.96699905
MRT,Mauritania,2019,Africa,Sub-Saharan Africa ,Sub-Saharan Africa,4467708.0,56.0596215779146,3.29913011324822,89.6916163393409,7894764885.82312,1767.072710621,5610.13236713892,4332163840.48844,4507019110.56655,1008.79894356716,969.6613656238142,54.8738803896218,2.5900601933597,3.199453307747957,2013.0,2023.0,2.30009262117937,10.416,25.0977993
MRT,Mauritania,2020,Africa,Sub-Saharan Africa ,Sub-Saharan Africa,4600131.0,56.9836701058893,3.2601136793713,88.9498303196694,8260567356.81635,1795.72437324423,5740.73959690131,4378773863.94192,4550127187.07112,989.129915446129,951.8802538323192,53.0081491355276,0.9564653587446514,3.199453307747957,2013.0,2023.0,2.3856948845632,11.051,29.90649986
MRT,Mauritania,2021,Africa,Sub-Saharan Africa ,Sub-Saharan Africa,4734874.0,57.901535141641,3.22146869996237,88.0959295107984,9221044666.76483,1947.47413907209,5836.56580821897,4888011414.29188,4701408154.29866,992.932051475639,1032.3424476114633,53.0093019927516,3.3247634847965335,3.199453307747957,2013.0,2023.0,3.56516484650185,11.131,35.63660049
MRT,Mauritania,2022,Africa,Sub-Saharan Africa ,Sub-Saharan Africa,4875637.0,58.8120996197226,3.20850350338802,87.1286509307235,9562497460.55394,1961.28166648869,6483.80020315347,5420150335.20688,4887521619.53887,1002.43755216782,1111.6804502071996,56.6813257474361,3.9586749146644395,3.199453307747957,2013.0,2023.0,9.52526628622843,10.52,42.46450043
MRT,Mauritania,2023,Africa,Sub-Saharan Africa ,Sub-Saharan Africa,5022441.0,59.7142464747058,3.21532864046301,86.0514074690377,10687541640.1299,2127.9576285973,6971.65100210032,5805550195.69109,5034897582.2295,1002.48018488012,1155.922029883694,54.3207258617104,3.015351627325069,3.199453307747957,2013.0,2023.0,4.95305034506872,10.37,44.95629883
MUS,Mauritius,2013,Africa,Sub-Saharan Africa ,Sub-Saharan Africa,1258927.0,39.9108848558771,8.02578034498505,38.4388601389527,12434596541.2996,9877.13865958834,18435.2031858653,9006311707.77527,8248593421.74003,6552.08238582541,7153.958655089033,72.4294646622607,,1.131150868599673,2013.0,2023.0,3.54329573934839,7.322,40.116825135
MUS,Mauritius,2014,Africa,Sub-Saharan Africa ,Sub-Saharan Africa,1261208.0,39.7887571971735,8.4197462160542,38.4067100217946,13230490081.5656,10490.3315563853,19294.4682829556,9535551306.77782,8465554365.86431,6712.25869631679,7560.649240076039,72.0725479403365,2.6302780732586184,1.131150868599673,2013.0,2023.0,3.21769191994684,7.467,44.8032753683379
MUS,Mauritius,2015,Africa,Sub-Saharan Africa ,Sub-Saharan Africa,1262879.0,39.6709610617726,8.87991763366248,38.3923483566676,12162211503.0793,9630.5437837507,20269.5235095611,8713769407.84501,8713769407.84501,6899.92422698058,6899.924226980583,71.6462578013777,2.9320589208142067,1.131150868599673,2013.0,2023.0,1.28654970760232,7.41,50.1393184766711
MUS,Mauritius,2016,Africa,Sub-Saharan Africa ,Sub-Saharan Africa,1263747.0,39.5578893260494,9.38091590555375,38.4624739783061,12757680846.5663,10095.1225574156,21951.8307433111,8965929013.94673,8971149149.38565,7098.84901755308,7094.718336776847,70.2786746414016,2.9537130200957717,1.131150868599673,2013.0,2023.0,0.977675134718965,6.814,52.19129944
MUS,Mauritius,2017,Africa,Sub-Saharan Africa ,Sub-Saharan Africa,1264887.0,39.4499348663789,9.89137298503473,38.5107396477242,13896938315.2799,10986.7034093005,22897.9700922103,9875350797.74005,9260877433.72496,7321.50574219275,7807.298832022188,71.0613415250028,3.2295559856916567,1.131150868599673,2013.0,2023.0,3.66699702675925,6.752,55.4032403002657
MUS,Mauritius,2018,Africa,Sub-Saharan Africa ,Sub-Saharan Africa,1265577.0,39.3474905591359,10.3966493732511,38.4931808158946,14957535715.9696,11818.7480619272,23415.5237589118,10677395209.5808,9558577675.13628,7552.74287944257,8436.780385216229,71.3847214697335,3.2146008144670724,1.131150868599673,2013.0,2023.0,3.2160538314457,6.426,58.596169704299
MUS,Mauritius,2019,Africa,Sub-Saharan Africa ,Sub-Saharan Africa,1265985.0,39.2509492806955,10.8947577102786,38.4410218949367,14645235204.6176,11568.2533399824,24374.7818286567,10592296219.1767,9859832564.84112,7788.26965946763,8366.841802372619,72.3258866872755,3.151670676783458,1.131150868599673,2013.0,2023.0,0.405655190309553,6.331,61.7299551453346
MUS,Mauritius,2020,Africa,Sub-Saharan Africa ,Sub-Saharan Africa,1266014.0,39.1607039074325,11.4011750101113,38.4194108816657,11566111137.5568,9135.84773751062,21621.5971225157,8286389183.11625,8349497821.71288,6595.10702228639,6545.258727878404,71.6436932393741,-15.318056703253735,1.131150868599673,2013.0,2023.0,2.5808007718283,8.626,67.73290684
MUS,Mauritius,2021,Africa,Sub-Saharan Africa ,Sub-Saharan Africa,1266334.0,39.077147315722,11.9015085296574,38.4728266812466,11622048696.8129,9177.71195973013,23010.2013826906,8395324844.61757,8602365491.95822,6793.12526707663,6629.629185205144,72.2361871269719,3.0285374718915126,1.131150868599673,2013.0,2023.0,4.02852888157376,7.719,71.59999847
MUS,Mauritius,2022,Africa,Sub-Saharan Africa ,Sub-Saharan Africa,1262523.0,39.0000125885784,12.3957639095405,38.6410231913564,12936444123.3037,10246.5017455553,26783.5527116445,9112872607.02842,8924436581.26945,7068.73188153361,7217.985420486138,70.443411807519,3.743982856951522,1.131150868599673,2013.0,2023.0,10.7737512242899,6.322,75.5
MUS,Mauritius,2023,Africa,Sub-Saharan Africa ,Sub-Saharan Africa,1248647.0,39.0039901092226,12.9415870752551,39.0159696460938,14072212290.4596,11269.9684462139,29402.9391464973,9846439670.20289,9230588546.48621,7392.47244936816,7885.6872039919135,69.9708010863252,3.43049068060286,1.131150868599673,2013.0,2023.0,7.05298238454736,5.571,79.5
MWI,Malawi,2013,Africa,Sub-Saharan Africa ,Sub-Saharan Africa,16161816.0,15.6966173464742,3.26474770114781,96.9140962579928,8031571927.62055,496.947368267313,1558.11224745203,,,,,,,,,,27.2833333333334,4.978,5.050000191
MWI,Malawi,2014,Africa,Sub-Saharan Africa ,Sub-Saharan Africa,16621538.0,15.766154187056,3.16478836074014,95.6432329654004,8801326169.14547,529.5133440206,1505.55190404024,,,,,,,,,,23.7920649469687,4.967,5.829999924
MWI,Malawi,2015,Africa,Sub-Saharan Africa ,Sub-Saharan Africa,17085587.0,15.8338504946918,3.06993549592414,94.1706815867058,9219474379.31534,539.605363240686,1403.08451209235,,,,,,,,,,21.8673475542553,4.953,6.0
MWI,Malawi,2016,Africa,Sub-Saharan Africa ,Sub-Saharan Africa,17557739.0,15.899632938282,2.97776097480433,92.469842966706,7909868618.46366,450.506105510719,1409.95802703533,,,,,,,,,,21.7111132136499,5.011,6.300000191
MWI,Malawi,2017,Africa,Sub-Saharan Africa ,Sub-Saharan Africa,18039715.0,15.9634281867266,2.89717991664502,90.6164711918926,8943543793.5839,495.769683367165,1380.23263621737,6752686154.82577,,,374.3233279919206,75.5034727919613,,,,,11.5433939188771,5.046,7.0
MWI,Malawi,2018,Africa,Sub-Saharan Africa ,Sub-Saharan Africa,18528081.0,16.0221486554255,2.82687397577763,88.6926562642419,9879220354.29186,533.202567189331,1363.79445595088,7432526630.60197,,,401.14929498645705,75.233939157689,,,,,12.420178108921,5.021,8.798299789
MWI,Malawi,2019,Africa,Sub-Saharan Africa ,Sub-Saharan Africa,19025752.0,16.1383746619001,2.76517585218182,86.6850770289584,11051852712.6142,580.889139762475,1450.01008064784,7984404145.20754,,,419.66299913966816,72.2449380464003,,,,,9.3708360560567,4.964,11.05860043
MWI,Malawi,2020,Africa,Sub-Saharan Africa ,Sub-Saharan Africa,19533888.0,16.2961471756409,2.70765099880912,84.5894429995323,11769313597.8545,602.507478176106,1513.45990803344,9415946788.47098,,,482.03136971354496,80.0042135863172,,,,,8.62551469650552,5.72,13.89949989
MWI,Malawi,2021,Africa,Sub-Saharan Africa ,Sub-Saharan Africa,20047258.0,16.4881925800694,2.65376192594518,82.4504103830217,12378119199.0839,617.446994451007,1687.59358179651,9899730071.852,,,493.81965712477984,79.9776598740839,,,,,9.33014410835212,5.652,15.30300045
MWI,Malawi,2022,Africa,Sub-Saharan Africa ,Sub-Saharan Africa,20568728.0,16.7146031979436,2.61321944653068,80.331752037888,12429059928.102,604.269740360317,1778.02399491871,10210880507.9823,,,496.4274168039122,82.1532808357904,,,,,20.953969729969,5.02,16.84830093
MWI,Malawi,2023,Africa,Sub-Saharan Africa ,Sub-Saharan Africa,21104482.0,16.9748746665356,2.59256771636073,78.280606285515,13363669672.9405,633.214767978695,1831.97332483901,11382902523.3743,,,539.3594840837269,85.1779698388011,,,,,28.7897428247298,5.009,17.98810346
MYS,Malaysia,2013,South & Southeast Asia,East Asia & Pacific,South-eastern Asia,30174265.0,72.4882717118078,5.38859199036981,46.9575013879116,323276235524.415,10713.6407638899,23160.8924510627,167491031953.001,143383794239.602,4751.85706228808,5550.790779924581,51.8104993648232,,5.454274994186847,2013.0,2023.0,2.10501231233612,3.14,57.05751226
MYS,Malaysia,2014,South & Southeast Asia,East Asia & Pacific,South-eastern Asia,30696137.0,72.9802206910773,5.5450431033886,46.452998725794,338066095097.254,11013.3107334403,24306.5212338415,177210452020.557,153386812014.05,4996.94186320741,5773.053854319096,52.4188774297456,6.9763935509562724,5.454274994186847,2013.0,2023.0,3.14299050879095,2.88,63.6654258813225
MYS,Malaysia,2015,South & Southeast Asia,East Asia & Pacific,South-eastern Asia,31232798.0,73.4387869957006,5.70847520142888,46.0390855919982,301355266964.947,9648.6797937523,24526.3942716012,162616927333.648,162616927333.648,5206.60772479137,5206.607724791356,53.9618666603771,6.01754166372046,5.454274994186847,2013.0,2023.0,2.10438980238359,3.1,71.0640678111957
MYS,Malaysia,2016,South & Southeast Asia,East Asia & Pacific,South-eastern Asia,31789685.0,73.8588978909614,5.87993391755952,45.7340885358718,301256033870.334,9476.53409809923,25285.8213541391,165051280153.683,172131945664.236,5414.71064165109,5191.9759555240325,54.7877093226036,5.851185658591129,5.454274994186847,2013.0,2023.0,2.09056659525742,3.44,78.7883099275229
MYS,Malaysia,2017,South & Southeast Asia,East Asia & Pacific,South-eastern Asia,32355644.0,74.2354806421432,6.06511485190783,45.4951518994463,319109094160.343,9862.54806612235,26415.5960203287,176760121345.695,184023278233.176,5687.51709077947,5463.038267626353,55.3917530338003,6.908265936954816,5.454274994186847,2013.0,2023.0,3.87120115774237,3.41,80.1404790103961
MYS,Malaysia,2018,South & Southeast Asia,East Asia & Pacific,South-eastern Asia,32910967.0,74.5634625145296,6.26670890587931,45.227518847802,358788845712.53,10901.8019954421,27793.5674222948,206037423825.255,198708220778.217,6037.75090468222,6260.448798883819,57.4258164063263,7.979937476406507,5.454274994186847,2013.0,2023.0,0.884709160571235,3.3,81.2010486181174
MYS,Malaysia,2019,South & Southeast Asia,East Asia & Pacific,South-eastern Asia,33440596.0,74.8377707734042,6.48232176367792,44.8360877975172,365177721021.516,10920.191763972,28933.928297233,218272887190.493,213984276252.889,6398.9372753072,6527.182924326259,59.7716877634033,7.687681674590596,5.454274994186847,2013.0,2023.0,0.662891865764326,3.33,84.1871450078281
MYS,Malaysia,2020,South & Southeast Asia,East Asia & Pacific,South-eastern Asia,33889558.0,75.0511895575672,6.7249061388628,44.2708649510882,337456163961.211,9957.52626697613,27474.7361378236,205888852146.863,205543058317.334,6065.08524889391,6075.288799779065,61.0120288602963,-3.944784207218599,5.454274994186847,2013.0,2023.0,-1.1387021539305,4.54,89.55501192
MYS,Malaysia,2021,South & Southeast Asia,East Asia & Pacific,South-eastern Asia,34282399.0,75.5088628191907,6.95860588634135,43.5789018280947,373784553029.978,10903.1037480772,29822.8491831618,216822304116.19,209218803818.416,6102.80522720758,6324.5954320813435,58.007293869846,1.7883092385475141,5.454274994186847,2013.0,2023.0,2.47710241465447,4.64,96.7514278
MYS,Malaysia,2022,South & Southeast Asia,East Asia & Pacific,South-eastern Asia,34695493.0,75.9741357073003,7.18563935667379,42.8965624836029,407830525989.553,11754.5678336248,34414.4136245222,234948922036.338,233098329942.384,6718.40374028937,6771.741852359268,57.6094497748206,11.41366152953125,5.454274994186847,2013.0,2023.0,3.37869862549928,3.93,97.3986404
MYS,Malaysia,2023,South & Southeast Asia,East Asia & Pacific,South-eastern Asia,35126298.0,76.4434752105739,7.45117376160733,42.3268043029121,399949418752.657,11386.0395636528,36496.9483630681,241825507173.033,243860786881.25,6942.39930667473,6884.457541555703,60.4640226574717,4.617131723563261,5.454274994186847,2013.0,2023.0,2.48886560125754,3.858,97.69272633
NAM,Namibia,2013,Africa,Sub-Saharan Africa ,Sub-Saharan Africa,2252508.0,44.1106769079132,3.50171975010072,66.9670951831369,12043307277.1235,5346.62131149967,9699.2083777865,7874546000.9282,6562028388.46784,2913.20980368009,3495.9014578097836,65.3852452630354,,4.287108976566212,2013.0,2023.0,5.60092502290401,19.028,13.89999962
NAM,Namibia,2014,Africa,Sub-Saharan Africa ,Sub-Saharan Africa,2312139.0,44.8214248210559,3.51670109727423,66.8472385988561,12435430969.6301,5378.32326241205,10365.3090596781,7777411477.22004,6847979039.7721,2961.75058669574,3363.7300686593844,62.542355759234,4.357656419268041,4.287108976566212,2013.0,2023.0,5.35016966859602,18.521,14.84000015
NAM,Namibia,2015,Africa,Sub-Saharan Africa ,Sub-Saharan Africa,2374300.0,45.5103554445325,3.53342112062947,66.7829222941766,11335161083.5061,4774.10650865775,10465.8920558516,7788631765.40207,7788631765.40207,3280.3907532334,3280.3907532334038,68.7121401100808,13.736209181815395,4.287108976566212,2013.0,2023.0,3.39401538410559,20.791,25.68790054
NAM,Namibia,2016,Africa,Sub-Saharan Africa ,Sub-Saharan Africa,2439213.0,46.1751725648784,3.544524401928,66.9127141567747,10722018732.0936,4395.68776162376,10200.1392609733,8033985676.7056,9020239729.77322,3698.01232191417,3293.679427219189,74.9297858681961,15.81289244976356,4.287108976566212,2013.0,2023.0,6.72858234593338,23.352,31.0333004
NAM,Namibia,2017,Africa,Sub-Saharan Africa ,Sub-Saharan Africa,2506853.0,46.8135799686288,3.55212292064991,67.2764239848555,12895153370.9132,5143.96072323076,9887.9393548255,9104922375.04697,8410754863.34686,3355.10493169997,3632.0128763222137,70.6073213179798,-6.756858849489622,4.287108976566212,2013.0,2023.0,6.14579981111164,21.748,36.83739853
NAM,Namibia,2018,Africa,Sub-Saharan Africa ,Sub-Saharan Africa,2577327.0,47.4232814423189,3.56049185076086,67.7544912713027,13682019076.4022,5308.60813408705,9853.73533646074,9531519640.93541,8394728891.75458,3257.14544245048,3698.218984605139,69.6645691524779,-0.19054141813262815,4.287108976566212,2013.0,2023.0,4.29159105337875,19.877,42.8207016
NAM,Namibia,2019,Africa,Sub-Saharan Africa ,Sub-Saharan Africa,2650494.0,48.0019807724839,3.57099401639958,68.1991512920047,12541928303.48,4731.9210318831,9609.48555672874,8680980136.20885,8386231028.74175,3164.02566040208,3275.231008336126,69.2156734287834,-0.10122855809169273,4.287108976566212,2013.0,2023.0,3.72239414422695,19.929,49.77590179
NAM,Namibia,2020,Africa,Sub-Saharan Africa ,Sub-Saharan Africa,2728762.0,48.547381745659,3.57521168486143,68.6758501750883,10583748541.5258,3878.58982993966,9354.13136713077,7320148224.52919,7560531686.2291,2770.6819745471,2682.5894763006777,69.1640414150833,-9.845893103621496,4.287108976566212,2013.0,2023.0,2.20938236933469,21.003,57.8608017
NAM,Namibia,2021,Africa,Sub-Saharan Africa ,Sub-Saharan Africa,2810548.0,49.0571881483796,3.54528788430012,69.2049280206522,12402486183.6396,4412.8355693052,9709.09930646771,9558088976.17682,8663345420.29873,3082.4399442026,3400.791936724376,77.0659110976081,14.586457405876851,4.287108976566212,2013.0,2023.0,3.61690530108814,20.931,60.25999832
NAM,Namibia,2022,Africa,Sub-Saharan Africa ,Sub-Saharan Africa,2889662.0,49.5291037671807,3.52321421619307,69.4803500031965,12569449123.3661,4349.79908493314,10661.0118776397,9472894207.07859,9485432630.73885,3282.5405292172,3278.201466842347,75.3644341458758,9.489258139400981,4.287108976566212,2013.0,2023.0,6.08128114112413,19.615,62.99720001
NAM,Namibia,2023,Africa,Sub-Saharan Africa ,Sub-Saharan Africa,2963095.0,49.9545837830821,3.57118148422511,69.1003275178326,12522012873.7957,4225.99102418102,11247.8071969605,9182615804.47426,9984915341.81897,3369.75876298903,3098.994735057182,73.3317869660585,5.265787344917494,4.287108976566212,2013.0,2023.0,5.87993463284275,19.154,63.69549942
NCL,New Caledonia,2013,Oceania,East Asia & Pacific,Melanesia,276822.0,66.7584127864925,8.26704524929377,49.5462108606867,10151382933.1594,36671.1566752621,,6489076971.77506,,,23441.33404055696,63.9230833326024,,,,,1.27761318992718,14.39,66.0
NCL,New Caledonia,2014,Oceania,East Asia & Pacific,Melanesia,281224.0,66.7846387072769,8.51508314531629,49.4340885903758,10635035594.7528,37816.9558599295,,6673748266.54714,,,23731.076531686984,62.7524770094788,,,,,0.178851060785511,14.59,70.0
NCL,New Caledonia,2015,Oceania,East Asia & Pacific,Melanesia,283168.0,66.8278045547803,8.79654480732286,49.2486652014189,8738203074.3957,30858.7237060533,,5710558178.10183,5710558178.10183,20166.6790672033,20166.67906720332,65.3516304151212,,,,,0.570508141048402,13.621,74.00175279141
NCL,New Caledonia,2016,Oceania,East Asia & Pacific,Melanesia,283423.0,66.8902054658406,9.09188739093157,48.9630198040617,8724568954.89799,30782.8544433514,,5740518298.95431,,,20254.242947658837,65.7971566117495,,,,,0.578317435520754,12.679,
NCL,New Caledonia,2017,Oceania,East Asia & Pacific,Melanesia,283546.0,66.9683393293094,9.38454430674388,48.6885022391425,9174048681.98577,32354.7102832901,,6018805965.30568,,,21226.91191307823,65.6068675232153,,,,,,11.676,82.0058408035186
NCL,New Caledonia,2018,Oceania,East Asia & Pacific,Melanesia,283541.0,67.0588809757675,9.68078690559743,48.4570034346988,9896402283.68587,34902.8968780031,,6342319998.94069,,,22368.264197913846,64.087128,,,,,,11.702,
NCL,New Caledonia,2019,Oceania,East Asia & Pacific,Melanesia,283606.0,67.1574673707832,9.99185489728708,48.341135549337,9475655324.59495,33411.3358835672,,6042612607.42133,,,21306.363784339297,63.769864990099,,,,,,10.88,
NCL,New Caledonia,2020,Oceania,East Asia & Pacific,Melanesia,284176.0,67.2747261065933,10.2547184584228,48.2739909003632,9454629467.91408,33270.330597637,,6101798504.503,,,21471.899472520552,64.5376799292929,,,,,,13.558,
NCL,New Caledonia,2021,Oceania,East Asia & Pacific,Melanesia,285214.0,67.4130776539646,10.5087758665423,48.2319006288654,10071349663.8484,35311.5543551452,,6422150293.02622,,,22516.953210663643,63.7665308759843,,,,,,11.574,
NCL,New Caledonia,2022,Oceania,East Asia & Pacific,Melanesia,287123.0,67.5720305021282,10.7931095732491,48.2687928283355,9623318718.31459,33516.363085906,,5857820916.50707,,,20401.78222053639,60.8711099358974,,,,,,10.71,
NCL,New Caledonia,2023,Oceania,East Asia & Pacific,Melanesia,289870.0,67.751522311337,11.0903354785516,48.4047019311503,9769167530.35744,33701.8923322781,,6047924605.15367,,,20864.26537811319,61.9082904081633,,,,,,10.922,
NER,Niger,2013,Africa,Sub-Saharan Africa ,Sub-Saharan Africa,18519898.0,16.2162595696064,2.42727572184048,107.587243447039,10224897437.8648,552.103334363117,1137.76904129571,6884251399.83504,5979816279.27802,322.886026655115,371.72188528441353,67.3283173906595,,5.388716110916403,2013.0,2023.0,2.29723114955317,1.401,1.149999976
NER,Niger,2014,Africa,Sub-Saharan Africa ,Sub-Saharan Africa,19215909.0,16.2450424611665,2.43373602570662,107.29012934659,10862943543.5419,565.30989731175,1161.32515723793,7039261934.8051,6101259119.70707,317.510824999591,366.3246914213166,64.8006859889277,2.0308791233250467,5.388716110916403,2013.0,2023.0,-0.930287259984466,0.524,1.24867568902241
NER,Niger,2015,Africa,Sub-Saharan Africa ,Sub-Saharan Africa,19939498.0,16.3035606587493,2.44373504287821,106.76550873684,9683867926.44282,485.662574175279,1172.19178758955,6520758998.91954,6520758998.91954,327.027240049852,327.02724004985186,67.3363066127112,6.875627980747212,5.388716110916403,2013.0,2023.0,-0.576090369833189,0.556,2.476200104
NER,Niger,2016,Africa,Sub-Saharan Africa ,Sub-Saharan Africa,20685753.0,16.3898280543236,2.45772773034349,106.063782914591,10341025540.2322,499.910520068193,1181.94656963832,7019218000.49093,6873761148.07525,332.294461220496,339.3262019753852,67.8773877231265,5.413513200138209,5.388716110916403,2013.0,2023.0,1.65388922387806,0.55,4.322800159
NER,Niger,2017,Africa,Sub-Saharan Africa ,Sub-Saharan Africa,21435446.0,16.5036987906896,2.47370634430218,105.292342759729,11359273443.3897,529.929418934868,1226.9587833573,7898473581.85365,7314900930.79992,341.252565064423,368.47722141417773,69.5332639117863,6.417735112140099,5.388716110916403,2013.0,2023.0,2.79637318871284,0.556,10.2243115586561
NER,Niger,2018,Africa,Sub-Saharan Africa ,Sub-Saharan Africa,22188069.0,16.6449011799221,2.49142005101931,104.411348645466,12800907985.9863,576.927536415462,1272.37841849427,8628592244.97926,7503254781.67382,338.166191103598,388.8843253993513,67.4060953678079,2.5749337230367875,5.388716110916403,2013.0,2023.0,2.96760366004456,0.536,10.74180031
NER,Niger,2019,Africa,Sub-Saharan Africa ,Sub-Saharan Africa,22947757.0,16.813146499685,2.5107464204291,103.388518016932,12420836506.7888,541.265819870273,1367.56106521216,8295100949.05828,7941574931.4216,346.071946439977,361.4776358778019,66.7837544156102,5.841733521009407,5.388716110916403,2013.0,2023.0,-2.48979265070855,0.531,11.28549957
NER,Niger,2020,Africa,Sub-Saharan Africa ,Sub-Saharan Africa,23717613.0,17.0081420003794,2.52637349031765,102.206558256442,13648332189.7307,575.451340306915,1486.34386700631,9312780285.54568,8453890572.37497,356.439350468151,392.65251041686525,68.2338336734859,6.451058453485636,5.388716110916403,2013.0,2023.0,2.8981937602627,0.591,11.85680008
NER,Niger,2021,Africa,Sub-Saharan Africa ,Sub-Saharan Africa,24502140.0,17.2295936666686,2.53705390631186,100.876178117822,14936154253.3242,609.585703670137,1587.84784907329,10349102869.7375,8625592181.70274,352.034237895251,422.3754688258862,69.2889394030879,2.0310365725438206,5.388716110916403,2013.0,2023.0,3.8378680284051,0.806,12.45689964
NER,Niger,2022,Africa,Sub-Saharan Africa ,Sub-Saharan Africa,25311973.0,17.477207007512,2.55072569807182,99.5107362854154,15531799640.9005,613.614736429298,1847.58034360869,10614377603.0828,9483694282.38208,374.67226606089,419.34216677154325,68.339650578105,9.948326823283061,5.388716110916403,2013.0,2023.0,4.22621791916392,0.403,13.08749962
NER,Niger,2023,Africa,Sub-Saharan Africa ,Sub-Saharan Africa,26159867.0,17.7506873295237,2.57103562491354,98.164041724651,16949765463.9058,647.930108509567,1902.69710752042,12157114659.9381,10107156235.5994,386.361147615903,464.72387110905805,71.7243827699353,6.574041029301503,5.388716110916403,2013.0,2023.0,3.70097316425834,0.407,12.98079967
NGA,Nigeria,2013,Africa,Sub-Saharan Africa ,Sub-Saharan Africa,181049443.0,54.1130855192568,2.99780844948526,90.2972750019224,520117180313.906,2872.79083379398,7004.13119541111,,,,,,,,,,8.49551838265678,3.711,19.10000038
NGA,Nigeria,2014,Africa,Sub-Saharan Africa ,Sub-Saharan Africa,185896915.0,54.9232435340404,2.98148896123424,90.092940117399,574183763411.508,3088.72131316169,7396.12835518829,,,,,,,,,,8.04741087967907,3.9,21.0
NGA,Nigeria,2015,Africa,Sub-Saharan Africa ,Sub-Saharan Africa,190671878.0,55.7325682057138,2.97028437512951,89.7206263682148,493026682800.63,2585.73360671797,7307.83788174977,,,,,,,,,,9.00943498007706,4.134,22.51420021
NGA,Nigeria,2016,Africa,Sub-Saharan Africa ,Sub-Saharan Africa,195443700.0,56.541038793347,2.96529179502844,89.0622854601106,404649125252.16,2070.4127339595,7072.49693358812,,,,,,,,,,15.6968126387972,4.499,24.13750076
NGA,Nigeria,2017,Africa,Sub-Saharan Africa ,Sub-Saharan Africa,200254579.0,57.3486345560101,2.96343761248884,88.1255756898501,375745731053.427,1876.34027111773,7036.67414358958,,,,,,,,,,16.5022662139641,4.83,25.87789917
NGA,Nigeria,2018,Africa,Sub-Saharan Africa ,Sub-Saharan Africa,204938755.0,58.1553347527729,2.96648528719345,87.0562828519935,421739251509.08,2057.87944554011,7158.17107558117,,,,,,,,,,12.0951065173432,5.069,27.74370003
NGA,Nigeria,2019,Africa,Sub-Saharan Africa ,Sub-Saharan Africa,209485641.0,58.9611186427056,2.97488504235954,85.8794318634782,668219992686.575,3189.81286496183,7551.39380361669,,,,,,,,,,11.3964223378115,5.206,29.74410057
NGA,Nigeria,2020,Africa,Sub-Saharan Africa ,Sub-Saharan Africa,213996181.0,59.7659654848781,2.98131138144003,84.5258373117038,598586817817.392,2797.184580679,7414.77495538401,,,,,,,,,,13.2460234276598,5.714,31.88879967
NGA,Nigeria,2021,Africa,Sub-Saharan Africa ,Sub-Saharan Africa,218529286.0,60.5698545383604,2.99033900886324,83.1000083234404,609147716965.348,2787.48779220991,7588.47885587002,,,,,,,,,,16.9528457221608,5.404,35.50979996
NGA,Nigeria,2022,Africa,Sub-Saharan Africa ,Sub-Saharan Africa,223150896.0,61.3727650622225,3.00794221997644,81.687287853566,646950257575.455,2899.16047469267,8303.64193191685,,,,,,,,,,18.8471877843274,3.827,39.14720154
NGA,Nigeria,2023,Africa,Sub-Saharan Africa ,Sub-Saharan Africa,227882945.0,62.1746763155343,3.02816298955589,80.2464063402127,487387801877.803,2138.76383718757,8711.68686099289,,,,,,,,,,24.659550203114,3.074,40.06399918
NIC,Nicaragua,2013,Latin America,Latin America & Caribbean ,Latin America and the Caribbean,5983845.0,57.4274279501299,4.51067871165435,59.8943184475099,10982988249.2103,1835.43996363715,4710.57243158513,8334857510.26867,8197491731.4247,1369.93717775522,1392.8932835440542,75.8887956642214,,3.3890671822591534,2013.0,2023.0,7.13546785289407,5.28,15.5
NIC,Nicaragua,2014,Latin America,Latin America & Caribbean ,Latin America and the Caribbean,6066492.0,57.6222653742564,4.59283590853132,59.1180966549615,11880438824.4494,1958.37047579547,5067.74639018687,8734870214.06916,8544616270.868,1408.49378370037,1439.8552267223233,73.5231277492308,4.234521373319766,3.3890671822591534,2013.0,2023.0,6.03596861798425,4.52,17.60000038
NIC,Nicaragua,2015,Latin America,Latin America & Caribbean ,Latin America and the Caribbean,6149417.0,57.8149881864705,4.6954695054832,58.4227991763294,12756696261.0676,2074.45620634731,5448.89226010317,8993173916.49694,8993173916.49694,1462.44333674183,1462.443336741831,70.4976722221046,5.24959379578287,3.3890671822591534,2013.0,2023.0,3.99737996694396,4.7,19.70429993
NIC,Nicaragua,2016,Latin America,Latin America & Caribbean ,Latin America and the Caribbean,6232666.0,58.0043880782023,4.79981638674496,57.7782531320644,13286093388.4752,2131.68704828322,5882.36645219746,9351875985.16081,9505509155.38941,1525.11126946148,1500.461597839642,70.3884558968472,5.696934626746741,3.3890671822591534,2013.0,2023.0,3.52317317628473,3.9,24.57180023
NIC,Nicaragua,2017,Latin America,Latin America & Caribbean ,Latin America and the Caribbean,6316231.0,58.1892567408822,4.90176777086147,57.1888758345376,13785893007.4769,2182.61380995674,6225.34702574846,9564207436.96512,9762109754.68205,1545.55933034781,1514.2269871011874,69.3767711078122,2.6994934737099685,3.3890671822591534,2013.0,2023.0,3.85067166284727,3.3,30.39999962
NIC,Nicaragua,2018,Latin America,Latin America & Caribbean ,Latin America and the Caribbean,6400080.0,58.3683858659405,5.00772646591918,56.6166527426414,13025221974.232,2035.16549390507,5935.16693631386,9189713544.85242,9316996302.19986,1455.76247518779,1435.8747929482788,70.5532202294333,-4.559603033234783,3.3890671822591534,2013.0,2023.0,4.94723728039886,5.2,33.9129982
NIC,Nicaragua,2019,Latin America,Latin America & Caribbean ,Latin America and the Caribbean,6483657.0,58.5405671448072,5.11546955676403,56.0113131029246,12699023614.245,1958.62051528095,5981.10876431466,9065729734.34824,9150004464.69804,1411.24128939857,1398.2432652356904,71.3891871511986,-1.792335556282132,3.3890671822591534,2013.0,2023.0,5.37628990844126,5.457,39.01079941
NIC,Nicaragua,2020,Latin America,Latin America & Caribbean ,Latin America and the Caribbean,6565267.0,58.7045922689128,5.16069643473754,55.2388559468015,12726422432.4868,1938.44704754382,6274.09456741388,8873826643.56035,9084109665.65095,1383.66187782629,1351.6322555594998,69.7275820493594,-0.7201613868203172,3.3890671822591534,2013.0,2023.0,3.68181341625572,6.18,44.87490082
NIC,Nicaragua,2021,Latin America,Latin America & Caribbean ,Latin America and the Caribbean,6644741.0,58.8592529296875,5.16394845186592,54.3648388491391,14209019392.3025,2138.38573878237,7119.16874782601,10534251579.9301,9961947254.23239,1499.22280706387,1585.3517209971162,74.1377803005668,9.663441117413418,3.3890671822591534,2013.0,2023.0,4.92841396948968,6.076,51.62039948
NIC,Nicaragua,2022,Latin America,Latin America & Caribbean ,Latin America and the Caribbean,6730654.0,58.9954376220703,5.23936494428067,53.5775290251537,15634573555.9049,2322.89069619459,7795.45560731699,12504340563.4338,10630505383.4652,1579.41641086665,1857.8195467236617,79.9787760038462,6.711118942622085,3.3890671822591534,2013.0,2023.0,10.4674244465991,4.969,59.38000107
NIC,Nicaragua,2023,Latin America,Latin America & Caribbean ,Latin America and the Caribbean,6823613.0,59.1250953674316,5.37928367274053,52.8658369386387,17805842220.7571,2609.44491147975,8326.83840449159,13932074607.6542,11440029831.0387,1676.5355583675,2041.7445431993578,78.244401106806,7.61510782763577,3.3890671822591534,2013.0,2023.0,8.38765854872536,4.698,60.30120087
NLD,Netherlands,2013,Europe,Europe & Central Asia,Western Europe,16804432.0,89.1749992370605,16.8801636441145,51.4289591698403,883951539006.669,52602.2860520766,49622.0519614799,404860846838.432,341629659749.22,20329.7356167242,24092.504098825357,45.8012491604902,,1.5369314489095176,2013.0,2023.0,2.50689852657875,7.241,93.9564
NLD,Netherlands,2014,Europe,Europe & Central Asia,Western Europe,16865008.0,89.8364787097165,17.3524406523196,52.0149611855016,901556501756.467,53457.2234864322,49751.3092860822,411383552870.587,343894950643.428,20391.0339469408,24392.728000519593,45.6303683761477,0.6630837895839958,1.5369314489095176,2013.0,2023.0,0.976035079699679,7.419,91.6666666666667
NLD,Netherlands,2015,Europe,Europe & Central Asia,Western Europe,16939923.0,90.2787737214621,17.7566909073968,52.4272622166642,775743675302.734,45793.8135434697,50956.6930942185,351510326443.359,351510326443.359,20750.4087499901,20750.40874999013,45.3126899560196,2.2144482743008176,1.5369314489095176,2013.0,2023.0,0.600248147278776,6.872,91.7241379310345
NLD,Netherlands,2016,Europe,Europe & Central Asia,Western Europe,17030314.0,90.5803239452777,18.0943972670713,52.6972672445206,797163949289.885,46808.5291492503,53162.2791598028,357637075049.417,356182669172.681,20914.6272448459,21000.02824665576,44.8636789669178,1.3292191943825804,1.5369314489095176,2013.0,2023.0,0.316666666666652,6.007,90.4109589041096
NLD,Netherlands,2017,Europe,Europe & Central Asia,Western Europe,17131296.0,91.1219700676602,18.4202330068604,52.9840892509348,848233537845.884,49513.6817346384,56037.567993606,380886694502.354,364193232738.694,21258.9422737599,22233.38470728391,44.9035174286586,2.249004305745528,1.5369314489095176,2013.0,2023.0,1.38145871407216,4.837,93.1972789115646
NLD,Netherlands,2018,Europe,Europe & Central Asia,Western Europe,17231624.0,92.6062472401044,18.7510079268288,53.2595764421941,929733599796.862,53955.0770024266,58819.2609142584,416050273803.921,372840757630.84,21637.0063338684,24144.57707549335,44.7494071306904,2.374433162065537,1.5369314489095176,2013.0,2023.0,1.70349794744479,3.832,91.8918918918919
NLD,Netherlands,2019,Europe,Europe & Central Asia,Western Europe,17344874.0,93.8898028856479,19.0648534024819,53.5125012921873,928903005576.469,53554.9007491475,62345.2538465433,407797696533.333,376728550953.5,21719.8782160943,23511.13628921911,43.9009987140969,1.0427490136444284,1.5369314489095176,2013.0,2023.0,2.63369910249591,3.379,93.2885906040269
NLD,Netherlands,2020,Europe,Europe & Central Asia,Western Europe,17441500.0,94.2532277765935,19.3703952280046,53.8223735345247,932560861701.17,53467.9277413737,62596.6302027524,398287209778.989,353627056714.939,20275.0369357532,22835.605296504833,42.7089776266653,-6.132132587267702,1.5369314489095176,2013.0,2023.0,1.27246037789161,3.82,91.33333333
NLD,Netherlands,2021,Europe,Europe & Central Asia,Western Europe,17533044.0,94.6294783220315,19.6618088308361,54.1991252368432,1054472123449.6,60141.9880911492,68573.5648786447,449946347941.853,369386020368.84,21067.9914091837,25662.76272060077,42.670293309405,4.456379497738605,1.5369314489095176,2013.0,2023.0,2.67572008805385,4.209,92.05298013
NLD,Netherlands,2022,Europe,Europe & Central Asia,Western Europe,17700982.0,94.9856177734136,19.9012830406524,54.4455963721084,1046540797548.64,59123.318556487,78630.3599072098,460652967605.06,395013026937.9,22315.8820758024,26024.14756452834,44.0167233503049,6.937730492201855,1.5369314489095176,2013.0,2023.0,10.0012078753473,3.526,92.51968504
NLD,Netherlands,2023,Europe,Europe & Central Asia,Western Europe,17877117.0,95.3221682092129,20.1567559021407,54.6264908553262,1135475867551.0,63515.6030780019,80391.6029350952,509302392707.852,397920132741.643,22258.62999843,28489.067488222627,44.853651870763,0.735951881455299,1.5369314489095176,2013.0,2023.0,3.83839354342808,3.535,97.00680272
NOR,Norway,2013,Europe,Europe & Central Asia,Northern Europe,5079623.0,79.9723980455359,15.7789144734543,51.6716018336905,540132255319.149,106333.138368566,69186.2932660288,224264000000.0,169386256095.003,33346.2259098762,44149.73315933092,41.5202013565157,,2.390097579267181,2013.0,2023.0,2.12048620353112,3.425,95.0534
NOR,Norway,2014,Europe,Europe & Central Asia,Northern Europe,5137232.0,80.6117159535579,16.0283762490523,51.8888567930458,515829568897.117,100410.020200979,68195.6503224822,219079502777.043,174336178544.789,33935.8196290899,42645.436837784044,42.4712959447927,2.922269234765884,2.390097579267181,2013.0,2023.0,2.04170286707211,3.486,96.3005098242892
NOR,Norway,2015,Europe,Europe & Central Asia,Northern Europe,5188607.0,81.2378240971353,16.2747739736493,52.1044566844697,400669174330.888,77220.9524311414,62695.3563994725,180749612483.208,180749612483.208,34835.8649023153,34835.8649023154,45.1119337505954,3.6787739595722124,2.390097579267181,2013.0,2023.0,2.17113665389527,4.296,96.810325691365
NOR,Norway,2016,Europe,Europe & Central Asia,Northern Europe,5234519.0,81.6800003051758,16.5172709689852,52.4161859607572,383284047619.048,73222.4006864905,61250.1783294516,181586547619.048,184614239914.145,35268.6158774368,34690.206993049025,47.3764949903497,2.138111046459934,2.390097579267181,2013.0,2023.0,3.55000000000007,4.68,97.2982036675068
NOR,Norway,2017,Europe,Europe & Central Asia,Northern Europe,5276968.0,81.9699745912375,16.7812420495177,52.8187217825194,415673181543.421,78771.2151264554,66828.7790099243,193015635704.211,190348124383.529,36071.4949159307,36576.99567331297,46.4344692596072,3.105873345442123,2.390097579267181,2013.0,2023.0,1.87510059552545,4.164,96.3576012951191
NOR,Norway,2018,Europe,Europe & Central Asia,Northern Europe,5311916.0,82.2452112401723,17.0853969570307,53.1960276841597,454588871810.636,85579.0776455494,72618.1053391628,204972025822.318,195467066281.622,36797.8458773863,38587.21143600877,45.0895388190895,2.689252607385284,2.390097579267181,2013.0,2023.0,2.76483134528797,3.801,96.4916579887094
NOR,Norway,2019,Europe,Europe & Central Asia,Northern Europe,5347896.0,82.4935894878281,17.3948556308139,53.4506846449634,424244886363.636,79329.3075190012,73630.0721860814,195980454545.455,199180407193.245,37244.6298868274,36646.272579993136,46.1951247604367,1.8997271418976114,2.390097579267181,2013.0,2023.0,2.16773003305411,3.684,98.0000043853142
NOR,Norway,2020,Europe,Europe & Central Asia,Northern Europe,5379475.0,82.7029885700532,17.7281839266957,53.7024036773317,382252517921.94,71057.5879471399,69779.2862630574,177010036286.397,190555957430.287,35422.779626318,32904.704694491,46.3070949142955,-4.3299689384561635,2.390097579267181,2013.0,2023.0,1.28658490707996,4.424,94.60755647
NOR,Norway,2021,Europe,Europe & Central Asia,Northern Europe,5408320.0,82.8612877226956,18.0740226148213,53.9942602946959,521592200232.829,96442.5552173002,92205.7698636049,210057741559.953,202135579270.23,37374.9296029506,38839.73980089067,40.2724084957919,6.076756663028671,2.390097579267181,2013.0,2023.0,3.48388055266669,4.359,99.0000036
NOR,Norway,2022,Europe,Europe & Central Asia,Northern Europe,5457127.0,82.9563661816034,18.3301335040316,54.121894369811,617321834098.986,113122.130765691,129914.042717786,210766473086.591,216744156216.249,39717.630946879,38622.24080300697,34.142073298641,7.227118055495385,2.390097579267181,2013.0,2023.0,5.76412317852272,3.231,98.99997764
NOR,Norway,2023,Europe,Europe & Central Asia,Northern Europe,5519601.0,83.0718560702166,18.5338475896816,53.9423382909882,502197633322.816,90984.4087141111,107767.977198972,199845724203.219,214515035656.7,38864.2287108616,36206.5526481387,39.7942385512512,-1.0284570520669334,2.390097579267181,2013.0,2023.0,5.51784987104659,3.574,99.00000258
NPL,Nepal,2013,South & Southeast Asia,South Asia,Southern Asia,27589996.0,64.1314570156048,5.17974703584589,64.8884391194323,22162204924.5726,803.269595420477,2658.02196886933,18679790183.5167,19257881740.8133,698.002338993211,677.0493980324137,84.2866955119852,,4.366416132679518,2013.0,2023.0,9.04016311917645,10.666,13.30000019
NPL,Nepal,2014,South & Southeast Asia,South Asia,Southern Asia,27672370.0,64.5640847098488,5.3431636925779,63.8731073448067,22731612922.1906,821.455224911731,2901.19752086169,18784073147.7405,19844038601.3848,717.106579645502,678.8024714811381,82.634141325728,3.0437244784261797,4.366416132679518,2013.0,2023.0,8.36415469659563,10.62,15.43999958
NPL,Nepal,2015,South & Southeast Asia,South Asia,Southern Asia,27823629.0,64.9510094249155,5.482604371989,62.6773848232675,24360801286.7638,875.543635474862,2957.30559145504,20356551364.3903,20356551364.3903,731.628191433629,731.62819143363,83.5627331168733,2.582703920812457,4.366416132679518,2013.0,2023.0,7.86890895590891,10.643,17.58160019
NPL,Nepal,2016,South & Southeast Asia,South Asia,Southern Asia,27955462.0,65.2895168835553,5.6258290419239,61.6232358975145,24524109483.5293,877.256454696737,2976.12513681451,21686945322.6536,21202540111.6356,758.439982556382,775.7677309233379,88.4311225947623,4.155854948619586,4.366416132679518,2013.0,2023.0,8.7903433200464,10.714,20.70000076
NPL,Nepal,2017,South & Southeast Asia,South Asia,Southern Asia,28011258.0,65.5768928085184,5.78746945246086,60.8935676824888,28971588940.364,1034.28374906846,3604.70825949747,22741743147.5415,21369483699.7643,762.88911050565,811.8786791918271,78.4967065298139,0.7873754146895173,4.366416132679518,2013.0,2023.0,2.77703998300211,10.66,24.3
NPL,Nepal,2018,South & Southeast Asia,South Asia,Southern Asia,28079689.0,65.8104229225551,5.94674321357334,60.1789003710396,33111525237.149,1179.19843190389,3956.12461094443,25544499241.2885,22687946082.7252,807.984236674603,909.7144644760311,77.146851612348,6.169837331986838,4.366416132679518,2013.0,2023.0,4.40659410175714,10.593,28.60000038
NPL,Nepal,2019,South & Southeast Asia,South Asia,Southern Asia,28414064.0,65.9873929484157,6.04820039203474,58.7001840122581,34186180699.0255,1203.14294706401,4260.67373190851,26179605394.3524,24534629851.0491,863.467818297625,921.3608230893125,76.5794975017454,8.139492934223691,4.366416132679518,2013.0,2023.0,5.56616035243723,10.477,33.33660126
NPL,Nepal,2020,South & Southeast Asia,South Asia,Southern Asia,28966574.0,66.1050886088505,6.08852455094405,56.652683071554,33433659301.2466,1154.21517578318,4235.57462326905,28489794163.0459,25416910041.565,877.456548419049,983.5403442273117,85.212910457527,3.5960607348562545,4.366416132679518,2013.0,2023.0,5.05635826238499,13.037,36.96530151
NPL,Nepal,2021,South & Southeast Asia,South Asia,Southern Asia,29475010.0,66.144235274522,6.11086985212219,54.9709890210653,36924841394.2605,1252.75076731986,4546.22970006289,31523897271.9589,27441864321.8941,931.021374442082,1069.5126913259369,85.373141986898,7.966956947235659,4.366416132679518,2013.0,2023.0,4.12676744440695,12.241,40.98910141
NPL,Nepal,2022,South & Southeast Asia,South Asia,Southern Asia,29715436.0,66.2992968721053,6.19751969986239,54.1657821006166,41182939519.8161,1385.91066002922,5102.18358728663,35007033329.7986,29316455082.2463,986.573277344686,1178.0757088604926,85.0037266352837,6.831134861550137,4.366416132679518,2013.0,2023.0,7.6702057938028,10.661,45.45080185
NPL,Nepal,2023,South & Southeast Asia,South Asia,Southern Asia,29694614.0,66.5432933453944,6.36058770858938,54.0220133747515,41049329851.0546,1382.38300895424,5399.65505811688,35365577027.3624,29526788899.9344,994.348298312091,1190.9761489865602,86.1538474700673,0.7174599285555416,4.366416132679518,2013.0,2023.0,7.11587261530826,10.437,45.80680084
NRU,Naoero,2013,Oceania,East Asia & Pacific,Micronesia,10517.0,100.0,1.33117809261196,64.8072704481354,94385014.9425842,8974.51886874433,8428.73256787424,,,,,,,,,,,,
NRU,Naoero,2014,Oceania,East Asia & Pacific,Micronesia,10742.0,100.0,1.37770537584361,65.4142285186326,99149244.4001333,9230.05440328927,9725.95214789212,,,,,,,,,,,,
NRU,Naoero,2015,Oceania,East Asia & Pacific,Micronesia,10954.0,100.0,1.49716998356765,65.9445538554764,84863440.5801997,7747.25584993607,9955.33548658446,,,,,,,,,,,,
NRU,Naoero,2016,Oceania,East Asia & Pacific,Micronesia,11150.0,100.0,1.66367713004484,66.1549925484352,97541943.0355053,8748.15632605428,10281.2673986708,,,,,,,,,,,,
NRU,Naoero,2017,Oceania,East Asia & Pacific,Micronesia,11324.0,100.0,1.78823737195337,65.9680492452,109355638.866955,9656.97976571484,9650.31890022601,,,,,,,,,,,,62.38510132
NRU,Naoero,2018,Oceania,East Asia & Pacific,Micronesia,11477.0,100.0,1.92550642561533,65.4223119054483,130995566.30391,11413.7463016389,9657.26073559414,,,,,,,,,,,,
NRU,Naoero,2019,Oceania,East Asia & Pacific,Micronesia,11587.0,100.0,2.04108052127384,65.6562768086932,125160115.547819,10801.7705659635,10554.5218533653,,,,,,,,,,,,74.73789978
NRU,Naoero,2020,Oceania,East Asia & Pacific,Micronesia,11643.0,100.0,2.11715193678605,66.9582676036139,124685688.161094,10709.068810538,10812.6428193461,,,,,,,,,,,,77.46659851
NRU,Naoero,2021,Oceania,East Asia & Pacific,Micronesia,11709.0,100.0,2.22060895930307,68.0637290081814,149268323.992868,12748.1701249353,12113.787764494,,,,,,,,,,,,80.29499817
NRU,Naoero,2022,Oceania,East Asia & Pacific,Micronesia,11801.0,100.0,2.43199728836539,68.8027463882134,180671357.349805,15309.8345351924,12874.2258577781,,,,,,,,,,,,83.22660065
NRU,Naoero,2023,Oceania,East Asia & Pacific,Micronesia,11875.0,100.0,2.67789473684211,69.0872846361954,161531316.884061,13602.6372112893,13171.9554999008,,,,,,,,,,,,83.03970337
NZL,New Zealand,2013,Oceania,East Asia & Pacific,Australia and New Zealand,4442100.0,85.7080129786455,14.0864276779802,52.7030093022296,190943478289.796,42984.9571801167,36249.6271005735,109624508659.863,94713492039.5719,21321.7829494095,24678.532374296617,57.4120203746811,,3.592617648028429,2013.0,2023.0,1.13442266445817,5.839,82.77999878
NZL,New Zealand,2014,Oceania,East Asia & Pacific,Australia and New Zealand,4516500.0,85.5076659530411,14.3691784824307,52.7543470643702,201435445068.164,44599.8992733675,37315.9476428103,115391698697.564,97802870618.5993,21654.571154345,25548.920336004427,57.2847041187396,3.261814671278973,3.592617648028429,2013.0,2023.0,1.227507505974,5.428,84.0
NZL,New Zealand,2015,Oceania,East Asia & Pacific,Australia and New Zealand,4609400.0,85.1518763760531,14.5553593182878,52.5174780979885,178147457242.978,38648.7302562109,37497.1502090982,101897871301.801,101897871301.801,22106.5369249362,22106.536924936216,57.1986111274216,4.186994366628483,3.592617648028429,2013.0,2023.0,0.292704628136101,5.415,85.19999695
NZL,New Zealand,2016,Oceania,East Asia & Pacific,Australia and New Zealand,4714100.0,84.691365594,14.7113008693955,52.307552633679,188980351890.848,40088.3205470499,39963.6051110409,109195454308.139,108414122673.381,22997.8410880934,23163.58463081797,57.7813795008748,6.394884690260283,3.592617648028429,2013.0,2023.0,0.646240284454524,5.147,86.5
NZL,New Zealand,2017,Oceania,East Asia & Pacific,Australia and New Zealand,4813600.0,84.1701025874108,14.8685528434202,52.257834938067,206561943051.354,42912.1537002148,42205.9071706198,118374316859.002,113634579073.656,23606.9841851538,24591.63969980929,57.3069342350121,4.81529183794871,3.592617648028429,2013.0,2023.0,1.85078767452536,4.736,87.69999695
NZL,New Zealand,2018,Oceania,East Asia & Pacific,Australia and New Zealand,4900600.0,83.8017846685577,15.0578869326057,52.3710857473679,211726161989.495,43204.1305124872,42475.2252680795,122190611828.335,118732538833.938,24228.1636603555,24933.806437647432,57.7116265085834,4.486275042192567,3.592617648028429,2013.0,2023.0,1.59829703801696,4.335,89.0
NZL,New Zealand,2019,Oceania,East Asia & Pacific,Australia and New Zealand,4970300.0,83.804965871667,15.3016117661383,52.5965951829053,213088034258.42,42872.2681243427,45295.8241222088,121633863131.022,121722655635.5,24490.0017374202,24472.137120701365,57.0815079102526,2.5183633997282184,3.592617648028429,2013.0,2023.0,1.61963190184048,4.109,89.86370087
NZL,New Zealand,2020,Oceania,East Asia & Pacific,Australia and New Zealand,5072400.0,83.8138977095908,15.6207179833113,52.9981292985865,213318129988.602,42054.6743136586,45574.965884882,121265192086.337,121845055189.357,24021.1842893615,23906.866983348515,56.8471100383342,0.10055609879522365,3.592617648028429,2013.0,2023.0,1.71456170007245,4.595,90.92099762
NZL,New Zealand,2021,Oceania,East Asia & Pacific,Australia and New Zealand,5084600.0,83.8299382585905,16.0465779436973,53.6270312994757,253732493987.834,49902.154346032,48202.0913368233,145798557080.209,129060836278.048,25382.6921051899,28674.538229203677,57.4615236656287,5.922095958245577,3.592617648028429,2013.0,2023.0,3.94112060778728,3.776,91.99060059
NZL,New Zealand,2022,Oceania,East Asia & Pacific,Australia and New Zealand,5081700.0,83.8547305017812,16.4463886430602,54.0514723670098,249723029451.237,49141.6316294227,54080.0485491723,143884350794.138,133329370284.191,26237.1588807271,28314.215871487493,57.617573801792,3.307381332123782,3.592617648028429,2013.0,2023.0,7.17222476016441,3.299,93.07289886
NZL,New Zealand,2023,Oceania,East Asia & Pacific,Australia and New Zealand,5200000.0,83.8898991461229,16.7985801212333,54.2574461849167,256372177757.764,49302.341876493,54949.699278118,147315210938.94,134803113065.484,25923.6755895162,28329.848257488462,57.4614656814017,1.105339939843497,3.592617648028429,2013.0,2023.0,5.73316283034957,3.734,93.32610321
OMN,Oman,2013,Middle East,"Middle East, North Africa, Afghanistan & Pakistan",Western Asia,3833913.0,76.4914234214313,2.57740590357684,32.4945734382025,89936020806.2419,23458.0233840053,47013.4730934385,26287386215.8648,26307898920.0746,6861.89251557733,6856.542184411801,29.2289852054921,,4.2392361239008025,2013.0,2023.0,1.05354820265932,3.553,66.45
OMN,Oman,2014,Middle East,"Middle East, North Africa, Afghanistan & Pakistan",Western Asia,4002439.0,76.8892576748951,2.56383670057183,32.812648804734,92699089726.9181,23160.6502252547,44235.8336329334,27032249674.9025,27370309524.5641,6838.40766206907,6753.9442012489135,29.1612892365358,4.038371166459109,4.2392361239008025,2013.0,2023.0,1.01401483924156,3.453,70.22000122
OMN,Oman,2015,Middle East,"Middle East, North Africa, Afghanistan & Pakistan",Western Asia,4184895.0,77.3025363037955,2.57491526071741,33.02053908217,78710793237.9714,18808.3077921839,36058.1666084788,28385955786.736,28385955786.736,6782.95531590064,6782.955315900638,36.0636129036522,3.7107591394258232,4.2392361239008025,2013.0,2023.0,0.0652901330286599,3.403,73.52999878
OMN,Oman,2016,Middle East,"Middle East, North Africa, Afghanistan & Pakistan",Western Asia,4390877.0,77.7521362304688,2.55013946528911,32.769904557786,75128738621.5865,17110.1897460545,33333.8635893722,28558907672.3017,29829737665.6425,6793.57168639488,6504.146591284999,38.0132931768616,5.086254236967225,4.2392361239008025,2013.0,2023.0,1.10920805807027,3.266,76.8453904741456
OMN,Oman,2017,Middle East,"Middle East, North Africa, Afghanistan & Pakistan",Western Asia,4537396.0,78.3142260040136,2.5501848912697,33.0322459964072,80856697009.1027,17820.0661809335,33619.4988982607,31655916775.0325,32603346934.13,7185.47531097793,6976.670490085613,39.1506429844256,9.29813496711407,4.2392361239008025,2013.0,2023.0,1.58909413567799,2.523,80.18560028
OMN,Oman,2018,Middle East,"Middle East, North Africa, Afghanistan & Pakistan",Western Asia,4597877.0,78.9655839720276,2.5835616542633,34.1666301915092,91505851755.5267,19901.7615642016,37780.3308327271,31847074122.2367,32910271525.6623,7157.71029230714,6926.473701283592,34.8033196907685,0.9413898277143007,4.2392361239008025,2013.0,2023.0,0.889312370970404,1.8,85.5
OMN,Oman,2019,Middle East,"Middle East, North Africa, Afghanistan & Pakistan",Western Asia,4591241.0,79.5780017545962,2.61074293420886,36.2325820015673,88060858257.4772,19180.1864152801,37250.6110788359,33039271781.5345,31656503382.4942,6894.97749791271,7196.152800851556,37.5186801892532,-3.8096560284847647,4.2392361239008025,2013.0,2023.0,0.490815362820671,2.045,90.25939941
OMN,Oman,2020,Middle East,"Middle East, North Africa, Afghanistan & Pakistan",Western Asia,4522497.0,80.0176378922722,2.60702247088527,39.2044242565832,75909492847.8544,16784.8630630058,35163.3281781415,33458777633.29,34677372391.971,7667.74912000405,7398.297363887693,44.077198223879,9.542649018992154,4.2392361239008025,2013.0,2023.0,-0.40640291946585,2.94,95.23229321
OMN,Oman,2021,Middle East,"Middle East, North Africa, Afghanistan & Pakistan",Western Asia,4500424.0,80.1239942103569,2.6159646291105,41.4961719450782,87323797139.1417,19403.4600160211,38719.4587682049,34306892067.6203,35271333291.5211,7837.33561360465,7623.03553345647,39.2869907076483,1.7128197974066284,4.2392361239008025,2013.0,2023.0,1.68221185876085,1.9,95.23880005
OMN,Oman,2022,Middle East,"Middle East, North Africa, Afghanistan & Pakistan",Western Asia,4730226.0,80.0117053152301,2.65754744065083,40.6042782083888,109852795838.752,23223.5829405935,42609.5810436221,37648114434.3303,37762206421.3992,7983.17171767253,7959.051942619718,34.271421265957,7.062032810868768,4.2392361239008025,2013.0,2023.0,2.5061425061425,3.3,95.24530029
OMN,Oman,2023,Middle East,"Middle East, North Africa, Afghanistan & Pakistan",Western Asia,5049269.0,79.5702973228932,2.66044451186895,38.6735887164327,106174707932.38,21027.7384572657,41979.5975879711,40100820546.1638,39847251063.3495,7891.6871062622,7941.906154368841,37.7687128385634,5.521511689975678,4.2392361239008025,2013.0,2023.0,0.950782997762827,3.176,95.25170135
PAK,Pakistan,2013,South & Southeast Asia,"Middle East, North Africa, Afghanistan & Pakistan",Southern Asia,211073978.0,35.4315352494366,3.78994632917293,74.6202486526627,258657231672.412,1225.4340119198,4173.93858568758,210270459091.893,223478609942.409,1058.76912000213,996.1931882095528,81.2930911431849,,5.1274602695565275,2013.0,2023.0,7.69215611899565,2.954,9.0
PAK,Pakistan,2014,South & Southeast Asia,"Middle East, North Africa, Afghanistan & Pakistan",Southern Asia,214264647.0,35.6595549759128,3.80534429416474,74.4256172449709,271390474857.632,1266.61340849959,4312.99070040776,222933572591.48,236212451607.44,1102.43315878162,1040.458963776138,82.1449510003724,5.698013634643839,5.1274602695565275,2013.0,2023.0,7.18938402847028,1.827,10.0
PAK,Pakistan,2015,South & Southeast Asia,"Middle East, North Africa, Afghanistan & Pakistan",Southern Asia,217290883.0,35.9017325715342,3.82091940742152,74.161810917677,299963590534.773,1380.47020838317,4480.26313460985,243387911839.578,243387911839.578,1120.10181227704,1120.1018122770388,81.1391513902295,3.0377146434527713,5.1274602695565275,2013.0,2023.0,2.52932817254229,3.566,11.0
PAK,Pakistan,2016,South & Southeast Asia,"Middle East, North Africa, Afghanistan & Pakistan",Southern Asia,220138869.0,36.1597184900333,3.85041862791259,73.9138783908976,313630000130.435,1424.69161195897,4630.7315068374,253047483470.67,262409407422.101,1192.01760513316,1149.4902495872732,80.6834433457991,7.815300044589102,5.1274602695565275,2013.0,2023.0,3.7651191635658,2.285,12.385446763381
PAK,Pakistan,2017,South & Southeast Asia,"Middle East, North Africa, Afghanistan & Pakistan",Southern Asia,223273967.0,36.4351548223399,3.88886536895529,73.5768238017572,339205534861.1,1519.23459514248,4789.53646557553,277952415418.937,280589777181.451,1256.70619352345,1244.8939710868174,81.942181613503,6.928246185208509,5.1274602695565275,2013.0,2023.0,4.08537368032608,3.204,13.77999973
PAK,Pakistan,2018,South & Southeast Asia,"Middle East, North Africa, Afghanistan & Pakistan",Southern Asia,226928892.0,36.7478511550359,3.93281543027845,73.1024168008764,356128166704.921,1569.33814626355,4979.3734961655,293451533444.068,300812518715.046,1325.58052024088,1293.1431112970313,82.4005402771792,7.2072267695331815,5.1274602695565275,2013.0,2023.0,5.07805725868917,4.083,15.34000015
PAK,Pakistan,2019,South & Southeast Asia,"Middle East, North Africa, Afghanistan & Pakistan",Southern Asia,230800899.0,37.1091631735769,3.98447495645256,72.6314584931864,320909472770.669,1390.41690981745,5037.53401559745,269161062988.279,317569726019.864,1375.94665963526,1166.2045691957162,83.874452400671,5.570648248416732,5.1274602695565275,2013.0,2023.0,10.5780305672025,4.83,17.070901719916
PAK,Pakistan,2020,South & Southeast Asia,"Middle East, North Africa, Afghanistan & Pakistan",Southern Asia,235001746.0,37.5080192948099,4.02265777208311,72.0651682830605,300425609817.981,1278.39735206896,5048.0213062963,244891398979.156,308576786288.118,1313.08295168206,1042.0833170284445,81.514821298866,-2.831800072524393,5.1274602695565275,2013.0,2023.0,9.74011619320125,5.994,18.935
PAK,Pakistan,2021,South & Southeast Asia,"Middle East, North Africa, Afghanistan & Pakistan",Southern Asia,239477801.0,37.9333395514173,4.05217393000066,71.3439501303533,348516647445.148,1455.31922370186,5367.27364714762,290882312863.275,337318489865.902,1408.558490421,1214.6525132961071,83.4629608070746,9.314279250723633,5.1274602695565275,2013.0,2023.0,9.49641577285205,6.338,
PAK,Pakistan,2022,South & Southeast Asia,"Middle East, North Africa, Afghanistan & Pakistan",Southern Asia,243700667.0,38.3740439760816,4.11167709278366,70.7109794452284,374890295666.694,1538.3228133171,5919.33605935593,322022310653.269,361638605629.863,1483.94590003261,1321.3846093136422,85.897745120501,7.209837733362678,5.1274602695565275,2013.0,2023.0,19.8738599646655,5.291,
PAK,Pakistan,2023,South & Southeast Asia,"Middle East, North Africa, Afghanistan & Pakistan",Southern Asia,247504495.0,38.8191861872791,4.19627145721884,70.1673862519405,336686348609.266,1360.32417758419,6018.94650802152,280013117138.998,368466227039.941,1488.72539482542,1131.3455827903165,83.1673509471454,1.8879680719336989,5.1274602695565275,2013.0,2023.0,30.7681280657005,5.237,
PAN,Panama,2013,Latin America,Latin America & Caribbean ,Latin America and the Caribbean,3825329.0,65.3709770103365,6.80838082052801,54.4075216838135,46949496500.0,12273.3225037637,21923.6750939531,23762641700.0,25370675812.7817,6632.28595835331,6211.921039994207,50.6131981628387,,3.5680582121443427,2013.0,2023.0,4.02715991571061,3.674,44.03
PAN,Panama,2014,Latin America,Latin America & Caribbean ,Latin America and the Caribbean,3892101.0,65.4531164770096,6.99880437311421,54.2499473891337,51427104900.0,13213.1989637473,24376.0808685086,26742167900.0,27120597919.7342,6968.1125746054,6870.882307524907,52.0001426329562,6.897420154928979,3.5680582121443427,2013.0,2023.0,2.62652699929143,4.391,44.9238152577893
PAN,Panama,2015,Latin America,Latin America & Caribbean ,Latin America and the Caribbean,3960035.0,65.5287232947981,7.19795496731152,54.1048939156735,55767806100.0,14082.6548502728,27245.2788533669,27705042300.0,27705042300.0,6996.16096827427,6996.16096827427,49.6792759792643,2.154983389361531,3.5680582121443427,2013.0,2023.0,0.137492058461588,4.335,51.2054249948687
PAN,Panama,2016,Latin America,Latin America & Caribbean ,Latin America and the Caribbean,4029086.0,65.5971555296656,7.39857533463231,53.9493724089181,59760858700.0,14832.3611608191,30276.7088405833,29964022200.0,29540835600.069,7331.89502534047,7436.927928567422,50.139878930488,6.626206450762218,3.5680582121443427,2013.0,2023.0,0.73973402529995,4.717,54.0
PAN,Panama,2017,Latin America,Latin America & Caribbean ,Latin America and the Caribbean,4098707.0,65.6577712475758,7.60642319638852,53.7889222787002,64327688800.0,15694.6297454295,33533.3260079329,31340378200.0,30298368133.4239,7392.17712645084,7646.406098313444,48.7198884098569,2.5643571617626426,3.5680582121443427,2013.0,2023.0,0.875585918759963,5.338,59.9506309038683
PAN,Panama,2018,Latin America,Latin America & Caribbean ,Latin America and the Caribbean,4167860.0,65.7099285144924,7.82908880947431,53.624280829378,67316471200.0,16151.3273478476,32463.540359127,33158718400.0,31449647066.5757,7545.7541919776,7955.813870907372,49.2579569441245,3.799805085481678,3.5680582121443427,2013.0,2023.0,0.761578359399945,5.161,61.8055313202468
PAN,Panama,2019,Latin America,Latin America & Caribbean ,Latin America and the Caribbean,4234700.0,65.752985396379,8.06954352497892,53.4020908356858,69778991200.0,16477.9066285687,33239.7332311641,35453303700.0,33616845484.9702,7938.42432403008,8372.093347816846,50.8079911880411,6.891010299119604,3.5680582121443427,2013.0,2023.0,-0.355083821021246,6.256,63.6284147731451
PAN,Panama,2020,Latin America,Latin America & Caribbean ,Latin America and the Caribbean,4293261.0,65.7862999591993,8.29341612354804,53.1002058685187,57059846500.0,13290.5608347594,27017.0033688951,32792299000.0,30958794231.5543,7211.02076755974,7638.086526768347,57.4700091420681,-7.906902670580118,3.5680582121443427,2013.0,2023.0,-1.55027540803761,14.663,64.82430267
PAN,Panama,2021,Latin America,Latin America & Caribbean ,Latin America and the Caribbean,4345405.0,65.8092302689169,8.50886165961516,52.7929130402984,67396392500.0,15509.8069109784,30932.7627780514,34963504700.0,33025636608.407,7600.12855151753,8046.0865442921895,51.8774127265046,6.676107478197912,3.5680582121443427,2013.0,2023.0,1.63070337301898,10.177,66.04270172
PAN,Panama,2022,Latin America,Latin America & Caribbean ,Latin America and the Caribbean,4400773.0,65.8211343914956,8.76630082942247,52.5235087553911,76479304500.0,17378.6070083597,36327.3867449699,37324972800.0,34157818152.8728,7761.77688621359,8481.458325616886,48.8040170396686,3.4281899177004416,3.5680582121443427,2013.0,2023.0,2.85965128834711,8.086,67.2838974
PAN,Panama,2023,Latin America,Latin America & Caribbean ,Latin America and the Caribbean,4458759.0,65.8601271176084,9.05673529338545,52.2832629253976,83812155200.0,18797.1933894611,39846.2245506562,39671366000.0,36023870578.2519,8079.34911446255,8897.400823861528,47.3336664656012,5.463031675581886,3.5680582121443427,2013.0,2023.0,1.48641355277038,6.544,68.54851592
PER,Peru,2013,Latin America,Latin America & Caribbean ,Latin America and the Caribbean,29817919.0,79.3105527820586,7.82223601854979,56.2690728263129,201175543571.392,6746.80025696601,11290.5547403874,126932575940.107,114355515110.874,3835.12729747752,4256.922689343512,63.0954308295741,,2.673918177717871,2013.0,2023.0,2.76789666082002,3.575,39.2
PER,Peru,2014,Latin America,Latin America & Caribbean ,Latin America and the Caribbean,30115826.0,79.9945465682649,8.02200809634111,55.9260526415525,200786250582.943,6667.13410360861,11517.7371710247,129649628536.93,119185107595.323,3957.55731871088,4305.033125670536,64.5709694565829,4.22331400437177,2.673918177717871,2013.0,2023.0,3.41194579807465,3.208,40.2446560091704
PER,Peru,2015,Latin America,Latin America & Caribbean ,Latin America and the Caribbean,30457600.0,80.698277662669,8.19443422988023,55.5249961792269,189802976285.619,6231.71150338894,11600.3873992867,123974426892.775,123974426892.775,4070.39382265098,4070.3938226509968,65.3174303790767,4.018387359025999,2.673918177717871,2013.0,2023.0,3.39809194746308,3.272,40.8526009090468
PER,Peru,2016,Latin America,Latin America & Caribbean ,Latin America and the Caribbean,30866494.0,81.4192362241943,8.30477229297199,55.0315226387303,191898104390.379,6217.03599995447,12066.5460683317,124739930703.495,128614615775.002,4166.80351759427,4041.273061446337,65.0032115219526,3.742859715931801,2.673918177717871,2013.0,2023.0,3.55717663556279,3.741,45.4617406869459
PER,Peru,2017,Latin America,Latin America & Caribbean ,Latin America and the Caribbean,31324637.0,82.1931650502403,8.4037750924899,54.4342798477223,211007984080.911,6736.16693725487,12591.8562879234,135361025711.489,132015506982.059,4214.43054494324,4321.232061252266,64.1497175100183,2.6442494008663164,2.673918177717871,2013.0,2023.0,2.99490045809443,3.691,50.4504121848143
PER,Peru,2018,Latin America,Latin America & Caribbean ,Latin America and the Caribbean,31897584.0,82.6854929960921,8.50395140434384,53.5702959648924,222597009739.235,6978.49121548627,13078.2323503405,142147074045.755,137072383789.176,4297.26539129658,4456.358639756384,63.8584831899922,3.83051727991639,2.673918177717871,2013.0,2023.0,1.50915423024742,3.492,55.0543342443197
PER,Peru,2019,Latin America,Latin America & Caribbean ,Latin America and the Caribbean,32449303.0,83.1033003087105,8.60697377690978,52.7058864277693,228346006003.648,7037.00803692604,13563.5372933551,147939253892.227,141519580369.35,4361.25177694417,4559.08880052761,64.7873183688896,3.244414707935639,2.673918177717871,2013.0,2023.0,2.25212191358027,3.379,59.9505036049006
PER,Peru,2020,Latin America,Latin America & Caribbean ,Latin America and the Caribbean,32838579.0,83.5267437189637,8.71807503122965,52.0259679366878,201409694755.934,6133.32552410183,12563.3038060893,129332655401.05,127565917935.331,3884.63574916962,3938.43641654074,64.2137189859571,-9.85988115397286,2.673918177717871,2013.0,2023.0,2.00241205759292,7.179,65.25179796
PER,Peru,2021,Latin America,Latin America & Caribbean ,Latin America and the Caribbean,33155882.0,83.9480118272361,8.75409226031146,51.2732345713394,226406075008.878,6828.53422535638,15285.7706852395,137890878467.353,143670407801.741,4333.18009159705,4158.86624482959,60.9042307994368,12.624445562782771,2.673918177717871,2013.0,2023.0,4.27166381536798,5.097,71.10782643
PER,Peru,2022,Latin America,Latin America & Caribbean ,Latin America and the Caribbean,33475438.0,84.3663554951194,8.81067934047644,50.5475609612953,246169867862.821,7353.74598721667,16673.6937563476,157271064911.93,148788292505.994,4444.7003951373,4698.103275360579,63.8872118173171,3.5622399786847225,2.673918177717871,2013.0,2023.0,8.33370630096231,4.291,74.67495213
PER,Peru,2023,Latin America,Latin America & Caribbean ,Latin America and the Caribbean,33845617.0,84.7810255849745,8.99256615708912,50.0391504388028,268025009709.319,7919.04634828547,17041.5682788302,170151604267.933,148887579868.001,4399.02099784445,5027.286229349373,63.4834803112098,0.06673062801834106,2.673918177717871,2013.0,2023.0,6.45561348369586,4.899,79.48484477
PHL,Philippines,2013,South & Southeast Asia,East Asia & Pacific,South-eastern Asia,102076336.0,49.1313688766206,3.50982278595893,61.1835246269493,283902828588.718,2781.27957677397,6372.83382112545,204440591591.447,197234992239.818,1932.23032848493,2002.820630155132,72.0107624878984,,4.6084732424742425,2013.0,2023.0,2.58268766141795,3.497,32.70000076
PHL,Philippines,2014,South & Southeast Asia,East Asia & Pacific,South-eastern Asia,103767130.0,50.2392400212368,3.62337717155712,60.4579386236435,297483555338.044,2866.83803761407,6688.73961232553,212028490469.928,208643961969.5,2010.69415690209,2043.310733080196,71.2740205854372,5.784455182176718,4.6084732424742425,2013.0,2023.0,3.59782343864211,3.6,34.70000076
PHL,Philippines,2015,South & Southeast Asia,East Asia & Pacific,South-eastern Asia,105312992.0,51.1549047745227,3.77024234469686,59.5211985547012,306445871242.322,2909.85818010301,6894.26702217935,222090173334.236,222090173334.236,2108.85826256115,2108.858262561147,72.472888094034,6.44457248501713,4.6084732424742425,2013.0,2023.0,0.674192536845408,3.068,36.90000153
PHL,Philippines,2016,South & Southeast Asia,East Asia & Pacific,South-eastern Asia,106735719.0,51.9114748151175,3.93781110895032,58.4031241305213,318627003016.731,2985.19564024046,7382.66758431792,231175324213.543,237968751158.915,2229.51373156455,2165.8665569446625,72.553588372861,7.149608461416457,4.6084732424742425,2013.0,2023.0,1.25369880080982,2.695,39.20000076
PHL,Philippines,2017,South & Southeast Asia,East Asia & Pacific,South-eastern Asia,108119693.0,52.6010482354344,4.11815540339097,57.3664779049531,328480736802.76,3038.12124959289,7773.79853599024,237102808739.117,252145421824.445,2332.09524396675,2192.9659820539537,72.1816478637188,5.9573665014793775,4.6084732424742425,2013.0,2023.0,2.85318772590947,2.552,41.59999847
PHL,Philippines,2018,South & Southeast Asia,East Asia & Pacific,South-eastern Asia,109465287.0,53.2088897464754,4.31408910623004,56.4951142171875,346841896587.313,3168.51036609727,8357.74357934219,251608899173.456,266682150970.93,2436.22575046033,2298.5268304595593,72.5428218589264,5.765216374464299,4.6084732424742425,2013.0,2023.0,5.30934661627707,2.338,44.09999847
PHL,Philippines,2019,South & Southeast Asia,East Asia & Pacific,South-eastern Asia,110804683.0,53.7157859948017,4.51942674426754,55.745826525598,376823402239.136,3400.78949767074,8924.10116402887,275858995374.199,282328164876.796,2547.98043938988,2489.5969006490363,73.2064393386947,5.866914545612589,4.6084732424742425,2013.0,2023.0,2.39206534422404,2.237,43.0266118680279
PHL,Philippines,2020,South & Southeast Asia,East Asia & Pacific,South-eastern Asia,112081264.0,54.1077719895977,4.72567431073939,54.8178657691752,361751145451.597,3227.57910235199,8238.36802037457,271563141259.037,259864641781.332,2318.53775115645,2422.9129077187868,75.0690480661858,-7.956529276937985,4.6084732424742425,2013.0,2023.0,2.3931623931624,2.522,53.76490021
PHL,Philippines,2021,South & Southeast Asia,East Asia & Pacific,South-eastern Asia,113100950.0,54.4504102510776,4.8807304447929,53.59656857012,394087359848.11,3484.38593882819,8857.78995115514,296592543563.141,270808807210.11,2394.39904978791,2622.370046963717,75.2606081244155,4.211486931718533,4.6084732424742425,2013.0,2023.0,3.92718022100332,3.398,66.90779877
PHL,Philippines,2022,South & Southeast Asia,East Asia & Pacific,South-eastern Asia,113964338.0,54.7902343568327,5.04131518299472,52.3747406896807,404353369604.631,3548.06930572116,10129.7407504053,307006689363.257,293254870873.268,2573.21611321314,2693.883847798572,75.9253446220672,8.288527945009916,4.6084732424742425,2013.0,2023.0,5.82115811213955,2.598,75.21114422
PHL,Philippines,2023,South & Southeast Asia,East Asia & Pacific,South-eastern Asia,114891199.0,55.1242716168851,5.26217156111322,51.2166581870048,437055627245.138,3804.08274131718,10994.8840414773,334429914559.98,309494263402.144,2693.80305972909,2910.840146772078,76.5188442185196,5.537637782628324,4.6084732424742425,2013.0,2023.0,5.97802515541409,2.2,77.86699677
PLW,Palau,2013,Oceania,East Asia & Pacific,Micronesia,17648.0,81.0756895339142,6.96112873980054,37.2452947581272,226257828.125,12820.5931621147,15388.3342258755,169660800.0,182749390.927742,10355.2465394233,9613.59927470535,74.9856044345427,,-0.17586276889707264,2013.0,2023.0,3.35481004221287,,
PLW,Palau,2014,Oceania,East Asia & Pacific,Micronesia,17715.0,80.7338640362566,7.25656223539373,38.0855873411801,245436546.875,13854.730278013,16254.3772996206,182771600.0,188938725.906402,10665.4657581937,10317.335591306803,74.4679642568003,3.3867882936513993,-0.17586276889707264,2013.0,2023.0,4.19174548581256,,
PLW,Palau,2015,Oceania,East Asia & Pacific,Micronesia,17770.0,80.388246269234,7.5185008019359,38.6223574381777,283224750.0,15938.3652222848,17756.0262069064,194928000.0,194928000.0,10969.4991558807,10969.499155880698,68.8244936221146,3.1699557964443015,-0.17586276889707264,2013.0,2023.0,0.949040643697081,,
PLW,Palau,2016,Oceania,East Asia & Pacific,Micronesia,17797.0,80.1089335766065,7.84401865482947,38.8546461730514,303326125.0,17043.6660673147,18195.8361471596,207198100.0,205610920.422314,11553.1224600952,11642.304882845423,68.3086892037407,5.480444278048302,-0.17586276889707264,2013.0,2023.0,-1.04230533415074,,
PLW,Palau,2017,Oceania,East Asia & Pacific,Micronesia,17812.0,79.8284579022498,8.25286323826634,39.16712243144,289983656.25,16280.241199753,17872.9168958861,209879300.0,205603135.952078,11542.9562066067,11783.028295531103,72.3762513770981,-0.003786019837848098,-0.17586276889707264,2013.0,2023.0,1.4179881966692,,
PLW,Palau,2018,Oceania,East Asia & Pacific,Micronesia,17814.0,79.5520868568744,8.6699037301075,39.5456325891109,288228343.75,16179.877834849,18203.969912435,212484000.0,203215444.318982,11407.6257055676,11927.921859211856,73.7207164415106,-1.1613109022094559,-0.17586276889707264,2013.0,2023.0,2.10970464135017,,
PLW,Palau,2019,Oceania,East Asia & Pacific,Micronesia,17798.0,79.2803814152827,9.09371839532532,39.9512501965718,281954000.0,15841.8923474548,18576.7451553901,207095700.0,201516289.078248,11322.4120169821,11635.897291830543,73.4501727232102,-0.8361348943867086,-0.17586276889707264,2013.0,2023.0,0.26737967914444,,
PLW,Palau,2020,Oceania,East Asia & Pacific,Micronesia,17792.0,79.0796884006264,9.52113309352518,40.3739940034717,258985859.375,14556.30954221,17701.5330429975,205102300.0,204194244.145264,11476.7448373013,11527.782149280576,79.1944009974,1.3289025315348812,-0.17586276889707264,2013.0,2023.0,0.218181818181833,,
PLW,Palau,2021,Oceania,East Asia & Pacific,Micronesia,17783.0,79.0890798782416,9.93645616600124,40.8252158073968,235935734.375,13267.4877340719,16312.190220013,196158129.692078,194660597.401415,10946.443086173,11030.654540408143,83.1404917155538,-4.66891061682756,-0.17586276889707264,2013.0,2023.0,2.6124818577648,,
PLW,Palau,2022,Oceania,East Asia & Pacific,Micronesia,17759.0,79.1134831712956,10.3778365898981,41.2358835692699,247470812.5,13934.951996171,17415.0224611906,216086580.276489,193056264.585826,10870.8972681922,12167.722297228955,87.3180065533947,-0.8241692653807253,-0.17586276889707264,2013.0,2023.0,12.3526638378124,,82.56749725
PLW,Palau,2023,Oceania,East Asia & Pacific,Micronesia,17727.0,79.1531991438847,10.8503737131575,41.6233921866262,276157406.25,15578.3497630733,18313.2535592192,223967833.518982,179560824.719782,10129.2279979569,12634.277289952162,81.1015125613644,-6.990417998088027,-0.17586276889707264,2013.0,2023.0,12.8199748216534,,82.91629791
PNG,Papua New Guinea,2013,Oceania,East Asia & Pacific,Melanesia,8302698.0,13.0582475733094,2.77963878606923,65.3208940914198,21261338064.8783,2560.77458976327,3109.8953723707,,,,,,,,,,4.9603174603175,2.698,5.099999905
PNG,Papua New Guinea,2014,Oceania,East Asia & Pacific,Melanesia,8523441.0,13.1316404025265,2.80850187148594,64.6770936798606,23210823987.308,2723.17529825196,3499.54846741228,,,,,,,,,,5.22211720226841,2.54,6.5
PNG,Papua New Guinea,2015,Oceania,East Asia & Pacific,Melanesia,8743246.0,13.2341359836319,2.84453851578693,64.0395867812166,21723437010.0982,2484.5963398603,3669.7387159095,,,,,,,,,,5.99595778127107,2.507,7.900000095
PNG,Papua New Guinea,2016,Oceania,East Asia & Pacific,Melanesia,8961718.0,13.3653651942392,2.88799552094785,63.4039488403005,20758876952.6232,2316.39479758492,3812.71035088181,,,,,,,,,,6.6737288135593,2.478,9.601499557
PNG,Papua New Guinea,2017,Oceania,East Asia & Pacific,Melanesia,9178714.0,13.5249644881888,2.93653337493684,62.747368992176,22742699138.356,2477.76530986323,3923.17197669347,,,,,,,,,,5.42204568023834,2.58,11.20919991
PNG,Papua New Guinea,2018,Oceania,East Asia & Pacific,Melanesia,9394513.0,13.7125720532162,2.99107558895945,62.0835728625426,24109780708.0268,2566.36833735041,3909.91572972608,,,,,,,,,,4.37448921453162,2.65,12.35789967
PNG,Papua New Guinea,2019,Oceania,East Asia & Pacific,Melanesia,9609010.0,13.9278267446947,3.05067327435397,61.4277597667137,24750626029.8777,2575.77274140393,4059.82860203125,,,,,,,,,,3.92867290939597,2.651,13.62419987
PNG,Papua New Guinea,2020,Oceania,East Asia & Pacific,Melanesia,9815746.0,14.1703677185729,3.11055843898968,60.7966355025057,23848447849.6081,2429.61134585269,3900.18920976888,,,,,,,,,,4.87167398565555,2.903,15.02040005
PNG,Papua New Guinea,2021,Oceania,East Asia & Pacific,Melanesia,10012896.0,14.4398342822353,3.17095573548352,60.2004502555026,26113409477.7318,2607.97769973161,3977.44297360749,,,,,,,,,,4.48359014042398,3.03,16.55960083
PNG,Papua New Guinea,2022,Oceania,East Asia & Pacific,Melanesia,10203169.0,14.7358658260841,3.24702044791082,59.6478729772873,31653230962.4549,3102.29409730005,4419.49434920144,,,,,,,,,,5.25323922215241,2.689,18.25659943
PNG,Papua New Guinea,2023,Oceania,East Asia & Pacific,Melanesia,10389635.0,15.0581017891206,3.34830819369497,59.1154128064381,30816328065.6492,2966.06455045333,4672.27238740885,,,,,,,,,,2.29869991296791,2.649,18.56130028
POL,Poland,2013,Europe,Europe & Central Asia,Eastern Europe,38040196.0,60.5333187465323,14.4308218173312,41.9187994358197,518179836405.36,13621.9023794031,24433.8914344877,318287220501.567,265177742406.155,6970.98780474619,8367.12882608615,61.4240844857147,,3.251180468893433,2013.0,2023.0,0.991982606332335,10.293,62.8492
POL,Poland,2014,Europe,Europe & Central Asia,Eastern Europe,38011735.0,60.4340063344328,14.8828006858362,42.8060356896606,542134167178.627,14262.2841914116,25459.7392273761,328139552429.481,273597161427.245,7197.70253652576,8632.585501016489,60.5273698459523,3.175009691497621,3.251180468893433,2013.0,2023.0,0.0538213132399802,8.971,66.5987360557248
POL,Poland,2015,Europe,Europe & Central Asia,Eastern Europe,37986412.0,60.3362886805635,15.3775328347538,43.8362521585049,480054118583.367,12637.5220324406,26988.1069013509,284314100013.264,284314100013.264,7484.62634515901,7484.626345159,59.2254266773654,3.917050356119578,3.251180468893433,2013.0,2023.0,-0.874125874125862,7.475,67.9969871556415
POL,Poland,2016,Europe,Europe & Central Asia,Eastern Europe,37970087.0,60.2402284228997,15.9129115092505,45.0280416831877,473259623976.262,12464.0121044827,28359.6927346266,279905589529.021,295049369942.963,7770.57397690354,7371.739483478692,59.1441938733949,3.7758485876002057,3.251180468893433,2013.0,2023.0,-0.664767331433962,6.141,73.3007040962669
POL,Poland,2017,Europe,Europe & Central Asia,Eastern Europe,37974826.0,60.145888199417,16.4659360432975,46.3552256954314,528356723263.073,13913.3415190124,30170.2818974087,315459897288.754,312941610293.142,8240.76482386364,8307.079465979752,59.7058546620754,6.064151349869973,3.251180468893433,2013.0,2023.0,2.07593553673859,4.867,75.9853659493832
POL,Poland,2018,Europe,Europe & Central Asia,Eastern Europe,37974750.0,60.0533306480907,17.0145616085721,47.7612534407976,594616632477.019,15658.210586693,32345.1066076225,351203042763.317,328136357607.11,8640.9089620632,9248.330608188784,59.0637771601337,4.855457636245486,3.251180468893433,2013.0,2023.0,1.81295156542689,3.835,77.5417345350006
POL,Poland,2019,Europe,Europe & Central Asia,Eastern Europe,37965475.0,59.9626184068963,17.5584217024462,49.2108489415536,602683770144.88,15874.5220531254,35882.3655065553,348527559824.19,338782358402.971,8923.43262932892,9180.118510941586,57.8292592382912,3.244383180667798,3.251180468893433,2013.0,2023.0,2.22747880938291,3.267,80.4359068768673
POL,Poland,2020,Europe,Europe & Central Asia,Eastern Europe,37515748.0,59.8738141138092,18.0760468179361,50.5227064080951,605914237903.742,16150.9304813473,37089.3004256812,343642762658.692,327823743202.016,8738.29686674556,9159.960309433041,56.7147528745288,-3.234706568728729,3.251180468893433,2013.0,2023.0,3.37446972618589,3.155,83.18488715
POL,Poland,2021,Europe,Europe & Central Asia,Eastern Europe,36981559.0,59.8096513205543,18.5352368986876,51.5090347483071,689170230665.35,18635.5104895754,41059.5847829682,389136568626.208,348147022151.479,9414.07100094074,10522.449002926243,56.4645063456268,6.199453020380874,3.251180468893433,2013.0,2023.0,5.05502704719272,3.268,85.37490906
POL,Poland,2022,Europe,Europe & Central Asia,Eastern Europe,36821749.0,59.8315488048321,19.0192157040405,52.306617945756,695607470875.276,18891.2121169279,46777.5524519162,404410213656.748,366084971481.629,9942.08535508807,10982.91701615662,58.1377041778867,5.152406365361695,3.251180468893433,2013.0,2023.0,14.4294507575758,2.811,86.94113479
POL,Poland,2023,Europe,Europe & Central Asia,Eastern Europe,36687353.0,59.8859561370214,19.5609114692528,53.040171083641,812451193396.143,22145.2660647429,48473.0940286419,468343271743.174,365163469956.228,9953.38829585846,12765.796206206918,57.645711588587,-0.25171793359106687,3.251180468893433,2013.0,2023.0,11.5289127961105,2.743,86.414744
PRI,Puerto Rico (US),2013,Latin America,Latin America & Caribbean ,Latin America and the Caribbean,3631427.0,93.7698316907305,16.9323569100211,53.0622119883651,102450000000.0,28212.0499737431,32279.4000290919,62477600000.0,64394748734.9532,17732.6292763019,17204.69666607645,60.983504148365,,2.5935214753765257,2013.0,2023.0,,14.3,68.999990004
PRI,Puerto Rico (US),2014,Latin America,Latin America & Caribbean ,Latin America and the Caribbean,3585017.0,93.7813071818968,17.4810920560341,52.830179831457,102445800000.0,28576.0988023209,32391.0670311533,61899400000.0,62387379556.2471,17402.2548725005,17266.138486930467,60.4216083040984,-3.1172870740879377,2.5935214753765257,2013.0,2023.0,,13.9,76.1338597201667
PRI,Puerto Rico (US),2015,Latin America,Latin America & Caribbean ,Latin America and the Caribbean,3535167.0,93.7987161428303,18.1467548731668,52.8564868623137,103375500000.0,29242.041465085,32323.5456459985,61640500000.0,61640500000.0,17436.3757072862,17436.375707286246,59.6277647992029,-1.1971644931387582,2.5935214753765257,2013.0,2023.0,,12.0,63.4663353848474
PRI,Puerto Rico (US),2016,Latin America,Latin America & Caribbean ,Latin America and the Caribbean,3480432.0,93.8232738004303,18.9020880996373,53.0953758178919,104336700000.0,29978.0889268918,32245.8484276651,60979400000.0,60958657150.6582,17514.6812667675,17520.64111581551,58.4448233459559,-1.106160477838103,2.5935214753765257,2013.0,2023.0,,11.8,68.6438071976518
PRI,Puerto Rico (US),2017,Latin America,Latin America & Caribbean ,Latin America and the Caribbean,3410837.0,93.8561953815964,19.9137956984448,54.357888467815,103445500000.0,30328.479490518,31866.6160571769,62453800000.0,62012053217.1599,18180.8902674505,18310.402989061044,60.3736266923162,1.7280499862361465,2.5935214753765257,2013.0,2023.0,,10.8,68.7407731407209
PRI,Puerto Rico (US),2018,Latin America,Latin America & Caribbean ,Latin America and the Caribbean,3290690.0,93.8986961132283,20.929871358282,55.496940093307,100958100000.0,30679.9181934488,33706.5915157959,65157100000.0,63660311743.3102,19345.5815477332,19800.436990418424,64.5387541960477,2.657964767556198,2.5935214753765257,2013.0,2023.0,,9.2,70.8563997424362
PRI,Puerto Rico (US),2019,Latin America,Latin America & Caribbean ,Latin America and the Caribbean,3302691.0,93.9519912222253,21.6954965103704,55.5573505958644,105126400000.0,31830.5284993358,36217.7204390287,68758800000.0,66470393945.0319,20126.1316741505,20819.023033035788,65.4058352611713,4.414182282129642,2.5935214753765257,2013.0,2023.0,,8.3,77.7364393708352
PRI,Puerto Rico (US),2020,Latin America,Latin America & Caribbean ,Latin America and the Caribbean,3281591.0,94.0116144995587,22.4538395905739,55.8410147549781,103130900000.0,31427.1034994916,36858.5972898583,65469600000.0,63147663624.6045,19243.0024413781,19950.566661110417,63.4820407850605,-4.998812438474721,2.5935214753765257,2013.0,2023.0,,8.89,
PRI,Puerto Rico (US),2021,Latin America,Latin America & Caribbean ,Latin America and the Caribbean,3262731.0,94.0550712597302,23.2057721450506,56.3281465609764,106426600000.0,32618.8705106244,40559.226188957,79852500000.0,77166598852.9243,23650.9227554844,24474.12918809427,75.0305844591484,22.200243720272095,2.5935214753765257,2013.0,2023.0,,7.9,84.78666399
PRI,Puerto Rico (US),2022,Latin America,Latin America & Caribbean ,Latin America and the Caribbean,3220148.0,94.1110923054937,23.8149799974915,56.6985045226365,113843700000.0,35353.5613891039,45320.1718585525,87396300000.0,81894145872.7505,25431.7956419241,27140.460624791158,76.7686749464397,6.126416208697583,2.5935214753765257,2013.0,2023.0,,6.0,87.29178106
PRI,Puerto Rico (US),2023,Latin America,Latin America & Caribbean ,Latin America and the Caribbean,3203794.0,94.1774359275881,24.2437244035166,56.8593409036051,118478754280.882,36980.7653928068,47582.5504550609,92363500000.0,83185919839.2065,25964.815415475,28829.412877357285,77.9578588250771,1.577370339099926,2.5935214753765257,2013.0,2023.0,,5.725,
PRK,"Korea, Dem. People's Rep.",2013,East Asia,East Asia & Pacific,Eastern Asia,25329451.0,60.8843063158034,10.5613498973714,44.9167005556729,,,,,,,,,,,,,,3.567,
PRK,"Korea, Dem. People's Rep.",2014,East Asia,East Asia & Pacific,Eastern Asia,25451262.0,61.0940947540873,10.7508541374265,44.6183996622518,,,,,,,,,,,,,,3.509,
PRK,"Korea, Dem. People's Rep.",2015,East Asia,East Asia & Pacific,Eastern Asia,25575350.0,61.3247571174501,10.9463487303204,44.4304103992538,,,,,,,,,,,,,,3.523,
PRK,"Korea, Dem. People's Rep.",2016,East Asia,East Asia & Pacific,Eastern Asia,25698326.0,61.5681351428803,10.986594788575,44.0123282583146,,,,,,,,,,,,,,3.574,
PRK,"Korea, Dem. People's Rep.",2017,East Asia,East Asia & Pacific,Eastern Asia,25817709.0,61.8206076091402,10.87340884649,43.3710786654511,,,,,,,,,,,,,,3.498,
PRK,"Korea, Dem. People's Rep.",2018,East Asia,East Asia & Pacific,Eastern Asia,25931147.0,62.0826119807623,10.8409375250363,42.9880557043149,,,,,,,,,,,,,,3.409,
PRK,"Korea, Dem. People's Rep.",2019,East Asia,East Asia & Pacific,Eastern Asia,26037632.0,62.3542226611578,10.9247931815613,42.9458246992114,,,,,,,,,,,,,,3.439,
PRK,"Korea, Dem. People's Rep.",2020,East Asia,East Asia & Pacific,Eastern Asia,26136312.0,62.6355140538495,11.0886493855751,43.1993270106715,,,,,,,,,,,,,,3.624,
PRK,"Korea, Dem. People's Rep.",2021,East Asia,East Asia & Pacific,Eastern Asia,26232534.0,62.926560562457,11.2824977427361,43.5542200289193,,,,,,,,,,,,,,3.692,
PRK,"Korea, Dem. People's Rep.",2022,East Asia,East Asia & Pacific,Eastern Asia,26328845.0,63.2274365906829,11.5930531703916,44.127259935747,,,,,,,,,,,,,,3.457,
PRK,"Korea, Dem. People's Rep.",2023,East Asia,East Asia & Pacific,Eastern Asia,26418204.0,63.5382165423021,12.0285977805304,44.9468910727381,,,,,,,,,,,,,,3.463,
PRT,Portugal,2013,Europe,Europe & Central Asia,Southern Europe,10457295.0,61.1405315215642,19.6276592820198,52.4520220427443,226677408291.745,21676.4859642714,27966.0874254705,148280216756.497,125124122711.856,11965.2474862625,14179.595847348382,65.414642718013,,1.9873378112436502,2013.0,2023.0,0.274416666666663,16.237,62.0956
PRT,Portugal,2014,Europe,Europe & Central Asia,Southern Europe,10401062.0,61.1394537361116,20.1141031472732,53.0684518514169,230078616299.675,22120.6850127107,28764.5254955042,152158852912.291,128047371047.045,12310.9900745756,14629.1650710563,66.1334179418505,2.3362787860825573,1.9873378112436502,2013.0,2023.0,-0.278153367467428,13.88,64.5924200648949
PRT,Portugal,2015,Europe,Europe & Central Asia,Southern Europe,10358076.0,61.137469211538,20.5742532955034,53.5461746188761,199038523119.639,19215.7813014347,29608.0071513956,130312427693.018,130312427693.018,12580.7560876187,12580.756087618782,65.4709579083284,1.768920851284661,1.9873378112436502,2013.0,2023.0,0.48793862390472,12.405,68.6328614804299
PRT,Portugal,2016,Europe,Europe & Central Asia,Southern Europe,10325452.0,61.1343011242723,21.026998642616,54.1064166804349,206305431241.638,19980.2808866516,31589.2695609552,134497739508.359,133386975684.897,12918.2698912258,13025.84521320316,65.1935039707347,2.359366674621266,1.9873378112436502,2013.0,2023.0,0.607397074641719,11.058,70.423567088723
PRT,Portugal,2017,Europe,Europe & Central Asia,Southern Europe,10300300.0,61.1296726507436,21.4882830483163,54.7787059554707,220862990767.229,21442.3842768879,32970.8395386562,141955005731.573,135760498227.741,13180.2470052077,13781.637984483268,64.2728803220735,1.7794260126648531,1.9873378112436502,2013.0,2023.0,1.36861411643482,8.878,73.7912139515729
PRT,Portugal,2018,Europe,Europe & Central Asia,Southern Europe,10283822.0,61.1233069673808,21.9323930135851,55.4000956836287,242092894542.888,23541.1401075289,34896.7993382974,154685642425.536,139235485334.291,13539.2741467415,15041.649148102331,63.895160044911,2.5596452222211408,1.9873378112436502,2013.0,2023.0,0.993715683468233,6.966,74.6609681487507
PRT,Portugal,2019,Europe,Europe & Central Asia,Southern Europe,10286263.0,61.114927250613,22.3900784021367,56.0597690902446,240115970063.019,23343.3628970034,37865.5603564295,153074440206.11,144053865822.743,14004.4898543565,14881.443358594855,63.7502121020666,3.4605980486106303,1.9873378112436502,2013.0,2023.0,0.338178410046124,6.422,75.3463779408712
PRT,Portugal,2020,Europe,Europe & Central Asia,Southern Europe,10297081.0,61.1042566768691,22.8627033998973,56.7408062962516,229618773422.577,22299.4044062173,35966.712796561,146254863974.178,134317906624.631,13044.2701795422,14203.526608577518,63.6946456050522,-6.758554616015666,1.9873378112436502,2013.0,2023.0,-0.0124383299576209,6.85,78.26166044
PRT,Portugal,2021,Europe,Europe & Central Asia,Southern Europe,10361831.0,61.0951249296597,23.2908706037669,57.3226204831259,256055879091.139,24711.4510062111,38657.6677223429,162104379788.916,140892479657.457,13597.2570540339,15644.375959124984,63.3082045857722,4.894785213709074,1.9873378112436502,2013.0,2023.0,1.26565719069044,6.712,82.30902804
PRT,Portugal,2022,Europe,Europe & Central Asia,Southern Europe,10434332.0,61.1259255772782,23.688003515383,57.9534940611134,256898677175.024,24620.5197587181,45250.0152469537,163449304510.339,148748470654.698,14255.6773787434,15664.568130507922,63.6240350895157,5.57587673688531,1.9873378112436502,2013.0,2023.0,7.83269124233323,6.138,84.49690644
PRT,Portugal,2023,Europe,Europe & Central Asia,Southern Europe,10578174.0,61.2048652633664,24.1115106141099,58.7431554582857,292323800948.839,27634.6183139773,49800.3476220918,180152190154.482,152336369205.313,14401.0080761872,17030.55651707771,61.6276162152158,2.412057438186288,1.9873378112436502,2013.0,2023.0,4.31128191898681,6.498,85.79012676
PRY,Paraguay,2013,Latin America,Latin America & Caribbean ,Latin America and the Caribbean,5982445.0,60.2375315600901,5.32268161261825,56.8858508247695,38501122141.4241,6435.68342733182,12137.0081947595,24111638279.7851,21307280114.5877,3561.6341002028,4030.398654694711,62.6258065705647,,3.0260807167923343,2013.0,2023.0,2.68385738718582,4.385,36.9
PRY,Paraguay,2014,Latin America,Latin America & Caribbean ,Latin America and the Caribbean,6069811.0,60.7101965948157,5.44661110535402,56.1352116443968,40377929295.6419,6652.25478942291,12607.0721636639,25820574985.4718,22634558599.068,3729.03844931382,4253.933933934978,63.9472489944122,6.22922530394483,3.0260807167923343,2013.0,2023.0,5.02882767456766,5.034,43.0073750122614
PRY,Paraguay,2015,Latin America,Latin America & Caribbean ,Latin America and the Caribbean,6159103.0,61.3302768533263,5.56309092411671,55.5597734558191,36211447840.0971,5879.33792308671,12679.0574753215,23089828008.784,23089828008.784,3748.8946050722,3748.8946050721997,63.763890664478,2.011390713555805,3.0260807167923343,2013.0,2023.0,3.12900274473925,4.556,49.716304663966
PRY,Paraguay,2016,Latin America,Latin America & Caribbean ,Latin America and the Caribbean,6249126.0,62.0827613208606,5.67323334495096,55.1509755644003,36089700222.9461,5775.1596339946,13329.1373366322,22485213070.0807,23934834950.2524,3830.10919451014,3598.137254726613,62.3036847942128,3.659650219771815,3.0260807167923343,2013.0,2023.0,4.08682280577241,5.255,53.4041274791009
PRY,Paraguay,2017,Latin America,Latin America & Caribbean ,Latin America and the Caribbean,6338660.0,62.9526389826574,5.78578076551032,54.889974325347,38997129473.5558,6152.26711537703,13977.3427788651,24581389617.4603,25077646864.6207,3956.30099494542,3878.010433981362,63.033843642592,4.774680572243728,3.0260807167923343,2013.0,2023.0,3.60247741348943,6.138,61.0757562215797
PRY,Paraguay,2018,Latin America,Latin America & Caribbean ,Latin America and the Caribbean,6427382.0,63.9248988239553,5.90441846341313,54.73685224195,40225448340.6322,6258.44991640954,14139.0931267561,25768606222.7127,26167523396.1515,4071.25691240251,4009.191646414154,64.0604574609142,4.346007970422394,3.0260807167923343,2013.0,2023.0,3.97561015740694,6.217,64.9935430235756
PRY,Paraguay,2019,Latin America,Latin America & Caribbean ,Latin America and the Caribbean,6515058.0,64.9845298299929,6.03178053058008,54.6312782944239,37925338329.1494,5821.18199548637,14149.5985227505,24809239139.2176,26642371355.5952,4089.35290454746,3807.984386204636,65.4159995196382,1.8146461637005284,3.0260807167923343,2013.0,2023.0,2.75709727562775,6.595,68.5176284222264
PRY,Paraguay,2020,Latin America,Latin America & Caribbean ,Latin America and the Caribbean,6603739.0,66.116520986009,6.15003817155416,54.5220192083825,35432178068.1814,5365.47220721191,14308.8787738328,22511136433.9996,25691079206.0428,3890.38379712505,3408.8470840533823,63.5330303169111,-3.5705986409975354,3.0260807167923343,2013.0,2023.0,1.76751592356698,7.548,73.95751114
PRY,Paraguay,2021,Latin America,Latin America & Caribbean ,Latin America and the Caribbean,6684182.0,67.3058612772421,6.18754097360006,54.3435648184816,39937357255.8716,5974.9057185863,15400.9446332428,25071718179.6209,27255089484.0685,4077.55047424927,3750.9029795449765,62.7776094922627,6.087756242088216,3.0260807167923343,2013.0,2023.0,4.787983101236,7.311,77.01838621
PRY,Paraguay,2022,Latin America,Latin America & Caribbean ,Latin America and the Caribbean,6760464.0,68.6396537819458,6.23091107355945,54.219471606521,41841201626.7253,6189.10205375331,16305.6206649067,27459679447.7776,27877385829.4318,4123.59060405199,4061.803960168651,65.6283241880852,2.2832298742847756,3.0260807167923343,2013.0,2023.0,9.76556667164402,6.755,76.25916611
PRY,Paraguay,2023,Latin America,Latin America & Caribbean ,Latin America and the Caribbean,6844146.0,69.3466081733694,6.36927529015307,54.2026658651783,43140465595.6662,6303.26495017292,17585.0746806625,28432615667.6148,28707792857.7558,4194.50328174702,4154.297069000982,65.9070672396059,2.9787837116609595,3.0260807167923343,2013.0,2023.0,4.63202285403356,5.794,78.09481878
PSE,West Bank and Gaza,2013,Middle East,"Middle East, North Africa, Afghanistan & Pakistan",Western Asia,4076708.0,84.8178459889593,3.07821509269255,77.9372989223921,13515500000.0,3315.29753909282,5287.84746119629,11879800000.0,11731500000.0,2877.6895475467,2914.066938323765,87.8975990529392,,2.800214558585168,2013.0,2023.0,1.72439933626931,19.894,46.59999847
PSE,West Bank and Gaza,2014,Middle East,"Middle East, North Africa, Afghanistan & Pakistan",Western Asia,4173398.0,85.0433335176723,3.14478547488197,77.1079372691143,13989700000.0,3352.11259506043,5381.63690987475,12476000000.0,11926900000.0,2857.83910377108,2989.4105474723474,89.179896638241,1.6656011592720343,2.800214558585168,2013.0,2023.0,1.73298510037447,20.526,53.6651997924171
PSE,West Bank and Gaza,2015,Middle East,"Middle East, North Africa, Afghanistan & Pakistan",Western Asia,4270092.0,85.2182174537886,3.21502621326908,76.4598535621394,13972400000.0,3272.15432360708,5769.98236633203,12348300000.0,12348300000.0,2891.81123029668,2891.8112302966774,88.3763705591022,3.5331896804702057,2.800214558585168,2013.0,2023.0,1.43161145810476,23.005,56.70000076
PSE,West Bank and Gaza,2016,Middle East,"Middle East, North Africa, Afghanistan & Pakistan",Western Asia,4367088.0,85.3377390706351,3.28405075269727,75.9242787531905,15405400000.0,3527.61382413178,6062.23274844577,13534000000.0,13569000000.0,3107.10478011893,3099.0902862502426,87.8523115271268,9.885571293214458,2.800214558585168,2013.0,2023.0,-0.219106604907316,23.939,59.90000153
PSE,West Bank and Gaza,2017,Middle East,"Middle East, North Africa, Afghanistan & Pakistan",Western Asia,4454805.0,85.3782255354,3.35569557065348,75.6896464008083,16128000000.0,3620.36048715937,6106.64574037122,14301800000.0,13420300000.0,3012.54488131355,3210.421107096719,88.6768353174603,-1.0958803154248686,2.800214558585168,2013.0,2023.0,0.212570934228881,25.677,63.29999924
PSE,West Bank and Gaza,2018,Middle East,"Middle East, North Africa, Afghanistan & Pakistan",Western Asia,4569087.0,85.5351131070872,3.4276431178253,75.6773580843112,16276600000.0,3562.33094270256,6215.81647317396,14468100000.0,13570100000.0,2969.98065477851,3166.5188253145543,88.8889571532138,1.1162194585814023,2.800214558585168,2013.0,2023.0,-0.195107773730735,26.256,64.3999937114499
PSE,West Bank and Gaza,2019,Middle East,"Middle East, North Africa, Afghanistan & Pakistan",Western Asia,4685306.0,85.8136174183656,3.50508535292495,75.5232104451405,17133500000.0,3656.85827137011,6508.44835080318,15427900000.0,14126500000.0,3015.06454434353,3292.826551776981,90.0452330230251,4.100190860789521,2.800214558585168,2013.0,2023.0,1.58018333639455,25.34,70.6225837001758
PSE,West Bank and Gaza,2020,Middle East,"Middle East, North Africa, Afghanistan & Pakistan",Western Asia,4803269.0,86.0741183743925,3.57539471825902,75.0766806037347,15531700000.0,3233.56863835858,5956.28620064819,13778800000.0,12281400000.0,2556.88365569365,2868.629676997062,88.7140493313675,-13.061267829964962,2.800214558585168,2013.0,2023.0,-0.735332001092191,25.895,76.18160248
PSE,West Bank and Gaza,2021,Middle East,"Middle East, North Africa, Afghanistan & Pakistan",Western Asia,4922749.0,86.334956387337,3.63026654688014,74.3888286268739,18109000000.0,3678.63565662194,5663.12160743584,16028300000.0,13207200000.0,2682.8912057064,3255.9653153146746,88.5101330829974,7.538228540720104,2.800214558585168,2013.0,2023.0,1.23748102831369,26.39,
PSE,West Bank and Gaza,2022,Middle East,"Middle East, North Africa, Afghanistan & Pakistan",Western Asia,5043612.0,86.5961423216016,3.70279929202472,73.58927215619,19165500000.0,3799.95527015163,6162.27222447827,19136500000.0,15541400000.0,3081.40277245752,3794.205422621724,99.8486864417834,17.67369313707674,2.800214558585168,2013.0,2023.0,3.74122391852077,24.42,88.64690554
PSE,West Bank and Gaza,2023,Middle East,"Middle East, North Africa, Afghanistan & Pakistan",Western Asia,5165775.0,86.8576870415886,3.80247435781418,72.928715183441,18635100000.0,3607.41611858821,6178.51270322198,18310800000.0,15463000000.0,2993.35530486713,3544.6375422855235,98.2597356601252,-0.5044590577425456,2.800214558585168,2013.0,2023.0,5.87110177678988,,86.63765334
PYF,French Polynesia,2013,Oceania,East Asia & Pacific,Polynesia,274728.0,61.6130486661995,6.83040467372214,46.5489558050836,6031827122.60663,21955.6329264095,,4065332237.74708,,,14797.66255258685,67.3980231049836,,,,,,12.027,56.8
PYF,French Polynesia,2014,Oceania,East Asia & Pacific,Polynesia,276387.0,61.6824807401268,7.0737641897698,46.25508001016,6151996560.84289,22258.6321384251,,4089827105.31617,,,14797.465529551571,66.4796715158732,,,,,,11.894,60.68
PYF,French Polynesia,2015,Oceania,East Asia & Pacific,Polynesia,277866.0,61.7374742154907,7.31521668718015,45.9045488676402,5325846361.81186,19166.9594761931,,3480081314.89565,3480081314.89565,12524.3150111768,12524.31501117679,65.3432539821093,,,,,,11.794,64.560209747212
PYF,French Polynesia,2016,Oceania,East Asia & Pacific,Polynesia,279178.0,61.7744381369651,7.55684107780892,45.5128271951131,5497036476.8031,19690.0775734589,,3564718950.60884,,,12768.624141618751,64.8480133914258,,,,,,11.727,68.440419493378
PYF,French Polynesia,2017,Oceania,East Asia & Pacific,Polynesia,280087.0,61.7896941062846,7.87488865047048,45.1927612787509,5833352692.7995,20826.9312492172,,3764502630.51125,,,13440.476103893612,64.5341166351561,,,,,,11.595,72.7038953132942
PYF,French Polynesia,2018,Oceania,East Asia & Pacific,Polynesia,279815.0,61.7888025236875,8.30422188906619,44.6934596450585,6135116253.33452,21925.616043938,,3979947038.80939,,,14223.494233008916,64.8715831040078,,,,,,11.599,
PYF,French Polynesia,2019,Oceania,East Asia & Pacific,Polynesia,279034.0,61.7824142427508,8.77511123216388,44.1090343805358,6022276196.13871,21582.5892046801,,3973085986.58093,,,14238.71638073113,65.9731612629847,,,,,,11.591,
PYF,French Polynesia,2020,Oceania,East Asia & Pacific,Polynesia,279209.0,61.7673100921,9.20636512433338,43.9125213258905,5574821989.38239,19966.4838503859,,3956046172.51387,,,14168.76308612498,70.9627353133143,,,,,,12.963,
PYF,French Polynesia,2021,Oceania,East Asia & Pacific,Polynesia,279792.0,61.7399813226008,9.65288500028593,43.9054246580979,5994931236.42282,21426.3854449835,,4364581945.8587,,,15599.380775214087,72.8045372620996,,,,,,12.558,
PYF,French Polynesia,2022,Oceania,East Asia & Pacific,Polynesia,280378.0,61.6913806937112,10.1726954325946,43.8573627501283,5622688338.06317,20053.9569369322,,4156004677.25015,,,14822.862982295866,73.9149038212877,,,,,,11.793,
PYF,French Polynesia,2023,Oceania,East Asia & Pacific,Polynesia,281118.0,61.6967135028569,10.7255481229446,43.7995222335327,6137447782.87066,21832.2831795569,,4508498002.18258,,,16037.74216586124,73.4588409007014,,,,,,11.613,
QAT,Qatar,2013,Middle East,"Middle East, North Africa, Afghanistan & Pakistan",Western Asia,1916426.0,98.8357621827901,1.08472179789742,18.6697215040946,198727642967.033,103697.008372373,169203.261058049,28942480054.9451,31012530891.102,16182.4828566832,15102.320702675239,14.5638923819704,,2.8044318797852075,2013.0,2020.0,3.22197756829293,0.28,85.3
QAT,Qatar,2014,Middle East,"Middle East, North Africa, Afghanistan & Pakistan",Western Asia,2151745.0,98.901627838826,1.06179216109832,18.2924831391245,206224598571.429,95840.6310094498,148389.108964021,32544123846.1538,33498108205.3822,15567.8801184072,15124.52630128282,15.7809126901424,8.014751595115222,2.8044318797852075,2013.0,2020.0,3.34972085659523,0.2,91.48999786
QAT,Qatar,2015,Middle East,"Middle East, North Africa, Afghanistan & Pakistan",Western Asia,2344557.0,98.9382407681154,1.05084577481311,17.6464950526448,161739955576.923,68985.2946961507,102545.939634633,36052148159.3407,36052148159.3407,15376.9552880739,15376.955288073908,22.2901929401077,7.624430425441564,2.8044318797852075,2013.0,2020.0,1.8140772393776,0.17,92.8848264535481
QAT,Qatar,2016,Middle East,"Middle East, North Africa, Afghanistan & Pakistan",Western Asia,2477113.0,98.9855265345423,1.08622390331203,17.3550598474027,151732181868.132,61253.6375482797,89934.692005072,38068889368.1319,38569829220.0522,15570.4762843085,15368.248993135112,25.0895287337376,6.98344256654011,2.8044318797852075,2013.0,2020.0,2.6765917009819,0.15,95.1246621661148
QAT,Qatar,2017,Middle East,"Middle East, North Africa, Afghanistan & Pakistan",Western Asia,2545820.0,99.0310125265978,1.12252533934654,17.4530719656234,161099122225.275,63279.8556949332,99358.3403307696,39785869203.2967,40030261078.1806,15723.9164898463,15627.91917861306,24.6965151974334,3.786461821742093,2.8044318797852075,2013.0,2020.0,0.394878914083005,0.14,97.3888491654164
QAT,Qatar,2018,Middle East,"Middle East, North Africa, Afghanistan & Pakistan",Western Asia,2580734.0,99.0755684762244,1.14427291316419,17.784456417313,183334953818.681,71039.8490579352,110032.713236323,40435425439.5604,40856252938.8991,15831.2530229381,15668.187980458428,22.0554916546635,2.063418619991775,2.8044318797852075,2013.0,2020.0,0.255815382724408,0.11,99.6528491261175
QAT,Qatar,2019,Middle East,"Middle East, North Africa, Afghanistan & Pakistan",Western Asia,2638657.0,99.1191696672067,1.17212029932225,18.6630569940031,176371267692.308,66841.3013484919,107502.469793988,41393737857.1429,42032010695.0687,15929.319610343,15687.426542041236,23.4696605624887,2.8777914556382678,2.8044318797852075,2013.0,2020.0,-0.666641124861147,0.1,99.6528042086389
QAT,Qatar,2020,Middle East,"Middle East, North Africa, Afghanistan & Pakistan",Western Asia,2794148.0,99.1617913833034,1.24769251348821,19.968510996034,144411363351.648,51683.5054376677,82149.3573751713,37513425329.6703,37637439618.8984,13470.095220045,13425.711640782916,25.9767821998352,-10.455295864981984,2.8044318797852075,2013.0,2020.0,-2.5403150300476,0.14,99.65284913
QAT,Qatar,2021,Middle East,"Middle East, North Africa, Afghanistan & Pakistan",Western Asia,2504910.0,99.203408908243,1.30386268899766,20.2600013826796,179732009560.44,71751.8831257169,116832.570294098,39319284478.022,,,15696.885108855011,21.8766176231952,,2.8044318797852075,2013.0,2020.0,2.30446565742003,0.14,99.65280151
QAT,Qatar,2022,Middle East,"Middle East, North Africa, Afghanistan & Pakistan",Western Asia,2657333.0,99.243997525719,1.39110202233051,19.960355294568,235709325714.286,88701.463352273,122901.018274888,45955965357.1429,,,17294.018234501622,19.4968804131442,,2.8044318797852075,2013.0,2020.0,4.99527553740761,0.13,98.03800201
QAT,Qatar,2023,Middle East,"Middle East, North Africa, Afghanistan & Pakistan",Western Asia,2656032.0,99.2835325193835,1.57209502793142,20.0951254427778,213002809340.659,80195.8746508549,129024.806992334,,,,,,,2.8044318797852075,2013.0,2020.0,3.02764899198902,0.13,98.15229797
ROU,Romania,2013,Europe,Europe & Central Asia,Eastern Europe,19983693.0,53.9101758034365,16.4582814237269,47.3962302449571,189798603751.235,9497.67411615237,19678.1401421845,116484185152.454,99077269715.6115,4957.90591436785,5828.961901709258,61.3725195287144,,5.066003555032905,2013.0,2023.0,3.9847123554813,7.096,49.7645
ROU,Romania,2014,Europe,Europe & Central Asia,Eastern Europe,19908979.0,53.8267187624053,16.7939266755188,48.0460231839618,199722319675.741,10031.7710755404,20633.0192361402,121865892346.623,103102566946.713,5178.6968556606,6121.152287448945,61.01766319582,4.062785785938194,5.066003555032905,2013.0,2023.0,1.06830987684298,6.802,54.0783206550943
ROU,Romania,2015,Europe,Europe & Central Asia,Eastern Europe,19815616.0,53.7071839518893,17.209625303825,48.9572601796888,177885131240.315,8977.01748158196,21624.5759002018,109194398835.45,109194398835.45,5510.52255127723,5510.522551277235,61.3847813328101,5.908516217530724,5.066003555032905,2013.0,2023.0,-0.594156437495203,6.812,55.7631556336233
ROU,Romania,2016,Europe,Europe & Central Asia,Eastern Europe,19702267.0,53.5528171972639,17.5741928757273,49.8906722812143,185290759248.844,9404.54005870715,23905.2650215388,115040046235.905,115794084424.308,5877.19598076239,5838.924334743053,62.0862296113792,6.04397813371671,5.066003555032905,2013.0,2023.0,-1.54479666813897,5.901,59.5039512852713
ROU,Romania,2017,Europe,Europe & Central Asia,Eastern Europe,19588715.0,53.3648643239046,17.9121340991497,50.9128670248701,210147385855.419,10727.9822007426,26943.28718432,131979335184.375,129191716687.507,6595.21141062633,6737.5187797859635,62.803224816309,11.570221682573711,5.066003555032905,2013.0,2023.0,1.3390212110439,4.927,63.7472821822484
ROU,Romania,2018,Europe,Europe & Central Asia,Eastern Europe,19473970.0,53.1445711571868,18.2496778221635,51.9746076994291,241791427223.903,12416.134317959,29382.8866943611,154115709364.964,141291258915.246,7255.39060167216,7913.933798037277,63.7391123144534,9.365571213056768,5.066003555032905,2013.0,2023.0,4.62548443137779,4.187,70.6812779273268
ROU,Romania,2019,Europe,Europe & Central Asia,Eastern Europe,19371648.0,52.8931835224862,18.604236526527,53.0183319640266,250080428511.595,12909.6104013244,33425.1219389628,155725691228.608,145719485318.283,7522.30710150643,8038.845803341461,62.2702432795089,3.1341120724908134,5.066003555032905,2013.0,2023.0,3.82785432599438,3.912,73.6574757545465
ROU,Romania,2020,Europe,Europe & Central Asia,Eastern Europe,19265250.0,52.611947245178,19.0166656963587,54.1194231232454,250624575871.819,13009.1525348396,34193.845654499,153414820923.657,140439839675.607,7289.8010498492,7963.292504569472,61.2129997187987,-3.6231569382393136,5.066003555032905,2013.0,2023.0,2.63107311184743,5.035,78.45526895
ROU,Romania,2021,Europe,Europe & Central Asia,Eastern Europe,19122059.0,52.2321512130811,19.3269658332554,54.8586318110313,285072444957.216,14908.0412813921,37534.0002643549,175185823478.512,150234008487.434,7856.58116039876,9161.45188541213,61.4530890576969,6.973924802570219,5.066003555032905,2013.0,2023.0,5.05232876096582,5.59,83.5904265
ROU,Romania,2022,Europe,Europe & Central Asia,Eastern Europe,19048502.0,52.1634832477272,19.5152470245056,55.1136103150113,295317862855.924,15503.4691366242,41979.4260140907,186656691905.727,158406098671.681,8315.93469511043,9799.022091381621,63.2053510412916,5.4395740794805025,5.066003555032905,2013.0,2023.0,13.7954887432521,5.614,85.50309124
ROU,Romania,2023,Europe,Europe & Central Asia,Eastern Europe,19061062.0,52.1645747011867,19.7531409207066,55.3509300976065,347757995758.914,18244.4186876321,45981.6373404846,213789148066.371,162403790429.479,8520.18583379451,11216.01451516033,61.4764148268734,2.5236981349334275,5.066003555032905,2013.0,2023.0,10.3971874764996,5.589,89.20335498
RUS,Russian Federation,2013,Europe,Europe & Central Asia,Eastern Europe,143805638.0,74.0762949770228,12.883783946717,40.7840417932466,2292470078346.22,15941.4482421875,26019.7265625,1218805933095.0,776981225099.339,5402.99560546875,8475.36960334615,53.1656201146252,,1.059240946146911,2013.0,2023.0,6.75466833903486,5.513,67.97
RUS,Russian Federation,2014,Europe,Europe & Central Asia,Eastern Europe,144237223.0,74.1776476748791,13.1683587965298,42.1236258137655,2059241589895.01,14055.47265625,25688.2265625,1107110084637.36,793066434534.862,5413.12109375,7675.619799178747,53.7630013918765,2.0702185478763013,1.059240946146911,2013.0,2023.0,7.82016970013845,5.212,70.5175682574413
RUS,Russian Federation,2015,Europe,Europe & Central Asia,Eastern Europe,144640716.0,74.275919065527,13.534464750748,43.6560400391556,1363482182197.71,9277.7138671875,23994.013671875,718280078079.808,718280078079.808,4887.48388671875,4965.960470493025,52.6798287104904,-9.430024169276141,1.059240946146911,2013.0,2023.0,15.5343959935701,5.615,70.0992412263947
RUS,Russian Federation,2016,Europe,Europe & Central Asia,Eastern Europe,145015460.0,74.3703138709243,13.8715252574284,45.0865219275749,1276786350881.14,8663.158203125,24012.40234375,679860796210.232,700051426431.724,4749.93798828125,4688.195287662654,53.2478120353532,-2.5378194668596366,1.059240946146911,2013.0,2023.0,7.04243725413707,5.591,73.091434617897
RUS,Russian Federation,2017,Europe,Europe & Central Asia,Eastern Europe,145293260.0,74.460036813029,14.2409291689874,46.4109081650047,1574199360089.0,10658.9130859375,25777.904296875,832298058504.253,725968736381.542,4915.53857421875,5728.401018080625,52.8711978676701,3.7022008628598613,1.059240946146911,2013.0,2023.0,3.68333072334495,5.238,76.0081385339105
RUS,Russian Federation,2018,Europe,Europe & Central Asia,Eastern Europe,145398106.0,74.5442926137992,14.6302500942335,47.5290734735912,1657328773461.31,11211.8876953125,28628.5625,834728872487.712,756588416600.458,5118.34716796875,5740.988623935115,50.3659192946004,4.217768436080904,1.059240946146911,2013.0,2023.0,2.87831382614981,4.871,80.8647218726954
RUS,Russian Federation,2019,Europe,Europe & Central Asia,Eastern Europe,145453291.0,74.6222859951926,15.063299330246,48.5943754955694,1693115002708.32,11447.701171875,30963.853515625,873630615429.431,784947734281.979,5307.287109375,6006.262281335601,51.5990121186078,3.7483150758435446,1.059240946146911,2013.0,2023.0,4.47202631837903,4.513,82.6421618670668
RUS,Russian Federation,2020,Europe,Europe & Central Asia,Eastern Europe,145245148.0,74.6932216791674,15.4721422383228,49.5678005245706,1493075894362.14,10108.3271484375,31490.8046875,768869991485.184,738713737534.948,5001.1923828125,5293.601900458554,51.4957072435794,-5.890073278486874,1.059240946146911,2013.0,2023.0,3.38219796948068,5.62,84.99466978
RUS,Russian Federation,2021,Europe,Europe & Central Asia,Eastern Europe,144746762.0,74.7516840220252,15.7333987949149,50.271723309629,1829186719575.1,12425.029296875,38638.4296875,920449994094.031,810840723826.538,5507.7587890625,6359.036854268498,50.3201769531677,9.763861510451166,1.059240946146911,2013.0,2023.0,6.69445891957612,4.749,88.21384578
RUS,Russian Federation,2022,Europe,Europe & Central Asia,Eastern Europe,144236933.0,74.8544893625017,16.0755362936472,50.9772520257906,2292495097681.47,15625.6328125,40932.71484375,1079494233929.55,794918253846.137,5418.158203125,7484.173515597077,47.088180691043,-1.9636988513920817,1.059240946146911,2013.0,2023.0,13.7436797398232,3.867,90.41799163
RUS,Russian Federation,2023,Europe,Europe & Central Asia,Eastern Europe,143826130.0,74.9805047873279,16.6046427349856,51.7902694468508,2046284838151.09,13986.9951171875,44298.67578125,1017679151012.97,863318095613.809,5901.04833984375,7075.759815083462,49.7330152693938,8.604638456435708,1.059240946146911,2013.0,2023.0,5.86571931748967,3.076,92.24496346
RWA,Rwanda,2013,Africa,Sub-Saharan Africa ,Sub-Saharan Africa,11093340.0,17.0742206053612,2.83577804340262,80.1580788750867,7714276919.73722,695.397140963607,1491.80370844135,6028629903.75478,5405536250.56267,487.277614367059,543.445878676285,78.1489952523008,,3.843718147705699,2013.0,2023.0,5.92426867984854,11.768,9.0
RWA,Rwanda,2014,Africa,Sub-Saharan Africa ,Sub-Saharan Africa,11364757.0,17.5020716539756,2.88932706612205,79.5357562621641,8129984483.78727,715.36808783393,1655.37851110949,6370117124.74102,5850598394.6207,514.801891023336,560.5150312268903,78.3533737050081,8.233450363258644,3.843718147705699,2013.0,2023.0,2.35449052820358,11.837,10.60000038
RWA,Rwanda,2015,Africa,Sub-Saharan Africa ,Sub-Saharan Africa,11640022.0,18.1953149858416,2.96109405978786,78.9223819506378,8447064078.84373,725.691418696952,1760.5877311941,6793963845.49766,6793963845.49766,583.672766726529,583.6727667265285,80.4298840648507,16.124255798250164,3.843718147705699,2013.0,2023.0,2.52850284192421,11.831,12.45600033
RWA,Rwanda,2016,Africa,Sub-Saharan Africa ,Sub-Saharan Africa,11919183.0,19.1213951786548,3.04670211037116,78.2448735010216,8596812240.52305,721.258515833094,1845.25585689833,6655882363.22266,7045964093.03918,591.14488745069,558.417666984613,77.4226792094939,3.7091785189366178,3.843718147705699,2013.0,2023.0,7.17434301982009,11.788,14.63710022
RWA,Rwanda,2017,Africa,Sub-Saharan Africa ,Sub-Saharan Africa,12202060.0,20.2477568101111,3.14278477802991,77.4819533507808,9164345443.2575,751.049039527547,1949.12266322999,6733957069.60053,6686499493.35578,547.981200990307,551.8705095369577,73.4799567660875,-5.101709218735884,3.843718147705699,2013.0,2023.0,8.27953672260832,11.875,17.2
RWA,Rwanda,2018,Africa,Sub-Saharan Africa ,Sub-Saharan Africa,12487996.0,21.5418444579064,3.24675392272707,76.5839285100698,9650161136.17648,772.754982959354,2128.1982397276,7032862434.5578,7239493666.08399,579.716206354005,563.1698180042499,72.8781865433628,8.270309050015001,3.843718147705699,2013.0,2023.0,-0.311210160390699,10.759,19.16659927
RWA,Rwanda,2019,Africa,Sub-Saharan Africa ,Sub-Saharan Africa,12776103.0,22.9711026997362,3.35702522122747,75.4998497905928,10519272170.3346,823.355304065304,2374.40565682007,7201265316.01262,7411832614.27697,580.132503180115,563.6511631138712,68.457828634959,2.380538697068868,3.843718147705699,2013.0,2023.0,3.34787655037648,11.236,21.3579998
RWA,Rwanda,2020,Africa,Sub-Saharan Africa ,Sub-Saharan Africa,13065837.0,24.5029761132966,3.47570155666262,74.3140418599029,10487146253.4025,802.638686936204,2355.13640819609,7739959929.71523,7715619284.04658,590.518562572499,592.3814853740506,73.8042527747151,4.098671483547056,3.843718147705699,2013.0,2023.0,9.85039902274207,11.829,23.8
RWA,Rwanda,2021,Africa,Sub-Saharan Africa ,Sub-Saharan Africa,13355260.0,26.1049092762833,3.60565799542652,73.147975044359,11252894909.5043,842.581492947672,2776.39276387923,7597179826.98769,7246312410.6044,542.58115608415,568.8530082520064,67.5131145192783,-6.0825561262795365,3.843718147705699,2013.0,2023.0,-0.391346748300791,15.775,24.4416008
RWA,Rwanda,2022,Africa,Sub-Saharan Africa ,Sub-Saharan Africa,13651030.0,27.7806702737761,3.72144812515979,72.0525122623854,13747404814.2677,1007.05989322914,3195.28136566525,8569589285.55657,7085013825.08602,519.009468522596,627.761369329389,62.3360510680723,-2.225940262833981,3.843718147705699,2013.0,2023.0,17.6892095588153,15.084,28.01679993
RWA,Rwanda,2023,Africa,Sub-Saharan Africa ,Sub-Saharan Africa,13954471.0,28.8555310645477,3.82185022198798,71.0958025684348,14806501437.282,1061.05788154076,3518.91850615405,9569634676.44418,7882084412.97098,564.842939081745,685.7755250230682,64.6313021140046,11.250092202541072,3.843718147705699,2013.0,2023.0,19.789546746467,12.352,28.80579948
SAU,Saudi Arabia,2013,Middle East,"Middle East, North Africa, Afghanistan & Pakistan",Western Asia,27624004.0,82.6071884619102,2.32822122505455,39.1407285565451,769755733333.333,27865.465604962,62202.8859202572,237473066666.667,252992898614.638,9158.44417828196,8596.62005068733,30.8504446778614,,4.899514291405382,2013.0,2023.0,3.51104209799866,5.6,60.5
SAU,Saudi Arabia,2014,Middle East,"Middle East, North Africa, Afghanistan & Pakistan",Western Asia,28309273.0,82.7822571294871,2.28000575968204,38.2815919272348,787153066666.667,27805.4850319422,62578.0708415156,265116533333.333,271341380148.379,9584.89397267032,9365.006771220618,33.6804294564988,7.252567812857724,4.899514291405382,2013.0,2023.0,2.24185348779063,5.877,64.713657369019
SAU,Saudi Arabia,2015,Middle East,"Middle East, North Africa, Afghanistan & Pakistan",Western Asia,29816382.0,82.9562773406163,2.22811303229385,37.5454186766442,693414400000.0,23256.1549553531,53930.8273872622,297310933333.333,297310933333.333,9971.39536692726,9971.395366927249,42.8763713781158,9.570804560201228,4.899514291405382,2013.0,2023.0,1.22269318552328,5.6,69.6162358014004
SAU,Saudi Arabia,2016,Middle East,"Middle East, North Africa, Afghanistan & Pakistan",Western Asia,30954198.0,83.129128630626,2.21365075571716,37.2291095685902,689279466666.667,22267.7217050387,49937.0668103808,321756533333.333,309758007470.572,10006.9789393533,10394.600865877159,46.6801274219494,4.186551095745905,4.899514291405382,2013.0,2023.0,2.05347076823965,5.6,74.8792746891625
SAU,Saudi Arabia,2017,Middle East,"Middle East, North Africa, Afghanistan & Pakistan",Western Asia,30977355.0,83.300690534822,2.28023790995907,37.8285364491946,741266133333.333,23929.2907135982,53120.4572456269,340617066666.667,328331283056.674,10599.0741642298,10995.679478337224,45.9507120789367,5.996059871952308,4.899514291405382,2013.0,2023.0,-0.834845735027162,5.89,94.1755996113911
SAU,Saudi Arabia,2018,Middle East,"Middle East, North Africa, Afghanistan & Pakistan",Western Asia,30196281.0,83.4708425884849,2.38074635666274,38.9722820162999,886564800000.0,29360.0658968566,59377.8025368768,376957066666.667,332743967763.653,11019.3691654828,12483.559371654641,42.5188397584324,1.3439732778120161,4.899514291405382,2013.0,2023.0,2.46594308994843,6.029,93.3100018480347
SAU,Saudi Arabia,2019,Middle East,"Middle East, North Africa, Afghanistan & Pakistan",Western Asia,30063799.0,83.6394643268678,2.45024814989585,39.2782204735528,888890133333.333,29566.7933827436,59560.2537904546,393301600000.0,354171943389.364,11780.6782632283,13082.232222215163,44.2463680550847,6.439778839486343,4.899514291405382,2013.0,2023.0,-1.19298644533328,5.636,95.7247355953812
SAU,Saudi Arabia,2020,Middle East,"Middle East, North Africa, Afghanistan & Pakistan",Western Asia,31552510.0,83.8064352851942,2.52258164711042,38.9149758727624,767951200000.0,24338.8307301067,47518.4877485153,378036000000.0,336977350013.187,10679.8904433653,11981.170436203016,49.2265654380122,-4.854871679452566,4.899514291405382,2013.0,2023.0,3.37234961012303,7.66,97.8623325
SAU,Saudi Arabia,2021,Middle East,"Middle East, North Africa, Afghanistan & Pakistan",Western Asia,30784383.0,83.9716349986538,2.61855430769317,38.552207752274,982661066666.667,31920.7653655643,62690.4966645929,437838133333.333,358104507344.58,11632.6680104188,14222.735382850877,44.5563733199022,6.269607536104793,4.899514291405382,2013.0,2023.0,3.06328988941548,6.621,100.0
SAU,Saudi Arabia,2022,Middle East,"Middle East, North Africa, Afghanistan & Pakistan",Western Asia,32175224.0,84.1349430023993,2.70249417477226,37.6406020466918,1239075200000.0,38510.2276211037,71956.6694296826,485706133333.333,378818141979.832,11773.5976594858,15095.656624902846,39.1990843924028,5.784242926414951,4.899514291405382,2013.0,2023.0,2.47407371925372,5.589,100.0
SAU,Saudi Arabia,2023,Middle East,"Middle East, North Africa, Afghanistan & Pakistan",Western Asia,33702731.0,84.2962388315415,2.81950386919403,36.8306261402051,1218584800000.0,36156.8562500172,71623.785419098,531169866666.667,408171900975.865,12110.9443912977,15760.43990816848,43.5890769905112,7.748773288053301,4.899514291405382,2013.0,2023.0,2.32708518362706,4.008,100.0
SDN,Sudan,2013,Africa,Sub-Saharan Africa ,Northern Africa,37785849.0,33.4264777958103,2.61606008397562,88.6212641998145,43024018082.1918,1138.62780761719,3724.9599609375,34883972602.7397,38536701968.1269,1019.87127685547,923.2020326641251,81.0802295036657,,-2.0793659939011833,2013.0,2023.0,36.5223449139154,16.273,
SDN,Sudan,2014,Africa,Sub-Saharan Africa ,Northern Africa,38823318.0,33.7624582408117,2.63940603943228,87.4735853605784,49516748617.9775,1275.43835449219,4260.57177734375,42663415730.3371,42390372212.6373,1091.87915039063,1098.912146827252,86.1595660480174,10.000000123772157,-2.0793659939011833,2013.0,2023.0,36.9066427863595,15.41,
SDN,Sudan,2015,Africa,Sub-Saharan Africa ,Northern Africa,40024431.0,34.0914394628597,2.67303734220435,85.9877638060761,51726758676.7677,1292.37963867188,4217.01025390625,44129636363.6364,44129636363.6364,1102.56750488281,1102.5674884331622,85.3129743531689,4.102969755195018,-2.0793659939011833,2013.0,2023.0,16.9095706050977,14.39,12.0
SDN,Sudan,2016,Africa,Sub-Saharan Africa ,Northern Africa,41259892.0,34.1881958841213,2.72096931324978,84.6398651758502,42630376000.0,1033.21594238281,4470.35498046875,36258813333.3333,46336118157.9693,1123.03051757813,878.7907959946501,85.0539374396635,4.999999945957145,-2.0793659939011833,2013.0,2023.0,17.750253831196,13.656,14.0999999446534
SDN,Sudan,2017,Africa,Sub-Saharan Africa ,Northern Africa,42714306.0,34.2872225663509,2.77804346419624,82.9096453636308,41283617976.1905,966.505676269531,4252.42138671875,34065019047.619,47199191437.6593,1104.99731445313,797.5084283850708,82.5146164933155,1.8626361335397412,-2.0793659939011833,2013.0,2023.0,32.3516260968437,13.0,18.60000038
SDN,Sudan,2018,Africa,Sub-Saharan Africa ,Northern Africa,44230596.0,34.382054222005,2.84336548392882,81.3342577442889,32333780383.2924,731.027465820313,4199.25048828125,29105211850.1228,46160362749.5075,1043.62963867188,658.0334538137989,90.0148745525661,-2.2009459410419874,-2.0793659939011833,2013.0,2023.0,63.2925073455888,12.347,
SDN,Sudan,2019,Africa,Sub-Saharan Africa ,Northern Africa,45548175.0,34.4727685824236,2.9179533217527,80.4985049329979,32338079165.2893,709.975280761719,3914.2255859375,28594854990.0826,45896168115.2711,1007.64013671875,627.7936490338548,88.424717015275,-0.5723408970377153,-2.0793659939011833,2013.0,2023.0,50.9940515002965,11.697,
SDN,Sudan,2020,Africa,Sub-Saharan Africa ,Northern Africa,46789231.0,34.5594433789246,2.98989739754432,79.9333278187227,27034593750.0,577.795227050781,3348.57836914063,21485079246.0106,44337436539.0288,947.599182128906,459.18855229765586,79.4725433816095,-3.3962128871574904,-2.0793659939011833,2013.0,2023.0,163.257782355458,11.995,
SDN,Sudan,2021,Africa,Sub-Saharan Africa ,Northern Africa,48066924.0,34.6421563427994,3.05363725791981,79.3162930043441,34229513774.9936,712.122009277344,3248.9755859375,29165651732.8049,43960305124.137,914.564575195313,606.7717529169311,85.2061525750094,-0.8505936389890834,-2.0793659939011833,2013.0,2023.0,359.093040778999,11.087,
SDN,Sudan,2022,Africa,Sub-Saharan Africa ,Northern Africa,49383346.0,34.7209852053086,3.12501104243737,78.6892450691913,51666875363.0963,1046.24084472656,3354.84643554688,41088459740.7518,43621810779.6417,883.330383300781,832.0306959506511,79.5257298839862,-0.7699999887158304,-2.0793659939011833,2013.0,2023.0,138.80846024176,7.53,
SDN,Sudan,2023,Africa,Sub-Saharan Africa ,Northern Africa,50042791.0,34.7960076976764,3.21166042888835,78.129580689837,39898289820.7951,797.283447265625,2422.6533203125,32181978133.8124,31233216502.0062,624.130187988281,643.0891940821687,80.6600440228371,-28.40000003717695,-2.0793659939011833,2013.0,2023.0,,,
SEN,Senegal,2013,Africa,Sub-Saharan Africa ,Sub-Saharan Africa,13710849.0,45.0398750539456,3.57918390028218,86.0806462338988,18918667724.8817,1379.83196553924,2768.76818711984,14616792724.4666,11742892447.8356,856.46719964866,1066.0749545463304,77.2612159430377,,4.291617366646561,2013.0,2023.0,0.710245486695176,5.012,13.10000038
SEN,Senegal,2014,Africa,Sub-Saharan Africa ,Sub-Saharan Africa,14152102.0,45.6020905341588,3.54860725101498,85.5824022152232,19797253440.2679,1398.89137601382,2853.80456250635,14703524502.6135,12359822761.1744,873.355969394118,1038.9640000201737,74.2705272071037,5.2536486736920684,4.291617366646561,2013.0,2023.0,-1.09025507446895,5.849,17.70000076
SEN,Senegal,2015,Africa,Sub-Saharan Africa ,Sub-Saharan Africa,14593331.0,46.2747669629858,3.52362334286885,84.8018050977194,17774766696.1759,1218.00613555438,2994.28032714875,12908633279.445,12908633279.445,884.557013024992,884.5570130249906,72.6233626583814,4.4402782214204795,4.291617366646561,2013.0,2023.0,0.135211933635165,6.757,21.70000076
SEN,Senegal,2016,Africa,Sub-Saharan Africa ,Sub-Saharan Africa,15034521.0,47.0553579909929,3.5068960130787,83.8342155048284,19040312333.1864,1266.43957151587,3101.12348494108,13631625815.7628,13591511075.6827,904.020226230199,906.6884016965223,71.593498978499,5.290085956079316,4.291617366646561,2013.0,2023.0,0.837284942557434,4.455,25.66480064
SEN,Senegal,2017,Africa,Sub-Saharan Africa ,Sub-Saharan Africa,15475002.0,47.9338349639053,3.498380920997,82.6634749255329,20965069572.7168,1354.77007193387,3229.51026655477,14771835638.8238,14254880905.6414,921.15535142686,954.5611456996128,70.4592731619043,4.880765841743462,4.291617366646561,2013.0,2023.0,1.31815314847789,4.078,29.64310074
SEN,Senegal,2018,Africa,Sub-Saharan Africa ,Sub-Saharan Africa,15914498.0,48.9001692274485,3.49937511383095,81.285092700946,23116701556.1381,1452.55612562445,3380.21596529445,16056649334.147,14931841073.3214,938.253979064963,1008.9321908958108,69.4590847883465,4.7489710518177075,4.291617366646561,2013.0,2023.0,0.460985642464188,3.453,35.29999924
SEN,Senegal,2019,Africa,Sub-Saharan Africa ,Sub-Saharan Africa,16352922.0,49.9443321273477,3.51051951175819,79.7592228578564,23403995992.1354,1431.18128932159,3647.95137357242,15984150821.8928,15503187408.027,948.037751786931,977.4492180597938,68.2966738981842,3.826362281114948,4.291617366646561,2013.0,2023.0,1.76011151192939,2.863,43.37969971
SEN,Senegal,2020,Africa,Sub-Saharan Africa ,Sub-Saharan Africa,16789219.0,51.0562950093282,3.52746594325007,78.1214558387831,24530513037.7518,1461.08720350553,3752.91947490817,16860449899.2292,15861923515.3721,944.768396634296,1004.2426571021082,68.732561252516,2.313950659974351,4.291617366646561,2013.0,2023.0,2.54314685681662,3.432,53.30879974
SEN,Senegal,2021,Africa,Sub-Saharan Africa ,Sub-Saharan Africa,17220867.0,52.2260292191155,3.54310568518721,76.3835914170458,27520784129.7508,1598.10676952274,4173.67741399617,18323696881.1509,16394861824.5329,952.034634756365,1064.0403227753227,66.5813037694025,3.3598592796410642,4.291617366646561,2013.0,2023.0,2.18032278088147,3.436,55.04040146
SEN,Senegal,2022,Africa,Sub-Saharan Africa ,Sub-Saharan Africa,17651103.0,53.4435061024348,3.56339204411192,74.5922709423436,27783332222.6759,1574.0281059306,4529.50264399113,18319745234.938,17024930936.7057,964.525046208486,1037.8810454473014,65.9378979026352,3.843088883066881,4.291617366646561,2013.0,2023.0,9.69681899081073,2.837,56.82830048
SEN,Senegal,2023,Africa,Sub-Saharan Africa ,Sub-Saharan Africa,18077573.0,54.6992276190794,3.5903878360666,73.0702280774448,30696331295.7826,1698.03387300843,4781.55234083159,20646184829.0882,17875949093.9555,988.846738107794,1142.088311804256,67.2594540049312,4.998658499195496,4.291617366646561,2013.0,2023.0,5.93947798773215,2.784,59.18740082
SGP,Singapore,2013,South & Southeast Asia,East Asia & Pacific,South-eastern Asia,5399162.0,100.0,8.16514295512923,27.0192311085442,307576360584.992,56967.4257940383,83088.3185411658,114828897946.136,105053588638.554,19457.3877647224,21267.911195503304,37.3334601292955,,2.9291280288919586,2013.0,2023.0,2.36439793742726,3.86,80.90209961
SGP,Singapore,2014,South & Southeast Asia,East Asia & Pacific,South-eastern Asia,5469724.0,100.0,8.57606405394016,27.3124316272141,314863580758.455,57564.8023114977,84555.2446100826,118339528826.802,108840688814.94,19898.7533584766,21635.374806261156,37.5843813189642,3.604922235846564,2.9291280288919586,2013.0,2023.0,1.03316955857629,3.74,79.0292358633435
SGP,Singapore,2015,South & Southeast Asia,East Asia & Pacific,South-eastern Asia,5535002.0,100.0,8.99820725948152,27.6825611982179,307998545269.398,55645.6068614606,87156.187383315,114446347716.982,114446347716.982,20676.8394513646,20676.839451364605,37.1580806061532,5.150333908280569,2.9291280288919586,2013.0,2023.0,-0.521975611895763,3.79,79.0129570025584
SGP,Singapore,2016,South & Southeast Asia,East Asia & Pacific,South-eastern Asia,5607283.0,100.0,9.44794121187799,28.1544000884945,320759207438.623,57204.0340105222,90214.7780767093,116553484284.997,118122597421.49,21065.9239816307,20786.08914245937,36.3367540454155,3.212203602686503,2.9291280288919586,2013.0,2023.0,-0.529809760375464,4.08,84.4522678893074
SGP,Singapore,2017,South & Southeast Asia,East Asia & Pacific,South-eastern Asia,5612253.0,100.0,9.96401995439571,28.8474686470753,344795119213.571,61436.1325502558,96056.7007948924,121315205387.693,122062589784.154,21749.3027816377,21616.132663244687,35.184722354654,3.335511111904488,2.9291280288919586,2013.0,2023.0,0.576763191179996,4.2,84.4522678893074
SGP,Singapore,2018,South & Southeast Asia,East Asia & Pacific,South-eastern Asia,5638676.0,100.0,10.4836486140996,29.5555499902006,377976367877.038,67032.8225769734,104198.419110899,130834597380.568,127444220173.477,22601.7987508906,23203.070611003008,34.6144914073386,4.408910542402422,2.9291280288919586,2013.0,2023.0,0.438784215129623,3.613,88.1656360313447
SGP,Singapore,2019,South & Southeast Asia,East Asia & Pacific,South-eastern Asia,5703569.0,100.0,10.9750531897302,30.1882050728381,376827390962.044,66068.7003106378,105521.619340296,135075262542.902,131976797046.897,23139.3355716214,23682.585858591698,35.8453938812817,3.556518190664315,2.9291280288919586,2013.0,2023.0,0.567829988405447,3.1,88.9492526850762
SGP,Singapore,2020,South & Southeast Asia,East Asia & Pacific,South-eastern Asia,5685807.0,100.0,11.5849477696371,31.1638429496119,351226533656.292,61772.5036492256,102117.449503559,112910312217.791,113933482443.22,20038.2254345285,19858.273806654182,32.1474323259087,-13.671580919838089,2.9291280288919586,2013.0,2023.0,-0.172111865925382,4.1,92.00434653
SGP,Singapore,2021,South & Southeast Asia,East Asia & Pacific,South-eastern Asia,5453566.0,100.0,12.258194216314,32.3224926548392,441110903524.645,80884.8565369236,133990.186782104,126952778710.263,122730020184.387,22504.5447665595,23278.856203493826,28.7802404556001,7.720766145764779,2.9291280288919586,2013.0,2023.0,2.31610315765146,4.64,96.92468156
SGP,Singapore,2022,South & Southeast Asia,East Asia & Pacific,South-eastern Asia,5637022.0,100.0,12.6908966015146,32.7954085061744,514252535238.749,91227.6970426492,144417.646950009,144500376087.917,135202662157.002,23984.7675167849,25634.169263117474,28.0991081591519,10.16266595073998,2.9291280288919586,2013.0,2023.0,6.13095418919732,3.591,95.95386476
SGP,Singapore,2023,South & Southeast Asia,East Asia & Pacific,South-eastern Asia,5917648.0,100.0,13.0953667239036,33.1253772353762,511181761243.76,86382.5900499252,144728.385132013,161089302909.589,140214790973.397,23694.3446067418,27221.84606275821,31.5131162969589,3.7071228749732343,2.9291280288919586,2013.0,2023.0,4.83372362825798,3.444,94.28518987
SLB,Solomon Islands,2013,Oceania,East Asia & Pacific,Melanesia,594945.0,22.1027262484765,3.45527737858121,78.2467882651838,1285905957.64116,2161.38627543917,2394.46788082843,795059924.25503,785145625.87826,1319.69446903203,1336.3586957702478,61.8287767881155,,3.360307784970362,2013.0,2023.0,5.3913638858756,0.694,8.0
SLB,Solomon Islands,2014,Oceania,East Asia & Pacific,Melanesia,616908.0,22.8612778264703,3.47831443262204,77.5836955583062,1335576762.84974,2164.95289873002,2377.38397006085,853091780.791271,810232323.23697,1313.3762623227,1382.8508963917975,63.8744102563613,3.195164888124813,3.360307784970362,2013.0,2023.0,5.16590237925171,0.73,9.0
SLB,Solomon Islands,2015,Oceania,East Asia & Pacific,Melanesia,639415.0,23.6630502067213,3.5178248868106,76.9089027717064,1307908813.59962,2045.47721526649,2353.78235282563,829861754.517455,829861754.517455,1297.84530315594,1297.8453031559393,63.4495116088033,2.4226917042834417,3.360307784970362,2013.0,2023.0,-0.57446928635949,0.736,10.00049973
SLB,Solomon Islands,2016,Oceania,East Asia & Pacific,Melanesia,662379.0,24.5047424399707,3.57280618256782,76.2096173491104,1379486290.71433,2082.62383124213,2421.18991110932,865991985.811043,858198840.350439,1295.63111202263,1307.3964993018242,62.7764111640871,3.4146754780211896,3.360307784970362,2013.0,2023.0,0.512485626268792,0.736,11.00090027
SLB,Solomon Islands,2017,Oceania,East Asia & Pacific,Melanesia,685672.0,25.3830535769599,3.64059174108884,75.459072438253,1469790526.3972,2143.57670489272,2454.04671907288,888172576.733241,858952707.678032,1252.7166162218,1295.331553181756,60.4285141849676,0.08784296740429465,3.360307784970362,2013.0,2023.0,0.488686760261083,0.727,15.14840031
SLB,Solomon Islands,2018,Oceania,East Asia & Pacific,Melanesia,709101.0,26.2946826684302,3.71667787804558,74.6188605833754,1615473250.25259,2278.19908624102,2493.97675735682,957871148.776392,922690239.067871,1301.21130708865,1350.8247044869377,59.2935320115403,7.420377259434652,3.360307784970362,2013.0,2023.0,3.46147484973729,0.722,20.8593998
SLB,Solomon Islands,2019,Oceania,East Asia & Pacific,Melanesia,728147.0,27.275106750276,3.7418955238434,73.7821002386635,1619150563.92084,2223.65890942466,2512.01387970749,966909776.458974,943399877.759879,1295.61733792748,1327.9046352714136,59.7171009296111,2.2444844233888928,3.360307784970362,2013.0,2023.0,1.63485544012247,0.746,22.48880005
SLB,Solomon Islands,2020,Oceania,East Asia & Pacific,Melanesia,744498.0,28.0327555150022,3.70276347283673,72.7954880412204,1536143427.82958,2063.32780991967,2405.69259474986,966416482.405061,810798486.502456,1089.05394843567,1298.0780101559185,62.9118651876482,-14.055693071774355,3.360307784970362,2013.0,2023.0,2.96354992076065,0.868,24.1984005
SLB,Solomon Islands,2021,Oceania,East Asia & Pacific,Melanesia,762591.0,28.6889396820578,3.65490567361425,71.6603938376208,1558312103.84225,2043.44413170658,2450.18399709553,1003308014.85361,904683382.833276,1186.32842878198,1315.6567738848348,64.3842791427853,11.579313219467346,3.360307784970362,2013.0,2023.0,-0.115437894412839,0.879,26.03790092
SLB,Solomon Islands,2022,Oceania,East Asia & Pacific,Melanesia,781066.0,29.3511689856806,3.62869463015929,70.5656141699441,1466670929.62333,1877.78104490956,2496.15153066833,1038550080.56498,978854392.897751,1253.22878335218,1329.6572640019922,70.8100269521057,8.198560012474987,3.360307784970362,2013.0,2023.0,5.51812928576938,1.475,28.01729965
SLB,Solomon Islands,2023,Oceania,East Asia & Pacific,Melanesia,800005.0,30.0088821088389,3.62653756755422,69.461496422262,1506124566.40404,1882.64394148042,2599.03676008376,1160415562.01904,1092667823.79039,1365.82624332396,1450.5103868338824,77.0464533879558,11.627207449691412,3.360307784970362,2013.0,2023.0,5.88585897042164,1.443,28.67239952
SLE,Sierra Leone,2013,Africa,Sub-Saharan Africa ,Sub-Saharan Africa,6714051.0,39.8916422780075,3.22857964375162,84.3471895637314,7502762862.72657,1117.47183075115,2700.73807805259,7186593649.53114,7728965212.41457,1151.16272015428,1070.3811528287677,95.7859628648781,,2.8258518831089763,2013.0,2023.0,5.52412877994266,4.376,4.0
SLE,Sierra Leone,2014,Africa,Sub-Saharan Africa ,Sub-Saharan Africa,6876385.0,40.3272406886245,3.18524922615589,83.1094211925305,7686138790.90872,1117.7586465721,2762.04553745948,6929460178.00439,7501868760.06055,1090.96113147541,1007.7184709704867,90.1552829907348,-2.9382517078644477,2.8258518831089763,2013.0,2023.0,4.63931171409667,4.678,6.057300091
SLE,Sierra Leone,2015,Africa,Sub-Saharan Africa ,Sub-Saharan Africa,7037655.0,40.7669565187099,3.15426090082563,81.7770077231895,6788352974.78329,964.575980888989,2560.04985807593,6158019070.13396,6158019070.13396,875.010080791679,875.0100807916784,90.7144795358928,-17.91353238650556,2.8258518831089763,2013.0,2023.0,6.68943562498681,4.483,6.344399929
SLE,Sierra Leone,2016,Africa,Sub-Saharan Africa ,Sub-Saharan Africa,7205328.0,41.229411538771,3.1406826212018,80.429374818765,6084297211.10217,844.416411175476,2634.9252433025,5129820745.50791,7068243785.64889,980.974604577181,711.9482618290118,84.3124615304359,14.781128560147971,2.8258518831089763,2013.0,2023.0,10.8860609413903,4.182,7.680099964
SLE,Sierra Leone,2017,Africa,Sub-Saharan Africa ,Sub-Saharan Africa,7379299.0,41.7106682105058,3.13219453500935,79.0717330500269,5749846528.48046,779.186007841728,2501.4531554482,4600657938.2138,7389175558.34753,1001.33841417017,623.4546043213319,80.0135780220492,4.540474019165108,2.8258518831089763,2013.0,2023.0,18.2215094003386,3.656,9.297100067
SLE,Sierra Leone,2018,Africa,Sub-Saharan Africa ,Sub-Saharan Africa,7554563.0,42.2011025267803,3.12991631680085,77.7298523709784,6390514688.52816,845.914540460932,2640.47566787646,5928442721.49792,8638652710.73657,1143.50131314499,784.7499215372113,92.7694092017389,16.909561053499523,2.8258518831089763,2013.0,2023.0,16.0295447693699,3.192,14.42230034
SLE,Sierra Leone,2019,Africa,Sub-Saharan Africa ,Sub-Saharan Africa,7731991.0,42.7018444914441,3.13516272846153,76.4806176920907,6523577590.38319,843.71251730417,2704.05835704649,6205124058.55528,9423759170.91684,1218.80110451717,802.526032241279,95.1184219484511,9.088297521261591,2.8258518831089763,2013.0,2023.0,14.8049990906021,3.204,15.71370029
SLE,Sierra Leone,2020,Africa,Sub-Saharan Africa ,Sub-Saharan Africa,7912558.0,43.2129659123546,3.14095012004967,75.2912582751821,6688307705.64217,845.277558236182,2719.0728691734,5867936130.14624,8792599092.95871,1111.22080785489,741.5978663469184,87.7342429265945,-6.697540403048352,2.8258518831089763,2013.0,2023.0,13.4468711101052,3.509,17.12080002
SLE,Sierra Leone,2021,Africa,Sub-Saharan Africa ,Sub-Saharan Africa,8094602.0,43.7345385973699,3.15159411173026,74.0851904590161,7166931483.2953,885.396401613729,2849.38865839009,6369751418.3013,9303213526.37775,1149.31080322142,786.9134786739731,88.87696824154,5.807320770805435,2.8258518831089763,2013.0,2023.0,11.8739588840234,3.551,18.65390015
SLE,Sierra Leone,2022,Africa,Sub-Saharan Africa ,Sub-Saharan Africa,8276807.0,44.2666343543487,3.17537929635059,72.8656793787969,7121125277.18159,860.371067874555,3143.46625292281,6404209935.46963,9994088945.73137,1207.48121174402,773.7536873180237,89.9325554065284,7.426201896739815,2.8258518831089763,2013.0,2023.0,27.2082883814653,3.137,21.50880051
SLE,Sierra Leone,2023,Africa,Sub-Saharan Africa ,Sub-Saharan Africa,8460512.0,44.809324991151,3.20667945391485,71.6396127509545,6415852766.09227,758.329137301888,3371.09351712436,5655831179.48357,10212792651.6671,1207.11283804894,668.4975069456282,88.1540051756579,2.188330593446852,2.8258518831089763,2013.0,2023.0,47.6428733253179,3.092,23.71360016
SLV,El Salvador,2013,Latin America,Latin America & Caribbean ,Latin America and the Caribbean,6138839.0,68.0878511957995,6.93865729334162,58.2846485906134,21990960000.0,3582.26694005169,7092.58852133297,19280830000.0,19395041332.0175,3159.39892413166,3140.7942120651805,87.6761632961908,,1.4454657925680348,2013.0,2023.0,0.757669184522973,3.693,23.1093
SLV,El Salvador,2014,Latin America,Latin America & Caribbean ,Latin America and the Caribbean,6162955.0,68.9166664266223,7.03019087434518,56.8238054281832,22593470000.0,3666.01248913873,7503.71105811981,19576630000.0,19363874568.5574,3141.97889949828,3176.500558579448,86.6472923371222,-0.16069449364178867,1.4454657925680348,2013.0,2023.0,1.14134467538233,4.154,24.7617121459061
SLV,El Salvador,2015,Latin America,Latin America & Caribbean ,Latin America and the Caribbean,6183676.0,69.6982116699219,7.13082257779818,55.5409330027161,23438240000.0,3790.34089108162,7933.73697858999,19939740000.0,19939740000.0,3224.57709621267,3224.5770962126735,85.0735379448286,2.973916348217198,1.4454657925680348,2013.0,2023.0,-0.731384487387957,3.998,26.8026049600572
SLV,El Salvador,2016,Latin America,Latin America & Caribbean ,Latin America and the Caribbean,6200800.0,70.3990173339844,7.2450899275166,54.4248715450653,24191430000.0,3901.34014965811,8455.61614773975,20228380000.0,20332511724.9383,3279.01427637375,3262.221003741453,83.6179589218165,1.969793612847015,1.4454657925680348,2013.0,2023.0,0.60404908699661,4.418,28.99710083
SLV,El Salvador,2017,Latin America,Latin America & Caribbean ,Latin America and the Caribbean,6213533.0,71.0856704711914,7.37013810257883,53.4928042678851,24979190000.0,4020.12671373919,8965.2189086345,20841390000.0,20670789092.1658,3326.7368326789,3354.1931780196546,83.435011303409,1.66372640922956,1.4454657925680348,2013.0,2023.0,1.0123540331558,4.385,33.8207289048526
SLV,El Salvador,2018,Latin America,Latin America & Caribbean ,Latin America and the Caribbean,6219807.0,71.7577209472656,7.49958097577779,52.7722014739782,26020850000.0,4183.54620971358,9203.76216310773,21671130000.0,20947864104.026,3367.92831417856,3484.212613028025,83.2837128687187,1.340418165096624,1.4454657925680348,2013.0,2023.0,1.09033000581892,4.006,43.79999924
SLV,El Salvador,2019,Latin America,Latin America & Caribbean ,Latin America and the Caribbean,6222318.0,72.4148941040039,7.62636268560709,52.2097784509694,26881140000.0,4320.11671534627,9756.7521864595,21976230000.0,21302013481.7516,3423.48518377742,3531.8397420382566,81.7533408181349,1.6906228528450917,1.4454657925680348,2013.0,2023.0,0.0753241350024612,4.17,50.4911940673888
SLV,El Salvador,2020,Latin America,Latin America & Caribbean ,Latin America and the Caribbean,6234673.0,73.0570220947266,7.70973010856142,51.6140634244598,24921190000.0,3997.19279583709,9392.68913817943,20060930000.0,19570668969.968,3139.00487964132,3217.639481653649,80.4974802567614,-8.12760968941626,1.4454657925680348,2013.0,2023.0,-0.371590212324095,5.008,54.60136976
SLV,El Salvador,2021,Latin America,Latin America & Caribbean ,Latin America and the Caribbean,6255782.0,73.6838531494141,7.76244342933013,50.9622853822343,29043140000.0,4642.60743101342,10809.713399518,23693520000.0,21439840147.8456,3427.20384883067,3787.4593456101893,81.5804351733318,9.550880354401393,1.4454657925680348,2013.0,2023.0,3.46692585313082,4.327,57.26380157
SLV,El Salvador,2022,Latin America,Latin America & Caribbean ,Latin America and the Caribbean,6280319.0,74.1465021298679,7.86163091397109,50.3277720476879,31870110000.0,5074.60050994225,11874.0814242931,25671890000.0,21419540979.5684,3410.58168853659,4087.6729350849855,80.5516203113199,-0.09467966242854287,1.4454657925680348,2013.0,2023.0,7.19861615609867,2.999,60.05609894
SLV,El Salvador,2023,Latin America,Latin America & Caribbean ,Latin America and the Caribbean,6309624.0,74.6080675149903,8.00031824400313,49.7246065816785,33565430000.0,5319.7195268688,12667.4662875421,27755870000.0,22388093664.0618,3548.24529386566,4398.973694787518,82.6918350219258,4.521818116537957,1.4454657925680348,2013.0,2023.0,4.04554694222477,2.992,62.61989975
SMR,San Marino,2013,Europe,Europe & Central Asia,Southern Europe,33041.0,97.0999984741211,17.9595478881618,49.4594472339078,1678741201.56863,50807.8206340193,50770.3673195862,,,,,,,2.602992058671716,2015.0,2023.0,1.60439298078082,,
SMR,San Marino,2014,Europe,Europe & Central Asia,Southern Europe,32655.0,97.0999984741211,18.2250819113134,49.9196547449612,1673910988.23529,51260.4804236805,52909.2224071252,,,,,,,2.602992058671716,2015.0,2023.0,1.11296303373851,,
SMR,San Marino,2015,Europe,Europe & Central Asia,Southern Europe,32897.0,97.0999984741211,18.4876552314091,50.1734684561307,1419400395.73301,43146.8035302005,52247.2075298399,573181016.374218,573181016.374218,17423.50416069,17423.504160689972,40.3819118338498,,2.602992058671716,2015.0,2023.0,0.145686073241066,,
SMR,San Marino,2016,Europe,Europe & Central Asia,Southern Europe,33101.0,97.0999984741211,18.7418585249477,50.179211469534,1468342400.08249,44359.4574206971,53033.0552322114,565956794.33755,565215821.386433,17075.4908125565,17097.876026027916,38.5439250617399,-1.3896473819336452,2.602992058671716,2015.0,2023.0,0.644075340346552,,55.0
SMR,San Marino,2017,Europe,Europe & Central Asia,Southern Europe,33825.0,97.0999984741211,18.9976147536215,50.0332667997339,1528621192.886,45192.0530047599,52463.4195514851,570275032.502825,551944696.020399,16317.6554625395,16859.572283897265,37.3064978528891,-2.3479748556013424,2.602992058671716,2015.0,2023.0,1.01413313194508,,60.18230057
SMR,San Marino,2018,Europe,Europe & Central Asia,Southern Europe,34522.0,97.0999984741211,19.3159274222744,49.9913103927702,1655354328.79184,47950.7076296808,54460.9066545652,600438370.001254,547254030.683442,15852.3269417601,17392.919587545737,36.2724982535602,-0.8498433576366149,2.602992058671716,2015.0,2023.0,1.16333522293158,,
SMR,San Marino,2019,Europe,Europe & Central Asia,Southern Europe,34663.0,97.0999984741211,19.6534210602257,49.9913457377759,1616231696.04862,46626.9998571568,57444.1206392397,577407376.407058,550237098.490772,15873.9029654321,16657.743888499495,35.7255322871534,0.5450974575015088,2.602992058671716,2015.0,2023.0,0.472651967352852,,67.85070038
SMR,San Marino,2020,Europe,Europe & Central Asia,Southern Europe,34770.0,97.0999984741211,19.9490918503818,50.0323624595469,1544713784.67674,44426.6259613672,55206.5809417073,560346448.281558,520866602.820115,14980.3452062155,16115.802366452632,36.2750985872002,-5.33778906424457,2.602992058671716,2015.0,2023.0,-0.133368898372915,,77.94999695
SMR,San Marino,2021,Europe,Europe & Central Asia,Southern Europe,34252.0,97.1035668453272,20.3977149468508,50.6178268325931,1855395712.2147,54168.9744311193,64745.1322795901,614772801.006192,562707223.32701,16428.4486548818,17948.522743378253,33.1343226115558,8.03288601733312,2.602992058671716,2015.0,2023.0,1.61551411551421,,81.66999817
SMR,San Marino,2022,Europe,Europe & Central Asia,Southern Europe,33755.0,97.1141889380465,21.0237606336169,51.6646448308397,1831701022.87082,54264.5837022908,75929.4591270254,650013647.982104,650260594.678769,19264.1266383875,19256.81078305744,35.4868856798113,15.559311791680773,2.602992058671716,2015.0,2023.0,5.32545321311365,,97.32790375
SMR,San Marino,2023,Europe,Europe & Central Asia,Southern Europe,33860.0,97.1317310361655,21.6823538130883,52.3897389738974,2027243193.5116,59871.3288101478,78810.3378046111,775740065.862171,703998937.016422,20791.462995169,22910.22049209011,38.2657625066891,8.264124072319024,2.602992058671716,2015.0,2023.0,5.93190858629403,,97.33640289
SOM,"Somalia, Fed. Rep.",2013,Africa,Sub-Saharan Africa ,Sub-Saharan Africa,12869594.0,41.2593474250273,2.35034988864645,100.550307457839,5062881600.00104,393.398703952979,944.404567280324,6398221420.00021,6474228551.53881,503.063931273886,497.15798493722565,126.375094768143,,5.405129758938143,2013.0,2023.0,,18.655,1.5
SOM,"Somalia, Fed. Rep.",2014,Africa,Sub-Saharan Africa ,Sub-Saharan Africa,13339491.0,42.3515167236328,2.36260888815023,100.2653241472,5728399719.99958,429.431656725102,1127.71922200338,7125816059.9991,7040596989.96948,527.801022540476,534.1895024329714,124.394532649681,8.748045175143737,5.405129758938143,2013.0,2023.0,,18.595,1.629999995
SOM,"Somalia, Fed. Rep.",2015,Africa,Sub-Saharan Africa ,Sub-Saharan Africa,13806963.0,43.8618107408479,2.39233268053472,100.055871482839,6152149099.99942,445.583080073396,1341.38999678728,7645037250.00146,7645037250.00146,553.708824308536,553.7088243085362,124.266124336977,8.585071136625322,5.405129758938143,2013.0,2023.0,,18.495,1.75999999
SOM,"Somalia, Fed. Rep.",2016,Africa,Sub-Saharan Africa ,Sub-Saharan Africa,14348740.0,45.942842729174,2.43113332599239,99.8839178350572,6613743069.99912,460.928490585175,1468.50438474605,8157149440.00094,8200519088.6779,571.514926654041,568.4923860911091,123.336352102986,7.265914089252279,5.405129758938143,2013.0,2023.0,,18.611,1.879999995
SOM,"Somalia, Fed. Rep.",2017,Africa,Sub-Saharan Africa ,Sub-Saharan Africa,14916629.0,48.3639630032265,2.46189328494081,99.5044564281167,7621501710.0012,510.939952317726,1596.81409178022,9327401189.99975,9471576701.73759,634.967639252648,625.3022174111691,122.382721213065,15.499721411716294,5.405129758938143,2013.0,2023.0,,18.455,
SOM,"Somalia, Fed. Rep.",2018,Africa,Sub-Saharan Africa ,Sub-Saharan Africa,15452487.0,50.9506215336872,2.48885834651918,99.0066337746835,7873000000.0,509.497273804534,1551.52773977473,9684000000.0,9677647543.55854,626.284140770256,626.6952368249848,123.002667344087,2.175676218544953,5.405129758938143,2013.0,2023.0,,18.7,
SOM,"Somalia, Fed. Rep.",2019,Africa,Sub-Saharan Africa ,Sub-Saharan Africa,16030971.0,51.6421170703225,2.51777325278675,98.6327632765507,8656000000.0,539.954816211694,1548.27250940098,10558000000.0,9748018532.71438,608.074116827632,658.6001559107056,121.973197781885,0.7271497421155626,5.405129758938143,2013.0,2023.0,,18.828,2.731400013
SOM,"Somalia, Fed. Rep.",2020,Africa,Sub-Saharan Africa ,Sub-Saharan Africa,16651191.0,52.286318011754,2.53722999565707,98.2939485015647,8628000000.0,518.16113333875,1454.26711848855,10827000000.0,9678465810.87431,581.247660355005,650.2237587689673,125.486787204451,-0.7135062536724912,5.405129758938143,2013.0,2023.0,,19.414,15.02369976
SOM,"Somalia, Fed. Rep.",2021,Africa,Sub-Saharan Africa ,Sub-Saharan Africa,17271431.0,52.9060649733324,2.5370971711291,97.9709487089111,9483000000.0,549.056994756254,1392.31782053371,11539000000.0,9910035461.23595,573.781955950028,668.0975073808303,121.680902667932,2.3926276631721866,5.405129758938143,2013.0,2023.0,,19.662,23.87479973
SOM,"Somalia, Fed. Rep.",2022,Africa,Sub-Saharan Africa ,Sub-Saharan Africa,17801897.0,53.5010115886789,2.5418133808998,97.4850737162065,10203000000.0,573.141165798229,1486.23689665021,12683000000.0,10378084365.8538,582.976317965092,712.4521616993965,124.306576497109,4.7229791098999385,5.405129758938143,2013.0,2023.0,,19.112,27.6
SOM,"Somalia, Fed. Rep.",2023,Africa,Sub-Saharan Africa ,Sub-Saharan Africa,18358615.0,54.0714435506882,2.56456709833503,97.0182430549318,10958000000.0,596.885985135589,1556.89233845758,14078000000.0,10959872427.3631,596.987976890581,766.8334457691934,128.47234896879,5.605929196562642,5.405129758938143,2013.0,2023.0,,18.96,26.12010002
SRB,Serbia,2013,Europe,Europe & Central Asia,Southern Europe,7166553.0,59.6111068725586,17.9500038447375,47.6152988175827,50455529604.0696,7040.41812068781,15246.9548612296,35647294645.6565,29079973708.1371,4057.73510753875,4974.120005204246,70.6509176008755,,1.9224977925578424,2013.0,2023.0,7.69426362896655,22.154,53.450364175
SRB,Serbia,2014,Europe,Europe & Central Asia,Southern Europe,7131787.0,59.8779373168945,18.3902831005496,48.6099080245693,49114321280.3466,6886.67809068704,15296.1683250053,35069467774.4915,29005218143.8992,4067.03371033083,4917.34649036651,71.4037512079492,-0.2570688852341796,1.9224977925578424,2013.0,2023.0,2.08244793880154,19.223,62.0750804639377
SRB,Serbia,2015,Europe,Europe & Central Asia,Southern Europe,7095383.0,60.1388092041016,18.883979706442,49.7570563003371,41297410634.9586,5820.3215576888,15546.3082680414,28902339069.6335,28902339069.6335,4073.40083962114,4073.400839621131,69.9858383982251,-0.3546916067147077,1.9224977925578424,2013.0,2023.0,1.39235822000187,17.66,65.3170254003801
SRB,Serbia,2016,Europe,Europe & Central Asia,Southern Europe,7058322.0,60.3853870034026,19.3853692133533,50.8721349656193,42225495909.5633,5982.37030126471,16455.4885236331,29189949302.5791,29451531399.6473,4172.5967446154,4135.536647744195,69.1287305780773,1.9001656879418904,1.9224977925578424,2013.0,2023.0,1.12231397417769,15.257,67.0568413716938
SRB,Serbia,2017,Europe,Europe & Central Asia,Southern Europe,7020858.0,60.621208190918,19.9073825690271,51.9843219838154,45972834713.8077,6548.03653824187,17285.4135238265,31833432706.4552,30084672336.0519,4285.0421324647,4534.122853140628,69.2440066065671,2.1497725459945993,1.9224977925578424,2013.0,2023.0,3.13106248590115,13.477,70.3308355269141
SRB,Serbia,2018,Europe,Europe & Central Asia,Southern Europe,6982604.0,60.8433609008789,20.4864046664261,53.2665314122019,52787520248.9242,7559.86165747394,18469.1042989985,35752138942.746,30930445513.4752,4429.64336993408,5120.172781206839,67.7283925711108,2.8113092540142715,1.9224977925578424,2013.0,2023.0,1.95984076293801,12.733,73.360709154564
SRB,Serbia,2019,Europe,Europe & Central Asia,Southern Europe,6945235.0,61.0492248535156,21.0643608505556,54.6017908714794,53864693664.5568,7755.632986437,20587.2567440786,35746482659.8132,32066650228.1543,4617.07202537486,5146.907579054301,66.3634752708796,3.673418522808203,1.9224977925578424,2013.0,2023.0,1.84922984511086,10.395,77.4167736219802
SRB,Serbia,2020,Europe,Europe & Central Asia,Southern Europe,6899126.0,61.223201751709,21.5708751193576,55.8406068162926,55874017668.998,8098.70955668849,21013.0562995823,36113104068.0633,31408641942.0997,4552.55374986625,5234.4462281256065,64.6330898951998,-2.052001943991244,1.9224977925578424,2013.0,2023.0,1.57553290083415,9.011,78.36804864
SRB,Serbia,2021,Europe,Europe & Central Asia,Southern Europe,6834326.0,61.363899230957,21.888601009739,56.7307892970407,66159884072.5308,9680.52798074468,23406.3065657117,42310281641.0754,33831367394.5137,4950.21270488321,6190.849198746943,63.9515655660624,7.713563218938835,1.9224977925578424,2013.0,2023.0,4.08510285335102,9.843,81.16588116
SRB,Serbia,2022,Europe,Europe & Central Asia,Southern Europe,6664449.0,61.9013813540396,22.0776743361109,57.3125583332035,66809895701.2152,10024.8191112596,26142.9143111159,43894103342.042,35006939893.6667,5252.78832408601,6586.306436142283,65.7000027935137,3.4748004283848166,1.9224977925578424,2013.0,2023.0,11.9815117344703,8.439,83.53825397
SRB,Serbia,2023,Europe,Europe & Central Asia,Southern Europe,6623183.0,62.1434649229738,22.3383596618497,57.94954577942,81343999280.0179,12281.707946167,29776.9743496564,50921322138.3838,35179899329.9836,5311.63027353821,7688.345941578815,62.5999736785656,0.4940718521591947,1.9224977925578424,2013.0,2023.0,12.3719043552519,8.268,85.35746686
SSD,South Sudan,2013,Africa,Sub-Saharan Africa ,Sub-Saharan Africa,11166275.0,18.2868996493633,2.56814817080234,79.9449606897753,18426469016.9492,1650.18943353528,1916.8535588619,,,,,,,,,,-0.0580909784225664,12.665,2.200000048
SSD,South Sudan,2014,Africa,Sub-Saharan Africa ,Sub-Saharan Africa,11235073.0,18.5459183719929,2.55865282578283,81.8933067907365,13962212847.4576,1242.73450181032,1372.75618491146,,,,,,,,,,1.6742990629552,12.561,2.599999905
SSD,South Sudan,2015,Africa,Sub-Saharan Africa ,Sub-Saharan Africa,11107561.0,18.8092619601773,2.53487680441832,83.8812631029683,11997800760.2242,1080.14718624765,1154.88686304107,,,,,,,,,,52.7663304192143,12.464,3.0
SSD,South Sudan,2016,Africa,Sub-Saharan Africa ,Sub-Saharan Africa,10830102.0,19.0769476614377,2.51922835075791,86.0953541551969,,,,,,,,,,,,,379.999585624026,12.854,3.5
SSD,South Sudan,2017,Africa,Sub-Saharan Africa ,Sub-Saharan Africa,10259154.0,19.3489927232944,2.52351716932591,90.731383102336,,,,,,,,,,,,,187.851630279442,12.983,4.1
SSD,South Sudan,2018,Africa,Sub-Saharan Africa ,Sub-Saharan Africa,10122977.0,19.6254143932663,2.56144511639214,90.3713218078454,,,,,,,,,,,,,83.5015294922,12.853,4.800000191
SSD,South Sudan,2019,Africa,Sub-Saharan Africa ,Sub-Saharan Africa,10423384.0,19.9062299188719,2.62643590603589,85.8298504519708,,,,,,,,,,,,,87.2413641500032,12.656,6.671000004
SSD,South Sudan,2020,Africa,Sub-Saharan Africa ,Sub-Saharan Africa,10698467.0,20.1914565476286,2.69393736504492,82.2145234543695,,,,,,,,,,,,,29.6758435538572,14.246,
SSD,South Sudan,2021,Africa,Sub-Saharan Africa ,Sub-Saharan Africa,10865780.0,20.4811115270532,2.76169313201629,79.8436920442961,,,,,,,,,,,,,10.5167158294358,13.95,
SSD,South Sudan,2022,Africa,Sub-Saharan Africa ,Sub-Saharan Africa,11021177.0,20.7752121046616,2.83579045886885,77.5880127024722,,,,,,,,,,,,,-6.68732094212668,12.475,
SSD,South Sudan,2023,Africa,Sub-Saharan Africa ,Sub-Saharan Africa,11483374.0,21.0737755279692,2.91238881534295,74.7150000182575,,,,,,,,,,,,,2.38280434813754,12.374,
STP,Sao Tome and Principe,2013,Africa,Sub-Saharan Africa ,Sub-Saharan Africa,193148.0,67.1306686401367,3.55867924772518,83.8271264192784,267041747.584354,1382.5757842916,2945.73664283744,299325418.999596,268349909.297871,1389.34863057278,1549.7205200136475,112.089372432318,,4.07062905442559,2013.0,2023.0,8.10583270875476,12.476,23.0
STP,Sao Tome and Principe,2014,Africa,Sub-Saharan Africa ,Sub-Saharan Africa,196767.0,67.2606735229492,3.5554742411075,83.7810322604749,293119143.246825,1489.67633417608,3233.3568807314,348141559.176333,304112373.631242,1545.54561299019,1769.3086705409596,118.771348510382,13.326803212619787,4.07062905442559,2013.0,2023.0,6.99849943966421,11.428,24.40999985
STP,Sao Tome and Principe,2015,Africa,Sub-Saharan Africa ,Sub-Saharan Africa,200291.0,67.3915710449219,3.57155338981782,83.4586672773071,259999643.047388,1298.10946596396,3171.50905832741,280857539.538234,280857539.538234,1402.24742768389,1402.24742768389,108.022278894838,-7.646789841312451,4.07062905442559,2013.0,2023.0,5.24587835022454,10.591,25.81999969
STP,Sao Tome and Principe,2016,Africa,Sub-Saharan Africa ,Sub-Saharan Africa,203689.0,67.5218887329102,3.61066039565317,82.8209846070996,292267272.196925,1434.87018050521,3319.54261733278,305777234.779762,315093009.948415,1546.93189101235,1501.1966025645079,104.622468496484,12.189621281475471,4.07062905442559,2013.0,2023.0,5.43051966119156,9.684,28.0
STP,Sao Tome and Principe,2017,Africa,Sub-Saharan Africa ,Sub-Saharan Africa,206970.0,67.6520004272461,3.67057140993523,81.9116677653263,322002845.229335,1555.79477812888,3436.31010124694,350788552.914535,345443103.498479,1669.04915445948,1694.8763246583321,108.93958178062,9.632106264443241,4.07062905442559,2013.0,2023.0,5.6902961992902,8.808,32.61640167
STP,Sao Tome and Principe,2018,Africa,Sub-Saharan Africa ,Sub-Saharan Africa,210187.0,67.7828826904297,3.74380908429161,80.8091322001239,383717327.830508,1825.59971753966,3941.03280858409,419532718.697877,361282099.53605,1718.86034595883,1995.9974627254635,109.333795549413,4.5851244031683835,4.07062905442559,2013.0,2023.0,7.86859628873909,8.712,37.99380112
STP,Sao Tome and Principe,2019,Africa,Sub-Saharan Africa ,Sub-Saharan Africa,213392.0,67.9129943847656,3.82254255079853,79.51862975208,412976082.620705,1935.2931816596,4655.48496449805,449110214.27641,374334728.290435,1754.21163066298,2104.625357447374,108.749691126518,3.6128634026282747,4.07062905442559,2013.0,2023.0,7.72024525213248,8.835,44.25790024
STP,Sao Tome and Principe,2020,Africa,Sub-Saharan Africa ,Sub-Saharan Africa,217435.0,68.0436706542969,3.84000699061097,77.8559392739706,471229484.607144,2167.22001796925,5144.53560286014,478045850.623517,366149844.224709,1683.95080932099,2198.569000499078,101.44650668921,-2.186514754617064,4.07062905442559,2013.0,2023.0,9.81932791540146,9.679,51.55469894
STP,Sao Tome and Principe,2021,Africa,Sub-Saharan Africa ,Sub-Saharan Africa,221961.0,68.1738967895508,3.83175422709395,76.007866273353,524402455.54816,2362.58827248102,5732.69456061536,540092198.077153,369662578.257758,1665.43932608773,2433.2752063522553,102.991927738514,0.9593706206503905,4.07062905442559,2013.0,2023.0,8.13777038378732,9.563,54.94950104
STP,Sao Tome and Principe,2022,Africa,Sub-Saharan Africa ,Sub-Saharan Africa,226305.0,68.3720919798341,3.84856719913391,74.3221383454013,540809499.189348,2389.73729784737,6032.7249522726,563894866.566808,395646054.630758,1748.2868457646,2491.7472727814584,104.26866898826,7.028971256831484,4.07062905442559,2013.0,2023.0,18.0056351122841,8.964,58.56779861
STP,Sao Tome and Principe,2023,Africa,Sub-Saharan Africa ,Sub-Saharan Africa,230871.0,68.6043921103568,3.86730280697271,72.8534635081309,690456806.696406,2990.6606143535,6155.05042011344,697463379.440446,399929324.351598,1732.26314414369,3021.009045919349,101.0147735059,1.082601398575167,4.07062905442559,2013.0,2023.0,21.2589138473,9.032,58.70130157
SUR,Suriname,2013,Latin America,Latin America & Caribbean ,Latin America and the Caribbean,569020.0,66.2683575134509,5.98590559207058,54.8395874717679,5145757575.75758,9043.19281529222,16172.6961959961,,,,,,,,,,1.92343604108305,6.6,37.40000153
SUR,Suriname,2014,Latin America,Latin America & Caribbean ,Latin America and the Caribbean,575373.0,66.2249266178037,6.0403425256312,54.1140452613281,5240606060.60606,9108.18905406764,16597.5853539637,,,,,,,,,,3.38341272749477,6.94,40.08000183
SUR,Suriname,2015,Latin America,Latin America & Caribbean ,Latin America and the Caribbean,581627.0,66.1828815074718,6.12626305174966,53.4028748516418,5126237646.22072,8813.61705392067,16543.5743051372,,,,,,,,,,6.89390359168238,7.22,42.76380157
SUR,Suriname,2016,Latin America,Latin America & Caribbean ,Latin America and the Caribbean,587757.0,66.1426466980469,6.2495214859202,52.7446939555142,3317421648.09918,5644.2061057532,14475.3069644921,,,,,,,,,,55.4123879763196,7.917,45.40000153
SUR,Suriname,2017,Latin America,Latin America & Caribbean ,Latin America and the Caribbean,593713.0,66.1046467051207,6.40865199178728,52.1853252162768,3591679430.99988,6049.52128553675,17567.6802396432,,,,,,,,,,21.9969430173304,7.905,48.94520187
SUR,Suriname,2018,Latin America,Latin America & Caribbean ,Latin America and the Caribbean,599513.0,66.0693060442846,6.58676841600467,51.7426585604147,3996198866.57453,6665.74180472239,17855.4787141437,,,,,,,,,,,7.817,55.10210037
SUR,Suriname,2019,Latin America,Latin America & Caribbean ,Latin America and the Caribbean,605768.0,66.0370492311305,6.77123915426368,51.3678297634159,4016040575.08796,6629.66775248603,19771.5473885151,,,,,,,,,,,7.755,62.03350067
SUR,Suriname,2020,Latin America,Latin America & Caribbean ,Latin America and the Caribbean,612317.0,66.00830078125,6.98356160580353,51.0956145805573,2911807496.20227,4755.39221710693,16946.8942361914,,,,,,,,,,34.889784309078,8.973,
SUR,Suriname,2021,Latin America,Latin America & Caribbean ,Latin America and the Caribbean,617896.0,65.9853973388672,7.164393360695,50.8451694489066,3107923197.96954,5029.84838543953,18458.234999681,,,,,,,,,,59.1196626251977,8.706,
SUR,Suriname,2022,Latin America,Latin America & Caribbean ,Latin America and the Caribbean,623164.0,65.8985443115234,7.3556078335719,50.6267614825701,3791603200.0259,6084.43876736445,20075.6544534114,,,,,,,,,,52.446027276241,7.973,
SUR,Suriname,2023,Latin America,Latin America & Caribbean ,Latin America and the Caribbean,628886.0,65.7562408447266,7.62149260756322,50.5295811461931,3472693412.08497,5521.97602122638,21127.5975244081,,,,,,,,,,51.5873159600861,7.699,87.4
SVK,Slovak Republic,2013,Europe,Europe & Central Asia,Eastern Europe,5413393.0,54.1384024098892,13.2842884791878,40.1143714089078,99134277850.3418,18312.7805149823,28075.4326236719,53874069672.4778,44902650859.9774,8294.73324031295,9951.996774015446,54.3445424132799,,2.7420747083501062,2013.0,2023.0,1.40047368963025,14.226,77.8826
SVK,Slovak Republic,2014,Europe,Europe & Central Asia,Eastern Europe,5418649.0,54.0029125499893,13.6950033798192,40.8909492177303,101713075598.862,18770.9289896545,29108.072180194,55176057133.5676,46020417010.887,8492.9688213588,10182.62248275679,54.2467689711516,2.4893099393957785,2.7420747083501062,2013.0,2023.0,-0.0761653295419871,11.536,79.9843017656729
SVK,Slovak Republic,2015,Europe,Europe & Central Asia,Eastern Europe,5423801.0,53.8700628001622,14.1487853575038,41.8080986794682,89178548717.3324,16442.0760860018,30147.9903672541,47494208220.7344,47494208220.7344,8756.62809545084,8756.628095450847,53.2574356769091,3.202472523225386,2.7420747083501062,2013.0,2023.0,-0.325219777427765,11.492,77.6346820339875
SVK,Slovak Republic,2016,Europe,Europe & Central Asia,Eastern Europe,5430798.0,53.7399327086517,14.6624290456748,42.9974711861622,90347173228.6356,16636.0769133073,29867.9803390081,48956637760.59,49221394339.4238,9063.38153977074,9014.630586626496,54.1872379744507,3.636624724139237,2.7420747083501062,2013.0,2023.0,-0.520010196278358,9.679,80.475857275668
SVK,Slovak Republic,2017,Europe,Europe & Central Asia,Eastern Europe,5439232.0,53.6126018237016,15.2000556322042,44.3936163689056,95978130734.9766,17645.5298716761,30245.7825869756,53502708193.2566,52149193854.8197,9587.60241424151,9836.445327806683,55.7446866109458,5.948225471237589,2.7420747083501062,2013.0,2023.0,1.31194588223247,8.142,81.6256675172655
SVK,Slovak Republic,2018,Europe,Europe & Central Asia,Eastern Europe,5446771.0,53.4881496935559,15.7269155531126,45.8020130464426,106611673364.837,19573.3717031314,31509.8187291635,59332740594.4556,54300090900.3072,9969.22596898368,10893.195361886079,55.6531369612899,4.124506797699445,2.7420747083501062,2013.0,2023.0,2.51403712883803,6.544,80.4489224826099
SVK,Slovak Republic,2019,Europe,Europe & Central Asia,Eastern Europe,5454147.0,53.3666558664583,16.259188968312,47.1743766979644,105843498304.094,19406.0589683582,33985.6758419661,59158160291.294,55824410729.4407,10235.2229834364,10846.455053612233,55.892106023678,2.807214138797831,2.7420747083501062,2013.0,2023.0,2.6645613342544,5.761,82.8536605021784
SVK,Slovak Republic,2020,Europe,Europe & Central Asia,Eastern Europe,5458827.0,53.2481998906526,16.7640891006244,48.4093813779099,107732602896.441,19735.4858280801,35327.9439165588,61912952534.0796,56055201627.715,10268.7265281928,11341.805214578077,57.4690955843647,0.41342290094714684,2.7420747083501062,2013.0,2023.0,1.93694126694223,6.719,89.92090413
SVK,Slovak Republic,2021,Europe,Europe & Central Asia,Eastern Europe,5447247.0,53.1901479870605,17.1648882487724,49.4568271263227,120511265913.343,22123.3342114545,38330.302743447,68192126175.6617,57774724844.112,10606.2245468421,12518.640365612519,56.5856857106597,3.0675533518138787,2.7420747083501062,2013.0,2023.0,3.1496062992126,6.894,88.92560523
SVK,Slovak Republic,2022,Europe,Europe & Central Asia,Eastern Europe,5431752.0,53.1902831072528,17.5706371952843,50.4641276809572,115792972358.209,21317.7943982363,41529.408474315,71053340626.4205,60621245888.7148,11160.5327137017,13081.109120302344,61.3623946076927,4.926931374027821,2.7420747083501062,2013.0,2023.0,12.7741463637611,6.143,89.06766196
SVK,Slovak Republic,2023,Europe,Europe & Central Asia,Eastern Europe,5426740.0,53.190805019646,18.0508365765507,51.4188207516504,133578518423.544,24614.8734642794,45864.6125430469,77946206279.5014,58851196121.2913,10844.6684604922,14363.357426281967,58.3523512608171,-2.9198505267820862,2.7420747083501062,2013.0,2023.0,10.5319476645211,5.843,87.2131343
SVN,Slovenia,2013,Europe,Europe & Central Asia,Southern Europe,2059953.0,50.0466580754027,17.1479957003396,46.4464612484058,47867056858.8892,23236.9655321695,29634.0657611471,26629117309.4369,22049608240.7165,10703.9375367868,12927.05091302418,55.6314071866563,,2.7226213900764407,2013.0,2023.0,1.76920085881897,10.103,72.6756
SVN,Slovenia,2014,Europe,Europe & Central Asia,Southern Europe,2061980.0,50.983470916748,17.5469496825326,47.6055386258521,49514466379.6057,24013.0682060959,30571.9753019832,26921903660.0203,22299630571.4134,10814.6687026127,13056.33597805037,54.3717939998017,1.1339082670648537,2.7226213900764407,2013.0,2023.0,0.199343826570844,9.668,71.5862515855601
SVN,Slovenia,2015,Europe,Europe & Central Asia,Southern Europe,2063531.0,53.6612160294144,18.0184247458794,48.9026039344045,42709468274.8137,20697.2748530619,31336.2043858881,22836399287.0488,22836399287.0488,11066.661604332,11066.661604331994,53.4691725500028,2.4070744755902096,2.7226213900764407,2013.0,2023.0,-0.525552285820783,8.962,73.0986599745829
SVN,Slovenia,2016,Europe,Europe & Central Asia,Southern Europe,2065042.0,53.647274017334,18.5120548294753,50.2163362216959,44290685824.0682,21447.8377796036,33575.1775435757,23605085228.3814,23771100891.5911,11511.1948771943,11430.801518023072,53.2958223364291,4.093034075964841,2.7226213900764407,2013.0,2023.0,-0.0549995416705683,8.0,75.4985042610791
SVN,Slovenia,2017,Europe,Europe & Central Asia,Southern Europe,2066388.0,55.2451133728027,19.0009988314642,51.5486078260965,48153200134.6613,23303.077705959,36180.0384547624,25075509350.813,24367325773.2634,11792.2315524787,12134.947236827256,52.0744400801793,2.5081921295585063,2.7226213900764407,2013.0,2023.0,1.42910743319306,6.564,78.8854263554775
SVN,Slovenia,2018,Europe,Europe & Central Asia,Southern Europe,2073894.0,55.1913430955675,19.4617683036878,52.7824926183278,53689067639.9176,25888.0481065655,38620.2045436305,27653403220.927,25197100595.2715,12149.6569232909,13334.048519802362,51.5065812027007,3.4052765154826803,2.7226213900764407,2013.0,2023.0,1.7386086198818,5.108,79.7499765956562
SVN,Slovenia,2019,Europe,Europe & Central Asia,Southern Europe,2088385.0,55.4523277282715,19.8516683589804,53.749455202959,53909922735.545,25814.1687167572,42373.2506369279,28041750580.3137,26582693930.2801,12728.8282238572,13427.481321841376,52.0159353925852,5.499018943745559,2.7226213900764407,2013.0,2023.0,1.63052260754335,4.446,83.1083578026717
SVN,Slovenia,2020,Europe,Europe & Central Asia,Southern Europe,2102419.0,55.384391784668,20.1213887142885,54.463108894626,53384760135.1581,25392.0651093612,41767.2579899957,26744115269.2359,24947940241.5346,11866.3026930096,12720.640019537448,50.0969100573381,-6.149691573897897,2.7226213900764407,2013.0,2023.0,-0.05485681576061,4.971,86.60130109
SVN,Slovenia,2021,Europe,Europe & Central Asia,Southern Europe,2108079.0,55.3046289429588,20.4309073032618,55.2631346363753,61540813361.8556,29192.8401933019,45922.6632600134,31857106703.7165,27757251012.4258,13167.0829283086,15111.913122665943,51.7658200524569,11.260692240292114,2.7226213900764407,2013.0,2023.0,1.91706506089269,4.744,89.00399524
SVN,Slovenia,2022,Europe,Europe & Central Asia,Southern Europe,2112076.0,55.3377817873563,20.8812714279501,56.1949556465181,59899117741.0022,28360.3041467268,52322.1405997493,32318614501.7667,28849891515.2868,13659.4949780627,15301.8236568034,53.955076002136,3.9364146772743025,2.7226213900764407,2013.0,2023.0,8.83369886749452,4.011,88.91248552
SVN,Slovenia,2023,Europe,Europe & Central Asia,Southern Europe,2120461.0,55.5378927789875,21.3323429613727,56.8926761847261,69255264238.3855,32660.4753581346,56150.6852244867,35707845428.4634,28844420252.3822,13602.9006203756,16839.66148326397,51.5597562454637,-0.01896458744637952,2.7226213900764407,2013.0,2023.0,7.44687717385846,3.652,90.37794678
SWE,Sweden,2013,Europe,Europe & Central Asia,Northern Europe,9600379.0,85.9249771259894,19.2744218602549,56.8428650266998,584125353119.18,60843.9888799369,46098.0140634307,279954395462.266,220230053018.607,22939.7248815497,29160.7649512864,47.9271091328828,,1.7941697205253737,2013.0,2023.0,-0.044292970148682,8.052,94.7836
SWE,Sweden,2014,Europe,Europe & Central Asia,Northern Europe,9696110.0,86.2563838747314,19.5210692673755,57.9349102431268,577727767303.596,59583.4584491714,46841.2010746944,275774710911.361,226602660704.133,23370.471323462,28441.788605055124,47.7343701512691,2.8936140177869385,1.7941697205253737,2013.0,2023.0,-0.179638494114635,7.954,92.5236065037579
SWE,Sweden,2015,Europe,Europe & Central Asia,Northern Europe,9799186.0,86.6158654081858,19.6982615865952,58.8360981487734,501602351911.6,51188.1652120493,48762.7456496975,236078432224.912,236078432224.912,24091.6370221885,24091.637022188577,47.0648575161619,4.181668251967774,1.7941697205253737,2013.0,2023.0,-0.0467847449832812,7.432,90.6101966398616
SWE,Sweden,2016,Europe,Europe & Central Asia,Northern Europe,9923085.0,87.0,19.773834861054,59.4873080659899,513058312950.939,51703.5088332851,50176.3328538836,239725998331.774,241174876371.867,24304.4251230204,24158.414276585758,46.7249028581081,2.158792778706542,1.7941697205253737,2013.0,2023.0,0.984269244577992,6.99,89.6509476102355
SWE,Sweden,2017,Europe,Europe & Central Asia,Northern Europe,10057698.0,87.237373786911,19.8018336203973,59.9437746878275,535172356784.769,53210.2233318965,51386.5907915775,250381196013.153,247211968424.718,24579.3787430005,24894.483410930912,46.7851511459605,2.5032010562917817,1.7941697205253737,2013.0,2023.0,1.79449904665599,6.718,93.0062669652127
SWE,Sweden,2018,Europe,Europe & Central Asia,Northern Europe,10175214.0,87.4737430925296,19.8625371600706,60.3159015203771,549649344043.182,54018.4554391861,52962.1832555021,257238111471.724,251877113520.21,24753.986846882,25280.85517137271,46.8004036136017,1.8871032520064501,1.7941697205253737,2013.0,2023.0,1.95353530127028,6.365,89.2469631588137
SWE,Sweden,2019,Europe,Europe & Central Asia,Northern Europe,10278887.0,87.7088420242759,19.9506621429353,60.5841239468728,530894124494.418,51648.9892820514,56909.753155728,243203857191.781,253856163152.549,24696.8531858117,23660.524450923625,45.8102371020568,0.7857203080819941,1.7941697205253737,2013.0,2023.0,1.78415097403835,6.833,94.4934434072202
SWE,Sweden,2020,Europe,Europe & Central Asia,Northern Europe,10353442.0,87.9424046895699,20.0599853974717,60.7610678252936,544265668451.678,52568.5726980146,57396.2588780383,244238167585.75,246246471563.319,23784.0199967624,23590.045473355625,44.8748068715333,-2.997639094016069,1.7941697205253737,2013.0,2023.0,0.497367318853572,8.291,94.53943122
SWE,Sweden,2021,Europe,Europe & Central Asia,Northern Europe,10415811.0,88.1741651958315,20.1967832299352,60.893031225029,631693331300.776,60647.5416365347,62190.8526983825,283274774210.839,260166703182.698,24978.0553029139,27196.61236276647,44.8437176988276,5.652966936340276,1.7941697205253737,2013.0,2023.0,2.16319736447143,8.803,94.6703163
SWE,Sweden,2022,Europe,Europe & Central Asia,Northern Europe,10486941.0,88.4038576504809,20.3419018248482,60.8510659836657,575071237640.921,54836.8907235124,66517.6358713011,263523114747.248,267392713762.948,25497.6845738855,25128.692413473862,45.8244296529735,2.7774540292251126,1.7941697205253737,2013.0,2023.0,8.36929098869189,7.417,95.00970335
SWE,Sweden,2023,Europe,Europe & Central Asia,Northern Europe,10536632.0,88.631216160938,20.5364235623884,60.7360556550349,578990915246.07,54950.2834725622,68457.9015289277,263717291546.63,263090779391.506,24969.1532732192,25028.613654403987,45.5477425642423,-1.6088450245715369,1.7941697205253737,2013.0,2023.0,8.5486248974891,7.611,95.70327461
SWZ,Eswatini,2013,Africa,Sub-Saharan Africa ,Sub-Saharan Africa,1129990.0,22.8121644356992,3.22870113894813,69.0473127223441,4463396204.01995,3949.94310039907,8231.15139767951,2972739215.59854,2486777877.0497,2200.70786206046,2630.765949785874,66.6026290231898,,1.2431669135057888,2013.0,2023.0,5.62130623468948,24.556,24.70000076
SWZ,Eswatini,2014,Africa,Sub-Saharan Africa ,Sub-Saharan Africa,1136299.0,23.026850446568,3.31484054813038,68.1569900715811,4285065665.03168,3771.07228381938,8365.743287389,2640150890.25212,2349184440.75148,2067.3999015677,2323.464942107773,61.6128455579362,-5.533000657922038,1.2431669135057888,2013.0,2023.0,5.68134885776447,23.931,25.0
SWZ,Eswatini,2015,Africa,Sub-Saharan Africa ,Sub-Saharan Africa,1142813.0,23.2660261759632,3.39635767022149,67.1629718043683,3908217914.21824,3419.82276559528,8391.07006084602,2290157692.82066,2290157692.82066,2003.96538438105,2003.9653843810493,58.5985158219807,-2.512648513538507,1.2431669135057888,2013.0,2023.0,4.95124493704919,23.431,25.64299965
SWZ,Eswatini,2016,Africa,Sub-Saharan Africa ,Sub-Saharan Africa,1149507.0,23.5278881746356,3.47505344680222,66.2545161075709,3722306116.72872,3238.17611961364,8484.12117278345,2115251436.62875,2256060745.66395,1962.63332512455,1840.1379344612517,56.8263697368259,-1.4888471332607178,1.2431669135057888,2013.0,2023.0,7.8472745908568,22.718,28.56999969
SWZ,Eswatini,2017,Africa,Sub-Saharan Africa ,Sub-Saharan Africa,1158195.0,23.8052004963161,3.57586743850018,65.4408298646128,4462640651.49219,3853.09956569679,8584.31100767837,2603187637.85317,2362945371.3214,2040.19648791559,2247.624655479578,58.3328984148148,4.737666122815076,1.2431669135057888,2013.0,2023.0,6.22137528933118,24.543,35.33160019
SWZ,Eswatini,2018,Africa,Sub-Saharan Africa ,Sub-Saharan Africa,1168929.0,24.0579295404227,3.68640709298551,64.5911509558562,4643751059.28203,3972.65450620357,8535.25593160454,2795234386.44723,2445166522.77818,2091.80071910115,2391.2781584229924,60.1934589249796,3.4796044146717,1.2431669135057888,2013.0,2023.0,4.81506167461513,26.471,39.38100052
SWZ,Eswatini,2019,Africa,Sub-Saharan Africa ,Sub-Saharan Africa,1179874.0,24.3459549517751,3.79565953652678,63.7013214049848,4617018958.69086,3913.14577547336,9248.32206714455,2731365037.22826,2552626857.19454,2163.47411434995,2314.9633242433174,59.1586272802036,4.394806382931504,1.2431669135057888,2013.0,2023.0,2.59801620311077,28.222,43.93389893
SWZ,Eswatini,2020,Africa,Sub-Saharan Africa ,Sub-Saharan Africa,1192729.0,24.6652798922192,3.87485175808932,62.7630147884624,4134677809.50096,3466.56936278145,9329.30453360939,2327107077.14561,2426133885.83403,2034.10320855285,1951.0778032106286,56.2826702433312,-4.955403920631463,1.2431669135057888,2013.0,2023.0,,32.978,49.01300049
SWZ,Eswatini,2021,Africa,Sub-Saharan Africa ,Sub-Saharan Africa,1206593.0,25.0156180525173,3.92290361252568,61.8328842416431,4807069277.20114,3984.00229174306,9990.43491951205,2834409222.21392,2534721697.86494,2100.72634091607,2349.1013309491436,58.9633529031273,4.475755137214166,1.2431669135057888,2013.0,2023.0,,34.153,53.99530029
SWZ,Eswatini,2022,Africa,Sub-Saharan Africa ,Sub-Saharan Africa,1218917.0,25.396682918542,4.01504122718824,61.200849569132,4746660273.50829,3894.1620089869,10633.7069148254,2919267934.67635,2683131366.10064,2201.24205840155,2394.9685948069887,61.5015140428136,5.855067574507644,1.2431669135057888,2013.0,2023.0,,36.472,57.34370041
SWZ,Eswatini,2023,Africa,Sub-Saharan Africa ,Sub-Saharan Africa,1230506.0,25.8081878500755,4.14687128709653,60.8127499411903,4621191261.84214,3755.52111232464,11309.1967529876,2887201597.3909,2813806383.76651,2286.70675621777,2346.3531241545347,62.477431333149,4.87024300475376,1.2431669135057888,2013.0,2023.0,,34.61,61.33330154
SXM,Sint Maarten (Dutch part),2013,Latin America,Latin America & Caribbean ,Latin America and the Caribbean,35854.0,100.0,6.50555028727618,37.2808025116778,1022905027.93296,28529.7324687053,36178.1870158544,,,,,,,,,,2.5286478853837,,
SXM,Sint Maarten (Dutch part),2014,Latin America,Latin America & Caribbean ,Latin America and the Caribbean,36672.0,100.0,7.0408900644915,37.3483146067416,1361811508.37989,37134.912423099,43514.2365385271,,,,,,,,,,1.88675466275266,,
SXM,Sint Maarten (Dutch part),2015,Latin America,Latin America & Caribbean ,Latin America and the Caribbean,37471.0,100.0,7.64447646878294,37.5853712271425,1417888715.0838,37839.6283815163,44587.5911500766,,,,,,,,,,0.330027165141066,,
SXM,Sint Maarten (Dutch part),2016,Latin America,Latin America & Caribbean ,Latin America and the Caribbean,38249.0,100.0,8.35838845460012,38.073063316728,1427017206.70391,37308.6147795736,44845.106868735,,,,,,,,,,0.111682655737579,,
SXM,Sint Maarten (Dutch part),2017,Latin America,Latin America & Caribbean ,Latin America and the Caribbean,38996.0,100.0,9.09312374187427,38.6672356162435,1353212122.90503,34701.3058494468,44479.2967076826,,,,,,,,,,2.19201010962985,,
SXM,Sint Maarten (Dutch part),2018,Latin America,Latin America & Caribbean ,Latin America and the Caribbean,39712.0,100.0,9.83204069298952,39.2586618038996,1259200446.92737,31708.3110124742,41653.2008964784,,,,,,,,,,,,
SXM,Sint Maarten (Dutch part),2019,Latin America,Latin America & Caribbean ,Latin America and the Caribbean,40385.0,100.0,10.6426970743726,39.8663157165616,1407880446.92737,34861.469528968,45715.6970519376,,,,,,,,,,,,
SXM,Sint Maarten (Dutch part),2020,Latin America,Latin America & Caribbean ,Latin America and the Caribbean,41008.0,100.0,11.4820459672011,40.3806654799398,1236428100.55866,30150.8998380477,38901.4867603712,,,,,,,,,,,,
SXM,Sint Maarten (Dutch part),2021,Latin America,Latin America & Caribbean ,Latin America and the Caribbean,41571.0,100.0,12.3198864593106,40.7325908121467,1353071061.45251,32548.4366854902,40507.0672411717,,,,,,,,,,,,
SXM,Sint Maarten (Dutch part),2022,Latin America,Latin America & Caribbean ,Latin America and the Caribbean,42139.0,100.0,12.9762568672354,40.8765712757422,1592564636.87151,37793.1283815826,48752.9549877316,,,,,,,,,,,,
SXM,Sint Maarten (Dutch part),2023,Latin America,Latin America & Caribbean ,Latin America and the Caribbean,42749.0,100.0,13.4470981777352,40.8626598128377,1686525977.65363,39451.822911732,51729.2528621078,,,,,,,,,,,,
SYC,Seychelles,2013,Africa,Sub-Saharan Africa ,Sub-Saharan Africa,89949.0,42.815069634181,7.03136861179812,40.4487539816376,1333160407.38516,14821.2921476077,22487.2497747,561377585.968679,649075194.820101,7216.03569600664,6241.065336676104,42.1087802232108,,6.795612384485494,2013.0,2023.0,4.33893848329099,,50.40000153
SYC,Seychelles,2014,Africa,Sub-Saharan Africa ,Sub-Saharan Africa,91359.0,42.9386256186342,7.03075357485822,40.0932329443516,1387577870.08161,15188.1902175113,24984.526915426,888560647.799374,843427337.406296,9232.01148662197,9726.032988532865,64.0368131373494,29.942931749234702,6.795612384485494,2013.0,2023.0,1.38583454581263,,51.25469971
SYC,Seychelles,2015,Africa,Sub-Saharan Africa ,Sub-Saharan Africa,93419.0,43.094803568632,7.05775929198588,39.7253922433779,1432403352.12944,15333.1051727105,25435.2289894362,832741366.651833,832741366.651833,8914.04710660393,8914.047106603935,58.135954891048,-1.2669699309633908,6.795612384485494,2013.0,2023.0,4.04194410725617,,54.25960159
SYC,Seychelles,2016,Africa,Sub-Saharan Africa ,Sub-Saharan Africa,94677.0,43.2815632531296,7.09153986942388,39.4016137581719,1568513348.14463,16566.9946042294,28811.3970334958,982932787.511364,1007571982.73823,10642.2043657724,10381.959583757027,62.6665236017317,20.99458764602158,6.795612384485494,2013.0,2023.0,-1.01548191697626,,56.51470184
SYC,Seychelles,2017,Africa,Sub-Saharan Africa ,Sub-Saharan Africa,95843.0,43.4968644410824,7.1411099696246,39.1919367956315,1675370641.01416,17480.3651911372,30674.6487335442,1063727518.24061,1094694721.99534,11421.7493400179,11098.645892142462,63.4920710796687,8.646800501572184,6.795612384485494,2013.0,2023.0,2.85679575568437,,62.55310059
SYC,Seychelles,2018,Africa,Sub-Saharan Africa ,Sub-Saharan Africa,96762.0,43.7386669014459,7.2279207232267,39.0878121002171,1784313926.76807,18440.2340460932,32091.2988657346,1190890357.69018,1205457789.13597,12457.9668582291,12307.417764103471,66.7421993307673,10.118169469086148,6.795612384485494,2013.0,2023.0,3.70291839111568,,69.23660278
SYC,Seychelles,2019,Africa,Sub-Saharan Africa ,Sub-Saharan Africa,97625.0,44.0049304031754,7.36545956030786,39.0862076334573,1868690096.73454,19141.5118743615,34219.061370118,1203914446.04778,1226559155.06079,12563.986223414,12332.030177185967,64.4255806862556,1.7504856756489717,6.795612384485494,2013.0,2023.0,1.80709400809982,,76.63420105
SYC,Seychelles,2020,Africa,Sub-Saharan Africa ,Sub-Saharan Africa,98462.0,44.2936147152263,7.57787365638327,39.2121931908155,1382551751.56908,14041.4754074575,31055.9442055039,1005002702.29323,1223852766.26828,12429.6963932104,10207.01084980226,72.6918685794318,-0.22064885997087336,6.795612384485494,2013.0,2023.0,1.20266463987123,,79.25170135
SYC,Seychelles,2021,Africa,Sub-Saharan Africa ,Sub-Saharan Africa,99258.0,44.6026796065539,7.89185892875292,39.5484197503093,1487173794.80528,14982.9111487767,29979.8272686091,1203573216.97444,1368695802.22739,13789.2744386084,12125.704900103166,80.9302329814135,11.83500499008221,6.795612384485494,2013.0,2023.0,9.76909936973542,,81.99530029
SYC,Seychelles,2022,Africa,Sub-Saharan Africa ,Sub-Saharan Africa,119878.0,44.9108209981157,8.14754326913502,39.7782260415331,1999888599.25474,16682.6990711785,29215.6725189214,1420177071.13428,1342154977.95143,11196.0074238094,11846.85322689968,71.0128089966368,-1.939132437811819,6.795612384485494,2013.0,2023.0,2.6260363285129,,84.83380127
SYC,Seychelles,2023,Africa,Sub-Saharan Africa ,Sub-Saharan Africa,119773.0,45.0971081321658,8.33095611193391,39.8025048731806,2171547935.38159,18130.5297135548,31893.9628108379,1388672831.88156,1252648193.46976,10458.5189773134,11594.205971976657,63.948523044578,-6.668885929871293,6.795612384485494,2013.0,2023.0,-1.03530088431952,,86.001297
SYR,Syrian Arab Republic,2013,Middle East,"Middle East, North Africa, Afghanistan & Pakistan",Western Asia,21666917.0,73.0620491886137,3.75405730879808,71.6990633976703,21361254634.9336,985.892669221634,,20416775827.8755,27399644280.8147,1264.58435599373,942.3018433068027,95.5785424442554,,-16.441099414035254,2013.0,2022.0,40.0318378290723,14.5,26.20000076
SYR,Syrian Arab Republic,2014,Middle East,"Middle East, North Africa, Afghanistan & Pakistan",Western Asia,20273659.0,76.0,3.98945498688717,77.7771171894011,21502061466.067,1060.59105887433,,24162433577.2383,22923673157.2231,1130.71217964271,1191.8141454997492,112.3726374579,-16.33587311469473,-16.441099414035254,2013.0,2022.0,10.9271141804297,14.782,28.09000015
SYR,Syrian Arab Republic,2015,Middle East,"Middle East, North Africa, Afghanistan & Pakistan",Western Asia,19424618.0,75.7529067188542,4.16985034145845,80.9126541140768,16466861435.0236,847.731545352582,,15284035842.4333,15284035842.4333,786.838425467793,786.8384254677904,92.816933589576,-33.32641004952821,-16.441099414035254,2013.0,2022.0,38.4611429599733,14.244,29.97979927
SYR,Syrian Arab Republic,2016,Middle East,"Middle East, North Africa, Afghanistan & Pakistan",Western Asia,19193834.0,75.15400963398,4.29243069134678,80.1246656652147,12597854088.3602,656.349017520952,,12489813834.7888,15535902953.0413,809.421554497205,650.7201132816299,99.1423916103995,1.6479097092191974,-16.441099414035254,2013.0,2022.0,47.7051615298923,13.798,31.8696003
SYR,Syrian Arab Republic,2017,Middle East,"Middle East, North Africa, Afghanistan & Pakistan",Western Asia,19224668.0,74.5395596323392,4.39669751384003,77.6378005722762,16369842725.4718,851.501972646386,3265.07016871603,15863931845.0136,9980074443.68377,519.128571878785,825.1862578336124,96.909494556896,-35.7612204849022,-16.441099414035254,2013.0,2022.0,18.0752696281771,13.603,32.70000076
SYR,Syrian Arab Republic,2018,Middle East,"Middle East, North Africa, Afghanistan & Pakistan",Western Asia,19577845.0,74.0612602381775,4.46661775083008,73.6166493104807,21497779247.9835,1098.06667935023,3455.89168825346,20601638114.1138,6119259464.71598,312.560420450564,1052.293452834763,95.8314711322859,-38.68523226709234,-16.441099414035254,2013.0,2022.0,0.940983843906769,13.505,33.77000046
SYR,Syrian Arab Republic,2019,Middle East,"Middle East, North Africa, Afghanistan & Pakistan",Western Asia,20353534.0,73.8248788261986,4.4946862790511,68.3491350011588,22583046644.6891,1109.53933821464,3502.17536117799,21052080780.9456,8475116825.5353,416.395345669961,1034.3206629839121,93.2207293026889,38.499059802960424,-16.441099414035254,2013.0,2022.0,13.4175653228571,13.369,
SYR,Syrian Arab Republic,2020,Middle East,"Middle East, North Africa, Afghanistan & Pakistan",Western Asia,21049429.0,73.4125031102512,4.54759604167885,64.3008702952672,12501503673.2425,593.911771822527,3878.42802993832,11204004171.2967,4917407834.42136,233.61240983883,532.2711685574321,89.6212524840281,-41.978288492669016,-16.441099414035254,2013.0,2022.0,,15.179,
SYR,Syrian Arab Republic,2021,Middle East,"Middle East, North Africa, Afghanistan & Pakistan",Western Asia,21628839.0,73.0125007629395,4.61846785630824,61.2276125344165,14892885528.1402,688.566109726934,4765.52911357702,11551331891.4369,6127963189.54566,283.323722995287,534.070825134761,77.5627521584756,24.617753822461786,-16.441099414035254,2013.0,2022.0,,14.887,
SYR,Syrian Arab Republic,2022,Middle East,"Middle East, North Africa, Afghanistan & Pakistan",Western Asia,22462173.0,72.6124992370605,4.66656330771211,57.7320812518306,23737634644.3994,1056.78264718197,4905.15252202552,27118984509.2228,5441008184.62704,242.229822761451,1207.317943336239,114.244679031747,-11.210168593874215,-16.441099414035254,2013.0,2022.0,,13.245,
SYR,Syrian Arab Republic,2023,Middle East,"Middle East, North Africa, Afghanistan & Pakistan",Western Asia,23594623.0,72.1673803143204,4.68683691195235,53.8991071034884,,,,,,,,,,-16.441099414035254,2013.0,2022.0,,13.27,
TCA,Turks and Caicos Islands,2013,Latin America,Latin America & Caribbean ,Latin America and the Caribbean,33653.0,91.3168927865286,7.55058984340178,38.5125123477116,863328000.0,25653.819867471,23931.6892982133,,,,,,,,,,,,
TCA,Turks and Caicos Islands,2014,Latin America,Latin America & Caribbean ,Latin America and the Caribbean,35050.0,91.5971200472541,7.86875891583452,37.7441540577717,956605000.0,27292.5820256776,25546.2927320872,,,,,,,,,,,,
TCA,Turks and Caicos Islands,2015,Latin America,Latin America & Caribbean ,Latin America and the Caribbean,36605.0,91.8737937193851,8.25160497199836,37.1398598778615,1078274000.0,29457.0140691162,27484.6414432499,,,,,,,,,,,,
TCA,Turks and Caicos Islands,2016,Latin America,Latin America & Caribbean ,Latin America and the Caribbean,38315.0,92.1466904484552,8.67806342163644,36.7269742711344,1202078000.0,31373.5612684327,29780.5785774422,,,,,,,,,,,,
TCA,Turks and Caicos Islands,2017,Latin America,Latin America & Caribbean ,Latin America and the Caribbean,39913.0,92.4155868799755,9.08362041966802,36.5328042690018,1197958000.0,30014.2309523213,30097.3550560987,,,,,,,,,,,,
TCA,Turks and Caicos Islands,2018,Latin America,Latin America & Caribbean ,Latin America and the Caribbean,41559.0,92.6802596594323,9.47218980473309,36.4457139105026,1314329000.0,31625.616593277,31151.4748574464,,,,,,,,,,,,
TCA,Turks and Caicos Islands,2019,Latin America,Latin America & Caribbean ,Latin America and the Caribbean,43166.0,92.9404854322845,9.8145509724201,36.4371957772299,1371838000.0,31780.5217068989,31173.3797811743,,,,,,,,,,,,
TCA,Turks and Caicos Islands,2020,Latin America,Latin America & Caribbean ,Latin America and the Caribbean,44386.0,93.1960408439605,10.077615437474,36.5260988588478,918387000.0,20690.9160546118,19530.0254075613,,,,,,,,,,,,
TCA,Turks and Caicos Islands,2021,Latin America,Latin America & Caribbean ,Latin America and the Caribbean,45243.0,93.4467025398547,10.3307657453557,36.7105819786064,1236459000.0,27329.2885087196,25056.4880515569,,,,,,,,,,,,
TCA,Turks and Caicos Islands,2022,Latin America,Latin America & Caribbean ,Latin America and the Caribbean,45847.0,93.6922471653237,10.6058127487867,36.9395740613519,1434119000.0,31280.5418020808,30216.0346068372,,,,,,,,,,,,
TCA,Turks and Caicos Islands,2023,Latin America,Latin America & Caribbean ,Latin America and the Caribbean,46198.0,93.9324513656818,10.8987402052037,37.2081972081972,1638653000.0,35470.2151608295,35365.8657232406,,,,,,,,,,,,
TCD,Chad,2013,Africa,Sub-Saharan Africa ,Sub-Saharan Africa,13691079.0,22.2975929852391,2.10090446118584,102.900131941391,17865316886.3315,1304.88742971475,2110.24705136988,9993407774.89638,8637919039.78071,630.915871552615,729.92112417848,55.9374784028722,,2.3241051002265145,2013.0,2023.0,0.222671564624551,0.955,2.5
TCD,Chad,2014,Africa,Sub-Saharan Africa ,Sub-Saharan Africa,14188678.0,22.5294513486009,2.07314232963979,102.351171749544,18144336903.7175,1278.78981422494,2133.18441198787,10222736969.1909,8687207337.53962,612.26333683375,720.4855145201618,56.3411990387836,0.5706038402527147,2.3241051002265145,2013.0,2023.0,1.6819731392567,0.984,2.900000095
TCD,Chad,2015,Africa,Sub-Saharan Africa ,Sub-Saharan Africa,14647621.0,22.8011258828974,2.05939244331895,102.372075248765,14559599499.5011,993.990730610869,2377.51137185751,9143933703.08447,9143933703.08447,624.260670253857,624.260670253857,62.8034699951588,5.25745901759731,2.3241051002265145,2013.0,2023.0,4.37712665065654,1.032,3.5
TCD,Chad,2016,Africa,Sub-Saharan Africa ,Sub-Saharan Africa,15114655.0,23.1119734707179,2.05159826671532,102.2828708469,13026289835.7789,861.831767630746,2120.08751553857,9060072769.81336,9404802332.38157,622.230698112631,599.423061248395,69.5522123646316,2.85291470572564,2.3241051002265145,2013.0,2023.0,-0.792440525236102,1.091,5.800000191
TCD,Chad,2017,Africa,Sub-Saharan Africa ,Sub-Saharan Africa,15622759.0,23.461349471105,2.04749365973065,101.801281508928,13349041408.7152,854.46120040098,2097.14425483604,9186015662.4374,9479194998.17991,606.755503184803,587.9893341782588,68.8140472501652,0.791007223428819,2.3241051002265145,2013.0,2023.0,-1.5370996298084,1.132,6.351900101
TCD,Chad,2018,Africa,Sub-Saharan Africa ,Sub-Saharan Africa,16156531.0,23.8486084924975,2.04665537566992,101.186169914043,15327000248.8701,948.656629871231,2227.81335372611,9957555620.9596,10018402808.0355,620.083779620485,616.3176749365072,64.9674134486537,5.68832912456303,2.3241051002265145,2013.0,2023.0,4.27462198610545,1.135,6.956299782
TCD,Chad,2019,Africa,Sub-Saharan Africa ,Sub-Saharan Africa,16685223.0,24.2731047386633,2.04845628973613,100.684531380519,14905517742.8454,893.336441643325,2351.65339767739,9533742967.89332,10402742764.1755,623.470406369485,571.388405650516,63.9611661424475,3.8363396192428123,2.3241051002265145,2013.0,2023.0,-0.971939175419401,1.077,7.618199825
TCD,Chad,2020,Africa,Sub-Saharan Africa ,Sub-Saharan Africa,17224679.0,24.7341921795416,2.04773337140274,100.054552902552,14932897821.2387,866.947814890409,2185.99034173537,9802632362.47379,10201675530.7029,592.270865001486,569.1039213255463,65.6445418687037,-1.9328290435578932,2.3241051002265145,2013.0,2023.0,4.46414437232861,1.695,8.343099594
TCD,Chad,2021,Africa,Sub-Saharan Africa ,Sub-Saharan Africa,17828273.0,25.2312246423075,2.04727900320802,98.923632922988,16871937697.5854,946.358500208374,2435.07274651099,10476751353.7461,10629713675.0454,596.227894594466,587.6481335991489,62.0957209630134,4.1957631670825,2.3241051002265145,2013.0,2023.0,-0.77284437035914,1.53,9.653699875
TCD,Chad,2022,Africa,Sub-Saharan Africa ,Sub-Saharan Africa,18455316.0,25.7635558629694,2.05551078224591,97.8599966421734,17828508289.6049,966.036468278568,2623.702025997,10294358532.1489,11045507763.4085,598.500061630401,557.7990933424765,57.7409975356778,3.911620774313329,2.3241051002265145,2013.0,2023.0,5.78802687843616,1.081,11.17029953
TCD,Chad,2023,Africa,Sub-Saharan Africa ,Sub-Saharan Africa,19319064.0,26.3305395171046,2.07477443006556,95.3580792822124,18352937976.2179,949.991054236266,2703.06889886705,11008602061.0161,10868977264.8842,562.603719563442,569.8310260277672,59.9827780995132,-1.598210804840594,2.3241051002265145,2013.0,2023.0,10.8363568399843,1.059,12.03590012
TGO,Togo,2013,Africa,Sub-Saharan Africa ,Sub-Saharan Africa,6798848.0,38.8516767884103,3.42406537107463,87.604841905195,6021729629.82454,885.698522723929,1838.12921973277,4781271102.97213,4044673368.34921,594.905691133147,703.2472417345011,79.4002952123814,,4.611688273949266,2013.0,2023.0,1.82539475909162,2.084,4.5
TGO,Togo,2014,Africa,Sub-Saharan Africa ,Sub-Saharan Africa,6937644.0,39.2839506458368,3.42702796511323,85.846201652556,6393314707.85456,921.539748631461,1942.14838585312,4998489845.20392,4238683394.10764,610.968708412775,720.4880857541725,78.1830720621805,4.79667968436257,4.611688273949266,2013.0,2023.0,0.19087507624975,2.141,5.699999809
TGO,Togo,2015,Africa,Sub-Saharan Africa ,Sub-Saharan Africa,7071502.0,39.7162551272934,3.4612448670735,83.6930737203699,5755457836.01866,813.894676975085,2036.94563630408,4460114725.26716,4460114725.26716,630.716745221476,630.7167452214763,77.4936564968816,5.224059231867639,4.611688273949266,2013.0,2023.0,2.58500390801595,2.204,7.119999886
TGO,Togo,2016,Africa,Sub-Saharan Africa ,Sub-Saharan Africa,7200884.0,40.1485878279739,3.52480334358948,81.2783338536055,6071167584.1951,843.114204338675,2109.39271418563,4695686185.82866,4636064908.35301,643.818857289328,652.0985737068754,77.3440383700298,3.9449698925695387,4.611688273949266,2013.0,2023.0,1.28544847051417,2.968,11.31000042
TGO,Togo,2017,Africa,Sub-Saharan Africa ,Sub-Saharan Africa,7324386.0,40.5809463430719,3.60684158371773,78.6857378452951,6387424239.8801,872.076408845752,2184.16434341899,4904892606.5184,4802550334.40722,655.693232771624,669.6660452519023,76.7898361266585,3.591093510236343,4.611688273949266,2013.0,2023.0,-0.981889868943119,3.744,12.3602249692905
TGO,Togo,2018,Africa,Sub-Saharan Africa ,Sub-Saharan Africa,7458206.0,41.013328267781,3.65692500314419,77.0933927079324,7029215766.46367,942.480774393154,2288.9476039266,5382612413.74232,5029123056.20213,674.307340961369,721.7033712587612,76.5748640043562,4.717758399566607,4.611688273949266,2013.0,2023.0,0.927755426457183,2.9,15.5
TGO,Togo,2019,Africa,Sub-Saharan Africa ,Sub-Saharan Africa,7619925.0,41.445731197295,3.63365781159263,77.7215660472544,6992942458.99419,917.718016777619,2459.85658494292,5361930276.60328,5276972738.4003,692.522923572122,703.6723165389791,76.6763105523179,4.928288280647863,4.611688273949266,2013.0,2023.0,0.674652770077525,2.036,20.72730064
TGO,Togo,2020,Africa,Sub-Saharan Africa ,Sub-Saharan Africa,7788054.0,41.8781527268075,3.5890095266417,79.4547087615551,7486031561.86885,961.219781201934,2653.96061995284,5651058176.78802,5342852845.30082,686.031818128228,725.6059314416696,75.488035684654,1.248445087106731,4.611688273949266,2013.0,2023.0,1.69928463299399,2.231,29.02370071
TGO,Togo,2021,Africa,Sub-Saharan Africa ,Sub-Saharan Africa,7936176.0,42.3105904515122,3.57621857176555,80.9184085204748,8541668141.26198,1076.29520076949,2952.09730066985,6477668706.06392,5723605642.78282,721.204474646583,816.2203945658363,75.8361083448377,7.126394989839202,4.611688273949266,2013.0,2023.0,4.1862150652352,2.344,30.33839989
TGO,Togo,2022,Africa,Sub-Saharan Africa ,Sub-Saharan Africa,8068616.0,42.7332327975627,3.61433732873147,81.5261521238603,8646453099.4124,1071.61539220759,3305.92970304109,6442654107.91583,5988407252.95087,742.185184293176,798.4831733119819,74.5121037937934,4.626482442967594,4.611688273949266,2013.0,2023.0,7.96757361617945,1.965,35.60749817
TGO,Togo,2023,Africa,Sub-Saharan Africa ,Sub-Saharan Africa,8223850.0,43.2496853032436,3.60486876584568,80.9338235472068,9723300576.72675,1182.32951436696,3572.00417260831,7295738041.66792,6348711110.49162,771.987707763592,887.1438610465804,75.0335545435124,6.016689285171872,4.611688273949266,2013.0,2023.0,5.48928568141131,1.942,37.57020187
THA,Thailand,2013,South & Southeast Asia,East Asia & Pacific,South-eastern Asia,69845114.0,45.8321343847773,9.50238115795486,39.4940129315302,420333654592.547,6018.08244729255,15215.9492506383,220894789088.33,199749558859.128,2859.89308943111,3162.637676965206,52.5522490704334,,3.0194525055665222,2013.0,2023.0,2.18617704418967,0.249,28.94
THA,Thailand,2014,South & Southeast Asia,East Asia & Pacific,South-eastern Asia,70216367.0,46.3138799467897,9.89422316519326,39.5565144682596,407339040197.651,5801.1978916205,15365.3175402829,214244913143.488,200814632453.919,2859.94051007964,3051.2104555834967,52.5962139645468,0.5332044790858026,3.0194525055665222,2013.0,2023.0,1.89455652481545,0.576,34.8860535783465
THA,Thailand,2015,South & Southeast Asia,East Asia & Pacific,South-eastern Asia,70540795.0,46.9521043776171,10.3239727428364,39.72661984392,401296238228.084,5688.85335397884,15791.1714762207,206044362022.73,206044362022.73,2920.92486372928,2920.924863729279,51.3447030883008,2.604257222147921,3.0194525055665222,2013.0,2023.0,-0.898143410569433,0.597,39.3161267365004
THA,Thailand,2016,South & Southeast Asia,East Asia & Pacific,South-eastern Asia,70859841.0,47.8801095551247,10.7814783921017,39.8914360247636,413366349747.508,5833.57715617098,16671.2506902144,206722258198.524,211980237902.792,2991.54266946198,2917.340136263134,50.009454887848,2.8808727507948717,3.0194525055665222,2013.0,2023.0,0.186235191075453,0.688,47.5049656215909
THA,Thailand,2017,South & Southeast Asia,East Asia & Pacific,South-eastern Asia,71160187.0,49.2311973571777,11.2659962515276,40.0618541912691,456356813536.764,6413.09182530343,17573.339815536,223299328331.557,218525992212.841,3070.90244454868,3137.9811906840127,48.9308632429498,3.087907804429735,3.0194525055665222,2013.0,2023.0,0.664415139830893,0.83,52.8919293439676
THA,Thailand,2018,South & Southeast Asia,East Asia & Pacific,South-eastern Asia,71376079.0,54.5843734741211,11.7833301811334,40.3013405116213,506754208404.485,7099.77650081458,18876.2208766741,247744599496.147,228521611380.281,3201.65543669443,3470.9751917886524,48.8885134819444,4.574109956542105,3.0194525055665222,2013.0,2023.0,1.06683487370758,0.765,56.8174809301456
THA,Thailand,2019,South & Southeast Asia,East Asia & Pacific,South-eastern Asia,71522271.0,55.9266166687012,12.3287535151114,40.607794056073,543976691793.886,7605.69657797759,19963.3918407099,270757912864.522,237584388903.174,3321.82389598862,3785.6447939764385,49.7738077658505,3.965829519647368,3.0194525055665222,2013.0,2023.0,0.705524801910317,0.716,66.6524194587528
THA,Thailand,2020,South & Southeast Asia,East Asia & Pacific,South-eastern Asia,71641484.0,57.2358779907227,12.8979852852991,40.974368915158,500274927778.532,6983.03412836245,19156.5820127644,265483025913.896,235728399546.326,3290.38967906256,3705.716452131226,53.0674257638239,-0.7811916285477949,3.0194525055665222,2013.0,2023.0,-0.846087518861799,1.099,77.84374066
THA,Thailand,2021,South & Southeast Asia,East Asia & Pacific,South-eastern Asia,71727332.0,58.5087776184082,13.4920297885888,41.4084358543198,506049783824.94,7055.18760721422,20236.9760408784,264434481270.702,237150637891.521,3306.27992536403,3686.662725315114,52.2546377299075,0.6033377174460952,3.0194525055665222,2013.0,2023.0,1.23104516549814,1.215,85.26956666
THA,Thailand,2022,South & Southeast Asia,East Asia & Pacific,South-eastern Asia,71735329.0,59.742374420166,14.0967841661394,41.9038541372374,495691837308.033,6910.00995211206,22245.6387597542,270572239802.518,252062465555.01,3513.78419906613,3771.812906894426,54.584768083316,6.287913790183475,3.0194525055665222,2013.0,2023.0,6.07589952842433,0.94,87.97724503
THA,Thailand,2023,South & Southeast Asia,East Asia & Pacific,South-eastern Asia,71702435.0,60.9341926574707,14.7182560815403,42.4662473757894,517013369475.121,7210.54130832685,23598.3745068685,295970808043.138,268954121510.661,3750.97612111305,4127.765089750968,57.2462581274467,6.701376945773219,3.0194525055665222,2013.0,2023.0,1.22908986612448,0.733,89.53525238
TJK,Tajikistan,2013,Europe,Europe & Central Asia,Central Asia,8216724.0,26.4883155822754,2.96639530343208,65.215142797166,8448411318.25417,1028.19704279396,2918.56048007357,9852372879.32811,6795621834.12627,827.047596356683,1199.0633833299146,116.618054071781,,4.310480969128161,2013.0,2023.0,5.00964645344951,7.019,16.0
TJK,Tajikistan,2014,Europe,Europe & Central Asia,Central Asia,8425552.0,26.5633735656738,2.94940913070147,64.7981575112711,9112605459.32845,1081.54402932039,3151.72452793203,9401391414.03043,6919151659.538,821.210486807037,1115.8190482986076,103.169082168551,1.8177854569744856,4.310480969128161,2013.0,2023.0,6.10442765129667,7.024,17.48999977
TJK,Tajikistan,2015,Europe,Europe & Central Asia,Central Asia,8643840.0,26.478832244873,2.95521434917814,64.6546579324183,8271431485.07484,956.916310930656,2975.47097476092,5892115953.66436,5892115953.66436,681.654907270884,681.6549072708842,71.2345373868625,-14.843376130625474,4.310480969128161,2013.0,2023.0,5.7145594964971,7.033,18.97999954
TJK,Tajikistan,2016,Europe,Europe & Central Asia,Central Asia,8865631.0,26.3718509674072,2.98491444094617,64.6316867686227,6992416096.89018,788.710481734485,2913.85679547445,5572972334.86585,6669790464.3216,752.319881610413,628.6041382577112,79.7002389109021,13.198560869692265,4.310480969128161,2013.0,2023.0,6.00458082322139,7.036,20.46999931
TJK,Tajikistan,2017,Europe,Europe & Central Asia,Central Asia,9085946.0,26.2731513977051,3.03561676461647,64.645778430695,7536402852.85802,829.45714764957,3017.00314887354,6062241410.3256,6978566889.9864,768.061673488528,667.210812206632,80.4394553832353,4.629477152491113,4.310480969128161,2013.0,2023.0,,7.035,21.95999908
TJK,Tajikistan,2018,Europe,Europe & Central Asia,Central Asia,9307333.0,26.2338752746582,3.10246232728538,64.8775137072655,7764999999.45362,834.288404578801,3069.10385079592,5933615168.34318,7258155387.73955,779.831922607642,637.5204549298043,76.4148766099252,4.006388448527076,4.310480969128161,2013.0,2023.0,,7.028,32.59999847
TJK,Tajikistan,2019,Europe,Europe & Central Asia,Central Asia,9529966.0,26.1300735473633,3.18626005591206,65.3067752248518,8300813599.3084,871.022372934846,3459.97365083434,6328685978.2,7618650026.13921,799.441469795297,664.0827447023421,76.2417551302114,4.966752833765531,4.310480969128161,2013.0,2023.0,,7.026,22.68630028
TJK,Tajikistan,2020,Europe,Europe & Central Asia,Central Asia,9749310.0,26.1925442328719,3.26006644264741,65.849974933617,8133963550.65742,834.311715460625,3653.95976759112,6311728936.27963,7869841720.36194,807.220379735791,647.4026301635325,77.5972119492653,3.297063040839321,4.310480969128161,2013.0,2023.0,,7.576,27.54409981
TJK,Tajikistan,2021,Europe,Europe & Central Asia,Central Asia,9966908.0,26.1991525151375,3.33981193867687,66.3779272694554,8937805347.13963,896.748053372182,3985.91247611219,7183214915.75182,8231940282.16465,825.927186461905,720.7064533706762,80.3688896407961,4.60109078008315,4.310480969128161,2013.0,2023.0,,7.687,36.70560074
TJK,Tajikistan,2022,Europe,Europe & Central Asia,Central Asia,10182222.0,26.1957126615618,3.47287654894973,66.8418998393555,10713525200.3998,1052.17949484894,4513.4597158968,9388858293.50267,9504992987.83751,933.489074176296,922.0834404811318,87.6355645586415,15.464795200604886,4.310480969128161,2013.0,2023.0,,7.051,48.91429901
TJK,Tajikistan,2023,Europe,Europe & Central Asia,Central Asia,10389799.0,26.1890127571429,3.65005635094848,67.1019442904471,12244169292.7998,1178.47990060249,4967.6740543988,10968373441.8981,10363553224.6542,997.473889981338,1055.686779108826,89.5803805028083,9.032728776499832,4.310480969128161,2013.0,2023.0,,7.037,54.41550064
TKM,Turkmenistan,2013,Europe,Europe & Central Asia,Central Asia,5939341.0,46.9788451198152,3.56652362610599,49.6527243219463,39197543859.6491,6599.64529055481,11722.8086272577,,,,,,,,,,,3.993,9.600000381
TKM,Turkmenistan,2014,Europe,Europe & Central Asia,Central Asia,6075283.0,46.9954085410955,3.55647629912878,49.6360012127956,43524210526.3158,7164.14536184006,12476.5344358387,,,,,,,,,,,4.005,12.19999981
TKM,Turkmenistan,2015,Europe,Europe & Central Asia,Central Asia,6215770.0,47.0100189007695,3.56561616662135,49.8828092786115,35799714285.7143,5759.497903834,12714.8137240363,,,,,,,,,,,4.016,14.99680042
TKM,Turkmenistan,2016,Europe,Europe & Central Asia,Central Asia,6360041.0,47.0227025249994,3.59089666245862,50.362522707908,33313947368.4211,5238.00827202546,12919.371222426,,,,,,,,,,,4.026,17.99029922
TKM,Turkmenistan,2017,Europe,Europe & Central Asia,Central Asia,6507061.0,47.0334857399476,3.62729809971045,51.0505542299452,33352261306.5327,5125.54920055808,13278.4030353381,,,,,,,,,,,4.035,
TKM,Turkmenistan,2018,Europe,Europe & Central Asia,Central Asia,6655524.0,47.0423948717765,3.67195730944701,51.9153750883916,26036313868.6131,3911.98557297865,14368.4621432532,,,,,,,,,,,4.036,
TKM,Turkmenistan,2019,Europe,Europe & Central Asia,Central Asia,6803944.0,47.0494562466485,3.72875616489817,52.9006878790807,29700000000.0,4365.1152919542,15389.2461090476,,,,,,,,,,,4.035,
TKM,Turkmenistan,2020,Europe,Europe & Central Asia,Central Asia,6949912.0,47.0546961907259,3.79772434528667,53.9054052049039,27350527267.6636,3935.37749365223,14971.3322055898,,,,,,,,,,,4.489,
TKM,Turkmenistan,2021,Europe,Europe & Central Asia,Central Asia,7092043.0,47.0581410301711,3.88663013699789,54.8331023876948,26334182093.7903,3713.20113171765,16259.8700051884,,,,,,,,,,,4.458,
TKM,Turkmenistan,2022,Europe,Europe & Central Asia,Central Asia,7230193.0,47.0592103414926,4.0446776455345,55.6044069090817,37583913148.2791,5198.18947409551,18148.7189785918,,,,,,,,,,,4.017,
TKM,Turkmenistan,2023,Europe,Europe & Central Asia,Central Asia,7364438.0,47.0678875054171,4.27238303859711,56.11056820952,39020211239.6728,5298.46421949276,19644.7256847416,,,,,,,,,,,4.007,
TLS,Timor-Leste,2013,South & Southeast Asia,East Asia & Pacific,South-eastern Asia,1158695.0,29.5836906253246,5.0146069500602,83.1870928982483,1395727400.0,1204.56841532931,2566.03070650416,898001900.0,890439400.0,768.484717721229,775.0114568544785,64.3393473539317,,3.000227274719647,2013.0,2023.0,11.0849085109954,3.57,11.0
TLS,Timor-Leste,2014,South & Southeast Asia,East Asia & Pacific,South-eastern Asia,1181903.0,29.5463092024041,5.13882901607449,81.5588924305849,1447535200.0,1224.74957758801,2859.86061637696,937692900.0,940232200.0,795.523998162286,793.3755138958104,64.7785905309937,5.591935846504548,3.000227274719647,2013.0,2023.0,0.726275016139465,3.618,17.5
TLS,Timor-Leste,2015,South & Southeast Asia,East Asia & Pacific,South-eastern Asia,1205131.0,29.5043315008419,5.26079519123017,79.8035950871916,1590282400.0,1319.59297370991,3107.57190164098,923691800.0,923691800.0,766.465886281242,766.4658862812424,58.0835076839183,-1.7591824657781308,3.000227274719647,2013.0,2023.0,0.552796026277853,3.678,18.60000038
TLS,Timor-Leste,2016,South & Southeast Asia,East Asia & Pacific,South-eastern Asia,1228312.0,29.4462907628171,5.38991941376434,78.0492613122434,1640464600.0,1335.54390089814,3390.76221557073,960343400.0,959685100.0,781.304017220381,781.8399559720983,58.540940170242,3.8966785241570934,3.000227274719647,2013.0,2023.0,-1.33853876185163,4.657,21.20000076
TLS,Timor-Leste,2017,South & Southeast Asia,East Asia & Pacific,South-eastern Asia,1251703.0,29.3600996787092,5.49459416490973,76.3036466329563,1584878400.0,1266.17767952941,3463.11730297031,998466900.0,988159300.0,789.45189074405,797.6867515696615,62.9995903786688,2.967035749539093,3.000227274719647,2013.0,2023.0,0.557215537430361,4.254,24.20000076
TLS,Timor-Leste,2018,South & Southeast Asia,East Asia & Pacific,South-eastern Asia,1275959.0,29.248617510057,5.54947298463352,74.5703324878166,1555988600.0,1219.46598597604,3561.28770455766,1032447900.0,1008561400.0,790.434018647935,809.1544477526315,66.3531789371721,2.064656983949864,3.000227274719647,2013.0,2023.0,2.63647201015892,3.765,27.60000038
TLS,Timor-Leste,2019,South & Southeast Asia,East Asia & Pacific,South-eastern Asia,1300945.0,29.1148755245217,5.56015264294518,72.8233434295127,2032550400.0,1562.36458881813,4556.61428089164,1101377600.0,1057664900.0,812.997398045267,846.5981267463267,54.1869761261517,4.868667390998693,3.000227274719647,2013.0,2023.0,0.958812739703141,3.148,28.00460052
TLS,Timor-Leste,2020,South & Southeast Asia,East Asia & Pacific,South-eastern Asia,1326053.0,28.9619049897647,5.53563638269497,71.0611048617633,2162619200.0,1630.86935439232,6132.08288218058,1091554300.0,1040200700.0,784.433729270248,823.1603865003888,50.4737172406497,-1.6512035144590653,3.000227274719647,2013.0,2023.0,0.495499215459571,2.808,32.01269913
TLS,Timor-Leste,2021,South & Southeast Asia,East Asia & Pacific,South-eastern Asia,1350139.0,28.7927371734472,5.48117841243695,69.2591979701031,3625024300.0,2684.92673717299,6825.0458085995,1096212700.0,1014903000.0,751.702602472782,811.9258091203943,30.2401476315621,-2.432001824263341,3.000227274719647,2013.0,2023.0,3.69792094666786,2.344,35.04199982
TLS,Timor-Leste,2022,South & Southeast Asia,East Asia & Pacific,South-eastern Asia,1369295.0,28.5857292288968,5.40526131868541,67.3349252593194,3208599900.0,2343.24955542816,5728.90346523347,1369491200.0,1157193300.0,845.10153034956,1000.1432854132967,42.6818937443712,14.020088619306481,3.000227274719647,2013.0,2023.0,7.00530945399787,1.537,
TLS,Timor-Leste,2023,South & Southeast Asia,East Asia & Pacific,South-eastern Asia,1384286.0,28.595471832952,5.33415782576722,65.4641122246022,2079767200.0,1502.4114958903,4810.78356024783,1456861000.0,1196702500.0,864.490791642768,1052.4277497569144,70.0492343566145,3.4142264736582995,3.000227274719647,2013.0,2023.0,8.42035103310377,1.525,
TON,Tonga,2013,Oceania,East Asia & Pacific,Polynesia,107078.0,23.4170795020344,5.98538441782821,75.664413675438,451788498.263614,4219.24670113014,5119.6947531512,415911540.89953,401648490.786467,3750.98984652746,3884.1922794554434,92.0589042213398,,2.241812804578003,2013.0,2023.0,0.77562932236742,1.75,32.75400162
TON,Tonga,2014,Oceania,East Asia & Pacific,Polynesia,106609.0,23.3431040935971,5.99714845838531,75.2630367593871,440997734.928723,4136.59010898445,5335.91583827385,433810809.990592,409473007.988981,3840.88592885198,4069.1762420676678,98.3703034349388,1.948100735345193,2.241812804578003,2013.0,2023.0,2.51087633253696,1.914,35.95439911
TON,Tonga,2015,Oceania,East Asia & Pacific,Polynesia,106095.0,23.2434422818439,6.0082944530845,74.6407466543761,437525538.903019,4123.90347238813,5471.79686968515,440408179.859751,440408179.859751,4151.07384758708,4151.073847587078,100.658850901358,7.554874501423159,2.241812804578003,2013.0,2023.0,-1.05399831971283,2.022,38.65129852
TON,Tonga,2016,Oceania,East Asia & Pacific,Polynesia,105524.0,23.1277038505921,6.02896023653387,74.0343701553584,420828254.541601,3987.98618837043,5920.1573872483,405202621.806449,468709345.769314,4441.73217248506,3839.9096111448484,96.2869335491333,6.42612176698798,2.241812804578003,2013.0,2023.0,2.57815515245081,2.048,39.95000076
TON,Tonga,2017,Oceania,East Asia & Pacific,Polynesia,105356.0,22.9711300654966,6.06850140714059,73.7503504460973,459976847.108128,4365.92929788648,6229.07019926381,441961562.942344,473222161.992263,4491.64890459265,4194.934915356924,96.0834367470786,0.9628176317973747,2.241812804578003,2013.0,2023.0,7.51706283551116,2.137,46.20080185
TON,Tonga,2018,Oceania,East Asia & Pacific,Polynesia,105567.0,22.7017138925547,6.14636271923385,73.47015906402,493530766.930564,4675.04776047973,6392.60068547144,492616547.481429,492854343.902798,4668.64023703239,4666.387673055301,99.8147593806926,4.148618447598396,2.241812804578003,2013.0,2023.0,5.03209691984883,2.248,48.80789948
TON,Tonga,2019,Oceania,East Asia & Pacific,Polynesia,105669.0,22.3288155626206,6.23547949029758,73.0916655746298,506031247.606648,4788.83350468584,6473.32046564939,490118657.451545,501720906.200724,4748.04253092888,4638.244494142511,96.8554135282429,1.799022856877719,2.241812804578003,2013.0,2023.0,1.17954334821801,2.165,51.56299973
TON,Tonga,2020,Oceania,East Asia & Pacific,Polynesia,105704.0,21.8766206823411,6.3351733859333,72.7347005474303,506571486.576395,4792.35872413906,6676.65061142853,475606011.219199,487650076.290595,4613.35499404559,4499.4135625822955,93.8872447072629,-2.804513373118178,2.241812804578003,2013.0,2023.0,-0.349737696727419,2.712,54.47370148
TON,Tonga,2021,Oceania,East Asia & Pacific,Polynesia,105490.0,21.258003897665,6.42196616724887,72.6332498731733,519306339.3498,4922.8015864044,6930.06482518663,438685245.059627,436939249.37339,4141.9968658014,4158.548156788577,84.4752339455137,-10.39901958038164,2.241812804578003,2013.0,2023.0,5.64051140636743,2.111,57.549
TON,Tonga,2022,Oceania,East Asia & Pacific,Polynesia,105042.0,21.147219451842,6.50073304011729,72.8403593642018,556514556.392844,5298.01942454298,7295.94922827877,489161620.265601,462346782.040037,4401.54206926788,4656.819370019621,87.8973630871753,5.814889072813578,2.241812804578003,2013.0,2023.0,10.9713652903022,2.002,61.60739899
TON,Tonga,2023,Oceania,East Asia & Pacific,Polynesia,104597.0,21.147944541337,6.60245225746313,73.0878702631144,591139733.623755,5651.59357939286,7810.10184717265,590086262.746536,501339070.032494,4793.05400759576,5641.52186722885,99.8217898717853,8.433558858225275,2.241812804578003,2013.0,2023.0,6.35112980255182,1.652,64.13140106
TTO,Trinidad and Tobago,2013,Latin America,Latin America & Caribbean ,Latin America and the Caribbean,1340557.0,53.9255789963372,7.18056734385585,37.0441855092139,28560537057.1548,21304.9777496628,31746.2052441651,,,,,,,,,,5.19981740465611,2.683,59.90000153
TTO,Trinidad and Tobago,2014,Latin America,Latin America & Caribbean ,Latin America and the Caribbean,1345343.0,53.9259699537793,7.57604064085554,37.5589461070007,29474180005.1333,21908.3014555644,32026.5300957073,,,,,,,,,,5.68441814595659,2.477,62.40000153
TTO,Trinidad and Tobago,2015,Latin America,Latin America & Caribbean ,Latin America and the Caribbean,1349667.0,53.926665238022,8.0072712591796,38.1403751183439,26841141793.2143,19887.2327716498,29825.4628753017,,,,,,,,,,4.66121598098264,2.428,65.09999847
TTO,Trinidad and Tobago,2016,Latin America,Latin America & Caribbean ,Latin America and the Caribbean,1353895.0,53.9277523084951,8.46355598298152,38.7665220813723,23624322192.6274,17449.1538801956,28231.6820670092,,,,,,,,,,3.07066742464024,3.207,67.80000305
TTO,Trinidad and Tobago,2017,Latin America,Latin America & Caribbean ,Latin America and the Caribbean,1356633.0,53.9293186833833,8.93160783125257,39.3960473561017,23830750900.6899,17566.0999700656,28484.2557157494,,,,,,,,,,1.88038440183532,3.389,70.59999847
TTO,Trinidad and Tobago,2018,Latin America,Latin America & Caribbean ,Latin America and the Caribbean,1359193.0,53.9314518934907,9.34493513682419,39.6459929683535,23883058083.2171,17571.498737278,28673.2413951653,,,,,,,,,,1.01856930188822,3.497,72.76029968
TTO,Trinidad and Tobago,2019,Latin America,Latin America & Caribbean ,Latin America and the Caribbean,1363985.0,53.9342394732739,9.84595533418547,40.2210664936843,23477745791.6977,17212.6128892163,29315.8054064667,,,,,,,,,,1.00054293027237,3.523,74.98670197
TTO,Trinidad and Tobago,2020,Latin America,Latin America & Caribbean ,Latin America and the Caribbean,1366725.0,53.9377689584806,10.4441624322639,41.2232789405813,20888515184.2239,15283.6270531554,26731.3556410029,,,,,,,,,,0.598986330824643,4.206,77.28130341
TTO,Trinidad and Tobago,2021,Latin America,Latin America & Caribbean ,Latin America and the Caribbean,1367558.0,53.9421278853848,10.9155131938691,41.7652156605823,24222963262.7213,17712.5674104655,30482.1201798631,,,,,,,,,,2.05922746915458,4.446,84.36576986
TTO,Trinidad and Tobago,2022,Latin America,Latin America & Caribbean ,Latin America and the Caribbean,1365805.0,53.9474037904998,11.3581160508757,42.1590638234979,28341164301.126,20750.5202434652,32973.632075038,,,,,,,,,,5.82838638517959,4.383,81.69760132
TTO,Trinidad and Tobago,2023,Latin America,Latin America & Caribbean ,Latin America and the Caribbean,1367510.0,53.9536842104572,11.8539588437937,42.614599248085,25036993423.3664,18308.4536298575,34651.9065448775,,,,,,,,,,4.62930242419968,3.361,81.9681015
TUN,Tunisia,2013,Africa,"Middle East, North Africa, Afghanistan & Pakistan",Northern Africa,11141361.0,67.4999542236328,6.70197324644508,45.0647236444453,48685446413.953,4369.79345826358,10671.569727457,33202372437.7684,30171828883.5373,2708.09184654705,2980.1002263339637,68.1977364559049,,1.8686936957118316,2013.0,2023.0,5.31623531326689,15.934,43.79999924
TUN,Tunisia,2014,Africa,"Middle East, North Africa, Afghanistan & Pakistan",Northern Africa,11274288.0,67.7524643379101,6.80776914692972,45.6850530876263,50271812920.612,4458.97895464547,10946.8935757638,34697571678.9138,31408554745.5902,2785.8570532871,3077.5842943619855,69.0199331655442,4.098942317440013,1.8686936957118316,2013.0,2023.0,4.62555099534031,14.259,46.15999985
TUN,Tunisia,2015,Africa,"Middle East, North Africa, Afghanistan & Pakistan",Northern Africa,11402264.0,67.8807907104492,6.96910280274163,46.3571118128582,45779494041.9295,4014.94773686432,10782.5438382441,32413840565.8574,32413840565.8574,2842.75478675616,2842.7547867561566,70.8042787370465,3.2006751931441313,1.8686936957118316,2013.0,2023.0,4.437371273215,15.159,46.4999943435776
TUN,Tunisia,2016,Africa,"Middle East, North Africa, Afghanistan & Pakistan",Northern Africa,11528674.0,68.0623356528248,7.16166955374354,47.1066362415689,44360072680.4476,3847.80354448809,10993.6638464522,31632195594.7604,33434419780.9563,2900.10974210532,2743.7843757886117,71.3078083136297,3.1485908404631058,1.8686936957118316,2013.0,2023.0,3.62939937384381,15.557,49.5999948415756
TUN,Tunisia,2017,Africa,"Middle East, North Africa, Afghanistan & Pakistan",Northern Africa,11650498.0,68.2877807617188,7.37113523511462,47.8580034971682,42163530590.9462,3619.03247319953,11288.7800135085,30336050921.19,34297477029.2891,2943.86360388106,2603.8415629263227,71.9485548197997,2.5813435794222572,1.8686936957118316,2013.0,2023.0,5.30884839565844,15.33,55.5001550633671
TUN,Tunisia,2018,Africa,"Middle East, North Africa, Afghanistan & Pakistan",Northern Africa,11765514.0,68.5485240272509,7.62598609691059,48.605731168883,42686504459.801,3628.10366464236,11841.4061980603,30541655474.1889,35205904682.2892,2992.29635715781,2595.8624055174214,71.5487385549473,2.6486719481562115,1.8686936957118316,2013.0,2023.0,7.30759176031652,15.459,64.1908102327387
TUN,Tunisia,2019,Africa,"Middle East, North Africa, Afghanistan & Pakistan",Northern Africa,11875081.0,68.8206382576031,7.94574369640089,49.3812826199351,41905642418.825,3528.87213306798,12494.7905733455,30093275259.6498,36043472939.236,3035.21912307259,2534.153262588255,71.8119888459965,2.379056196695739,1.8686936957118316,2013.0,2023.0,6.72007532863799,17.153,66.6999983024144
TUN,Tunisia,2020,Africa,"Middle East, North Africa, Afghanistan & Pakistan",Northern Africa,11974057.0,69.1043166438476,8.28177534147365,50.0715512342682,42491780918.361,3548.65363663803,11918.066205483,31455063686.771,34192462384.7784,2855.54531641017,2626.9345207535757,74.0262305013887,-5.135494455759382,1.8686936957118316,2013.0,2023.0,5.63415115897625,17.651,68.55639648
TUN,Tunisia,2021,Africa,"Middle East, North Africa, Afghanistan & Pakistan",Northern Africa,12048622.0,69.3997523770568,8.55788701156501,50.4189303353303,47073234359.1819,3906.93926319391,12444.3264026887,34561510298.7439,35317036684.7325,2931.20961755897,2868.5031615021117,73.4207257462488,3.2889538264279317,1.8686936957118316,2013.0,2023.0,5.706350208307,16.632,68.31552226
TUN,Tunisia,2022,Africa,"Middle East, North Africa, Afghanistan & Pakistan",Northern Africa,12119334.0,69.707138648303,8.83897616977039,50.5514810011478,44929920092.7955,3707.29283414381,13616.380720945,34326814022.4256,36005239452.1569,2970.89257975371,2832.4010232266555,76.4007902785696,1.948642445763027,1.8686936957118316,2013.0,2023.0,8.30646124447623,15.3,
TUN,Tunisia,2023,Africa,"Middle East, North Africa, Afghanistan & Pakistan",Northern Africa,12200431.0,70.0266686486584,9.16627453571107,50.6050838772721,48205328303.3398,3951.11683376921,14052.1687041992,37804213360.0672,36308558449.6513,2976.0062123749,3098.596546307848,78.4233085649332,0.842430163247343,1.8686936957118316,2013.0,2023.0,9.32899597507865,15.106,
TUR,Turkiye,2013,Middle East,Europe & Central Asia,Western Asia,76147624.0,78.5218368384696,7.43312133781708,47.3558028630143,962167643588.925,12635.5570016068,22475.2909778388,564124517273.113,456402165753.065,5993.64946374512,7408.300976969591,58.6305849123034,,6.585932573410025,2013.0,2023.0,7.49309030547693,9.713,46.25
TUR,Turkiye,2014,Middle East,Europe & Central Asia,Western Asia,77181884.0,83.6024850744433,7.52518633862966,46.6296994569191,942343431928.654,12209.3862327674,24192.537613837,545487999636.288,471478507247.7,6108.66802950418,7067.565228600639,57.8863269116081,3.3033019178949408,6.585932573410025,2013.0,2023.0,8.85457271364316,9.901,51.0373665521645
TUR,Turkiye,2015,Middle East,Europe & Central Asia,Western Asia,78218479.0,87.2167107972537,7.61843212730696,45.9452643498497,865460050683.656,11064.6494504662,25896.983315375,499795011413.565,499795011413.565,6389.73063403042,6389.7306340304185,57.749056241101,6.005895015483365,6.585932573410025,2013.0,2023.0,7.67085364845885,10.304,53.7449791423583
TUR,Turkiye,2016,Middle East,Europe & Central Asia,Western Asia,79277962.0,88.1020958581776,7.75965087531105,45.5909695430664,870818016909.84,10984.3643169061,26730.7599731835,497886794861.819,518705835599.532,6542.87550428619,6280.267331567113,57.1746088383203,3.783716074412524,6.585932573410025,2013.0,2023.0,7.7751341532833,10.899,58.3477340145685
TUR,Turkiye,2017,Middle East,Europe & Central Asia,Western Asia,80312698.0,88.0320472717286,7.94642994912766,45.4922047348395,863874522365.276,10756.3877677883,28353.5406410966,485088828724.172,549770648704.733,6845.37641488191,6040.001653588726,56.1526953470055,5.988907579822311,6.585932573410025,2013.0,2023.0,11.1443110840764,10.919,64.6846176835371
TUR,Turkiye,2018,Middle East,Europe & Central Asia,Western Asia,81407204.0,88.1655749576173,8.17189463389264,45.5464015844488,788356985773.667,9684.11819884721,28640.3401839802,421900414239.174,554143551242.026,6807.05790168185,5182.5931061233105,53.5164172897048,0.7954048743045172,6.585932573410025,2013.0,2023.0,16.3324638988929,10.956,71.0427608433809
TUR,Turkiye,2019,Middle East,Europe & Central Asia,Western Asia,82579440.0,88.6618152857124,8.52263227141434,45.9523014817405,775853144222.613,9395.23378001368,29016.4555653445,417176383860.677,561680017625.433,6801.69322564349,5051.818998296392,53.7700191031226,1.3600205878991467,6.585932573410025,2013.0,2023.0,15.1768215720022,13.73,73.9767022871511
TUR,Turkiye,2020,Middle East,Europe & Central Asia,Western Asia,83384680.0,88.9303114965222,8.96386441657962,46.4852950931551,733628247119.077,8798.11791709313,29209.3308866883,394132925168.418,582123971118.114,6981.18612577411,4726.682709202914,53.7237935856694,3.6397865067570256,6.585932573410025,2013.0,2023.0,12.2789574462574,13.148,77.6695605
TUR,Turkiye,2021,Middle East,Europe & Central Asia,Western Asia,84147318.0,89.1762048153239,9.38495985854274,46.8236862996519,839938668172.134,9981.76398411336,32105.5474400506,437439057758.693,672999757997.607,7997.87532144051,5198.490791574522,52.0798808692358,15.611071075623894,6.585932573410025,2013.0,2023.0,19.5964926913324,11.969,81.40843745
TUR,Turkiye,2022,Middle East,Europe & Central Asia,Western Asia,84979913.0,89.0381164550781,9.71952040624191,46.8629054112918,926097476913.818,10897.8397861365,39919.1608756567,492650499998.187,781768354075.714,9199.44874591381,5797.258229697023,53.1963980335985,16.16175857205786,6.585932573410025,2013.0,2023.0,72.3088359891207,10.465,83.43716576
TUR,Turkiye,2023,Middle East,Europe & Central Asia,Western Asia,85325965.0,89.0218446796121,10.0010276668343,46.7152423180544,1141242864657.45,13375.0947282864,43196.3381254367,616632766979.269,863667526630.885,10121.9778367685,7226.789254352635,54.0316865126121,10.476143237084656,6.585932573410025,2013.0,2023.0,53.8594087593315,9.388,85.96074155
TUV,Tuvalu,2013,Oceania,East Asia & Pacific,Polynesia,11001.0,57.6314336806359,5.37248306895141,60.6454439252336,38767554.542532,3524.00277634143,3297.17571646453,,,,,,,,,,,,21.20000076
TUV,Tuvalu,2014,Oceania,East Asia & Pacific,Polynesia,10984.0,58.2999596618832,5.41241806263656,60.0466268395745,38643167.2951054,3518.13249227107,3415.80717526846,,,,,,,,,,,,24.10000038
TUV,Tuvalu,2015,Oceania,East Asia & Pacific,Polynesia,10963.0,58.9148502652344,5.41822493842926,59.6156645799971,36755290.7767318,3352.66722400181,3778.07098101223,,,,,,,,,,,,27.29999924
TUV,Tuvalu,2016,Oceania,East Asia & Pacific,Polynesia,10930.0,59.4744768348285,5.4028089116611,59.1815931265472,41306141.62505,3779.15293916285,4008.21476384305,,,,,,,,,,,,31.0
TUV,Tuvalu,2017,Oceania,East Asia & Pacific,Polynesia,10869.0,59.9531274910912,5.40988131382832,58.8106370543542,45288858.1637361,4166.79162422818,4236.97583280304,,,,,,,,,,,,35.20000076
TUV,Tuvalu,2018,Oceania,East Asia & Pacific,Polynesia,10751.0,60.5596409590777,5.49276777824287,58.9826999852137,48026990.1943497,4467.21144027065,4442.36859909198,,,,,,,,,,,,
TUV,Tuvalu,2019,Oceania,East Asia & Pacific,Polynesia,10581.0,61.2406529218636,5.61856157263019,59.4724943481537,53527720.0597564,5058.85266607659,5205.1977197179,,,,,,,,,,,,
TUV,Tuvalu,2020,Oceania,East Asia & Pacific,Polynesia,10399.0,61.9212610534937,5.72623683830953,59.7143295960682,52302514.9939611,5029.57159284173,5204.86656424048,,,,,,,,,,,,
TUV,Tuvalu,2021,Oceania,East Asia & Pacific,Polynesia,10194.0,62.6098296425994,5.75857163878942,59.7555242125059,61597447.1614093,6042.51983141155,5551.80841999248,,,,,,,,,,,,
TUV,Tuvalu,2022,Oceania,East Asia & Pacific,Polynesia,9992.0,63.3065768081154,5.88470776621297,60.9536082474227,54104146.3198082,5414.74642912412,5403.33289042089,,,,,,,,,,,,
TUV,Tuvalu,2023,Oceania,East Asia & Pacific,Polynesia,9816.0,64.0117206689787,6.27578829402476,63.6,50491930.924381,5143.8397437226,5903.8648736232,,,,,,,,,,,,
TZA,Tanzania,2013,Africa,Sub-Saharan Africa ,Sub-Saharan Africa,48824128.0,30.0725108782502,2.91360653780026,91.7543640263095,45648857242.315,963.05712890625,2176.21655273438,30551128872.3436,27047990625.1643,570.633361816406,625.7383413451563,66.9263826478086,,3.613087336085785,2013.0,2023.0,7.87072364573959,2.93,4.400000095
TZA,Tanzania,2014,Africa,Sub-Saharan Africa ,Sub-Saharan Africa,50351512.0,30.6443077170742,2.93573510697886,91.2304392041999,49986726460.6805,1022.74841308594,2221.1796875,32766367779.2599,28494882989.8438,583.016662597656,650.7524099625826,65.5501372049915,5.349352507292626,3.613087336085785,2013.0,2023.0,6.13161432988012,2.125,7.0
TZA,Tanzania,2015,Africa,Sub-Saharan Africa ,Sub-Saharan Africa,52020962.0,31.2061566592472,2.94766271335005,90.382069839357,47413919817.124,939.127319335938,2317.27978515625,30279416170.7782,30279416170.7782,599.744262695313,582.0618267454992,63.8618707070966,6.262644354673941,3.613087336085785,2013.0,2023.0,5.58816952959298,2.009,10.0
TZA,Tanzania,2016,Africa,Sub-Saharan Africa ,Sub-Saharan Africa,53824013.0,31.7577303242916,2.95556650523252,89.3048051417289,49774409374.4538,953.0107421875,2434.69995117188,29827734726.019,30618273123.9507,586.23583984375,554.1715131129112,59.9258436230241,1.1191000224750836,3.613087336085785,2013.0,2023.0,5.17476629301493,1.931,13.5042328468919
TZA,Tanzania,2017,Africa,Sub-Saharan Africa ,Sub-Saharan Africa,55652890.0,32.2987013317296,2.96645421288993,88.4175088164829,53274884532.7886,986.674011230469,2472.4931640625,31904214565.5594,31899945447.9674,590.800842285156,573.2714790832857,59.8860323121369,4.1859719482812086,3.613087336085785,2013.0,2023.0,5.31871605228931,1.854,14.46339989
TZA,Tanzania,2018,Africa,Sub-Saharan Africa ,Sub-Saharan Africa,57437145.0,32.8287423010834,2.982650016663,87.7810296358629,57003712892.0858,1023.10626220703,2727.88012695313,34132783090.4573,33878886963.4717,608.060424804688,594.2632261832878,59.8781752253128,6.203589027235767,3.613087336085785,2013.0,2023.0,3.49445848856181,1.792,15.49069977
TZA,Tanzania,2019,Africa,Sub-Saharan Africa ,Sub-Saharan Africa,59174891.0,33.3475258518752,3.00234097600619,87.2431978937846,61026731925.9213,1063.32250976563,2981.87451171875,35797781152.7352,34940640880.6972,608.801574707031,604.9488312996673,58.6591810228166,3.133969301796369,3.613087336085785,2013.0,2023.0,3.46428057999021,1.735,16.59090042
TZA,Tanzania,2020,Africa,Sub-Saharan Africa ,Sub-Saharan Africa,60972798.0,33.8547246036273,3.01899055886357,86.5379845130098,66068737786.0639,1117.41528320313,3290.60986328125,36047221546.5279,35271419474.387,596.542663574219,591.2016953285939,54.5601789204022,0.9466872540181193,3.613087336085785,2013.0,2023.0,3.29029062798325,1.792,19.48139954
TZA,Tanzania,2021,Africa,Sub-Saharan Africa ,Sub-Saharan Africa,62830412.0,34.3500111758619,3.02778931323895,85.737762820315,70655628147.8986,1159.85656738281,3493.0830078125,38180519375.7943,36082662122.2752,592.319580078125,607.6757761160995,54.0374778013064,2.2999999999356424,3.613087336085785,2013.0,2023.0,3.69091958802199,1.876,22.87540054
TZA,Tanzania,2022,Africa,Sub-Saharan Africa ,Sub-Saharan Africa,64711821.0,34.8234736377147,3.03504980952398,85.0182361204846,75749121846.9703,1207.52062988281,3799.26000976563,41558800100.976,37742464579.9193,601.654541015625,642.2134234327295,54.8637384667427,4.600000000053872,3.613087336085785,2013.0,2023.0,4.35027204269101,1.573,26.86059952
TZA,Tanzania,2023,Africa,Sub-Saharan Africa ,Sub-Saharan Africa,66617606.0,35.4748019434954,3.04319999848689,84.3899011707131,79030935638.1317,1224.00219726563,4021.82885742188,42771068542.6304,38572798800.647,597.401428222656,642.0385106998651,54.1194004566407,2.1999999999191333,3.613087336085785,2013.0,2023.0,3.79923291384916,1.565,28.43190002
UGA,Uganda,2013,Africa,Sub-Saharan Africa ,Sub-Saharan Africa,35337042.0,22.7367659239271,1.90167020771009,102.960950754645,28915786516.6123,818.285427416713,2044.88182485845,20980327470.4457,21858233360.3351,618.564320135655,593.720534685549,72.5566550243839,,4.620322037342173,2013.0,2023.0,4.90520875694557,1.91,5.099999905
UGA,Uganda,2014,Africa,Sub-Saharan Africa ,Sub-Saharan Africa,36395539.0,24.1938503391826,1.91343232907517,101.659121068481,32612397257.4458,896.054795546394,2134.00916281741,22510992273.7586,22407293993.2044,615.660452046182,618.5096550914825,69.0258741056487,2.511916785853563,4.620322037342173,2013.0,2023.0,3.07570668958641,2.357,5.400000095
UGA,Uganda,2015,Africa,Sub-Saharan Africa ,Sub-Saharan Africa,37531446.0,24.9777856560427,1.93508400842168,100.031967639667,32387183730.1002,862.934610355811,2189.96485919003,24857417485.8143,24857417485.8143,662.309080385934,662.3090803859329,76.7507841773604,10.934490766055749,4.620322037342173,2013.0,2023.0,5.58968606251725,2.681,5.699999809
UGA,Uganda,2016,Africa,Sub-Saharan Africa ,Sub-Saharan Africa,38799152.0,25.6953567134098,1.95859435278379,97.947403817142,29203988696.2626,752.696571725656,2165.29759404413,20963526026.3808,25187941726.9755,649.18794428743,540.3088713480336,71.7830918386281,1.3296805323796068,4.620322037342173,2013.0,2023.0,5.70637504616212,3.002,5.9
UGA,Uganda,2017,Africa,Sub-Saharan Africa ,Sub-Saharan Africa,40177388.0,26.4139260579546,1.98361700367381,95.640435867303,30744473841.424,765.218332297361,2157.95747503369,21795162218.0308,25177925241.5035,626.669041837749,542.4733488904455,70.8913163726509,-0.039766986840650276,4.620322037342173,2013.0,2023.0,5.20971705914209,3.428,7.417900085
UGA,Uganda,2018,Africa,Sub-Saharan Africa ,Sub-Saharan Africa,41565831.0,27.1280475018884,2.00923927155456,93.5640775343582,32927025619.6795,792.16570022814,2312.05752813495,23807088856.684,27472799621.2836,660.946718983764,572.7562347227943,72.3025794423873,9.114628619189036,4.620322037342173,2013.0,2023.0,2.61601190952274,3.249,9.326299667
UGA,Uganda,2019,Africa,Sub-Saharan Africa ,Sub-Saharan Africa,42999637.0,27.8369781799403,2.0364020510638,91.5697078154151,35353061003.4359,822.171150036357,2441.37445233821,25162529409.2356,29362940656.6129,682.864849687286,585.180042548629,71.174966735667,6.880045213393471,4.620322037342173,2013.0,2023.0,2.867588034469,3.057,11.72579956
UGA,Uganda,2020,Africa,Sub-Saharan Africa ,Sub-Saharan Africa,44457152.0,28.5399752271502,2.06185944995015,89.7016309112795,37600368241.6657,845.766463890124,2532.21950102069,26794839469.1437,29975475270.5739,674.255410480948,602.7115607662789,71.2621730109862,2.0860806181653535,4.620322037342173,2013.0,2023.0,3.31332289544502,3.819,7.4
UGA,Uganda,2021,Africa,Sub-Saharan Africa ,Sub-Saharan Africa,45910930.0,29.2362957789022,2.08577565298721,88.0347218678354,40529788748.6737,882.791717542504,2684.92035939744,29231992091.6078,31762292268.8666,691.824196740657,636.7109551387393,72.1247087491034,5.960929667216219,4.620322037342173,2013.0,2023.0,2.20457204757414,3.416,10.0
UGA,Uganda,2022,Africa,Sub-Saharan Africa ,Sub-Saharan Africa,47312719.0,29.9251969709665,2.11520498203448,86.6448141858633,45565333210.9108,963.067314117178,2918.71512173871,32322148263.1811,33106767232.6616,699.743492498532,683.1598129708229,70.9358321019399,4.232928002847114,4.620322037342173,2013.0,2023.0,7.1957888597581,2.885,9.636899948
UGA,Uganda,2023,Africa,Sub-Saharan Africa ,Sub-Saharan Africa,48656601.0,30.6059359395495,2.15058279399148,85.4896724288882,48768955863.3175,1002.30913917142,3100.19016956104,34923573145.5404,34338046420.2008,705.722259970456,717.7561199875099,71.6102539562648,3.7191163331842247,4.620322037342173,2013.0,2023.0,5.35094804280395,2.754,9.286999702
UKR,Ukraine,2013,Europe,Europe & Central Asia,Eastern Europe,46126770.0,68.9326288082226,14.6216406939142,41.3166740567217,190498811460.028,4129.89697265625,10903.8251953125,138841611409.984,87618139883.2328,1899.50732421875,3010.0007308117174,72.8831903705168,,-2.3703363342496564,2013.0,2023.0,-0.238948626045407,7.17,40.954128997
UKR,Ukraine,2014,Europe,Europe & Central Asia,Eastern Europe,45972380.0,69.0554339301313,14.7632446398985,42.0954905825425,133503871861.723,3054.908203125,10493.7451171875,95379954956.2245,76695120343.5191,1754.9794921875,2074.723017521053,71.4435870856347,-12.466618846588872,-2.3703363342496564,2013.0,2023.0,12.0718562874251,9.27,46.2359754571651
UKR,Ukraine,2015,Europe,Europe & Central Asia,Eastern Europe,45784896.0,69.1587317201337,15.1544965833274,43.3341607506951,91030967789.0717,2094.47387695313,9921.833984375,61676934146.6749,61676934146.6749,1419.08544921875,1347.102200399776,67.7537937304882,-19.58167107578348,-2.3703363342496564,2013.0,2023.0,48.6998646434424,9.14,48.8846436813218
UKR,Ukraine,2016,Europe,Europe & Central Asia,Eastern Europe,45616832.0,69.2102241609089,15.5292217574425,44.485957567843,93355869403.9223,2158.46118164063,10864.6572265625,62172918251.548,63329966841.7152,1464.23864746094,1362.9380981903346,66.5977604284791,2.680147315865611,-2.3703363342496564,2013.0,2023.0,13.9127101997797,9.35,53.0009695981884
UKR,Ukraine,2017,Europe,Europe & Central Asia,Eastern Europe,45436041.0,69.2633108489282,15.9568665329263,45.6557777135064,112090505081.739,2604.28759765625,11536.0810546875,75254150849.1723,69236401426.1505,1608.62414550781,1656.2655810873202,67.1369540125593,9.326445092254087,-2.3703363342496564,2013.0,2023.0,14.4383227488749,9.5,58.8894794459775
UKR,Ukraine,2018,Europe,Europe & Central Asia,Eastern Europe,45208907.0,69.3157992777909,16.3479433378029,46.557661136037,130891088293.55,3059.0517578125,12554.8486328125,90798173797.7387,75688394624.5258,1768.91125488281,2008.4133818527994,69.3692557541467,9.318787610960943,-2.3703363342496564,2013.0,2023.0,10.9518559353178,8.799,62.5531553933869
UKR,Ukraine,2019,Europe,Europe & Central Asia,Eastern Europe,44957458.0,69.3527648708735,16.7162998851047,47.2491268952806,153883047509.577,3619.86157226563,14217.486328125,114453534024.703,83966032747.8966,1975.17150878906,2545.818627572382,74.3769608654133,10.936469407806083,-2.3703363342496564,2013.0,2023.0,7.88671745611133,8.194,70.1248442995263
UKR,Ukraine,2020,Europe,Europe & Central Asia,Eastern Europe,44680014.0,69.3839100516745,17.0963250246931,47.8846379680524,156617722013.342,3709.76928710938,15541.02734375,114778493751.874,85361635134.0224,2021.94213867188,2568.90012952713,73.2857637541787,1.662103520260394,-2.3703363342496564,2013.0,2023.0,2.73249209419427,9.475,75.03790912
UKR,Ukraine,2021,Europe,Europe & Central Asia,Eastern Europe,44298640.0,69.4027032653896,17.3880676697975,48.2195987327939,199765859570.935,4775.94580078125,17846.408203125,138061493307.109,91132105547.721,2178.76049804688,3116.6079434291664,69.1116558172864,6.76002797350197,-2.3703363342496564,2013.0,2023.0,9.36313917695223,9.834,79.21829353
UKR,Ukraine,2022,Europe,Europe & Central Asia,Eastern Europe,41048766.0,69.42345912103,17.8569387445167,48.5413219822399,161989520721.19,4199.6708984375,14767.73046875,104574992837.554,66069259738.7534,1712.88330078125,2547.579453120564,64.5566406839019,-27.501664378689817,-2.3703363342496564,2013.0,2023.0,20.1836366617478,,80.47429657
UKR,Ukraine,2023,Europe,Europe & Central Asia,Eastern Europe,37732836.0,69.4754455027606,18.5575345907943,48.927142092575,181221517868.744,5139.59814453125,17679.904296875,110513376129.716,68930584421.9198,1954.93078613281,2928.8383234622493,60.982480132276,4.33079573538504,-2.3703363342496564,2013.0,2023.0,12.8490222828559,,81.58059692
URY,Uruguay,2013,Latin America,Latin America & Caribbean ,Latin America and the Caribbean,3345337.0,94.8844735142936,14.4509058429689,56.1887709485469,61337621933.7857,18335.2594772322,20661.3793411187,41099109093.3876,,,12285.491444774503,67.0047318393829,,,,,8.57513504005397,6.444,57.69
URY,Uruguay,2014,Latin America,Latin America & Caribbean ,Latin America and the Caribbean,3356334.0,94.9897821210514,14.5300028945268,55.8914702038185,61496186973.902,18322.4276767157,21867.8112276315,41265845093.9462,,,12294.916147780941,67.1030955325063,,,,,8.87735333229828,6.547,61.4624951684405
URY,Uruguay,2015,Latin America,Latin America & Caribbean ,Latin America and the Caribbean,3368017.0,95.0800002298303,14.6098431213382,55.655253084089,57680327998.6689,17125.9016800298,22168.6114189676,38548534913.7368,38548534913.7368,11445.4692223159,11445.469222315922,66.8313379123407,,,,,8.66626987079328,7.488,64.5707870971624
URY,Uruguay,2016,Latin America,Latin America & Caribbean ,Latin America and the Caribbean,3379283.0,95.1585424955685,14.6975112768004,55.467903558164,57480787465.2716,17009.7584207276,22840.5507069805,,,,,,,,,,9.6394134763508,7.841,66.40000153
URY,Uruguay,2017,Latin America,Latin America & Caribbean ,Latin America and the Caribbean,3388438.0,95.2288235732042,14.8089200405792,55.2221042886245,65006039809.739,19184.6626114272,23606.6429970705,,,,,,,,,,6.2180938256186,7.89,70.3223543994698
URY,Uruguay,2018,Latin America,Latin America & Caribbean ,Latin America and the Caribbean,3394534.0,95.2942581176758,14.9558820150277,54.9160760110058,65344577415.7535,19249.9404677501,24386.4948473952,,,,,,,,,,7.60653360377047,8.336,80.7268428795854
URY,Uruguay,2019,Latin America,Latin America & Caribbean ,Latin America and the Caribbean,3397206.0,95.3479309082031,15.1266239266362,54.5633225323007,62222324964.633,18315.7350377437,25782.6937211734,,,,,,,,,,7.88198870879619,8.836,83.3515337667548
URY,Uruguay,2020,Latin America,Latin America & Caribbean ,Latin America and the Caribbean,3398968.0,95.3997650146484,15.3258430205874,54.1627509533779,53559354501.4278,15757.5341990356,25725.2559304608,,,,,,,,,,9.75640636078194,10.413,85.47100067
URY,Uruguay,2021,Latin America,Latin America & Caribbean ,Latin America and the Caribbean,3396695.0,95.4497146606445,15.4839800871112,53.6466642752878,60739061281.1628,17881.8119616753,29431.8738833361,,,,,,,,,,7.74791402314762,9.328,87.64440155
URY,Uruguay,2022,Latin America,Latin America & Caribbean ,Latin America and the Caribbean,3390913.0,95.4977416992188,15.6134055931249,53.0930916288326,71240669088.0587,21009.2883798725,33033.5719368346,,,,,,,,,,9.10437983075437,7.877,89.87304314
URY,Uruguay,2023,Latin America,Latin America & Caribbean ,Latin America and the Caribbean,3388081.0,95.5439605712891,15.8128179067764,52.6676318563048,79208725899.5531,23378.6399733516,34545.6803727886,,,,,,,,,,5.86910359896119,8.355,90.92590332
USA,United States,2013,North America,North America,Northern America,316726282.0,80.660889281215,13.7011927174869,49.5000916066393,16880683000000.0,53297.3862901595,53297.3862901595,11388233000000.0,11568799472428.6,36526.1745863851,35956.07200036529,67.4631056101225,,2.7712882967547925,2013.0,2023.0,1.46483265562717,7.375,71.4
USA,United States,2014,North America,North America,Northern America,319257560.0,80.6242231779766,14.0089266008532,49.9593733626838,17608138000000.0,55153.3940182967,55153.3940182967,11874450000000.0,11896231643654.0,37262.1767943537,37193.95086525124,67.4372838286479,2.83030380123499,2.7712882967547925,2013.0,2023.0,1.62222297740817,6.168,73.0
USA,United States,2015,North America,North America,Northern America,321815121.0,80.5707989535091,14.3102247136795,50.3802792773562,18295019000000.0,56849.4697923159,56849.4697923159,12297438000000.0,12297438000000.0,38212.7414081329,38212.741408132904,67.2174103782018,3.3725499667789594,2.7712882967547925,2013.0,2023.0,0.118627135552451,5.28,74.5542024462761
USA,United States,2016,North America,North America,Northern America,324353340.0,80.4976645324131,14.6147285118987,50.7885326899222,18804913000000.0,57976.628204291,57976.628204291,12726849000000.0,12599282433475.9,38844.3122968178,39237.60735745777,67.6783189584552,2.454531045213648,2.7712882967547925,2013.0,2023.0,1.26158320570536,4.869,85.5444212887222
USA,United States,2017,North America,North America,Northern America,326608609.0,80.4018678392891,14.9391233929999,51.2357568878998,19612102000000.0,60047.7190728307,60047.7190728307,13290626000000.0,12931670052686.5,39593.7819651487,40692.82203152214,67.7674733692493,2.638147219618281,2.7712882967547925,2013.0,2023.0,2.13011000365961,4.355,87.2748891687657
USA,United States,2018,North America,North America,Northern America,328529577.0,80.2804567987377,15.2914866245804,51.6943264101797,20656516000000.0,62875.6661382728,62875.6661382728,13934442000000.0,13286129990714.5,40441.1989691709,42414.57383302813,67.4578520404893,2.7410221308141303,2.7712882967547925,2013.0,2023.0,2.44258329692817,3.896,88.498903165152
USA,United States,2019,North America,North America,Northern America,330226227.0,80.1304793353594,15.6728852475003,52.1637515215282,21539982000000.0,65227.9565911038,65227.9565911038,14437543000000.0,13571418969145.2,41097.3383078539,43720.158544524085,67.0267180353261,2.147269209544711,2.7712882967547925,2013.0,2023.0,1.81221007526021,3.669,89.4302848575712
USA,United States,2020,North America,North America,Northern America,331578104.0,79.997451762548,16.0719119439363,52.5896813958199,21375281000000.0,64465.2971415748,64465.2971415748,14231353000000.0,13229633222237.6,39898.9953276216,42920.06265890223,66.5785539848576,-2.5184230748800385,2.7712882967547925,2013.0,2023.0,1.23358439630629,8.055,90.34470367
USA,United States,2021,North America,North America,Northern America,332100166.0,80.0074765140272,16.4737700238047,52.9517092916063,23725645000000.0,71441.2319805947,71441.231980595,16119682000000.0,14392916914486.1,43339.0837705455,48538.6147021679,67.9420180146841,8.793015442734609,2.7712882967547925,2013.0,2023.0,4.69785886363742,5.349,91.2684021
USA,United States,2022,North America,North America,Northern America,333996304.0,80.0324978239707,16.9196203896458,53.3776337538716,26054614000000.0,78008.6895811877,78008.6895811877,17690013000000.0,14825301820181.0,44387.6223857286,52964.69687880139,67.8958936025688,3.0041506406510043,2.7712882967547925,2013.0,2023.0,8.00279982052121,3.65,92.72850037
USA,United States,2023,North America,North America,Northern America,336755052.0,80.071561119178,17.4318194823539,53.9087998260781,27811517000000.0,82586.7847707894,82586.7847707891,18833150000000.0,15205695881388.2,45153.5791106354,55925.3673794922,67.7170900098689,2.565843622079833,2.7712882967547925,2013.0,2023.0,4.11633838374488,3.638,93.52559662
UZB,Uzbekistan,2013,Europe,Europe & Central Asia,Central Asia,29724065.0,51.1276969909668,4.67240937603925,48.7263222498675,82674178351.6216,2781.38869470315,7244.68983612169,56680787553.5305,55568048539.7585,1869.46329648245,1906.8989236004734,68.5592390316374,,7.4346218959446375,2013.0,2023.0,11.8414333622049,4.86,26.79999924
UZB,Uzbekistan,2014,Europe,Europe & Central Asia,Central Asia,30222994.0,50.8868713378906,4.67172948966819,48.8305476003008,91303765114.0144,3021.00331668049,7464.82465708014,62269678678.117,60855478323.1728,2013.54896616704,2060.3411653430826,68.20055952825,9.515233884146902,7.4346218959446375,2013.0,2023.0,9.28309356162695,5.09,35.5
UZB,Uzbekistan,2015,Europe,Europe & Central Asia,Central Asia,30749346.0,50.6597328186035,4.72878830124081,49.3359508232811,97564568986.8161,3172.89899391083,7696.35949962497,68232701670.701,68232701670.701,2218.99684210198,2218.996842101975,69.9359433237709,12.122529558228901,7.4346218959446375,2013.0,2023.0,8.75188196737508,5.15,42.79999924
UZB,Uzbekistan,2016,Europe,Europe & Central Asia,Central Asia,31284568.0,50.6572189331055,4.83118545859416,50.0611692979578,97871364319.3985,3128.42307170099,7861.78630407401,70525808904.2727,74840537200.7961,2392.25093984984,2254.3321967646384,72.0596973330372,9.684264829473243,7.4346218959446375,2013.0,2023.0,8.130886695236,5.16,46.79130173
UZB,Uzbekistan,2017,Europe,Europe & Central Asia,Central Asia,31819178.0,50.6787376403809,4.94336473656492,50.8221131406473,72276404057.649,2271.4730109511,8106.62280505191,48850635895.9573,78060222008.9916,2453.24445556047,1535.2576328639695,67.5886363369616,4.302059991308083,7.4346218959446375,2013.0,2023.0,13.8757425441635,5.83,48.6999988524556
UZB,Uzbekistan,2018,Europe,Europe & Central Asia,Central Asia,32373490.0,50.5814971923828,5.06720768957552,51.7097466682868,61318332402.7908,1894.09088741408,8491.93421125471,39466888428.5529,82812886803.9245,2558.04631517716,1219.1113293176886,64.363929810258,6.088459233930266,7.4346218959446375,2013.0,2023.0,17.5241796514055,5.392,55.2000006732722
UZB,Uzbekistan,2019,Europe,Europe & Central Asia,Central Asia,32964701.0,50.5920104980469,5.19811024525901,52.7698563917884,70170662562.6111,2128.66067138334,8909.36758868309,44010879438.2574,87741874089.3324,2661.69179236094,1335.0911157440014,62.7197718120273,5.951956845893114,7.4346218959446375,2013.0,2023.0,14.5257359560687,4.936,70.3999986481458
UZB,Uzbekistan,2020,Europe,Europe & Central Asia,Central Asia,33586372.0,50.7670402526855,5.30865465314325,53.9511270861508,70127127133.2164,2087.96374711792,8920.32011703083,42792810501.6571,85678385224.8282,2550.98660923628,1274.1123245361869,61.0217646879589,-2.3517720426204924,7.4346218959446375,2013.0,2023.0,12.8677297362606,5.293,71.09999824
UZB,Uzbekistan,2021,Europe,Europe & Central Asia,Central Asia,34243696.0,50.9269905090332,5.41000605498317,55.2497682839009,81170051810.5825,2370.36480555669,9705.60054565692,50976004072.2493,95653617100.1366,2793.32047277071,1488.6244776921656,62.8014925889247,11.642646916293353,7.4346218959446375,2013.0,2023.0,10.8492397508122,5.364,76.59043014
UZB,Uzbekistan,2022,Europe,Europe & Central Asia,Central Asia,34938955.0,50.9847412109375,5.54495683192361,56.5268870521244,94286355836.1594,2698.60262953369,10809.1380396181,61671604668.9508,106407086051.056,3045.51427056294,1765.1244769327188,65.4088326163724,11.24209337495512,7.4346218959446375,2013.0,2023.0,11.4466436998836,4.456,83.90000012
UZB,Uzbekistan,2023,Europe,Europe & Central Asia,Central Asia,35652307.0,50.9964841114568,5.69504099692623,57.6444238962333,107526539716.318,3015.97705069457,11678.6257366395,68821056152.0679,113832884919.952,3192.86168269424,1930.33949113217,64.0037857943122,6.9786695082815875,7.4346218959446375,2013.0,2023.0,9.95659071258018,4.434,89.01361047
VCT,St. Vincent and the Grenadines,2013,Latin America,Latin America & Caribbean ,Latin America and the Caribbean,108135.0,46.4319347036311,9.13159878115882,50.4912739722214,764781259.259259,7072.46737188939,11624.8625142076,,,,,,,,,,0.805127804267928,19.356,43.5
VCT,St. Vincent and the Grenadines,2014,Latin America,Latin America & Caribbean ,Latin America and the Caribbean,107535.0,46.5579930468544,9.32068628818524,50.0830414090522,770900000.0,7168.82875342911,12135.5830510291,,,,,,,,,,0.193858560794015,19.237,47.4
VCT,St. Vincent and the Grenadines,2015,Latin America,Latin America & Caribbean ,Latin America and the Caribbean,106960.0,46.6845638727475,9.52645848915482,49.7577777155498,786555555.555555,7353.73556054184,12378.842727428,,,,,,,,,,-1.73361194953959,19.135,49.40000153
VCT,St. Vincent and the Grenadines,2016,Latin America,Latin America & Caribbean ,Latin America and the Caribbean,106349.0,46.8116589511271,9.73826617206637,49.489752888589,814303703.703704,7656.90042881178,13493.4773120997,,,,,,,,,,-0.149641647633284,19.029,51.5
VCT,St. Vincent and the Grenadines,2017,Latin America,Latin America & Caribbean ,Latin America and the Caribbean,105663.0,46.9392900518098,9.97085072352669,49.2745638200184,844040740.740741,7988.04445019298,13575.4319769513,,,,,,,,,,2.15333648840511,19.024,53.70000076
VCT,St. Vincent and the Grenadines,2018,Latin America,Latin America & Caribbean ,Latin America and the Caribbean,104926.0,47.0674689446123,10.2353086937461,49.1817729437691,884329629.62963,8428.12677153069,14689.8500710886,,,,,,,,,,2.32414485367921,19.005,56.0
VCT,St. Vincent and the Grenadines,2019,Latin America,Latin America & Caribbean ,Latin America and the Caribbean,104167.0,47.1962073993512,10.5407662695479,49.2641896055139,910481481.481481,8740.59425232061,15339.5560281064,,,,,,,,,,0.91306972532459,19.248,59.57630157
VCT,St. Vincent and the Grenadines,2020,Latin America,Latin America & Caribbean ,Latin America and the Caribbean,103526.0,47.3255171858432,10.7774858489655,49.2905142329767,864566666.666667,8351.20324040982,15336.5987771764,,,,,,,,,,-0.628131309354654,20.635,63.38100052
VCT,St. Vincent and the Grenadines,2021,Latin America,Latin America & Caribbean ,Latin America and the Caribbean,102841.0,47.4554100739049,10.966929531996,49.3515735052789,888677777.777778,8641.27904024443,16200.8994597845,,,,,,,,,,1.57272932500558,20.356,68.83339691
VCT,St. Vincent and the Grenadines,2022,Latin America,Latin America & Caribbean ,Latin America and the Caribbean,102046.0,47.585897833353,11.2434588322913,49.5822339489886,989188888.888889,9693.55867833025,18032.4150562634,,,,,,,,,,5.66009779226552,19.277,74.75479889
VCT,St. Vincent and the Grenadines,2023,Latin America,Latin America & Caribbean ,Latin America and the Caribbean,101323.0,47.7169922340041,11.5630782896198,49.7221975943494,1072237037.03704,10582.3656725229,19836.205036664,,,,,,,,,,4.56457719814894,18.348,75.53679657
VEN,"Venezuela, RB",2013,Latin America,Latin America & Caribbean ,Latin America and the Caribbean,29912198.0,88.8786817039721,6.19484064661514,54.0187230989071,258512396297.714,8642.37380007027,,,,,,,,,,,40.6394275161589,7.54,54.90000153
VEN,"Venezuela, RB",2014,Latin America,Latin America & Caribbean ,Latin America and the Caribbean,30254079.0,88.9163913525251,6.35919539973436,53.6012010654475,214838755021.964,7101.15006382986,,,,,,,,,,,62.1686499794829,6.821,57.0
VEN,"Venezuela, RB",2015,Latin America,Latin America & Caribbean ,Latin America and the Caribbean,30573972.0,88.9539804079292,6.53595483112237,53.2199829831147,125249941853.534,4096.61989137473,,,,,,,,,,,121.738085297503,6.139,58.0
VEN,"Venezuela, RB",2016,Latin America,Latin America & Caribbean ,Latin America and the Caribbean,30765720.0,88.9914428378712,6.7356443025607,53.0083098007427,112948035494.959,3671.23004093383,,,,,,,,,,,254.948534781816,5.319,60.0
VEN,"Venezuela, RB",2017,Latin America,Latin America & Caribbean ,Latin America and the Caribbean,30565323.0,89.0287726100378,7.00354275654894,53.3639666664058,115892475742.789,3791.63262049576,,,,,,,,,,,,5.045,
VEN,"Venezuela, RB",2018,Latin America,Latin America & Caribbean ,Latin America and the Caribbean,29807592.0,89.0659636921159,7.39106835600809,54.5900649107737,101987075928.918,3421.51341607593,,,,,,,,,,,,5.468,
VEN,"Venezuela, RB",2019,Latin America,Latin America & Caribbean ,Latin America and the Caribbean,28938098.0,89.1030100517924,7.84708794613938,55.9638284576163,73014157107.594,2523.11527549578,,,,,,,,,,,,5.89,49.05009842
VEN,"Venezuela, RB",2020,Latin America,Latin America & Caribbean ,Latin America and the Caribbean,28444077.0,89.1399056567545,8.26505974749928,56.4854585659602,42837965906.8675,1506.04169391285,,,,,,,,,,,,7.53,72.44110107
VEN,"Venezuela, RB",2021,Latin America,Latin America & Caribbean ,Latin America and the Caribbean,28237826.0,89.1766444746891,8.63156214646269,56.2700924770689,56615026262.6535,2004.93572921136,,,,,,,,,,,,7.027,74.11219788
VEN,"Venezuela, RB",2022,Latin America,Latin America & Caribbean ,Latin America and the Caribbean,28213017.0,89.2132204732836,8.98203848567557,55.6970242477288,89013251020.9831,3155.04190923584,,,,,,,,,,,,5.646,75.82180023
VEN,"Venezuela, RB",2023,Latin America,Latin America & Caribbean ,Latin America and the Caribbean,28300854.0,89.249627620225,9.33356816723623,55.0083324049546,102377501185.925,3617.47038396528,,,,,,,,,,,,5.407,76.33190155
VGB,British Virgin Islands,2013,Latin America,Latin America & Caribbean ,Latin America and the Caribbean,31703.0,48.1639803746541,6.53555601116596,36.4861374203547,,,,,,,,,,,,,,,
VGB,British Virgin Islands,2014,Latin America,Latin America & Caribbean ,Latin America and the Caribbean,32962.0,48.8143653574427,6.72592682482859,36.021128213593,,,,,,,,,,,,,,,
VGB,British Virgin Islands,2015,Latin America,Latin America & Caribbean ,Latin America and the Caribbean,34498.0,49.4863955390847,6.87006304804696,35.5893566010298,,,,,,,,,,,,,,,
VGB,British Virgin Islands,2016,Latin America,Latin America & Caribbean ,Latin America and the Caribbean,33878.0,50.1800618642422,7.17870004132475,35.6327821595868,,,,,,,,,,,,,,,77.7014296797074
VGB,British Virgin Islands,2017,Latin America,Latin America & Caribbean ,Latin America and the Caribbean,32699.0,50.8953552772346,7.61644086975137,35.6790174681549,,,,,,,,,,,,,,,77.7042682926829
VGB,British Virgin Islands,2018,Latin America,Latin America & Caribbean ,Latin America and the Caribbean,34657.0,51.6322667220883,7.83535793634764,34.945294552817,,,,,,,,,,,,,,,
VGB,British Virgin Islands,2019,Latin America,Latin America & Caribbean ,Latin America and the Caribbean,36395.0,52.3907871425786,8.05066699638682,34.3484680693983,,,,,,,,,,,,,,,
VGB,British Virgin Islands,2020,Latin America,Latin America & Caribbean ,Latin America and the Caribbean,37135.0,53.1709074822645,8.32514238780649,33.9102841482764,,,,,,,,,,,,,,,
VGB,British Virgin Islands,2021,Latin America,Latin America & Caribbean ,Latin America and the Caribbean,37809.0,53.972618684518,8.57588701252331,33.4415699008224,,,,,,,,,,,,,,,
VGB,British Virgin Islands,2022,Latin America,Latin America & Caribbean ,Latin America and the Caribbean,38319.0,54.795911692548,8.85722487538819,32.885975863504,,,,,,,,,,,,,,,
VGB,British Virgin Islands,2023,Latin America,Latin America & Caribbean ,Latin America and the Caribbean,38985.0,55.6407774494219,9.20225727844043,32.1738540819094,,,,,,,,,,,,,,,
VIR,Virgin Islands (U.S.),2013,Latin America,Latin America & Caribbean ,Latin America and the Caribbean,108041.0,94.8105958193224,15.8723311441243,55.9880455654534,3738000000.0,34597.9766940328,32333.9108039527,2515000000.0,2538142799.51593,23492.4038051845,23278.199942614378,67.2819689673622,,0.049706362919677005,2013.0,2022.0,,11.802,45.3
VIR,Virgin Islands (U.S.),2014,Latin America,Latin America & Caribbean ,Latin America and the Caribbean,107882.0,94.8797070702488,16.5500811278487,57.2669757135777,3565000000.0,33045.3643795999,32360.9003829479,2493000000.0,2510217022.99314,23268.1728461944,23108.581598413082,69.929873772791,-1.1002444987774473,0.049706362919677005,2013.0,2022.0,,11.871,50.07
VIR,Virgin Islands (U.S.),2015,Latin America,Latin America & Caribbean ,Latin America and the Caribbean,107712.0,94.9413319098685,17.2707548816679,58.2595025051057,3663000000.0,34007.3529411765,32573.7166819858,2564000000.0,2564000000.0,23804.2186571598,23804.218657159832,69.99726999727,2.142562834775541,0.049706362919677005,2013.0,2022.0,,11.649,54.839137296
VIR,Virgin Islands (U.S.),2016,Latin America,Latin America & Caribbean ,Latin America and the Caribbean,107516.0,94.9941093874829,18.0642621207318,58.8405625812552,3798000000.0,35324.9748874586,33470.5904763934,2582000000.0,2556759983.86446,23780.2744137102,24015.03032106849,67.9831490258031,-0.28237192416302737,0.049706362919677005,2013.0,2022.0,,11.734,59.60831579895
VIR,Virgin Islands (U.S.),2017,Latin America,Latin America & Caribbean ,Latin America and the Caribbean,107281.0,95.0366785523929,18.8766525613058,59.2580496711845,3794000000.0,35365.0693039774,33893.5501815475,2578000000.0,2499874142.79952,23302.1144732014,24030.350201806472,67.9493937796521,-2.224919093850919,0.049706362919677005,2013.0,2022.0,,11.445,64.3774942980087
VIR,Virgin Islands (U.S.),2018,Latin America,Latin America & Caribbean ,Latin America and the Caribbean,107001.0,95.0676784538999,19.7212396331587,59.5838926174497,3923000000.0,36663.2087550584,36746.4868901838,2657000000.0,2514354175.07059,23498.4175388136,24831.54363043336,67.7287789956666,0.5792304509719903,0.049706362919677005,2013.0,2022.0,,11.703,
VIR,Virgin Islands (U.S.),2019,Latin America,Latin America & Caribbean ,Latin America and the Caribbean,106669.0,95.0857481413049,20.6081288987105,59.8956693798624,4121000000.0,38633.5298915336,40021.7775798024,2853000000.0,2668463089.95563,25016.2942368976,26746.28992490789,69.2307692307692,6.129164952694599,0.049706362919677005,2013.0,2022.0,,11.774,
VIR,Virgin Islands (U.S.),2020,Latin America,Latin America & Caribbean ,Latin America and the Caribbean,106290.0,95.0974024521293,21.1917018693027,60.3989979778469,4229000000.0,39787.3741650202,41749.0800364553,2770000000.0,2546417103.67083,23957.2594192383,26060.777119202183,65.5001182312603,-4.573643410853001,0.049706362919677005,2013.0,2022.0,,14.366,
VIR,Virgin Islands (U.S.),2021,Latin America,Latin America & Caribbean ,Latin America and the Caribbean,105870.0,95.1604310610968,21.4593627827523,61.1513638577691,4507000000.0,42571.0777368471,46893.5496988741,2952000000.0,2575377168.21299,24325.844603882,27883.25304618872,65.4981140448192,1.1372867587329694,0.049706362919677005,2013.0,2022.0,,13.508,
VIR,Virgin Islands (U.S.),2022,Latin America,Latin America & Caribbean ,Latin America and the Caribbean,105413.0,95.2171514724412,21.8115297027986,62.1299044865189,4672000000.0,44320.909185774,49785.1412220186,3221000000.0,2549519967.72892,24186.0109068988,30556.003528976504,68.9426369863014,-1.0040160642571738,0.049706362919677005,2013.0,2022.0,,12.092,
VIR,Virgin Islands (U.S.),2023,Latin America,Latin America & Caribbean ,Latin America and the Caribbean,104917.0,95.2740790945924,22.2436144269028,63.2984684348151,,,,,,,,,,0.049706362919677005,2013.0,2022.0,,11.358,
VNM,Viet Nam,2013,South & Southeast Asia,East Asia & Pacific,South-eastern Asia,90573104.0,31.5334201724543,6.1660567578649,43.0653799174176,213708811665.34,2359.51736472828,6758.40433634749,121566006829.777,122777881638.838,1355.56667726479,1342.1866035393575,56.8839468445246,,5.581641448405983,2013.0,2023.0,6.59267475899192,1.316,38.5
VNM,Viet Nam,2014,South & Southeast Asia,East Asia & Pacific,South-eastern Asia,91679578.0,31.9480269945454,6.28236039655418,43.3734893031827,233451469642.519,2546.38464459903,7296.8794808738,133107276297.371,130488332605.754,1423.30860866042,1451.8748798927827,57.0171078816492,6.279999999997532,5.581641448405983,2013.0,2023.0,4.08455446637625,1.256,41.0
VNM,Viet Nam,2015,South & Southeast Asia,East Asia & Pacific,South-eastern Asia,92823254.0,32.3810945365679,6.45078979885794,43.7681325303024,239258328381.741,2577.56885340113,7671.5819778084,141958257041.8,141958257041.8,1529.33937267271,1529.339372672714,59.3326292973603,8.790000000000164,5.581641448405983,2013.0,2023.0,0.631200905175685,1.848,45.0
VNM,Viet Nam,2016,South & Southeast Asia,East Asia & Pacific,South-eastern Asia,94000117.0,32.8476189285136,6.60876308594788,44.38523018963,257096001177.982,2735.0604380416,8374.50684516118,151010489245.505,151114564620.996,1607.59975033856,1606.4925668710073,58.7370042916242,6.449999999999934,5.581641448405983,2013.0,2023.0,2.66824816969082,1.848,53.0
VNM,Viet Nam,2017,South & Southeast Asia,East Asia & Pacific,South-eastern Asia,95176977.0,33.3625963003742,6.76773963938779,45.3221818606231,281353605986.903,2956.10992127753,9169.73192052855,163179276483.274,161994813273.707,1702.03780766968,1714.4826577468834,57.9979332096671,7.199999999999518,5.581641448405983,2013.0,2023.0,3.52025688811618,1.874,58.1400000036297
VNM,Viet Nam,2018,South & Southeast Asia,East Asia & Pacific,South-eastern Asia,96237319.0,33.9410227821412,6.98161953689909,46.123352133928,310106478394.659,3222.31003125366,10009.9714756006,176999133892.917,173172455389.594,1799.43141796785,1839.1943554965096,57.0768901085832,6.90000000000075,5.581641448405983,2013.0,2023.0,3.53962805942641,1.161,69.8479286837965
VNM,Viet Nam,2019,South & Southeast Asia,East Asia & Pacific,South-eastern Asia,97173776.0,34.6239134999511,7.25022977006795,46.6054316189935,334365270496.667,3440.90025375434,11029.2732083963,190013330350.512,185329161757.945,1907.19316863785,1955.3972087130996,56.8280701127439,7.02000000000087,5.581641448405983,2013.0,2023.0,2.79582367452244,1.681,68.6615802057338
VNM,Viet Nam,2020,South & Southeast Asia,East Asia & Pacific,South-eastern Asia,98079191.0,35.5706676299742,7.56724481954587,46.9641361395404,346615738537.796,3534.03953482647,11609.3177276423,193990716426.122,186033412572.622,1896.76740474564,1977.8988228616406,55.9670825232793,0.3799999999982706,5.581641448405983,2013.0,2023.0,3.22093436652515,2.103,70.30000012
VNM,Viet Nam,2021,South & Southeast Asia,East Asia & Pacific,South-eastern Asia,98935098.0,36.6540656426603,7.88570347458642,47.2392982614886,366474752771.009,3704.1935590038,12048.9019935536,203463215115.648,190071178416.379,1921.17036581274,2056.5322037245874,55.5190265024291,2.170451956946584,5.581641448405983,2013.0,2023.0,1.83471554810462,2.383,74.20999985
VNM,Viet Nam,2022,South & Southeast Asia,East Asia & Pacific,South-eastern Asia,99680655.0,37.5478515625,8.23004774597438,47.4163647594031,413445230668.578,4147.69777213621,13902.9499867089,226068833757.588,205048787316.625,2057.05698178473,2267.9308613851704,54.6792699463516,7.880000021589462,5.581641448405983,2013.0,2023.0,3.15650749963112,1.57,78.58999918
VNM,Viet Nam,2023,South & Southeast Asia,East Asia & Pacific,South-eastern Asia,100352192.0,38.1298904418945,8.62116598619573,47.5514131558407,433805036898.465,4322.82572261566,15033.899969483,234323207726.677,211350963341.813,2106.09214536951,2335.008364607292,54.0157876916311,3.0735007544602233,5.581641448405983,2013.0,2023.0,3.25289282667662,1.645,78.08
VUT,Vanuatu,2013,Oceania,East Asia & Pacific,Melanesia,254482.0,24.8407362750263,3.53580999834959,71.7476986205221,863347171.906814,3392.56675091682,3224.30439587764,597953301.425285,727506033.015932,2858.7720664563,2349.6879992505756,69.2598899819904,,9.35876465566199,2013.0,2023.0,1.45893371757921,5.038,11.30000019
VUT,Vanuatu,2014,Oceania,East Asia & Pacific,Melanesia,260240.0,24.8549637694775,3.64164548425585,72.4631534301771,879185478.498067,3378.36411965135,3307.48563368372,656782787.092757,744983010.361403,2862.67679972872,2523.7580198768715,74.7035526809149,2.402313733814543,9.35876465566199,2013.0,2023.0,0.798863838097023,5.137,18.79999924
VUT,Vanuatu,2015,Oceania,East Asia & Pacific,Melanesia,266101.0,24.8626945764242,3.73749065204565,73.1993387052682,855360239.609869,3214.41948587141,3378.95151983524,690426416.41623,690426416.41623,2594.60286288375,2594.6028628837544,80.7176186645213,-7.323199749039477,9.35876465566199,2013.0,2023.0,2.48326875660439,5.168,22.35140038
VUT,Vanuatu,2016,Oceania,East Asia & Pacific,Melanesia,272087.0,24.8654875642873,3.82507033608797,73.907040957202,908725512.790966,3339.83436471043,3456.77546016875,685319197.971883,811425386.891893,2982.22769515594,2518.7502452226054,75.4154239454623,17.52525216281957,9.35876465566199,2013.0,2023.0,0.842069084035061,5.197,
VUT,Vanuatu,2017,Oceania,East Asia & Pacific,Melanesia,278507.0,24.7644441456437,3.88715543954012,74.5534427215864,998536154.882053,3585.31798081216,3582.74831340905,706523942.36279,1281677113.56802,4601.95655250323,2536.826515537455,70.7559700175548,57.95378531073483,9.35876465566199,2013.0,2023.0,3.08452624403546,5.247,
VUT,Vanuatu,2018,Oceania,East Asia & Pacific,Melanesia,285259.0,24.2729727045038,3.93748126699117,75.0882318641321,1034402941.04298,3626.18862522473,3668.080208179,772813507.012209,1100865513.32134,3859.17889819897,2709.164327899239,74.7110701592734,-14.10742209036755,9.35876465566199,2013.0,2023.0,2.33096379566866,5.353,
VUT,Vanuatu,2019,Oceania,East Asia & Pacific,Melanesia,291985.0,23.5024668917075,4.00620580886999,75.4675368380568,1061547512.69257,3635.62344878185,3762.09421920705,944048111.912492,1528496894.59343,5234.84731953159,3233.207568582263,88.9313102451681,38.845015680608874,9.35876465566199,2013.0,2023.0,2.76252019386111,5.444,
VUT,Vanuatu,2020,Oceania,East Asia & Pacific,Melanesia,298858.0,22.4186852094794,4.05961349601902,75.6376501563271,1017403362.80118,3404.30359167624,3511.73441840856,1001967412.02981,1904036232.31441,6371.03986613846,3352.6538089320343,98.4828091457389,24.56919206374122,9.35876465566199,2013.0,2023.0,5.32935073101715,4.046,
VUT,Vanuatu,2021,Oceania,East Asia & Pacific,Melanesia,305868.0,22.2501822422475,4.09620474158012,75.6146293850835,1093826088.94269,3576.13770954363,3546.08021896872,1156976770.7453,1940730536.88234,6344.99371258954,3782.6015495092656,105.773374985383,1.9271852050487093,9.35876465566199,2013.0,2023.0,2.34328358208953,4.776,
VUT,Vanuatu,2022,Oceania,East Asia & Pacific,Melanesia,313046.0,22.2541249733107,4.14986272007513,75.3935971134344,1151863789.76624,3679.53524327491,3918.73096260725,1123126144.03896,1808326259.58336,5776.55124033962,3587.7351700355857,97.5051177072671,-6.822393669946525,9.35876465566199,2013.0,2023.0,6.67930581887121,5.077,
VUT,Vanuatu,2023,Oceania,East Asia & Pacific,Melanesia,320409.0,22.2651966823901,4.21820894264665,74.9220682087426,1188137265.19047,3708.18942411253,4201.80837273668,957590513.170322,1779805547.23952,5554.79261581143,2988.650484756427,80.5959497463292,-1.5771884189975216,9.35876465566199,2013.0,2023.0,11.1825017088175,5.011,
WSM,Samoa,2013,Oceania,East Asia & Pacific,Polynesia,198268.0,19.3865949620667,4.88151168743396,75.4335669285765,797736334.281305,4023.5254013825,5386.90063080106,611215653.527234,564889512.040108,2849.12094760682,3082.7751000021885,76.6187557544172,,2.507959517463476,2013.0,2023.0,0.61008572090503,8.772,15.30000019
WSM,Samoa,2014,Oceania,East Asia & Pacific,Polynesia,200037.0,19.3126679480432,4.87384833805746,75.2920248516873,796683519.593842,3982.68080202084,5468.10058510176,584843473.5773,567377818.244414,2836.36436381476,2923.6764877362684,73.409761742713,0.44049431814010553,2.507959517463476,2013.0,2023.0,-0.40681608842489,8.72,21.20000076
WSM,Samoa,2015,Oceania,East Asia & Pacific,Polynesia,201782.0,19.2340105383551,4.87332864180155,75.2501302761855,824150498.653536,4084.36083819933,5681.77812766143,570512695.699237,570512695.699237,2827.37159756191,2827.3715975619084,69.2243342243094,0.5525202702712173,2.507959517463476,2013.0,2023.0,0.724470134874729,8.901,
WSM,Samoa,2016,Oceania,East Asia & Pacific,Polynesia,203499.0,19.126462366749,4.87889375377766,75.389349030829,843924796.697421,4147.07097674888,6141.45089023942,569192356.473449,602193072.161288,2959.19425727541,2797.027781332827,67.445862321015,5.552966077857846,2.507959517463476,2013.0,2023.0,1.30471869303179,9.063,
WSM,Samoa,2017,Oceania,East Asia & Pacific,Polynesia,205415.0,18.9657191879831,4.94609679453008,75.9352838398027,884844384.463214,4307.59381964907,6280.2150045934,613189578.199785,626134415.450545,3048.14358956524,2985.125614973517,69.2991433258372,3.9756922482237833,2.507959517463476,2013.0,2023.0,1.74989677484705,9.4,
WSM,Samoa,2018,Oceania,East Asia & Pacific,Polynesia,207582.0,18.7241267935467,5.05631509475773,76.633963291667,878448433.404342,4231.81409469194,6318.2697728872,593459961.400598,608742351.255411,2932.53919538019,2858.9182173820373,67.5577460023124,-2.777688586662208,2.507959517463476,2013.0,2023.0,4.19745888663752,8.649,
WSM,Samoa,2019,Oceania,East Asia & Pacific,Polynesia,209780.0,18.4147344481283,5.17090564139966,77.3941500291737,912950466.064906,4351.94234943706,6638.1845475197,610961683.097255,612751973.081876,2920.92655678271,2912.3924258616407,66.9216683497283,0.6586730524327677,2.507959517463476,2013.0,2023.0,0.982326569888117,7.858,
WSM,Samoa,2020,Oceania,East Asia & Pacific,Polynesia,211944.0,18.0516608994722,5.29833352206243,78.2420022202039,868884902.953089,4099.59660548583,6451.76442222677,627356394.183598,632654345.312704,2985.00710240773,2960.0101639281984,72.2024737743048,3.2480307049404855,2.507959517463476,2013.0,2023.0,-1.56891247740895,7.467,
WSM,Samoa,2021,Oceania,East Asia & Pacific,Polynesia,213779.0,17.5672426452007,5.42078501630188,78.9865871833085,859724936.05765,4021.55934894283,6350.92787033711,691501726.200317,703197828.22328,3289.36812419966,3234.656941048078,80.4329032691855,11.150398860488075,2.507959517463476,2013.0,2023.0,3.13320473174494,6.664,
WSM,Samoa,2022,Oceania,East Asia & Pacific,Polynesia,215261.0,17.5007949951039,5.55629109845977,79.6694766713964,889554711.842341,4132.44717734444,6908.96157777708,771603399.69003,738700831.130152,3431.65195335036,3584.5016035883414,86.7404094900443,5.048793025509624,2.507959517463476,2013.0,2023.0,10.9618822286844,5.048,
WSM,Samoa,2023,Oceania,East Asia & Pacific,Polynesia,216663.0,17.5012799804602,5.70563501843877,79.9646155890757,1044909500.02527,4822.74084650019,8202.61231371824,856738367.87282,723668049.555617,3340.06290670589,3954.244000465331,81.991633519659,-2.03502973612959,2.507959517463476,2013.0,2023.0,7.92164684826777,4.92,
XKX,Kosovo,2013,Europe,Europe & Central Asia,,1818119.0,38.6251749487938,7.0743360406611,50.8212917852572,6735327512.05178,3704.55812411167,8090.75939263902,5802545057.09727,5009997767.45838,2755.59397787404,3191.5100480756596,86.150896845247,,3.9867072018842764,2013.0,2023.0,1.76732428354892,,
XKX,Kosovo,2014,Europe,Europe & Central Asia,,1812788.0,39.1938922761744,7.26580524223451,50.4491591958955,7074392884.04507,3902.49322261901,8200.47420451574,6267145324.46625,5303408948.13146,2925.5538695818,3457.186016492966,88.5891613201267,5.856513202039415,3.9867072018842764,2013.0,2023.0,0.428957808324092,,
XKX,Kosovo,2015,Europe,Europe & Central Asia,,1788274.0,39.917681154075,7.53752065744061,50.3114616718486,6295845465.35898,3520.62685324451,8714.91966356132,5356321044.70664,5356321044.70664,2995.24627920925,2995.2462792092488,85.0770730345623,0.9976997265847665,3.9867072018842764,2013.0,2023.0,-0.536929392740659,,
XKX,Kosovo,2016,Europe,Europe & Central Asia,,1777568.0,40.7783748317802,7.79406543500305,49.4234283610369,6682674062.9615,3759.44777525332,9157.04630742908,5463567502.28173,5557006311.47961,3126.1849400302,3073.6194071235136,81.7572045382757,3.7466997421914616,3.9867072018842764,2013.0,2023.0,0.273169431045468,,
XKX,Kosovo,2017,Europe,Europe & Central Asia,,1791019.0,41.7578065585746,7.99174150608641,47.9157805716211,7180768692.26354,4009.32022064732,9380.94007290057,5689814345.87648,5725821789.29172,3196.96317531624,3176.858730072925,79.236842039023,3.037885299200993,3.9867072018842764,2013.0,2023.0,1.48823430592319,,83.8935968102791
XKX,Kosovo,2018,Europe,Europe & Central Asia,,1797086.0,42.8378095837429,8.23044778618587,46.8838732984927,7878762812.20156,4384.18796440547,10018.7387080811,6288122192.44705,5975574260.68409,3325.14652091446,3499.0658167984448,79.8110355944319,4.361862464169763,3.9867072018842764,2013.0,2023.0,1.05379773654991,,89.4430319734879
XKX,Kosovo,2019,Europe,Europe & Central Asia,,1788891.0,44.0002171565695,8.53982411816925,46.3859932227911,7899204690.79214,4415.6992744623,10861.0531745974,6326042985.34901,6312285740.01163,3528.60277122062,3536.293147737347,80.0845557619627,5.634797002572833,3.9867072018842764,2013.0,2023.0,2.67599202639893,,
XKX,Kosovo,2020,Europe,Europe & Central Asia,,1790151.0,45.2268625263391,8.72145240111293,45.6054847155605,7734497455.75411,4320.58382547288,10532.5054692849,6566464870.82025,6469249970.58713,3613.80127742695,3668.1066964855195,84.898403656919,2.4866464707158586,3.9867072018842764,2013.0,2023.0,0.198227922994854,,
XKX,Kosovo,2021,Europe,Europe & Central Asia,,1786079.0,46.4995789423362,8.89014327465316,44.9764159941038,9412099545.05799,5269.69946181439,12362.4210181213,7811718255.86809,6942177358.45152,3886.82547549774,4373.668945140775,82.9965537282252,7.3103897671999984,3.9867072018842764,2013.0,2023.0,3.35369139207997,,
XKX,Kosovo,2022,Europe,Europe & Central Asia,,1768096.0,47.8001996538455,9.23920193067768,44.9007221695902,9367633202.54673,5298.1473871027,13948.6857891476,8031467172.80937,7181232309.37526,4061.56244308864,4542.438404254843,85.7363540944995,3.44351546467927,3.9867072018842764,2013.0,2023.0,11.5805104542012,,
XKX,Kosovo,2023,Europe,Europe & Central Asia,,1682668.0,49.1105579101515,9.64385638963536,44.7976993017704,10466753839.9923,6220.33213919344,15817.4329388361,8805254841.67859,7406547198.93563,4401.66877775986,5232.912756217263,84.1259379582871,3.137551883208345,3.9867072018842764,2013.0,2023.0,4.94432438791283,,
YEM,"Yemen, Rep.",2013,Middle East,"Middle East, North Africa, Afghanistan & Pakistan",Western Asia,29312952.0,31.4427187944215,2.75006420370081,82.0892761335314,40415233436.1767,1378.75002954928,3164.32154223615,34997523799.1531,51571029789.8455,1759.32569977413,1193.9269644064882,86.5948822352364,,-3.777366136967719,2013.0,2018.0,10.9684421500198,13.673,20.0
YEM,"Yemen, Rep.",2014,Middle East,"Middle East, North Africa, Afghanistan & Pakistan",Western Asia,30226309.0,31.8626162180918,2.73033998295988,81.1275756454274,43228585321.3272,1430.16420964026,,37433742551.0726,51473718268.4988,1702.94422215094,1238.4490131121402,86.5948822354924,-0.1886941597700198,-3.777366136967719,2013.0,2018.0,8.10472583623915,13.467,22.54999924
YEM,"Yemen, Rep.",2015,Middle East,"Middle East, North Africa, Afghanistan & Pakistan",Western Asia,31159379.0,32.3883178702702,2.69658134072569,80.3078546004591,42444490073.8555,1362.1738120601,,42441806544.5748,42441806544.5748,1362.08768937837,1362.0876893783666,99.9936775556122,-17.546647158480887,-3.777366136967719,2013.0,2018.0,,17.9,24.08539963
YEM,"Yemen, Rep.",2016,Middle East,"Middle East, North Africa, Afghanistan & Pakistan",Western Asia,32109010.0,32.9512008005236,2.65747059781663,79.6670299659825,31317825274.1507,975.359417003225,,34883537574.3279,42153757190.9606,1312.83266568981,1086.4096269031,111.385568023844,-0.678692489943078,-3.777366136967719,2013.0,2018.0,,18.42,24.57920074
YEM,"Yemen, Rep.",2017,Middle East,"Middle East, North Africa, Afghanistan & Pakistan",Western Asia,33090921.0,33.5586912522175,2.62395533469807,79.1640984847763,26842229044.5848,811.165970405745,,31007438793.4271,42463849849.9605,1283.24774792338,937.0376482850719,115.517376526084,0.7356228238331264,-3.777366136967719,2013.0,2018.0,,18.611,
YEM,"Yemen, Rep.",2018,Middle East,"Middle East, North Africa, Afghanistan & Pakistan",Western Asia,34085182.0,34.2106045810864,2.59535360556385,78.7888852602687,21606160663.0318,633.887202451545,,26661519655.4294,42539463281.5213,1248.03391930022,782.2026490992304,123.397766365069,0.17806541759159966,-3.777366136967719,2013.0,2018.0,,17.593,
YEM,"Yemen, Rep.",2019,Middle East,"Middle East, North Africa, Afghanistan & Pakistan",Western Asia,35111408.0,34.9067561732024,2.57211420533341,78.450785085874,,,,,,,,,,-3.777366136967719,2013.0,2018.0,,17.213,17.49099922
YEM,"Yemen, Rep.",2020,Middle East,"Middle East, North Africa, Afghanistan & Pakistan",Western Asia,36134863.0,35.7025604580302,2.54660433406646,78.2490319341492,,,,,,,,,,-3.777366136967719,2013.0,2018.0,,17.963,
YEM,"Yemen, Rep.",2021,Middle East,"Middle East, North Africa, Afghanistan & Pakistan",Western Asia,37140230.0,36.0704951256305,2.5188817823842,78.1681766734297,,,,,,,,,,-3.777366136967719,2013.0,2018.0,,18.312,
YEM,"Yemen, Rep.",2022,Middle East,"Middle East, North Africa, Afghanistan & Pakistan",Western Asia,38222876.0,36.3226310308295,2.50407638745023,77.9743636556573,,,,,,,,,,-3.777366136967719,2013.0,2018.0,,17.224,
YEM,"Yemen, Rep.",2023,Middle East,"Middle East, North Africa, Afghanistan & Pakistan",Western Asia,39390799.0,36.5707979836506,2.50752339397838,77.7260933249256,,,,,,,,,,-3.777366136967719,2013.0,2018.0,,16.944,
ZAF,South Africa,2013,Africa,Sub-Saharan Africa ,Sub-Saharan Africa,54678791.0,63.0524024097034,5.28784272783352,51.4600302732864,400886013595.573,7331.65467384919,13369.4382039605,256031197747.197,214580202702.597,3924.37723618645,4682.459013170152,63.8663333377077,,1.2039929192762644,2013.0,2023.0,5.78016910069176,24.561,46.5
ZAF,South Africa,2014,Africa,Sub-Saharan Africa ,Sub-Saharan Africa,55594838.0,63.1352327065742,5.3311549776334,51.1390115950153,381198869776.106,6856.73137092522,13358.9417186608,242809614317.067,216125448524.395,3887.5092778289,4367.4848790290025,63.6963101332591,0.7201250638856349,1.2039929192762644,2013.0,2023.0,6.13282953059149,24.89,49.0
ZAF,South Africa,2015,Africa,Sub-Saharan Africa ,Sub-Saharan Africa,56723537.0,63.2096349937231,5.36961143105032,50.7798142238484,346709790458.563,6112.27382485974,13397.5234813346,220788691538.504,220788691538.504,3892.36467286065,3892.3646728606504,63.6811239874379,2.1576556791194523,1.2039929192762644,2013.0,2023.0,4.51869094892506,25.149,51.91910172
ZAF,South Africa,2016,Africa,Sub-Saharan Africa ,Sub-Saharan Africa,57259551.0,63.2750973439347,5.47353488678247,51.0589576961171,323585509674.481,5651.20585165749,13519.3235102376,204768369554.28,222295711043.315,3882.24684198651,3576.1434726283483,63.2810689700761,0.6825619076365586,1.2039929192762644,2013.0,2023.0,6.60290842394872,26.536,54.0
ZAF,South Africa,2017,Africa,Sub-Saharan Africa ,Sub-Saharan Africa,57635162.0,63.3311078299936,5.62805566504697,51.2667885388625,381448814653.456,6618.33508255701,13738.4385854596,240346972139.804,226106336608.97,3923.06239390757,4170.144817842344,63.0089707732236,1.7142146142947734,1.2039929192762644,2013.0,2023.0,5.18618655524149,27.035,56.16740036
ZAF,South Africa,2018,Africa,Sub-Saharan Africa ,Sub-Saharan Africa,58613001.0,63.3771545246841,5.77660923535215,50.6774275844496,405260723892.517,6914.1780318076,13347.3634826038,259239863544.65,233257112793.807,3979.61388794625,4422.907189902288,63.9686622119852,3.162572218046056,1.2039929192762644,2013.0,2023.0,4.50987264867388,26.906,62.40000153
ZAF,South Africa,2019,Africa,Sub-Saharan Africa ,Sub-Saharan Africa,59587885.0,63.4127255007908,5.94522019077183,50.0943393660016,389330032224.269,6533.71121032856,13361.4851289112,249532768764.378,236247128918.412,3964.68391046959,4187.642651931311,64.0928641797245,1.2818542117719156,1.2039929192762644,2013.0,2023.0,4.10285075461156,28.468,69.69689941
ZAF,South Africa,2020,Africa,Sub-Saharan Africa ,Sub-Saharan Africa,60562381.0,63.4373088310982,6.10948899119405,49.49614178865,337974655408.055,5580.60383075189,12671.0862436851,211713917263.423,221782807916.428,3662.05562354671,3495.799104454348,62.6419507722583,-6.122538321716176,1.2039929192762644,2013.0,2023.0,3.23238831615113,29.217,72.1128006
ZAF,South Africa,2021,Africa,Sub-Saharan Africa ,Sub-Saharan Africa,61502603.0,63.4503925883909,6.23462554910074,48.9162852048925,419986284375.368,6828.75624590017,13681.9548144813,259652139183.221,235100789446.854,3822.61527120818,4221.807314126542,61.8239568393031,6.004965693934428,1.2039929192762644,2013.0,2023.0,4.61874544887136,34.007,74.96859741
ZAF,South Africa,2022,Africa,Sub-Saharan Africa ,Sub-Saharan Africa,62378410.0,63.4766699210327,6.3616265627803,48.5504660443153,407596043067.885,6534.24867783397,14746.7103701698,258499764640.829,241313835444.329,3868.54739395135,4144.058250936967,63.4205775637954,2.6427159228572084,1.2039929192762644,2013.0,2023.0,7.03987272546482,33.268,78.29319763
ZAF,South Africa,2023,Africa,Sub-Saharan Africa ,Sub-Saharan Africa,63212384.0,63.5823705163545,6.51509367622564,48.3679344695214,381440724491.232,6034.27208964673,15212.2609596178,244863716821.306,241861157450.179,3826.16731319893,3873.666856502454,64.1944347048698,0.22680921085282968,1.2039929192762644,2013.0,2023.0,6.0752438457966,32.098,78.33670044
ZMB,Zambia,2013,Africa,Sub-Saharan Africa ,Sub-Saharan Africa,15398997.0,41.1682266235825,1.76140692799667,90.4153625250029,28037239462.7142,1820.71854827391,3477.28178777683,13243810838.3511,,,860.0437313125719,47.2365007830517,,,,,6.97767605490307,7.272,4.8
ZMB,Zambia,2014,Africa,Sub-Saharan Africa ,Sub-Saharan Africa,15895315.0,41.5634741658525,1.74239076105129,89.4276668789517,27141023558.0829,1707.48573136694,3441.31497643775,12218302437.0431,,,768.6731868505343,45.0178395479279,,,,,7.80687553566333,6.576,6.5
ZMB,Zambia,2015,Africa,Sub-Saharan Africa ,Sub-Saharan Africa,16399089.0,41.9555104679652,1.73777036449312,88.3819983200907,21251216798.7762,1295.87788680068,3337.47306887696,9901967679.50679,9901967679.50679,603.812058066566,603.8120580665664,46.594826890463,,,,,10.1105928909618,5.951,8.8
ZMB,Zambia,2016,Africa,Sub-Saharan Africa ,Sub-Saharan Africa,16914423.0,42.3442476889162,1.74344108575267,87.2726425233368,20958412538.3093,1239.08527877713,3313.35121570029,9325467374.01559,,,551.332278613086,44.495103610399,,,,,17.8697300795268,5.244,10.30000019
ZMB,Zambia,2017,Africa,Sub-Saharan Africa ,Sub-Saharan Africa,17441320.0,42.7295979877011,1.75286336564157,86.0880279127988,25873601260.8353,1483.46577328065,3391.62768492775,10335590344.103,,,592.5922088524836,39.9464699169956,,,,,6.57731154205644,4.529,12.19999981
ZMB,Zambia,2018,Africa,Sub-Saharan Africa ,Sub-Saharan Africa,17973569.0,43.1114735233156,1.76725056665151,84.8848438316168,26311507273.6735,1463.89997855593,3442.27307196302,11813311366.1613,,,657.2601894571579,44.8978891375841,,,,,7.4945719272852,5.032,14.2999970950012
ZMB,Zambia,2019,Africa,Sub-Saharan Africa ,Sub-Saharan Africa,18513839.0,43.4897864547552,1.78700911823288,83.6337137132054,23308667781.2258,1258.98619844462,3361.39750299612,9830978200.15516,,,531.0070050925235,42.1773491836957,,,,,9.15031644316296,5.538,14.47189999
ZMB,Zambia,2020,Africa,Sub-Saharan Africa ,Sub-Saharan Africa,19059395.0,43.8644489410157,1.80827618085464,82.2910754691753,18137764930.651,951.644316655957,3157.30009311643,6766873232.70766,,,355.04134484371934,37.3081978875597,,,,,15.7330604721369,6.032,14.64579964
ZMB,Zambia,2021,Africa,Sub-Saharan Africa ,Sub-Saharan Africa,19603607.0,44.2353731410926,1.82696220580829,80.8978170758265,22096416932.0089,1127.16077872857,3503.03491418372,7954037450.48265,,,405.7435680322835,35.9969558637374,,,,,22.0207676245777,5.197,14.82190037
ZMB,Zambia,2022,Africa,Sub-Saharan Africa ,Sub-Saharan Africa,20152938.0,44.5988511178469,1.85608917171283,79.5164700824871,29163782140.4858,1447.12310138035,3840.115825721,10376725342.4542,,,514.8988868250476,35.580862908892,,,,,10.9932039209136,5.993,15.0
ZMB,Zambia,2023,Africa,Sub-Saharan Africa ,Sub-Saharan Africa,20723965.0,45.0285853521585,1.89885236729554,78.1069920863262,27577956471.244,1330.72780576709,4080.35544205923,12990626814.2053,,,626.8408006964545,47.1051102997818,,,,,10.884531691282,5.861,16.45070076
ZWE,Zimbabwe,2013,Africa,Sub-Saharan Africa ,Sub-Saharan Africa,14013808.0,32.9019343169941,3.09457989239685,88.6378275042674,19100750000.0,1362.99498323368,3783.94633704647,16624000000.0,14912333675.4167,1064.11716754052,1186.2585815361535,87.0332316793843,,-0.5827315523279752,2013.0,2023.0,1.63495041543822,4.948,15.5
ZWE,Zimbabwe,2014,Africa,Sub-Saharan Africa ,Sub-Saharan Africa,14207359.0,33.1628075970801,3.13810621446626,88.9275709065542,19505500000.0,1372.91526173161,3903.42797706084,16309000000.0,15032636797.3482,1058.08805122389,1147.926226119858,83.6123144754044,0.8067357165553624,-0.5827315523279752,2013.0,2023.0,-0.19778481012661,4.774,16.3647399572904
ZWE,Zimbabwe,2015,Africa,Sub-Saharan Africa ,Sub-Saharan Africa,14399013.0,33.5612641766874,3.22149163973947,88.8363578945822,19973250000.0,1387.12632595026,4045.89864738798,17879250000.0,17879250000.0,1241.69969149969,1241.6996914996882,89.5159776200668,18.93622017897718,-0.5827315523279752,2013.0,2023.0,-2.43096842383404,5.399,22.74279976
ZWE,Zimbabwe,2016,Africa,Sub-Saharan Africa ,Sub-Saharan Africa,14600294.0,34.0799460726314,3.30577932197804,88.3275279751021,20559250000.0,1408.13945253431,4275.4493505094,17135500000.0,16648594671.841,1140.29174151157,1173.640749973939,83.346911973929,-6.883148499847591,-0.5827315523279752,2013.0,2023.0,-1.54366960054161,5.896,23.12000084
ZWE,Zimbabwe,2017,Africa,Sub-Saharan Africa ,Sub-Saharan Africa,14812482.0,34.7014953017273,3.38745728096075,87.5123520945076,51035657370.5179,3445.44941020134,10756.4454416985,40501195219.1235,17289921569.2992,1167.25350750126,2734.2612277350613,79.3586235699593,3.852138334191779,-0.5827315523279752,2013.0,2023.0,0.893962316050027,6.35,24.39999962
ZWE,Zimbabwe,2018,Africa,Sub-Saharan Africa ,Sub-Saharan Africa,15034452.0,35.4085538807905,3.46510135520736,86.5168398539074,34141666666.6667,2270.89531874302,3992.890718675,26527941176.4706,14336439422.5624,953.572462937949,1764.4767615388043,77.6996080345734,-17.082102627817232,-0.5827315523279752,2013.0,2023.0,10.6188658669575,6.788,25.0
ZWE,Zimbabwe,2019,Africa,Sub-Saharan Africa ,Sub-Saharan Africa,15271368.0,36.1837638266364,3.53424144890757,85.4479058285901,33360632553.3556,2184.52155388801,4165.92242720214,29711288248.9072,13173125105.4904,862.602820224775,1945.555123084402,89.0609259323491,-8.114387978658078,-0.5827315523279752,2013.0,2023.0,255.304990757856,7.373,26.5883007
ZWE,Zimbabwe,2020,Africa,Sub-Saharan Africa ,Sub-Saharan Africa,15526888.0,37.0097671560802,3.58167381700461,84.3843806399623,31979753644.6558,2059.63704025274,4178.509676231,28310049115.1477,12237006556.0823,788.117139511939,1823.2918995195755,88.5249130738025,-7.106275404747631,-0.5827315523279752,2013.0,2023.0,557.201817362051,8.617,29.29856532
ZWE,Zimbabwe,2021,Africa,Sub-Saharan Africa ,Sub-Saharan Africa,15797210.0,37.8692058859373,3.59797394603224,83.3849533226054,41287852523.5016,2613.6167414057,4827.10960165994,34442122808.1872,12483865279.6201,790.257601159959,2180.266186762549,83.4195064724723,2.017312995677867,-0.5827315523279752,2013.0,2023.0,98.5461050920624,9.54,32.5923996
ZWE,Zimbabwe,2022,Africa,Sub-Saharan Africa ,Sub-Saharan Africa,16069056.0,38.7055207169041,3.6082270050035,82.5476054640719,40757585308.5016,2536.40197087505,5395.02452868174,35551264586.0702,13612904959.1941,847.150259429931,2212.405295374551,87.226130588886,9.04399121814583,-0.5827315523279752,2013.0,2023.0,104.705170628667,10.087,36.25650024
ZWE,Zimbabwe,2023,Africa,Sub-Saharan Africa ,Sub-Saharan Africa,16340822.0,39.2919370795795,3.61832175940481,81.6253517563755,35871781303.429,2195.22502010174,5795.99047011573,30155640351.7156,14065781842.8619,860.775660053201,1845.4175898688327,84.0650763803385,3.326820285790144,-0.5827315523279752,2013.0,2023.0,,9.348,38.67480087
