country_name,iso3,year,account_ownership_pct
Africa Eastern and Southern,AFE,2024,
Africa Eastern and Southern,AFE,2023,
Africa Eastern and Southern,AFE,2022,
Africa Eastern and Southern,AFE,2021,
Africa Eastern and Southern,AFE,2020,
Africa Eastern and Southern,AFE,2019,
Africa Eastern and Southern,AFE,2018,
Africa Eastern and Southern,AFE,2017,
Africa Eastern and Southern,AFE,2016,
Africa Eastern and Southern,AFE,2015,
Africa Eastern and Southern,AFE,2014,
Africa Eastern and Southern,AFE,2013,
Africa Eastern and Southern,AFE,2012,
Africa Eastern and Southern,AFE,2011,
Africa Western and Central,AFW,2024,
Africa Western and Central,AFW,2023,
Africa Western and Central,AFW,2022,
Africa Western and Central,AFW,2021,
Africa Western and Central,AFW,2020,
Africa Western and Central,AFW,2019,
Africa Western and Central,AFW,2018,
Africa Western and Central,AFW,2017,
Africa Western and Central,AFW,2016,
Africa Western and Central,AFW,2015,
Africa Western and Central,AFW,2014,
Africa Western and Central,AFW,2013,
Africa Western and Central,AFW,2012,
Africa Western and Central,AFW,2011,
Arab World,ARB,2024,
Arab World,ARB,2023,
Arab World,ARB,2022,
Arab World,ARB,2021,40.21
Arab World,ARB,2020,
Arab World,ARB,2019,
Arab World,ARB,2018,
Arab World,ARB,2017,37.23
Arab World,ARB,2016,
Arab World,ARB,2015,
Arab World,ARB,2014,30.47
Arab World,ARB,2013,
Arab World,ARB,2012,
Arab World,ARB,2011,22.48
Caribbean small states,CSS,2024,
Caribbean small states,CSS,2023,
Caribbean small states,CSS,2022,
Caribbean small states,CSS,2021,
Caribbean small states,CSS,2020,
Caribbean small states,CSS,2019,
Caribbean small states,CSS,2018,
Caribbean small states,CSS,2017,
Caribbean small states,CSS,2016,
Caribbean small states,CSS,2015,
Caribbean small states,CSS,2014,
Caribbean small states,CSS,2013,
Caribbean small states,CSS,2012,
Caribbean small states,CSS,2011,
Central Europe and the Baltics,CEB,2024,
Central Europe and the Baltics,CEB,2023,
Central Europe and the Baltics,CEB,2022,
Central Europe and the Baltics,CEB,2021,
Central Europe and the Baltics,CEB,2020,
Central Europe and the Baltics,CEB,2019,
Central Europe and the Baltics,CEB,2018,
Central Europe and the Baltics,CEB,2017,
Central Europe and the Baltics,CEB,2016,
Central Europe and the Baltics,CEB,2015,
Central Europe and the Baltics,CEB,2014,
Central Europe and the Baltics,CEB,2013,
Central Europe and the Baltics,CEB,2012,
Central Europe and the Baltics,CEB,2011,
Early-demographic dividend,EAR,2024,
Early-demographic dividend,EAR,2023,
Early-demographic dividend,EAR,2022,
Early-demographic dividend,EAR,2021,
Early-demographic dividend,EAR,2020,
Early-demographic dividend,EAR,2019,
Early-demographic dividend,EAR,2018,
Early-demographic dividend,EAR,2017,
Early-demographic dividend,EAR,2016,
Early-demographic dividend,EAR,2015,
Early-demographic dividend,EAR,2014,
Early-demographic dividend,EAR,2013,
Early-demographic dividend,EAR,2012,
Early-demographic dividend,EAR,2011,
East Asia & Pacific,EAS,2024,
East Asia & Pacific,EAS,2023,
East Asia & Pacific,EAS,2022,
East Asia & Pacific,EAS,2021,82.85
East Asia & Pacific,EAS,2020,
East Asia & Pacific,EAS,2019,
East Asia & Pacific,EAS,2018,
East Asia & Pacific,EAS,2017,73.39
East Asia & Pacific,EAS,2016,
East Asia & Pacific,EAS,2015,
East Asia & Pacific,EAS,2014,71.86
East Asia & Pacific,EAS,2013,
East Asia & Pacific,EAS,2012,
East Asia & Pacific,EAS,2011,59.81
East Asia & Pacific (excluding high income),EAP,2024,83.3432660109167
East Asia & Pacific (excluding high income),EAP,2023,
East Asia & Pacific (excluding high income),EAP,2022,
East Asia & Pacific (excluding high income),EAP,2021,79.7010613422666
East Asia & Pacific (excluding high income),EAP,2020,
East Asia & Pacific (excluding high income),EAP,2019,
East Asia & Pacific (excluding high income),EAP,2018,
East Asia & Pacific (excluding high income),EAP,2017,70.369593542176
East Asia & Pacific (excluding high income),EAP,2016,
East Asia & Pacific (excluding high income),EAP,2015,
East Asia & Pacific (excluding high income),EAP,2014,68.8136458775564
East Asia & Pacific (excluding high income),EAP,2013,
East Asia & Pacific (excluding high income),EAP,2012,
East Asia & Pacific (excluding high income),EAP,2011,54.9851834243213
East Asia & Pacific (IDA & IBRD countries),TEA,2024,
East Asia & Pacific (IDA & IBRD countries),TEA,2023,
East Asia & Pacific (IDA & IBRD countries),TEA,2022,
East Asia & Pacific (IDA & IBRD countries),TEA,2021,
East Asia & Pacific (IDA & IBRD countries),TEA,2020,
East Asia & Pacific (IDA & IBRD countries),TEA,2019,
East Asia & Pacific (IDA & IBRD countries),TEA,2018,
East Asia & Pacific (IDA & IBRD countries),TEA,2017,
East Asia & Pacific (IDA & IBRD countries),TEA,2016,
East Asia & Pacific (IDA & IBRD countries),TEA,2015,
East Asia & Pacific (IDA & IBRD countries),TEA,2014,
East Asia & Pacific (IDA & IBRD countries),TEA,2013,
East Asia & Pacific (IDA & IBRD countries),TEA,2012,
East Asia & Pacific (IDA & IBRD countries),TEA,2011,
Euro area,EMU,2024,
Euro area,EMU,2023,
Euro area,EMU,2022,
Euro area,EMU,2021,98.51
Euro area,EMU,2020,
Euro area,EMU,2019,
Euro area,EMU,2018,
Euro area,EMU,2017,95.3
Euro area,EMU,2016,
Euro area,EMU,2015,
Euro area,EMU,2014,94.68
Euro area,EMU,2013,
Euro area,EMU,2012,
Euro area,EMU,2011,90.42
Europe & Central Asia,ECS,2024,
Europe & Central Asia,ECS,2023,
Europe & Central Asia,ECS,2022,
Europe & Central Asia,ECS,2021,89.57
Europe & Central Asia,ECS,2020,
Europe & Central Asia,ECS,2019,
Europe & Central Asia,ECS,2018,
Europe & Central Asia,ECS,2017,81.49
Europe & Central Asia,ECS,2016,
Europe & Central Asia,ECS,2015,
Europe & Central Asia,ECS,2014,77.79
Europe & Central Asia,ECS,2013,
Europe & Central Asia,ECS,2012,
Europe & Central Asia,ECS,2011,69.34
Europe & Central Asia (excluding high income),ECA,2024,77.8490635157756
Europe & Central Asia (excluding high income),ECA,2023,
Europe & Central Asia (excluding high income),ECA,2022,
Europe & Central Asia (excluding high income),ECA,2021,77.5996413605155
Europe & Central Asia (excluding high income),ECA,2020,
Europe & Central Asia (excluding high income),ECA,2019,
Europe & Central Asia (excluding high income),ECA,2018,
Europe & Central Asia (excluding high income),ECA,2017,65.5453685801138
Europe & Central Asia (excluding high income),ECA,2016,
Europe & Central Asia (excluding high income),ECA,2015,
Europe & Central Asia (excluding high income),ECA,2014,57.3789111714124
Europe & Central Asia (excluding high income),ECA,2013,
Europe & Central Asia (excluding high income),ECA,2012,
Europe & Central Asia (excluding high income),ECA,2011,44.4287205009613
Europe & Central Asia (IDA & IBRD countries),TEC,2024,
Europe & Central Asia (IDA & IBRD countries),TEC,2023,
Europe & Central Asia (IDA & IBRD countries),TEC,2022,
Europe & Central Asia (IDA & IBRD countries),TEC,2021,
Europe & Central Asia (IDA & IBRD countries),TEC,2020,
Europe & Central Asia (IDA & IBRD countries),TEC,2019,
Europe & Central Asia (IDA & IBRD countries),TEC,2018,
Europe & Central Asia (IDA & IBRD countries),TEC,2017,
Europe & Central Asia (IDA & IBRD countries),TEC,2016,
Europe & Central Asia (IDA & IBRD countries),TEC,2015,
Europe & Central Asia (IDA & IBRD countries),TEC,2014,
Europe & Central Asia (IDA & IBRD countries),TEC,2013,
Europe & Central Asia (IDA & IBRD countries),TEC,2012,
Europe & Central Asia (IDA & IBRD countries),TEC,2011,
European Union,EUU,2024,
European Union,EUU,2023,
European Union,EUU,2022,
European Union,EUU,2021,
European Union,EUU,2020,
European Union,EUU,2019,
European Union,EUU,2018,
European Union,EUU,2017,
European Union,EUU,2016,
European Union,EUU,2015,
European Union,EUU,2014,
European Union,EUU,2013,
European Union,EUU,2012,
European Union,EUU,2011,
Heavily indebted poor countries (HIPC),HPC,2024,
Heavily indebted poor countries (HIPC),HPC,2023,
Heavily indebted poor countries (HIPC),HPC,2022,
Heavily indebted poor countries (HIPC),HPC,2021,
Heavily indebted poor countries (HIPC),HPC,2020,
Heavily indebted poor countries (HIPC),HPC,2019,
Heavily indebted poor countries (HIPC),HPC,2018,
Heavily indebted poor countries (HIPC),HPC,2017,
Heavily indebted poor countries (HIPC),HPC,2016,
Heavily indebted poor countries (HIPC),HPC,2015,
Heavily indebted poor countries (HIPC),HPC,2014,
Heavily indebted poor countries (HIPC),HPC,2013,
Heavily indebted poor countries (HIPC),HPC,2012,
Heavily indebted poor countries (HIPC),HPC,2011,
High income,,2024,94.9131386570532
High income,,2023,
High income,,2022,
High income,,2021,95.834383244984
High income,,2020,
High income,,2019,
High income,,2018,
High income,,2017,92.9588596307588
High income,,2016,
High income,,2015,
High income,,2014,92.151829192653
High income,,2013,
High income,,2012,
High income,,2011,87.4835394517993
IBRD only,IBD,2024,
IBRD only,IBD,2023,
IBRD only,IBD,2022,
IBRD only,IBD,2021,
IBRD only,IBD,2020,
IBRD only,IBD,2019,
IBRD only,IBD,2018,
IBRD only,IBD,2017,
IBRD only,IBD,2016,
IBRD only,IBD,2015,
IBRD only,IBD,2014,
IBRD only,IBD,2013,
IBRD only,IBD,2012,
IBRD only,IBD,2011,
IDA & IBRD total,IBT,2024,
IDA & IBRD total,IBT,2023,
IDA & IBRD total,IBT,2022,
IDA & IBRD total,IBT,2021,
IDA & IBRD total,IBT,2020,
IDA & IBRD total,IBT,2019,
IDA & IBRD total,IBT,2018,
IDA & IBRD total,IBT,2017,
IDA & IBRD total,IBT,2016,
IDA & IBRD total,IBT,2015,
IDA & IBRD total,IBT,2014,
IDA & IBRD total,IBT,2013,
IDA & IBRD total,IBT,2012,
IDA & IBRD total,IBT,2011,
IDA blend,IDB,2024,
IDA blend,IDB,2023,
IDA blend,IDB,2022,
IDA blend,IDB,2021,
IDA blend,IDB,2020,
IDA blend,IDB,2019,
IDA blend,IDB,2018,
IDA blend,IDB,2017,
IDA blend,IDB,2016,
IDA blend,IDB,2015,
IDA blend,IDB,2014,
IDA blend,IDB,2013,
IDA blend,IDB,2012,
IDA blend,IDB,2011,
IDA only,IDX,2024,
IDA only,IDX,2023,
IDA only,IDX,2022,
IDA only,IDX,2021,
IDA only,IDX,2020,
IDA only,IDX,2019,
IDA only,IDX,2018,
IDA only,IDX,2017,
IDA only,IDX,2016,
IDA only,IDX,2015,
IDA only,IDX,2014,
IDA only,IDX,2013,
IDA only,IDX,2012,
IDA only,IDX,2011,
IDA total,IDA,2024,
IDA total,IDA,2023,
IDA total,IDA,2022,
IDA total,IDA,2021,
IDA total,IDA,2020,
IDA total,IDA,2019,
IDA total,IDA,2018,
IDA total,IDA,2017,
IDA total,IDA,2016,
IDA total,IDA,2015,
IDA total,IDA,2014,
IDA total,IDA,2013,
IDA total,IDA,2012,
IDA total,IDA,2011,
Late-demographic dividend,LTE,2024,
Late-demographic dividend,LTE,2023,
Late-demographic dividend,LTE,2022,
Late-demographic dividend,LTE,2021,
Late-demographic dividend,LTE,2020,
Late-demographic dividend,LTE,2019,
Late-demographic dividend,LTE,2018,
Late-demographic dividend,LTE,2017,
Late-demographic dividend,LTE,2016,
Late-demographic dividend,LTE,2015,
Late-demographic dividend,LTE,2014,
Late-demographic dividend,LTE,2013,
Late-demographic dividend,LTE,2012,
Late-demographic dividend,LTE,2011,
Latin America & Caribbean,LCN,2024,
Latin America & Caribbean,LCN,2023,
Latin America & Caribbean,LCN,2022,
Latin America & Caribbean,LCN,2021,73.55
Latin America & Caribbean,LCN,2020,
Latin America & Caribbean,LCN,2019,
Latin America & Caribbean,LCN,2018,
Latin America & Caribbean,LCN,2017,55.24
Latin America & Caribbean,LCN,2016,
Latin America & Caribbean,LCN,2015,
Latin America & Caribbean,LCN,2014,52.02
Latin America & Caribbean,LCN,2013,
Latin America & Caribbean,LCN,2012,
Latin America & Caribbean,LCN,2011,39.47
Latin America & Caribbean (excluding high income),LAC,2024,69.7191455453149
Latin America & Caribbean (excluding high income),LAC,2023,
Latin America & Caribbean (excluding high income),LAC,2022,
Latin America & Caribbean (excluding high income),LAC,2021,67.1346842751854
Latin America & Caribbean (excluding high income),LAC,2020,
Latin America & Caribbean (excluding high income),LAC,2019,
Latin America & Caribbean (excluding high income),LAC,2018,
Latin America & Caribbean (excluding high income),LAC,2017,54.3777323909549
Latin America & Caribbean (excluding high income),LAC,2016,
Latin America & Caribbean (excluding high income),LAC,2015,
Latin America & Caribbean (excluding high income),LAC,2014,51.5667405483772
Latin America & Caribbean (excluding high income),LAC,2013,
Latin America & Caribbean (excluding high income),LAC,2012,
Latin America & Caribbean (excluding high income),LAC,2011,39.477703289296
Latin America & the Caribbean (IDA & IBRD countries),TLA,2024,
Latin America & the Caribbean (IDA & IBRD countries),TLA,2023,
Latin America & the Caribbean (IDA & IBRD countries),TLA,2022,
Latin America & the Caribbean (IDA & IBRD countries),TLA,2021,
Latin America & the Caribbean (IDA & IBRD countries),TLA,2020,
Latin America & the Caribbean (IDA & IBRD countries),TLA,2019,
Latin America & the Caribbean (IDA & IBRD countries),TLA,2018,
Latin America & the Caribbean (IDA & IBRD countries),TLA,2017,
Latin America & the Caribbean (IDA & IBRD countries),TLA,2016,
Latin America & the Caribbean (IDA & IBRD countries),TLA,2015,
Latin America & the Caribbean (IDA & IBRD countries),TLA,2014,
Latin America & the Caribbean (IDA & IBRD countries),TLA,2013,
Latin America & the Caribbean (IDA & IBRD countries),TLA,2012,
Latin America & the Caribbean (IDA & IBRD countries),TLA,2011,
Least developed countries: UN classification,LDC,2024,
Least developed countries: UN classification,LDC,2023,
Least developed countries: UN classification,LDC,2022,
Least developed countries: UN classification,LDC,2021,
Least developed countries: UN classification,LDC,2020,
Least developed countries: UN classification,LDC,2019,
Least developed countries: UN classification,LDC,2018,
Least developed countries: UN classification,LDC,2017,
Least developed countries: UN classification,LDC,2016,
Least developed countries: UN classification,LDC,2015,
Least developed countries: UN classification,LDC,2014,
Least developed countries: UN classification,LDC,2013,
Least developed countries: UN classification,LDC,2012,
Least developed countries: UN classification,LDC,2011,
Low & middle income,LMY,2024,75.4463783026968
Low & middle income,LMY,2023,
Low & middle income,LMY,2022,
Low & middle income,LMY,2021,69.0001519196668
Low & middle income,LMY,2020,
Low & middle income,LMY,2019,
Low & middle income,LMY,2018,
Low & middle income,LMY,2017,63.966346849968
Low & middle income,LMY,2016,
Low & middle income,LMY,2015,
Low & middle income,LMY,2014,54.7377866574316
Low & middle income,LMY,2013,
Low & middle income,LMY,2012,
Low & middle income,LMY,2011,41.6372667284169
Low income,,2024,46.4432333139003
Low income,,2023,
Low income,,2022,
Low income,,2021,35.1821646573129
Low income,,2020,
Low income,,2019,
Low income,,2018,
Low income,,2017,31.9854273492037
Low income,,2016,
Low income,,2015,
Low income,,2014,19.0874361736502
Low income,,2013,
Low income,,2012,
Low income,,2011,10.4091017409979
Lower middle income,,2024,70.3871703678925
Lower middle income,,2023,
Lower middle income,,2022,
Lower middle income,,2021,62.1104484250905
Lower middle income,,2020,
Lower middle income,,2019,
Lower middle income,,2018,
Lower middle income,,2017,60.0091124284828
Lower middle income,,2016,
Lower middle income,,2015,
Lower middle income,,2014,43.6380018534943
Lower middle income,,2013,
Lower middle income,,2012,
Lower middle income,,2011,30.4539943360612
"Middle East, North Africa, Afghanistan & Pakistan",MEA,2024,
"Middle East, North Africa, Afghanistan & Pakistan",MEA,2023,
"Middle East, North Africa, Afghanistan & Pakistan",MEA,2022,
"Middle East, North Africa, Afghanistan & Pakistan",MEA,2021,52.84
"Middle East, North Africa, Afghanistan & Pakistan",MEA,2020,
"Middle East, North Africa, Afghanistan & Pakistan",MEA,2019,
"Middle East, North Africa, Afghanistan & Pakistan",MEA,2018,
"Middle East, North Africa, Afghanistan & Pakistan",MEA,2017,47.51
"Middle East, North Africa, Afghanistan & Pakistan",MEA,2016,
"Middle East, North Africa, Afghanistan & Pakistan",MEA,2015,
"Middle East, North Africa, Afghanistan & Pakistan",MEA,2014,
"Middle East, North Africa, Afghanistan & Pakistan",MEA,2013,
"Middle East, North Africa, Afghanistan & Pakistan",MEA,2012,
"Middle East, North Africa, Afghanistan & Pakistan",MEA,2011,37.76
"Middle East, North Africa, Afghanistan & Pakistan (excluding high income)",MNA,2024,52.9089186737193
"Middle East, North Africa, Afghanistan & Pakistan (excluding high income)",MNA,2023,
"Middle East, North Africa, Afghanistan & Pakistan (excluding high income)",MNA,2022,
"Middle East, North Africa, Afghanistan & Pakistan (excluding high income)",MNA,2021,45.4130526821589
"Middle East, North Africa, Afghanistan & Pakistan (excluding high income)",MNA,2020,
"Middle East, North Africa, Afghanistan & Pakistan (excluding high income)",MNA,2019,
"Middle East, North Africa, Afghanistan & Pakistan (excluding high income)",MNA,2018,
"Middle East, North Africa, Afghanistan & Pakistan (excluding high income)",MNA,2017,53.0428079952245
"Middle East, North Africa, Afghanistan & Pakistan (excluding high income)",MNA,2016,
"Middle East, North Africa, Afghanistan & Pakistan (excluding high income)",MNA,2015,
"Middle East, North Africa, Afghanistan & Pakistan (excluding high income)",MNA,2014,42.4508790856162
"Middle East, North Africa, Afghanistan & Pakistan (excluding high income)",MNA,2013,
"Middle East, North Africa, Afghanistan & Pakistan (excluding high income)",MNA,2012,
"Middle East, North Africa, Afghanistan & Pakistan (excluding high income)",MNA,2011,32.9556699526601
"Middle East, North Africa, Afghanistan & Pakistan (IDA & IBRD)",TMN,2024,
"Middle East, North Africa, Afghanistan & Pakistan (IDA & IBRD)",TMN,2023,
"Middle East, North Africa, Afghanistan & Pakistan (IDA & IBRD)",TMN,2022,
"Middle East, North Africa, Afghanistan & Pakistan (IDA & IBRD)",TMN,2021,
"Middle East, North Africa, Afghanistan & Pakistan (IDA & IBRD)",TMN,2020,
"Middle East, North Africa, Afghanistan & Pakistan (IDA & IBRD)",TMN,2019,
"Middle East, North Africa, Afghanistan & Pakistan (IDA & IBRD)",TMN,2018,
"Middle East, North Africa, Afghanistan & Pakistan (IDA & IBRD)",TMN,2017,
"Middle East, North Africa, Afghanistan & Pakistan (IDA & IBRD)",TMN,2016,
"Middle East, North Africa, Afghanistan & Pakistan (IDA & IBRD)",TMN,2015,
"Middle East, North Africa, Afghanistan & Pakistan (IDA & IBRD)",TMN,2014,
"Middle East, North Africa, Afghanistan & Pakistan (IDA & IBRD)",TMN,2013,
"Middle East, North Africa, Afghanistan & Pakistan (IDA & IBRD)",TMN,2012,
"Middle East, North Africa, Afghanistan & Pakistan (IDA & IBRD)",TMN,2011,
Middle income,MIC,2024,
Middle income,MIC,2023,
Middle income,MIC,2022,
Middle income,MIC,2021,72.37
Middle income,MIC,2020,
Middle income,MIC,2019,
Middle income,MIC,2018,
Middle income,MIC,2017,64.86
Middle income,MIC,2016,
Middle income,MIC,2015,
Middle income,MIC,2014,57.26
Middle income,MIC,2013,
Middle income,MIC,2012,
Middle income,MIC,2011,43.33
North America,NAC,2024,
North America,NAC,2023,
North America,NAC,2022,
North America,NAC,2021,95.45
North America,NAC,2020,
North America,NAC,2019,
North America,NAC,2018,
North America,NAC,2017,93.81
North America,NAC,2016,
North America,NAC,2015,
North America,NAC,2014,94.16
North America,NAC,2013,
North America,NAC,2012,
North America,NAC,2011,88.77
Not classified,,2024,
Not classified,,2023,
Not classified,,2022,
Not classified,,2021,
Not classified,,2020,
Not classified,,2019,
Not classified,,2018,
Not classified,,2017,
Not classified,,2016,
Not classified,,2015,
Not classified,,2014,
Not classified,,2013,
Not classified,,2012,
Not classified,,2011,
OECD members,OED,2024,
OECD members,OED,2023,
OECD members,OED,2022,
OECD members,OED,2021,97.19
OECD members,OED,2020,
OECD members,OED,2019,
OECD members,OED,2018,
OECD members,OED,2017,94.46
OECD members,OED,2016,
OECD members,OED,2015,
OECD members,OED,2014,93.76
OECD members,OED,2013,
OECD members,OED,2012,
OECD members,OED,2011,89.76
Other small states,OSS,2024,
Other small states,OSS,2023,
Other small states,OSS,2022,
Other small states,OSS,2021,
Other small states,OSS,2020,
Other small states,OSS,2019,
Other small states,OSS,2018,
Other small states,OSS,2017,
Other small states,OSS,2016,
Other small states,OSS,2015,
Other small states,OSS,2014,
Other small states,OSS,2013,
Other small states,OSS,2012,
Other small states,OSS,2011,
Pacific island small states,PSS,2024,
Pacific island small states,PSS,2023,
Pacific island small states,PSS,2022,
Pacific island small states,PSS,2021,
Pacific island small states,PSS,2020,
Pacific island small states,PSS,2019,
Pacific island small states,PSS,2018,
Pacific island small states,PSS,2017,
Pacific island small states,PSS,2016,
Pacific island small states,PSS,2015,
Pacific island small states,PSS,2014,
Pacific island small states,PSS,2013,
Pacific island small states,PSS,2012,
Pacific island small states,PSS,2011,
Post-demographic dividend,PST,2024,
Post-demographic dividend,PST,2023,
Post-demographic dividend,PST,2022,
Post-demographic dividend,PST,2021,
Post-demographic dividend,PST,2020,
Post-demographic dividend,PST,2019,
Post-demographic dividend,PST,2018,
Post-demographic dividend,PST,2017,
Post-demographic dividend,PST,2016,
Post-demographic dividend,PST,2015,
Post-demographic dividend,PST,2014,
Post-demographic dividend,PST,2013,
Post-demographic dividend,PST,2012,
Post-demographic dividend,PST,2011,
Pre-demographic dividend,PRE,2024,
Pre-demographic dividend,PRE,2023,
Pre-demographic dividend,PRE,2022,
Pre-demographic dividend,PRE,2021,
Pre-demographic dividend,PRE,2020,
Pre-demographic dividend,PRE,2019,
Pre-demographic dividend,PRE,2018,
Pre-demographic dividend,PRE,2017,
Pre-demographic dividend,PRE,2016,
Pre-demographic dividend,PRE,2015,
Pre-demographic dividend,PRE,2014,
Pre-demographic dividend,PRE,2013,
Pre-demographic dividend,PRE,2012,
Pre-demographic dividend,PRE,2011,
Small states,SST,2024,
Small states,SST,2023,
Small states,SST,2022,
Small states,SST,2021,
Small states,SST,2020,
Small states,SST,2019,
Small states,SST,2018,
Small states,SST,2017,
Small states,SST,2016,
Small states,SST,2015,
Small states,SST,2014,
Small states,SST,2013,
Small states,SST,2012,
Small states,SST,2011,
South Asia,SAS,2024,77.5683155337322
South Asia,SAS,2023,
South Asia,SAS,2022,
South Asia,SAS,2021,67.9950355966217
South Asia,SAS,2020,
South Asia,SAS,2019,
South Asia,SAS,2018,
South Asia,SAS,2017,69.413728335049
South Asia,SAS,2016,
South Asia,SAS,2015,
South Asia,SAS,2014,46.3215250367167
South Asia,SAS,2013,
South Asia,SAS,2012,
South Asia,SAS,2011,32.2031915387588
South Asia (IDA & IBRD),TSA,2024,
South Asia (IDA & IBRD),TSA,2023,
South Asia (IDA & IBRD),TSA,2022,
South Asia (IDA & IBRD),TSA,2021,
South Asia (IDA & IBRD),TSA,2020,
South Asia (IDA & IBRD),TSA,2019,
South Asia (IDA & IBRD),TSA,2018,
South Asia (IDA & IBRD),TSA,2017,
South Asia (IDA & IBRD),TSA,2016,
South Asia (IDA & IBRD),TSA,2015,
South Asia (IDA & IBRD),TSA,2014,
South Asia (IDA & IBRD),TSA,2013,
South Asia (IDA & IBRD),TSA,2012,
South Asia (IDA & IBRD),TSA,2011,
Sub-Saharan Africa,SSF,2024,
Sub-Saharan Africa,SSF,2023,
Sub-Saharan Africa,SSF,2022,
Sub-Saharan Africa,SSF,2021,55.07
Sub-Saharan Africa,SSF,2020,
Sub-Saharan Africa,SSF,2019,
Sub-Saharan Africa,SSF,2018,
Sub-Saharan Africa,SSF,2017,42.63
Sub-Saharan Africa,SSF,2016,
Sub-Saharan Africa,SSF,2015,
Sub-Saharan Africa,SSF,2014,34.27
Sub-Saharan Africa,SSF,2013,
Sub-Saharan Africa,SSF,2012,
Sub-Saharan Africa,SSF,2011,23.33
Sub-Saharan Africa (excluding high income),SSA,2024,58.1823874986208
Sub-Saharan Africa (excluding high income),SSA,2023,
Sub-Saharan Africa (excluding high income),SSA,2022,
Sub-Saharan Africa (excluding high income),SSA,2021,49.2735586045007
Sub-Saharan Africa (excluding high income),SSA,2020,
Sub-Saharan Africa (excluding high income),SSA,2019,
Sub-Saharan Africa (excluding high income),SSA,2018,
Sub-Saharan Africa (excluding high income),SSA,2017,42.458314698932
Sub-Saharan Africa (excluding high income),SSA,2016,
Sub-Saharan Africa (excluding high income),SSA,2015,
Sub-Saharan Africa (excluding high income),SSA,2014,34.1808758544075
Sub-Saharan Africa (excluding high income),SSA,2013,
Sub-Saharan Africa (excluding high income),SSA,2012,
Sub-Saharan Africa (excluding high income),SSA,2011,23.3105681619841
Sub-Saharan Africa (IDA & IBRD countries),TSS,2024,
Sub-Saharan Africa (IDA & IBRD countries),TSS,2023,
Sub-Saharan Africa (IDA & IBRD countries),TSS,2022,
Sub-Saharan Africa (IDA & IBRD countries),TSS,2021,
Sub-Saharan Africa (IDA & IBRD countries),TSS,2020,
Sub-Saharan Africa (IDA & IBRD countries),TSS,2019,
Sub-Saharan Africa (IDA & IBRD countries),TSS,2018,
Sub-Saharan Africa (IDA & IBRD countries),TSS,2017,
Sub-Saharan Africa (IDA & IBRD countries),TSS,2016,
Sub-Saharan Africa (IDA & IBRD countries),TSS,2015,
Sub-Saharan Africa (IDA & IBRD countries),TSS,2014,
Sub-Saharan Africa (IDA & IBRD countries),TSS,2013,
Sub-Saharan Africa (IDA & IBRD countries),TSS,2012,
Sub-Saharan Africa (IDA & IBRD countries),TSS,2011,
Upper middle income,,2024,84.0421009201321
Upper middle income,,2023,
Upper middle income,,2022,
Upper middle income,,2021,82.5561463801394
Upper middle income,,2020,
Upper middle income,,2019,
Upper middle income,,2018,
Upper middle income,,2017,72.5660084153701
Upper middle income,,2016,
Upper middle income,,2015,
Upper middle income,,2014,70.9032055230465
Upper middle income,,2013,
Upper middle income,,2012,
Upper middle income,,2011,56.648997120795
World,WLD,2024,78.7424041479406
World,WLD,2023,
World,WLD,2022,
World,WLD,2021,73.8299210455306
World,WLD,2020,
World,WLD,2019,
World,WLD,2018,
World,WLD,2017,69.3221452759169
World,WLD,2016,
World,WLD,2015,
World,WLD,2014,61.6740154472993
World,WLD,2013,
World,WLD,2012,
World,WLD,2011,50.6106440304562
Afghanistan,AFG,2024,
Afghanistan,AFG,2023,
Afghanistan,AFG,2022,
Afghanistan,AFG,2021,9.65382184434304
Afghanistan,AFG,2020,
Afghanistan,AFG,2019,
Afghanistan,AFG,2018,
Afghanistan,AFG,2017,14.8933122000757
Afghanistan,AFG,2016,
Afghanistan,AFG,2015,
Afghanistan,AFG,2014,9.96100118859884
Afghanistan,AFG,2013,
Afghanistan,AFG,2012,
Afghanistan,AFG,2011,9.00501207340641
Albania,ALB,2024,46.069250627042
Albania,ALB,2023,
Albania,ALB,2022,
Albania,ALB,2021,44.1741742874165
Albania,ALB,2020,
Albania,ALB,2019,
Albania,ALB,2018,
Albania,ALB,2017,40.0151702048926
Albania,ALB,2016,
Albania,ALB,2015,
Albania,ALB,2014,37.9863523485894
Albania,ALB,2013,
Albania,ALB,2012,
Albania,ALB,2011,28.2681244109764
Algeria,DZA,2024,35.2901069097173
Algeria,DZA,2023,
Algeria,DZA,2022,
Algeria,DZA,2021,44.0970221449773
Algeria,DZA,2020,
Algeria,DZA,2019,
Algeria,DZA,2018,
Algeria,DZA,2017,42.7766256472914
Algeria,DZA,2016,
Algeria,DZA,2015,
Algeria,DZA,2014,50.4757907242262
Algeria,DZA,2013,
Algeria,DZA,2012,
Algeria,DZA,2011,33.2861125283373
American Samoa,ASM,2024,
American Samoa,ASM,2023,
American Samoa,ASM,2022,
American Samoa,ASM,2021,
American Samoa,ASM,2020,
American Samoa,ASM,2019,
American Samoa,ASM,2018,
American Samoa,ASM,2017,
American Samoa,ASM,2016,
American Samoa,ASM,2015,
American Samoa,ASM,2014,
American Samoa,ASM,2013,
American Samoa,ASM,2012,
American Samoa,ASM,2011,
Andorra,AND,2024,
Andorra,AND,2023,
Andorra,AND,2022,
Andorra,AND,2021,
Andorra,AND,2020,
Andorra,AND,2019,
Andorra,AND,2018,
Andorra,AND,2017,
Andorra,AND,2016,
Andorra,AND,2015,
Andorra,AND,2014,
Andorra,AND,2013,
Andorra,AND,2012,
Andorra,AND,2011,
Angola,AGO,2024,
Angola,AGO,2023,
Angola,AGO,2022,
Angola,AGO,2021,
Angola,AGO,2020,
Angola,AGO,2019,
Angola,AGO,2018,
Angola,AGO,2017,
Angola,AGO,2016,
Angola,AGO,2015,
Angola,AGO,2014,29.3181213047365
Angola,AGO,2013,
Angola,AGO,2012,
Angola,AGO,2011,39.2035423430619
Antigua and Barbuda,ATG,2024,
Antigua and Barbuda,ATG,2023,
Antigua and Barbuda,ATG,2022,
Antigua and Barbuda,ATG,2021,
Antigua and Barbuda,ATG,2020,
Antigua and Barbuda,ATG,2019,
Antigua and Barbuda,ATG,2018,
Antigua and Barbuda,ATG,2017,
Antigua and Barbuda,ATG,2016,
Antigua and Barbuda,ATG,2015,
Antigua and Barbuda,ATG,2014,
Antigua and Barbuda,ATG,2013,
Antigua and Barbuda,ATG,2012,
Antigua and Barbuda,ATG,2011,
Argentina,ARG,2024,81.7442446865007
Argentina,ARG,2023,
Argentina,ARG,2022,
Argentina,ARG,2021,71.6270859300586
Argentina,ARG,2020,
Argentina,ARG,2019,
Argentina,ARG,2018,
Argentina,ARG,2017,48.7084867377005
Argentina,ARG,2016,
Argentina,ARG,2015,
Argentina,ARG,2014,50.1972944916064
Argentina,ARG,2013,
Argentina,ARG,2012,
Argentina,ARG,2011,33.1302169855518
Armenia,ARM,2024,71.3734734683257
Armenia,ARM,2023,
Armenia,ARM,2022,
Armenia,ARM,2021,55.3477332562389
Armenia,ARM,2020,
Armenia,ARM,2019,
Armenia,ARM,2018,
Armenia,ARM,2017,47.7590178255505
Armenia,ARM,2016,
Armenia,ARM,2015,
Armenia,ARM,2014,17.6690646898034
Armenia,ARM,2013,
Armenia,ARM,2012,
Armenia,ARM,2011,17.4868727402134
Aruba,ABW,2024,
Aruba,ABW,2023,
Aruba,ABW,2022,
Aruba,ABW,2021,
Aruba,ABW,2020,
Aruba,ABW,2019,
Aruba,ABW,2018,
Aruba,ABW,2017,
Aruba,ABW,2016,
Aruba,ABW,2015,
Aruba,ABW,2014,
Aruba,ABW,2013,
Aruba,ABW,2012,
Aruba,ABW,2011,
Australia,AUS,2024,98.0103778290099
Australia,AUS,2023,
Australia,AUS,2022,
Australia,AUS,2021,99.323149822978
Australia,AUS,2020,
Australia,AUS,2019,
Australia,AUS,2018,
Australia,AUS,2017,99.5193731088495
Australia,AUS,2016,
Australia,AUS,2015,
Australia,AUS,2014,98.8595663603042
Australia,AUS,2013,
Australia,AUS,2012,
Australia,AUS,2011,99.0648467076788
Austria,AUT,2024,99.5084974640411
Austria,AUT,2023,
Austria,AUT,2022,
Austria,AUT,2021,99.9507174861928
Austria,AUT,2020,
Austria,AUT,2019,
Austria,AUT,2018,
Austria,AUT,2017,98.1636642688047
Austria,AUT,2016,
Austria,AUT,2015,
Austria,AUT,2014,96.7340575707929
Austria,AUT,2013,
Austria,AUT,2012,
Austria,AUT,2011,97.0817387939481
Azerbaijan,AZE,2024,56.3046655573957
Azerbaijan,AZE,2023,
Azerbaijan,AZE,2022,46.2586542278959
Azerbaijan,AZE,2021,
Azerbaijan,AZE,2020,
Azerbaijan,AZE,2019,
Azerbaijan,AZE,2018,
Azerbaijan,AZE,2017,28.5712045327385
Azerbaijan,AZE,2016,
Azerbaijan,AZE,2015,
Azerbaijan,AZE,2014,29.1514931157209
Azerbaijan,AZE,2013,
Azerbaijan,AZE,2012,
Azerbaijan,AZE,2011,14.9008503578404
"Bahamas, The",BHS,2024,
"Bahamas, The",BHS,2023,
"Bahamas, The",BHS,2022,
"Bahamas, The",BHS,2021,
"Bahamas, The",BHS,2020,
"Bahamas, The",BHS,2019,
"Bahamas, The",BHS,2018,
"Bahamas, The",BHS,2017,
"Bahamas, The",BHS,2016,
"Bahamas, The",BHS,2015,
"Bahamas, The",BHS,2014,
"Bahamas, The",BHS,2013,
"Bahamas, The",BHS,2012,
"Bahamas, The",BHS,2011,
Bahrain,BHR,2024,82.3220521049445
Bahrain,BHR,2023,
Bahrain,BHR,2022,
Bahrain,BHR,2021,
Bahrain,BHR,2020,
Bahrain,BHR,2019,
Bahrain,BHR,2018,
Bahrain,BHR,2017,82.6128501969395
Bahrain,BHR,2016,
Bahrain,BHR,2015,
Bahrain,BHR,2014,81.9393438680275
Bahrain,BHR,2013,
Bahrain,BHR,2012,
Bahrain,BHR,2011,64.5145712448929
Bangladesh,BGD,2024,43.2839733431322
Bangladesh,BGD,2023,
Bangladesh,BGD,2022,
Bangladesh,BGD,2021,52.8060649194004
Bangladesh,BGD,2020,
Bangladesh,BGD,2019,
Bangladesh,BGD,2018,
Bangladesh,BGD,2017,50.0469129996798
Bangladesh,BGD,2016,
Bangladesh,BGD,2015,
Bangladesh,BGD,2014,30.9908189209299
Bangladesh,BGD,2013,
Bangladesh,BGD,2012,
Bangladesh,BGD,2011,31.7436490922018
Barbados,BRB,2024,
Barbados,BRB,2023,
Barbados,BRB,2022,
Barbados,BRB,2021,
Barbados,BRB,2020,
Barbados,BRB,2019,
Barbados,BRB,2018,
Barbados,BRB,2017,
Barbados,BRB,2016,
Barbados,BRB,2015,
Barbados,BRB,2014,
Barbados,BRB,2013,
Barbados,BRB,2012,
Barbados,BRB,2011,
Belarus,BLR,2024,
Belarus,BLR,2023,
Belarus,BLR,2022,
Belarus,BLR,2021,
Belarus,BLR,2020,
Belarus,BLR,2019,
Belarus,BLR,2018,
Belarus,BLR,2017,81.1558850462713
Belarus,BLR,2016,
Belarus,BLR,2015,
Belarus,BLR,2014,71.9849861466564
Belarus,BLR,2013,
Belarus,BLR,2012,
Belarus,BLR,2011,58.6019794713688
Belgium,BEL,2024,98.2369093220798
Belgium,BEL,2023,
Belgium,BEL,2022,
Belgium,BEL,2021,99.0056968401204
Belgium,BEL,2020,
Belgium,BEL,2019,
Belgium,BEL,2018,
Belgium,BEL,2017,98.6383226021727
Belgium,BEL,2016,
Belgium,BEL,2015,
Belgium,BEL,2014,98.1257531332028
Belgium,BEL,2013,
Belgium,BEL,2012,
Belgium,BEL,2011,96.3061274021685
Belize,BLZ,2024,67.9682001512007
Belize,BLZ,2023,
Belize,BLZ,2022,
Belize,BLZ,2021,
Belize,BLZ,2020,
Belize,BLZ,2019,
Belize,BLZ,2018,
Belize,BLZ,2017,
Belize,BLZ,2016,
Belize,BLZ,2015,
Belize,BLZ,2014,48.2092497445127
Belize,BLZ,2013,
Belize,BLZ,2012,
Belize,BLZ,2011,
Benin,BEN,2024,51.8432060403598
Benin,BEN,2023,
Benin,BEN,2022,
Benin,BEN,2021,48.605530136871
Benin,BEN,2020,
Benin,BEN,2019,
Benin,BEN,2018,
Benin,BEN,2017,38.4892214232651
Benin,BEN,2016,
Benin,BEN,2015,
Benin,BEN,2014,16.6208334560554
Benin,BEN,2013,
Benin,BEN,2012,
Benin,BEN,2011,10.4639370332736
Bermuda,BMU,2024,
Bermuda,BMU,2023,
Bermuda,BMU,2022,
Bermuda,BMU,2021,
Bermuda,BMU,2020,
Bermuda,BMU,2019,
Bermuda,BMU,2018,
Bermuda,BMU,2017,
Bermuda,BMU,2016,
Bermuda,BMU,2015,
Bermuda,BMU,2014,
Bermuda,BMU,2013,
Bermuda,BMU,2012,
Bermuda,BMU,2011,
Bhutan,BTN,2024,
Bhutan,BTN,2023,
Bhutan,BTN,2022,
Bhutan,BTN,2021,
Bhutan,BTN,2020,
Bhutan,BTN,2019,
Bhutan,BTN,2018,
Bhutan,BTN,2017,
Bhutan,BTN,2016,
Bhutan,BTN,2015,
Bhutan,BTN,2014,33.6659130127617
Bhutan,BTN,2013,
Bhutan,BTN,2012,
Bhutan,BTN,2011,
Bolivia,BOL,2024,56.849052664469
Bolivia,BOL,2023,
Bolivia,BOL,2022,
Bolivia,BOL,2021,68.8854460185439
Bolivia,BOL,2020,
Bolivia,BOL,2019,
Bolivia,BOL,2018,
Bolivia,BOL,2017,54.4050564930785
Bolivia,BOL,2016,
Bolivia,BOL,2015,
Bolivia,BOL,2014,41.7967196011208
Bolivia,BOL,2013,
Bolivia,BOL,2012,
Bolivia,BOL,2011,28.0291327715447
Bosnia and Herzegovina,BIH,2024,77.4588922946912
Bosnia and Herzegovina,BIH,2023,
Bosnia and Herzegovina,BIH,2022,
Bosnia and Herzegovina,BIH,2021,79.3378937380757
Bosnia and Herzegovina,BIH,2020,
Bosnia and Herzegovina,BIH,2019,
Bosnia and Herzegovina,BIH,2018,
Bosnia and Herzegovina,BIH,2017,58.8434986936505
Bosnia and Herzegovina,BIH,2016,
Bosnia and Herzegovina,BIH,2015,
Bosnia and Herzegovina,BIH,2014,52.6850299266641
Bosnia and Herzegovina,BIH,2013,
Bosnia and Herzegovina,BIH,2012,
Bosnia and Herzegovina,BIH,2011,56.211608335604
Botswana,BWA,2024,61.4384690565565
Botswana,BWA,2023,
Botswana,BWA,2022,58.7631963352309
Botswana,BWA,2021,
Botswana,BWA,2020,
Botswana,BWA,2019,
Botswana,BWA,2018,
Botswana,BWA,2017,51.0324508104973
Botswana,BWA,2016,
Botswana,BWA,2015,
Botswana,BWA,2014,51.9645703035045
Botswana,BWA,2013,
Botswana,BWA,2012,
Botswana,BWA,2011,30.2600142850791
Brazil,BRA,2024,86.3811782311541
Brazil,BRA,2023,
Brazil,BRA,2022,
Brazil,BRA,2021,84.0357458977852
Brazil,BRA,2020,
Brazil,BRA,2019,
Brazil,BRA,2018,
Brazil,BRA,2017,70.0439481477435
Brazil,BRA,2016,
Brazil,BRA,2015,
Brazil,BRA,2014,68.123158518616
Brazil,BRA,2013,
Brazil,BRA,2012,
Brazil,BRA,2011,55.860384771673
British Virgin Islands,VGB,2024,
British Virgin Islands,VGB,2023,
British Virgin Islands,VGB,2022,
British Virgin Islands,VGB,2021,
British Virgin Islands,VGB,2020,
British Virgin Islands,VGB,2019,
British Virgin Islands,VGB,2018,
British Virgin Islands,VGB,2017,
British Virgin Islands,VGB,2016,
British Virgin Islands,VGB,2015,
British Virgin Islands,VGB,2014,
British Virgin Islands,VGB,2013,
British Virgin Islands,VGB,2012,
British Virgin Islands,VGB,2011,
Brunei Darussalam,BRN,2024,
Brunei Darussalam,BRN,2023,
Brunei Darussalam,BRN,2022,
Brunei Darussalam,BRN,2021,
Brunei Darussalam,BRN,2020,
Brunei Darussalam,BRN,2019,
Brunei Darussalam,BRN,2018,
Brunei Darussalam,BRN,2017,
Brunei Darussalam,BRN,2016,
Brunei Darussalam,BRN,2015,
Brunei Darussalam,BRN,2014,
Brunei Darussalam,BRN,2013,
Brunei Darussalam,BRN,2012,
Brunei Darussalam,BRN,2011,
Bulgaria,BGR,2024,84.7243949771558
Bulgaria,BGR,2023,
Bulgaria,BGR,2022,
Bulgaria,BGR,2021,83.9665205056197
Bulgaria,BGR,2020,
Bulgaria,BGR,2019,
Bulgaria,BGR,2018,
Bulgaria,BGR,2017,72.2040293669719
Bulgaria,BGR,2016,
Bulgaria,BGR,2015,
Bulgaria,BGR,2014,62.9868277446347
Bulgaria,BGR,2013,
Bulgaria,BGR,2012,
Bulgaria,BGR,2011,52.8249019127393
Burkina Faso,BFA,2024,51.4274911911242
Burkina Faso,BFA,2023,
Burkina Faso,BFA,2022,
Burkina Faso,BFA,2021,36.1085342551293
Burkina Faso,BFA,2020,
Burkina Faso,BFA,2019,
Burkina Faso,BFA,2018,
Burkina Faso,BFA,2017,43.1599923287733
Burkina Faso,BFA,2016,
Burkina Faso,BFA,2015,
Burkina Faso,BFA,2014,14.3575961084795
Burkina Faso,BFA,2013,
Burkina Faso,BFA,2012,
Burkina Faso,BFA,2011,13.3530920184137
Burundi,BDI,2024,
Burundi,BDI,2023,
Burundi,BDI,2022,
Burundi,BDI,2021,
Burundi,BDI,2020,
Burundi,BDI,2019,
Burundi,BDI,2018,
Burundi,BDI,2017,
Burundi,BDI,2016,
Burundi,BDI,2015,
Burundi,BDI,2014,7.10575863294663
Burundi,BDI,2013,
Burundi,BDI,2012,
Burundi,BDI,2011,7.23798460936825
Cabo Verde,CPV,2024,
Cabo Verde,CPV,2023,
Cabo Verde,CPV,2022,
Cabo Verde,CPV,2021,
Cabo Verde,CPV,2020,
Cabo Verde,CPV,2019,
Cabo Verde,CPV,2018,
Cabo Verde,CPV,2017,
Cabo Verde,CPV,2016,
Cabo Verde,CPV,2015,
Cabo Verde,CPV,2014,
Cabo Verde,CPV,2013,
Cabo Verde,CPV,2012,
Cabo Verde,CPV,2011,
Cambodia,KHM,2024,39.0314428535
Cambodia,KHM,2023,
Cambodia,KHM,2022,
Cambodia,KHM,2021,33.3949915672468
Cambodia,KHM,2020,
Cambodia,KHM,2019,
Cambodia,KHM,2018,
Cambodia,KHM,2017,21.6717841167542
Cambodia,KHM,2016,
Cambodia,KHM,2015,
Cambodia,KHM,2014,22.1652657655108
Cambodia,KHM,2013,
Cambodia,KHM,2012,
Cambodia,KHM,2011,3.65971165444537
Cameroon,CMR,2024,60.8737908565624
Cameroon,CMR,2023,
Cameroon,CMR,2022,
Cameroon,CMR,2021,51.6548130092196
Cameroon,CMR,2020,
Cameroon,CMR,2019,
Cameroon,CMR,2018,
Cameroon,CMR,2017,34.5907908564962
Cameroon,CMR,2016,
Cameroon,CMR,2015,
Cameroon,CMR,2014,12.1777346523732
Cameroon,CMR,2013,
Cameroon,CMR,2012,
Cameroon,CMR,2011,14.8096124143559
Canada,CAN,2024,98.4047126063262
Canada,CAN,2023,
Canada,CAN,2022,
Canada,CAN,2021,99.6346150066946
Canada,CAN,2020,
Canada,CAN,2019,
Canada,CAN,2018,
Canada,CAN,2017,99.7268801898825
Canada,CAN,2016,
Canada,CAN,2015,
Canada,CAN,2014,99.1033280339593
Canada,CAN,2013,
Canada,CAN,2012,
Canada,CAN,2011,95.8046424525372
Cayman Islands,CYM,2024,
Cayman Islands,CYM,2023,
Cayman Islands,CYM,2022,
Cayman Islands,CYM,2021,
Cayman Islands,CYM,2020,
Cayman Islands,CYM,2019,
Cayman Islands,CYM,2018,
Cayman Islands,CYM,2017,
Cayman Islands,CYM,2016,
Cayman Islands,CYM,2015,
Cayman Islands,CYM,2014,
Cayman Islands,CYM,2013,
Cayman Islands,CYM,2012,
Cayman Islands,CYM,2011,
Central African Republic,CAF,2024,
Central African Republic,CAF,2023,
Central African Republic,CAF,2022,
Central African Republic,CAF,2021,
Central African Republic,CAF,2020,
Central African Republic,CAF,2019,
Central African Republic,CAF,2018,
Central African Republic,CAF,2017,13.745946426537
Central African Republic,CAF,2016,
Central African Republic,CAF,2015,
Central African Republic,CAF,2014,
Central African Republic,CAF,2013,
Central African Republic,CAF,2012,
Central African Republic,CAF,2011,3.30080913421627
Chad,TCD,2024,20.8983599359361
Chad,TCD,2023,
Chad,TCD,2022,23.6513333879631
Chad,TCD,2021,
Chad,TCD,2020,
Chad,TCD,2019,
Chad,TCD,2018,
Chad,TCD,2017,21.7591926547872
Chad,TCD,2016,
Chad,TCD,2015,
Chad,TCD,2014,12.4333450664986
Chad,TCD,2013,
Chad,TCD,2012,
Chad,TCD,2011,8.95974560162476
Channel Islands,CHI,2024,
Channel Islands,CHI,2023,
Channel Islands,CHI,2022,
Channel Islands,CHI,2021,
Channel Islands,CHI,2020,
Channel Islands,CHI,2019,
Channel Islands,CHI,2018,
Channel Islands,CHI,2017,
Channel Islands,CHI,2016,
Channel Islands,CHI,2015,
Channel Islands,CHI,2014,
Channel Islands,CHI,2013,
Channel Islands,CHI,2012,
Channel Islands,CHI,2011,
Chile,CHL,2024,85.0691778196127
Chile,CHL,2023,
Chile,CHL,2022,
Chile,CHL,2021,87.0620678198245
Chile,CHL,2020,
Chile,CHL,2019,
Chile,CHL,2018,
Chile,CHL,2017,74.3492431619623
Chile,CHL,2016,
Chile,CHL,2015,
Chile,CHL,2014,63.2588778095792
Chile,CHL,2013,
Chile,CHL,2012,
Chile,CHL,2011,42.1792854983892
China,CHN,2024,89.3830319754266
China,CHN,2023,
China,CHN,2022,
China,CHN,2021,88.7090216844445
China,CHN,2020,
China,CHN,2019,
China,CHN,2018,
China,CHN,2017,79.5313410701405
China,CHN,2016,
China,CHN,2015,
China,CHN,2014,78.9652608494559
China,CHN,2013,
China,CHN,2012,
China,CHN,2011,63.8173128563221
Colombia,COL,2024,57.0594856281374
Colombia,COL,2023,
Colombia,COL,2022,
Colombia,COL,2021,59.7159078921527
Colombia,COL,2020,
Colombia,COL,2019,
Colombia,COL,2018,
Colombia,COL,2017,45.7592285252884
Colombia,COL,2016,
Colombia,COL,2015,
Colombia,COL,2014,38.9990168273556
Colombia,COL,2013,
Colombia,COL,2012,
Colombia,COL,2011,30.4278010167618
Comoros,COM,2024,45.4593974142566
Comoros,COM,2023,
Comoros,COM,2022,34.2501735467595
Comoros,COM,2021,
Comoros,COM,2020,
Comoros,COM,2019,
Comoros,COM,2018,
Comoros,COM,2017,
Comoros,COM,2016,
Comoros,COM,2015,
Comoros,COM,2014,
Comoros,COM,2013,
Comoros,COM,2012,
Comoros,COM,2011,21.6946740447008
"Congo, Dem. Rep.",COD,2024,39.2140115142227
"Congo, Dem. Rep.",COD,2023,
"Congo, Dem. Rep.",COD,2022,27.4411307638978
"Congo, Dem. Rep.",COD,2021,
"Congo, Dem. Rep.",COD,2020,
"Congo, Dem. Rep.",COD,2019,
"Congo, Dem. Rep.",COD,2018,
"Congo, Dem. Rep.",COD,2017,25.8256750266961
"Congo, Dem. Rep.",COD,2016,
"Congo, Dem. Rep.",COD,2015,
"Congo, Dem. Rep.",COD,2014,17.4769843590534
"Congo, Dem. Rep.",COD,2013,
"Congo, Dem. Rep.",COD,2012,
"Congo, Dem. Rep.",COD,2011,3.6967262381342
"Congo, Rep.",COG,2024,55.5760387811851
"Congo, Rep.",COG,2023,
"Congo, Rep.",COG,2022,
"Congo, Rep.",COG,2021,47.1421557656699
"Congo, Rep.",COG,2020,
"Congo, Rep.",COG,2019,
"Congo, Rep.",COG,2018,
"Congo, Rep.",COG,2017,26.092748786452
"Congo, Rep.",COG,2016,
"Congo, Rep.",COG,2015,
"Congo, Rep.",COG,2014,17.0695977327512
"Congo, Rep.",COG,2013,
"Congo, Rep.",COG,2012,
"Congo, Rep.",COG,2011,10.0480565895901
Costa Rica,CRI,2024,71.3527070793642
Costa Rica,CRI,2023,
Costa Rica,CRI,2022,
Costa Rica,CRI,2021,68.4896897601052
Costa Rica,CRI,2020,
Costa Rica,CRI,2019,
Costa Rica,CRI,2018,
Costa Rica,CRI,2017,67.8383576314763
Costa Rica,CRI,2016,
Costa Rica,CRI,2015,
Costa Rica,CRI,2014,64.5530648301076
Costa Rica,CRI,2013,
Costa Rica,CRI,2012,
Costa Rica,CRI,2011,50.358727770345
Cote d'Ivoire,CIV,2024,57.5676269730853
Cote d'Ivoire,CIV,2023,
Cote d'Ivoire,CIV,2022,
Cote d'Ivoire,CIV,2021,50.7622911401206
Cote d'Ivoire,CIV,2020,
Cote d'Ivoire,CIV,2019,
Cote d'Ivoire,CIV,2018,
Cote d'Ivoire,CIV,2017,41.3309551965021
Cote d'Ivoire,CIV,2016,
Cote d'Ivoire,CIV,2015,
Cote d'Ivoire,CIV,2014,34.322022683895
Cote d'Ivoire,CIV,2013,
Cote d'Ivoire,CIV,2012,
Cote d'Ivoire,CIV,2011,
Croatia,HRV,2024,92.6404988027313
Croatia,HRV,2023,
Croatia,HRV,2022,
Croatia,HRV,2021,91.8041946650619
Croatia,HRV,2020,
Croatia,HRV,2019,
Croatia,HRV,2018,
Croatia,HRV,2017,86.1434539393647
Croatia,HRV,2016,
Croatia,HRV,2015,
Croatia,HRV,2014,86.0250963800271
Croatia,HRV,2013,
Croatia,HRV,2012,
Croatia,HRV,2011,88.3910202534742
Cuba,CUB,2024,
Cuba,CUB,2023,
Cuba,CUB,2022,
Cuba,CUB,2021,
Cuba,CUB,2020,
Cuba,CUB,2019,
Cuba,CUB,2018,
Cuba,CUB,2017,
Cuba,CUB,2016,
Cuba,CUB,2015,
Cuba,CUB,2014,
Cuba,CUB,2013,
Cuba,CUB,2012,
Cuba,CUB,2011,
Curacao,CUW,2024,
Curacao,CUW,2023,
Curacao,CUW,2022,
Curacao,CUW,2021,
Curacao,CUW,2020,
Curacao,CUW,2019,
Curacao,CUW,2018,
Curacao,CUW,2017,
Curacao,CUW,2016,
Curacao,CUW,2015,
Curacao,CUW,2014,
Curacao,CUW,2013,
Curacao,CUW,2012,
Curacao,CUW,2011,
Cyprus,CYP,2024,96.1259312935907
Cyprus,CYP,2023,
Cyprus,CYP,2022,
Cyprus,CYP,2021,93.1299045859698
Cyprus,CYP,2020,
Cyprus,CYP,2019,
Cyprus,CYP,2018,
Cyprus,CYP,2017,88.7157640743417
Cyprus,CYP,2016,
Cyprus,CYP,2015,
Cyprus,CYP,2014,90.1502021675435
Cyprus,CYP,2013,
Cyprus,CYP,2012,
Cyprus,CYP,2011,85.2376450858957
Czechia,CZE,2024,92.2832885462025
Czechia,CZE,2023,
Czechia,CZE,2022,
Czechia,CZE,2021,94.9367048560852
Czechia,CZE,2020,
Czechia,CZE,2019,
Czechia,CZE,2018,
Czechia,CZE,2017,80.9922659536282
Czechia,CZE,2016,
Czechia,CZE,2015,
Czechia,CZE,2014,82.1782079099581
Czechia,CZE,2013,
Czechia,CZE,2012,
Czechia,CZE,2011,80.6511950648924
Denmark,DNK,2024,98.6505141065248
Denmark,DNK,2023,
Denmark,DNK,2022,
Denmark,DNK,2021,100.0
Denmark,DNK,2020,
Denmark,DNK,2019,
Denmark,DNK,2018,
Denmark,DNK,2017,99.9173727065608
Denmark,DNK,2016,
Denmark,DNK,2015,
Denmark,DNK,2014,100.0
Denmark,DNK,2013,
Denmark,DNK,2012,
Denmark,DNK,2011,99.7367892497757
Djibouti,DJI,2024,
Djibouti,DJI,2023,
Djibouti,DJI,2022,
Djibouti,DJI,2021,
Djibouti,DJI,2020,
Djibouti,DJI,2019,
Djibouti,DJI,2018,
Djibouti,DJI,2017,
Djibouti,DJI,2016,
Djibouti,DJI,2015,
Djibouti,DJI,2014,
Djibouti,DJI,2013,
Djibouti,DJI,2012,
Djibouti,DJI,2011,12.2738820555453
Dominica,DMA,2024,
Dominica,DMA,2023,
Dominica,DMA,2022,
Dominica,DMA,2021,
Dominica,DMA,2020,
Dominica,DMA,2019,
Dominica,DMA,2018,
Dominica,DMA,2017,
Dominica,DMA,2016,
Dominica,DMA,2015,
Dominica,DMA,2014,
Dominica,DMA,2013,
Dominica,DMA,2012,
Dominica,DMA,2011,
Dominican Republic,DOM,2024,64.777963876998
Dominican Republic,DOM,2023,
Dominican Republic,DOM,2022,
Dominican Republic,DOM,2021,51.2980112720468
Dominican Republic,DOM,2020,
Dominican Republic,DOM,2019,
Dominican Republic,DOM,2018,
Dominican Republic,DOM,2017,56.2391910241951
Dominican Republic,DOM,2016,
Dominican Republic,DOM,2015,
Dominican Republic,DOM,2014,54.0909896215977
Dominican Republic,DOM,2013,
Dominican Republic,DOM,2012,
Dominican Republic,DOM,2011,38.2046711827488
Ecuador,ECU,2024,64.5052103870577
Ecuador,ECU,2023,
Ecuador,ECU,2022,
Ecuador,ECU,2021,64.1767160592829
Ecuador,ECU,2020,
Ecuador,ECU,2019,
Ecuador,ECU,2018,
Ecuador,ECU,2017,51.2460171775344
Ecuador,ECU,2016,
Ecuador,ECU,2015,
Ecuador,ECU,2014,46.2124251399842
Ecuador,ECU,2013,
Ecuador,ECU,2012,
Ecuador,ECU,2011,36.735500850728
"Egypt, Arab Rep.",EGY,2024,43.1134368034247
"Egypt, Arab Rep.",EGY,2023,
"Egypt, Arab Rep.",EGY,2022,
"Egypt, Arab Rep.",EGY,2021,27.4440057212001
"Egypt, Arab Rep.",EGY,2020,
"Egypt, Arab Rep.",EGY,2019,
"Egypt, Arab Rep.",EGY,2018,
"Egypt, Arab Rep.",EGY,2017,32.7843607129398
"Egypt, Arab Rep.",EGY,2016,
"Egypt, Arab Rep.",EGY,2015,
"Egypt, Arab Rep.",EGY,2014,14.1267970490146
"Egypt, Arab Rep.",EGY,2013,
"Egypt, Arab Rep.",EGY,2012,
"Egypt, Arab Rep.",EGY,2011,9.71998059496632
El Salvador,SLV,2024,43.4036648969414
El Salvador,SLV,2023,
El Salvador,SLV,2022,
El Salvador,SLV,2021,35.8453551303162
El Salvador,SLV,2020,
El Salvador,SLV,2019,
El Salvador,SLV,2018,
El Salvador,SLV,2017,30.3529470953301
El Salvador,SLV,2016,
El Salvador,SLV,2015,
El Salvador,SLV,2014,36.719711799553
El Salvador,SLV,2013,
El Salvador,SLV,2012,
El Salvador,SLV,2011,13.7646151544156
Equatorial Guinea,GNQ,2024,
Equatorial Guinea,GNQ,2023,
Equatorial Guinea,GNQ,2022,
Equatorial Guinea,GNQ,2021,
Equatorial Guinea,GNQ,2020,
Equatorial Guinea,GNQ,2019,
Equatorial Guinea,GNQ,2018,
Equatorial Guinea,GNQ,2017,
Equatorial Guinea,GNQ,2016,
Equatorial Guinea,GNQ,2015,
Equatorial Guinea,GNQ,2014,
Equatorial Guinea,GNQ,2013,
Equatorial Guinea,GNQ,2012,
Equatorial Guinea,GNQ,2011,
Eritrea,ERI,2024,
Eritrea,ERI,2023,
Eritrea,ERI,2022,
Eritrea,ERI,2021,
Eritrea,ERI,2020,
Eritrea,ERI,2019,
Eritrea,ERI,2018,
Eritrea,ERI,2017,
Eritrea,ERI,2016,
Eritrea,ERI,2015,
Eritrea,ERI,2014,
Eritrea,ERI,2013,
Eritrea,ERI,2012,
Eritrea,ERI,2011,
Estonia,EST,2024,98.9011091256392
Estonia,EST,2023,
Estonia,EST,2022,
Estonia,EST,2021,99.3765667926472
Estonia,EST,2020,
Estonia,EST,2019,
Estonia,EST,2018,
Estonia,EST,2017,97.9939712011666
Estonia,EST,2016,
Estonia,EST,2015,
Estonia,EST,2014,97.6716710079117
Estonia,EST,2013,
Estonia,EST,2012,
Estonia,EST,2011,96.8242760223261
Eswatini,SWZ,2024,65.1160267166079
Eswatini,SWZ,2023,
Eswatini,SWZ,2022,66.175800988905
Eswatini,SWZ,2021,
Eswatini,SWZ,2020,
Eswatini,SWZ,2019,
Eswatini,SWZ,2018,
Eswatini,SWZ,2017,
Eswatini,SWZ,2016,
Eswatini,SWZ,2015,
Eswatini,SWZ,2014,
Eswatini,SWZ,2013,
Eswatini,SWZ,2012,
Eswatini,SWZ,2011,28.5694412970381
Ethiopia,ETH,2024,48.8302767819942
Ethiopia,ETH,2023,
Ethiopia,ETH,2022,46.4800688214244
Ethiopia,ETH,2021,
Ethiopia,ETH,2020,
Ethiopia,ETH,2019,
Ethiopia,ETH,2018,
Ethiopia,ETH,2017,34.827569921105
Ethiopia,ETH,2016,
Ethiopia,ETH,2015,
Ethiopia,ETH,2014,21.7915817461286
Ethiopia,ETH,2013,
Ethiopia,ETH,2012,
Ethiopia,ETH,2011,
Faroe Islands,FRO,2024,
Faroe Islands,FRO,2023,
Faroe Islands,FRO,2022,
Faroe Islands,FRO,2021,
Faroe Islands,FRO,2020,
Faroe Islands,FRO,2019,
Faroe Islands,FRO,2018,
Faroe Islands,FRO,2017,
Faroe Islands,FRO,2016,
Faroe Islands,FRO,2015,
Faroe Islands,FRO,2014,
Faroe Islands,FRO,2013,
Faroe Islands,FRO,2012,
Faroe Islands,FRO,2011,
Fiji,FJI,2024,
Fiji,FJI,2023,
Fiji,FJI,2022,
Fiji,FJI,2021,
Fiji,FJI,2020,
Fiji,FJI,2019,
Fiji,FJI,2018,
Fiji,FJI,2017,
Fiji,FJI,2016,
Fiji,FJI,2015,
Fiji,FJI,2014,
Fiji,FJI,2013,
Fiji,FJI,2012,
Fiji,FJI,2011,
Finland,FIN,2024,99.842681813058
Finland,FIN,2023,
Finland,FIN,2022,
Finland,FIN,2021,99.5301883332477
Finland,FIN,2020,
Finland,FIN,2019,
Finland,FIN,2018,
Finland,FIN,2017,99.7854185031074
Finland,FIN,2016,
Finland,FIN,2015,
Finland,FIN,2014,100.0
Finland,FIN,2013,
Finland,FIN,2012,
Finland,FIN,2011,99.6512520212112
France,FRA,2024,99.1902372350206
France,FRA,2023,
France,FRA,2022,
France,FRA,2021,99.244295476517
France,FRA,2020,
France,FRA,2019,
France,FRA,2018,
France,FRA,2017,94.0040460235024
France,FRA,2016,
France,FRA,2015,
France,FRA,2014,96.5827529151672
France,FRA,2013,
France,FRA,2012,
France,FRA,2011,96.9838847229744
French Polynesia,PYF,2024,
French Polynesia,PYF,2023,
French Polynesia,PYF,2022,
French Polynesia,PYF,2021,
French Polynesia,PYF,2020,
French Polynesia,PYF,2019,
French Polynesia,PYF,2018,
French Polynesia,PYF,2017,
French Polynesia,PYF,2016,
French Polynesia,PYF,2015,
French Polynesia,PYF,2014,
French Polynesia,PYF,2013,
French Polynesia,PYF,2012,
French Polynesia,PYF,2011,
Gabon,GAB,2024,68.1812562934141
Gabon,GAB,2023,
Gabon,GAB,2022,
Gabon,GAB,2021,66.0899712589808
Gabon,GAB,2020,
Gabon,GAB,2019,
Gabon,GAB,2018,
Gabon,GAB,2017,58.6019984230799
Gabon,GAB,2016,
Gabon,GAB,2015,
Gabon,GAB,2014,33.014183227497
Gabon,GAB,2013,
Gabon,GAB,2012,
Gabon,GAB,2011,18.9465176301576
"Gambia, The",GMB,2024,38.1609042069027
"Gambia, The",GMB,2023,
"Gambia, The",GMB,2022,33.0110184489268
"Gambia, The",GMB,2021,
"Gambia, The",GMB,2020,
"Gambia, The",GMB,2019,
"Gambia, The",GMB,2018,
"Gambia, The",GMB,2017,28.5604825414567
"Gambia, The",GMB,2016,
"Gambia, The",GMB,2015,
"Gambia, The",GMB,2014,
"Gambia, The",GMB,2013,
"Gambia, The",GMB,2012,
"Gambia, The",GMB,2011,
Georgia,GEO,2024,78.8236410959339
Georgia,GEO,2023,
Georgia,GEO,2022,
Georgia,GEO,2021,70.4986885500291
Georgia,GEO,2020,
Georgia,GEO,2019,
Georgia,GEO,2018,
Georgia,GEO,2017,61.2304463242505
Georgia,GEO,2016,
Georgia,GEO,2015,
Georgia,GEO,2014,39.6650699319217
Georgia,GEO,2013,
Georgia,GEO,2012,
Georgia,GEO,2011,32.9809681896803
Germany,DEU,2024,98.2983235670699
Germany,DEU,2023,
Germany,DEU,2022,
Germany,DEU,2021,99.9765938161833
Germany,DEU,2020,
Germany,DEU,2019,
Germany,DEU,2018,
Germany,DEU,2017,99.14118600163
Germany,DEU,2016,
Germany,DEU,2015,
Germany,DEU,2014,98.7604066823874
Germany,DEU,2013,
Germany,DEU,2012,
Germany,DEU,2011,98.1336173269525
Ghana,GHA,2024,81.2430252454858
Ghana,GHA,2023,
Ghana,GHA,2022,
Ghana,GHA,2021,68.2303947936909
Ghana,GHA,2020,
Ghana,GHA,2019,
Ghana,GHA,2018,
Ghana,GHA,2017,57.7175264186459
Ghana,GHA,2016,
Ghana,GHA,2015,
Ghana,GHA,2014,40.5057942389551
Ghana,GHA,2013,
Ghana,GHA,2012,
Ghana,GHA,2011,29.4253535855083
Gibraltar,GIB,2024,
Gibraltar,GIB,2023,
Gibraltar,GIB,2022,
Gibraltar,GIB,2021,
Gibraltar,GIB,2020,
Gibraltar,GIB,2019,
Gibraltar,GIB,2018,
Gibraltar,GIB,2017,
Gibraltar,GIB,2016,
Gibraltar,GIB,2015,
Gibraltar,GIB,2014,
Gibraltar,GIB,2013,
Gibraltar,GIB,2012,
Gibraltar,GIB,2011,
Greece,GRC,2024,88.5519759112244
Greece,GRC,2023,
Greece,GRC,2022,
Greece,GRC,2021,94.8841039582543
Greece,GRC,2020,
Greece,GRC,2019,
Greece,GRC,2018,
Greece,GRC,2017,85.4665211327502
Greece,GRC,2016,
Greece,GRC,2015,
Greece,GRC,2014,87.5186470726679
Greece,GRC,2013,
Greece,GRC,2012,
Greece,GRC,2011,77.9398583523638
Greenland,GRL,2024,
Greenland,GRL,2023,
Greenland,GRL,2022,
Greenland,GRL,2021,
Greenland,GRL,2020,
Greenland,GRL,2019,
Greenland,GRL,2018,
Greenland,GRL,2017,
Greenland,GRL,2016,
Greenland,GRL,2015,
Greenland,GRL,2014,
Greenland,GRL,2013,
Greenland,GRL,2012,
Greenland,GRL,2011,
Grenada,GRD,2024,
Grenada,GRD,2023,
Grenada,GRD,2022,
Grenada,GRD,2021,
Grenada,GRD,2020,
Grenada,GRD,2019,
Grenada,GRD,2018,
Grenada,GRD,2017,
Grenada,GRD,2016,
Grenada,GRD,2015,
Grenada,GRD,2014,
Grenada,GRD,2013,
Grenada,GRD,2012,
Grenada,GRD,2011,
Guam,GUM,2024,
Guam,GUM,2023,
Guam,GUM,2022,
Guam,GUM,2021,
Guam,GUM,2020,
Guam,GUM,2019,
Guam,GUM,2018,
Guam,GUM,2017,
Guam,GUM,2016,
Guam,GUM,2015,
Guam,GUM,2014,
Guam,GUM,2013,
Guam,GUM,2012,
Guam,GUM,2011,
Guatemala,GTM,2024,38.2819483827324
Guatemala,GTM,2023,
Guatemala,GTM,2022,36.9778818759536
Guatemala,GTM,2021,
Guatemala,GTM,2020,
Guatemala,GTM,2019,
Guatemala,GTM,2018,
Guatemala,GTM,2017,44.1070072063726
Guatemala,GTM,2016,
Guatemala,GTM,2015,
Guatemala,GTM,2014,41.3492184951631
Guatemala,GTM,2013,
Guatemala,GTM,2012,
Guatemala,GTM,2011,22.3188831452242
Guinea,GIN,2024,36.0480250155865
Guinea,GIN,2023,
Guinea,GIN,2022,
Guinea,GIN,2021,30.4403355352872
Guinea,GIN,2020,
Guinea,GIN,2019,
Guinea,GIN,2018,
Guinea,GIN,2017,23.4860350255293
Guinea,GIN,2016,
Guinea,GIN,2015,
Guinea,GIN,2014,6.96001725661614
Guinea,GIN,2013,
Guinea,GIN,2012,
Guinea,GIN,2011,3.68785001184746
Guinea-Bissau,GNB,2024,
Guinea-Bissau,GNB,2023,
Guinea-Bissau,GNB,2022,
Guinea-Bissau,GNB,2021,
Guinea-Bissau,GNB,2020,
Guinea-Bissau,GNB,2019,
Guinea-Bissau,GNB,2018,
Guinea-Bissau,GNB,2017,
Guinea-Bissau,GNB,2016,
Guinea-Bissau,GNB,2015,
Guinea-Bissau,GNB,2014,
Guinea-Bissau,GNB,2013,
Guinea-Bissau,GNB,2012,
Guinea-Bissau,GNB,2011,
Guyana,GUY,2024,
Guyana,GUY,2023,
Guyana,GUY,2022,
Guyana,GUY,2021,
Guyana,GUY,2020,
Guyana,GUY,2019,
Guyana,GUY,2018,
Guyana,GUY,2017,
Guyana,GUY,2016,
Guyana,GUY,2015,
Guyana,GUY,2014,
Guyana,GUY,2013,
Guyana,GUY,2012,
Guyana,GUY,2011,
Haiti,HTI,2024,
Haiti,HTI,2023,
Haiti,HTI,2022,
Haiti,HTI,2021,
Haiti,HTI,2020,
Haiti,HTI,2019,
Haiti,HTI,2018,
Haiti,HTI,2017,32.6211865335773
Haiti,HTI,2016,
Haiti,HTI,2015,
Haiti,HTI,2014,18.8586777550335
Haiti,HTI,2013,
Haiti,HTI,2012,
Haiti,HTI,2011,22.0072687973852
Honduras,HND,2024,42.4429707366343
Honduras,HND,2023,
Honduras,HND,2022,
Honduras,HND,2021,37.8497022494385
Honduras,HND,2020,
Honduras,HND,2019,
Honduras,HND,2018,
Honduras,HND,2017,45.3429695987159
Honduras,HND,2016,
Honduras,HND,2015,
Honduras,HND,2014,31.4863604454926
Honduras,HND,2013,
Honduras,HND,2012,
Honduras,HND,2011,20.5122646001849
"Hong Kong SAR, China",HKG,2024,97.3080247282368
"Hong Kong SAR, China",HKG,2023,
"Hong Kong SAR, China",HKG,2022,
"Hong Kong SAR, China",HKG,2021,97.801244380349
"Hong Kong SAR, China",HKG,2020,
"Hong Kong SAR, China",HKG,2019,
"Hong Kong SAR, China",HKG,2018,
"Hong Kong SAR, China",HKG,2017,95.2832588698892
"Hong Kong SAR, China",HKG,2016,
"Hong Kong SAR, China",HKG,2015,
"Hong Kong SAR, China",HKG,2014,96.1476401182356
"Hong Kong SAR, China",HKG,2013,
"Hong Kong SAR, China",HKG,2012,
"Hong Kong SAR, China",HKG,2011,88.6860396908465
Hungary,HUN,2024,86.9605630769545
Hungary,HUN,2023,
Hungary,HUN,2022,
Hungary,HUN,2021,88.2187885918565
Hungary,HUN,2020,
Hungary,HUN,2019,
Hungary,HUN,2018,
Hungary,HUN,2017,74.9449653147576
Hungary,HUN,2016,
Hungary,HUN,2015,
Hungary,HUN,2014,72.2568273601633
Hungary,HUN,2013,
Hungary,HUN,2012,
Hungary,HUN,2011,72.6743206569059
Iceland,ISL,2024,99.8548358099717
Iceland,ISL,2023,
Iceland,ISL,2022,
Iceland,ISL,2021,100.0
Iceland,ISL,2020,
Iceland,ISL,2019,
Iceland,ISL,2018,
Iceland,ISL,2017,
Iceland,ISL,2016,
Iceland,ISL,2015,
Iceland,ISL,2014,
Iceland,ISL,2013,
Iceland,ISL,2012,
Iceland,ISL,2011,
India,IND,2024,89.0248224502547
India,IND,2023,
India,IND,2022,
India,IND,2021,77.5291370626274
India,IND,2020,
India,IND,2019,
India,IND,2018,
India,IND,2017,79.8753284971461
India,IND,2016,
India,IND,2015,
India,IND,2014,53.1415500480136
India,IND,2013,
India,IND,2012,
India,IND,2011,35.2318385316409
Indonesia,IDN,2024,56.3278493718021
Indonesia,IDN,2023,
Indonesia,IDN,2022,
Indonesia,IDN,2021,51.755324070215
Indonesia,IDN,2020,
Indonesia,IDN,2019,
Indonesia,IDN,2018,
Indonesia,IDN,2017,48.8574509277817
Indonesia,IDN,2016,
Indonesia,IDN,2015,
Indonesia,IDN,2014,36.0589893131595
Indonesia,IDN,2013,
Indonesia,IDN,2012,
Indonesia,IDN,2011,19.5819907600545
"Iran, Islamic Rep.",IRN,2024,91.0610044635676
"Iran, Islamic Rep.",IRN,2023,
"Iran, Islamic Rep.",IRN,2022,
"Iran, Islamic Rep.",IRN,2021,89.9846708281017
"Iran, Islamic Rep.",IRN,2020,
"Iran, Islamic Rep.",IRN,2019,
"Iran, Islamic Rep.",IRN,2018,
"Iran, Islamic Rep.",IRN,2017,93.9819167043946
"Iran, Islamic Rep.",IRN,2016,
"Iran, Islamic Rep.",IRN,2015,
"Iran, Islamic Rep.",IRN,2014,92.2802532699244
"Iran, Islamic Rep.",IRN,2013,
"Iran, Islamic Rep.",IRN,2012,
"Iran, Islamic Rep.",IRN,2011,73.683851106327
Iraq,IRQ,2024,30.1610517779513
Iraq,IRQ,2023,
Iraq,IRQ,2022,
Iraq,IRQ,2021,18.5652818204679
Iraq,IRQ,2020,
Iraq,IRQ,2019,
Iraq,IRQ,2018,
Iraq,IRQ,2017,22.6651525406859
Iraq,IRQ,2016,
Iraq,IRQ,2015,
Iraq,IRQ,2014,10.9723490698232
Iraq,IRQ,2013,
Iraq,IRQ,2012,
Iraq,IRQ,2011,10.5537448910017
Ireland,IRL,2024,98.2929182250875
Ireland,IRL,2023,
Ireland,IRL,2022,
Ireland,IRL,2021,99.6633988421918
Ireland,IRL,2020,
Ireland,IRL,2019,
Ireland,IRL,2018,
Ireland,IRL,2017,95.340452880846
Ireland,IRL,2016,
Ireland,IRL,2015,
Ireland,IRL,2014,94.7101387446119
Ireland,IRL,2013,
Ireland,IRL,2012,
Ireland,IRL,2011,93.8883535262303
Isle of Man,IMN,2024,
Isle of Man,IMN,2023,
Isle of Man,IMN,2022,
Isle of Man,IMN,2021,
Isle of Man,IMN,2020,
Isle of Man,IMN,2019,
Isle of Man,IMN,2018,
Isle of Man,IMN,2017,
Isle of Man,IMN,2016,
Isle of Man,IMN,2015,
Isle of Man,IMN,2014,
Isle of Man,IMN,2013,
Isle of Man,IMN,2012,
Isle of Man,IMN,2011,
Israel,ISR,2024,89.2691974119826
Israel,ISR,2023,
Israel,ISR,2022,
Israel,ISR,2021,92.9252212375394
Israel,ISR,2020,
Israel,ISR,2019,
Israel,ISR,2018,
Israel,ISR,2017,92.8149668417564
Israel,ISR,2016,
Israel,ISR,2015,
Israel,ISR,2014,89.9527757682962
Israel,ISR,2013,
Israel,ISR,2012,
Israel,ISR,2011,90.4686393837703
Italy,ITA,2024,86.0191093278992
Italy,ITA,2023,
Italy,ITA,2022,
Italy,ITA,2021,97.2945565478995
Italy,ITA,2020,
Italy,ITA,2019,
Italy,ITA,2018,
Italy,ITA,2017,93.7850200329756
Italy,ITA,2016,
Italy,ITA,2015,
Italy,ITA,2014,87.3345770658458
Italy,ITA,2013,
Italy,ITA,2012,
Italy,ITA,2011,71.0085305189943
Jamaica,JAM,2024,
Jamaica,JAM,2023,
Jamaica,JAM,2022,
Jamaica,JAM,2021,73.3003615105011
Jamaica,JAM,2020,
Jamaica,JAM,2019,
Jamaica,JAM,2018,
Jamaica,JAM,2017,
Jamaica,JAM,2016,
Jamaica,JAM,2015,
Jamaica,JAM,2014,78.4582069674718
Jamaica,JAM,2013,
Jamaica,JAM,2012,
Jamaica,JAM,2011,70.9915017921418
Japan,JPN,2024,98.5235592091779
Japan,JPN,2023,
Japan,JPN,2022,
Japan,JPN,2021,98.4894200399726
Japan,JPN,2020,
Japan,JPN,2019,
Japan,JPN,2018,
Japan,JPN,2017,98.2433920065994
Japan,JPN,2016,
Japan,JPN,2015,
Japan,JPN,2014,96.6455822293813
Japan,JPN,2013,
Japan,JPN,2012,
Japan,JPN,2011,96.4220483126666
Jordan,JOR,2024,46.4573138115455
Jordan,JOR,2023,
Jordan,JOR,2022,
Jordan,JOR,2021,47.1196643097766
Jordan,JOR,2020,
Jordan,JOR,2019,
Jordan,JOR,2018,
Jordan,JOR,2017,42.4930235275587
Jordan,JOR,2016,
Jordan,JOR,2015,
Jordan,JOR,2014,24.6159099066182
Jordan,JOR,2013,
Jordan,JOR,2012,
Jordan,JOR,2011,25.4710971514235
Kazakhstan,KAZ,2024,87.0486447464415
Kazakhstan,KAZ,2023,
Kazakhstan,KAZ,2022,
Kazakhstan,KAZ,2021,81.1084645196623
Kazakhstan,KAZ,2020,
Kazakhstan,KAZ,2019,
Kazakhstan,KAZ,2018,
Kazakhstan,KAZ,2017,58.6975351921172
Kazakhstan,KAZ,2016,
Kazakhstan,KAZ,2015,
Kazakhstan,KAZ,2014,53.9074167611571
Kazakhstan,KAZ,2013,
Kazakhstan,KAZ,2012,
Kazakhstan,KAZ,2011,42.105092298605
Kenya,KEN,2024,90.1199173733613
Kenya,KEN,2023,
Kenya,KEN,2022,
Kenya,KEN,2021,79.1951576168317
Kenya,KEN,2020,
Kenya,KEN,2019,
Kenya,KEN,2018,
Kenya,KEN,2017,81.5675646333189
Kenya,KEN,2016,
Kenya,KEN,2015,
Kenya,KEN,2014,74.6578329382712
Kenya,KEN,2013,
Kenya,KEN,2012,
Kenya,KEN,2011,42.3434543670765
Kiribati,KIR,2024,
Kiribati,KIR,2023,
Kiribati,KIR,2022,
Kiribati,KIR,2021,
Kiribati,KIR,2020,
Kiribati,KIR,2019,
Kiribati,KIR,2018,
Kiribati,KIR,2017,
Kiribati,KIR,2016,
Kiribati,KIR,2015,
Kiribati,KIR,2014,
Kiribati,KIR,2013,
Kiribati,KIR,2012,
Kiribati,KIR,2011,
"Korea, Dem. People's Rep.",PRK,2024,
"Korea, Dem. People's Rep.",PRK,2023,
"Korea, Dem. People's Rep.",PRK,2022,
"Korea, Dem. People's Rep.",PRK,2021,
"Korea, Dem. People's Rep.",PRK,2020,
"Korea, Dem. People's Rep.",PRK,2019,
"Korea, Dem. People's Rep.",PRK,2018,
"Korea, Dem. People's Rep.",PRK,2017,
"Korea, Dem. People's Rep.",PRK,2016,
"Korea, Dem. People's Rep.",PRK,2015,
"Korea, Dem. People's Rep.",PRK,2014,
"Korea, Dem. People's Rep.",PRK,2013,
"Korea, Dem. People's Rep.",PRK,2012,
"Korea, Dem. People's Rep.",PRK,2011,
"Korea, Rep.",KOR,2024,96.8949448884961
"Korea, Rep.",KOR,2023,
"Korea, Rep.",KOR,2022,
"Korea, Rep.",KOR,2021,98.6713470938187
"Korea, Rep.",KOR,2020,
"Korea, Rep.",KOR,2019,
"Korea, Rep.",KOR,2018,
"Korea, Rep.",KOR,2017,94.8510126919781
"Korea, Rep.",KOR,2016,
"Korea, Rep.",KOR,2015,
"Korea, Rep.",KOR,2014,94.3608135378731
"Korea, Rep.",KOR,2013,
"Korea, Rep.",KOR,2012,
"Korea, Rep.",KOR,2011,93.0468690333371
Kosovo,XKX,2024,64.1617721717113
Kosovo,XKX,2023,
Kosovo,XKX,2022,
Kosovo,XKX,2021,58.0119595822062
Kosovo,XKX,2020,
Kosovo,XKX,2019,
Kosovo,XKX,2018,
Kosovo,XKX,2017,52.2733969184264
Kosovo,XKX,2016,
Kosovo,XKX,2015,
Kosovo,XKX,2014,47.8031509917874
Kosovo,XKX,2013,
Kosovo,XKX,2012,
Kosovo,XKX,2011,44.3099657932493
Kuwait,KWT,2024,74.4578561430281
Kuwait,KWT,2023,
Kuwait,KWT,2022,
Kuwait,KWT,2021,
Kuwait,KWT,2020,
Kuwait,KWT,2019,
Kuwait,KWT,2018,
Kuwait,KWT,2017,79.840151415174
Kuwait,KWT,2016,
Kuwait,KWT,2015,
Kuwait,KWT,2014,72.9081838033509
Kuwait,KWT,2013,
Kuwait,KWT,2012,
Kuwait,KWT,2011,86.7732440844811
Kyrgyz Republic,KGZ,2024,72.2642375946654
Kyrgyz Republic,KGZ,2023,
Kyrgyz Republic,KGZ,2022,
Kyrgyz Republic,KGZ,2021,45.0948439820275
Kyrgyz Republic,KGZ,2020,
Kyrgyz Republic,KGZ,2019,
Kyrgyz Republic,KGZ,2018,
Kyrgyz Republic,KGZ,2017,39.9420035215175
Kyrgyz Republic,KGZ,2016,
Kyrgyz Republic,KGZ,2015,
Kyrgyz Republic,KGZ,2014,18.4706012074649
Kyrgyz Republic,KGZ,2013,
Kyrgyz Republic,KGZ,2012,
Kyrgyz Republic,KGZ,2011,3.75726428765218
Lao PDR,LAO,2024,37.6501969468659
Lao PDR,LAO,2023,
Lao PDR,LAO,2022,
Lao PDR,LAO,2021,37.3200289962313
Lao PDR,LAO,2020,
Lao PDR,LAO,2019,
Lao PDR,LAO,2018,
Lao PDR,LAO,2017,29.0564189178853
Lao PDR,LAO,2016,
Lao PDR,LAO,2015,
Lao PDR,LAO,2014,
Lao PDR,LAO,2013,
Lao PDR,LAO,2012,
Lao PDR,LAO,2011,26.773455038368
Latvia,LVA,2024,94.9733099977296
Latvia,LVA,2023,
Latvia,LVA,2022,
Latvia,LVA,2021,96.6187204898816
Latvia,LVA,2020,
Latvia,LVA,2019,
Latvia,LVA,2018,
Latvia,LVA,2017,93.222472302614
Latvia,LVA,2016,
Latvia,LVA,2015,
Latvia,LVA,2014,90.2182506306587
Latvia,LVA,2013,
Latvia,LVA,2012,
Latvia,LVA,2011,89.6588352190717
Lebanon,LBN,2024,23.0438575680739
Lebanon,LBN,2023,
Lebanon,LBN,2022,
Lebanon,LBN,2021,20.7030978086648
Lebanon,LBN,2020,
Lebanon,LBN,2019,
Lebanon,LBN,2018,
Lebanon,LBN,2017,44.7514245200461
Lebanon,LBN,2016,
Lebanon,LBN,2015,
Lebanon,LBN,2014,46.9271356679437
Lebanon,LBN,2013,
Lebanon,LBN,2012,
Lebanon,LBN,2011,37.0273272469961
Lesotho,LSO,2024,61.5710444951092
Lesotho,LSO,2023,
Lesotho,LSO,2022,63.6349094307918
Lesotho,LSO,2021,
Lesotho,LSO,2020,
Lesotho,LSO,2019,
Lesotho,LSO,2018,
Lesotho,LSO,2017,45.5638157306439
Lesotho,LSO,2016,
Lesotho,LSO,2015,
Lesotho,LSO,2014,
Lesotho,LSO,2013,
Lesotho,LSO,2012,
Lesotho,LSO,2011,18.4970245352396
Liberia,LBR,2024,52.2139331485699
Liberia,LBR,2023,
Liberia,LBR,2022,
Liberia,LBR,2021,51.6311457560752
Liberia,LBR,2020,
Liberia,LBR,2019,
Liberia,LBR,2018,
Liberia,LBR,2017,35.7138396642468
Liberia,LBR,2016,
Liberia,LBR,2015,
Liberia,LBR,2014,
Liberia,LBR,2013,
Liberia,LBR,2012,
Liberia,LBR,2011,18.8014652359501
Libya,LBY,2024,33.1190908215163
Libya,LBY,2023,
Libya,LBY,2022,
Libya,LBY,2021,
Libya,LBY,2020,
Libya,LBY,2019,
Libya,LBY,2018,
Libya,LBY,2017,65.6675223019684
Libya,LBY,2016,
Libya,LBY,2015,
Libya,LBY,2014,
Libya,LBY,2013,
Libya,LBY,2012,
Libya,LBY,2011,
Liechtenstein,LIE,2024,
Liechtenstein,LIE,2023,
Liechtenstein,LIE,2022,
Liechtenstein,LIE,2021,
Liechtenstein,LIE,2020,
Liechtenstein,LIE,2019,
Liechtenstein,LIE,2018,
Liechtenstein,LIE,2017,
Liechtenstein,LIE,2016,
Liechtenstein,LIE,2015,
Liechtenstein,LIE,2014,
Liechtenstein,LIE,2013,
Liechtenstein,LIE,2012,
Liechtenstein,LIE,2011,
Lithuania,LTU,2024,98.9947155941499
Lithuania,LTU,2023,
Lithuania,LTU,2022,
Lithuania,LTU,2021,93.5322396656764
Lithuania,LTU,2020,
Lithuania,LTU,2019,
Lithuania,LTU,2018,
Lithuania,LTU,2017,82.8838484978885
Lithuania,LTU,2016,
Lithuania,LTU,2015,
Lithuania,LTU,2014,77.906286510009
Lithuania,LTU,2013,
Lithuania,LTU,2012,
Lithuania,LTU,2011,73.7551986346894
Luxembourg,LUX,2024,
Luxembourg,LUX,2023,
Luxembourg,LUX,2022,
Luxembourg,LUX,2021,
Luxembourg,LUX,2020,
Luxembourg,LUX,2019,
Luxembourg,LUX,2018,
Luxembourg,LUX,2017,98.7678546822929
Luxembourg,LUX,2016,
Luxembourg,LUX,2015,
Luxembourg,LUX,2014,96.1686996656944
Luxembourg,LUX,2013,
Luxembourg,LUX,2012,
Luxembourg,LUX,2011,94.5867980570835
"Macao SAR, China",MAC,2024,
"Macao SAR, China",MAC,2023,
"Macao SAR, China",MAC,2022,
"Macao SAR, China",MAC,2021,
"Macao SAR, China",MAC,2020,
"Macao SAR, China",MAC,2019,
"Macao SAR, China",MAC,2018,
"Macao SAR, China",MAC,2017,
"Macao SAR, China",MAC,2016,
"Macao SAR, China",MAC,2015,
"Macao SAR, China",MAC,2014,
"Macao SAR, China",MAC,2013,
"Macao SAR, China",MAC,2012,
"Macao SAR, China",MAC,2011,
Madagascar,MDG,2024,24.4501397197571
Madagascar,MDG,2023,
Madagascar,MDG,2022,26.2978246175134
Madagascar,MDG,2021,
Madagascar,MDG,2020,
Madagascar,MDG,2019,
Madagascar,MDG,2018,
Madagascar,MDG,2017,17.8678713278643
Madagascar,MDG,2016,
Madagascar,MDG,2015,
Madagascar,MDG,2014,8.55133873697858
Madagascar,MDG,2013,
Madagascar,MDG,2012,
Madagascar,MDG,2011,5.52322253357914
Malawi,MWI,2024,50.3696725002439
Malawi,MWI,2023,
Malawi,MWI,2022,
Malawi,MWI,2021,42.7078088726996
Malawi,MWI,2020,
Malawi,MWI,2019,
Malawi,MWI,2018,
Malawi,MWI,2017,33.7139337223883
Malawi,MWI,2016,
Malawi,MWI,2015,
Malawi,MWI,2014,18.0924195504843
Malawi,MWI,2013,
Malawi,MWI,2012,
Malawi,MWI,2011,16.5406103840842
Malaysia,MYS,2024,88.6918012421116
Malaysia,MYS,2023,
Malaysia,MYS,2022,
Malaysia,MYS,2021,88.3748841160555
Malaysia,MYS,2020,
Malaysia,MYS,2019,
Malaysia,MYS,2018,
Malaysia,MYS,2017,85.3437476207774
Malaysia,MYS,2016,
Malaysia,MYS,2015,
Malaysia,MYS,2014,80.6746217746032
Malaysia,MYS,2013,
Malaysia,MYS,2012,
Malaysia,MYS,2011,66.1738110531964
Maldives,MDV,2024,
Maldives,MDV,2023,
Maldives,MDV,2022,
Maldives,MDV,2021,
Maldives,MDV,2020,
Maldives,MDV,2019,
Maldives,MDV,2018,
Maldives,MDV,2017,79.546409464789
Maldives,MDV,2016,
Maldives,MDV,2015,
Maldives,MDV,2014,
Maldives,MDV,2013,
Maldives,MDV,2012,
Maldives,MDV,2011,
Mali,MLI,2024,54.7454806007539
Mali,MLI,2023,
Mali,MLI,2022,
Mali,MLI,2021,43.5009858331426
Mali,MLI,2020,
Mali,MLI,2019,
Mali,MLI,2018,
Mali,MLI,2017,35.4166789259965
Mali,MLI,2016,
Mali,MLI,2015,
Mali,MLI,2014,20.0760415365477
Mali,MLI,2013,
Mali,MLI,2012,
Mali,MLI,2011,8.21385340194332
Malta,MLT,2024,96.5581295334766
Malta,MLT,2023,
Malta,MLT,2022,
Malta,MLT,2021,96.446811059552
Malta,MLT,2020,
Malta,MLT,2019,
Malta,MLT,2018,
Malta,MLT,2017,97.362910338036
Malta,MLT,2016,
Malta,MLT,2015,
Malta,MLT,2014,96.3279933898328
Malta,MLT,2013,
Malta,MLT,2012,
Malta,MLT,2011,95.270072697356
Marshall Islands,MHL,2024,
Marshall Islands,MHL,2023,
Marshall Islands,MHL,2022,
Marshall Islands,MHL,2021,
Marshall Islands,MHL,2020,
Marshall Islands,MHL,2019,
Marshall Islands,MHL,2018,
Marshall Islands,MHL,2017,
Marshall Islands,MHL,2016,
Marshall Islands,MHL,2015,
Marshall Islands,MHL,2014,
Marshall Islands,MHL,2013,
Marshall Islands,MHL,2012,
Marshall Islands,MHL,2011,
Mauritania,MRT,2024,27.3142609920985
Mauritania,MRT,2023,
Mauritania,MRT,2022,23.4559362292581
Mauritania,MRT,2021,
Mauritania,MRT,2020,
Mauritania,MRT,2019,
Mauritania,MRT,2018,
Mauritania,MRT,2017,20.872506347802
Mauritania,MRT,2016,
Mauritania,MRT,2015,
Mauritania,MRT,2014,22.8658821638402
Mauritania,MRT,2013,
Mauritania,MRT,2012,
Mauritania,MRT,2011,17.46181510476
Mauritius,MUS,2024,89.5984480347546
Mauritius,MUS,2023,
Mauritius,MUS,2022,
Mauritius,MUS,2021,90.5263443555157
Mauritius,MUS,2020,
Mauritius,MUS,2019,
Mauritius,MUS,2018,
Mauritius,MUS,2017,89.8425267240129
Mauritius,MUS,2016,
Mauritius,MUS,2015,
Mauritius,MUS,2014,82.2082721727861
Mauritius,MUS,2013,
Mauritius,MUS,2012,
Mauritius,MUS,2011,80.1232107704602
Mexico,MEX,2024,53.0320833316729
Mexico,MEX,2023,
Mexico,MEX,2022,48.9714753743921
Mexico,MEX,2021,
Mexico,MEX,2020,
Mexico,MEX,2019,
Mexico,MEX,2018,
Mexico,MEX,2017,36.0417666941178
Mexico,MEX,2016,
Mexico,MEX,2015,
Mexico,MEX,2014,39.1408431572041
Mexico,MEX,2013,
Mexico,MEX,2012,
Mexico,MEX,2011,27.4293831561048
"Micronesia, Fed. Sts.",FSM,2024,
"Micronesia, Fed. Sts.",FSM,2023,
"Micronesia, Fed. Sts.",FSM,2022,
"Micronesia, Fed. Sts.",FSM,2021,
"Micronesia, Fed. Sts.",FSM,2020,
"Micronesia, Fed. Sts.",FSM,2019,
"Micronesia, Fed. Sts.",FSM,2018,
"Micronesia, Fed. Sts.",FSM,2017,
"Micronesia, Fed. Sts.",FSM,2016,
"Micronesia, Fed. Sts.",FSM,2015,
"Micronesia, Fed. Sts.",FSM,2014,
"Micronesia, Fed. Sts.",FSM,2013,
"Micronesia, Fed. Sts.",FSM,2012,
"Micronesia, Fed. Sts.",FSM,2011,
Moldova,MDA,2024,55.544249263449
Moldova,MDA,2023,
Moldova,MDA,2022,
Moldova,MDA,2021,64.2455175635428
Moldova,MDA,2020,
Moldova,MDA,2019,
Moldova,MDA,2018,
Moldova,MDA,2017,43.7856520895532
Moldova,MDA,2016,
Moldova,MDA,2015,
Moldova,MDA,2014,17.7557472362564
Moldova,MDA,2013,
Moldova,MDA,2012,
Moldova,MDA,2011,18.066321545044
Monaco,MCO,2024,
Monaco,MCO,2023,
Monaco,MCO,2022,
Monaco,MCO,2021,
Monaco,MCO,2020,
Monaco,MCO,2019,
Monaco,MCO,2018,
Monaco,MCO,2017,
Monaco,MCO,2016,
Monaco,MCO,2015,
Monaco,MCO,2014,
Monaco,MCO,2013,
Monaco,MCO,2012,
Monaco,MCO,2011,
Mongolia,MNG,2024,98.2787007982729
Mongolia,MNG,2023,
Mongolia,MNG,2022,
Mongolia,MNG,2021,98.4550191343593
Mongolia,MNG,2020,
Mongolia,MNG,2019,
Mongolia,MNG,2018,
Mongolia,MNG,2017,92.9711716043363
Mongolia,MNG,2016,
Mongolia,MNG,2015,
Mongolia,MNG,2014,91.8217819219364
Mongolia,MNG,2013,
Mongolia,MNG,2012,
Mongolia,MNG,2011,77.7170918230085
Montenegro,MNE,2024,75.4116297013886
Montenegro,MNE,2023,
Montenegro,MNE,2022,
Montenegro,MNE,2021,
Montenegro,MNE,2020,
Montenegro,MNE,2019,
Montenegro,MNE,2018,
Montenegro,MNE,2017,68.3617939985301
Montenegro,MNE,2016,
Montenegro,MNE,2015,
Montenegro,MNE,2014,59.8260088429335
Montenegro,MNE,2013,
Montenegro,MNE,2012,
Montenegro,MNE,2011,50.4380175207008
Morocco,MAR,2024,44.3863291468524
Morocco,MAR,2023,
Morocco,MAR,2022,
Morocco,MAR,2021,44.3728342386603
Morocco,MAR,2020,
Morocco,MAR,2019,
Morocco,MAR,2018,
Morocco,MAR,2017,
Morocco,MAR,2016,
Morocco,MAR,2015,
Morocco,MAR,2014,
Morocco,MAR,2013,
Morocco,MAR,2012,
Morocco,MAR,2011,
Mozambique,MOZ,2024,54.38528750107
Mozambique,MOZ,2023,
Mozambique,MOZ,2022,
Mozambique,MOZ,2021,49.4927479032385
Mozambique,MOZ,2020,
Mozambique,MOZ,2019,
Mozambique,MOZ,2018,
Mozambique,MOZ,2017,41.6701037933311
Mozambique,MOZ,2016,
Mozambique,MOZ,2015,
Mozambique,MOZ,2014,
Mozambique,MOZ,2013,
Mozambique,MOZ,2012,
Mozambique,MOZ,2011,
Myanmar,MMR,2024,
Myanmar,MMR,2023,
Myanmar,MMR,2022,
Myanmar,MMR,2021,47.7910290706127
Myanmar,MMR,2020,
Myanmar,MMR,2019,
Myanmar,MMR,2018,
Myanmar,MMR,2017,25.9922979704419
Myanmar,MMR,2016,
Myanmar,MMR,2015,
Myanmar,MMR,2014,22.7841949800561
Myanmar,MMR,2013,
Myanmar,MMR,2012,
Myanmar,MMR,2011,
Namibia,NAM,2024,72.9187672893525
Namibia,NAM,2023,
Namibia,NAM,2022,
Namibia,NAM,2021,71.3463883283129
Namibia,NAM,2020,
Namibia,NAM,2019,
Namibia,NAM,2018,
Namibia,NAM,2017,80.6334990865415
Namibia,NAM,2016,
Namibia,NAM,2015,
Namibia,NAM,2014,58.833897653755
Namibia,NAM,2013,
Namibia,NAM,2012,
Namibia,NAM,2011,
Naoero,NRU,2024,
Naoero,NRU,2023,
Naoero,NRU,2022,
Naoero,NRU,2021,
Naoero,NRU,2020,
Naoero,NRU,2019,
Naoero,NRU,2018,
Naoero,NRU,2017,
Naoero,NRU,2016,
Naoero,NRU,2015,
Naoero,NRU,2014,
Naoero,NRU,2013,
Naoero,NRU,2012,
Naoero,NRU,2011,
Nepal,NPL,2024,59.9911157064883
Nepal,NPL,2023,
Nepal,NPL,2022,
Nepal,NPL,2021,54.0026922540655
Nepal,NPL,2020,
Nepal,NPL,2019,
Nepal,NPL,2018,
Nepal,NPL,2017,45.3855766488135
Nepal,NPL,2016,
Nepal,NPL,2015,
Nepal,NPL,2014,33.8013508598438
Nepal,NPL,2013,
Nepal,NPL,2012,
Nepal,NPL,2011,25.3085584745673
Netherlands,NLD,2024,99.171512250031
Netherlands,NLD,2023,
Netherlands,NLD,2022,
Netherlands,NLD,2021,99.7331679359432
Netherlands,NLD,2020,
Netherlands,NLD,2019,
Netherlands,NLD,2018,
Netherlands,NLD,2017,99.6376135898125
Netherlands,NLD,2016,
Netherlands,NLD,2015,
Netherlands,NLD,2014,99.2956044820837
Netherlands,NLD,2013,
Netherlands,NLD,2012,
Netherlands,NLD,2011,98.6585293909719
New Caledonia,NCL,2024,
New Caledonia,NCL,2023,
New Caledonia,NCL,2022,
New Caledonia,NCL,2021,
New Caledonia,NCL,2020,
New Caledonia,NCL,2019,
New Caledonia,NCL,2018,
New Caledonia,NCL,2017,
New Caledonia,NCL,2016,
New Caledonia,NCL,2015,
New Caledonia,NCL,2014,
New Caledonia,NCL,2013,
New Caledonia,NCL,2012,
New Caledonia,NCL,2011,
New Zealand,NZL,2024,97.8647563722742
New Zealand,NZL,2023,
New Zealand,NZL,2022,
New Zealand,NZL,2021,98.7523814505022
New Zealand,NZL,2020,
New Zealand,NZL,2019,
New Zealand,NZL,2018,
New Zealand,NZL,2017,99.1784474064007
New Zealand,NZL,2016,
New Zealand,NZL,2015,
New Zealand,NZL,2014,99.5255333185924
New Zealand,NZL,2013,
New Zealand,NZL,2012,
New Zealand,NZL,2011,99.4367277363996
Nicaragua,NIC,2024,23.470592686629
Nicaragua,NIC,2023,
Nicaragua,NIC,2022,
Nicaragua,NIC,2021,26.0328025128629
Nicaragua,NIC,2020,
Nicaragua,NIC,2019,
Nicaragua,NIC,2018,
Nicaragua,NIC,2017,30.8619914687936
Nicaragua,NIC,2016,
Nicaragua,NIC,2015,
Nicaragua,NIC,2014,19.4384840411032
Nicaragua,NIC,2013,
Nicaragua,NIC,2012,
Nicaragua,NIC,2011,14.2183321368881
Niger,NER,2024,14.8268991865027
Niger,NER,2023,
Niger,NER,2022,11.685591291668
Niger,NER,2021,
Niger,NER,2020,
Niger,NER,2019,
Niger,NER,2018,
Niger,NER,2017,15.5232449543461
Niger,NER,2016,
Niger,NER,2015,
Niger,NER,2014,6.70658814894855
Niger,NER,2013,
Niger,NER,2012,
Niger,NER,2011,1.52169870544605
Nigeria,NGA,2024,63.2613514491542
Nigeria,NGA,2023,
Nigeria,NGA,2022,
Nigeria,NGA,2021,45.3166327186278
Nigeria,NGA,2020,
Nigeria,NGA,2019,
Nigeria,NGA,2018,
Nigeria,NGA,2017,39.6668586884669
Nigeria,NGA,2016,
Nigeria,NGA,2015,
Nigeria,NGA,2014,44.4419846566021
Nigeria,NGA,2013,
Nigeria,NGA,2012,
Nigeria,NGA,2011,29.6675376842052
North Macedonia,MKD,2024,84.2548648905347
North Macedonia,MKD,2023,
North Macedonia,MKD,2022,
North Macedonia,MKD,2021,85.2886912768171
North Macedonia,MKD,2020,
North Macedonia,MKD,2019,
North Macedonia,MKD,2018,
North Macedonia,MKD,2017,76.5687709010188
North Macedonia,MKD,2016,
North Macedonia,MKD,2015,
North Macedonia,MKD,2014,71.7984973200443
North Macedonia,MKD,2013,
North Macedonia,MKD,2012,
North Macedonia,MKD,2011,73.6989465828175
Northern Mariana Islands,MNP,2024,
Northern Mariana Islands,MNP,2023,
Northern Mariana Islands,MNP,2022,
Northern Mariana Islands,MNP,2021,
Northern Mariana Islands,MNP,2020,
Northern Mariana Islands,MNP,2019,
Northern Mariana Islands,MNP,2018,
Northern Mariana Islands,MNP,2017,
Northern Mariana Islands,MNP,2016,
Northern Mariana Islands,MNP,2015,
Northern Mariana Islands,MNP,2014,
Northern Mariana Islands,MNP,2013,
Northern Mariana Islands,MNP,2012,
Northern Mariana Islands,MNP,2011,
Norway,NOR,2024,98.5561571037813
Norway,NOR,2023,
Norway,NOR,2022,
Norway,NOR,2021,99.4777714580126
Norway,NOR,2020,
Norway,NOR,2019,
Norway,NOR,2018,
Norway,NOR,2017,99.7451401276537
Norway,NOR,2016,
Norway,NOR,2015,
Norway,NOR,2014,100.0
Norway,NOR,2013,
Norway,NOR,2012,
Norway,NOR,2011,
Oman,OMN,2024,69.5361597212358
Oman,OMN,2023,
Oman,OMN,2022,
Oman,OMN,2021,
Oman,OMN,2020,
Oman,OMN,2019,
Oman,OMN,2018,
Oman,OMN,2017,
Oman,OMN,2016,
Oman,OMN,2015,
Oman,OMN,2014,
Oman,OMN,2013,
Oman,OMN,2012,
Oman,OMN,2011,73.6024164643834
Pakistan,PAK,2024,27.2960071761925
Pakistan,PAK,2023,
Pakistan,PAK,2022,
Pakistan,PAK,2021,20.9806311316514
Pakistan,PAK,2020,
Pakistan,PAK,2019,
Pakistan,PAK,2018,
Pakistan,PAK,2017,21.2932449054097
Pakistan,PAK,2016,
Pakistan,PAK,2015,
Pakistan,PAK,2014,13.0361910901935
Pakistan,PAK,2013,
Pakistan,PAK,2012,
Pakistan,PAK,2011,10.3062965935922
Palau,PLW,2024,
Palau,PLW,2023,
Palau,PLW,2022,
Palau,PLW,2021,
Palau,PLW,2020,
Palau,PLW,2019,
Palau,PLW,2018,
Palau,PLW,2017,
Palau,PLW,2016,
Palau,PLW,2015,
Palau,PLW,2014,
Palau,PLW,2013,
Palau,PLW,2012,
Palau,PLW,2011,
Panama,PAN,2024,64.0952131164981
Panama,PAN,2023,
Panama,PAN,2022,
Panama,PAN,2021,44.9670337532433
Panama,PAN,2020,
Panama,PAN,2019,
Panama,PAN,2018,
Panama,PAN,2017,46.4942616753675
Panama,PAN,2016,
Panama,PAN,2015,
Panama,PAN,2014,43.6621401860102
Panama,PAN,2013,
Panama,PAN,2012,
Panama,PAN,2011,24.9264953930286
Papua New Guinea,PNG,2024,
Papua New Guinea,PNG,2023,
Papua New Guinea,PNG,2022,
Papua New Guinea,PNG,2021,
Papua New Guinea,PNG,2020,
Papua New Guinea,PNG,2019,
Papua New Guinea,PNG,2018,
Papua New Guinea,PNG,2017,
Papua New Guinea,PNG,2016,
Papua New Guinea,PNG,2015,
Papua New Guinea,PNG,2014,
Papua New Guinea,PNG,2013,
Papua New Guinea,PNG,2012,
Papua New Guinea,PNG,2011,
Paraguay,PRY,2024,60.9167610080401
Paraguay,PRY,2023,
Paraguay,PRY,2022,
Paraguay,PRY,2021,54.419977087987
Paraguay,PRY,2020,
Paraguay,PRY,2019,
Paraguay,PRY,2018,
Paraguay,PRY,2017,48.646860657984
Paraguay,PRY,2016,
Paraguay,PRY,2015,
Paraguay,PRY,2014,
Paraguay,PRY,2013,
Paraguay,PRY,2012,
Paraguay,PRY,2011,21.7201462451211
Peru,PER,2024,59.3098978248017
Peru,PER,2023,
Peru,PER,2022,
Peru,PER,2021,57.4978561461709
Peru,PER,2020,
Peru,PER,2019,
Peru,PER,2018,
Peru,PER,2017,42.6031809704695
Peru,PER,2016,
Peru,PER,2015,
Peru,PER,2014,28.9752319886255
Peru,PER,2013,
Peru,PER,2012,
Peru,PER,2011,20.4586854159298
Philippines,PHL,2024,50.1824221429254
Philippines,PHL,2023,
Philippines,PHL,2022,
Philippines,PHL,2021,51.3717638928697
Philippines,PHL,2020,
Philippines,PHL,2019,
Philippines,PHL,2018,
Philippines,PHL,2017,34.4984075658533
Philippines,PHL,2016,
Philippines,PHL,2015,
Philippines,PHL,2014,31.2858339239034
Philippines,PHL,2013,
Philippines,PHL,2012,
Philippines,PHL,2011,26.5559260623316
Poland,POL,2024,86.1367117566539
Poland,POL,2023,
Poland,POL,2022,
Poland,POL,2021,95.7201672270221
Poland,POL,2020,
Poland,POL,2019,
Poland,POL,2018,
Poland,POL,2017,86.7333029909929
Poland,POL,2016,
Poland,POL,2015,
Poland,POL,2014,77.8621706046997
Poland,POL,2013,
Poland,POL,2012,
Poland,POL,2011,70.1942895305774
Portugal,PRT,2024,91.3973440748621
Portugal,PRT,2023,
Portugal,PRT,2022,
Portugal,PRT,2021,92.6495073207262
Portugal,PRT,2020,
Portugal,PRT,2019,
Portugal,PRT,2018,
Portugal,PRT,2017,92.3409885215351
Portugal,PRT,2016,
Portugal,PRT,2015,
Portugal,PRT,2014,87.3863542055074
Portugal,PRT,2013,
Portugal,PRT,2012,
Portugal,PRT,2011,81.2294253390108
Puerto Rico (US),PRI,2024,
Puerto Rico (US),PRI,2023,
Puerto Rico (US),PRI,2022,
Puerto Rico (US),PRI,2021,
Puerto Rico (US),PRI,2020,
Puerto Rico (US),PRI,2019,
Puerto Rico (US),PRI,2018,
Puerto Rico (US),PRI,2017,
Puerto Rico (US),PRI,2016,
Puerto Rico (US),PRI,2015,
Puerto Rico (US),PRI,2014,69.7352646205524
Puerto Rico (US),PRI,2013,
Puerto Rico (US),PRI,2012,
Puerto Rico (US),PRI,2011,
Qatar,QAT,2024,
Qatar,QAT,2023,
Qatar,QAT,2022,
Qatar,QAT,2021,
Qatar,QAT,2020,
Qatar,QAT,2019,
Qatar,QAT,2018,
Qatar,QAT,2017,
Qatar,QAT,2016,
Qatar,QAT,2015,
Qatar,QAT,2014,
Qatar,QAT,2013,
Qatar,QAT,2012,
Qatar,QAT,2011,65.8753853266331
Romania,ROU,2024,71.3366719002898
Romania,ROU,2023,
Romania,ROU,2022,
Romania,ROU,2021,69.1155037619615
Romania,ROU,2020,
Romania,ROU,2019,
Romania,ROU,2018,
Romania,ROU,2017,57.751805216506
Romania,ROU,2016,
Romania,ROU,2015,
Romania,ROU,2014,60.8371568509663
Romania,ROU,2013,
Romania,ROU,2012,
Romania,ROU,2011,44.5916228252137
Russian Federation,RUS,2024,79.3421267068262
Russian Federation,RUS,2023,
Russian Federation,RUS,2022,
Russian Federation,RUS,2021,89.7193266222482
Russian Federation,RUS,2020,
Russian Federation,RUS,2019,
Russian Federation,RUS,2018,
Russian Federation,RUS,2017,75.7588881016081
Russian Federation,RUS,2016,
Russian Federation,RUS,2015,
Russian Federation,RUS,2014,67.3830915085391
Russian Federation,RUS,2013,
Russian Federation,RUS,2012,
Russian Federation,RUS,2011,48.1784884899677
Rwanda,RWA,2024,
Rwanda,RWA,2023,
Rwanda,RWA,2022,
Rwanda,RWA,2021,
Rwanda,RWA,2020,
Rwanda,RWA,2019,
Rwanda,RWA,2018,
Rwanda,RWA,2017,50.019793696102
Rwanda,RWA,2016,
Rwanda,RWA,2015,
Rwanda,RWA,2014,42.1169125765165
Rwanda,RWA,2013,
Rwanda,RWA,2012,
Rwanda,RWA,2011,32.7638222447295
Samoa,WSM,2024,
Samoa,WSM,2023,
Samoa,WSM,2022,
Samoa,WSM,2021,
Samoa,WSM,2020,
Samoa,WSM,2019,
Samoa,WSM,2018,
Samoa,WSM,2017,
Samoa,WSM,2016,
Samoa,WSM,2015,
Samoa,WSM,2014,
Samoa,WSM,2013,
Samoa,WSM,2012,
Samoa,WSM,2011,
San Marino,SMR,2024,
San Marino,SMR,2023,
San Marino,SMR,2022,
San Marino,SMR,2021,
San Marino,SMR,2020,
San Marino,SMR,2019,
San Marino,SMR,2018,
San Marino,SMR,2017,
San Marino,SMR,2016,
San Marino,SMR,2015,
San Marino,SMR,2014,
San Marino,SMR,2013,
San Marino,SMR,2012,
San Marino,SMR,2011,
Sao Tome and Principe,STP,2024,
Sao Tome and Principe,STP,2023,
Sao Tome and Principe,STP,2022,
Sao Tome and Principe,STP,2021,
Sao Tome and Principe,STP,2020,
Sao Tome and Principe,STP,2019,
Sao Tome and Principe,STP,2018,
Sao Tome and Principe,STP,2017,
Sao Tome and Principe,STP,2016,
Sao Tome and Principe,STP,2015,
Sao Tome and Principe,STP,2014,
Sao Tome and Principe,STP,2013,
Sao Tome and Principe,STP,2012,
Sao Tome and Principe,STP,2011,
Saudi Arabia,SAU,2024,78.8409517231945
Saudi Arabia,SAU,2023,
Saudi Arabia,SAU,2022,
Saudi Arabia,SAU,2021,74.320746724648
Saudi Arabia,SAU,2020,
Saudi Arabia,SAU,2019,
Saudi Arabia,SAU,2018,
Saudi Arabia,SAU,2017,71.6981165899467
Saudi Arabia,SAU,2016,
Saudi Arabia,SAU,2015,
Saudi Arabia,SAU,2014,69.4095879290349
Saudi Arabia,SAU,2013,
Saudi Arabia,SAU,2012,
Saudi Arabia,SAU,2011,46.4206603178861
Senegal,SEN,2024,76.4609257473503
Senegal,SEN,2023,
Senegal,SEN,2022,
Senegal,SEN,2021,55.9644071481718
Senegal,SEN,2020,
Senegal,SEN,2019,
Senegal,SEN,2018,
Senegal,SEN,2017,42.3440153574227
Senegal,SEN,2016,
Senegal,SEN,2015,
Senegal,SEN,2014,15.4245720927038
Senegal,SEN,2013,
Senegal,SEN,2012,
Senegal,SEN,2011,5.82114104684157
Serbia,SRB,2024,83.2544458500274
Serbia,SRB,2023,
Serbia,SRB,2022,
Serbia,SRB,2021,89.4157368417161
Serbia,SRB,2020,
Serbia,SRB,2019,
Serbia,SRB,2018,
Serbia,SRB,2017,71.4410464962513
Serbia,SRB,2016,
Serbia,SRB,2015,
Serbia,SRB,2014,83.0923382955528
Serbia,SRB,2013,
Serbia,SRB,2012,
Serbia,SRB,2011,62.2162232690715
Seychelles,SYC,2024,
Seychelles,SYC,2023,
Seychelles,SYC,2022,
Seychelles,SYC,2021,
Seychelles,SYC,2020,
Seychelles,SYC,2019,
Seychelles,SYC,2018,
Seychelles,SYC,2017,
Seychelles,SYC,2016,
Seychelles,SYC,2015,
Seychelles,SYC,2014,
Seychelles,SYC,2013,
Seychelles,SYC,2012,
Seychelles,SYC,2011,
Sierra Leone,SLE,2024,38.6205210606339
Sierra Leone,SLE,2023,
Sierra Leone,SLE,2022,
Sierra Leone,SLE,2021,28.8466044614564
Sierra Leone,SLE,2020,
Sierra Leone,SLE,2019,
Sierra Leone,SLE,2018,
Sierra Leone,SLE,2017,19.808760638724
Sierra Leone,SLE,2016,
Sierra Leone,SLE,2015,
Sierra Leone,SLE,2014,15.5800105420148
Sierra Leone,SLE,2013,
Sierra Leone,SLE,2012,
Sierra Leone,SLE,2011,15.3417553850215
Singapore,SGP,2024,97.9718288419762
Singapore,SGP,2023,
Singapore,SGP,2022,
Singapore,SGP,2021,97.5498512325819
Singapore,SGP,2020,
Singapore,SGP,2019,
Singapore,SGP,2018,
Singapore,SGP,2017,97.9311709923804
Singapore,SGP,2016,
Singapore,SGP,2015,
Singapore,SGP,2014,96.3525997735924
Singapore,SGP,2013,
Singapore,SGP,2012,
Singapore,SGP,2011,98.221892306584
Sint Maarten (Dutch part),SXM,2024,
Sint Maarten (Dutch part),SXM,2023,
Sint Maarten (Dutch part),SXM,2022,
Sint Maarten (Dutch part),SXM,2021,
Sint Maarten (Dutch part),SXM,2020,
Sint Maarten (Dutch part),SXM,2019,
Sint Maarten (Dutch part),SXM,2018,
Sint Maarten (Dutch part),SXM,2017,
Sint Maarten (Dutch part),SXM,2016,
Sint Maarten (Dutch part),SXM,2015,
Sint Maarten (Dutch part),SXM,2014,
Sint Maarten (Dutch part),SXM,2013,
Sint Maarten (Dutch part),SXM,2012,
Sint Maarten (Dutch part),SXM,2011,
Slovak Republic,SVK,2024,92.2151184719611
Slovak Republic,SVK,2023,
Slovak Republic,SVK,2022,
Slovak Republic,SVK,2021,95.6196968335478
Slovak Republic,SVK,2020,
Slovak Republic,SVK,2019,
Slovak Republic,SVK,2018,
Slovak Republic,SVK,2017,84.1815883374591
Slovak Republic,SVK,2016,
Slovak Republic,SVK,2015,
Slovak Republic,SVK,2014,77.2413960546946
Slovak Republic,SVK,2013,
Slovak Republic,SVK,2012,
Slovak Republic,SVK,2011,79.5830117600274
Slovenia,SVN,2024,98.7472573239817
Slovenia,SVN,2023,
Slovenia,SVN,2022,
Slovenia,SVN,2021,99.0496614015272
Slovenia,SVN,2020,
Slovenia,SVN,2019,
Slovenia,SVN,2018,
Slovenia,SVN,2017,97.5334004118114
Slovenia,SVN,2016,
Slovenia,SVN,2015,
Slovenia,SVN,2014,97.2445144482087
Slovenia,SVN,2013,
Slovenia,SVN,2012,
Slovenia,SVN,2011,97.1437132691175
Solomon Islands,SLB,2024,
Solomon Islands,SLB,2023,
Solomon Islands,SLB,2022,
Solomon Islands,SLB,2021,
Solomon Islands,SLB,2020,
Solomon Islands,SLB,2019,
Solomon Islands,SLB,2018,
Solomon Islands,SLB,2017,
Solomon Islands,SLB,2016,
Solomon Islands,SLB,2015,
Solomon Islands,SLB,2014,
Solomon Islands,SLB,2013,
Solomon Islands,SLB,2012,
Solomon Islands,SLB,2011,
"Somalia, Fed. Rep.",SOM,2024,
"Somalia, Fed. Rep.",SOM,2023,
"Somalia, Fed. Rep.",SOM,2022,
"Somalia, Fed. Rep.",SOM,2021,
"Somalia, Fed. Rep.",SOM,2020,
"Somalia, Fed. Rep.",SOM,2019,
"Somalia, Fed. Rep.",SOM,2018,
"Somalia, Fed. Rep.",SOM,2017,
"Somalia, Fed. Rep.",SOM,2016,
"Somalia, Fed. Rep.",SOM,2015,
"Somalia, Fed. Rep.",SOM,2014,38.6603281288684
"Somalia, Fed. Rep.",SOM,2013,
"Somalia, Fed. Rep.",SOM,2012,
"Somalia, Fed. Rep.",SOM,2011,
South Africa,ZAF,2024,81.1259662052011
South Africa,ZAF,2023,
South Africa,ZAF,2022,
South Africa,ZAF,2021,85.378111952418
South Africa,ZAF,2020,
South Africa,ZAF,2019,
South Africa,ZAF,2018,
South Africa,ZAF,2017,69.2184941645761
South Africa,ZAF,2016,
South Africa,ZAF,2015,
South Africa,ZAF,2014,70.3174554981439
South Africa,ZAF,2013,
South Africa,ZAF,2012,
South Africa,ZAF,2011,53.6450756317438
South Sudan,SSD,2024,
South Sudan,SSD,2023,
South Sudan,SSD,2022,
South Sudan,SSD,2021,5.8314074673825
South Sudan,SSD,2020,
South Sudan,SSD,2019,
South Sudan,SSD,2018,
South Sudan,SSD,2017,8.57000393149026
South Sudan,SSD,2016,
South Sudan,SSD,2015,
South Sudan,SSD,2014,
South Sudan,SSD,2013,
South Sudan,SSD,2012,
South Sudan,SSD,2011,
Spain,ESP,2024,98.3807416463989
Spain,ESP,2023,
Spain,ESP,2022,
Spain,ESP,2021,98.2984394535205
Spain,ESP,2020,
Spain,ESP,2019,
Spain,ESP,2018,
Spain,ESP,2017,93.7557046938372
Spain,ESP,2016,
Spain,ESP,2015,
Spain,ESP,2014,97.5753065847114
Spain,ESP,2013,
Spain,ESP,2012,
Spain,ESP,2011,93.2776030316529
Sri Lanka,LKA,2024,81.6921293527248
Sri Lanka,LKA,2023,
Sri Lanka,LKA,2022,
Sri Lanka,LKA,2021,89.2707132323262
Sri Lanka,LKA,2020,
Sri Lanka,LKA,2019,
Sri Lanka,LKA,2018,
Sri Lanka,LKA,2017,73.6464607816492
Sri Lanka,LKA,2016,
Sri Lanka,LKA,2015,
Sri Lanka,LKA,2014,82.6913822678001
Sri Lanka,LKA,2013,
Sri Lanka,LKA,2012,
Sri Lanka,LKA,2011,68.5261646815342
St. Kitts and Nevis,KNA,2024,
St. Kitts and Nevis,KNA,2023,
St. Kitts and Nevis,KNA,2022,
St. Kitts and Nevis,KNA,2021,
St. Kitts and Nevis,KNA,2020,
St. Kitts and Nevis,KNA,2019,
St. Kitts and Nevis,KNA,2018,
St. Kitts and Nevis,KNA,2017,
St. Kitts and Nevis,KNA,2016,
St. Kitts and Nevis,KNA,2015,
St. Kitts and Nevis,KNA,2014,
St. Kitts and Nevis,KNA,2013,
St. Kitts and Nevis,KNA,2012,
St. Kitts and Nevis,KNA,2011,
St. Lucia,LCA,2024,
St. Lucia,LCA,2023,
St. Lucia,LCA,2022,
St. Lucia,LCA,2021,
St. Lucia,LCA,2020,
St. Lucia,LCA,2019,
St. Lucia,LCA,2018,
St. Lucia,LCA,2017,
St. Lucia,LCA,2016,
St. Lucia,LCA,2015,
St. Lucia,LCA,2014,
St. Lucia,LCA,2013,
St. Lucia,LCA,2012,
St. Lucia,LCA,2011,
St. Martin (French part),MAF,2024,
St. Martin (French part),MAF,2023,
St. Martin (French part),MAF,2022,
St. Martin (French part),MAF,2021,
St. Martin (French part),MAF,2020,
St. Martin (French part),MAF,2019,
St. Martin (French part),MAF,2018,
St. Martin (French part),MAF,2017,
St. Martin (French part),MAF,2016,
St. Martin (French part),MAF,2015,
St. Martin (French part),MAF,2014,
St. Martin (French part),MAF,2013,
St. Martin (French part),MAF,2012,
St. Martin (French part),MAF,2011,
St. Vincent and the Grenadines,VCT,2024,
St. Vincent and the Grenadines,VCT,2023,
St. Vincent and the Grenadines,VCT,2022,
St. Vincent and the Grenadines,VCT,2021,
St. Vincent and the Grenadines,VCT,2020,
St. Vincent and the Grenadines,VCT,2019,
St. Vincent and the Grenadines,VCT,2018,
St. Vincent and the Grenadines,VCT,2017,
St. Vincent and the Grenadines,VCT,2016,
St. Vincent and the Grenadines,VCT,2015,
St. Vincent and the Grenadines,VCT,2014,
St. Vincent and the Grenadines,VCT,2013,
St. Vincent and the Grenadines,VCT,2012,
St. Vincent and the Grenadines,VCT,2011,
Sudan,SDN,2024,
Sudan,SDN,2023,
Sudan,SDN,2022,
Sudan,SDN,2021,
Sudan,SDN,2020,
Sudan,SDN,2019,
Sudan,SDN,2018,
Sudan,SDN,2017,
Sudan,SDN,2016,
Sudan,SDN,2015,
Sudan,SDN,2014,15.2684332808943
Sudan,SDN,2013,
Sudan,SDN,2012,
Sudan,SDN,2011,6.89979785197721
Suriname,SUR,2024,
Suriname,SUR,2023,
Suriname,SUR,2022,
Suriname,SUR,2021,
Suriname,SUR,2020,
Suriname,SUR,2019,
Suriname,SUR,2018,
Suriname,SUR,2017,
Suriname,SUR,2016,
Suriname,SUR,2015,
Suriname,SUR,2014,
Suriname,SUR,2013,
Suriname,SUR,2012,
Suriname,SUR,2011,
Sweden,SWE,2024,98.5654945145745
Sweden,SWE,2023,
Sweden,SWE,2022,
Sweden,SWE,2021,99.6887646957821
Sweden,SWE,2020,
Sweden,SWE,2019,
Sweden,SWE,2018,
Sweden,SWE,2017,99.742211618676
Sweden,SWE,2016,
Sweden,SWE,2015,
Sweden,SWE,2014,99.719919448707
Sweden,SWE,2013,
Sweden,SWE,2012,
Sweden,SWE,2011,98.9919498180313
Switzerland,CHE,2024,98.412309687795
Switzerland,CHE,2023,
Switzerland,CHE,2022,
Switzerland,CHE,2021,99.491031115136
Switzerland,CHE,2020,
Switzerland,CHE,2019,
Switzerland,CHE,2018,
Switzerland,CHE,2017,98.4296664856118
Switzerland,CHE,2016,
Switzerland,CHE,2015,
Switzerland,CHE,2014,97.9856448863505
Switzerland,CHE,2013,
Switzerland,CHE,2012,
Switzerland,CHE,2011,
Syrian Arab Republic,SYR,2024,
Syrian Arab Republic,SYR,2023,
Syrian Arab Republic,SYR,2022,
Syrian Arab Republic,SYR,2021,
Syrian Arab Republic,SYR,2020,
Syrian Arab Republic,SYR,2019,
Syrian Arab Republic,SYR,2018,
Syrian Arab Republic,SYR,2017,
Syrian Arab Republic,SYR,2016,
Syrian Arab Republic,SYR,2015,
Syrian Arab Republic,SYR,2014,
Syrian Arab Republic,SYR,2013,
Syrian Arab Republic,SYR,2012,
Syrian Arab Republic,SYR,2011,23.2530858353611
Tajikistan,TJK,2024,54.5193771390539
Tajikistan,TJK,2023,
Tajikistan,TJK,2022,
Tajikistan,TJK,2021,39.4881617560099
Tajikistan,TJK,2020,
Tajikistan,TJK,2019,
Tajikistan,TJK,2018,
Tajikistan,TJK,2017,47.0243971607939
Tajikistan,TJK,2016,
Tajikistan,TJK,2015,
Tajikistan,TJK,2014,11.4592328535776
Tajikistan,TJK,2013,
Tajikistan,TJK,2012,
Tajikistan,TJK,2011,2.53485730790679
Tanzania,TZA,2024,59.8275253090773
Tanzania,TZA,2023,
Tanzania,TZA,2022,
Tanzania,TZA,2021,52.4333347484758
Tanzania,TZA,2020,
Tanzania,TZA,2019,
Tanzania,TZA,2018,
Tanzania,TZA,2017,46.7515639970681
Tanzania,TZA,2016,
Tanzania,TZA,2015,
Tanzania,TZA,2014,39.7794762771647
Tanzania,TZA,2013,
Tanzania,TZA,2012,
Tanzania,TZA,2011,17.2577675334801
Thailand,THA,2024,91.8249814693343
Thailand,THA,2023,
Thailand,THA,2022,
Thailand,THA,2021,95.5769973139711
Thailand,THA,2020,
Thailand,THA,2019,
Thailand,THA,2018,
Thailand,THA,2017,81.5940008546208
Thailand,THA,2016,
Thailand,THA,2015,
Thailand,THA,2014,78.1365538281076
Thailand,THA,2013,
Thailand,THA,2012,
Thailand,THA,2011,72.6664359374049
Timor-Leste,TLS,2024,
Timor-Leste,TLS,2023,
Timor-Leste,TLS,2022,
Timor-Leste,TLS,2021,
Timor-Leste,TLS,2020,
Timor-Leste,TLS,2019,
Timor-Leste,TLS,2018,
Timor-Leste,TLS,2017,
Timor-Leste,TLS,2016,
Timor-Leste,TLS,2015,
Timor-Leste,TLS,2014,
Timor-Leste,TLS,2013,
Timor-Leste,TLS,2012,
Timor-Leste,TLS,2011,
Togo,TGO,2024,57.4329534151865
Togo,TGO,2023,
Togo,TGO,2022,
Togo,TGO,2021,49.6056349278117
Togo,TGO,2020,
Togo,TGO,2019,
Togo,TGO,2018,
Togo,TGO,2017,45.2893518838727
Togo,TGO,2016,
Togo,TGO,2015,
Togo,TGO,2014,18.2514629953597
Togo,TGO,2013,
Togo,TGO,2012,
Togo,TGO,2011,10.1852402521278
Tonga,TON,2024,
Tonga,TON,2023,
Tonga,TON,2022,
Tonga,TON,2021,
Tonga,TON,2020,
Tonga,TON,2019,
Tonga,TON,2018,
Tonga,TON,2017,
Tonga,TON,2016,
Tonga,TON,2015,
Tonga,TON,2014,
Tonga,TON,2013,
Tonga,TON,2012,
Tonga,TON,2011,
Trinidad and Tobago,TTO,2024,74.5920641469519
Trinidad and Tobago,TTO,2023,
Trinidad and Tobago,TTO,2022,
Trinidad and Tobago,TTO,2021,
Trinidad and Tobago,TTO,2020,
Trinidad and Tobago,TTO,2019,
Trinidad and Tobago,TTO,2018,
Trinidad and Tobago,TTO,2017,80.7833517134774
Trinidad and Tobago,TTO,2016,
Trinidad and Tobago,TTO,2015,
Trinidad and Tobago,TTO,2014,
Trinidad and Tobago,TTO,2013,
Trinidad and Tobago,TTO,2012,
Trinidad and Tobago,TTO,2011,75.9220595177181
Tunisia,TUN,2024,37.8444860328559
Tunisia,TUN,2023,
Tunisia,TUN,2022,
Tunisia,TUN,2021,36.853236511337
Tunisia,TUN,2020,
Tunisia,TUN,2019,
Tunisia,TUN,2018,
Tunisia,TUN,2017,36.9065671682783
Tunisia,TUN,2016,
Tunisia,TUN,2015,
Tunisia,TUN,2014,27.4323115412138
Tunisia,TUN,2013,
Tunisia,TUN,2012,
Tunisia,TUN,2011,
Turkiye,TUR,2024,81.5545478352063
Turkiye,TUR,2023,
Turkiye,TUR,2022,
Turkiye,TUR,2021,74.0916612877286
Turkiye,TUR,2020,
Turkiye,TUR,2019,
Turkiye,TUR,2018,
Turkiye,TUR,2017,68.5903080534789
Turkiye,TUR,2016,
Turkiye,TUR,2015,
Turkiye,TUR,2014,56.6774865730574
Turkiye,TUR,2013,
Turkiye,TUR,2012,
Turkiye,TUR,2011,57.6014257729643
Turkmenistan,TKM,2024,
Turkmenistan,TKM,2023,
Turkmenistan,TKM,2022,
Turkmenistan,TKM,2021,
Turkmenistan,TKM,2020,
Turkmenistan,TKM,2019,
Turkmenistan,TKM,2018,
Turkmenistan,TKM,2017,40.5764131969046
Turkmenistan,TKM,2016,
Turkmenistan,TKM,2015,
Turkmenistan,TKM,2014,
Turkmenistan,TKM,2013,
Turkmenistan,TKM,2012,
Turkmenistan,TKM,2011,0.404911517118832
Turks and Caicos Islands,TCA,2024,
Turks and Caicos Islands,TCA,2023,
Turks and Caicos Islands,TCA,2022,
Turks and Caicos Islands,TCA,2021,
Turks and Caicos Islands,TCA,2020,
Turks and Caicos Islands,TCA,2019,
Turks and Caicos Islands,TCA,2018,
Turks and Caicos Islands,TCA,2017,
Turks and Caicos Islands,TCA,2016,
Turks and Caicos Islands,TCA,2015,
Turks and Caicos Islands,TCA,2014,
Turks and Caicos Islands,TCA,2013,
Turks and Caicos Islands,TCA,2012,
Turks and Caicos Islands,TCA,2011,
Tuvalu,TUV,2024,
Tuvalu,TUV,2023,
Tuvalu,TUV,2022,
Tuvalu,TUV,2021,
Tuvalu,TUV,2020,
Tuvalu,TUV,2019,
Tuvalu,TUV,2018,
Tuvalu,TUV,2017,
Tuvalu,TUV,2016,
Tuvalu,TUV,2015,
Tuvalu,TUV,2014,
Tuvalu,TUV,2013,
Tuvalu,TUV,2012,
Tuvalu,TUV,2011,
Uganda,UGA,2024,72.8273757556063
Uganda,UGA,2023,
Uganda,UGA,2022,
Uganda,UGA,2021,65.914011087313
Uganda,UGA,2020,
Uganda,UGA,2019,
Uganda,UGA,2018,
Uganda,UGA,2017,59.1991511838928
Uganda,UGA,2016,
Uganda,UGA,2015,
Uganda,UGA,2014,44.447154358521
Uganda,UGA,2013,
Uganda,UGA,2012,
Uganda,UGA,2011,20.4614192079115
Ukraine,UKR,2024,87.581225854266
Ukraine,UKR,2023,
Ukraine,UKR,2022,
Ukraine,UKR,2021,83.5648133398349
Ukraine,UKR,2020,
Ukraine,UKR,2019,
Ukraine,UKR,2018,
Ukraine,UKR,2017,62.9023288438411
Ukraine,UKR,2016,
Ukraine,UKR,2015,
Ukraine,UKR,2014,52.7148134392787
Ukraine,UKR,2013,
Ukraine,UKR,2012,
Ukraine,UKR,2011,41.2685749442218
United Arab Emirates,ARE,2024,
United Arab Emirates,ARE,2023,
United Arab Emirates,ARE,2022,
United Arab Emirates,ARE,2021,85.7421930087712
United Arab Emirates,ARE,2020,
United Arab Emirates,ARE,2019,
United Arab Emirates,ARE,2018,
United Arab Emirates,ARE,2017,88.2103911038117
United Arab Emirates,ARE,2016,
United Arab Emirates,ARE,2015,
United Arab Emirates,ARE,2014,83.7433268781272
United Arab Emirates,ARE,2013,
United Arab Emirates,ARE,2012,
United Arab Emirates,ARE,2011,59.7323702767485
United Kingdom,GBR,2024,99.2843092777584
United Kingdom,GBR,2023,
United Kingdom,GBR,2022,
United Kingdom,GBR,2021,99.7632738299911
United Kingdom,GBR,2020,
United Kingdom,GBR,2019,
United Kingdom,GBR,2018,
United Kingdom,GBR,2017,96.366318852125
United Kingdom,GBR,2016,
United Kingdom,GBR,2015,
United Kingdom,GBR,2014,98.9310547976756
United Kingdom,GBR,2013,
United Kingdom,GBR,2012,
United Kingdom,GBR,2011,97.201284899645
United States,USA,2024,97.0230983290589
United States,USA,2023,
United States,USA,2022,
United States,USA,2021,94.9532296473716
United States,USA,2020,
United States,USA,2019,
United States,USA,2018,
United States,USA,2017,93.1221843138765
United States,USA,2016,
United States,USA,2015,
United States,USA,2014,93.5838007921263
United States,USA,2013,
United States,USA,2012,
United States,USA,2011,87.9578658638029
Uruguay,URY,2024,73.7451275567861
Uruguay,URY,2023,
Uruguay,URY,2022,
Uruguay,URY,2021,74.1272677007413
Uruguay,URY,2020,
Uruguay,URY,2019,
Uruguay,URY,2018,
Uruguay,URY,2017,63.8680056828288
Uruguay,URY,2016,
Uruguay,URY,2015,
Uruguay,URY,2014,45.5857273469335
Uruguay,URY,2013,
Uruguay,URY,2012,
Uruguay,URY,2011,23.5426008998817
Uzbekistan,UZB,2024,59.6583830145186
Uzbekistan,UZB,2023,
Uzbekistan,UZB,2022,
Uzbekistan,UZB,2021,44.1347902834696
Uzbekistan,UZB,2020,
Uzbekistan,UZB,2019,
Uzbekistan,UZB,2018,
Uzbekistan,UZB,2017,37.0897362684589
Uzbekistan,UZB,2016,
Uzbekistan,UZB,2015,
Uzbekistan,UZB,2014,40.7100128887211
Uzbekistan,UZB,2013,
Uzbekistan,UZB,2012,
Uzbekistan,UZB,2011,22.5039189572923
Vanuatu,VUT,2024,
Vanuatu,VUT,2023,
Vanuatu,VUT,2022,
Vanuatu,VUT,2021,
Vanuatu,VUT,2020,
Vanuatu,VUT,2019,
Vanuatu,VUT,2018,
Vanuatu,VUT,2017,
Vanuatu,VUT,2016,
Vanuatu,VUT,2015,
Vanuatu,VUT,2014,
Vanuatu,VUT,2013,
Vanuatu,VUT,2012,
Vanuatu,VUT,2011,
"Venezuela, RB",VEN,2024,87.3184627954851
"Venezuela, RB",VEN,2023,
"Venezuela, RB",VEN,2022,
"Venezuela, RB",VEN,2021,84.3948009275794
"Venezuela, RB",VEN,2020,
"Venezuela, RB",VEN,2019,
"Venezuela, RB",VEN,2018,
"Venezuela, RB",VEN,2017,73.494507088005
"Venezuela, RB",VEN,2016,
"Venezuela, RB",VEN,2015,
"Venezuela, RB",VEN,2014,57.0263255388671
"Venezuela, RB",VEN,2013,
"Venezuela, RB",VEN,2012,
"Venezuela, RB",VEN,2011,44.1166616188675
Viet Nam,VNM,2024,70.5507533567583
Viet Nam,VNM,2023,
Viet Nam,VNM,2022,56.2657536272923
Viet Nam,VNM,2021,
Viet Nam,VNM,2020,
Viet Nam,VNM,2019,
Viet Nam,VNM,2018,
Viet Nam,VNM,2017,30.7957930492479
Viet Nam,VNM,2016,
Viet Nam,VNM,2015,
Viet Nam,VNM,2014,30.9509468007991
Viet Nam,VNM,2013,
Viet Nam,VNM,2012,
Viet Nam,VNM,2011,21.3694926755785
Virgin Islands (U.S.),VIR,2024,
Virgin Islands (U.S.),VIR,2023,
Virgin Islands (U.S.),VIR,2022,
Virgin Islands (U.S.),VIR,2021,
Virgin Islands (U.S.),VIR,2020,
Virgin Islands (U.S.),VIR,2019,
Virgin Islands (U.S.),VIR,2018,
Virgin Islands (U.S.),VIR,2017,
Virgin Islands (U.S.),VIR,2016,
Virgin Islands (U.S.),VIR,2015,
Virgin Islands (U.S.),VIR,2014,
Virgin Islands (U.S.),VIR,2013,
Virgin Islands (U.S.),VIR,2012,
Virgin Islands (U.S.),VIR,2011,
West Bank and Gaza,PSE,2024,39.6209836077699
West Bank and Gaza,PSE,2023,
West Bank and Gaza,PSE,2022,
West Bank and Gaza,PSE,2021,33.6425508866377
West Bank and Gaza,PSE,2020,
West Bank and Gaza,PSE,2019,
West Bank and Gaza,PSE,2018,
West Bank and Gaza,PSE,2017,25.0221747008253
West Bank and Gaza,PSE,2016,
West Bank and Gaza,PSE,2015,
West Bank and Gaza,PSE,2014,24.2438057330998
West Bank and Gaza,PSE,2013,
West Bank and Gaza,PSE,2012,
West Bank and Gaza,PSE,2011,19.4280315485088
"Yemen, Rep.",YEM,2024,
"Yemen, Rep.",YEM,2023,
"Yemen, Rep.",YEM,2022,11.9033656433415
"Yemen, Rep.",YEM,2021,
"Yemen, Rep.",YEM,2020,
"Yemen, Rep.",YEM,2019,
"Yemen, Rep.",YEM,2018,
"Yemen, Rep.",YEM,2017,
"Yemen, Rep.",YEM,2016,
"Yemen, Rep.",YEM,2015,
"Yemen, Rep.",YEM,2014,6.44848186259134
"Yemen, Rep.",YEM,2013,
"Yemen, Rep.",YEM,2012,
"Yemen, Rep.",YEM,2011,3.6599537986911
Zambia,ZMB,2024,72.7024245599811
Zambia,ZMB,2023,
Zambia,ZMB,2022,
Zambia,ZMB,2021,48.521887299618
Zambia,ZMB,2020,
Zambia,ZMB,2019,
Zambia,ZMB,2018,
Zambia,ZMB,2017,45.8632574748937
Zambia,ZMB,2016,
Zambia,ZMB,2015,
Zambia,ZMB,2014,35.644871301019
Zambia,ZMB,2013,
Zambia,ZMB,2012,
Zambia,ZMB,2011,21.3649091881019
Zimbabwe,ZWE,2024,49.5216018025126
Zimbabwe,ZWE,2023,
Zimbabwe,ZWE,2022,
Zimbabwe,ZWE,2021,59.7459292908934
Zimbabwe,ZWE,2020,
Zimbabwe,ZWE,2019,
Zimbabwe,ZWE,2018,
Zimbabwe,ZWE,2017,55.2851376051058
Zimbabwe,ZWE,2016,
Zimbabwe,ZWE,2015,
Zimbabwe,ZWE,2014,32.3892493998773
Zimbabwe,ZWE,2013,
Zimbabwe,ZWE,2012,
Zimbabwe,ZWE,2011,39.651208895891
