country_name,iso3,year,age_dependency_ratio_pct
Africa Eastern and Southern,AFE,2023,79.1475199128058
Africa Eastern and Southern,AFE,2022,79.8794634848445
Africa Eastern and Southern,AFE,2021,80.6343383343277
Africa Eastern and Southern,AFE,2020,81.4337765865991
Africa Eastern and Southern,AFE,2019,82.2360975117786
Africa Eastern and Southern,AFE,2018,83.0340977254466
Africa Eastern and Southern,AFE,2017,83.880531648472
Africa Eastern and Southern,AFE,2016,84.6520152076131
Africa Eastern and Southern,AFE,2015,85.3786910237359
Africa Eastern and Southern,AFE,2014,86.0934422011175
Africa Eastern and Southern,AFE,2013,86.7370985760153
Africa Western and Central,AFW,2023,81.2006205333408
Africa Western and Central,AFW,2022,82.4878950875457
Africa Western and Central,AFW,2021,83.6823171589061
Africa Western and Central,AFW,2020,84.8380363601754
Africa Western and Central,AFW,2019,85.8898197069607
Africa Western and Central,AFW,2018,86.7993838842782
Africa Western and Central,AFW,2017,87.6269769888551
Africa Western and Central,AFW,2016,88.3499211104941
Africa Western and Central,AFW,2015,88.891958589616
Africa Western and Central,AFW,2014,89.2343950733369
Africa Western and Central,AFW,2013,89.493683506662
Arab World,ARB,2023,60.8736861542823
Arab World,ARB,2022,61.6662320347198
Arab World,ARB,2021,62.3866911370143
Arab World,ARB,2020,62.7149980171102
Arab World,ARB,2019,63.0627189004981
Arab World,ARB,2018,63.2816800096952
Arab World,ARB,2017,63.345819094422
Arab World,ARB,2016,63.422729290121
Arab World,ARB,2015,63.534064295947
Arab World,ARB,2014,63.5583753221543
Arab World,ARB,2013,63.4202826235924
Caribbean small states,CSS,2023,47.0210883883126
Caribbean small states,CSS,2022,46.9036088509035
Caribbean small states,CSS,2021,46.8681192800349
Caribbean small states,CSS,2020,46.7892687086316
Caribbean small states,CSS,2019,46.425458114425
Caribbean small states,CSS,2018,46.4317367165704
Caribbean small states,CSS,2017,46.7083779838647
Caribbean small states,CSS,2016,46.7234084911368
Caribbean small states,CSS,2015,46.8251961598146
Caribbean small states,CSS,2014,46.9993123875897
Caribbean small states,CSS,2013,47.2469195369315
Central Europe and the Baltics,CEB,2023,54.6939636301782
Central Europe and the Baltics,CEB,2022,54.3056472950794
Central Europe and the Baltics,CEB,2021,53.8417678775833
Central Europe and the Baltics,CEB,2020,53.0479930484649
Central Europe and the Baltics,CEB,2019,51.9320838939649
Central Europe and the Baltics,CEB,2018,50.7192465068428
Central Europe and the Baltics,CEB,2017,49.5083912668037
Central Europe and the Baltics,CEB,2016,48.3136319496575
Central Europe and the Baltics,CEB,2015,47.1970122010847
Central Europe and the Baltics,CEB,2014,46.1683874948548
Central Europe and the Baltics,CEB,2013,45.2684287063652
Early-demographic dividend,EAR,2023,52.2880415042238
Early-demographic dividend,EAR,2022,52.7365412222389
Early-demographic dividend,EAR,2021,53.2455978237344
Early-demographic dividend,EAR,2020,53.7784426817019
Early-demographic dividend,EAR,2019,54.2615996767478
Early-demographic dividend,EAR,2018,54.701531215767
Early-demographic dividend,EAR,2017,55.1714309322017
Early-demographic dividend,EAR,2016,55.6901946626471
Early-demographic dividend,EAR,2015,56.2483245460123
Early-demographic dividend,EAR,2014,56.8292359529467
Early-demographic dividend,EAR,2013,57.4217819258392
East Asia & Pacific,EAS,2023,46.9520947781296
East Asia & Pacific,EAS,2022,46.9895242269893
East Asia & Pacific,EAS,2021,46.8942600216405
East Asia & Pacific,EAS,2020,46.68339033355
East Asia & Pacific,EAS,2019,46.2555576518288
East Asia & Pacific,EAS,2018,45.7331040990044
East Asia & Pacific,EAS,2017,45.0902595161222
East Asia & Pacific,EAS,2016,44.4216277235511
East Asia & Pacific,EAS,2015,43.9027061648034
East Asia & Pacific,EAS,2014,43.4347609731884
East Asia & Pacific,EAS,2013,43.012640112423
East Asia & Pacific (excluding high income),EAP,2023,45.69814605447
East Asia & Pacific (excluding high income),EAP,2022,45.7652173557674
East Asia & Pacific (excluding high income),EAP,2021,45.6960782082039
East Asia & Pacific (excluding high income),EAP,2020,45.5320192007852
East Asia & Pacific (excluding high income),EAP,2019,45.1232232496037
East Asia & Pacific (excluding high income),EAP,2018,44.5975225858069
East Asia & Pacific (excluding high income),EAP,2017,43.9480333294048
East Asia & Pacific (excluding high income),EAP,2016,43.2802003277158
East Asia & Pacific (excluding high income),EAP,2015,42.7880858046517
East Asia & Pacific (excluding high income),EAP,2014,42.367599274778
East Asia & Pacific (excluding high income),EAP,2013,42.0142765518996
East Asia & Pacific (IDA & IBRD countries),TEA,2023,45.7076443957817
East Asia & Pacific (IDA & IBRD countries),TEA,2022,45.7857734017158
East Asia & Pacific (IDA & IBRD countries),TEA,2021,45.7228870806412
East Asia & Pacific (IDA & IBRD countries),TEA,2020,45.5611855567184
East Asia & Pacific (IDA & IBRD countries),TEA,2019,45.1504679737526
East Asia & Pacific (IDA & IBRD countries),TEA,2018,44.6177097821435
East Asia & Pacific (IDA & IBRD countries),TEA,2017,43.9553387916124
East Asia & Pacific (IDA & IBRD countries),TEA,2016,43.2710899468432
East Asia & Pacific (IDA & IBRD countries),TEA,2015,42.7674882634495
East Asia & Pacific (IDA & IBRD countries),TEA,2014,42.339254309404
East Asia & Pacific (IDA & IBRD countries),TEA,2013,41.977569290603
Euro area,EMU,2023,57.3217786344779
Euro area,EMU,2022,56.9219822448382
Euro area,EMU,2021,56.4992700844189
Euro area,EMU,2020,56.0771709045201
Euro area,EMU,2019,55.6793605036225
Euro area,EMU,2018,55.2530940290045
Euro area,EMU,2017,54.7932435761892
Euro area,EMU,2016,54.2708281247875
Euro area,EMU,2015,53.7700054618589
Euro area,EMU,2014,53.2007543140472
Euro area,EMU,2013,52.5548746263971
Europe & Central Asia,ECS,2023,54.8264696030143
Europe & Central Asia,ECS,2022,54.3716990269456
Europe & Central Asia,ECS,2021,53.9045591989627
Europe & Central Asia,ECS,2020,53.388061755026
Europe & Central Asia,ECS,2019,52.7514075523511
Europe & Central Asia,ECS,2018,52.0803445377119
Europe & Central Asia,ECS,2017,51.4116357425629
Europe & Central Asia,ECS,2016,50.6827495333945
Europe & Central Asia,ECS,2015,49.9676301148477
Europe & Central Asia,ECS,2014,49.2420903373868
Europe & Central Asia,ECS,2013,48.5708950057181
Europe & Central Asia (excluding high income),ECA,2023,52.0940169721109
Europe & Central Asia (excluding high income),ECA,2022,51.6947321144612
Europe & Central Asia (excluding high income),ECA,2021,51.1892894487362
Europe & Central Asia (excluding high income),ECA,2020,50.5770693188753
Europe & Central Asia (excluding high income),ECA,2019,49.8253272859739
Europe & Central Asia (excluding high income),ECA,2018,49.1223515900201
Europe & Central Asia (excluding high income),ECA,2017,48.5297143518516
Europe & Central Asia (excluding high income),ECA,2016,47.9207445151428
Europe & Central Asia (excluding high income),ECA,2015,47.3694604048853
Europe & Central Asia (excluding high income),ECA,2014,46.9296300948615
Europe & Central Asia (excluding high income),ECA,2013,46.6911307499434
Europe & Central Asia (IDA & IBRD countries),TEC,2023,52.3359057439953
Europe & Central Asia (IDA & IBRD countries),TEC,2022,51.7867526535246
Europe & Central Asia (IDA & IBRD countries),TEC,2021,51.2093619550306
Europe & Central Asia (IDA & IBRD countries),TEC,2020,50.5381980899331
Europe & Central Asia (IDA & IBRD countries),TEC,2019,49.6575441633859
Europe & Central Asia (IDA & IBRD countries),TEC,2018,48.7582187106284
Europe & Central Asia (IDA & IBRD countries),TEC,2017,47.9004287970495
Europe & Central Asia (IDA & IBRD countries),TEC,2016,46.9761520517742
Europe & Central Asia (IDA & IBRD countries),TEC,2015,46.0618665434986
Europe & Central Asia (IDA & IBRD countries),TEC,2014,45.185279569699
Europe & Central Asia (IDA & IBRD countries),TEC,2013,44.4988408068956
European Union,EUU,2023,56.8976123285523
European Union,EUU,2022,56.5156935549548
European Union,EUU,2021,56.0988168476598
European Union,EUU,2020,55.6024414925754
European Union,EUU,2019,55.0620558377076
European Union,EUU,2018,54.4868374671707
European Union,EUU,2017,53.8885868818956
European Union,EUU,2016,53.2447139503477
European Union,EUU,2015,52.6272054825201
European Union,EUU,2014,51.9661444030286
European Union,EUU,2013,51.2642219662949
Heavily indebted poor countries (HIPC),HPC,2023,81.793890696225
Heavily indebted poor countries (HIPC),HPC,2022,82.6647371462242
Heavily indebted poor countries (HIPC),HPC,2021,83.5134033679316
Heavily indebted poor countries (HIPC),HPC,2020,84.3597118742988
Heavily indebted poor countries (HIPC),HPC,2019,85.1549341066138
Heavily indebted poor countries (HIPC),HPC,2018,85.9155162280725
Heavily indebted poor countries (HIPC),HPC,2017,86.762446107655
Heavily indebted poor countries (HIPC),HPC,2016,87.688125143619
Heavily indebted poor countries (HIPC),HPC,2015,88.5491927601933
Heavily indebted poor countries (HIPC),HPC,2014,89.3133586669558
Heavily indebted poor countries (HIPC),HPC,2013,90.0430516439304
High income,,2023,54.5199696910763
High income,,2022,54.1866661711885
High income,,2021,53.8614011574197
High income,,2020,53.3922636233294
High income,,2019,52.8759871811917
High income,,2018,52.3173363447275
High income,,2017,51.706673617484
High income,,2016,51.0678498079036
High income,,2015,50.4615212214975
High income,,2014,49.8125829530412
High income,,2013,49.1250244673325
IBRD only,IBD,2023,47.818159491664
IBRD only,IBD,2022,47.9909411415654
IBRD only,IBD,2021,48.1419415748928
IBRD only,IBD,2020,48.2695787934226
IBRD only,IBD,2019,48.2369022845809
IBRD only,IBD,2018,48.1240808283455
IBRD only,IBD,2017,47.9692770335215
IBRD only,IBD,2016,47.8074148958697
IBRD only,IBD,2015,47.721633861891
IBRD only,IBD,2014,47.681477083612
IBRD only,IBD,2013,47.70938534859
IDA & IBRD total,IBT,2023,55.0211031881871
IDA & IBRD total,IBT,2022,55.2708415397862
IDA & IBRD total,IBT,2021,55.4935672892778
IDA & IBRD total,IBT,2020,55.6957756641766
IDA & IBRD total,IBT,2019,55.7733412340898
IDA & IBRD total,IBT,2018,55.7829313446627
IDA & IBRD total,IBT,2017,55.7607435707122
IDA & IBRD total,IBT,2016,55.734089560768
IDA & IBRD total,IBT,2015,55.7516074739773
IDA & IBRD total,IBT,2014,55.774808384335
IDA & IBRD total,IBT,2013,55.8297140792073
IDA blend,IDB,2023,73.6072157316604
IDA blend,IDB,2022,74.5058735707835
IDA blend,IDB,2021,75.4087276907605
IDA blend,IDB,2020,76.3354305728056
IDA blend,IDB,2019,77.1626205729215
IDA blend,IDB,2018,77.8689619229271
IDA blend,IDB,2017,78.5184745487292
IDA blend,IDB,2016,79.0530272778834
IDA blend,IDB,2015,79.4361883346782
IDA blend,IDB,2014,79.7125917562551
IDA blend,IDB,2013,79.9382269112052
IDA only,IDX,2023,73.8165029657812
IDA only,IDX,2022,74.5006757962137
IDA only,IDX,2021,75.1445310770141
IDA only,IDX,2020,75.7652480128717
IDA only,IDX,2019,76.386597446656
IDA only,IDX,2018,77.0052686728965
IDA only,IDX,2017,77.6390618576164
IDA only,IDX,2016,78.3277128231725
IDA only,IDX,2015,79.0249955401761
IDA only,IDX,2014,79.5978569547764
IDA only,IDX,2013,80.0668882557056
IDA total,IDA,2023,73.7435198279468
IDA total,IDA,2022,74.5024921432379
IDA total,IDA,2021,75.2369886973879
IDA total,IDA,2020,75.9650952379781
IDA total,IDA,2019,76.6591434095273
IDA total,IDA,2018,77.3092557578188
IDA total,IDA,2017,77.9491143853012
IDA total,IDA,2016,78.5838704393543
IDA total,IDA,2015,79.1704451867142
IDA total,IDA,2014,79.6384675153619
IDA total,IDA,2013,80.0213432697518
Late-demographic dividend,LTE,2023,45.7274968602788
Late-demographic dividend,LTE,2022,45.6159352638624
Late-demographic dividend,LTE,2021,45.3804267986632
Late-demographic dividend,LTE,2020,45.0348784174004
Late-demographic dividend,LTE,2019,44.4561786341454
Late-demographic dividend,LTE,2018,43.7762038804526
Late-demographic dividend,LTE,2017,42.9801348782392
Late-demographic dividend,LTE,2016,42.1551508072235
Late-demographic dividend,LTE,2015,41.4889414904926
Late-demographic dividend,LTE,2014,40.896653472047
Late-demographic dividend,LTE,2013,40.4063471896571
Latin America & Caribbean,LCN,2023,48.0735132216367
Latin America & Caribbean,LCN,2022,48.2673836971777
Latin America & Caribbean,LCN,2021,48.5386444533844
Latin America & Caribbean,LCN,2020,48.8575518918781
Latin America & Caribbean,LCN,2019,49.1242535180204
Latin America & Caribbean,LCN,2018,49.337058122132
Latin America & Caribbean,LCN,2017,49.5891221985911
Latin America & Caribbean,LCN,2016,49.9130307776967
Latin America & Caribbean,LCN,2015,50.2815406891043
Latin America & Caribbean,LCN,2014,50.6731482360136
Latin America & Caribbean,LCN,2013,51.1220703428166
Latin America & Caribbean (excluding high income),LAC,2023,48.0991204418165
Latin America & Caribbean (excluding high income),LAC,2022,48.3043579045081
Latin America & Caribbean (excluding high income),LAC,2021,48.5902492266154
Latin America & Caribbean (excluding high income),LAC,2020,48.9285089181044
Latin America & Caribbean (excluding high income),LAC,2019,49.2136276430209
Latin America & Caribbean (excluding high income),LAC,2018,49.434616836003
Latin America & Caribbean (excluding high income),LAC,2017,49.6976703725502
Latin America & Caribbean (excluding high income),LAC,2016,50.0431672288292
Latin America & Caribbean (excluding high income),LAC,2015,50.434719126405
Latin America & Caribbean (excluding high income),LAC,2014,50.8501157337287
Latin America & Caribbean (excluding high income),LAC,2013,51.3210854892842
Latin America & the Caribbean (IDA & IBRD countries),TLA,2023,48.062226839005
Latin America & the Caribbean (IDA & IBRD countries),TLA,2022,48.2673534970817
Latin America & the Caribbean (IDA & IBRD countries),TLA,2021,48.5483424657499
Latin America & the Caribbean (IDA & IBRD countries),TLA,2020,48.8787695366365
Latin America & the Caribbean (IDA & IBRD countries),TLA,2019,49.1597766139075
Latin America & the Caribbean (IDA & IBRD countries),TLA,2018,49.3848297908743
Latin America & the Caribbean (IDA & IBRD countries),TLA,2017,49.6528119860892
Latin America & the Caribbean (IDA & IBRD countries),TLA,2016,49.9950062435622
Latin America & the Caribbean (IDA & IBRD countries),TLA,2015,50.3777223226227
Latin America & the Caribbean (IDA & IBRD countries),TLA,2014,50.7837413649151
Latin America & the Caribbean (IDA & IBRD countries),TLA,2013,51.2482583734402
Least developed countries: UN classification,LDC,2023,75.9029001012385
Least developed countries: UN classification,LDC,2022,76.5535196974358
Least developed countries: UN classification,LDC,2021,77.1657215448482
Least developed countries: UN classification,LDC,2020,77.75591807108
Least developed countries: UN classification,LDC,2019,78.3337468152623
Least developed countries: UN classification,LDC,2018,78.8877033137773
Least developed countries: UN classification,LDC,2017,79.4730830664692
Least developed countries: UN classification,LDC,2016,80.1435064427343
Least developed countries: UN classification,LDC,2015,80.861397968397
Least developed countries: UN classification,LDC,2014,81.5348742785051
Least developed countries: UN classification,LDC,2013,82.1809593468535
Low & middle income,LMY,2023,55.0996828961513
Low & middle income,LMY,2022,55.3773078161756
Low & middle income,LMY,2021,55.6271339682745
Low & middle income,LMY,2020,55.8605317520263
Low & middle income,LMY,2019,55.9757503189578
Low & middle income,LMY,2018,56.0247304756598
Low & middle income,LMY,2017,56.0441624731222
Low & middle income,LMY,2016,56.0659755075798
Low & middle income,LMY,2015,56.1355384387487
Low & middle income,LMY,2014,56.2127002694723
Low & middle income,LMY,2013,56.3174723411717
Low income,,2023,81.8431048376736
Low income,,2022,82.7524625287922
Low income,,2021,83.6106088769216
Low income,,2020,84.4636232511578
Low income,,2019,85.3536015592348
Low income,,2018,86.2974008497916
Low income,,2017,87.2413885937532
Low income,,2016,88.1513674962001
Low income,,2015,88.9492119204211
Low income,,2014,89.5046630808281
Low income,,2013,89.8925174269008
Lower middle income,,2023,57.2100902791274
Lower middle income,,2022,57.7189166816091
Lower middle income,,2021,58.2741810188431
Lower middle income,,2020,58.8736548449681
Lower middle income,,2019,59.4158356059453
Lower middle income,,2018,59.9052779021468
Lower middle income,,2017,60.4249246113683
Lower middle income,,2016,60.995111562884
Lower middle income,,2015,61.5674857759238
Lower middle income,,2014,62.1339675344056
Lower middle income,,2013,62.7307863630523
"Middle East, North Africa, Afghanistan & Pakistan",MEA,2023,61.0606315618958
"Middle East, North Africa, Afghanistan & Pakistan",MEA,2022,61.7359305196421
"Middle East, North Africa, Afghanistan & Pakistan",MEA,2021,62.4085708183374
"Middle East, North Africa, Afghanistan & Pakistan",MEA,2020,62.8447455496645
"Middle East, North Africa, Afghanistan & Pakistan",MEA,2019,63.2135845759611
"Middle East, North Africa, Afghanistan & Pakistan",MEA,2018,63.4405340291193
"Middle East, North Africa, Afghanistan & Pakistan",MEA,2017,63.5175196738813
"Middle East, North Africa, Afghanistan & Pakistan",MEA,2016,63.5611531977801
"Middle East, North Africa, Afghanistan & Pakistan",MEA,2015,63.6239984941752
"Middle East, North Africa, Afghanistan & Pakistan",MEA,2014,63.61838506492
"Middle East, North Africa, Afghanistan & Pakistan",MEA,2013,63.5243000851814
"Middle East, North Africa, Afghanistan & Pakistan (excluding high income)",MNA,2023,63.2711410507435
"Middle East, North Africa, Afghanistan & Pakistan (excluding high income)",MNA,2022,63.8942367111251
"Middle East, North Africa, Afghanistan & Pakistan (excluding high income)",MNA,2021,64.4976807571805
"Middle East, North Africa, Afghanistan & Pakistan (excluding high income)",MNA,2020,65.0338430244032
"Middle East, North Africa, Afghanistan & Pakistan (excluding high income)",MNA,2019,65.4348446071677
"Middle East, North Africa, Afghanistan & Pakistan (excluding high income)",MNA,2018,65.7503007559934
"Middle East, North Africa, Afghanistan & Pakistan (excluding high income)",MNA,2017,65.9530678989896
"Middle East, North Africa, Afghanistan & Pakistan (excluding high income)",MNA,2016,66.0376253936308
"Middle East, North Africa, Afghanistan & Pakistan (excluding high income)",MNA,2015,66.0311595309876
"Middle East, North Africa, Afghanistan & Pakistan (excluding high income)",MNA,2014,65.9155394717964
"Middle East, North Africa, Afghanistan & Pakistan (excluding high income)",MNA,2013,65.7404372424163
"Middle East, North Africa, Afghanistan & Pakistan (IDA & IBRD)",TMN,2023,63.2022253845333
"Middle East, North Africa, Afghanistan & Pakistan (IDA & IBRD)",TMN,2022,63.8255081102546
"Middle East, North Africa, Afghanistan & Pakistan (IDA & IBRD)",TMN,2021,64.4280751406071
"Middle East, North Africa, Afghanistan & Pakistan (IDA & IBRD)",TMN,2020,64.9637013444812
"Middle East, North Africa, Afghanistan & Pakistan (IDA & IBRD)",TMN,2019,65.364902785694
"Middle East, North Africa, Afghanistan & Pakistan (IDA & IBRD)",TMN,2018,65.681978616962
"Middle East, North Africa, Afghanistan & Pakistan (IDA & IBRD)",TMN,2017,65.886574403853
"Middle East, North Africa, Afghanistan & Pakistan (IDA & IBRD)",TMN,2016,65.9703177571346
"Middle East, North Africa, Afghanistan & Pakistan (IDA & IBRD)",TMN,2015,65.9605958941891
"Middle East, North Africa, Afghanistan & Pakistan (IDA & IBRD)",TMN,2014,65.8402476705282
"Middle East, North Africa, Afghanistan & Pakistan (IDA & IBRD)",TMN,2013,65.6588002060007
Middle income,MIC,2023,51.8189745057549
Middle income,MIC,2022,52.0836967031416
Middle income,MIC,2021,52.323151823997
Middle income,MIC,2020,52.5459885498259
Middle income,MIC,2019,52.6346183640964
Middle income,MIC,2018,52.6445445818233
Middle income,MIC,2017,52.6200597201489
Middle income,MIC,2016,52.5996852402886
Middle income,MIC,2015,52.6422712897293
Middle income,MIC,2014,52.7146389189912
Middle income,MIC,2013,52.8325363551064
North America,NAC,2023,53.8176370871365
North America,NAC,2022,53.3009492606245
North America,NAC,2021,52.856652950058
North America,NAC,2020,52.4460933000678
North America,NAC,2019,51.9839252362171
North America,NAC,2018,51.4948859923699
North America,NAC,2017,51.0199804302156
North America,NAC,2016,50.5474767196138
North America,NAC,2015,50.10045473104
North America,NAC,2014,49.6395786217625
North America,NAC,2013,49.148943594214
Not classified,,2023,
Not classified,,2022,
Not classified,,2021,
Not classified,,2020,
Not classified,,2019,
Not classified,,2018,
Not classified,,2017,
Not classified,,2016,
Not classified,,2015,
Not classified,,2014,
Not classified,,2013,
OECD members,OED,2023,54.6273621519666
OECD members,OED,2022,54.3885661754065
OECD members,OED,2021,54.1538307435127
OECD members,OED,2020,53.8583145766769
OECD members,OED,2019,53.5203649736479
OECD members,OED,2018,53.1839546259552
OECD members,OED,2017,52.8513562029859
OECD members,OED,2016,52.4884868627456
OECD members,OED,2015,52.1287902773923
OECD members,OED,2014,51.7379848964105
OECD members,OED,2013,51.2878003645858
Other small states,OSS,2023,52.210445993158
Other small states,OSS,2022,52.492007188242
Other small states,OSS,2021,52.8768202622496
Other small states,OSS,2020,53.2509049137526
Other small states,OSS,2019,53.6212686743385
Other small states,OSS,2018,54.0545833750716
Other small states,OSS,2017,54.5089414957949
Other small states,OSS,2016,54.8626577298136
Other small states,OSS,2015,55.1368368679275
Other small states,OSS,2014,55.4126909543487
Other small states,OSS,2013,55.6550228390544
Pacific island small states,PSS,2023,63.8121861194135
Pacific island small states,PSS,2022,64.2242845622333
Pacific island small states,PSS,2021,64.5631231138198
Pacific island small states,PSS,2020,64.8919820090283
Pacific island small states,PSS,2019,65.1344627768092
Pacific island small states,PSS,2018,65.2776904411932
Pacific island small states,PSS,2017,65.3755525471063
Pacific island small states,PSS,2016,65.4351988396864
Pacific island small states,PSS,2015,65.529742875963
Pacific island small states,PSS,2014,65.6390755750649
Pacific island small states,PSS,2013,65.7534843347364
Post-demographic dividend,PST,2023,56.1461765540775
Post-demographic dividend,PST,2022,55.7700582490351
Post-demographic dividend,PST,2021,55.3937985449433
Post-demographic dividend,PST,2020,54.9648232486113
Post-demographic dividend,PST,2019,54.4986641693808
Post-demographic dividend,PST,2018,54.0162380914998
Post-demographic dividend,PST,2017,53.4910449597582
Post-demographic dividend,PST,2016,52.9101119364732
Post-demographic dividend,PST,2015,52.326434443208
Post-demographic dividend,PST,2014,51.6805025824527
Post-demographic dividend,PST,2013,50.97850276236
Pre-demographic dividend,PRE,2023,82.9321835091833
Pre-demographic dividend,PRE,2022,84.0109818493009
Pre-demographic dividend,PRE,2021,85.0336256399281
Pre-demographic dividend,PRE,2020,86.0340733729236
Pre-demographic dividend,PRE,2019,86.978022563685
Pre-demographic dividend,PRE,2018,87.8483931733163
Pre-demographic dividend,PRE,2017,88.6953251540623
Pre-demographic dividend,PRE,2016,89.4967496878827
Pre-demographic dividend,PRE,2015,90.1810080003017
Pre-demographic dividend,PRE,2014,90.6948038594263
Pre-demographic dividend,PRE,2013,91.1290024227968
Small states,SST,2023,52.597055673253
Small states,SST,2022,52.7956860780919
Small states,SST,2021,53.0686265270687
Small states,SST,2020,53.3228170522854
Small states,SST,2019,53.4969526634758
Small states,SST,2018,53.7889465179009
Small states,SST,2017,54.1493874239456
Small states,SST,2016,54.3732040121295
Small states,SST,2015,54.5721390338653
Small states,SST,2014,54.7908708681619
Small states,SST,2013,55.0069330274301
South Asia,SAS,2023,47.8197718202639
South Asia,SAS,2022,48.2657152530905
South Asia,SAS,2021,48.8132633790214
South Asia,SAS,2020,49.4468704959794
South Asia,SAS,2019,50.0582287685015
South Asia,SAS,2018,50.6650536202901
South Asia,SAS,2017,51.3486656958703
South Asia,SAS,2016,52.1373690417707
South Asia,SAS,2015,52.97662280478
South Asia,SAS,2014,53.8473608562814
South Asia,SAS,2013,54.7640625659773
South Asia (IDA & IBRD),TSA,2023,47.8197718202639
South Asia (IDA & IBRD),TSA,2022,48.2657152530905
South Asia (IDA & IBRD),TSA,2021,48.8132633790215
South Asia (IDA & IBRD),TSA,2020,49.4468704959794
South Asia (IDA & IBRD),TSA,2019,50.0582287685015
South Asia (IDA & IBRD),TSA,2018,50.6650536202901
South Asia (IDA & IBRD),TSA,2017,51.3486656958703
South Asia (IDA & IBRD),TSA,2016,52.1373690417707
South Asia (IDA & IBRD),TSA,2015,52.97662280478
South Asia (IDA & IBRD),TSA,2014,53.8473608562814
South Asia (IDA & IBRD),TSA,2013,54.7640625659773
Sub-Saharan Africa,SSF,2023,79.9765796187097
Sub-Saharan Africa,SSF,2022,80.933648585939
Sub-Saharan Africa,SSF,2021,81.8681605963693
Sub-Saharan Africa,SSF,2020,82.814231421474
Sub-Saharan Africa,SSF,2019,83.7204794175639
Sub-Saharan Africa,SSF,2018,84.5664075979401
Sub-Saharan Africa,SSF,2017,85.4070868330434
Sub-Saharan Africa,SSF,2016,86.1590503081875
Sub-Saharan Africa,SSF,2015,86.8103044850872
Sub-Saharan Africa,SSF,2014,87.3733995542276
Sub-Saharan Africa,SSF,2013,87.8603061015355
Sub-Saharan Africa (excluding high income),SSA,2023,79.9804024588095
Sub-Saharan Africa (excluding high income),SSA,2022,80.9376659786723
Sub-Saharan Africa (excluding high income),SSA,2021,81.8716670040506
Sub-Saharan Africa (excluding high income),SSA,2020,82.8179069472083
Sub-Saharan Africa (excluding high income),SSA,2019,83.7243071732306
Sub-Saharan Africa (excluding high income),SSA,2018,84.5703753205826
Sub-Saharan Africa (excluding high income),SSA,2017,85.4111876988047
Sub-Saharan Africa (excluding high income),SSA,2016,86.1632580559075
Sub-Saharan Africa (excluding high income),SSA,2015,86.8145976447354
Sub-Saharan Africa (excluding high income),SSA,2014,87.3777305656688
Sub-Saharan Africa (excluding high income),SSA,2013,87.8646996458053
Sub-Saharan Africa (IDA & IBRD countries),TSS,2023,79.9765796187097
Sub-Saharan Africa (IDA & IBRD countries),TSS,2022,80.933648585939
Sub-Saharan Africa (IDA & IBRD countries),TSS,2021,81.8681605963693
Sub-Saharan Africa (IDA & IBRD countries),TSS,2020,82.814231421474
Sub-Saharan Africa (IDA & IBRD countries),TSS,2019,83.7204794175639
Sub-Saharan Africa (IDA & IBRD countries),TSS,2018,84.5664075979401
Sub-Saharan Africa (IDA & IBRD countries),TSS,2017,85.4070868330434
Sub-Saharan Africa (IDA & IBRD countries),TSS,2016,86.1590503081875
Sub-Saharan Africa (IDA & IBRD countries),TSS,2015,86.8103044850871
Sub-Saharan Africa (IDA & IBRD countries),TSS,2014,87.3733995542276
Sub-Saharan Africa (IDA & IBRD countries),TSS,2013,87.8603061015355
Upper middle income,,2023,46.7597112263914
Upper middle income,,2022,46.8509489161709
Upper middle income,,2021,46.8501956535242
Upper middle income,,2020,46.7749363461314
Upper middle income,,2019,46.4974283033452
Upper middle income,,2018,46.1164055141863
Upper middle income,,2017,45.6453896121778
Upper middle income,,2016,45.143106634385
Upper middle income,,2015,44.7659453761806
Upper middle income,,2014,44.4542064287521
Upper middle income,,2013,44.2083819862321
World,WLD,2023,54.9984396502616
World,WLD,2022,55.1689408294339
World,WLD,2021,55.3168185178183
World,WLD,2020,55.4226000371452
World,WLD,2019,55.4218272838139
World,WLD,2018,55.3576302316771
World,WLD,2017,55.257811059819
World,WLD,2016,55.1535633026425
World,WLD,2015,55.0939189271216
World,WLD,2014,55.0312097055056
World,WLD,2013,54.9808812249902
Afghanistan,AFG,2023,83.8361728436287
Afghanistan,AFG,2022,84.9624893289139
Afghanistan,AFG,2021,86.0834681804276
Afghanistan,AFG,2020,87.2478169146763
Afghanistan,AFG,2019,88.5120276122222
Afghanistan,AFG,2018,89.8496059758101
Afghanistan,AFG,2017,91.2936186853936
Afghanistan,AFG,2016,92.8898712202104
Afghanistan,AFG,2015,94.6132337112821
Afghanistan,AFG,2014,96.3463937851296
Afghanistan,AFG,2013,98.063558808759
Albania,ALB,2023,50.0239189058889
Albania,ALB,2022,49.2510463435051
Albania,ALB,2021,48.4416017247105
Albania,ALB,2020,47.6864712685303
Albania,ALB,2019,47.0423753077936
Albania,ALB,2018,46.5089324540399
Albania,ALB,2017,46.1747781810153
Albania,ALB,2016,46.0418641879175
Albania,ALB,2015,46.063682495576
Albania,ALB,2014,46.0990797197022
Albania,ALB,2013,46.2294891341532
Algeria,DZA,2023,58.7709984775404
Algeria,DZA,2022,58.8011272175164
Algeria,DZA,2021,58.5563473141813
Algeria,DZA,2020,58.0691549149887
Algeria,DZA,2019,57.267808691031
Algeria,DZA,2018,56.150085883397
Algeria,DZA,2017,54.8295659548088
Algeria,DZA,2016,53.4355011716106
Algeria,DZA,2015,52.0627486223853
Algeria,DZA,2014,50.6955957906435
Algeria,DZA,2013,49.4268366050018
American Samoa,ASM,2023,53.9939725849833
American Samoa,ASM,2022,54.2501595405233
American Samoa,ASM,2021,55.1793707836832
American Samoa,ASM,2020,56.3403292698253
American Samoa,ASM,2019,57.1339154383
American Samoa,ASM,2018,57.4556926788531
American Samoa,ASM,2017,57.8470671032098
American Samoa,ASM,2016,58.2654266759565
American Samoa,ASM,2015,58.6831917894547
American Samoa,ASM,2014,59.0853640393942
American Samoa,ASM,2013,59.578051591171
Andorra,AND,2023,38.2484697192491
Andorra,AND,2022,38.168706445238
Andorra,AND,2021,38.19592628516
Andorra,AND,2020,38.1539010890912
Andorra,AND,2019,38.0123080254823
Andorra,AND,2018,38.3256344663857
Andorra,AND,2017,38.7983591750715
Andorra,AND,2016,39.1038735787242
Andorra,AND,2015,39.3616405028095
Andorra,AND,2014,39.5371281507834
Andorra,AND,2013,39.4617752884009
Angola,AGO,2023,90.0552252752265
Angola,AGO,2022,90.5895118569742
Angola,AGO,2021,91.0363983104785
Angola,AGO,2020,91.3698274972374
Angola,AGO,2019,91.6470396304726
Angola,AGO,2018,91.902769414907
Angola,AGO,2017,92.0715542905016
Angola,AGO,2016,92.1880041070431
Angola,AGO,2015,92.1805019005926
Angola,AGO,2014,92.0505618911043
Angola,AGO,2013,91.9497035468882
Antigua and Barbuda,ATG,2023,41.7566725911073
Antigua and Barbuda,ATG,2022,41.4482905722469
Antigua and Barbuda,ATG,2021,41.0892979909862
Antigua and Barbuda,ATG,2020,40.7838869387943
Antigua and Barbuda,ATG,2019,40.6075902613192
Antigua and Barbuda,ATG,2018,40.6810867681644
Antigua and Barbuda,ATG,2017,40.8522629964658
Antigua and Barbuda,ATG,2016,41.0194517155441
Antigua and Barbuda,ATG,2015,41.382691060896
Antigua and Barbuda,ATG,2014,41.8515085655842
Antigua and Barbuda,ATG,2013,42.3716756931533
Argentina,ARG,2023,52.4243366823125
Argentina,ARG,2022,53.3385463867822
Argentina,ARG,2021,54.2195244410156
Argentina,ARG,2020,55.0207968902513
Argentina,ARG,2019,55.5931801951266
Argentina,ARG,2018,55.8529254060554
Argentina,ARG,2017,55.9728015245357
Argentina,ARG,2016,56.0461721346243
Argentina,ARG,2015,56.0522891497333
Argentina,ARG,2014,56.0256427923844
Argentina,ARG,2013,56.0487044709811
Armenia,ARM,2023,48.7129653645231
Armenia,ARM,2022,48.7601980797249
Armenia,ARM,2021,48.4759951441955
Armenia,ARM,2020,48.1754870679756
Armenia,ARM,2019,47.8107543362811
Armenia,ARM,2018,47.4127303230816
Armenia,ARM,2017,46.8188831337656
Armenia,ARM,2016,45.9130890185114
Armenia,ARM,2015,45.0074829961521
Armenia,ARM,2014,44.220347328995
Armenia,ARM,2013,43.5955735295585
Aruba,ABW,2023,50.499754678629
Aruba,ABW,2022,49.8010748935576
Aruba,ABW,2021,49.3199495334618
Aruba,ABW,2020,48.8784687945596
Aruba,ABW,2019,48.0999783009656
Aruba,ABW,2018,47.1166704939956
Aruba,ABW,2017,46.125005039442
Aruba,ABW,2016,45.1551319021681
Aruba,ABW,2015,44.2477876106195
Aruba,ABW,2014,43.5153583617747
Aruba,ABW,2013,43.0385229703024
Australia,AUS,2023,54.8330501591457
Australia,AUS,2022,54.5847718434653
Australia,AUS,2021,54.2558157593525
Australia,AUS,2020,53.6061246381616
Australia,AUS,2019,52.9197584315896
Australia,AUS,2018,52.4455151692804
Australia,AUS,2017,52.0424214921712
Australia,AUS,2016,51.6034455745862
Australia,AUS,2015,51.0633010294012
Australia,AUS,2014,50.4910608998852
Australia,AUS,2013,49.9243673123919
Austria,AUT,2023,52.5940837665189
Austria,AUT,2022,51.8277987141945
Austria,AUT,2021,51.1110949880295
Austria,AUT,2020,50.5184076844052
Austria,AUT,2019,50.0670998710729
Austria,AUT,2018,49.6838960625127
Austria,AUT,2017,49.3109345699699
Austria,AUT,2016,48.9558627535325
Austria,AUT,2015,48.7326907012931
Austria,AUT,2014,48.5645070083682
Austria,AUT,2013,48.309248026685
Azerbaijan,AZE,2023,43.5853062725148
Azerbaijan,AZE,2022,43.5216840131791
Azerbaijan,AZE,2021,43.4555527993272
Azerbaijan,AZE,2020,43.4171493479948
Azerbaijan,AZE,2019,43.2140002863056
Azerbaijan,AZE,2018,43.1245500256305
Azerbaijan,AZE,2017,42.9697743409433
Azerbaijan,AZE,2016,42.2694499411257
Azerbaijan,AZE,2015,41.3385630702997
Azerbaijan,AZE,2014,40.4458230491559
Azerbaijan,AZE,2013,39.5493100261129
"Bahamas, The",BHS,2023,42.5030859572889
"Bahamas, The",BHS,2022,42.8637655742948
"Bahamas, The",BHS,2021,43.3284637748239
"Bahamas, The",BHS,2020,43.8089875395067
"Bahamas, The",BHS,2019,44.2462318904142
"Bahamas, The",BHS,2018,44.6775197739489
"Bahamas, The",BHS,2017,45.1063165639795
"Bahamas, The",BHS,2016,45.5428202800927
"Bahamas, The",BHS,2015,45.9533368684191
"Bahamas, The",BHS,2014,46.3160634254812
"Bahamas, The",BHS,2013,46.6782269426683
Bahrain,BHR,2023,29.2488272145239
Bahrain,BHR,2022,29.162123903701
Bahrain,BHR,2021,29.4587458973084
Bahrain,BHR,2020,30.1633978549003
Bahrain,BHR,2019,30.0473734261812
Bahrain,BHR,2018,29.2252286021823
Bahrain,BHR,2017,28.8517118099219
Bahrain,BHR,2016,29.2420004774886
Bahrain,BHR,2015,30.0347975111287
Bahrain,BHR,2014,29.7957527310642
Bahrain,BHR,2013,28.559733768845
Bangladesh,BGD,2023,53.0958193080833
Bangladesh,BGD,2022,53.6222137721463
Bangladesh,BGD,2021,53.9605921368888
Bangladesh,BGD,2020,54.0679893713504
Bangladesh,BGD,2019,54.1751879343991
Bangladesh,BGD,2018,54.3273751721014
Bangladesh,BGD,2017,54.6436395397794
Bangladesh,BGD,2016,55.3718768318608
Bangladesh,BGD,2015,56.4576539922494
Bangladesh,BGD,2014,57.6363999788042
Bangladesh,BGD,2013,58.8576060722821
Barbados,BRB,2023,50.5580529737051
Barbados,BRB,2022,50.2051022851214
Barbados,BRB,2021,49.6166083359847
Barbados,BRB,2020,48.8811373606046
Barbados,BRB,2019,48.226277449213
Barbados,BRB,2018,47.7558518393751
Barbados,BRB,2017,47.4374694122414
Barbados,BRB,2016,47.3018181051877
Barbados,BRB,2015,47.2880085313962
Barbados,BRB,2014,47.2307000608289
Barbados,BRB,2013,47.1514727548306
Belarus,BLR,2023,50.9143686597634
Belarus,BLR,2022,50.3005336051361
Belarus,BLR,2021,49.5726145295303
Belarus,BLR,2020,48.7665398549662
Belarus,BLR,2019,47.8095536382012
Belarus,BLR,2018,46.8866982731588
Belarus,BLR,2017,46.0096589692623
Belarus,BLR,2016,44.9447620155531
Belarus,BLR,2015,43.8491045346394
Belarus,BLR,2014,42.7175640732647
Belarus,BLR,2013,41.6902824364542
Belgium,BEL,2023,57.321807211007
Belgium,BEL,2022,56.9781655092647
Belgium,BEL,2021,56.5798437606637
Belgium,BEL,2020,56.3096171847589
Belgium,BEL,2019,56.0563384873172
Belgium,BEL,2018,55.6547268372572
Belgium,BEL,2017,55.1767824380792
Belgium,BEL,2016,54.6532925416515
Belgium,BEL,2015,54.2185860669473
Belgium,BEL,2014,53.7527116455187
Belgium,BEL,2013,53.1602786566966
Belize,BLZ,2023,46.7004478384213
Belize,BLZ,2022,47.7523452432926
Belize,BLZ,2021,49.0639810873278
Belize,BLZ,2020,50.1056237949285
Belize,BLZ,2019,51.0387510716341
Belize,BLZ,2018,51.8971867784178
Belize,BLZ,2017,52.9365964003541
Belize,BLZ,2016,54.3992819917954
Belize,BLZ,2015,56.037974628114
Belize,BLZ,2014,57.6530335616562
Belize,BLZ,2013,59.3654806943233
Benin,BEN,2023,81.5677814531873
Benin,BEN,2022,82.425708214612
Benin,BEN,2021,83.3042640253888
Benin,BEN,2020,84.1388233696318
Benin,BEN,2019,84.8779371019408
Benin,BEN,2018,85.5069960528249
Benin,BEN,2017,85.9975863127993
Benin,BEN,2016,86.3703118821361
Benin,BEN,2015,86.6908725796141
Benin,BEN,2014,87.0172121898555
Benin,BEN,2013,87.3352984395774
Bermuda,BMU,2023,53.3515050959943
Bermuda,BMU,2022,52.1358082706767
Bermuda,BMU,2021,51.0067270858638
Bermuda,BMU,2020,49.9499243041807
Bermuda,BMU,2019,48.9232699142797
Bermuda,BMU,2018,48.0150264353956
Bermuda,BMU,2017,47.2496931236538
Bermuda,BMU,2016,46.428653850592
Bermuda,BMU,2015,45.7970548370052
Bermuda,BMU,2014,45.5084745762712
Bermuda,BMU,2013,45.2621958185765
Bhutan,BTN,2023,38.5621629050646
Bhutan,BTN,2022,39.4402135580812
Bhutan,BTN,2021,40.4434390615407
Bhutan,BTN,2020,41.6259265390204
Bhutan,BTN,2019,43.0441182246478
Bhutan,BTN,2018,44.6530941741602
Bhutan,BTN,2017,46.3188256242944
Bhutan,BTN,2016,47.5487362412969
Bhutan,BTN,2015,48.341365124002
Bhutan,BTN,2014,49.111096196049
Bhutan,BTN,2013,49.8361719182554
Bolivia,BOL,2023,55.5037371721243
Bolivia,BOL,2022,56.1953486531378
Bolivia,BOL,2021,57.0117014045263
Bolivia,BOL,2020,57.9125889872922
Bolivia,BOL,2019,58.713758032825
Bolivia,BOL,2018,59.4399552784395
Bolivia,BOL,2017,60.1913809522196
Bolivia,BOL,2016,60.9743711428497
Bolivia,BOL,2015,61.8121001966183
Bolivia,BOL,2014,62.727121369388
Bolivia,BOL,2013,63.667311881399
Bosnia and Herzegovina,BIH,2023,53.5210215348666
Bosnia and Herzegovina,BIH,2022,52.6245907931921
Bosnia and Herzegovina,BIH,2021,51.882555145011
Bosnia and Herzegovina,BIH,2020,51.07123773277
Bosnia and Herzegovina,BIH,2019,49.9919523868234
Bosnia and Herzegovina,BIH,2018,48.7981270859519
Bosnia and Herzegovina,BIH,2017,47.7135237832645
Bosnia and Herzegovina,BIH,2016,46.8155055302009
Bosnia and Herzegovina,BIH,2015,46.0547616991884
Bosnia and Herzegovina,BIH,2014,45.4739107599981
Bosnia and Herzegovina,BIH,2013,45.1363153299881
Botswana,BWA,2023,56.8649822627192
Botswana,BWA,2022,56.9942392169505
Botswana,BWA,2021,57.3675236302824
Botswana,BWA,2020,58.1395379926207
Botswana,BWA,2019,59.0212359437936
Botswana,BWA,2018,59.77944968053
Botswana,BWA,2017,60.3922725741764
Botswana,BWA,2016,60.8365779757749
Botswana,BWA,2015,61.060087047929
Botswana,BWA,2014,61.0233976005616
Botswana,BWA,2013,60.7392551132963
Brazil,BRA,2023,44.0290947589819
Brazil,BRA,2022,43.7902629940777
Brazil,BRA,2021,43.6404698393342
Brazil,BRA,2020,43.586067027448
Brazil,BRA,2019,43.5397483001089
Brazil,BRA,2018,43.4316522323209
Brazil,BRA,2017,43.3713300884192
Brazil,BRA,2016,43.4398109123601
Brazil,BRA,2015,43.5935934449924
Brazil,BRA,2014,43.8183703322034
Brazil,BRA,2013,44.1751173479507
British Virgin Islands,VGB,2023,32.1738540819094
British Virgin Islands,VGB,2022,32.885975863504
British Virgin Islands,VGB,2021,33.4415699008224
British Virgin Islands,VGB,2020,33.9102841482764
British Virgin Islands,VGB,2019,34.3484680693983
British Virgin Islands,VGB,2018,34.945294552817
British Virgin Islands,VGB,2017,35.6790174681549
British Virgin Islands,VGB,2016,35.6327821595868
British Virgin Islands,VGB,2015,35.5893566010298
British Virgin Islands,VGB,2014,36.021128213593
British Virgin Islands,VGB,2013,36.4861374203547
Brunei Darussalam,BRN,2023,37.998646921747
Brunei Darussalam,BRN,2022,37.7100640209512
Brunei Darussalam,BRN,2021,37.4799511828422
Brunei Darussalam,BRN,2020,37.387149472443
Brunei Darussalam,BRN,2019,37.4287523749208
Brunei Darussalam,BRN,2018,37.5528221562436
Brunei Darussalam,BRN,2017,37.7404970830031
Brunei Darussalam,BRN,2016,38.0062295240708
Brunei Darussalam,BRN,2015,38.3778628456063
Brunei Darussalam,BRN,2014,38.843209243132
Brunei Darussalam,BRN,2013,39.3225002032906
Bulgaria,BGR,2023,57.1601451805102
Bulgaria,BGR,2022,56.8295907451296
Bulgaria,BGR,2021,56.7066350040951
Bulgaria,BGR,2020,56.5399504860587
Bulgaria,BGR,2019,55.9246760959011
Bulgaria,BGR,2018,54.9714988000953
Bulgaria,BGR,2017,53.9436319509152
Bulgaria,BGR,2016,52.9074899638477
Bulgaria,BGR,2015,51.7845407318803
Bulgaria,BGR,2014,50.5579218085755
Bulgaria,BGR,2013,49.3086554346026
Burkina Faso,BFA,2023,81.8908186351026
Burkina Faso,BFA,2022,83.6984976476855
Burkina Faso,BFA,2021,85.5143844798844
Burkina Faso,BFA,2020,87.320571617249
Burkina Faso,BFA,2019,88.9000632341781
Burkina Faso,BFA,2018,90.1476828833865
Burkina Faso,BFA,2017,91.1388757797584
Burkina Faso,BFA,2016,91.9492118557294
Burkina Faso,BFA,2015,92.6016404511831
Burkina Faso,BFA,2014,93.0770765719936
Burkina Faso,BFA,2013,93.380718437297
Burundi,BDI,2023,91.846666183644
Burundi,BDI,2022,94.079560239112
Burundi,BDI,2021,96.0054320138089
Burundi,BDI,2020,97.5964620984537
Burundi,BDI,2019,98.9997673122223
Burundi,BDI,2018,100.4896672849
Burundi,BDI,2017,101.067653404408
Burundi,BDI,2016,99.9434296067735
Burundi,BDI,2015,97.1104592056118
Burundi,BDI,2014,94.622070654264
Burundi,BDI,2013,93.3838719525298
Cabo Verde,CPV,2023,49.1432552588223
Cabo Verde,CPV,2022,50.3832343299258
Cabo Verde,CPV,2021,51.8097353713792
Cabo Verde,CPV,2020,52.3882134884024
Cabo Verde,CPV,2019,51.9520708887398
Cabo Verde,CPV,2018,51.5437291537531
Cabo Verde,CPV,2017,51.2276170341999
Cabo Verde,CPV,2016,51.1040488670601
Cabo Verde,CPV,2015,51.3482379420652
Cabo Verde,CPV,2014,52.0485295994349
Cabo Verde,CPV,2013,53.1695458065828
Cambodia,KHM,2023,56.4253473651475
Cambodia,KHM,2022,56.7923377070363
Cambodia,KHM,2021,57.1733909693315
Cambodia,KHM,2020,57.5213483632843
Cambodia,KHM,2019,57.7205669146422
Cambodia,KHM,2018,57.7788009060017
Cambodia,KHM,2017,57.7607192458127
Cambodia,KHM,2016,57.6337208481402
Cambodia,KHM,2015,57.4762892275772
Cambodia,KHM,2014,57.3715668304458
Cambodia,KHM,2013,57.3927567746693
Cameroon,CMR,2023,80.2951604071451
Cameroon,CMR,2022,81.2295866622104
Cameroon,CMR,2021,82.0893650357674
Cameroon,CMR,2020,82.8843122656867
Cameroon,CMR,2019,83.5806413466043
Cameroon,CMR,2018,84.1226674765979
Cameroon,CMR,2017,84.4529350203384
Cameroon,CMR,2016,84.7287316499248
Cameroon,CMR,2015,85.203228431494
Cameroon,CMR,2014,86.0043368057403
Cameroon,CMR,2013,86.7401055522928
Canada,CAN,2023,53.0518429925194
Canada,CAN,2022,52.6453187327307
Canada,CAN,2021,52.0342485398259
Canada,CAN,2020,51.1983504754589
Canada,CAN,2019,50.4105729188803
Canada,CAN,2018,49.733479510056
Canada,CAN,2017,49.0981143135691
Canada,CAN,2016,48.3895082605836
Canada,CAN,2015,47.58596316024
Canada,CAN,2014,46.7656650331144
Canada,CAN,2013,45.9856719197967
Cayman Islands,CYM,2023,33.0406746935281
Cayman Islands,CYM,2022,32.4385822110404
Cayman Islands,CYM,2021,31.7695705290856
Cayman Islands,CYM,2020,31.437538273117
Cayman Islands,CYM,2019,31.4601476158863
Cayman Islands,CYM,2018,31.3958354089867
Cayman Islands,CYM,2017,31.3154949638824
Cayman Islands,CYM,2016,31.2750951796451
Cayman Islands,CYM,2015,31.270497039908
Cayman Islands,CYM,2014,31.2476820036215
Cayman Islands,CYM,2013,31.2163038858191
Central African Republic,CAF,2023,105.177562449203
Central African Republic,CAF,2022,105.587559345916
Central African Republic,CAF,2021,105.023375496256
Central African Republic,CAF,2020,104.549331492918
Central African Republic,CAF,2019,104.954476234215
Central African Republic,CAF,2018,104.958245074818
Central African Republic,CAF,2017,104.593668985404
Central African Republic,CAF,2016,104.212210458458
Central African Republic,CAF,2015,103.91701516784
Central African Republic,CAF,2014,101.4546167589
Central African Republic,CAF,2013,97.9595630955148
Chad,TCD,2023,95.3580792822124
Chad,TCD,2022,97.8599966421734
Chad,TCD,2021,98.923632922988
Chad,TCD,2020,100.054552902552
Chad,TCD,2019,100.684531380519
Chad,TCD,2018,101.186169914043
Chad,TCD,2017,101.801281508928
Chad,TCD,2016,102.2828708469
Chad,TCD,2015,102.372075248765
Chad,TCD,2014,102.351171749544
Chad,TCD,2013,102.900131941391
Channel Islands,CHI,2023,51.6540958995786
Channel Islands,CHI,2022,51.4098408156613
Channel Islands,CHI,2021,51.2842846384859
Channel Islands,CHI,2020,51.0801501395061
Channel Islands,CHI,2019,50.7746363487411
Channel Islands,CHI,2018,50.4492096646205
Channel Islands,CHI,2017,49.9219911863726
Channel Islands,CHI,2016,49.3003425406311
Channel Islands,CHI,2015,48.7635949943117
Channel Islands,CHI,2014,48.1886895546854
Channel Islands,CHI,2013,47.5071575760891
Chile,CHL,2023,45.0908347497625
Chile,CHL,2022,45.0486913334805
Chile,CHL,2021,45.0389819118115
Chile,CHL,2020,45.0108226842024
Chile,CHL,2019,44.9884626222266
Chile,CHL,2018,45.0787301205063
Chile,CHL,2017,45.2413877408172
Chile,CHL,2016,45.3579053946093
Chile,CHL,2015,45.3254058695677
Chile,CHL,2014,45.2518120502398
Chile,CHL,2013,45.2602643872248
China,CHN,2023,44.7297141014082
China,CHN,2022,44.7256128180315
China,CHN,2021,44.4827701882176
China,CHN,2020,44.0923748389161
China,CHN,2019,43.3873633674887
China,CHN,2018,42.5408726929072
China,CHN,2017,41.5109449386089
China,CHN,2016,40.4406557797685
China,CHN,2015,39.6093613191235
China,CHN,2014,38.8789249288739
China,CHN,2013,38.2392971679035
Colombia,COL,2023,42.8026198463432
Colombia,COL,2022,42.7752257754018
Colombia,COL,2021,42.8816349346371
Colombia,COL,2020,43.1205471111852
Colombia,COL,2019,43.4989256841647
Colombia,COL,2018,44.0866022098027
Colombia,COL,2017,44.8394758378985
Colombia,COL,2016,45.5697969538474
Colombia,COL,2015,46.1958678527108
Colombia,COL,2014,46.8044174276503
Colombia,COL,2013,47.4997948976283
Comoros,COM,2023,72.0409311057792
Comoros,COM,2022,72.9324305834843
Comoros,COM,2021,73.791155104295
Comoros,COM,2020,74.6281198637219
Comoros,COM,2019,75.5037562781275
Comoros,COM,2018,76.4719336003165
Comoros,COM,2017,77.5872306569377
Comoros,COM,2016,78.4223591727164
Comoros,COM,2015,78.8106732808725
Comoros,COM,2014,79.1440901583209
Comoros,COM,2013,79.5815556369527
"Congo, Dem. Rep.",COD,2023,96.6825341170883
"Congo, Dem. Rep.",COD,2022,96.7658121576433
"Congo, Dem. Rep.",COD,2021,96.7262299524834
"Congo, Dem. Rep.",COD,2020,96.6130206079494
"Congo, Dem. Rep.",COD,2019,96.3517973179656
"Congo, Dem. Rep.",COD,2018,95.9415387412016
"Congo, Dem. Rep.",COD,2017,95.7976313008213
"Congo, Dem. Rep.",COD,2016,96.1978936055849
"Congo, Dem. Rep.",COD,2015,96.5278187199625
"Congo, Dem. Rep.",COD,2014,96.4849666899081
"Congo, Dem. Rep.",COD,2013,96.4548749218671
"Congo, Rep.",COG,2023,77.9305853486992
"Congo, Rep.",COG,2022,78.9109830181274
"Congo, Rep.",COG,2021,79.6660972740506
"Congo, Rep.",COG,2020,80.2625856223405
"Congo, Rep.",COG,2019,80.7333447887284
"Congo, Rep.",COG,2018,81.0046582195242
"Congo, Rep.",COG,2017,81.0610405557625
"Congo, Rep.",COG,2016,80.9004117814953
"Congo, Rep.",COG,2015,80.4008710063393
"Congo, Rep.",COG,2014,79.5984131722154
"Congo, Rep.",COG,2013,78.6054716070157
Costa Rica,CRI,2023,45.0322532261748
Costa Rica,CRI,2022,45.1414780435559
Costa Rica,CRI,2021,45.2697789109738
Costa Rica,CRI,2020,45.3940117878919
Costa Rica,CRI,2019,45.422348705756
Costa Rica,CRI,2018,45.325680055506
Costa Rica,CRI,2017,45.261749943012
Costa Rica,CRI,2016,45.3393153311988
Costa Rica,CRI,2015,45.5365509008516
Costa Rica,CRI,2014,45.8056163276192
Costa Rica,CRI,2013,46.1478104847582
Cote d'Ivoire,CIV,2023,78.0774744464329
Cote d'Ivoire,CIV,2022,79.1970017771129
Cote d'Ivoire,CIV,2021,80.1393004625197
Cote d'Ivoire,CIV,2020,80.7556512847236
Cote d'Ivoire,CIV,2019,81.1143931066958
Cote d'Ivoire,CIV,2018,81.3702001736161
Cote d'Ivoire,CIV,2017,81.458213233402
Cote d'Ivoire,CIV,2016,81.3061920795773
Cote d'Ivoire,CIV,2015,80.9740668521161
Cote d'Ivoire,CIV,2014,80.4412739579991
Cote d'Ivoire,CIV,2013,80.7590729222478
Croatia,HRV,2023,58.6141257780841
Croatia,HRV,2022,58.1918903516528
Croatia,HRV,2021,57.4325023610932
Croatia,HRV,2020,56.5384976854398
Croatia,HRV,2019,55.5626368276391
Croatia,HRV,2018,54.404174761829
Croatia,HRV,2017,53.1539680921575
Croatia,HRV,2016,52.0598913960268
Croatia,HRV,2015,51.1801168956063
Croatia,HRV,2014,50.4049904010098
Croatia,HRV,2013,49.8940738721452
Cuba,CUB,2023,46.4332711231648
Cuba,CUB,2022,46.0981840600074
Cuba,CUB,2021,46.0078314263682
Cuba,CUB,2020,45.9321906866978
Cuba,CUB,2019,45.6054628733426
Cuba,CUB,2018,45.2552043623452
Cuba,CUB,2017,44.9911054965453
Cuba,CUB,2016,44.8534738389399
Cuba,CUB,2015,44.716554207685
Cuba,CUB,2014,44.5555609209574
Cuba,CUB,2013,44.3518909268806
Curacao,CUW,2023,46.0377714825307
Curacao,CUW,2022,45.7354688465377
Curacao,CUW,2021,45.523636673
Curacao,CUW,2020,45.4475720072218
Curacao,CUW,2019,44.1608980698092
Curacao,CUW,2018,45.8475592453935
Curacao,CUW,2017,49.2174690713966
Curacao,CUW,2016,48.9472456737721
Curacao,CUW,2015,48.550043254222
Curacao,CUW,2014,48.1259797634317
Curacao,CUW,2013,47.7622693345885
Cyprus,CYP,2023,43.6311017609808
Cyprus,CYP,2022,43.0844758452367
Cyprus,CYP,2021,42.5332066668686
Cyprus,CYP,2020,41.9656883212308
Cyprus,CYP,2019,41.4645489568307
Cyprus,CYP,2018,41.0263211340384
Cyprus,CYP,2017,40.6130010482004
Cyprus,CYP,2016,40.2003427063831
Cyprus,CYP,2015,39.821643139521
Cyprus,CYP,2014,39.5330557690566
Cyprus,CYP,2013,39.3425836453323
Czechia,CZE,2023,56.7878159701296
Czechia,CZE,2022,57.3960588293767
Czechia,CZE,2021,57.7438182636634
Czechia,CZE,2020,56.9779595499788
Czechia,CZE,2019,55.9088220310965
Czechia,CZE,2018,54.5796531953634
Czechia,CZE,2017,53.1389365450804
Czechia,CZE,2016,51.6066775434751
Czechia,CZE,2015,50.0836370757165
Czechia,CZE,2014,48.5926586211395
Czechia,CZE,2013,47.0766511876963
Denmark,DNK,2023,57.3988511670291
Denmark,DNK,2022,57.3242885538036
Denmark,DNK,2021,57.2872684694072
Denmark,DNK,2020,57.0037647599834
Denmark,DNK,2019,56.5999643406769
Denmark,DNK,2018,56.2314625278458
Denmark,DNK,2017,55.8898162089196
Denmark,DNK,2016,55.5631659221664
Denmark,DNK,2015,55.326865164618
Denmark,DNK,2014,55.0994237645787
Denmark,DNK,2013,54.7576779617712
Djibouti,DJI,2023,52.2310906894298
Djibouti,DJI,2022,53.023749670293
Djibouti,DJI,2021,53.9382872833362
Djibouti,DJI,2020,54.9994600484975
Djibouti,DJI,2019,56.2039889293652
Djibouti,DJI,2018,57.5386578051215
Djibouti,DJI,2017,58.9599887882409
Djibouti,DJI,2016,60.3724419537361
Djibouti,DJI,2015,61.7007586503093
Djibouti,DJI,2014,62.8930725656184
Djibouti,DJI,2013,63.9477004930963
Dominica,DMA,2023,44.6215399334624
Dominica,DMA,2022,44.6710398129506
Dominica,DMA,2021,44.7922950960958
Dominica,DMA,2020,44.993991932023
Dominica,DMA,2019,45.2600042799058
Dominica,DMA,2018,45.5869477011126
Dominica,DMA,2017,46.0198686791166
Dominica,DMA,2016,45.5958332461773
Dominica,DMA,2015,45.6066339930103
Dominica,DMA,2014,46.6266616660416
Dominica,DMA,2013,48.3929331630481
Dominican Republic,DOM,2023,52.6597760530361
Dominican Republic,DOM,2022,52.6230488664845
Dominican Republic,DOM,2021,52.5919772127359
Dominican Republic,DOM,2020,52.6544058344344
Dominican Republic,DOM,2019,52.7342819533255
Dominican Republic,DOM,2018,52.8255002735594
Dominican Republic,DOM,2017,53.0040997727066
Dominican Republic,DOM,2016,53.2984780323269
Dominican Republic,DOM,2015,53.6903366896845
Dominican Republic,DOM,2014,54.1088178150535
Dominican Republic,DOM,2013,54.4757716527618
Ecuador,ECU,2023,49.4714073657307
Ecuador,ECU,2022,50.0761078196638
Ecuador,ECU,2021,50.70912096615
Ecuador,ECU,2020,51.4133224072679
Ecuador,ECU,2019,52.1307937287794
Ecuador,ECU,2018,52.8957612402445
Ecuador,ECU,2017,53.74041651825
Ecuador,ECU,2016,54.6259320805851
Ecuador,ECU,2015,55.4920102822515
Ecuador,ECU,2014,56.2912618898864
Ecuador,ECU,2013,57.0580201827907
"Egypt, Arab Rep.",EGY,2023,59.7566710357047
"Egypt, Arab Rep.",EGY,2022,60.4614725337186
"Egypt, Arab Rep.",EGY,2021,61.1155654480444
"Egypt, Arab Rep.",EGY,2020,61.7215527133255
"Egypt, Arab Rep.",EGY,2019,62.1682059377755
"Egypt, Arab Rep.",EGY,2018,62.4836024422364
"Egypt, Arab Rep.",EGY,2017,62.5250399173232
"Egypt, Arab Rep.",EGY,2016,62.3353502105713
"Egypt, Arab Rep.",EGY,2015,61.9778656218534
"Egypt, Arab Rep.",EGY,2014,61.5419614141439
"Egypt, Arab Rep.",EGY,2013,61.261463210988
El Salvador,SLV,2023,49.7246065816785
El Salvador,SLV,2022,50.3277720476879
El Salvador,SLV,2021,50.9622853822343
El Salvador,SLV,2020,51.6140634244598
El Salvador,SLV,2019,52.2097784509694
El Salvador,SLV,2018,52.7722014739782
El Salvador,SLV,2017,53.4928042678851
El Salvador,SLV,2016,54.4248715450653
El Salvador,SLV,2015,55.5409330027161
El Salvador,SLV,2014,56.8238054281832
El Salvador,SLV,2013,58.2846485906134
Equatorial Guinea,GNQ,2023,69.80165670554
Equatorial Guinea,GNQ,2022,70.2001204157552
Equatorial Guinea,GNQ,2021,70.5208353532024
Equatorial Guinea,GNQ,2020,70.5844003545916
Equatorial Guinea,GNQ,2019,70.7256912891081
Equatorial Guinea,GNQ,2018,71.0879666380889
Equatorial Guinea,GNQ,2017,71.2419346530161
Equatorial Guinea,GNQ,2016,71.2514690269506
Equatorial Guinea,GNQ,2015,71.204856163819
Equatorial Guinea,GNQ,2014,71.1300002078262
Equatorial Guinea,GNQ,2013,71.096275000985
Eritrea,ERI,2023,74.912024628064
Eritrea,ERI,2022,76.4200369145176
Eritrea,ERI,2021,78.172033517913
Eritrea,ERI,2020,80.1598040793448
Eritrea,ERI,2019,82.0125109257141
Eritrea,ERI,2018,83.6220149105659
Eritrea,ERI,2017,84.8897767834611
Eritrea,ERI,2016,85.3313689275127
Eritrea,ERI,2015,85.3152311289173
Eritrea,ERI,2014,84.7708939128109
Eritrea,ERI,2013,84.4605670208247
Estonia,EST,2023,58.4343478723355
Estonia,EST,2022,58.3861937450535
Estonia,EST,2021,58.2662361985623
Estonia,EST,2020,57.8244931778738
Estonia,EST,2019,57.0635499327664
Estonia,EST,2018,56.3461436115168
Estonia,EST,2017,55.6249645604551
Estonia,EST,2016,54.6487232979755
Estonia,EST,2015,53.6171783124623
Estonia,EST,2014,52.5479096603793
Estonia,EST,2013,51.3710712915726
Eswatini,SWZ,2023,60.8127499411903
Eswatini,SWZ,2022,61.200849569132
Eswatini,SWZ,2021,61.8328842416431
Eswatini,SWZ,2020,62.7630147884624
Eswatini,SWZ,2019,63.7013214049848
Eswatini,SWZ,2018,64.5911509558562
Eswatini,SWZ,2017,65.4408298646128
Eswatini,SWZ,2016,66.2545161075709
Eswatini,SWZ,2015,67.1629718043683
Eswatini,SWZ,2014,68.1569900715811
Eswatini,SWZ,2013,69.0473127223441
Ethiopia,ETH,2023,74.0248657156642
Ethiopia,ETH,2022,74.9175852176508
Ethiopia,ETH,2021,75.927506543307
Ethiopia,ETH,2020,77.0532101922889
Ethiopia,ETH,2019,78.2497670217938
Ethiopia,ETH,2018,79.5179195732953
Ethiopia,ETH,2017,80.9854260551296
Ethiopia,ETH,2016,82.662242576724
Ethiopia,ETH,2015,84.4571795095968
Ethiopia,ETH,2014,86.3346598583257
Ethiopia,ETH,2013,88.2761548188989
Faroe Islands,FRO,2023,60.9866532508656
Faroe Islands,FRO,2022,61.8854551461093
Faroe Islands,FRO,2021,62.4973319103522
Faroe Islands,FRO,2020,62.4358736633908
Faroe Islands,FRO,2019,62.2392080696698
Faroe Islands,FRO,2018,62.1990394707547
Faroe Islands,FRO,2017,61.9670120396372
Faroe Islands,FRO,2016,61.4749281796814
Faroe Islands,FRO,2015,61.1827141774071
Faroe Islands,FRO,2014,60.5297179036696
Faroe Islands,FRO,2013,59.3769614482508
Fiji,FJI,2023,50.894119644834
Fiji,FJI,2022,51.3123918957394
Fiji,FJI,2021,51.7722535409475
Fiji,FJI,2020,52.1893676158223
Fiji,FJI,2019,52.5393519946514
Fiji,FJI,2018,52.8676645838299
Fiji,FJI,2017,53.1396835397675
Fiji,FJI,2016,53.3338671524421
Fiji,FJI,2015,53.4676358994836
Fiji,FJI,2014,53.5588891901209
Fiji,FJI,2013,53.6496252452254
Finland,FIN,2023,62.6357187918865
Finland,FIN,2022,62.4687883703107
Finland,FIN,2021,62.1515551986665
Finland,FIN,2020,61.6841512459481
Finland,FIN,2019,61.1278822777906
Finland,FIN,2018,60.4741377554613
Finland,FIN,2017,59.6034639676146
Finland,FIN,2016,58.6591199711513
Finland,FIN,2015,57.64433315055
Finland,FIN,2014,56.4163038011806
Finland,FIN,2013,55.0282238847832
France,FRA,2023,62.6913599952639
France,FRA,2022,62.3607626590078
France,FRA,2021,62.0639435685389
France,FRA,2020,61.777215608517
France,FRA,2019,61.339333625721
France,FRA,2018,60.8249786780729
France,FRA,2017,60.2613491660523
France,FRA,2016,59.6623497311224
France,FRA,2015,58.9738911271226
France,FRA,2014,58.0626367615727
France,FRA,2013,57.1679224697779
French Polynesia,PYF,2023,43.7995222335327
French Polynesia,PYF,2022,43.8573627501283
French Polynesia,PYF,2021,43.9054246580979
French Polynesia,PYF,2020,43.9125213258905
French Polynesia,PYF,2019,44.1090343805358
French Polynesia,PYF,2018,44.6934596450585
French Polynesia,PYF,2017,45.1927612787509
French Polynesia,PYF,2016,45.5128271951131
French Polynesia,PYF,2015,45.9045488676402
French Polynesia,PYF,2014,46.25508001016
French Polynesia,PYF,2013,46.5489558050836
Gabon,GAB,2023,68.6454953915487
Gabon,GAB,2022,68.8765794313179
Gabon,GAB,2021,68.9693587373809
Gabon,GAB,2020,68.9505821693099
Gabon,GAB,2019,68.8283668428129
Gabon,GAB,2018,68.6293819615364
Gabon,GAB,2017,68.4228116122644
Gabon,GAB,2016,68.2944242565074
Gabon,GAB,2015,68.3469004124975
Gabon,GAB,2014,68.6350137744804
Gabon,GAB,2013,69.1388947339571
"Gambia, The",GMB,2023,77.6473477794781
"Gambia, The",GMB,2022,78.8082209990315
"Gambia, The",GMB,2021,80.002725185959
"Gambia, The",GMB,2020,81.1932945603832
"Gambia, The",GMB,2019,82.281039268218
"Gambia, The",GMB,2018,83.2704899189591
"Gambia, The",GMB,2017,84.1843109963001
"Gambia, The",GMB,2016,85.0043055925719
"Gambia, The",GMB,2015,85.7554289646096
"Gambia, The",GMB,2014,86.4831870148444
"Gambia, The",GMB,2013,87.1721872628454
Georgia,GEO,2023,57.1296262620538
Georgia,GEO,2022,56.9467002951653
Georgia,GEO,2021,56.6470045343285
Georgia,GEO,2020,55.9766272791797
Georgia,GEO,2019,55.0571018914481
Georgia,GEO,2018,53.9980916306557
Georgia,GEO,2017,52.905572681768
Georgia,GEO,2016,51.7515422454964
Georgia,GEO,2015,50.5208240737897
Georgia,GEO,2014,49.325960072298
Georgia,GEO,2013,48.3975588463877
Germany,DEU,2023,57.9918953896649
Germany,DEU,2022,57.1621227360374
Germany,DEU,2021,56.2311272070142
Germany,DEU,2020,55.295066596629
Germany,DEU,2019,54.5379868593646
Germany,DEU,2018,53.8754552465607
Germany,DEU,2017,53.258253101446
Germany,DEU,2016,52.5820458594372
Germany,DEU,2015,52.1224069865761
Germany,DEU,2014,51.8321732192251
Germany,DEU,2013,51.6197490623175
Ghana,GHA,2023,66.1425812587668
Ghana,GHA,2022,66.9188069536881
Ghana,GHA,2021,67.736408434496
Ghana,GHA,2020,68.6146228058037
Ghana,GHA,2019,69.4561926050096
Ghana,GHA,2018,70.2220127738796
Ghana,GHA,2017,71.0007408539075
Ghana,GHA,2016,71.7313257725725
Ghana,GHA,2015,72.3116450715179
Ghana,GHA,2014,72.7330535019516
Ghana,GHA,2013,73.0364754591143
Gibraltar,GIB,2023,54.4709897610921
Gibraltar,GIB,2022,54.6890424481737
Gibraltar,GIB,2021,54.7875020997816
Gibraltar,GIB,2020,55.0027852765994
Gibraltar,GIB,2019,55.300809450886
Gibraltar,GIB,2018,55.51490273068
Gibraltar,GIB,2017,55.5646406832016
Gibraltar,GIB,2016,55.4354853606724
Gibraltar,GIB,2015,54.9915950691072
Gibraltar,GIB,2014,54.2254183117127
Gibraltar,GIB,2013,53.42044217204
Greece,GRC,2023,58.9062451092587
Greece,GRC,2022,58.922948792906
Greece,GRC,2021,58.3823620857966
Greece,GRC,2020,57.6385194008422
Greece,GRC,2019,57.2897286477691
Greece,GRC,2018,56.9000604480465
Greece,GRC,2017,56.436632254429
Greece,GRC,2016,55.851580185391
Greece,GRC,2015,55.1924638263983
Greece,GRC,2014,54.5221040368717
Greece,GRC,2013,53.7320344476507
Greenland,GRL,2023,44.7646444846109
Greenland,GRL,2022,43.6394057699133
Greenland,GRL,2021,42.9151635932494
Greenland,GRL,2020,42.2834208400646
Greenland,GRL,2019,41.6639371110383
Greenland,GRL,2018,41.1326078194277
Greenland,GRL,2017,40.8031282899684
Greenland,GRL,2016,40.6031031031031
Greenland,GRL,2015,40.5027793079273
Greenland,GRL,2014,40.4811219524368
Greenland,GRL,2013,40.571414350066
Grenada,GRD,2023,46.4482719801869
Grenada,GRD,2022,46.5020112025864
Grenada,GRD,2021,46.6187520418164
Grenada,GRD,2020,46.8123769622937
Grenada,GRD,2019,46.9868829605221
Grenada,GRD,2018,47.1427662957075
Grenada,GRD,2017,47.406527735213
Grenada,GRD,2016,47.6467118087617
Grenada,GRD,2015,48.0008776005369
Grenada,GRD,2014,48.5507152061017
Grenada,GRD,2013,49.0243454053628
Guam,GUM,2023,61.6468943556686
Guam,GUM,2022,60.3300169861684
Guam,GUM,2021,59.0069048567072
Guam,GUM,2020,57.7259021495963
Guam,GUM,2019,56.481374028084
Guam,GUM,2018,55.3496056074409
Guam,GUM,2017,54.3640003021376
Guam,GUM,2016,53.5461854899028
Guam,GUM,2015,52.9035966953796
Guam,GUM,2014,52.4345535270168
Guam,GUM,2013,52.1521099386683
Guatemala,GTM,2023,58.4095417496558
Guatemala,GTM,2022,59.6014318443178
Guatemala,GTM,2021,60.8832620120909
Guatemala,GTM,2020,62.2054538401565
Guatemala,GTM,2019,63.4502854678952
Guatemala,GTM,2018,64.5800677559675
Guatemala,GTM,2017,65.7208767382211
Guatemala,GTM,2016,66.9557228820458
Guatemala,GTM,2015,68.2484082404697
Guatemala,GTM,2014,69.5871817440447
Guatemala,GTM,2013,71.0381612271972
Guinea,GIN,2023,80.7795140106788
Guinea,GIN,2022,81.8207431951781
Guinea,GIN,2021,82.8185160092224
Guinea,GIN,2020,83.7865279487499
Guinea,GIN,2019,84.7162617278037
Guinea,GIN,2018,85.5693018365772
Guinea,GIN,2017,86.3451129475656
Guinea,GIN,2016,87.1231739532877
Guinea,GIN,2015,87.9946472888639
Guinea,GIN,2014,88.9330882934155
Guinea,GIN,2013,89.8424960977693
Guinea-Bissau,GNB,2023,73.5656689085059
Guinea-Bissau,GNB,2022,74.8100197016606
Guinea-Bissau,GNB,2021,76.0215209126125
Guinea-Bissau,GNB,2020,77.1805719224165
Guinea-Bissau,GNB,2019,78.2909872123504
Guinea-Bissau,GNB,2018,79.3500481926137
Guinea-Bissau,GNB,2017,80.3631723483211
Guinea-Bissau,GNB,2016,81.2544895782418
Guinea-Bissau,GNB,2015,82.028063446907
Guinea-Bissau,GNB,2014,82.7321224104691
Guinea-Bissau,GNB,2013,83.3690490606512
Guyana,GUY,2023,55.7699884070538
Guyana,GUY,2022,55.3409273526492
Guyana,GUY,2021,55.0916971436287
Guyana,GUY,2020,54.9614746154658
Guyana,GUY,2019,53.9720485823168
Guyana,GUY,2018,54.3024230491822
Guyana,GUY,2017,55.4357477604303
Guyana,GUY,2016,55.2559983733225
Guyana,GUY,2015,55.2425261676201
Guyana,GUY,2014,55.3988762771685
Guyana,GUY,2013,55.7294370227026
Haiti,HTI,2023,56.7161065708492
Haiti,HTI,2022,57.4139171312685
Haiti,HTI,2021,58.120882973509
Haiti,HTI,2020,58.8189047336414
Haiti,HTI,2019,59.4966700801278
Haiti,HTI,2018,60.1712469523247
Haiti,HTI,2017,60.8591394627646
Haiti,HTI,2016,61.5877104706967
Haiti,HTI,2015,62.4034039884297
Haiti,HTI,2014,63.2843449372842
Haiti,HTI,2013,64.1877475497991
Honduras,HND,2023,54.5329302016737
Honduras,HND,2022,55.1663201925249
Honduras,HND,2021,55.8747769782473
Honduras,HND,2020,56.6772344988914
Honduras,HND,2019,57.5525251243283
Honduras,HND,2018,58.5071463840858
Honduras,HND,2017,59.5919942822008
Honduras,HND,2016,60.8206269905275
Honduras,HND,2015,62.1657515555952
Honduras,HND,2014,63.5795259596654
Honduras,HND,2013,65.0370119525093
"Hong Kong SAR, China",HKG,2023,47.8071542342089
"Hong Kong SAR, China",HKG,2022,46.1893957002668
"Hong Kong SAR, China",HKG,2021,44.5870119180782
"Hong Kong SAR, China",HKG,2020,43.0664684402752
"Hong Kong SAR, China",HKG,2019,41.7143206606678
"Hong Kong SAR, China",HKG,2018,40.4021598941078
"Hong Kong SAR, China",HKG,2017,39.128588937798
"Hong Kong SAR, China",HKG,2016,37.9119773975191
"Hong Kong SAR, China",HKG,2015,36.8431246619414
"Hong Kong SAR, China",HKG,2014,35.8520759839574
"Hong Kong SAR, China",HKG,2013,34.9615930314556
Hungary,HUN,2023,54.5703480456464
Hungary,HUN,2022,54.2213783062208
Hungary,HUN,2021,53.7758455735364
Hungary,HUN,2020,53.0182854466453
Hungary,HUN,2019,51.8661548498973
Hungary,HUN,2018,50.7744401660746
Hungary,HUN,2017,49.9595066798946
Hungary,HUN,2016,49.1419689923618
Hungary,HUN,2015,48.2516970384934
Hungary,HUN,2014,47.3832344986651
Hungary,HUN,2013,46.5518564551724
Iceland,ISL,2023,50.1598302412054
Iceland,ISL,2022,50.351670582864
Iceland,ISL,2021,50.3588236718681
Iceland,ISL,2020,49.9071422727645
Iceland,ISL,2019,49.6379021983175
Iceland,ISL,2018,49.9243409587446
Iceland,ISL,2017,50.5504237232406
Iceland,ISL,2016,51.0789131149535
Iceland,ISL,2015,51.2221099738985
Iceland,ISL,2014,51.0724108016317
Iceland,ISL,2013,50.7407510871488
India,IND,2023,47.0132181120622
India,IND,2022,47.4637059570602
India,IND,2021,48.0405766189907
India,IND,2020,48.725925362152
India,IND,2019,49.3781313856783
India,IND,2018,50.0307900245271
India,IND,2017,50.7672033452389
India,IND,2016,51.5768937298059
India,IND,2015,52.3977058192572
India,IND,2014,53.2421090234343
India,IND,2013,54.1378376565175
Indonesia,IDN,2023,47.0224568841154
Indonesia,IDN,2022,47.2726576874372
Indonesia,IDN,2021,47.6279810142978
Indonesia,IDN,2020,48.0216798448748
Indonesia,IDN,2019,48.3187310528364
Indonesia,IDN,2018,48.5572855648717
Indonesia,IDN,2017,48.813317657578
Indonesia,IDN,2016,49.0806241774761
Indonesia,IDN,2015,49.3596437927725
Indonesia,IDN,2014,49.6839805094095
Indonesia,IDN,2013,50.043914325018
"Iran, Islamic Rep.",IRN,2023,44.414481053557
"Iran, Islamic Rep.",IRN,2022,44.6136576243103
"Iran, Islamic Rep.",IRN,2021,44.8342885799624
"Iran, Islamic Rep.",IRN,2020,44.9349216202493
"Iran, Islamic Rep.",IRN,2019,44.7786947808427
"Iran, Islamic Rep.",IRN,2018,44.3383750252204
"Iran, Islamic Rep.",IRN,2017,43.6705219756192
"Iran, Islamic Rep.",IRN,2016,42.8934477448489
"Iran, Islamic Rep.",IRN,2015,42.0407182749515
"Iran, Islamic Rep.",IRN,2014,41.2091454936804
"Iran, Islamic Rep.",IRN,2013,40.6107006323808
Iraq,IRQ,2023,68.0336199589456
Iraq,IRQ,2022,69.4474528755877
Iraq,IRQ,2021,70.7745819074433
Iraq,IRQ,2020,71.9840510727635
Iraq,IRQ,2019,73.0951419263335
Iraq,IRQ,2018,74.1065293195781
Iraq,IRQ,2017,75.0599077602728
Iraq,IRQ,2016,75.941151388931
Iraq,IRQ,2015,76.7457689966644
Iraq,IRQ,2014,77.4322732901079
Iraq,IRQ,2013,77.9595494709507
Ireland,IRL,2023,52.8088109767237
Ireland,IRL,2022,52.9466406867294
Ireland,IRL,2021,53.0448235155306
Ireland,IRL,2020,53.0535571712698
Ireland,IRL,2019,53.0371687022091
Ireland,IRL,2018,53.0287560298933
Ireland,IRL,2017,52.9415976507391
Ireland,IRL,2016,52.7774365060908
Ireland,IRL,2015,52.5046737823192
Ireland,IRL,2014,52.0464573784336
Ireland,IRL,2013,51.3979987426655
Isle of Man,IMN,2023,59.3260766682442
Isle of Man,IMN,2022,58.9345423632757
Isle of Man,IMN,2021,58.7313869439674
Isle of Man,IMN,2020,58.7431074854596
Isle of Man,IMN,2019,58.7137753076618
Isle of Man,IMN,2018,58.5594278578726
Isle of Man,IMN,2017,58.2694455486778
Isle of Man,IMN,2016,57.8403933434191
Isle of Man,IMN,2015,57.0942644516275
Isle of Man,IMN,2014,56.1682086412629
Isle of Man,IMN,2013,55.2245138914511
Israel,ISR,2023,66.7509366513991
Israel,ISR,2022,66.9632261676725
Israel,ISR,2021,67.0610227135178
Israel,ISR,2020,66.9096172948003
Israel,ISR,2019,66.6943447277344
Israel,ISR,2018,66.4016568980219
Israel,ISR,2017,65.951371618093
Israel,ISR,2016,65.3254208243869
Israel,ISR,2015,64.638409839837
Israel,ISR,2014,63.9784018028702
Israel,ISR,2013,63.3461694365626
Italy,ITA,2023,57.1418238396626
Italy,ITA,2022,57.0326358787404
Italy,ITA,2021,56.9283547845865
Italy,ITA,2020,56.7526091414435
Italy,ITA,2019,56.5632847288554
Italy,ITA,2018,56.3079012821236
Italy,ITA,2017,56.129984783102
Italy,ITA,2016,55.9197690149889
Italy,ITA,2015,55.6066425327957
Italy,ITA,2014,55.0998998007766
Italy,ITA,2013,54.4363754385898
Jamaica,JAM,2023,36.9793488070563
Jamaica,JAM,2022,37.2061442403184
Jamaica,JAM,2021,37.6650783439917
Jamaica,JAM,2020,38.3245693633893
Jamaica,JAM,2019,39.0357469289986
Jamaica,JAM,2018,39.8101027668063
Jamaica,JAM,2017,40.6624477716921
Jamaica,JAM,2016,41.5434755779659
Jamaica,JAM,2015,42.4671719341197
Jamaica,JAM,2014,43.5762854803788
Jamaica,JAM,2013,44.8530284139516
Japan,JPN,2023,70.1001399306642
Japan,JPN,2022,70.2463331657833
Japan,JPN,2021,70.2569936325802
Japan,JPN,2020,69.8915691054857
Japan,JPN,2019,69.4781102585107
Japan,JPN,2018,69.0229537254226
Japan,JPN,2017,68.3095186249903
Japan,JPN,2016,67.3227876016443
Japan,JPN,2015,66.0229941997136
Japan,JPN,2014,64.4653380797358
Japan,JPN,2013,62.6073022231989
Jordan,JOR,2023,55.1554977992581
Jordan,JOR,2022,56.2381654714504
Jordan,JOR,2021,57.2273523032512
Jordan,JOR,2020,58.0792660970113
Jordan,JOR,2019,58.8802726956431
Jordan,JOR,2018,59.6400832936228
Jordan,JOR,2017,60.338812839042
Jordan,JOR,2016,60.9582989168769
Jordan,JOR,2015,61.6234808949505
Jordan,JOR,2014,62.0603171156438
Jordan,JOR,2013,62.3084954646161
Kazakhstan,KAZ,2023,60.893935746271
Kazakhstan,KAZ,2022,60.2870919049799
Kazakhstan,KAZ,2021,59.3848303180197
Kazakhstan,KAZ,2020,58.3765163228774
Kazakhstan,KAZ,2019,57.4655912088719
Kazakhstan,KAZ,2018,56.5235626212407
Kazakhstan,KAZ,2017,55.4148033056512
Kazakhstan,KAZ,2016,54.0318746567256
Kazakhstan,KAZ,2015,52.5207605589946
Kazakhstan,KAZ,2014,50.9797084009508
Kazakhstan,KAZ,2013,49.5309872731953
Kenya,KEN,2023,67.6739373442667
Kenya,KEN,2022,69.3054789511188
Kenya,KEN,2021,70.9579167427054
Kenya,KEN,2020,72.6322381007686
Kenya,KEN,2019,74.2639405667526
Kenya,KEN,2018,75.7364230190387
Kenya,KEN,2017,77.1603826189851
Kenya,KEN,2016,78.6364414112252
Kenya,KEN,2015,79.9924124841202
Kenya,KEN,2014,81.121499936462
Kenya,KEN,2013,82.1267476397034
Kiribati,KIR,2023,64.0608558943316
Kiribati,KIR,2022,64.190430646095
Kiribati,KIR,2021,64.2657897430648
Kiribati,KIR,2020,64.2307341660046
Kiribati,KIR,2019,64.0121234580973
Kiribati,KIR,2018,63.6835331027271
Kiribati,KIR,2017,63.3771631937841
Kiribati,KIR,2016,63.2850507862567
Kiribati,KIR,2015,63.5331504087804
Kiribati,KIR,2014,64.1216485455684
Kiribati,KIR,2013,64.8822455896411
"Korea, Dem. People's Rep.",PRK,2023,44.9468910727381
"Korea, Dem. People's Rep.",PRK,2022,44.127259935747
"Korea, Dem. People's Rep.",PRK,2021,43.5542200289193
"Korea, Dem. People's Rep.",PRK,2020,43.1993270106715
"Korea, Dem. People's Rep.",PRK,2019,42.9458246992114
"Korea, Dem. People's Rep.",PRK,2018,42.9880557043149
"Korea, Dem. People's Rep.",PRK,2017,43.3710786654511
"Korea, Dem. People's Rep.",PRK,2016,44.0123282583146
"Korea, Dem. People's Rep.",PRK,2015,44.4304103992538
"Korea, Dem. People's Rep.",PRK,2014,44.6183996622518
"Korea, Dem. People's Rep.",PRK,2013,44.9167005556729
"Korea, Rep.",KOR,2023,41.4544025774417
"Korea, Rep.",KOR,2022,40.6448114715604
"Korea, Rep.",KOR,2021,39.7812162829152
"Korea, Rep.",KOR,2020,38.7671326866112
"Korea, Rep.",KOR,2019,37.8813882499402
"Korea, Rep.",KOR,2018,37.299629534955
"Korea, Rep.",KOR,2017,36.7793132181662
"Korea, Rep.",KOR,2016,36.4600654674078
"Korea, Rep.",KOR,2015,36.4601267455493
"Korea, Rep.",KOR,2014,36.4720410483292
"Korea, Rep.",KOR,2013,36.5342930887925
Kosovo,XKX,2023,44.7976993017704
Kosovo,XKX,2022,44.9007221695902
Kosovo,XKX,2021,44.9764159941038
Kosovo,XKX,2020,45.6054847155605
Kosovo,XKX,2019,46.3859932227911
Kosovo,XKX,2018,46.8838732984927
Kosovo,XKX,2017,47.9157805716211
Kosovo,XKX,2016,49.4234283610369
Kosovo,XKX,2015,50.3114616718486
Kosovo,XKX,2014,50.4491591958955
Kosovo,XKX,2013,50.8212917852572
Kuwait,KWT,2023,27.4788324128055
Kuwait,KWT,2022,28.1434805199737
Kuwait,KWT,2021,30.739165342046
Kuwait,KWT,2020,32.6530852187272
Kuwait,KWT,2019,32.2422486608522
Kuwait,KWT,2018,32.1350703933507
Kuwait,KWT,2017,32.1024728915433
Kuwait,KWT,2016,32.0088263103965
Kuwait,KWT,2015,31.9540907043415
Kuwait,KWT,2014,31.8448910714324
Kuwait,KWT,2013,31.6857121405511
Kyrgyz Republic,KGZ,2023,61.5475158691892
Kyrgyz Republic,KGZ,2022,61.6068894493144
Kyrgyz Republic,KGZ,2021,61.5982158967749
Kyrgyz Republic,KGZ,2020,61.3520516472714
Kyrgyz Republic,KGZ,2019,60.7277440086941
Kyrgyz Republic,KGZ,2018,59.9520249168602
Kyrgyz Republic,KGZ,2017,59.488277666114
Kyrgyz Republic,KGZ,2016,59.0639463884673
Kyrgyz Republic,KGZ,2015,58.150156918583
Kyrgyz Republic,KGZ,2014,56.9069668645722
Kyrgyz Republic,KGZ,2013,55.6741442388454
Lao PDR,LAO,2023,54.0669284232336
Lao PDR,LAO,2022,54.6407954328323
Lao PDR,LAO,2021,55.2518136368494
Lao PDR,LAO,2020,55.8812027825725
Lao PDR,LAO,2019,56.4903622140064
Lao PDR,LAO,2018,57.1092477648772
Lao PDR,LAO,2017,57.8022683207452
Lao PDR,LAO,2016,58.634824292374
Lao PDR,LAO,2015,59.6548580377812
Lao PDR,LAO,2014,60.8514855524134
Lao PDR,LAO,2013,62.1659308998986
Latvia,LVA,2023,58.7910304708067
Latvia,LVA,2022,58.573500587674
Latvia,LVA,2021,58.3537176137829
Latvia,LVA,2020,57.9030936709113
Latvia,LVA,2019,57.1028331214081
Latvia,LVA,2018,56.3256310462251
Latvia,LVA,2017,55.4798446360699
Latvia,LVA,2016,54.2757874648074
Latvia,LVA,2015,53.0022445169492
Latvia,LVA,2014,51.7170479665486
Latvia,LVA,2013,50.3815864191996
Lebanon,LBN,2023,57.5802354030357
Lebanon,LBN,2022,57.9749956549574
Lebanon,LBN,2021,58.4888831484012
Lebanon,LBN,2020,58.9073887057113
Lebanon,LBN,2019,57.947939773335
Lebanon,LBN,2018,55.7444457284083
Lebanon,LBN,2017,53.3592312481811
Lebanon,LBN,2016,50.8721295078079
Lebanon,LBN,2015,48.3364582108649
Lebanon,LBN,2014,47.0775839655263
Lebanon,LBN,2013,47.0908167543263
Lesotho,LSO,2023,63.2665285082422
Lesotho,LSO,2022,64.1758278060089
Lesotho,LSO,2021,64.9680464688448
Lesotho,LSO,2020,65.6481813520794
Lesotho,LSO,2019,66.2552307394785
Lesotho,LSO,2018,66.87004466725
Lesotho,LSO,2017,67.4900982449765
Lesotho,LSO,2016,67.93449172042
Lesotho,LSO,2015,68.1416869525897
Lesotho,LSO,2014,68.1373202806156
Lesotho,LSO,2013,68.0784184239325
Liberia,LBR,2023,76.2870435714976
Liberia,LBR,2022,77.7355487371643
Liberia,LBR,2021,79.1758281816491
Liberia,LBR,2020,80.4992463808756
Liberia,LBR,2019,81.5780596641484
Liberia,LBR,2018,82.3273555911586
Liberia,LBR,2017,82.886996416506
Liberia,LBR,2016,83.3156979543346
Liberia,LBR,2015,83.7696225636705
Liberia,LBR,2014,84.1039806098194
Liberia,LBR,2013,84.1405770171068
Libya,LBY,2023,48.8966237042016
Libya,LBY,2022,49.8326471003676
Libya,LBY,2021,50.7877754794448
Libya,LBY,2020,51.7664329804524
Libya,LBY,2019,52.6904898725235
Libya,LBY,2018,53.5606314027915
Libya,LBY,2017,54.316780868188
Libya,LBY,2016,54.8129406406828
Libya,LBY,2015,55.0478591788407
Libya,LBY,2014,55.1827484691787
Libya,LBY,2013,55.5142744874201
Liechtenstein,LIE,2023,52.6959187583828
Liechtenstein,LIE,2022,51.5929679103332
Liechtenstein,LIE,2021,50.5436661927998
Liechtenstein,LIE,2020,49.7689997689998
Liechtenstein,LIE,2019,49.0933694181326
Liechtenstein,LIE,2018,48.2001007478591
Liechtenstein,LIE,2017,47.3051103954057
Liechtenstein,LIE,2016,46.4357819537195
Liechtenstein,LIE,2015,45.641702921069
Liechtenstein,LIE,2014,44.9733390417624
Liechtenstein,LIE,2013,44.2096233330734
Lithuania,LTU,2023,53.2410196696624
Lithuania,LTU,2022,53.6328325704064
Lithuania,LTU,2021,53.981202360287
Lithuania,LTU,2020,53.9636321004347
Lithuania,LTU,2019,53.7688027144722
Lithuania,LTU,2018,53.3218291161476
Lithuania,LTU,2017,52.4697006429964
Lithuania,LTU,2016,51.3268928056582
Lithuania,LTU,2015,50.3619191061471
Lithuania,LTU,2014,49.6747643092239
Lithuania,LTU,2013,49.2679130316874
Luxembourg,LUX,2023,44.7725431159019
Luxembourg,LUX,2022,44.3443744322715
Luxembourg,LUX,2021,44.1975308641975
Luxembourg,LUX,2020,44.0085433965712
Luxembourg,LUX,2019,43.8630889675752
Luxembourg,LUX,2018,43.8270056967655
Luxembourg,LUX,2017,43.8628572531404
Luxembourg,LUX,2016,44.0799897017467
Luxembourg,LUX,2015,44.4196253128098
Luxembourg,LUX,2014,44.6592575642532
Luxembourg,LUX,2013,44.8006246552271
"Macao SAR, China",MAC,2023,38.072078888916
"Macao SAR, China",MAC,2022,37.0195565931432
"Macao SAR, China",MAC,2021,35.9475093221149
"Macao SAR, China",MAC,2020,34.5607535716319
"Macao SAR, China",MAC,2019,32.8591001563862
"Macao SAR, China",MAC,2018,31.203429722938
"Macao SAR, China",MAC,2017,29.8365829190003
"Macao SAR, China",MAC,2016,28.7304709463712
"Macao SAR, China",MAC,2015,27.6834071152368
"Macao SAR, China",MAC,2014,26.5812475694649
"Macao SAR, China",MAC,2013,25.5094922147512
Madagascar,MDG,2023,75.1537300734546
Madagascar,MDG,2022,75.8512654399341
Madagascar,MDG,2021,76.4982094615521
Madagascar,MDG,2020,77.125045262279
Madagascar,MDG,2019,77.7556849963264
Madagascar,MDG,2018,78.4146213820003
Madagascar,MDG,2017,79.1610726988645
Madagascar,MDG,2016,80.0325838882681
Madagascar,MDG,2015,81.0274179265593
Madagascar,MDG,2014,82.1437972798409
Madagascar,MDG,2013,83.4502181265262
Malawi,MWI,2023,78.280606285515
Malawi,MWI,2022,80.331752037888
Malawi,MWI,2021,82.4504103830217
Malawi,MWI,2020,84.5894429995323
Malawi,MWI,2019,86.6850770289584
Malawi,MWI,2018,88.6926562642419
Malawi,MWI,2017,90.6164711918926
Malawi,MWI,2016,92.469842966706
Malawi,MWI,2015,94.1706815867058
Malawi,MWI,2014,95.6432329654004
Malawi,MWI,2013,96.9140962579928
Malaysia,MYS,2023,42.3268043029121
Malaysia,MYS,2022,42.8965624836029
Malaysia,MYS,2021,43.5789018280947
Malaysia,MYS,2020,44.2708649510882
Malaysia,MYS,2019,44.8360877975172
Malaysia,MYS,2018,45.227518847802
Malaysia,MYS,2017,45.4951518994463
Malaysia,MYS,2016,45.7340885358718
Malaysia,MYS,2015,46.0390855919982
Malaysia,MYS,2014,46.452998725794
Malaysia,MYS,2013,46.9575013879116
Maldives,MDV,2023,32.264975533215
Maldives,MDV,2022,32.3871085076878
Maldives,MDV,2021,32.7942534738749
Maldives,MDV,2020,33.5342081048449
Maldives,MDV,2019,34.2339490950724
Maldives,MDV,2018,34.958294347201
Maldives,MDV,2017,35.7416836237512
Maldives,MDV,2016,36.5731854969146
Maldives,MDV,2015,37.4098572157554
Maldives,MDV,2014,38.1726285126341
Maldives,MDV,2013,38.9411756534302
Mali,MLI,2023,95.5627428168982
Mali,MLI,2022,96.7585373584825
Mali,MLI,2021,97.9663657641359
Mali,MLI,2020,99.2426538469197
Mali,MLI,2019,100.416568884451
Mali,MLI,2018,101.280425994696
Mali,MLI,2017,101.88009329702
Mali,MLI,2016,102.313780775536
Mali,MLI,2015,102.527919857724
Mali,MLI,2014,102.530025586738
Mali,MLI,2013,102.371894954384
Malta,MLT,2023,49.1465329757208
Malta,MLT,2022,48.1391709876354
Malta,MLT,2021,47.0550672482837
Malta,MLT,2020,46.6974581383966
Malta,MLT,2019,47.3547541904016
Malta,MLT,2018,48.2514161767364
Malta,MLT,2017,48.9049838377527
Malta,MLT,2016,48.8332492844933
Malta,MLT,2015,48.274826180852
Malta,MLT,2014,47.6796080782753
Malta,MLT,2013,46.7001868242298
Marshall Islands,MHL,2023,64.169133192389
Marshall Islands,MHL,2022,63.2131948686622
Marshall Islands,MHL,2021,62.0582935046619
Marshall Islands,MHL,2020,61.9553263301604
Marshall Islands,MHL,2019,63.0311562256881
Marshall Islands,MHL,2018,64.0879773896659
Marshall Islands,MHL,2017,65.1076966750648
Marshall Islands,MHL,2016,66.1639732516021
Marshall Islands,MHL,2015,67.3950329308452
Marshall Islands,MHL,2014,68.7656747780113
Marshall Islands,MHL,2013,70.0704697986577
Mauritania,MRT,2023,86.0514074690377
Mauritania,MRT,2022,87.1286509307235
Mauritania,MRT,2021,88.0959295107984
Mauritania,MRT,2020,88.9498303196694
Mauritania,MRT,2019,89.6916163393409
Mauritania,MRT,2018,90.2920743605582
Mauritania,MRT,2017,90.7873726755356
Mauritania,MRT,2016,91.1907782824228
Mauritania,MRT,2015,91.5214425586679
Mauritania,MRT,2014,91.7948866179137
Mauritania,MRT,2013,92.031078213882
Mauritius,MUS,2023,39.0159696460938
Mauritius,MUS,2022,38.6410231913564
Mauritius,MUS,2021,38.4728266812466
Mauritius,MUS,2020,38.4194108816657
Mauritius,MUS,2019,38.4410218949367
Mauritius,MUS,2018,38.4931808158946
Mauritius,MUS,2017,38.5107396477242
Mauritius,MUS,2016,38.4624739783061
Mauritius,MUS,2015,38.3923483566676
Mauritius,MUS,2014,38.4067100217946
Mauritius,MUS,2013,38.4388601389527
Mexico,MEX,2023,49.0415538480472
Mexico,MEX,2022,49.3799037503831
Mexico,MEX,2021,49.8060368026137
Mexico,MEX,2020,50.3089773441429
Mexico,MEX,2019,50.7872946012451
Mexico,MEX,2018,51.2690018964587
Mexico,MEX,2017,51.8182577831981
Mexico,MEX,2016,52.3968518760979
Mexico,MEX,2015,52.97209888579
Mexico,MEX,2014,53.513139465276
Mexico,MEX,2013,54.027488950612
"Micronesia, Fed. Sts.",FSM,2023,60.9275875864434
"Micronesia, Fed. Sts.",FSM,2022,60.8706881708087
"Micronesia, Fed. Sts.",FSM,2021,60.7118175535591
"Micronesia, Fed. Sts.",FSM,2020,60.7734566380148
"Micronesia, Fed. Sts.",FSM,2019,60.8767323121809
"Micronesia, Fed. Sts.",FSM,2018,60.8243953117455
"Micronesia, Fed. Sts.",FSM,2017,60.8500822755054
"Micronesia, Fed. Sts.",FSM,2016,60.8657178674139
"Micronesia, Fed. Sts.",FSM,2015,61.0750585237206
"Micronesia, Fed. Sts.",FSM,2014,61.5271134158881
"Micronesia, Fed. Sts.",FSM,2013,62.0752199787142
Moldova,MDA,2023,55.2962072281666
Moldova,MDA,2022,54.4705439644419
Moldova,MDA,2021,53.4770503502267
Moldova,MDA,2020,52.1688916299112
Moldova,MDA,2019,50.5590674260294
Moldova,MDA,2018,48.8156929140567
Moldova,MDA,2017,47.0079400184721
Moldova,MDA,2016,44.9617606494355
Moldova,MDA,2015,42.7369673494204
Moldova,MDA,2014,40.5178254811007
Moldova,MDA,2013,38.9863509860321
Monaco,MCO,2023,98.1586042016379
Monaco,MCO,2022,99.8459958932238
Monaco,MCO,2021,100.416146483562
Monaco,MCO,2020,97.078779717201
Monaco,MCO,2019,95.4356633673522
Monaco,MCO,2018,94.2964811325559
Monaco,MCO,2017,91.6967692699059
Monaco,MCO,2016,89.3720788457631
Monaco,MCO,2015,86.5269461077844
Monaco,MCO,2014,83.2192301840864
Monaco,MCO,2013,79.6877376184924
Mongolia,MNG,2023,60.0027669535657
Mongolia,MNG,2022,60.0028703844358
Mongolia,MNG,2021,59.6313854511985
Mongolia,MNG,2020,58.9121466009596
Mongolia,MNG,2019,57.4288259442459
Mongolia,MNG,2018,55.4120963362594
Mongolia,MNG,2017,53.5127010854887
Mongolia,MNG,2016,51.7262924597998
Mongolia,MNG,2015,50.0825069416898
Mongolia,MNG,2014,48.6804175336851
Mongolia,MNG,2013,47.5860682131157
Montenegro,MNE,2023,55.7603675124215
Montenegro,MNE,2022,55.321120340735
Montenegro,MNE,2021,54.7977027492217
Montenegro,MNE,2020,54.0327933331695
Montenegro,MNE,2019,52.9482821311871
Montenegro,MNE,2018,51.8453520785359
Montenegro,MNE,2017,50.8972133834732
Montenegro,MNE,2016,50.102612231378
Montenegro,MNE,2015,49.317180564088
Montenegro,MNE,2014,48.4844300871515
Montenegro,MNE,2013,47.938770224384
Morocco,MAR,2023,51.1965827591372
Morocco,MAR,2022,51.3182365864151
Morocco,MAR,2021,51.3907036633908
Morocco,MAR,2020,51.445532015848
Morocco,MAR,2019,51.4045655561766
Morocco,MAR,2018,51.2665088515347
Morocco,MAR,2017,51.1556180708406
Morocco,MAR,2016,51.1432000019679
Morocco,MAR,2015,51.215660270365
Morocco,MAR,2014,51.3322745978475
Morocco,MAR,2013,51.5336269622414
Mozambique,MOZ,2023,90.5547175254326
Mozambique,MOZ,2022,91.3012310999481
Mozambique,MOZ,2021,91.8281932595934
Mozambique,MOZ,2020,92.291028024715
Mozambique,MOZ,2019,92.6621562736864
Mozambique,MOZ,2018,92.9253199854508
Mozambique,MOZ,2017,93.2423544063081
Mozambique,MOZ,2016,93.607198247634
Mozambique,MOZ,2015,93.9293110832597
Mozambique,MOZ,2014,94.2161364066836
Mozambique,MOZ,2013,94.3878820252348
Myanmar,MMR,2023,46.2092542209052
Myanmar,MMR,2022,46.2100569537985
Myanmar,MMR,2021,46.2474842232341
Myanmar,MMR,2020,46.3134094770448
Myanmar,MMR,2019,46.396472048483
Myanmar,MMR,2018,46.5323258218492
Myanmar,MMR,2017,46.756347215943
Myanmar,MMR,2016,47.0384089285758
Myanmar,MMR,2015,47.3459615010681
Myanmar,MMR,2014,47.7168930939888
Myanmar,MMR,2013,48.2399603707655
Namibia,NAM,2023,69.1003275178326
Namibia,NAM,2022,69.4803500031965
Namibia,NAM,2021,69.2049280206522
Namibia,NAM,2020,68.6758501750883
Namibia,NAM,2019,68.1991512920047
Namibia,NAM,2018,67.7544912713027
Namibia,NAM,2017,67.2764239848555
Namibia,NAM,2016,66.9127141567747
Namibia,NAM,2015,66.7829222941766
Namibia,NAM,2014,66.8472385988561
Namibia,NAM,2013,66.9670951831369
Naoero,NRU,2023,69.0872846361954
Naoero,NRU,2022,68.8027463882134
Naoero,NRU,2021,68.0637290081814
Naoero,NRU,2020,66.9582676036139
Naoero,NRU,2019,65.6562768086932
Naoero,NRU,2018,65.4223119054483
Naoero,NRU,2017,65.9680492452
Naoero,NRU,2016,66.1549925484352
Naoero,NRU,2015,65.9445538554764
Naoero,NRU,2014,65.4142285186326
Naoero,NRU,2013,64.8072704481354
Nepal,NPL,2023,54.0220133747515
Nepal,NPL,2022,54.1657821006166
Nepal,NPL,2021,54.9709890210653
Nepal,NPL,2020,56.652683071554
Nepal,NPL,2019,58.7001840122581
Nepal,NPL,2018,60.1789003710396
Nepal,NPL,2017,60.8935676824888
Nepal,NPL,2016,61.6232358975145
Nepal,NPL,2015,62.6773848232675
Nepal,NPL,2014,63.8731073448067
Nepal,NPL,2013,64.8884391194323
Netherlands,NLD,2023,54.6264908553262
Netherlands,NLD,2022,54.4455963721084
Netherlands,NLD,2021,54.1991252368432
Netherlands,NLD,2020,53.8223735345247
Netherlands,NLD,2019,53.5125012921873
Netherlands,NLD,2018,53.2595764421941
Netherlands,NLD,2017,52.9840892509348
Netherlands,NLD,2016,52.6972672445206
Netherlands,NLD,2015,52.4272622166642
Netherlands,NLD,2014,52.0149611855016
Netherlands,NLD,2013,51.4289591698403
New Caledonia,NCL,2023,48.4047019311503
New Caledonia,NCL,2022,48.2687928283355
New Caledonia,NCL,2021,48.2319006288654
New Caledonia,NCL,2020,48.2739909003632
New Caledonia,NCL,2019,48.341135549337
New Caledonia,NCL,2018,48.4570034346988
New Caledonia,NCL,2017,48.6885022391425
New Caledonia,NCL,2016,48.9630198040617
New Caledonia,NCL,2015,49.2486652014189
New Caledonia,NCL,2014,49.4340885903758
New Caledonia,NCL,2013,49.5462108606867
New Zealand,NZL,2023,54.2574461849167
New Zealand,NZL,2022,54.0514723670098
New Zealand,NZL,2021,53.6270312994757
New Zealand,NZL,2020,52.9981292985865
New Zealand,NZL,2019,52.5965951829053
New Zealand,NZL,2018,52.3710857473679
New Zealand,NZL,2017,52.257834938067
New Zealand,NZL,2016,52.307552633679
New Zealand,NZL,2015,52.5174780979885
New Zealand,NZL,2014,52.7543470643702
New Zealand,NZL,2013,52.7030093022296
Nicaragua,NIC,2023,52.8658369386387
Nicaragua,NIC,2022,53.5775290251537
Nicaragua,NIC,2021,54.3648388491391
Nicaragua,NIC,2020,55.2388559468015
Nicaragua,NIC,2019,56.0113131029246
Nicaragua,NIC,2018,56.6166527426414
Nicaragua,NIC,2017,57.1888758345376
Nicaragua,NIC,2016,57.7782531320644
Nicaragua,NIC,2015,58.4227991763294
Nicaragua,NIC,2014,59.1180966549615
Nicaragua,NIC,2013,59.8943184475099
Niger,NER,2023,98.164041724651
Niger,NER,2022,99.5107362854154
Niger,NER,2021,100.876178117822
Niger,NER,2020,102.206558256442
Niger,NER,2019,103.388518016932
Niger,NER,2018,104.411348645466
Niger,NER,2017,105.292342759729
Niger,NER,2016,106.063782914591
Niger,NER,2015,106.76550873684
Niger,NER,2014,107.29012934659
Niger,NER,2013,107.587243447039
Nigeria,NGA,2023,80.2464063402127
Nigeria,NGA,2022,81.687287853566
Nigeria,NGA,2021,83.1000083234404
Nigeria,NGA,2020,84.5258373117038
Nigeria,NGA,2019,85.8794318634782
Nigeria,NGA,2018,87.0562828519935
Nigeria,NGA,2017,88.1255756898501
Nigeria,NGA,2016,89.0622854601106
Nigeria,NGA,2015,89.7206263682148
Nigeria,NGA,2014,90.092940117399
Nigeria,NGA,2013,90.2972750019224
North Macedonia,MKD,2023,52.8340697087164
North Macedonia,MKD,2022,52.0830012221691
North Macedonia,MKD,2021,51.3921943501335
North Macedonia,MKD,2020,50.5073201188734
North Macedonia,MKD,2019,49.2556155977468
North Macedonia,MKD,2018,48.0106840670598
North Macedonia,MKD,2017,47.0672255043133
North Macedonia,MKD,2016,46.3865862414523
North Macedonia,MKD,2015,45.8787830708818
North Macedonia,MKD,2014,45.4776570410231
North Macedonia,MKD,2013,45.0133457627298
Northern Mariana Islands,MNP,2023,45.6023222060958
Northern Mariana Islands,MNP,2022,44.3591591215264
Northern Mariana Islands,MNP,2021,43.1749611434492
Northern Mariana Islands,MNP,2020,42.222754204321
Northern Mariana Islands,MNP,2019,42.0908124704771
Northern Mariana Islands,MNP,2018,42.4449991292738
Northern Mariana Islands,MNP,2017,42.5770547945205
Northern Mariana Islands,MNP,2016,42.5419017939864
Northern Mariana Islands,MNP,2015,42.3825317855169
Northern Mariana Islands,MNP,2014,42.1937593677613
Northern Mariana Islands,MNP,2013,42.0298828913716
Norway,NOR,2023,53.9423382909882
Norway,NOR,2022,54.121894369811
Norway,NOR,2021,53.9942602946959
Norway,NOR,2020,53.7024036773317
Norway,NOR,2019,53.4506846449634
Norway,NOR,2018,53.1960276841597
Norway,NOR,2017,52.8187217825194
Norway,NOR,2016,52.4161859607572
Norway,NOR,2015,52.1044566844697
Norway,NOR,2014,51.8888567930458
Norway,NOR,2013,51.6716018336905
Oman,OMN,2023,38.6735887164327
Oman,OMN,2022,40.6042782083888
Oman,OMN,2021,41.4961719450782
Oman,OMN,2020,39.2044242565832
Oman,OMN,2019,36.2325820015673
Oman,OMN,2018,34.1666301915092
Oman,OMN,2017,33.0322459964072
Oman,OMN,2016,32.769904557786
Oman,OMN,2015,33.02053908217
Oman,OMN,2014,32.812648804734
Oman,OMN,2013,32.4945734382025
Pakistan,PAK,2023,70.1673862519405
Pakistan,PAK,2022,70.7109794452284
Pakistan,PAK,2021,71.3439501303533
Pakistan,PAK,2020,72.0651682830605
Pakistan,PAK,2019,72.6314584931864
Pakistan,PAK,2018,73.1024168008764
Pakistan,PAK,2017,73.5768238017572
Pakistan,PAK,2016,73.9138783908976
Pakistan,PAK,2015,74.161810917677
Pakistan,PAK,2014,74.4256172449709
Pakistan,PAK,2013,74.6202486526627
Palau,PLW,2023,41.6233921866262
Palau,PLW,2022,41.2358835692699
Palau,PLW,2021,40.8252158073968
Palau,PLW,2020,40.3739940034717
Palau,PLW,2019,39.9512501965718
Palau,PLW,2018,39.5456325891109
Palau,PLW,2017,39.16712243144
Palau,PLW,2016,38.8546461730514
Palau,PLW,2015,38.6223574381777
Palau,PLW,2014,38.0855873411801
Palau,PLW,2013,37.2452947581272
Panama,PAN,2023,52.2832629253976
Panama,PAN,2022,52.5235087553911
Panama,PAN,2021,52.7929130402984
Panama,PAN,2020,53.1002058685187
Panama,PAN,2019,53.4020908356858
Panama,PAN,2018,53.624280829378
Panama,PAN,2017,53.7889222787002
Panama,PAN,2016,53.9493724089181
Panama,PAN,2015,54.1048939156735
Panama,PAN,2014,54.2499473891337
Panama,PAN,2013,54.4075216838135
Papua New Guinea,PNG,2023,59.1154128064381
Papua New Guinea,PNG,2022,59.6478729772873
Papua New Guinea,PNG,2021,60.2004502555026
Papua New Guinea,PNG,2020,60.7966355025057
Papua New Guinea,PNG,2019,61.4277597667137
Papua New Guinea,PNG,2018,62.0835728625426
Papua New Guinea,PNG,2017,62.747368992176
Papua New Guinea,PNG,2016,63.4039488403005
Papua New Guinea,PNG,2015,64.0395867812166
Papua New Guinea,PNG,2014,64.6770936798606
Papua New Guinea,PNG,2013,65.3208940914198
Paraguay,PRY,2023,54.2026658651783
Paraguay,PRY,2022,54.219471606521
Paraguay,PRY,2021,54.3435648184816
Paraguay,PRY,2020,54.5220192083825
Paraguay,PRY,2019,54.6312782944239
Paraguay,PRY,2018,54.73685224195
Paraguay,PRY,2017,54.889974325347
Paraguay,PRY,2016,55.1509755644003
Paraguay,PRY,2015,55.5597734558191
Paraguay,PRY,2014,56.1352116443968
Paraguay,PRY,2013,56.8858508247695
Peru,PER,2023,50.0391504388028
Peru,PER,2022,50.5475609612953
Peru,PER,2021,51.2732345713394
Peru,PER,2020,52.0259679366878
Peru,PER,2019,52.7058864277693
Peru,PER,2018,53.5702959648924
Peru,PER,2017,54.4342798477223
Peru,PER,2016,55.0315226387303
Peru,PER,2015,55.5249961792269
Peru,PER,2014,55.9260526415525
Peru,PER,2013,56.2690728263129
Philippines,PHL,2023,51.2166581870048
Philippines,PHL,2022,52.3747406896807
Philippines,PHL,2021,53.59656857012
Philippines,PHL,2020,54.8178657691752
Philippines,PHL,2019,55.745826525598
Philippines,PHL,2018,56.4951142171875
Philippines,PHL,2017,57.3664779049531
Philippines,PHL,2016,58.4031241305213
Philippines,PHL,2015,59.5211985547012
Philippines,PHL,2014,60.4579386236435
Philippines,PHL,2013,61.1835246269493
Poland,POL,2023,53.040171083641
Poland,POL,2022,52.306617945756
Poland,POL,2021,51.5090347483071
Poland,POL,2020,50.5227064080951
Poland,POL,2019,49.2108489415536
Poland,POL,2018,47.7612534407976
Poland,POL,2017,46.3552256954314
Poland,POL,2016,45.0280416831877
Poland,POL,2015,43.8362521585049
Poland,POL,2014,42.8060356896606
Poland,POL,2013,41.9187994358197
Portugal,PRT,2023,58.7431554582857
Portugal,PRT,2022,57.9534940611134
Portugal,PRT,2021,57.3226204831259
Portugal,PRT,2020,56.7408062962516
Portugal,PRT,2019,56.0597690902446
Portugal,PRT,2018,55.4000956836287
Portugal,PRT,2017,54.7787059554707
Portugal,PRT,2016,54.1064166804349
Portugal,PRT,2015,53.5461746188761
Portugal,PRT,2014,53.0684518514169
Portugal,PRT,2013,52.4520220427443
Puerto Rico (US),PRI,2023,56.8593409036051
Puerto Rico (US),PRI,2022,56.6985045226365
Puerto Rico (US),PRI,2021,56.3281465609764
Puerto Rico (US),PRI,2020,55.8410147549781
Puerto Rico (US),PRI,2019,55.5573505958644
Puerto Rico (US),PRI,2018,55.496940093307
Puerto Rico (US),PRI,2017,54.357888467815
Puerto Rico (US),PRI,2016,53.0953758178919
Puerto Rico (US),PRI,2015,52.8564868623137
Puerto Rico (US),PRI,2014,52.830179831457
Puerto Rico (US),PRI,2013,53.0622119883651
Qatar,QAT,2023,20.0951254427778
Qatar,QAT,2022,19.960355294568
Qatar,QAT,2021,20.2600013826796
Qatar,QAT,2020,19.968510996034
Qatar,QAT,2019,18.6630569940031
Qatar,QAT,2018,17.784456417313
Qatar,QAT,2017,17.4530719656234
Qatar,QAT,2016,17.3550598474027
Qatar,QAT,2015,17.6464950526448
Qatar,QAT,2014,18.2924831391245
Qatar,QAT,2013,18.6697215040946
Romania,ROU,2023,55.3509300976065
Romania,ROU,2022,55.1136103150113
Romania,ROU,2021,54.8586318110313
Romania,ROU,2020,54.1194231232454
Romania,ROU,2019,53.0183319640266
Romania,ROU,2018,51.9746076994291
Romania,ROU,2017,50.9128670248701
Romania,ROU,2016,49.8906722812143
Romania,ROU,2015,48.9572601796888
Romania,ROU,2014,48.0460231839618
Romania,ROU,2013,47.3962302449571
Russian Federation,RUS,2023,51.7902694468508
Russian Federation,RUS,2022,50.9772520257906
Russian Federation,RUS,2021,50.271723309629
Russian Federation,RUS,2020,49.5678005245706
Russian Federation,RUS,2019,48.5943754955694
Russian Federation,RUS,2018,47.5290734735912
Russian Federation,RUS,2017,46.4109081650047
Russian Federation,RUS,2016,45.0865219275749
Russian Federation,RUS,2015,43.6560400391556
Russian Federation,RUS,2014,42.1236258137655
Russian Federation,RUS,2013,40.7840417932466
Rwanda,RWA,2023,71.0958025684348
Rwanda,RWA,2022,72.0525122623854
Rwanda,RWA,2021,73.147975044359
Rwanda,RWA,2020,74.3140418599029
Rwanda,RWA,2019,75.4998497905928
Rwanda,RWA,2018,76.5839285100698
Rwanda,RWA,2017,77.4819533507808
Rwanda,RWA,2016,78.2448735010216
Rwanda,RWA,2015,78.9223819506378
Rwanda,RWA,2014,79.5357562621641
Rwanda,RWA,2013,80.1580788750867
Samoa,WSM,2023,79.9646155890757
Samoa,WSM,2022,79.6694766713964
Samoa,WSM,2021,78.9865871833085
Samoa,WSM,2020,78.2420022202039
Samoa,WSM,2019,77.3941500291737
Samoa,WSM,2018,76.633963291667
Samoa,WSM,2017,75.9352838398027
Samoa,WSM,2016,75.389349030829
Samoa,WSM,2015,75.2501302761855
Samoa,WSM,2014,75.2920248516873
Samoa,WSM,2013,75.4335669285765
San Marino,SMR,2023,52.3897389738974
San Marino,SMR,2022,51.6646448308397
San Marino,SMR,2021,50.6178268325931
San Marino,SMR,2020,50.0323624595469
San Marino,SMR,2019,49.9913457377759
San Marino,SMR,2018,49.9913103927702
San Marino,SMR,2017,50.0332667997339
San Marino,SMR,2016,50.179211469534
San Marino,SMR,2015,50.1734684561307
San Marino,SMR,2014,49.9196547449612
San Marino,SMR,2013,49.4594472339078
Sao Tome and Principe,STP,2023,72.8534635081309
Sao Tome and Principe,STP,2022,74.3221383454013
Sao Tome and Principe,STP,2021,76.007866273353
Sao Tome and Principe,STP,2020,77.8559392739706
Sao Tome and Principe,STP,2019,79.51862975208
Sao Tome and Principe,STP,2018,80.8091322001239
Sao Tome and Principe,STP,2017,81.9116677653263
Sao Tome and Principe,STP,2016,82.8209846070996
Sao Tome and Principe,STP,2015,83.4586672773071
Sao Tome and Principe,STP,2014,83.7810322604749
Sao Tome and Principe,STP,2013,83.8271264192784
Saudi Arabia,SAU,2023,36.8306261402051
Saudi Arabia,SAU,2022,37.6406020466918
Saudi Arabia,SAU,2021,38.552207752274
Saudi Arabia,SAU,2020,38.9149758727624
Saudi Arabia,SAU,2019,39.2782204735528
Saudi Arabia,SAU,2018,38.9722820162999
Saudi Arabia,SAU,2017,37.8285364491946
Saudi Arabia,SAU,2016,37.2291095685902
Saudi Arabia,SAU,2015,37.5454186766442
Saudi Arabia,SAU,2014,38.2815919272348
Saudi Arabia,SAU,2013,39.1407285565451
Senegal,SEN,2023,73.0702280774448
Senegal,SEN,2022,74.5922709423436
Senegal,SEN,2021,76.3835914170458
Senegal,SEN,2020,78.1214558387831
Senegal,SEN,2019,79.7592228578564
Senegal,SEN,2018,81.285092700946
Senegal,SEN,2017,82.6634749255329
Senegal,SEN,2016,83.8342155048284
Senegal,SEN,2015,84.8018050977194
Senegal,SEN,2014,85.5824022152232
Senegal,SEN,2013,86.0806462338988
Serbia,SRB,2023,57.94954577942
Serbia,SRB,2022,57.3125583332035
Serbia,SRB,2021,56.7307892970407
Serbia,SRB,2020,55.8406068162926
Serbia,SRB,2019,54.6017908714794
Serbia,SRB,2018,53.2665314122019
Serbia,SRB,2017,51.9843219838154
Serbia,SRB,2016,50.8721349656193
Serbia,SRB,2015,49.7570563003371
Serbia,SRB,2014,48.6099080245693
Serbia,SRB,2013,47.6152988175827
Seychelles,SYC,2023,39.8025048731806
Seychelles,SYC,2022,39.7782260415331
Seychelles,SYC,2021,39.5484197503093
Seychelles,SYC,2020,39.2121931908155
Seychelles,SYC,2019,39.0862076334573
Seychelles,SYC,2018,39.0878121002171
Seychelles,SYC,2017,39.1919367956315
Seychelles,SYC,2016,39.4016137581719
Seychelles,SYC,2015,39.7253922433779
Seychelles,SYC,2014,40.0932329443516
Seychelles,SYC,2013,40.4487539816376
Sierra Leone,SLE,2023,71.6396127509545
Sierra Leone,SLE,2022,72.8656793787969
Sierra Leone,SLE,2021,74.0851904590161
Sierra Leone,SLE,2020,75.2912582751821
Sierra Leone,SLE,2019,76.4806176920907
Sierra Leone,SLE,2018,77.7298523709784
Sierra Leone,SLE,2017,79.0717330500269
Sierra Leone,SLE,2016,80.429374818765
Sierra Leone,SLE,2015,81.7770077231895
Sierra Leone,SLE,2014,83.1094211925305
Sierra Leone,SLE,2013,84.3471895637314
Singapore,SGP,2023,33.1253772353762
Singapore,SGP,2022,32.7954085061744
Singapore,SGP,2021,32.3224926548392
Singapore,SGP,2020,31.1638429496119
Singapore,SGP,2019,30.1882050728381
Singapore,SGP,2018,29.5555499902006
Singapore,SGP,2017,28.8474686470753
Singapore,SGP,2016,28.1544000884945
Singapore,SGP,2015,27.6825611982179
Singapore,SGP,2014,27.3124316272141
Singapore,SGP,2013,27.0192311085442
Sint Maarten (Dutch part),SXM,2023,40.8626598128377
Sint Maarten (Dutch part),SXM,2022,40.8765712757422
Sint Maarten (Dutch part),SXM,2021,40.7325908121467
Sint Maarten (Dutch part),SXM,2020,40.3806654799398
Sint Maarten (Dutch part),SXM,2019,39.8663157165616
Sint Maarten (Dutch part),SXM,2018,39.2586618038996
Sint Maarten (Dutch part),SXM,2017,38.6672356162435
Sint Maarten (Dutch part),SXM,2016,38.073063316728
Sint Maarten (Dutch part),SXM,2015,37.5853712271425
Sint Maarten (Dutch part),SXM,2014,37.3483146067416
Sint Maarten (Dutch part),SXM,2013,37.2808025116778
Slovak Republic,SVK,2023,51.4188207516504
Slovak Republic,SVK,2022,50.4641276809572
Slovak Republic,SVK,2021,49.4568271263227
Slovak Republic,SVK,2020,48.4093813779099
Slovak Republic,SVK,2019,47.1743766979644
Slovak Republic,SVK,2018,45.8020130464426
Slovak Republic,SVK,2017,44.3936163689056
Slovak Republic,SVK,2016,42.9974711861622
Slovak Republic,SVK,2015,41.8080986794682
Slovak Republic,SVK,2014,40.8909492177303
Slovak Republic,SVK,2013,40.1143714089078
Slovenia,SVN,2023,56.8926761847261
Slovenia,SVN,2022,56.1949556465181
Slovenia,SVN,2021,55.2631346363753
Slovenia,SVN,2020,54.463108894626
Slovenia,SVN,2019,53.749455202959
Slovenia,SVN,2018,52.7824926183278
Slovenia,SVN,2017,51.5486078260965
Slovenia,SVN,2016,50.2163362216959
Slovenia,SVN,2015,48.9026039344045
Slovenia,SVN,2014,47.6055386258521
Slovenia,SVN,2013,46.4464612484058
Solomon Islands,SLB,2023,69.461496422262
Solomon Islands,SLB,2022,70.5656141699441
Solomon Islands,SLB,2021,71.6603938376208
Solomon Islands,SLB,2020,72.7954880412204
Solomon Islands,SLB,2019,73.7821002386635
Solomon Islands,SLB,2018,74.6188605833754
Solomon Islands,SLB,2017,75.459072438253
Solomon Islands,SLB,2016,76.2096173491104
Solomon Islands,SLB,2015,76.9089027717064
Solomon Islands,SLB,2014,77.5836955583062
Solomon Islands,SLB,2013,78.2467882651838
"Somalia, Fed. Rep.",SOM,2023,97.0182430549318
"Somalia, Fed. Rep.",SOM,2022,97.4850737162065
"Somalia, Fed. Rep.",SOM,2021,97.9709487089111
"Somalia, Fed. Rep.",SOM,2020,98.2939485015647
"Somalia, Fed. Rep.",SOM,2019,98.6327632765507
"Somalia, Fed. Rep.",SOM,2018,99.0066337746835
"Somalia, Fed. Rep.",SOM,2017,99.5044564281167
"Somalia, Fed. Rep.",SOM,2016,99.8839178350572
"Somalia, Fed. Rep.",SOM,2015,100.055871482839
"Somalia, Fed. Rep.",SOM,2014,100.2653241472
"Somalia, Fed. Rep.",SOM,2013,100.550307457839
South Africa,ZAF,2023,48.3679344695214
South Africa,ZAF,2022,48.5504660443153
South Africa,ZAF,2021,48.9162852048925
South Africa,ZAF,2020,49.49614178865
South Africa,ZAF,2019,50.0943393660016
South Africa,ZAF,2018,50.6774275844496
South Africa,ZAF,2017,51.2667885388625
South Africa,ZAF,2016,51.0589576961171
South Africa,ZAF,2015,50.7798142238484
South Africa,ZAF,2014,51.1390115950153
South Africa,ZAF,2013,51.4600302732864
South Sudan,SSD,2023,74.7150000182575
South Sudan,SSD,2022,77.5880127024722
South Sudan,SSD,2021,79.8436920442961
South Sudan,SSD,2020,82.2145234543695
South Sudan,SSD,2019,85.8298504519708
South Sudan,SSD,2018,90.3713218078454
South Sudan,SSD,2017,90.731383102336
South Sudan,SSD,2016,86.0953541551969
South Sudan,SSD,2015,83.8812631029683
South Sudan,SSD,2014,81.8933067907365
South Sudan,SSD,2013,79.9449606897753
Spain,ESP,2023,51.3142228402432
Spain,ESP,2022,51.0206958838906
Spain,ESP,2021,50.8789437442103
Spain,ESP,2020,50.9641870731648
Spain,ESP,2019,51.1273134809275
Spain,ESP,2018,51.21278722932
Spain,ESP,2017,51.0879864250854
Spain,ESP,2016,50.7968795026243
Spain,ESP,2015,50.463152001926
Spain,ESP,2014,49.9405636720981
Spain,ESP,2013,49.0823130564992
Sri Lanka,LKA,2023,51.745033375023
Sri Lanka,LKA,2022,51.6823190565539
Sri Lanka,LKA,2021,51.6567798164786
Sri Lanka,LKA,2020,51.6372974759332
Sri Lanka,LKA,2019,51.5839384848559
Sri Lanka,LKA,2018,51.4899106111657
Sri Lanka,LKA,2017,51.3380576186543
Sri Lanka,LKA,2016,51.1118501999851
Sri Lanka,LKA,2015,50.7918658678604
Sri Lanka,LKA,2014,50.3938229236869
Sri Lanka,LKA,2013,49.9684545344603
St. Kitts and Nevis,KNA,2023,40.908269045323
St. Kitts and Nevis,KNA,2022,40.4781954887218
St. Kitts and Nevis,KNA,2021,40.2188905547226
St. Kitts and Nevis,KNA,2020,39.8645220972218
St. Kitts and Nevis,KNA,2019,39.4185942928408
St. Kitts and Nevis,KNA,2018,39.0810379005296
St. Kitts and Nevis,KNA,2017,38.9187433565608
St. Kitts and Nevis,KNA,2016,38.9914080722785
St. Kitts and Nevis,KNA,2015,39.3725025899068
St. Kitts and Nevis,KNA,2014,40.1166423661737
St. Kitts and Nevis,KNA,2013,41.06875262243
St. Lucia,LCA,2023,37.3031797573827
St. Lucia,LCA,2022,37.3336918113381
St. Lucia,LCA,2021,37.5256143594484
St. Lucia,LCA,2020,37.8225201611344
St. Lucia,LCA,2019,38.129966256667
St. Lucia,LCA,2018,38.5420905988793
St. Lucia,LCA,2017,39.0542202876609
St. Lucia,LCA,2016,39.7253953606771
St. Lucia,LCA,2015,40.5807934670782
St. Lucia,LCA,2014,41.5425756738303
St. Lucia,LCA,2013,42.5435350994031
St. Martin (French part),MAF,2023,62.1677373725467
St. Martin (French part),MAF,2022,59.5115752251506
St. Martin (French part),MAF,2021,58.6130227633669
St. Martin (French part),MAF,2020,60.0584118032126
St. Martin (French part),MAF,2019,57.1061800843572
St. Martin (French part),MAF,2018,51.4127144298688
St. Martin (French part),MAF,2017,50.3428291568035
St. Martin (French part),MAF,2016,50.5609331335304
St. Martin (French part),MAF,2015,50.4166163506823
St. Martin (French part),MAF,2014,50.4438998915358
St. Martin (French part),MAF,2013,50.4140204196479
St. Vincent and the Grenadines,VCT,2023,49.7221975943494
St. Vincent and the Grenadines,VCT,2022,49.5822339489886
St. Vincent and the Grenadines,VCT,2021,49.3515735052789
St. Vincent and the Grenadines,VCT,2020,49.2905142329767
St. Vincent and the Grenadines,VCT,2019,49.2641896055139
St. Vincent and the Grenadines,VCT,2018,49.1817729437691
St. Vincent and the Grenadines,VCT,2017,49.2745638200184
St. Vincent and the Grenadines,VCT,2016,49.489752888589
St. Vincent and the Grenadines,VCT,2015,49.7577777155498
St. Vincent and the Grenadines,VCT,2014,50.0830414090522
St. Vincent and the Grenadines,VCT,2013,50.4912739722214
Sudan,SDN,2023,78.129580689837
Sudan,SDN,2022,78.6892450691913
Sudan,SDN,2021,79.3162930043441
Sudan,SDN,2020,79.9333278187227
Sudan,SDN,2019,80.4985049329979
Sudan,SDN,2018,81.3342577442889
Sudan,SDN,2017,82.9096453636308
Sudan,SDN,2016,84.6398651758502
Sudan,SDN,2015,85.9877638060761
Sudan,SDN,2014,87.4735853605784
Sudan,SDN,2013,88.6212641998145
Suriname,SUR,2023,50.5295811461931
Suriname,SUR,2022,50.6267614825701
Suriname,SUR,2021,50.8451694489066
Suriname,SUR,2020,51.0956145805573
Suriname,SUR,2019,51.3678297634159
Suriname,SUR,2018,51.7426585604147
Suriname,SUR,2017,52.1853252162768
Suriname,SUR,2016,52.7446939555142
Suriname,SUR,2015,53.4028748516418
Suriname,SUR,2014,54.1140452613281
Suriname,SUR,2013,54.8395874717679
Sweden,SWE,2023,60.7360556550349
Sweden,SWE,2022,60.8510659836657
Sweden,SWE,2021,60.893031225029
Sweden,SWE,2020,60.7610678252936
Sweden,SWE,2019,60.5841239468728
Sweden,SWE,2018,60.3159015203771
Sweden,SWE,2017,59.9437746878275
Sweden,SWE,2016,59.4873080659899
Sweden,SWE,2015,58.8360981487734
Sweden,SWE,2014,57.9349102431268
Sweden,SWE,2013,56.8428650266998
Switzerland,CHE,2023,52.9575219043034
Switzerland,CHE,2022,52.1817146235677
Switzerland,CHE,2021,51.5313032476218
Switzerland,CHE,2020,51.065235905893
Switzerland,CHE,2019,50.6327775355631
Switzerland,CHE,2018,50.0937300468879
Switzerland,CHE,2017,49.5416264215968
Switzerland,CHE,2016,49.0641186682788
Switzerland,CHE,2015,48.6938829442498
Switzerland,CHE,2014,48.352481328327
Switzerland,CHE,2013,47.9964075495613
Syrian Arab Republic,SYR,2023,53.8991071034884
Syrian Arab Republic,SYR,2022,57.7320812518306
Syrian Arab Republic,SYR,2021,61.2276125344165
Syrian Arab Republic,SYR,2020,64.3008702952672
Syrian Arab Republic,SYR,2019,68.3491350011588
Syrian Arab Republic,SYR,2018,73.6166493104807
Syrian Arab Republic,SYR,2017,77.6378005722762
Syrian Arab Republic,SYR,2016,80.1246656652147
Syrian Arab Republic,SYR,2015,80.9126541140768
Syrian Arab Republic,SYR,2014,77.7771171894011
Syrian Arab Republic,SYR,2013,71.6990633976703
Tajikistan,TJK,2023,67.1019442904471
Tajikistan,TJK,2022,66.8418998393555
Tajikistan,TJK,2021,66.3779272694554
Tajikistan,TJK,2020,65.849974933617
Tajikistan,TJK,2019,65.3067752248518
Tajikistan,TJK,2018,64.8775137072655
Tajikistan,TJK,2017,64.645778430695
Tajikistan,TJK,2016,64.6316867686227
Tajikistan,TJK,2015,64.6546579324183
Tajikistan,TJK,2014,64.7981575112711
Tajikistan,TJK,2013,65.215142797166
Tanzania,TZA,2023,84.3899011707131
Tanzania,TZA,2022,85.0182361204846
Tanzania,TZA,2021,85.737762820315
Tanzania,TZA,2020,86.5379845130098
Tanzania,TZA,2019,87.2431978937846
Tanzania,TZA,2018,87.7810296358629
Tanzania,TZA,2017,88.4175088164829
Tanzania,TZA,2016,89.3048051417289
Tanzania,TZA,2015,90.382069839357
Tanzania,TZA,2014,91.2304392041999
Tanzania,TZA,2013,91.7543640263095
Thailand,THA,2023,42.4662473757894
Thailand,THA,2022,41.9038541372374
Thailand,THA,2021,41.4084358543198
Thailand,THA,2020,40.974368915158
Thailand,THA,2019,40.607794056073
Thailand,THA,2018,40.3013405116213
Thailand,THA,2017,40.0618541912691
Thailand,THA,2016,39.8914360247636
Thailand,THA,2015,39.72661984392
Thailand,THA,2014,39.5565144682596
Thailand,THA,2013,39.4940129315302
Timor-Leste,TLS,2023,65.4641122246022
Timor-Leste,TLS,2022,67.3349252593194
Timor-Leste,TLS,2021,69.2591979701031
Timor-Leste,TLS,2020,71.0611048617633
Timor-Leste,TLS,2019,72.8233434295127
Timor-Leste,TLS,2018,74.5703324878166
Timor-Leste,TLS,2017,76.3036466329563
Timor-Leste,TLS,2016,78.0492613122434
Timor-Leste,TLS,2015,79.8035950871916
Timor-Leste,TLS,2014,81.5588924305849
Timor-Leste,TLS,2013,83.1870928982483
Togo,TGO,2023,80.9338235472068
Togo,TGO,2022,81.5261521238603
Togo,TGO,2021,80.9184085204748
Togo,TGO,2020,79.4547087615551
Togo,TGO,2019,77.7215660472544
Togo,TGO,2018,77.0933927079324
Togo,TGO,2017,78.6857378452951
Togo,TGO,2016,81.2783338536055
Togo,TGO,2015,83.6930737203699
Togo,TGO,2014,85.846201652556
Togo,TGO,2013,87.604841905195
Tonga,TON,2023,73.0878702631144
Tonga,TON,2022,72.8403593642018
Tonga,TON,2021,72.6332498731733
Tonga,TON,2020,72.7347005474303
Tonga,TON,2019,73.0916655746298
Tonga,TON,2018,73.47015906402
Tonga,TON,2017,73.7503504460973
Tonga,TON,2016,74.0343701553584
Tonga,TON,2015,74.6407466543761
Tonga,TON,2014,75.2630367593871
Tonga,TON,2013,75.664413675438
Trinidad and Tobago,TTO,2023,42.614599248085
Trinidad and Tobago,TTO,2022,42.1590638234979
Trinidad and Tobago,TTO,2021,41.7652156605823
Trinidad and Tobago,TTO,2020,41.2232789405813
Trinidad and Tobago,TTO,2019,40.2210664936843
Trinidad and Tobago,TTO,2018,39.6459929683535
Trinidad and Tobago,TTO,2017,39.3960473561017
Trinidad and Tobago,TTO,2016,38.7665220813723
Trinidad and Tobago,TTO,2015,38.1403751183439
Trinidad and Tobago,TTO,2014,37.5589461070007
Trinidad and Tobago,TTO,2013,37.0441855092139
Tunisia,TUN,2023,50.6050838772721
Tunisia,TUN,2022,50.5514810011478
Tunisia,TUN,2021,50.4189303353303
Tunisia,TUN,2020,50.0715512342682
Tunisia,TUN,2019,49.3812826199351
Tunisia,TUN,2018,48.605731168883
Tunisia,TUN,2017,47.8580034971682
Tunisia,TUN,2016,47.1066362415689
Tunisia,TUN,2015,46.3571118128582
Tunisia,TUN,2014,45.6850530876263
Tunisia,TUN,2013,45.0647236444453
Turkiye,TUR,2023,46.7152423180544
Turkiye,TUR,2022,46.8629054112918
Turkiye,TUR,2021,46.8236862996519
Turkiye,TUR,2020,46.4852950931551
Turkiye,TUR,2019,45.9523014817405
Turkiye,TUR,2018,45.5464015844488
Turkiye,TUR,2017,45.4922047348395
Turkiye,TUR,2016,45.5909695430664
Turkiye,TUR,2015,45.9452643498497
Turkiye,TUR,2014,46.6296994569191
Turkiye,TUR,2013,47.3558028630143
Turkmenistan,TKM,2023,56.11056820952
Turkmenistan,TKM,2022,55.6044069090817
Turkmenistan,TKM,2021,54.8331023876948
Turkmenistan,TKM,2020,53.9054052049039
Turkmenistan,TKM,2019,52.9006878790807
Turkmenistan,TKM,2018,51.9153750883916
Turkmenistan,TKM,2017,51.0505542299452
Turkmenistan,TKM,2016,50.362522707908
Turkmenistan,TKM,2015,49.8828092786115
Turkmenistan,TKM,2014,49.6360012127956
Turkmenistan,TKM,2013,49.6527243219463
Turks and Caicos Islands,TCA,2023,37.2081972081972
Turks and Caicos Islands,TCA,2022,36.9395740613519
Turks and Caicos Islands,TCA,2021,36.7105819786064
Turks and Caicos Islands,TCA,2020,36.5260988588478
Turks and Caicos Islands,TCA,2019,36.4371957772299
Turks and Caicos Islands,TCA,2018,36.4457139105026
Turks and Caicos Islands,TCA,2017,36.5328042690018
Turks and Caicos Islands,TCA,2016,36.7269742711344
Turks and Caicos Islands,TCA,2015,37.1398598778615
Turks and Caicos Islands,TCA,2014,37.7441540577717
Turks and Caicos Islands,TCA,2013,38.5125123477116
Tuvalu,TUV,2023,63.6
Tuvalu,TUV,2022,60.9536082474227
Tuvalu,TUV,2021,59.7555242125059
Tuvalu,TUV,2020,59.7143295960682
Tuvalu,TUV,2019,59.4724943481537
Tuvalu,TUV,2018,58.9826999852137
Tuvalu,TUV,2017,58.8106370543542
Tuvalu,TUV,2016,59.1815931265472
Tuvalu,TUV,2015,59.6156645799971
Tuvalu,TUV,2014,60.0466268395745
Tuvalu,TUV,2013,60.6454439252336
Uganda,UGA,2023,85.4896724288882
Uganda,UGA,2022,86.6448141858633
Uganda,UGA,2021,88.0347218678354
Uganda,UGA,2020,89.7016309112795
Uganda,UGA,2019,91.5697078154151
Uganda,UGA,2018,93.5640775343582
Uganda,UGA,2017,95.640435867303
Uganda,UGA,2016,97.947403817142
Uganda,UGA,2015,100.031967639667
Uganda,UGA,2014,101.659121068481
Uganda,UGA,2013,102.960950754645
Ukraine,UKR,2023,48.927142092575
Ukraine,UKR,2022,48.5413219822399
Ukraine,UKR,2021,48.2195987327939
Ukraine,UKR,2020,47.8846379680524
Ukraine,UKR,2019,47.2491268952806
Ukraine,UKR,2018,46.557661136037
Ukraine,UKR,2017,45.6557777135064
Ukraine,UKR,2016,44.485957567843
Ukraine,UKR,2015,43.3341607506951
Ukraine,UKR,2014,42.0954905825425
Ukraine,UKR,2013,41.3166740567217
United Arab Emirates,ARE,2023,22.0026623838262
United Arab Emirates,ARE,2022,22.1229936023157
United Arab Emirates,ARE,2021,22.1412793084987
United Arab Emirates,ARE,2020,22.1652541679088
United Arab Emirates,ARE,2019,22.2156206400823
United Arab Emirates,ARE,2018,22.2647153045603
United Arab Emirates,ARE,2017,22.3131514262999
United Arab Emirates,ARE,2016,22.3933808829188
United Arab Emirates,ARE,2015,22.4526561983721
United Arab Emirates,ARE,2014,22.4573333412344
United Arab Emirates,ARE,2013,22.4163226622205
United Kingdom,GBR,2023,57.8463970694922
United Kingdom,GBR,2022,57.6281944435899
United Kingdom,GBR,2021,57.6129616035077
United Kingdom,GBR,2020,57.6593804283998
United Kingdom,GBR,2019,57.4310228571992
United Kingdom,GBR,2018,57.0044441682182
United Kingdom,GBR,2017,56.4799614488644
United Kingdom,GBR,2016,55.9245937781273
United Kingdom,GBR,2015,55.4015634705211
United Kingdom,GBR,2014,54.8438602428906
United Kingdom,GBR,2013,54.1548132724174
United States,USA,2023,53.9087998260781
United States,USA,2022,53.3776337538716
United States,USA,2021,52.9517092916063
United States,USA,2020,52.5896813958199
United States,USA,2019,52.1637515215282
United States,USA,2018,51.6943264101797
United States,USA,2017,51.2357568878998
United States,USA,2016,50.7885326899222
United States,USA,2015,50.3802792773562
United States,USA,2014,49.9593733626838
United States,USA,2013,49.5000916066393
Uruguay,URY,2023,52.6676318563048
Uruguay,URY,2022,53.0930916288326
Uruguay,URY,2021,53.6466642752878
Uruguay,URY,2020,54.1627509533779
Uruguay,URY,2019,54.5633225323007
Uruguay,URY,2018,54.9160760110058
Uruguay,URY,2017,55.2221042886245
Uruguay,URY,2016,55.467903558164
Uruguay,URY,2015,55.655253084089
Uruguay,URY,2014,55.8914702038185
Uruguay,URY,2013,56.1887709485469
Uzbekistan,UZB,2023,57.6444238962333
Uzbekistan,UZB,2022,56.5268870521244
Uzbekistan,UZB,2021,55.2497682839009
Uzbekistan,UZB,2020,53.9511270861508
Uzbekistan,UZB,2019,52.7698563917884
Uzbekistan,UZB,2018,51.7097466682868
Uzbekistan,UZB,2017,50.8221131406473
Uzbekistan,UZB,2016,50.0611692979578
Uzbekistan,UZB,2015,49.3359508232811
Uzbekistan,UZB,2014,48.8305476003008
Uzbekistan,UZB,2013,48.7263222498675
Vanuatu,VUT,2023,74.9220682087426
Vanuatu,VUT,2022,75.3935971134344
Vanuatu,VUT,2021,75.6146293850835
Vanuatu,VUT,2020,75.6376501563271
Vanuatu,VUT,2019,75.4675368380568
Vanuatu,VUT,2018,75.0882318641321
Vanuatu,VUT,2017,74.5534427215864
Vanuatu,VUT,2016,73.907040957202
Vanuatu,VUT,2015,73.1993387052682
Vanuatu,VUT,2014,72.4631534301771
Vanuatu,VUT,2013,71.7476986205221
"Venezuela, RB",VEN,2023,55.0083324049546
"Venezuela, RB",VEN,2022,55.6970242477288
"Venezuela, RB",VEN,2021,56.2700924770689
"Venezuela, RB",VEN,2020,56.4854585659602
"Venezuela, RB",VEN,2019,55.9638284576163
"Venezuela, RB",VEN,2018,54.5900649107737
"Venezuela, RB",VEN,2017,53.3639666664058
"Venezuela, RB",VEN,2016,53.0083098007427
"Venezuela, RB",VEN,2015,53.2199829831147
"Venezuela, RB",VEN,2014,53.6012010654475
"Venezuela, RB",VEN,2013,54.0187230989071
Viet Nam,VNM,2023,47.5514131558407
Viet Nam,VNM,2022,47.4163647594031
Viet Nam,VNM,2021,47.2392982614886
Viet Nam,VNM,2020,46.9641361395404
Viet Nam,VNM,2019,46.6054316189935
Viet Nam,VNM,2018,46.123352133928
Viet Nam,VNM,2017,45.3221818606231
Viet Nam,VNM,2016,44.38523018963
Viet Nam,VNM,2015,43.7681325303024
Viet Nam,VNM,2014,43.3734893031827
Viet Nam,VNM,2013,43.0653799174176
Virgin Islands (U.S.),VIR,2023,63.2984684348151
Virgin Islands (U.S.),VIR,2022,62.1299044865189
Virgin Islands (U.S.),VIR,2021,61.1513638577691
Virgin Islands (U.S.),VIR,2020,60.3989979778469
Virgin Islands (U.S.),VIR,2019,59.8956693798624
Virgin Islands (U.S.),VIR,2018,59.5838926174497
Virgin Islands (U.S.),VIR,2017,59.2580496711845
Virgin Islands (U.S.),VIR,2016,58.8405625812552
Virgin Islands (U.S.),VIR,2015,58.2595025051057
Virgin Islands (U.S.),VIR,2014,57.2669757135777
Virgin Islands (U.S.),VIR,2013,55.9880455654534
West Bank and Gaza,PSE,2023,72.928715183441
West Bank and Gaza,PSE,2022,73.58927215619
West Bank and Gaza,PSE,2021,74.3888286268739
West Bank and Gaza,PSE,2020,75.0766806037347
West Bank and Gaza,PSE,2019,75.5232104451405
West Bank and Gaza,PSE,2018,75.6773580843112
West Bank and Gaza,PSE,2017,75.6896464008083
West Bank and Gaza,PSE,2016,75.9242787531905
West Bank and Gaza,PSE,2015,76.4598535621394
West Bank and Gaza,PSE,2014,77.1079372691143
West Bank and Gaza,PSE,2013,77.9372989223921
"Yemen, Rep.",YEM,2023,77.7260933249256
"Yemen, Rep.",YEM,2022,77.9743636556573
"Yemen, Rep.",YEM,2021,78.1681766734297
"Yemen, Rep.",YEM,2020,78.2490319341492
"Yemen, Rep.",YEM,2019,78.450785085874
"Yemen, Rep.",YEM,2018,78.7888852602687
"Yemen, Rep.",YEM,2017,79.1640984847763
"Yemen, Rep.",YEM,2016,79.6670299659825
"Yemen, Rep.",YEM,2015,80.3078546004591
"Yemen, Rep.",YEM,2014,81.1275756454274
"Yemen, Rep.",YEM,2013,82.0892761335314
Zambia,ZMB,2023,78.1069920863262
Zambia,ZMB,2022,79.5164700824871
Zambia,ZMB,2021,80.8978170758265
Zambia,ZMB,2020,82.2910754691753
Zambia,ZMB,2019,83.6337137132054
Zambia,ZMB,2018,84.8848438316168
Zambia,ZMB,2017,86.0880279127988
Zambia,ZMB,2016,87.2726425233368
Zambia,ZMB,2015,88.3819983200907
Zambia,ZMB,2014,89.4276668789517
Zambia,ZMB,2013,90.4153625250029
Zimbabwe,ZWE,2023,81.6253517563755
Zimbabwe,ZWE,2022,82.5476054640719
Zimbabwe,ZWE,2021,83.3849533226054
Zimbabwe,ZWE,2020,84.3843806399623
Zimbabwe,ZWE,2019,85.4479058285901
Zimbabwe,ZWE,2018,86.5168398539074
Zimbabwe,ZWE,2017,87.5123520945076
Zimbabwe,ZWE,2016,88.3275279751021
Zimbabwe,ZWE,2015,88.8363578945822
Zimbabwe,ZWE,2014,88.9275709065542
Zimbabwe,ZWE,2013,88.6378275042674
