country_name,iso3,year,gdp_per_capita_current_usd
Africa Eastern and Southern,AFE,2023,1571.13270407815
Africa Eastern and Southern,AFE,2022,1675.90252377611
Africa Eastern and Southern,AFE,2021,1560.89462580275
Africa Eastern and Southern,AFE,2020,1351.50316694933
Africa Eastern and Southern,AFE,2019,1508.0315245887
Africa Eastern and Southern,AFE,2018,1553.61794421394
Africa Eastern and Southern,AFE,2017,1529.92307995549
Africa Eastern and Southern,AFE,2016,1335.7431649955
Africa Eastern and Southern,AFE,2015,1498.71597073834
Africa Eastern and Southern,AFE,2014,1689.98238051624
Africa Eastern and Southern,AFE,2013,1705.83900348854
Africa Western and Central,AFW,2023,1846.24681069313
Africa Western and Central,AFW,2022,2143.07209365676
Africa Western and Central,AFW,2021,2116.9382941844
Africa Western and Central,AFW,2020,2034.43793971923
Africa Western and Central,AFW,2019,2219.41255534667
Africa Western and Central,AFW,2018,1723.11446346681
Africa Western and Central,AFW,2017,1577.20349674013
Africa Western and Central,AFW,2016,1632.42497788744
Africa Western and Central,AFW,2015,1863.40151301991
Africa Western and Central,AFW,2014,2224.32958643376
Africa Western and Central,AFW,2013,2134.24752369303
Arab World,ARB,2023,7504.35637695627
Arab World,ARB,2022,7960.81158770821
Arab World,ARB,2021,6708.20761928893
Arab World,ARB,2020,5749.75163256627
Arab World,ARB,2019,6683.67016877686
Arab World,ARB,2018,6708.53121256784
Arab World,ARB,2017,6105.92161804571
Arab World,ARB,2016,6051.26103619544
Arab World,ARB,2015,6299.87807685552
Arab World,ARB,2014,7347.6211570264
Arab World,ARB,2013,7384.79221541888
Caribbean small states,CSS,2023,17609.6827071212
Caribbean small states,CSS,2022,17449.5193422186
Caribbean small states,CSS,2021,13996.4475071755
Caribbean small states,CSS,2020,11961.4085449634
Caribbean small states,CSS,2019,13995.7626558947
Caribbean small states,CSS,2018,13896.5484095788
Caribbean small states,CSS,2017,13708.7525902396
Caribbean small states,CSS,2016,13377.8260731233
Caribbean small states,CSS,2015,14497.8798625347
Caribbean small states,CSS,2014,14962.943351851
Caribbean small states,CSS,2013,14575.4918879542
Central Europe and the Baltics,CEB,2023,22693.9504470566
Central Europe and the Baltics,CEB,2022,19526.2463443821
Central Europe and the Baltics,CEB,2021,19224.3287744219
Central Europe and the Baltics,CEB,2020,16581.3833261524
Central Europe and the Baltics,CEB,2019,16534.9661895205
Central Europe and the Baltics,CEB,2018,16227.2845341706
Central Europe and the Baltics,CEB,2017,14339.8488594791
Central Europe and the Baltics,CEB,2016,12874.7280619541
Central Europe and the Baltics,CEB,2015,12596.9151136003
Central Europe and the Baltics,CEB,2014,14208.4390487349
Central Europe and the Baltics,CEB,2013,13712.7077940364
Early-demographic dividend,EAR,2023,4212.16924807645
Early-demographic dividend,EAR,2022,4017.48956260692
Early-demographic dividend,EAR,2021,3697.4103832017
Early-demographic dividend,EAR,2020,3185.49787368673
Early-demographic dividend,EAR,2019,3481.75530893525
Early-demographic dividend,EAR,2018,3460.86264008666
Early-demographic dividend,EAR,2017,3457.91719451195
Early-demographic dividend,EAR,2016,3227.64814256759
Early-demographic dividend,EAR,2015,3178.86716124226
Early-demographic dividend,EAR,2014,3351.66429566368
Early-demographic dividend,EAR,2013,3332.30407501939
East Asia & Pacific,EAS,2023,13251.5119797804
East Asia & Pacific,EAS,2022,13219.5863562213
East Asia & Pacific,EAS,2021,13416.9773441612
East Asia & Pacific,EAS,2020,11697.5156784805
East Asia & Pacific,EAS,2019,11677.4429355606
East Asia & Pacific,EAS,2018,11487.5096772887
East Asia & Pacific,EAS,2017,10612.7930790259
East Asia & Pacific,EAS,2016,10011.552668647
East Asia & Pacific,EAS,2015,9730.64405529046
East Asia & Pacific,EAS,2014,9832.43196516945
East Asia & Pacific,EAS,2013,9580.35094813005
East Asia & Pacific (excluding high income),EAP,2023,10126.4304121407
East Asia & Pacific (excluding high income),EAP,2022,10107.0569545516
East Asia & Pacific (excluding high income),EAP,2021,9974.57917918464
East Asia & Pacific (excluding high income),EAP,2020,8391.23898302179
East Asia & Pacific (excluding high income),EAP,2019,8286.45749748666
East Asia & Pacific (excluding high income),EAP,2018,8046.00446277369
East Asia & Pacific (excluding high income),EAP,2017,7241.98321346974
East Asia & Pacific (excluding high income),EAP,2016,6683.23529656879
East Asia & Pacific (excluding high income),EAP,2015,6589.81824245918
East Asia & Pacific (excluding high income),EAP,2014,6373.70120967496
East Asia & Pacific (excluding high income),EAP,2013,5952.82148677207
East Asia & Pacific (IDA & IBRD countries),TEA,2023,10240.3474676862
East Asia & Pacific (IDA & IBRD countries),TEA,2022,10220.556668162
East Asia & Pacific (IDA & IBRD countries),TEA,2021,10086.4082581275
East Asia & Pacific (IDA & IBRD countries),TEA,2020,8485.28948088661
East Asia & Pacific (IDA & IBRD countries),TEA,2019,8379.42503514668
East Asia & Pacific (IDA & IBRD countries),TEA,2018,8136.42934013947
East Asia & Pacific (IDA & IBRD countries),TEA,2017,7323.57112357326
East Asia & Pacific (IDA & IBRD countries),TEA,2016,6758.79473763568
East Asia & Pacific (IDA & IBRD countries),TEA,2015,6664.53447337008
East Asia & Pacific (IDA & IBRD countries),TEA,2014,6446.18938511466
East Asia & Pacific (IDA & IBRD countries),TEA,2013,6020.77821511419
Euro area,EMU,2023,44797.6445281418
Euro area,EMU,2022,41105.3462099324
Euro area,EMU,2021,42432.2915720012
Euro area,EMU,2020,37727.4543067337
Euro area,EMU,2019,38679.6118917933
Euro area,EMU,2018,39562.0814189751
Euro area,EMU,2017,36691.2109171985
Euro area,EMU,2016,34690.2425639991
Euro area,EMU,2015,33928.614137702
Euro area,EMU,2014,39333.1197168101
Euro area,EMU,2013,38455.0565897822
Europe & Central Asia,ECS,2023,30015.7640895399
Europe & Central Asia,ECS,2022,27968.286148204
Europe & Central Asia,ECS,2021,27700.9996673888
Europe & Central Asia,ECS,2020,24187.2451763556
Europe & Central Asia,ECS,2019,25045.1218961925
Europe & Central Asia,ECS,2018,25435.6875035469
Europe & Central Asia,ECS,2017,23839.7319723826
Europe & Central Asia,ECS,2016,22554.6821198127
Europe & Central Asia,ECS,2015,22742.4739859372
Europe & Central Asia,ECS,2014,26517.017870416
Europe & Central Asia,ECS,2013,26236.2854279738
Europe & Central Asia (excluding high income),ECA,2023,8609.12296290637
Europe & Central Asia (excluding high income),ECA,2022,7264.37321853889
Europe & Central Asia (excluding high income),ECA,2021,6632.57221034255
Europe & Central Asia (excluding high income),ECA,2020,5734.46191312695
Europe & Central Asia (excluding high income),ECA,2019,6036.15175345642
Europe & Central Asia (excluding high income),ECA,2018,5947.15360517457
Europe & Central Asia (excluding high income),ECA,2017,6129.93083517607
Europe & Central Asia (excluding high income),ECA,2016,6023.54753164072
Europe & Central Asia (excluding high income),ECA,2015,6338.80741019255
Europe & Central Asia (excluding high income),ECA,2014,7334.84338588205
Europe & Central Asia (excluding high income),ECA,2013,7707.27955254226
Europe & Central Asia (IDA & IBRD countries),TEC,2023,12070.5942969794
Europe & Central Asia (IDA & IBRD countries),TEC,2022,11422.1622613514
Europe & Central Asia (IDA & IBRD countries),TEC,2021,9992.00521619821
Europe & Central Asia (IDA & IBRD countries),TEC,2020,8455.78453528889
Europe & Central Asia (IDA & IBRD countries),TEC,2019,9040.92665915657
Europe & Central Asia (IDA & IBRD countries),TEC,2018,8885.56352555245
Europe & Central Asia (IDA & IBRD countries),TEC,2017,8571.09823045668
Europe & Central Asia (IDA & IBRD countries),TEC,2016,7679.02768410566
Europe & Central Asia (IDA & IBRD countries),TEC,2015,8034.6842596255
Europe & Central Asia (IDA & IBRD countries),TEC,2014,10330.3982164695
Europe & Central Asia (IDA & IBRD countries),TEC,2013,10986.3954318467
European Union,EUU,2023,41566.8992410802
European Union,EUU,2022,38066.8240398192
European Union,EUU,2021,39206.9663368683
European Union,EUU,2020,34694.7105012203
European Union,EUU,2019,35374.1493923083
European Union,EUU,2018,36076.9018014875
European Union,EUU,2017,33394.5944932308
European Union,EUU,2016,31456.903580129
European Union,EUU,2015,30771.6635221374
European Union,EUU,2014,35590.1074295737
European Union,EUU,2013,34804.7359239781
Heavily indebted poor countries (HIPC),HPC,2023,1157.85200500349
Heavily indebted poor countries (HIPC),HPC,2022,1123.26894975331
Heavily indebted poor countries (HIPC),HPC,2021,1062.58689269634
Heavily indebted poor countries (HIPC),HPC,2020,963.808519118256
Heavily indebted poor countries (HIPC),HPC,2019,984.553372875279
Heavily indebted poor countries (HIPC),HPC,2018,986.447970381036
Heavily indebted poor countries (HIPC),HPC,2017,944.105800649501
Heavily indebted poor countries (HIPC),HPC,2016,895.291971418288
Heavily indebted poor countries (HIPC),HPC,2015,917.924140878178
Heavily indebted poor countries (HIPC),HPC,2014,987.602359884364
Heavily indebted poor countries (HIPC),HPC,2013,961.217621514844
High income,,2023,49141.5400740302
High income,,2022,47056.4874992383
High income,,2021,45545.9474677756
High income,,2020,40453.9686533276
High income,,2019,41570.3760789982
High income,,2018,41295.6262218527
High income,,2017,38970.4660370017
High income,,2016,37232.2355227355
High income,,2015,36734.6310227088
High income,,2014,39576.1363506592
High income,,2013,39099.8824050102
IBRD only,IBD,2023,7892.13359236419
IBRD only,IBD,2022,7679.78639337735
IBRD only,IBD,2021,7312.40590533832
IBRD only,IBD,2020,6189.46595997499
IBRD only,IBD,2019,6474.8042775296
IBRD only,IBD,2018,6392.20731313147
IBRD only,IBD,2017,6053.47287028012
IBRD only,IBD,2016,5535.21577803788
IBRD only,IBD,2015,5546.81934137697
IBRD only,IBD,2014,5950.16216217417
IBRD only,IBD,2013,5846.25966334365
IDA & IBRD total,IBT,2023,6126.38809068241
IDA & IBRD total,IBT,2022,6024.32591287554
IDA & IBRD total,IBT,2021,5754.17990139813
IDA & IBRD total,IBT,2020,4923.39708871472
IDA & IBRD total,IBT,2019,5168.03480575859
IDA & IBRD total,IBT,2018,5085.0801851085
IDA & IBRD total,IBT,2017,4833.02970118676
IDA & IBRD total,IBT,2016,4450.00988856601
IDA & IBRD total,IBT,2015,4477.24409653758
IDA & IBRD total,IBT,2014,4804.51316862211
IDA & IBRD total,IBT,2013,4717.03916410479
IDA blend,IDB,2023,1922.68195677238
IDA blend,IDB,2022,2241.22931753571
IDA blend,IDB,2021,2148.31628647273
IDA blend,IDB,2020,2014.81189013082
IDA blend,IDB,2019,2210.55539131628
IDA blend,IDB,2018,1873.7385939606
IDA blend,IDB,2017,1808.86674135882
IDA blend,IDB,2016,1810.82104602308
IDA blend,IDB,2015,1967.8941145813
IDA blend,IDB,2014,2113.88702279641
IDA blend,IDB,2013,1985.51999918718
IDA only,IDX,2023,1330.08005697828
IDA only,IDX,2022,1333.98547158611
IDA only,IDX,2021,1257.78054041357
IDA only,IDX,2020,1172.52623503626
IDA only,IDX,2019,1187.14057928369
IDA only,IDX,2018,1159.99786764696
IDA only,IDX,2017,1111.6681922431
IDA only,IDX,2016,1054.71572764683
IDA only,IDX,2015,1024.03892548547
IDA only,IDX,2014,1049.90073249233
IDA only,IDX,2013,1006.28967463937
IDA total,IDA,2023,1536.73358897841
IDA total,IDA,2022,1651.01916315494
IDA total,IDA,2021,1569.43031809587
IDA total,IDA,2020,1467.74475406134
IDA total,IDA,2019,1546.57261928545
IDA total,IDA,2018,1411.20738303305
IDA total,IDA,2017,1357.47789528252
IDA total,IDA,2016,1321.74768141485
IDA total,IDA,2015,1357.9051932623
IDA total,IDA,2014,1426.50032692763
IDA total,IDA,2013,1352.92860920219
Late-demographic dividend,LTE,2023,12427.24971376
Late-demographic dividend,LTE,2022,12287.4566066286
Late-demographic dividend,LTE,2021,11760.0897155889
Late-demographic dividend,LTE,2020,9874.06805462328
Late-demographic dividend,LTE,2019,10120.4663725773
Late-demographic dividend,LTE,2018,9966.8758096194
Late-demographic dividend,LTE,2017,9138.44151395876
Late-demographic dividend,LTE,2016,8297.33628667142
Late-demographic dividend,LTE,2015,8331.63288950883
Late-demographic dividend,LTE,2014,8923.25719295961
Late-demographic dividend,LTE,2013,8644.25759929064
Latin America & Caribbean,LCN,2023,10507.6138782353
Latin America & Caribbean,LCN,2022,9412.05924553392
Latin America & Caribbean,LCN,2021,8292.15210222359
Latin America & Caribbean,LCN,2020,7169.39235876452
Latin America & Caribbean,LCN,2019,8539.95940708219
Latin America & Caribbean,LCN,2018,8778.55673829884
Latin America & Caribbean,LCN,2017,9065.82390216762
Latin America & Caribbean,LCN,2016,8241.51169070648
Latin America & Caribbean,LCN,2015,8546.9179023802
Latin America & Caribbean,LCN,2014,10146.146495038
Latin America & Caribbean,LCN,2013,10305.4184021496
Latin America & Caribbean (excluding high income),LAC,2023,9891.4632795533
Latin America & Caribbean (excluding high income),LAC,2022,8838.67169511547
Latin America & Caribbean (excluding high income),LAC,2021,7694.61136917625
Latin America & Caribbean (excluding high income),LAC,2020,6651.15822114273
Latin America & Caribbean (excluding high income),LAC,2019,8006.02224102566
Latin America & Caribbean (excluding high income),LAC,2018,8231.91428708974
Latin America & Caribbean (excluding high income),LAC,2017,8568.05689042807
Latin America & Caribbean (excluding high income),LAC,2016,7751.59336930245
Latin America & Caribbean (excluding high income),LAC,2015,8087.33242325425
Latin America & Caribbean (excluding high income),LAC,2014,9758.39172353217
Latin America & Caribbean (excluding high income),LAC,2013,9901.44144000481
Latin America & the Caribbean (IDA & IBRD countries),TLA,2023,10259.5487208892
Latin America & the Caribbean (IDA & IBRD countries),TLA,2022,9177.79711881332
Latin America & the Caribbean (IDA & IBRD countries),TLA,2021,8076.87634033776
Latin America & the Caribbean (IDA & IBRD countries),TLA,2020,6965.15053129735
Latin America & the Caribbean (IDA & IBRD countries),TLA,2019,8363.2081656376
Latin America & the Caribbean (IDA & IBRD countries),TLA,2018,8620.65095771156
Latin America & the Caribbean (IDA & IBRD countries),TLA,2017,8918.58515585187
Latin America & the Caribbean (IDA & IBRD countries),TLA,2016,8082.0851229591
Latin America & the Caribbean (IDA & IBRD countries),TLA,2015,8404.04978849744
Latin America & the Caribbean (IDA & IBRD countries),TLA,2014,10059.0239257076
Latin America & the Caribbean (IDA & IBRD countries),TLA,2013,10230.3626492605
Least developed countries: UN classification,LDC,2023,1258.15690309732
Least developed countries: UN classification,LDC,2022,1298.29338219278
Least developed countries: UN classification,LDC,2021,1175.42321388464
Least developed countries: UN classification,LDC,2020,1089.46260850363
Least developed countries: UN classification,LDC,2019,1106.28664072321
Least developed countries: UN classification,LDC,2018,1082.35070462921
Least developed countries: UN classification,LDC,2017,1037.25514816682
Least developed countries: UN classification,LDC,2016,968.123330592586
Least developed countries: UN classification,LDC,2015,983.414934367096
Least developed countries: UN classification,LDC,2014,1056.97673052647
Least developed countries: UN classification,LDC,2013,1007.4142967268
Low & middle income,LMY,2023,5733.51584469729
Low & middle income,LMY,2022,5626.6962378216
Low & middle income,LMY,2021,5422.11312035073
Low & middle income,LMY,2020,4646.47209072865
Low & middle income,LMY,2019,4857.12471542798
Low & middle income,LMY,2018,4773.03574184686
Low & middle income,LMY,2017,4543.08689291431
Low & middle income,LMY,2016,4211.54702250163
Low & middle income,LMY,2015,4223.77742891002
Low & middle income,LMY,2014,4422.77737437186
Low & middle income,LMY,2013,4290.6132325261
Low income,,2023,765.64916597333
Low income,,2022,778.915065676706
Low income,,2021,694.087880017057
Low income,,2020,645.138571127662
Low income,,2019,671.117139517642
Low income,,2018,661.14729086377
Low income,,2017,644.852308695691
Low income,,2016,633.777355522048
Low income,,2015,714.836450326294
Low income,,2014,749.407669788052
Low income,,2013,719.03356976024
Lower middle income,,2023,2319.95481547486
Lower middle income,,2022,2347.99329840156
Lower middle income,,2021,2251.14460096524
Lower middle income,,2020,1996.97695544468
Lower middle income,,2019,2116.20506959362
Lower middle income,,2018,1986.83702598126
Lower middle income,,2017,1943.04862156303
Lower middle income,,2016,1817.03211621924
Lower middle income,,2015,1780.68853695471
Lower middle income,,2014,1855.45211743703
Lower middle income,,2013,1766.55759690392
"Middle East, North Africa, Afghanistan & Pakistan",MEA,2023,6144.70308054742
"Middle East, North Africa, Afghanistan & Pakistan",MEA,2022,6436.74030312288
"Middle East, North Africa, Afghanistan & Pakistan",MEA,2021,5622.19134191977
"Middle East, North Africa, Afghanistan & Pakistan",MEA,2020,4749.14341262891
"Middle East, North Africa, Afghanistan & Pakistan",MEA,2019,5416.06362418233
"Middle East, North Africa, Afghanistan & Pakistan",MEA,2018,5550.31969384997
"Middle East, North Africa, Afghanistan & Pakistan",MEA,2017,5283.42471158364
"Middle East, North Africa, Afghanistan & Pakistan",MEA,2016,5130.21030038801
"Middle East, North Africa, Afghanistan & Pakistan",MEA,2015,5130.25978607342
"Middle East, North Africa, Afghanistan & Pakistan",MEA,2014,5814.71484290247
"Middle East, North Africa, Afghanistan & Pakistan",MEA,2013,5871.07008125381
"Middle East, North Africa, Afghanistan & Pakistan (excluding high income)",MNA,2023,2872.39008505083
"Middle East, North Africa, Afghanistan & Pakistan (excluding high income)",MNA,2022,3022.54814280134
"Middle East, North Africa, Afghanistan & Pakistan (excluding high income)",MNA,2021,2760.50031198582
"Middle East, North Africa, Afghanistan & Pakistan (excluding high income)",MNA,2020,2415.26254491139
"Middle East, North Africa, Afghanistan & Pakistan (excluding high income)",MNA,2019,2701.71325265282
"Middle East, North Africa, Afghanistan & Pakistan (excluding high income)",MNA,2018,2815.3901774218
"Middle East, North Africa, Afghanistan & Pakistan (excluding high income)",MNA,2017,2865.83515636992
"Middle East, North Africa, Afghanistan & Pakistan (excluding high income)",MNA,2016,2869.01813118566
"Middle East, North Africa, Afghanistan & Pakistan (excluding high income)",MNA,2015,2808.6233441937
"Middle East, North Africa, Afghanistan & Pakistan (excluding high income)",MNA,2014,3079.70398875281
"Middle East, North Africa, Afghanistan & Pakistan (excluding high income)",MNA,2013,3153.94010992027
"Middle East, North Africa, Afghanistan & Pakistan (IDA & IBRD)",TMN,2023,2867.14499885351
"Middle East, North Africa, Afghanistan & Pakistan (IDA & IBRD)",TMN,2022,3017.03706401547
"Middle East, North Africa, Afghanistan & Pakistan (IDA & IBRD)",TMN,2021,2754.03924421055
"Middle East, North Africa, Afghanistan & Pakistan (IDA & IBRD)",TMN,2020,2409.54729126605
"Middle East, North Africa, Afghanistan & Pakistan (IDA & IBRD)",TMN,2019,2695.09130976796
"Middle East, North Africa, Afghanistan & Pakistan (IDA & IBRD)",TMN,2018,2810.24942028442
"Middle East, North Africa, Afghanistan & Pakistan (IDA & IBRD)",TMN,2017,2860.68231685818
"Middle East, North Africa, Afghanistan & Pakistan (IDA & IBRD)",TMN,2016,2864.53445831005
"Middle East, North Africa, Afghanistan & Pakistan (IDA & IBRD)",TMN,2015,2805.48695611112
"Middle East, North Africa, Afghanistan & Pakistan (IDA & IBRD)",TMN,2014,3077.87148288398
"Middle East, North Africa, Afghanistan & Pakistan (IDA & IBRD)",TMN,2013,3152.86009912184
Middle income,MIC,2023,6342.84660727863
Middle income,MIC,2022,6209.92727259514
Middle income,MIC,2021,5980.00050387597
Middle income,MIC,2020,5110.03730012152
Middle income,MIC,2019,5333.00944959533
Middle income,MIC,2018,5231.9314869653
Middle income,MIC,2017,4970.75305971396
Middle income,MIC,2016,4598.01556540424
Middle income,MIC,2015,4597.60474958281
Middle income,MIC,2014,4808.99653991663
Middle income,MIC,2013,4661.49740787105
North America,NAC,2023,79647.6390981082
North America,NAC,2022,75769.6975468613
North America,NAC,2021,69532.9041926862
North America,NAC,2020,62319.8671337986
North America,NAC,2019,63306.810223782
North America,NAC,2018,61228.2000482629
North America,NAC,2017,58555.9003870103
North America,NAC,2016,56416.7892083026
North America,NAC,2015,55534.4614029189
North America,NAC,2014,54742.8371458308
North America,NAC,2013,53240.3655883832
Not classified,,2023,
Not classified,,2022,
Not classified,,2021,
Not classified,,2020,
Not classified,,2019,
Not classified,,2018,
Not classified,,2017,
Not classified,,2016,
Not classified,,2015,
Not classified,,2014,
Not classified,,2013,
OECD members,OED,2023,47135.6137232065
OECD members,OED,2022,44455.8357743973
OECD members,OED,2021,43495.5049948213
OECD members,OED,2020,38947.5669905773
OECD members,OED,2019,39940.835037623
OECD members,OED,2018,39756.7556647363
OECD members,OED,2017,37802.8422452392
OECD members,OED,2016,36407.3771727139
OECD members,OED,2015,35931.9232791311
OECD members,OED,2014,38322.7280627757
OECD members,OED,2013,37734.7608375528
Other small states,OSS,2023,15346.6488924949
Other small states,OSS,2022,14326.3081658507
Other small states,OSS,2021,13718.3632503913
Other small states,OSS,2020,11772.0946960495
Other small states,OSS,2019,12908.1967698249
Other small states,OSS,2018,13026.838449762
Other small states,OSS,2017,11950.9760651787
Other small states,OSS,2016,10813.3811118925
Other small states,OSS,2015,10359.1167773921
Other small states,OSS,2014,11682.6156441392
Other small states,OSS,2013,11421.7952581155
Pacific island small states,PSS,2023,4199.64948077192
Pacific island small states,PSS,2022,3941.90128416234
Pacific island small states,PSS,2021,3646.98862815783
Pacific island small states,PSS,2020,3632.52907231285
Pacific island small states,PSS,2019,4185.0758997627
Pacific island small states,PSS,2018,4295.18182253285
Pacific island small states,PSS,2017,4147.00368611764
Pacific island small states,PSS,2016,3898.87961923979
Pacific island small states,PSS,2015,3761.06673610832
Pacific island small states,PSS,2014,3891.36256203141
Pacific island small states,PSS,2013,3630.10394299084
Post-demographic dividend,PST,2023,54507.2154710128
Post-demographic dividend,PST,2022,51597.0182783268
Post-demographic dividend,PST,2021,50433.5519322417
Post-demographic dividend,PST,2020,45174.5036479433
Post-demographic dividend,PST,2019,46125.7453007656
Post-demographic dividend,PST,2018,45787.7299792029
Post-demographic dividend,PST,2017,43356.99969696
Post-demographic dividend,PST,2016,41720.329677393
Post-demographic dividend,PST,2015,40960.9089975197
Post-demographic dividend,PST,2014,43482.2905959942
Post-demographic dividend,PST,2013,42757.0705462921
Pre-demographic dividend,PRE,2023,1559.36615928619
Pre-demographic dividend,PRE,2022,1769.1914721872
Pre-demographic dividend,PRE,2021,1594.39804852433
Pre-demographic dividend,PRE,2020,1497.18872625076
Pre-demographic dividend,PRE,2019,1682.64777483043
Pre-demographic dividend,PRE,2018,1452.10811367974
Pre-demographic dividend,PRE,2017,1341.55710823713
Pre-demographic dividend,PRE,2016,1318.65578321566
Pre-demographic dividend,PRE,2015,1526.04099231967
Pre-demographic dividend,PRE,2014,1849.26650645876
Pre-demographic dividend,PRE,2013,1797.07620788678
Small states,SST,2023,14360.785757405
Small states,SST,2022,13644.5029834497
Small states,SST,2021,12435.8612830054
Small states,SST,2020,10730.4939107969
Small states,SST,2019,11997.3036529705
Small states,SST,2018,12064.6886372837
Small states,SST,2017,11319.4921033734
Small states,SST,2016,10492.0492970632
Small states,SST,2015,10451.9964952878
Small states,SST,2014,11422.9709382889
Small states,SST,2013,11137.9509953235
South Asia,SAS,2023,2449.857142451
South Asia,SAS,2022,2326.72890585805
South Asia,SAS,2021,2273.72055805692
South Asia,SAS,2020,1957.20343709781
South Asia,SAS,2019,2067.05975680251
South Asia,SAS,2018,1988.36633317988
South Asia,SAS,2017,1956.06707563972
South Asia,SAS,2016,1722.90703396273
South Asia,SAS,2015,1570.54142452744
South Asia,SAS,2014,1528.4920875126
South Asia,SAS,2013,1405.84072374278
South Asia (IDA & IBRD),TSA,2023,2449.857142451
South Asia (IDA & IBRD),TSA,2022,2326.72890585805
South Asia (IDA & IBRD),TSA,2021,2273.72055805692
South Asia (IDA & IBRD),TSA,2020,1957.20343709781
South Asia (IDA & IBRD),TSA,2019,2067.05975680251
South Asia (IDA & IBRD),TSA,2018,1988.36633317988
South Asia (IDA & IBRD),TSA,2017,1956.06707563972
South Asia (IDA & IBRD),TSA,2016,1722.90703396273
South Asia (IDA & IBRD),TSA,2015,1570.54142452744
South Asia (IDA & IBRD),TSA,2014,1528.4920875126
South Asia (IDA & IBRD),TSA,2013,1405.84072374278
Sub-Saharan Africa,SSF,2023,1682.2261488119
Sub-Saharan Africa,SSF,2022,1864.70686111925
Sub-Saharan Africa,SSF,2021,1785.98118191144
Sub-Saharan Africa,SSF,2020,1628.43873346869
Sub-Saharan Africa,SSF,2019,1797.04121765415
Sub-Saharan Africa,SSF,2018,1622.59575329634
Sub-Saharan Africa,SSF,2017,1549.18831908585
Sub-Saharan Africa,SSF,2016,1456.65211115929
Sub-Saharan Africa,SSF,2015,1647.32085826836
Sub-Saharan Africa,SSF,2014,1907.73210907064
Sub-Saharan Africa,SSF,2013,1880.39980462364
Sub-Saharan Africa (excluding high income),SSA,2023,1680.66097936273
Sub-Saharan Africa (excluding high income),SSA,2022,1863.26040059117
Sub-Saharan Africa (excluding high income),SSA,2021,1784.88774854725
Sub-Saharan Africa (excluding high income),SSA,2020,1627.39235037313
Sub-Saharan Africa (excluding high income),SSA,2019,1795.55378673641
Sub-Saharan Africa (excluding high income),SSA,2018,1621.1285196776
Sub-Saharan Africa (excluding high income),SSA,2017,1547.77467837023
Sub-Saharan Africa (excluding high income),SSA,2016,1455.29231657117
Sub-Saharan Africa (excluding high income),SSA,2015,1646.07300085129
Sub-Saharan Africa (excluding high income),SSA,2014,1906.51557748593
Sub-Saharan Africa (excluding high income),SSA,2013,1879.20059513022
Sub-Saharan Africa (IDA & IBRD countries),TSS,2023,1682.2261488119
Sub-Saharan Africa (IDA & IBRD countries),TSS,2022,1864.70686111924
Sub-Saharan Africa (IDA & IBRD countries),TSS,2021,1785.98118191144
Sub-Saharan Africa (IDA & IBRD countries),TSS,2020,1628.43873346869
Sub-Saharan Africa (IDA & IBRD countries),TSS,2019,1797.04121765415
Sub-Saharan Africa (IDA & IBRD countries),TSS,2018,1622.59575329634
Sub-Saharan Africa (IDA & IBRD countries),TSS,2017,1549.18831908585
Sub-Saharan Africa (IDA & IBRD countries),TSS,2016,1456.65211115929
Sub-Saharan Africa (IDA & IBRD countries),TSS,2015,1647.32085826836
Sub-Saharan Africa (IDA & IBRD countries),TSS,2014,1907.73210907064
Sub-Saharan Africa (IDA & IBRD countries),TSS,2013,1880.39980462364
Upper middle income,,2023,10118.6217728148
Upper middle income,,2022,9796.27244734764
Upper middle income,,2021,9409.61235165342
Upper middle income,,2020,7949.25683610967
Upper middle income,,2019,8244.30681174043
Upper middle income,,2018,8149.60205746059
Upper middle income,,2017,7676.40394987858
Upper middle income,,2016,7068.00587843387
Upper middle income,,2015,7083.47780015619
Upper middle income,,2014,7399.1550644732
Upper middle income,,2013,7183.80264347723
World,WLD,2023,13313.8575826001
World,WLD,2022,12876.2377124072
World,WLD,2021,12472.9074157191
World,WLD,2020,10999.4917581781
World,WLD,2019,11417.5958587724
World,WLD,2018,11344.728168656
World,WLD,2017,10784.3950896297
World,WLD,2016,10239.4656645738
World,WLD,2015,10191.9752512662
World,WLD,2014,10912.2447775638
World,WLD,2013,10759.3457336689
Afghanistan,AFG,2023,413.757894705303
Afghanistan,AFG,2022,357.261152798144
Afghanistan,AFG,2021,356.496214115892
Afghanistan,AFG,2020,510.787063366811
Afghanistan,AFG,2019,496.6025042585
Afghanistan,AFG,2018,491.337221382603
Afghanistan,AFG,2017,525.469770891619
Afghanistan,AFG,2016,522.082215583898
Afghanistan,AFG,2015,565.569730408751
Afghanistan,AFG,2014,625.054941813938
Afghanistan,AFG,2013,637.087099117099
Albania,ALB,2023,9740.7023414631
Albania,ALB,2022,7756.96188744253
Albania,ALB,2021,7242.45513146613
Albania,ALB,2020,6027.91350716348
Albania,ALB,2019,6069.43903131027
Albania,ALB,2018,5897.65452588774
Albania,ALB,2017,5006.36012951959
Albania,ALB,2016,4457.63412207495
Albania,ALB,2015,4199.53912925398
Albania,ALB,2014,4793.59751131525
Albania,ALB,2013,4542.92903556739
Algeria,DZA,2023,5370.477235078
Algeria,DZA,2022,4960.30334332888
Algeria,DZA,2021,4160.55926736925
Algeria,DZA,2020,3743.5419522929
Algeria,DZA,2019,4468.45341883656
Algeria,DZA,2018,4577.21029180491
Algeria,DZA,2017,4554.66753957828
Algeria,DZA,2016,4424.98529027556
Algeria,DZA,2015,4685.05902729002
Algeria,DZA,2014,6094.69392314956
Algeria,DZA,2013,5979.60138960585
American Samoa,ASM,2023,
American Samoa,ASM,2022,18017.4589383973
American Samoa,ASM,2021,15236.1604875571
American Samoa,ASM,2020,14489.2586563775
American Samoa,ASM,2019,12886.1359517218
American Samoa,ASM,2018,12552.0546868861
American Samoa,ASM,2017,11863.6839452565
American Samoa,ASM,2016,12843.3342903627
American Samoa,ASM,2015,12727.4102651386
American Samoa,ASM,2014,12026.3344929488
American Samoa,ASM,2013,11813.5022034589
Andorra,AND,2023,46812.448450114
Andorra,AND,2022,42414.0590111349
Andorra,AND,2021,42425.6996761083
Andorra,AND,2020,37361.090067211
Andorra,AND,2019,41257.8045861543
Andorra,AND,2018,42819.774579353
Andorra,AND,2017,40672.9943362327
Andorra,AND,2016,40129.8192026671
Andorra,AND,2015,38654.9347217207
Andorra,AND,2014,44369.6596894579
Andorra,AND,2013,42470.3161158563
Angola,AGO,2023,2885.51349130806
Angola,AGO,2022,3598.53669077341
Angola,AGO,2021,2266.96834861584
Angola,AGO,2020,1749.1794838482
Angola,AGO,2019,2507.86807213642
Angola,AGO,2018,2891.83032378747
Angola,AGO,2017,2832.14997950512
Angola,AGO,2016,2082.37343594705
Angola,AGO,2015,3641.72893920253
Angola,AGO,2014,5649.68762467535
Angola,AGO,2013,5688.57916213471
Antigua and Barbuda,ATG,2023,22012.2625947994
Antigua and Barbuda,ATG,2022,20003.3909394099
Antigua and Barbuda,ATG,2021,17348.6006987182
Antigua and Barbuda,ATG,2020,15369.6082250401
Antigua and Barbuda,ATG,2019,18896.3721832248
Antigua and Barbuda,ATG,2018,18273.4270684912
Antigua and Barbuda,ATG,2017,16965.7288273816
Antigua and Barbuda,ATG,2016,16556.8551801588
Antigua and Barbuda,ATG,2015,16077.6340769406
Antigua and Barbuda,ATG,2014,15532.1062063584
Antigua and Barbuda,ATG,2013,15051.5113587425
Argentina,ARG,2023,14261.8465667948
Argentina,ARG,2022,13962.1894087223
Argentina,ARG,2021,10738.0179223384
Argentina,ARG,2020,8535.59938004389
Argentina,ARG,2019,9955.97478680428
Argentina,ARG,2018,11752.7998922979
Argentina,ARG,2017,14532.5009308511
Argentina,ARG,2016,12699.9623137756
Argentina,ARG,2015,13679.6264980954
Argentina,ARG,2014,12233.1444119186
Argentina,ARG,2013,12963.675773326
Armenia,ARM,2023,8159.08720967996
Armenia,ARM,2022,6571.97445545099
Armenia,ARM,2021,4685.17997128509
Armenia,ARM,2020,4268.68093304583
Armenia,ARM,2019,4597.22887399548
Armenia,ARM,2018,4196.00562301769
Armenia,ARM,2017,3869.05373867752
Armenia,ARM,2016,3524.42476874707
Armenia,ARM,2015,3512.39350276709
Armenia,ARM,2014,3852.11800610384
Armenia,ARM,2013,3680.16692158886
Aruba,ABW,2023,34897.6183932009
Aruba,ABW,2022,31000.5713798732
Aruba,ABW,2021,26827.3447869986
Aruba,ABW,2020,22664.3709949437
Aruba,ABW,2019,30654.4851235397
Aruba,ABW,2018,30082.1584226798
Aruba,ABW,2017,28440.0416881491
Aruba,ABW,2016,27441.5502144601
Aruba,ABW,2015,27458.2201537506
Aruba,ABW,2014,26129.8390617693
Aruba,ABW,2013,25813.5714408438
Australia,AUS,2023,65058.3773146674
Australia,AUS,2022,65169.5191118657
Australia,AUS,2021,60758.9044397144
Australia,AUS,2020,51983.4523666382
Australia,AUS,2019,55194.7585097428
Australia,AUS,2018,57410.1737346009
Australia,AUS,2017,54117.547718609
Australia,AUS,2016,50084.4440606385
Australia,AUS,2015,56970.3613028094
Australia,AUS,2014,62817.2061751737
Australia,AUS,2013,68476.6788496118
Austria,AUT,2023,56579.504175468
Austria,AUT,2022,52336.7725223758
Austria,AUT,2021,53648.6437976214
Austria,AUT,2020,48716.4098900349
Austria,AUT,2019,49885.9947355204
Austria,AUT,2018,51194.0749841299
Austria,AUT,2017,47163.7425775142
Austria,AUT,2016,45061.4993920192
Austria,AUT,2015,43915.228020857
Austria,AUT,2014,51314.9722616322
Austria,AUT,2013,50305.3545774973
Azerbaijan,AZE,2023,7133.02838048328
Azerbaijan,AZE,2022,7770.594223351
Azerbaijan,AZE,2021,5408.04535175023
Azerbaijan,AZE,2020,4229.91064904503
Azerbaijan,AZE,2019,4805.75371765917
Azerbaijan,AZE,2018,4739.7943123408
Azerbaijan,AZE,2017,4147.1981423222
Azerbaijan,AZE,2016,3880.6852276838
Azerbaijan,AZE,2015,5500.50364628486
Azerbaijan,AZE,2014,7890.84028062087
Azerbaijan,AZE,2013,7875.34536661549
"Bahamas, The",BHS,2023,38231.774484278
"Bahamas, The",BHS,2022,34957.1613279737
"Bahamas, The",BHS,2021,30367.8605757708
"Bahamas, The",BHS,2020,26178.7537607708
"Bahamas, The",BHS,2019,33640.3369861278
"Bahamas, The",BHS,2018,32642.3353203452
"Bahamas, The",BHS,2017,31875.4881749619
"Bahamas, The",BHS,2016,30616.5363157284
"Bahamas, The",BHS,2015,30719.405417469
"Bahamas, The",BHS,2014,29137.2175632622
"Bahamas, The",BHS,2013,27642.7419759179
Bahrain,BHR,2023,29290.1284215098
Bahrain,BHR,2022,30470.5219276023
Bahrain,BHR,2021,27147.8083882286
Bahrain,BHR,2020,24342.8444554718
Bahrain,BHR,2019,27259.7438599327
Bahrain,BHR,2018,26324.4066549559
Bahrain,BHR,2017,24784.7693514607
Bahrain,BHR,2016,23800.001440631
Bahrain,BHR,2015,23734.0551143019
Bahrain,BHR,2014,26451.7965647453
Bahrain,BHR,2013,26989.7601148469
Bangladesh,BGD,2023,2551.01773827307
Bangladesh,BGD,2022,2716.48592780431
Bangladesh,BGD,2021,2482.84917843357
Bangladesh,BGD,2020,2248.85078828233
Bangladesh,BGD,2019,2129.79896954606
Bangladesh,BGD,2018,1965.24372731467
Bangladesh,BGD,2017,1811.08221668646
Bangladesh,BGD,2016,1649.28380858601
Bangladesh,BGD,2015,1224.38647668165
Bangladesh,BGD,2014,1094.46199702838
Bangladesh,BGD,2013,958.262989798283
Barbados,BRB,2023,25583.8722302505
Barbados,BRB,2022,24393.2193483944
Barbados,BRB,2021,21084.4013935998
Barbados,BRB,2020,19180.9915228365
Barbados,BRB,2019,21929.435611489
Barbados,BRB,2018,21378.2201267496
Barbados,BRB,2017,20870.7596432179
Barbados,BRB,2016,20311.4094163764
Barbados,BRB,2015,20429.4747123553
Barbados,BRB,2014,20423.7177921163
Barbados,BRB,2013,20384.4910233555
Belarus,BLR,2023,7896.75388295584
Belarus,BLR,2022,7994.64806074889
Belarus,BLR,2021,7489.71894713888
Belarus,BLR,2020,6542.85579976768
Belarus,BLR,2019,6837.77339645635
Belarus,BLR,2018,6360.037502312
Belarus,BLR,2017,5785.54491935194
Belarus,BLR,2016,5039.77560949445
Belarus,BLR,2015,5967.05595058777
Belarus,BLR,2014,8341.31809294883
Belarus,BLR,2013,7998.0802045456
Belgium,BEL,2023,55244.68145811
Belgium,BEL,2022,50639.0264882739
Belgium,BEL,2021,51658.238294958
Belgium,BEL,2020,45906.2875805246
Belgium,BEL,2019,46716.6227467964
Belgium,BEL,2018,47487.2100392561
Belgium,BEL,2017,44035.3239358548
Belgium,BEL,2016,41854.5498296444
Belgium,BEL,2015,40893.804537772
Belgium,BEL,2014,47995.7786961339
Belgium,BEL,2013,46964.5946777056
Belize,BLZ,2023,7424.75821321022
Belize,BLZ,2022,7068.21728043145
Belize,BLZ,2021,6142.98930557031
Belize,BLZ,2020,5238.54078175696
Belize,BLZ,2019,6171.61449761423
Belize,BLZ,2018,6011.99036888587
Belize,BLZ,2017,6071.85451846453
Belize,BLZ,2016,6140.86713919469
Belize,BLZ,2015,6154.62264230369
Belize,BLZ,2014,6128.12053089077
Belize,BLZ,2013,5957.34953619006
Benin,BEN,2023,1394.17784721831
Benin,BEN,2022,1266.42711031904
Benin,BEN,2021,1318.65158075198
Benin,BEN,2020,1200.19426557789
Benin,BEN,2019,1130.82135339795
Benin,BEN,2018,1151.7409703472
Benin,BEN,2017,1054.97408066814
Benin,BEN,2016,1010.5338961993
Benin,BEN,2015,1002.41886879614
Benin,BEN,2014,1204.39918670094
Benin,BEN,2013,1168.92699279226
Bermuda,BMU,2023,132961.760796315
Bermuda,BMU,2022,119969.173269085
Bermuda,BMU,2021,112765.08167306
Bermuda,BMU,2020,106976.546239632
Bermuda,BMU,2019,115798.040775578
Bermuda,BMU,2018,113204.82210838
Bermuda,BMU,2017,112339.425587467
Bermuda,BMU,2016,108747.356144305
Bermuda,BMU,2015,104855.366822135
Bermuda,BMU,2014,100961.576602811
Bermuda,BMU,2013,101704.40746217
Bhutan,BTN,2023,3831.32535564326
Bhutan,BTN,2022,3711.32767981591
Bhutan,BTN,2021,3570.61257980872
Bhutan,BTN,2020,3191.66906999331
Bhutan,BTN,2019,3576.87987100503
Bhutan,BTN,2018,3400.20417245342
Bhutan,BTN,2017,3435.28804735662
Bhutan,BTN,2016,3152.30905106786
Bhutan,BTN,2015,2954.04081911097
Bhutan,BTN,2014,2849.49998647303
Bhutan,BTN,2013,2679.95217201538
Bolivia,BOL,2023,4274.70820547613
Bolivia,BOL,2022,4219.46113742445
Bolivia,BOL,2021,4010.76053686204
Bolivia,BOL,2020,3580.96761778303
Bolivia,BOL,2019,4203.15492855788
Bolivia,BOL,2018,4206.8552936661
Bolivia,BOL,2017,4048.40119739839
Bolivia,BOL,2016,3035.87347732132
Bolivia,BOL,2015,2996.01289811344
Bolivia,BOL,2014,3041.43503162408
Bolivia,BOL,2013,2870.02377000756
Bosnia and Herzegovina,BIH,2023,8663.02326458629
Bosnia and Herzegovina,BIH,2022,7655.59421024383
Bosnia and Herzegovina,BIH,2021,7295.34378682258
Bosnia and Herzegovina,BIH,2020,6130.31187968266
Bosnia and Herzegovina,BIH,2019,6122.37541352353
Bosnia and Herzegovina,BIH,2018,6047.84707207392
Bosnia and Herzegovina,BIH,2017,5345.01978766473
Bosnia and Herzegovina,BIH,2016,4928.5665903114
Bosnia and Herzegovina,BIH,2015,4662.25869219448
Bosnia and Herzegovina,BIH,2014,5206.06573475132
Bosnia and Herzegovina,BIH,2013,5034.56634817068
Botswana,BWA,2023,7827.30027960734
Botswana,BWA,2022,8328.7090572666
Botswana,BWA,2021,7807.88794570471
Botswana,BWA,2020,6323.2974967659
Botswana,BWA,2019,7172.08956480028
Botswana,BWA,2018,7407.95940141786
Botswana,BWA,2017,7104.96401088027
Botswana,BWA,2016,6749.05994339013
Botswana,BWA,2015,6141.20394726616
Botswana,BWA,2014,7122.36423421503
Botswana,BWA,2013,6666.91219583487
Brazil,BRA,2023,10377.5892792557
Brazil,BRA,2022,9281.33334441234
Brazil,BRA,2021,7972.5366498646
Brazil,BRA,2020,7074.19378337644
Brazil,BRA,2019,9029.83326681073
Brazil,BRA,2018,9300.66164923219
Brazil,BRA,2017,10080.5092819305
Brazil,BRA,2016,8836.28652735657
Brazil,BRA,2015,8936.19661712113
Brazil,BRA,2014,12274.9939689363
Brazil,BRA,2013,12458.8912138813
British Virgin Islands,VGB,2023,
British Virgin Islands,VGB,2022,
British Virgin Islands,VGB,2021,
British Virgin Islands,VGB,2020,
British Virgin Islands,VGB,2019,
British Virgin Islands,VGB,2018,
British Virgin Islands,VGB,2017,
British Virgin Islands,VGB,2016,
British Virgin Islands,VGB,2015,
British Virgin Islands,VGB,2014,
British Virgin Islands,VGB,2013,
Brunei Darussalam,BRN,2023,32890.5491812019
Brunei Darussalam,BRN,2022,36632.9280952155
Brunei Darussalam,BRN,2021,31006.9636289785
Brunei Darussalam,BRN,2020,26834.3592233943
Brunei Darussalam,BRN,2019,30426.5730656528
Brunei Darussalam,BRN,2018,30988.1190267227
Brunei Darussalam,BRN,2017,28024.3824580252
Brunei Darussalam,BRN,2016,26663.2972950602
Brunei Darussalam,BRN,2015,30625.1287744656
Brunei Darussalam,BRN,2014,41026.5084247957
Brunei Darussalam,BRN,2013,44003.0644273461
Bulgaria,BGR,2023,15854.0192893772
Bulgaria,BGR,2022,13999.9113358453
Bulgaria,BGR,2021,12966.8085197381
Bulgaria,BGR,2020,10760.7616180234
Bulgaria,BGR,2019,10354.2500414088
Bulgaria,BGR,2018,9849.88769989118
Bulgaria,BGR,2017,8697.13373333715
Bulgaria,BGR,2016,7822.89886431732
Bulgaria,BGR,2015,7269.02586513711
Bulgaria,BGR,2014,8070.01289303544
Bulgaria,BGR,2013,7796.37945241455
Burkina Faso,BFA,2023,873.198061670247
Burkina Faso,BFA,2022,827.330843486661
Burkina Faso,BFA,2021,895.535288442991
Burkina Faso,BFA,2020,825.237038782475
Burkina Faso,BFA,2019,764.853077774946
Burkina Faso,BFA,2018,777.465618514048
Burkina Faso,BFA,2017,709.091535894695
Burkina Faso,BFA,2016,663.742364842886
Burkina Faso,BFA,2015,630.124750752312
Burkina Faso,BFA,2014,764.861675106225
Burkina Faso,BFA,2013,759.762065168498
Burundi,BDI,2023,249.795164039029
Burundi,BDI,2022,301.832255755105
Burundi,BDI,2021,264.172844085398
Burundi,BDI,2020,252.702452750006
Burundi,BDI,2019,234.31061590725
Burundi,BDI,2018,245.661678332009
Burundi,BDI,2017,246.060725714184
Burundi,BDI,2016,232.937812100153
Burundi,BDI,2015,254.402585226788
Burundi,BDI,2014,250.544492155185
Burundi,BDI,2013,234.844770150871
Cabo Verde,CPV,2023,4794.90119772843
Cabo Verde,CPV,2022,4323.31362032709
Cabo Verde,CPV,2021,3971.44409203423
Cabo Verde,CPV,2020,3539.22661248299
Cabo Verde,CPV,2019,4380.78117331128
Cabo Verde,CPV,2018,4294.96510035729
Cabo Verde,CPV,2017,3893.09571382506
Cabo Verde,CPV,2016,3608.96605234906
Cabo Verde,CPV,2015,3415.06266730931
Cabo Verde,CPV,2014,3985.60706548134
Cabo Verde,CPV,2013,3960.97596791345
Cambodia,KHM,2023,2429.74853452838
Cambodia,KHM,2022,2325.03050040841
Cambodia,KHM,2021,2167.40324198499
Cambodia,KHM,2020,2081.73914242939
Cambodia,KHM,2019,2225.87705485686
Cambodia,KHM,2018,2036.67377566578
Cambodia,KHM,2017,1826.35391688754
Cambodia,KHM,2016,1675.19555711109
Cambodia,KHM,2015,1547.32010444393
Cambodia,KHM,2014,1431.56396469993
Cambodia,KHM,2013,1305.6600972686
Cameroon,CMR,2023,1720.47510154506
Cameroon,CMR,2022,1604.87726954895
Cameroon,CMR,2021,1672.32657340872
Cameroon,CMR,2020,1555.60370660749
Cameroon,CMR,2019,1555.22660476477
Cameroon,CMR,2018,1610.69641591017
Cameroon,CMR,2017,1496.08951771242
Cameroon,CMR,2016,1441.7201725688
Cameroon,CMR,2015,1415.00009710569
Cameroon,CMR,2014,1649.4433905949
Cameroon,CMR,2013,1575.92882118897
Canada,CAN,2023,54847.5370112652
Canada,CAN,2022,56496.9275340663
Canada,CAN,2021,52886.6407813788
Canada,CAN,2020,43537.8981198851
Canada,CAN,2019,46352.9695208927
Canada,CAN,2018,46539.2177903178
Canada,CAN,2017,45129.7335281051
Canada,CAN,2016,42314.1033623905
Canada,CAN,2015,43594.2379080706
Canada,CAN,2014,50960.8942086685
Canada,CAN,2013,52637.7313222622
Cayman Islands,CYM,2023,100065.233841107
Cayman Islands,CYM,2022,92937.8838323153
Cayman Islands,CYM,2021,86449.6749037302
Cayman Islands,CYM,2020,82338.7977439023
Cayman Islands,CYM,2019,88254.2903677044
Cayman Islands,CYM,2018,83865.5531568184
Cayman Islands,CYM,2017,80053.9444506891
Cayman Islands,CYM,2016,77802.2541567187
Cayman Islands,CYM,2015,76379.2095108681
Cayman Islands,CYM,2014,75845.3060407986
Cayman Islands,CYM,2013,75113.7332398618
Central African Republic,CAF,2023,495.978897288721
Central African Republic,CAF,2022,467.359825026238
Central African Republic,CAF,2021,492.263142830507
Central African Republic,CAF,2020,462.879071294011
Central African Republic,CAF,2019,449.228467602439
Central African Republic,CAF,2018,455.243962859534
Central African Republic,CAF,2017,432.324025684263
Central African Republic,CAF,2016,387.176203444318
Central African Republic,CAF,2015,366.322853938121
Central African Republic,CAF,2014,409.8504859647
Central African Republic,CAF,2013,364.36696260838
Chad,TCD,2023,949.991054236266
Chad,TCD,2022,966.036468278568
Chad,TCD,2021,946.358500208374
Chad,TCD,2020,866.947814890409
Chad,TCD,2019,893.336441643325
Chad,TCD,2018,948.656629871231
Chad,TCD,2017,854.46120040098
Chad,TCD,2016,861.831767630746
Chad,TCD,2015,993.990730610869
Chad,TCD,2014,1278.78981422494
Chad,TCD,2013,1304.88742971475
Channel Islands,CHI,2023,74585.5224096294
Channel Islands,CHI,2022,67627.1417347907
Channel Islands,CHI,2021,66915.3963925722
Channel Islands,CHI,2020,56785.9402005039
Channel Islands,CHI,2019,60564.6293993681
Channel Islands,CHI,2018,60784.8125397162
Channel Islands,CHI,2017,55806.3554257428
Channel Islands,CHI,2016,55947.579811974
Channel Islands,CHI,2015,61847.8212238857
Channel Islands,CHI,2014,64697.5485024325
Channel Islands,CHI,2013,59308.4666588674
Chile,CHL,2023,17081.5180740049
Chile,CHL,2022,15399.1044717559
Chile,CHL,2021,16216.1840860289
Chile,CHL,2020,13117.9930230086
Chile,CHL,2019,14496.9345640362
Chile,CHL,2018,15659.4808675628
Chile,CHL,2017,14879.9086227187
Chile,CHL,2016,13649.8520452803
Chile,CHL,2015,13433.9202987032
Chile,CHL,2014,14529.6767206336
Chile,CHL,2013,15683.5486369155
China,CHN,2023,12951.1782397043
China,CHN,2022,12970.6056414327
China,CHN,2021,12887.4357242941
China,CHN,2020,10627.4637989619
China,CHN,2019,10342.9009524335
China,CHN,2018,10085.6638148819
China,CHN,2017,8979.67652709856
China,CHN,2016,8254.86859320357
China,CHN,2015,8175.33285077393
China,CHN,2014,7781.06597484974
China,CHN,2013,7147.03518622344
Colombia,COL,2023,7012.49169137756
Colombia,COL,2022,6680.44506854481
Colombia,COL,2021,6222.62164397614
Colombia,COL,2020,5339.68711357943
Colombia,COL,2019,6472.54544924705
Colombia,COL,2018,6816.96818309544
Colombia,COL,2017,6479.53231292429
Colombia,COL,2016,5959.84250367574
Colombia,COL,2015,6248.51490534512
Colombia,COL,2014,8187.20824890084
Colombia,COL,2013,8279.10255642981
Comoros,COM,2023,1723.89474946474
Comoros,COM,2022,1533.87755393614
Comoros,COM,2021,1587.72988658008
Comoros,COM,2020,1527.16991011916
Comoros,COM,2019,1519.26386436068
Comoros,COM,2018,1540.71132257526
Comoros,COM,2017,1423.9248027797
Comoros,COM,2016,1365.48403444497
Comoros,COM,2015,1329.37048235986
Comoros,COM,2014,1615.71709756316
Comoros,COM,2013,1603.32653496691
"Congo, Dem. Rep.",COD,2023,660.21205238997
"Congo, Dem. Rep.",COD,2022,687.738587554685
"Congo, Dem. Rep.",COD,2021,595.743074403567
"Congo, Dem. Rep.",COD,2020,486.425572682256
"Congo, Dem. Rep.",COD,2019,504.00419142286
"Congo, Dem. Rep.",COD,2018,518.169626875371
"Congo, Dem. Rep.",COD,2017,431.052559128788
"Congo, Dem. Rep.",COD,2016,459.765036590388
"Congo, Dem. Rep.",COD,2015,495.826633014883
"Congo, Dem. Rep.",COD,2014,489.175952097319
"Congo, Dem. Rep.",COD,2013,460.370334930107
"Congo, Rep.",COG,2023,2477.97845544866
"Congo, Rep.",COG,2022,2620.83804267402
"Congo, Rep.",COG,2021,2516.16255145432
"Congo, Rep.",COG,2020,1993.586671931
"Congo, Rep.",COG,2019,2488.42466724916
"Congo, Rep.",COG,2018,2694.43413191427
"Congo, Rep.",COG,2017,2211.63309874797
"Congo, Rep.",COG,2016,2093.10728558843
"Congo, Rep.",COG,2015,2439.35189403696
"Congo, Rep.",COG,2014,3601.2365808718
"Congo, Rep.",COG,2013,3697.41705884249
Costa Rica,CRI,2023,17140.771430122
Costa Rica,CRI,2022,13971.7649991294
Costa Rica,CRI,2021,12962.2716075659
Costa Rica,CRI,2020,12475.6852076814
Costa Rica,CRI,2019,12951.8588421841
Costa Rica,CRI,2018,12620.0207321581
Costa Rica,CRI,2017,12317.0902779911
Costa Rica,CRI,2016,12091.0301560892
Costa Rica,CRI,2015,11714.7106121672
Costa Rica,CRI,2014,10911.4978703456
Costa Rica,CRI,2013,10803.2401795009
Cote d'Ivoire,CIV,2023,2591.9659048119
Cote d'Ivoire,CIV,2022,2333.37128301259
Cote d'Ivoire,CIV,2021,2455.98127641148
Cote d'Ivoire,CIV,2020,2179.72934832935
Cote d'Ivoire,CIV,2019,2141.76836170115
Cote d'Ivoire,CIV,2018,2130.86619381144
Cote d'Ivoire,CIV,2017,1964.29930338343
Cote d'Ivoire,CIV,2016,1862.59597081287
Cote d'Ivoire,CIV,2015,1814.71855088017
Cote d'Ivoire,CIV,2014,1991.36539423404
Cote d'Ivoire,CIV,2013,1786.15862031324
Croatia,HRV,2023,22183.4982258492
Croatia,HRV,2022,18465.531473659
Croatia,HRV,2021,17788.7601163765
Croatia,HRV,2020,14807.5559227544
Croatia,HRV,2019,15563.7354996625
Croatia,HRV,2018,15460.4560798984
Croatia,HRV,2017,13901.6498657787
Croatia,HRV,2016,12820.1872746645
Croatia,HRV,2015,12283.8750299177
Croatia,HRV,2014,14186.7712230471
Croatia,HRV,2013,14135.0903485872
Cuba,CUB,2023,
Cuba,CUB,2022,
Cuba,CUB,2021,
Cuba,CUB,2020,9605.27914559614
Cuba,CUB,2019,9232.26115935183
Cuba,CUB,2018,8911.46205998726
Cuba,CUB,2017,8610.60829605429
Cuba,CUB,2016,8110.55874283616
Cuba,CUB,2015,7727.91997207998
Cuba,CUB,2014,7146.70459051328
Cuba,CUB,2013,6828.36428245396
Curacao,CUW,2023,21217.8109173312
Curacao,CUW,2022,20057.1404960105
Curacao,CUW,2021,17795.5826483092
Curacao,CUW,2020,16299.8134688605
Curacao,CUW,2019,19220.6866958303
Curacao,CUW,2018,19119.1243941688
Curacao,CUW,2017,18938.2440469703
Curacao,CUW,2016,18944.0961493998
Curacao,CUW,2015,19361.8130008678
Curacao,CUW,2014,19623.029993395
Curacao,CUW,2013,19721.2921646576
Cyprus,CYP,2023,36623.70703125
Cyprus,CYP,2022,33231.05078125
Cyprus,CYP,2021,32937.8359375
Cyprus,CYP,2020,28130.330078125
Cyprus,CYP,2019,29227.16796875
Cyprus,CYP,2018,29120.38671875
Cyprus,CYP,2017,26247.46484375
Cyprus,CYP,2016,24280.044921875
Cyprus,CYP,2015,23088.4296875
Cyprus,CYP,2014,26993.095703125
Cyprus,CYP,2013,27764.7265625
Czechia,CZE,2023,31761.5944102491
Czechia,CZE,2022,28282.2236715857
Czechia,CZE,2021,27696.4619527544
Czechia,CZE,2020,23472.8915454417
Czechia,CZE,2019,24062.7190013343
Czechia,CZE,2018,23705.9329811299
Czechia,CZE,2017,20913.197632212
Czechia,CZE,2016,18753.9686718096
Czechia,CZE,2015,17931.5987670768
Czechia,CZE,2014,20038.4163180257
Czechia,CZE,2013,20260.4954999375
Denmark,DNK,2023,68043.5466971243
Denmark,DNK,2022,67781.0940939514
Denmark,DNK,2021,69340.7334922138
Denmark,DNK,2020,60985.4885601514
Denmark,DNK,2019,59404.2663247723
Denmark,DNK,2018,61324.7665045565
Denmark,DNK,2017,57521.5514992225
Denmark,DNK,2016,54500.9260410217
Denmark,DNK,2015,53094.0133607574
Denmark,DNK,2014,62520.4509747011
Denmark,DNK,2013,61377.5940590412
Djibouti,DJI,2023,3381.29779710722
Djibouti,DJI,2022,3133.25779772463
Djibouti,DJI,2021,3025.91126413549
Djibouti,DJI,2020,2844.88810647853
Djibouti,DJI,2019,2837.16902340932
Djibouti,DJI,2018,2718.08338799203
Djibouti,DJI,2017,2618.95521147369
Djibouti,DJI,2016,2510.4300076241
Djibouti,DJI,2015,2376.12554719873
Djibouti,DJI,2014,2214.62084142432
Djibouti,DJI,2013,2075.94498424748
Dominica,DMA,2023,9912.96212766668
Dominica,DMA,2022,9323.66089490562
Dominica,DMA,2021,8376.40414141113
Dominica,DMA,2020,7827.74842680426
Dominica,DMA,2019,9491.14995962374
Dominica,DMA,2018,9215.3085405645
Dominica,DMA,2017,8224.64896571414
Dominica,DMA,2016,8802.56172041363
Dominica,DMA,2015,8282.59874702141
Dominica,DMA,2014,8131.74876096735
Dominica,DMA,2013,7822.21797211398
Dominican Republic,DOM,2023,10630.431743829
Dominican Republic,DOM,2022,10104.2464008585
Dominican Republic,DOM,2021,8527.0754858205
Dominican Republic,DOM,2020,7135.22273255899
Dominican Republic,DOM,2019,8183.01623600375
Dominican Republic,DOM,2018,7882.98221584944
Dominican Republic,DOM,2017,7412.71571571512
Dominican Republic,DOM,2016,7160.44200982307
Dominican Republic,DOM,2015,6800.95309395474
Dominican Republic,DOM,2014,6496.45166971142
Dominican Republic,DOM,2013,6136.59429329301
Ecuador,ECU,2023,6718.1447938811
Ecuador,ECU,2022,6515.58528418336
Ecuador,ECU,2021,6061.32350181711
Ecuador,ECU,2020,5463.64515348598
Ecuador,ECU,2019,6205.05765246766
Ecuador,ECU,2018,6303.91886658338
Ecuador,ECU,2017,6233.32244797718
Ecuador,ECU,2016,5917.63771271481
Ecuador,ECU,2015,5976.1596805651
Ecuador,ECU,2014,6405.79979300441
Ecuador,ECU,2013,6109.29031510341
"Egypt, Arab Rep.",EGY,2023,3456.78965212363
"Egypt, Arab Rep.",EGY,2022,4233.30783744856
"Egypt, Arab Rep.",EGY,2021,3827.35415374308
"Egypt, Arab Rep.",EGY,2020,3511.11381026379
"Egypt, Arab Rep.",EGY,2019,2962.98892023003
"Egypt, Arab Rep.",EGY,2018,2484.70315630508
"Egypt, Arab Rep.",EGY,2017,2395.10333299491
"Egypt, Arab Rep.",EGY,2016,3270.6287768197
"Egypt, Arab Rep.",EGY,2015,3306.98159414141
"Egypt, Arab Rep.",EGY,2014,3133.39102265541
"Egypt, Arab Rep.",EGY,2013,3025.52563552448
El Salvador,SLV,2023,5319.7195268688
El Salvador,SLV,2022,5074.60050994225
El Salvador,SLV,2021,4642.60743101342
El Salvador,SLV,2020,3997.19279583709
El Salvador,SLV,2019,4320.11671534627
El Salvador,SLV,2018,4183.54620971358
El Salvador,SLV,2017,4020.12671373919
El Salvador,SLV,2016,3901.34014965811
El Salvador,SLV,2015,3790.34089108162
El Salvador,SLV,2014,3666.01248913873
El Salvador,SLV,2013,3582.26694005169
Equatorial Guinea,GNQ,2023,6788.35271638376
Equatorial Guinea,GNQ,2022,7589.29964909381
Equatorial Guinea,GNQ,2021,6945.63069794539
Equatorial Guinea,GNQ,2020,5764.05502912947
Equatorial Guinea,GNQ,2019,6804.14923073888
Equatorial Guinea,GNQ,2018,8102.47084834031
Equatorial Guinea,GNQ,2017,7809.10465655488
Equatorial Guinea,GNQ,2016,7453.19797948517
Equatorial Guinea,GNQ,2015,9068.91003238645
Equatorial Guinea,GNQ,2014,15548.6624656619
Equatorial Guinea,GNQ,2013,16304.0713196418
Eritrea,ERI,2023,
Eritrea,ERI,2022,
Eritrea,ERI,2021,
Eritrea,ERI,2020,
Eritrea,ERI,2019,
Eritrea,ERI,2018,
Eritrea,ERI,2017,
Eritrea,ERI,2016,
Eritrea,ERI,2015,
Eritrea,ERI,2014,
Eritrea,ERI,2013,
Estonia,EST,2023,30264.0064885057
Estonia,EST,2022,28340.3826549406
Estonia,EST,2021,27951.1659277744
Estonia,EST,2020,23933.9939421065
Estonia,EST,2019,24021.2501413306
Estonia,EST,2018,23618.1361254581
Estonia,EST,2017,20851.5223496861
Estonia,EST,2016,18666.3736521706
Estonia,EST,2015,17722.1557669523
Estonia,EST,2014,20581.7898991695
Estonia,EST,2013,19310.3874900757
Eswatini,SWZ,2023,3755.52111232464
Eswatini,SWZ,2022,3894.1620089869
Eswatini,SWZ,2021,3984.00229174306
Eswatini,SWZ,2020,3466.56936278145
Eswatini,SWZ,2019,3913.14577547336
Eswatini,SWZ,2018,3972.65450620357
Eswatini,SWZ,2017,3853.09956569679
Eswatini,SWZ,2016,3238.17611961364
Eswatini,SWZ,2015,3419.82276559528
Eswatini,SWZ,2014,3771.07228381938
Eswatini,SWZ,2013,3949.94310039907
Ethiopia,ETH,2023,1055.81091593061
Ethiopia,ETH,2022,982.103161502198
Ethiopia,ETH,2021,893.009835441784
Ethiopia,ETH,2020,829.790982552951
Ethiopia,ETH,2019,793.473247218996
Ethiopia,ETH,2018,739.702022272086
Ethiopia,ETH,2017,696.348429076216
Ethiopia,ETH,2016,641.651523286233
Ethiopia,ETH,2015,597.912113218663
Ethiopia,ETH,2014,549.986577082588
Ethiopia,ETH,2013,484.039833104062
Faroe Islands,FRO,2023,72486.6910957957
Faroe Islands,FRO,2022,67069.3987440509
Faroe Islands,FRO,2021,69421.6981686515
Faroe Islands,FRO,2020,62247.9273907098
Faroe Islands,FRO,2019,63070.7228080361
Faroe Islands,FRO,2018,62525.2647698273
Faroe Islands,FRO,2017,59388.5365965776
Faroe Islands,FRO,2016,56876.4302363804
Faroe Islands,FRO,2015,52638.2668218454
Faroe Islands,FRO,2014,60173.3057854661
Faroe Islands,FRO,2013,55759.364098362
Fiji,FJI,2023,5926.20586394763
Fiji,FJI,2022,5414.12092119088
Fiji,FJI,2021,4536.73312110335
Fiji,FJI,2020,4620.6457238014
Fiji,FJI,2019,5842.07344577597
Fiji,FJI,2018,6085.41979485376
Fiji,FJI,2017,5826.84814459328
Fiji,FJI,2016,5363.79026679243
Fiji,FJI,2015,5097.53106864695
Fiji,FJI,2014,5293.35676680464
Fiji,FJI,2013,4572.44377544245
Finland,FIN,2023,52864.6931581216
Finland,FIN,2022,50440.560224974
Finland,FIN,2021,53099.1351400148
Finland,FIN,2020,48828.6846862799
Finland,FIN,2019,48358.1807773701
Finland,FIN,2018,49654.2497035329
Finland,FIN,2017,46085.0174739036
Finland,FIN,2016,43451.2562442158
Finland,FIN,2015,42560.3456767103
Finland,FIN,2014,50073.7760815871
Finland,FIN,2013,49691.0145200739
France,FRA,2023,44700.1384177544
France,FRA,2022,40988.6396406579
France,FRA,2021,43725.0999521245
France,FRA,2020,39169.8606000707
France,FRA,2019,40408.2848574751
France,FRA,2018,41418.1766484844
France,FRA,2017,38687.1626407164
France,FRA,2016,37024.2157133669
France,FRA,2015,36702.4323733379
France,FRA,2014,43148.0459288416
France,FRA,2013,42669.1795111893
French Polynesia,PYF,2023,21832.2831795569
French Polynesia,PYF,2022,20053.9569369322
French Polynesia,PYF,2021,21426.3854449835
French Polynesia,PYF,2020,19966.4838503859
French Polynesia,PYF,2019,21582.5892046801
French Polynesia,PYF,2018,21925.616043938
French Polynesia,PYF,2017,20826.9312492172
French Polynesia,PYF,2016,19690.0775734589
French Polynesia,PYF,2015,19166.9594761931
French Polynesia,PYF,2014,22258.6321384251
French Polynesia,PYF,2013,21955.6329264095
Gabon,GAB,2023,7802.82433276138
Gabon,GAB,2022,8409.20741452279
Gabon,GAB,2021,8181.40914134398
Gabon,GAB,2020,6605.80346077904
Gabon,GAB,2019,7441.1786472281
Gabon,GAB,2018,7624.2775233771
Gabon,GAB,2017,6921.73373135624
Gabon,GAB,2016,6677.07003901644
Gabon,GAB,2015,7047.12654634355
Gabon,GAB,2014,9201.36276648105
Gabon,GAB,2013,9197.70106323947
"Gambia, The",GMB,2023,883.024111978927
"Gambia, The",GMB,2022,836.244875868476
"Gambia, The",GMB,2021,781.890925169531
"Gambia, The",GMB,2020,720.335143352133
"Gambia, The",GMB,2019,738.186751987483
"Gambia, The",GMB,2018,696.219806960615
"Gambia, The",GMB,2017,642.522641296331
"Gambia, The",GMB,2016,650.056501323611
"Gambia, The",GMB,2015,619.536364296461
"Gambia, The",GMB,2014,568.00453558864
"Gambia, The",GMB,2013,653.862713272743
Georgia,GEO,2023,8283.66960652261
Georgia,GEO,2022,6729.84659930283
Georgia,GEO,2021,5083.60695484577
Georgia,GEO,2020,4300.85701291207
Georgia,GEO,2019,4741.2832715876
Georgia,GEO,2018,4804.0546040444
Georgia,GEO,2017,4418.75206546679
Georgia,GEO,2016,4143.40125686315
Georgia,GEO,2015,4086.6223465965
Georgia,GEO,2014,4830.33486170249
Georgia,GEO,2013,4712.00229382665
Germany,DEU,2023,54776.7668235491
Germany,DEU,2022,50506.5179638543
Germany,DEU,2021,52349.2459994422
Germany,DEU,2020,47394.8734504469
Germany,DEU,2019,47656.199739747
Germany,DEU,2018,48916.1686612154
Germany,DEU,2017,45553.9341495339
Germany,DEU,2016,42948.9381932694
Germany,DEU,2015,41929.7549110722
Germany,DEU,2014,48959.5991203133
Germany,DEU,2013,47206.8353514242
Ghana,GHA,2023,2383.90410476221
Ghana,GHA,2022,2229.89122654479
Ghana,GHA,2021,2445.18662529344
Ghana,GHA,2020,2195.45481659987
Ghana,GHA,2019,2186.65822682613
Ghana,GHA,2018,2195.32166016377
Ghana,GHA,2017,2012.28662641265
Ghana,GHA,2016,1912.47991339951
Ghana,GHA,2015,1722.77282833606
Ghana,GHA,2014,1949.90832923846
Ghana,GHA,2013,2294.79584693743
Gibraltar,GIB,2023,
Gibraltar,GIB,2022,
Gibraltar,GIB,2021,
Gibraltar,GIB,2020,
Gibraltar,GIB,2019,
Gibraltar,GIB,2018,
Gibraltar,GIB,2017,
Gibraltar,GIB,2016,
Gibraltar,GIB,2015,
Gibraltar,GIB,2014,
Gibraltar,GIB,2013,
Greece,GRC,2023,23343.7103964562
Greece,GRC,2022,20884.6773436263
Greece,GRC,2021,20652.89659591
Greece,GRC,2020,17886.733165236
Greece,GRC,2019,19335.3602002969
Greece,GRC,2018,19873.4015238771
Greece,GRC,2017,18631.9930129293
Greece,GRC,2016,17919.2426377048
Greece,GRC,2015,17980.7298238137
Greece,GRC,2014,21474.7257123892
Greece,GRC,2013,21573.3449762805
Greenland,GRL,2023,58498.9707973609
Greenland,GRL,2022,55635.0006491223
Greenland,GRL,2021,58135.9939910203
Greenland,GRL,2020,54812.6661771023
Greenland,GRL,2019,53309.2035905065
Greenland,GRL,2018,54545.135857765
Greenland,GRL,2017,50765.7494665372
Greenland,GRL,2016,48181.7453541266
Greenland,GRL,2015,44536.3549705377
Greenland,GRL,2014,50485.2244135291
Greenland,GRL,2013,47535.4883792376
Grenada,GRD,2023,11414.4781691181
Grenada,GRD,2022,10469.3867012856
Grenada,GRD,2021,9617.28902905373
Grenada,GRD,2020,8968.55890108484
Grenada,GRD,2019,10462.7929159533
Grenada,GRD,2018,10083.021279225
Grenada,GRD,2017,9751.42661155932
Grenada,GRD,2016,9221.23461079424
Grenada,GRD,2015,8694.12438005692
Grenada,GRD,2014,7986.33421210788
Grenada,GRD,2013,7424.80212287327
Guam,GUM,2023,
Guam,GUM,2022,41833.1517132825
Guam,GUM,2021,38074.8793745801
Guam,GUM,2020,36482.9363953675
Guam,GUM,2019,39274.9431424899
Guam,GUM,2018,37195.9503070464
Guam,GUM,2017,36779.0078903909
Guam,GUM,2016,35930.6594898711
Guam,GUM,2015,35165.7014644795
Guam,GUM,2014,33900.1486530583
Guam,GUM,2013,32530.7593121483
Guatemala,GTM,2023,5754.42833909847
Guatemala,GTM,2022,5356.92435887895
Guatemala,GTM,2021,4912.62240414681
Guatemala,GTM,2020,4477.61785000665
Guatemala,GTM,2019,4511.99839552697
Guatemala,GTM,2018,4352.94593289707
Guatemala,GTM,2017,4324.99768915601
Guatemala,GTM,2016,4060.13784737643
Guatemala,GTM,2015,3893.50533299068
Guatemala,GTM,2014,3689.14510410202
Guatemala,GTM,2013,3444.15802275864
Guinea,GIN,2023,1555.49375806861
Guinea,GIN,2022,1416.59612011764
Guinea,GIN,2021,1244.96550477914
Guinea,GIN,2020,1053.66097696415
Guinea,GIN,2019,1031.34146480732
Guinea,GIN,2018,933.273615633705
Guinea,GIN,2017,833.598621691121
Guinea,GIN,2016,711.996509782316
Guinea,GIN,2015,747.356966759448
Guinea,GIN,2014,765.146999389279
Guinea,GIN,2013,748.455020824734
Guinea-Bissau,GNB,2023,964.431832665395
Guinea-Bissau,GNB,2022,881.602654162231
Guinea-Bissau,GNB,2021,926.54619187706
Guinea-Bissau,GNB,2020,846.918134967613
Guinea-Bissau,GNB,2019,811.210004050041
Guinea-Bissau,GNB,2018,808.531613218504
Guinea-Bissau,GNB,2017,783.123186602022
Guinea-Bissau,GNB,2016,679.665386626818
Guinea-Bissau,GNB,2015,645.066837207039
Guinea-Bissau,GNB,2014,652.022501029449
Guinea-Bissau,GNB,2013,654.304534409417
Guyana,GUY,2023,20473.7002190617
Guyana,GUY,2022,17913.4928066879
Guyana,GUY,2021,9860.87014834386
Guyana,GUY,2020,6775.70939096303
Guyana,GUY,2019,6405.82443444562
Guyana,GUY,2018,6048.38697180418
Guyana,GUY,2017,6178.6650437298
Guyana,GUY,2016,5870.87823759835
Guyana,GUY,2015,5640.41560569466
Guyana,GUY,2014,5472.68820452237
Guyana,GUY,2013,5556.91231156932
Haiti,HTI,2023,1681.84407667059
Haiti,HTI,2022,1748.40890116803
Haiti,HTI,2021,1824.6798742577
Haiti,HTI,2020,1290.32538667383
Haiti,HTI,2019,1352.17204191532
Haiti,HTI,2018,1496.38048970156
Haiti,HTI,2017,1395.23945184461
Haiti,HTI,2016,1318.40268167953
Haiti,HTI,2015,1411.12684746796
Haiti,HTI,2014,1460.18898613914
Haiti,HTI,2013,1457.83221179626
Honduras,HND,2023,3227.45762509776
Honduras,HND,2022,3003.28996826399
Honduras,HND,2021,2735.14751503977
Honduras,HND,2020,2307.61494319511
Honduras,HND,2019,2502.32744328073
Honduras,HND,2018,2464.64241531918
Honduras,HND,2017,2413.0076562942
Honduras,HND,2016,2307.34468351082
Honduras,HND,2015,2271.20265980349
Honduras,HND,2014,2179.88171977271
Honduras,HND,2013,2081.12843527945
"Hong Kong SAR, China",HKG,2023,50525.1119312663
"Hong Kong SAR, China",HKG,2022,48825.0272275805
"Hong Kong SAR, China",HKG,2021,49770.5642374739
"Hong Kong SAR, China",HKG,2020,46109.2299946609
"Hong Kong SAR, China",HKG,2019,48359.0011950597
"Hong Kong SAR, China",HKG,2018,48537.5668888343
"Hong Kong SAR, China",HKG,2017,46160.429791493
"Hong Kong SAR, China",HKG,2016,43734.1980702999
"Hong Kong SAR, China",HKG,2015,42432.1619740441
"Hong Kong SAR, China",HKG,2014,40315.3739510191
"Hong Kong SAR, China",HKG,2013,38403.7777145477
Hungary,HUN,2023,22208.6509820466
Hungary,HUN,2022,18428.028825614
Hungary,HUN,2021,19030.628130329
Hungary,HUN,2020,16386.9308821258
Hungary,HUN,2019,17012.8598553199
Hungary,HUN,2018,16605.0570511887
Hungary,HUN,2017,14736.1668157258
Hungary,HUN,2016,13215.8605277789
Hungary,HUN,2015,12782.9412577973
Hungary,HUN,2014,14352.501883174
Hungary,HUN,2013,13739.4620151401
Iceland,ISL,2023,82201.2908518078
Iceland,ISL,2022,76376.9599334915
Iceland,ISL,2021,70425.4064277273
Iceland,ISL,2020,60127.9393575616
Iceland,ISL,2019,69296.3144361601
Iceland,ISL,2018,75633.8651351915
Iceland,ISL,2017,72976.3729990975
Iceland,ISL,2016,62854.0906407932
Iceland,ISL,2015,53505.6964079339
Iceland,ISL,2014,55140.364935793
Iceland,ISL,2013,50173.3360061057
India,IND,2023,2434.44826340989
India,IND,2022,2279.98145719369
India,IND,2021,2239.61384367482
India,IND,2020,1907.04251637669
India,IND,2019,2041.42863698585
India,IND,2018,1966.25455171679
India,IND,2017,1950.10468280866
India,IND,2016,1707.50892912243
India,IND,2015,1583.99815907985
India,IND,2014,1553.88396075118
India,IND,2013,1432.84397512195
Indonesia,IDN,2023,4876.2992959843
Indonesia,IDN,2022,4730.83484836107
Indonesia,IDN,2021,4287.17313995098
Indonesia,IDN,2020,3853.70288774146
Indonesia,IDN,2019,4106.94856160358
Indonesia,IDN,2018,3860.95353090726
Indonesia,IDN,2017,3798.88326174526
Indonesia,IDN,2016,3521.46943457574
Indonesia,IDN,2015,3288.22269725538
Indonesia,IDN,2014,3441.06808464008
Indonesia,IDN,2013,3566.60284506078
"Iran, Islamic Rep.",IRN,2023,5049.29931642754
"Iran, Islamic Rep.",IRN,2022,4721.20437099984
"Iran, Islamic Rep.",IRN,2021,4605.14881318992
"Iran, Islamic Rep.",IRN,2020,3202.50003502169
"Iran, Islamic Rep.",IRN,2019,3997.4935449585
"Iran, Islamic Rep.",IRN,2018,4783.01067340237
"Iran, Islamic Rep.",IRN,2017,6000.93346404409
"Iran, Islamic Rep.",IRN,2016,5710.59947089104
"Iran, Islamic Rep.",IRN,2015,4952.73355532178
"Iran, Islamic Rep.",IRN,2014,5672.06372896319
"Iran, Islamic Rep.",IRN,2013,6222.74194840326
Iraq,IRQ,2023,5965.31835077761
Iraq,IRQ,2022,6520.73154560584
Iraq,IRQ,2021,4868.49431080783
Iraq,IRQ,2020,4295.18945121228
Iraq,IRQ,2019,5671.8568632942
Iraq,IRQ,2018,5646.68932074742
Iraq,IRQ,2017,4759.2846435467
Iraq,IRQ,2016,4334.42096404188
Iraq,IRQ,2015,4440.14189252367
Iraq,IRQ,2014,6249.39226978969
Iraq,IRQ,2013,6650.35282247395
Ireland,IRL,2023,106818.917130804
Ireland,IRL,2022,105190.685952731
Ireland,IRL,2021,103783.446284479
Ireland,IRL,2020,86514.0706108754
Ireland,IRL,2019,81827.6688873996
Ireland,IRL,2018,80804.1123164826
Ireland,IRL,2017,72161.4047531385
Ireland,IRL,2016,64129.5571542383
Ireland,IRL,2015,64250.1385181257
Ireland,IRL,2014,57214.5379785709
Ireland,IRL,2013,52537.6108648692
Isle of Man,IMN,2023,90015.2074234398
Isle of Man,IMN,2022,88328.548125887
Isle of Man,IMN,2021,94299.969348965
Isle of Man,IMN,2020,79513.5330346598
Isle of Man,IMN,2019,87127.5517977404
Isle of Man,IMN,2018,89393.8244248812
Isle of Man,IMN,2017,83481.3038489014
Isle of Man,IMN,2016,82025.9454509241
Isle of Man,IMN,2015,84753.5187422732
Isle of Man,IMN,2014,91885.4528718026
Isle of Man,IMN,2013,83207.6588430451
Israel,ISR,2023,52126.4489280033
Israel,ISR,2022,54947.2091250715
Israel,ISR,2021,52258.4693499398
Israel,ISR,2020,44590.8237253282
Israel,ISR,2019,44091.8678022544
Israel,ISR,2018,42269.3770257585
Israel,ISR,2017,41013.2575323519
Israel,ISR,2016,37571.2561196275
Israel,ISR,2015,36138.13561386
Israel,ISR,2014,38265.3651949373
Israel,ISR,2013,36980.622214228
Italy,ITA,2023,39279.699782164
Italy,ITA,2022,35653.9042103495
Italy,ITA,2021,36852.5425414951
Italy,ITA,2020,32091.4866621366
Italy,ITA,2019,33812.788724868
Italy,ITA,2018,35062.3364176949
Italy,ITA,2017,32844.115660604
Italy,ITA,2016,31391.5692898108
Italy,ITA,2015,30639.8829751432
Italy,ITA,2014,36028.3494022349
Italy,ITA,2013,35701.6746002376
Jamaica,JAM,2023,7542.39855849054
Jamaica,JAM,2022,6626.47502388538
Jamaica,JAM,2021,5625.67806271236
Jamaica,JAM,2020,5299.04530804283
Jamaica,JAM,2019,6030.68896415921
Jamaica,JAM,2018,5976.90362644337
Jamaica,JAM,2017,5605.43541173019
Jamaica,JAM,2016,5302.29553353854
Jamaica,JAM,2015,5339.30718256806
Jamaica,JAM,2014,4975.11325459872
Jamaica,JAM,2013,5124.21301411137
Japan,JPN,2023,35215.003535366
Japan,JPN,2022,35548.2645222433
Japan,JPN,2021,41580.739040705
Japan,JPN,2020,41098.9739004553
Japan,JPN,2019,41424.8655601543
Japan,JPN,2018,40645.478086519
Japan,JPN,2017,39679.8635262948
Japan,JPN,2016,40214.9688631562
Japan,JPN,2015,35664.6446110613
Japan,JPN,2014,39172.8471161948
Japan,JPN,2013,41369.1948479498
Jordan,JOR,2023,4906.23543006639
Jordan,JOR,2022,4754.41362207378
Jordan,JOR,2021,4581.71967230365
Jordan,JOR,2020,4411.48321838396
Jordan,JOR,2019,4557.79334729121
Jordan,JOR,2018,4533.97658437205
Jordan,JOR,2017,4449.34618076611
Jordan,JOR,2016,4366.06999647268
Jordan,JOR,2015,4441.61896013754
Jordan,JOR,2014,4610.60460269382
Jordan,JOR,2013,4739.02253641778
Kazakhstan,KAZ,2023,12879.4275257974
Kazakhstan,KAZ,2022,11255.3396437881
Kazakhstan,KAZ,2021,9983.60103576902
Kazakhstan,KAZ,2020,8781.50797787648
Kazakhstan,KAZ,2019,9457.12614657136
Kazakhstan,KAZ,2018,9472.48527327758
Kazakhstan,KAZ,2017,8943.08416791984
Kazakhstan,KAZ,2016,7475.56688689424
Kazakhstan,KAZ,2015,10196.1226255982
Kazakhstan,KAZ,2014,12427.7094576939
Kazakhstan,KAZ,2013,13478.459627612
Kenya,KEN,2023,1942.58802756191
Kenya,KEN,2022,2109.56288513137
Kenya,KEN,2021,2061.35622089594
Kenya,KEN,2020,1927.66459027849
Kenya,KEN,2019,1960.40808854893
Kenya,KEN,2018,1836.45275528993
Kenya,KEN,2017,1667.48447230835
Kenya,KEN,2016,1554.12610314423
Kenya,KEN,2015,1489.11959777284
Kenya,KEN,2014,1482.81566253497
Kenya,KEN,2013,1370.87885214659
Kiribati,KIR,2023,2200.68918614289
Kiribati,KIR,2022,2078.7648751855
Kiribati,KIR,2021,2223.54147866465
Kiribati,KIR,2020,1751.87199542272
Kiribati,KIR,2019,1750.24040333237
Kiribati,KIR,2018,1915.56002581991
Kiribati,KIR,2017,1854.3326920967
Kiribati,KIR,2016,1742.66799324117
Kiribati,KIR,2015,1639.85274740652
Kiribati,KIR,2014,1736.70535682101
Kiribati,KIR,2013,1772.08718317132
"Korea, Dem. People's Rep.",PRK,2023,
"Korea, Dem. People's Rep.",PRK,2022,
"Korea, Dem. People's Rep.",PRK,2021,
"Korea, Dem. People's Rep.",PRK,2020,
"Korea, Dem. People's Rep.",PRK,2019,
"Korea, Dem. People's Rep.",PRK,2018,
"Korea, Dem. People's Rep.",PRK,2017,
"Korea, Dem. People's Rep.",PRK,2016,
"Korea, Dem. People's Rep.",PRK,2015,
"Korea, Dem. People's Rep.",PRK,2014,
"Korea, Dem. People's Rep.",PRK,2013,
"Korea, Rep.",KOR,2023,35674.095995632
"Korea, Rep.",KOR,2022,34822.4048404971
"Korea, Rep.",KOR,2021,37518.4635305697
"Korea, Rep.",KOR,2020,33645.7719545073
"Korea, Rep.",KOR,2019,33826.9443301597
"Korea, Rep.",KOR,2018,35363.9508228687
"Korea, Rep.",KOR,2017,33296.9845439195
"Korea, Rep.",KOR,2016,30832.0628072516
"Korea, Rep.",KOR,2015,30171.7906545222
"Korea, Rep.",KOR,2014,30667.0912467447
"Korea, Rep.",KOR,2013,28449.3591104972
Kosovo,XKX,2023,6220.33213919344
Kosovo,XKX,2022,5298.1473871027
Kosovo,XKX,2021,5269.69946181439
Kosovo,XKX,2020,4320.58382547288
Kosovo,XKX,2019,4415.6992744623
Kosovo,XKX,2018,4384.18796440547
Kosovo,XKX,2017,4009.32022064732
Kosovo,XKX,2016,3759.44777525332
Kosovo,XKX,2015,3520.62685324451
Kosovo,XKX,2014,3902.49322261901
Kosovo,XKX,2013,3704.55812411167
Kuwait,KWT,2023,34091.9714813002
Kuwait,KWT,2022,39981.7691035833
Kuwait,KWT,2021,34018.6342592913
Kuwait,KWT,2020,25236.0755848941
Kuwait,KWT,2019,31707.8737443551
Kuwait,KWT,2018,32067.9623756889
Kuwait,KWT,2017,29047.6536135703
Kuwait,KWT,2016,27323.6890735517
Kuwait,KWT,2015,29882.2126495698
Kuwait,KWT,2014,44368.7813457751
Kuwait,KWT,2013,49651.0439275077
Kyrgyz Republic,KGZ,2023,2138.22210211478
Kyrgyz Republic,KGZ,2022,1739.72018344174
Kyrgyz Republic,KGZ,2021,1349.99730650542
Kyrgyz Republic,KGZ,2020,1229.51766602907
Kyrgyz Republic,KGZ,2019,1421.99927504102
Kyrgyz Republic,KGZ,2018,1283.5203037417
Kyrgyz Republic,KGZ,2017,1221.39046807082
Kyrgyz Republic,KGZ,2016,1103.27489428412
Kyrgyz Republic,KGZ,2015,1105.65193844261
Kyrgyz Republic,KGZ,2014,1264.52668823891
Kyrgyz Republic,KGZ,2013,1269.66303464348
Lao PDR,LAO,2023,2066.94979776957
Lao PDR,LAO,2022,2046.40440255621
Lao PDR,LAO,2021,2526.05105018529
Lao PDR,LAO,2020,2583.77730696131
Lao PDR,LAO,2019,2589.32081035237
Lao PDR,LAO,2018,2545.1075420815
Lao PDR,LAO,2017,2432.43059478511
Lao PDR,LAO,2016,2303.22156035363
Lao PDR,LAO,2015,2121.01339097363
Lao PDR,LAO,2014,1981.03910900473
Lao PDR,LAO,2013,1812.51774424651
Latvia,LVA,2023,22710.2637544197
Latvia,LVA,2022,20221.103686109
Latvia,LVA,2021,20261.8887788916
Latvia,LVA,2020,17564.2321549354
Latvia,LVA,2019,17294.9751600969
Latvia,LVA,2018,17252.1710428626
Latvia,LVA,2017,15132.4958333982
Latvia,LVA,2016,13838.5266823272
Latvia,LVA,2015,13321.9753140616
Latvia,LVA,2014,15185.814581236
Latvia,LVA,2013,14484.4715282132
Lebanon,LBN,2023,3477.72489842684
Lebanon,LBN,2022,3654.35845534878
Lebanon,LBN,2021,4045.37391066234
Lebanon,LBN,2020,5561.19166950397
Lebanon,LBN,2019,8905.88005497437
Lebanon,LBN,2018,9174.53666204759
Lebanon,LBN,2017,8608.21084982387
Lebanon,LBN,2016,8089.012088155
Lebanon,LBN,2015,7714.1099998804
Lebanon,LBN,2014,7577.6413302369
Lebanon,LBN,2013,8162.37929361396
Lesotho,LSO,2023,921.435141557056
Lesotho,LSO,2022,1030.12582947757
Lesotho,LSO,2021,1066.58645143823
Lesotho,LSO,2020,918.582574704447
Lesotho,LSO,2019,1082.05706777516
Lesotho,LSO,2018,1170.65569702819
Lesotho,LSO,2017,1069.36673247542
Lesotho,LSO,2016,992.491840678465
Lesotho,LSO,2015,1121.19851342518
Lesotho,LSO,2014,1173.5377928819
Lesotho,LSO,2013,1151.03735837227
Liberia,LBR,2023,799.194470229642
Liberia,LBR,2022,744.617175237387
Liberia,LBR,2021,667.96610514319
Liberia,LBR,2020,616.787867006715
Liberia,LBR,2019,658.164180770507
Liberia,LBR,2018,692.203127129794
Liberia,LBR,2017,699.269095727404
Liberia,LBR,2016,714.613063145659
Liberia,LBR,2015,692.590082351257
Liberia,LBR,2014,706.714490064507
Liberia,LBR,2013,710.744570927863
Libya,LBY,2023,6026.51518708812
Libya,LBY,2022,5986.63694851258
Libya,LBY,2021,4935.82787349801
Libya,LBY,2020,6650.33810585348
Libya,LBY,2019,9963.19489084483
Libya,LBY,2018,11196.5854810844
Libya,LBY,2017,9965.83236729757
Libya,LBY,2016,7525.80299308216
Libya,LBY,2015,7458.48917756374
Libya,LBY,2014,8926.42074591474
Libya,LBY,2013,11951.7134126011
Liechtenstein,LIE,2023,206780.590353385
Liechtenstein,LIE,2022,188055.003235348
Liechtenstein,LIE,2021,201944.830335076
Liechtenstein,LIE,2020,164671.093553454
Liechtenstein,LIE,2019,166907.839305016
Liechtenstein,LIE,2018,174988.775083446
Liechtenstein,LIE,2017,170547.092298954
Liechtenstein,LIE,2016,165375.491396259
Liechtenstein,LIE,2015,167187.15730982
Liechtenstein,LIE,2014,178735.153020908
Liechtenstein,LIE,2013,172823.607794648
Lithuania,LTU,2023,27983.3658256887
Lithuania,LTU,2022,24946.5724005188
Lithuania,LTU,2021,23882.8668916753
Lithuania,LTU,2020,20428.6478157394
Lithuania,LTU,2019,19608.7943945553
Lithuania,LTU,2018,19247.2315367967
Lithuania,LTU,2017,16800.1510246099
Lithuania,LTU,2016,14934.2702840428
Lithuania,LTU,2015,14269.8039878287
Lithuania,LTU,2014,16446.1647181663
Lithuania,LTU,2013,15636.5252586048
Luxembourg,LUX,2023,133230.619178899
Luxembourg,LUX,2022,123719.658915996
Luxembourg,LUX,2021,134965.815442152
Luxembourg,LUX,2020,116860.02817236
Luxembourg,LUX,2019,112696.649059674
Luxembourg,LUX,2018,116926.759593905
Luxembourg,LUX,2017,110193.213797228
Luxembourg,LUX,2016,106899.293549552
Luxembourg,LUX,2015,105462.012584423
Luxembourg,LUX,2014,123678.706919314
Luxembourg,LUX,2013,120000.140729859
"Macao SAR, China",MAC,2023,67216.3631112124
"Macao SAR, China",MAC,2022,36806.891255461
"Macao SAR, China",MAC,2021,44884.8961602393
"Macao SAR, China",MAC,2020,36883.6652578543
"Macao SAR, China",MAC,2019,81882.6964523869
"Macao SAR, China",MAC,2018,83588.2875009014
"Macao SAR, China",MAC,2017,77570.9876166977
"Macao SAR, China",MAC,2016,68911.6755919628
"Macao SAR, China",MAC,2015,69902.9605741233
"Macao SAR, China",MAC,2014,88355.3181764446
"Macao SAR, China",MAC,2013,87107.8313063626
Madagascar,MDG,2023,514.064076551927
Madagascar,MDG,2022,504.059106969168
Madagascar,MDG,2021,483.469463351195
Madagascar,MDG,2020,450.771615205157
Madagascar,MDG,2019,499.818837622534
Madagascar,MDG,2018,500.45718552916
Madagascar,MDG,2017,491.866848718929
Madagascar,MDG,2016,453.970714522463
Madagascar,MDG,2015,445.320069480568
Madagascar,MDG,2014,505.684922503435
Madagascar,MDG,2013,515.301589361832
Malawi,MWI,2023,633.214767978695
Malawi,MWI,2022,604.269740360317
Malawi,MWI,2021,617.446994451007
Malawi,MWI,2020,602.507478176106
Malawi,MWI,2019,580.889139762475
Malawi,MWI,2018,533.202567189331
Malawi,MWI,2017,495.769683367165
Malawi,MWI,2016,450.506105510719
Malawi,MWI,2015,539.605363240686
Malawi,MWI,2014,529.5133440206
Malawi,MWI,2013,496.947368267313
Malaysia,MYS,2023,11386.0395636528
Malaysia,MYS,2022,11754.5678336248
Malaysia,MYS,2021,10903.1037480772
Malaysia,MYS,2020,9957.52626697613
Malaysia,MYS,2019,10920.191763972
Malaysia,MYS,2018,10901.8019954421
Malaysia,MYS,2017,9862.54806612235
Malaysia,MYS,2016,9476.53409809923
Malaysia,MYS,2015,9648.6797937523
Malaysia,MYS,2014,11013.3107334403
Malaysia,MYS,2013,10713.6407638899
Maldives,MDV,2023,12587.6126038651
Maldives,MDV,2022,11786.0191492983
Maldives,MDV,2021,10176.143882547
Maldives,MDV,2020,7393.8886543933
Maldives,MDV,2019,11740.2724029785
Maldives,MDV,2018,11423.2838427029
Maldives,MDV,2017,10509.628805812
Maldives,MDV,2016,9947.80744731739
Maldives,MDV,2015,9644.90655028145
Maldives,MDV,2014,8939.07416571472
Maldives,MDV,2013,8236.08177944126
Mali,MLI,2023,1042.44223444837
Mali,MLI,2022,976.914116406452
Mali,MLI,2021,1027.27345365357
Mali,MLI,2020,953.242943290974
Mali,MLI,2019,971.949318638092
Mali,MLI,2018,996.379292136901
Mali,MLI,2017,924.057531692284
Mali,MLI,2016,872.468587171653
Mali,MLI,2015,838.11986940103
Mali,MLI,2014,947.915033293219
Mali,MLI,2013,901.920957649814
Malta,MLT,2023,40932.5238774461
Malta,MLT,2022,35658.8318250199
Malta,MLT,2021,38078.0064279067
Malta,MLT,2020,31823.422001724
Malta,MLT,2019,32421.9087471186
Malta,MLT,2018,33382.280781103
Malta,MLT,2017,30317.2611769875
Malta,MLT,2016,26459.0644285369
Malta,MLT,2015,25529.6693210673
Malta,MLT,2014,27424.5693619702
Malta,MLT,2013,25415.5525389054
Marshall Islands,MHL,2023,6799.39217554794
Marshall Islands,MHL,2022,6455.6603538189
Marshall Islands,MHL,2021,6315.31172190393
Marshall Islands,MHL,2020,5661.96787336674
Marshall Islands,MHL,2019,5292.33985502306
Marshall Islands,MHL,2018,4858.12079054875
Marshall Islands,MHL,2017,4592.83457628576
Marshall Islands,MHL,2016,4229.80988911945
Marshall Islands,MHL,2015,3764.34426229508
Marshall Islands,MHL,2014,3735.23977829545
Marshall Islands,MHL,2013,3677.90690791421
Mauritania,MRT,2023,2127.9576285973
Mauritania,MRT,2022,1961.28166648869
Mauritania,MRT,2021,1947.47413907209
Mauritania,MRT,2020,1795.72437324423
Mauritania,MRT,2019,1767.072710621
Mauritania,MRT,2018,1723.37809442655
Mauritania,MRT,2017,1617.93401542267
Mauritania,MRT,2016,1568.00551190332
Mauritania,MRT,2015,1558.84205473416
Mauritania,MRT,2014,1718.97089374709
Mauritania,MRT,2013,1936.26950446101
Mauritius,MUS,2023,11269.9684462139
Mauritius,MUS,2022,10246.5017455553
Mauritius,MUS,2021,9177.71195973013
Mauritius,MUS,2020,9135.84773751062
Mauritius,MUS,2019,11568.2533399824
Mauritius,MUS,2018,11818.7480619272
Mauritius,MUS,2017,10986.7034093005
Mauritius,MUS,2016,10095.1225574156
Mauritius,MUS,2015,9630.5437837507
Mauritius,MUS,2014,10490.3315563853
Mauritius,MUS,2013,9877.13865958834
Mexico,MEX,2023,13830.843848864
Mexico,MEX,2022,11405.7940469896
Mexico,MEX,2021,10314.0506733708
Mexico,MEX,2020,8841.27074929751
Mexico,MEX,2019,10369.5553593527
Mexico,MEX,2018,10084.7937570364
Mexico,MEX,2017,9649.27816729586
Mexico,MEX,2016,9097.92397674769
Mexico,MEX,2015,10021.2386113616
Mexico,MEX,2014,11391.3773503964
Mexico,MEX,2013,11216.800851866
"Micronesia, Fed. Sts.",FSM,2023,3933.01607031874
"Micronesia, Fed. Sts.",FSM,2022,3703.66680343222
"Micronesia, Fed. Sts.",FSM,2021,3508.22314197664
"Micronesia, Fed. Sts.",FSM,2020,3362.02802120524
"Micronesia, Fed. Sts.",FSM,2019,3581.72684572278
"Micronesia, Fed. Sts.",FSM,2018,3584.78377566896
"Micronesia, Fed. Sts.",FSM,2017,3297.37580036719
"Micronesia, Fed. Sts.",FSM,2016,2997.93719917488
"Micronesia, Fed. Sts.",FSM,2015,2869.86276169101
"Micronesia, Fed. Sts.",FSM,2014,2915.23672460238
"Micronesia, Fed. Sts.",FSM,2013,2904.1536796737
Moldova,MDA,2023,6799.58594644576
Moldova,MDA,2022,5744.29618434435
Moldova,MDA,2021,5274.60582195352
Moldova,MDA,2020,4375.7788930524
Moldova,MDA,2019,4405.33418162155
Moldova,MDA,2018,4156.44981956646
Moldova,MDA,2017,3453.26727720294
Moldova,MDA,2016,2847.08794770479
Moldova,MDA,2015,2749.55137054338
Moldova,MDA,2014,3289.95758568777
Moldova,MDA,2013,3321.04397795719
Monaco,MCO,2023,256799.911212051
Monaco,MCO,2022,226052.060664649
Monaco,MCO,2021,223823.327192464
Monaco,MCO,2020,176891.806328966
Monaco,MCO,2019,193746.729890885
Monaco,MCO,2018,188298.389694191
Monaco,MCO,2017,170663.470051177
Monaco,MCO,2016,173604.669723126
Monaco,MCO,2015,170437.021128628
Monaco,MCO,2014,195693.519540544
Monaco,MCO,2013,184940.633666281
Mongolia,MNG,2023,5838.63108083902
Mongolia,MNG,2022,4993.51487463495
Mongolia,MNG,2021,4517.61578018785
Mongolia,MNG,2020,4001.25193077703
Mongolia,MNG,2019,4347.54610314873
Mongolia,MNG,2018,4107.64288528468
Mongolia,MNG,2017,3645.96708669551
Mongolia,MNG,2016,3619.90026383792
Mongolia,MNG,2015,3838.92126989984
Mongolia,MNG,2014,4126.23975800524
Mongolia,MNG,2013,4340.14310544449
Montenegro,MNE,2023,12258.1600477339
Montenegro,MNE,2022,10038.1849482517
Montenegro,MNE,2021,9315.86435643142
Montenegro,MNE,2020,7555.48699036321
Montenegro,MNE,2019,8749.25629734676
Montenegro,MNE,2018,8673.59469069858
Montenegro,MNE,2017,7674.2856571219
Montenegro,MNE,2016,6968.01202883651
Montenegro,MNE,2015,6421.00005731419
Montenegro,MNE,2014,7342.17147363741
Montenegro,MNE,2013,7102.7776714702
Morocco,MAR,2023,3813.72607421875
Morocco,MAR,2022,3463.1376953125
Morocco,MAR,2021,3785.93627929688
Morocco,MAR,2020,3268.0302734375
Morocco,MAR,2019,3508.09765625
Morocco,MAR,2018,3501.69799804688
Morocco,MAR,2017,3296.52661132813
Morocco,MAR,2016,3140.85546875
Morocco,MAR,2015,3146.24780273438
Morocco,MAR,2014,3435.40698242188
Morocco,MAR,2013,3379.7431640625
Mozambique,MOZ,2023,622.191133245967
Mozambique,MOZ,2022,578.273222184503
Mozambique,MOZ,2021,509.907829475551
Mozambique,MOZ,2020,462.433876479921
Mozambique,MOZ,2019,519.09255091362
Mozambique,MOZ,2018,517.507260258101
Mozambique,MOZ,2017,470.93856305196
Mozambique,MOZ,2016,441.489734819071
Mozambique,MOZ,2015,610.563774706589
Mozambique,MOZ,2014,697.142680444123
Mozambique,MOZ,2013,686.505672517351
Myanmar,MMR,2023,1233.19666209269
Myanmar,MMR,2022,1158.05005034332
Myanmar,MMR,2021,1242.72134419599
Myanmar,MMR,2020,1490.21683548367
Myanmar,MMR,2019,1425.98954211903
Myanmar,MMR,2018,1298.21310320785
Myanmar,MMR,2017,1272.82241830603
Myanmar,MMR,2016,1229.19713515893
Myanmar,MMR,2015,1166.73305546337
Myanmar,MMR,2014,1293.00042298688
Myanmar,MMR,2013,1199.09561597055
Namibia,NAM,2023,4225.99102418102
Namibia,NAM,2022,4349.79908493314
Namibia,NAM,2021,4412.8355693052
Namibia,NAM,2020,3878.58982993966
Namibia,NAM,2019,4731.9210318831
Namibia,NAM,2018,5308.60813408705
Namibia,NAM,2017,5143.96072323076
Namibia,NAM,2016,4395.68776162376
Namibia,NAM,2015,4774.10650865775
Namibia,NAM,2014,5378.32326241205
Namibia,NAM,2013,5346.62131149967
Naoero,NRU,2023,13602.6372112893
Naoero,NRU,2022,15309.8345351924
Naoero,NRU,2021,12748.1701249353
Naoero,NRU,2020,10709.068810538
Naoero,NRU,2019,10801.7705659635
Naoero,NRU,2018,11413.7463016389
Naoero,NRU,2017,9656.97976571484
Naoero,NRU,2016,8748.15632605428
Naoero,NRU,2015,7747.25584993607
Naoero,NRU,2014,9230.05440328927
Naoero,NRU,2013,8974.51886874433
Nepal,NPL,2023,1382.38300895424
Nepal,NPL,2022,1385.91066002922
Nepal,NPL,2021,1252.75076731986
Nepal,NPL,2020,1154.21517578318
Nepal,NPL,2019,1203.14294706401
Nepal,NPL,2018,1179.19843190389
Nepal,NPL,2017,1034.28374906846
Nepal,NPL,2016,877.256454696737
Nepal,NPL,2015,875.543635474862
Nepal,NPL,2014,821.455224911731
Nepal,NPL,2013,803.269595420477
Netherlands,NLD,2023,63515.6030780019
Netherlands,NLD,2022,59123.318556487
Netherlands,NLD,2021,60141.9880911492
Netherlands,NLD,2020,53467.9277413737
Netherlands,NLD,2019,53554.9007491475
Netherlands,NLD,2018,53955.0770024266
Netherlands,NLD,2017,49513.6817346384
Netherlands,NLD,2016,46808.5291492503
Netherlands,NLD,2015,45793.8135434697
Netherlands,NLD,2014,53457.2234864322
Netherlands,NLD,2013,52602.2860520766
New Caledonia,NCL,2023,33701.8923322781
New Caledonia,NCL,2022,33516.363085906
New Caledonia,NCL,2021,35311.5543551452
New Caledonia,NCL,2020,33270.330597637
New Caledonia,NCL,2019,33411.3358835672
New Caledonia,NCL,2018,34902.8968780031
New Caledonia,NCL,2017,32354.7102832901
New Caledonia,NCL,2016,30782.8544433514
New Caledonia,NCL,2015,30858.7237060533
New Caledonia,NCL,2014,37816.9558599295
New Caledonia,NCL,2013,36671.1566752621
New Zealand,NZL,2023,49302.341876493
New Zealand,NZL,2022,49141.6316294227
New Zealand,NZL,2021,49902.154346032
New Zealand,NZL,2020,42054.6743136586
New Zealand,NZL,2019,42872.2681243427
New Zealand,NZL,2018,43204.1305124872
New Zealand,NZL,2017,42912.1537002148
New Zealand,NZL,2016,40088.3205470499
New Zealand,NZL,2015,38648.7302562109
New Zealand,NZL,2014,44599.8992733675
New Zealand,NZL,2013,42984.9571801167
Nicaragua,NIC,2023,2609.44491147975
Nicaragua,NIC,2022,2322.89069619459
Nicaragua,NIC,2021,2138.38573878237
Nicaragua,NIC,2020,1938.44704754382
Nicaragua,NIC,2019,1958.62051528095
Nicaragua,NIC,2018,2035.16549390507
Nicaragua,NIC,2017,2182.61380995674
Nicaragua,NIC,2016,2131.68704828322
Nicaragua,NIC,2015,2074.45620634731
Nicaragua,NIC,2014,1958.37047579547
Nicaragua,NIC,2013,1835.43996363715
Niger,NER,2023,647.930108509567
Niger,NER,2022,613.614736429298
Niger,NER,2021,609.585703670137
Niger,NER,2020,575.451340306915
Niger,NER,2019,541.265819870273
Niger,NER,2018,576.927536415462
Niger,NER,2017,529.929418934868
Niger,NER,2016,499.910520068193
Niger,NER,2015,485.662574175279
Niger,NER,2014,565.30989731175
Niger,NER,2013,552.103334363117
Nigeria,NGA,2023,2138.76383718757
Nigeria,NGA,2022,2899.16047469267
Nigeria,NGA,2021,2787.48779220991
Nigeria,NGA,2020,2797.184580679
Nigeria,NGA,2019,3189.81286496183
Nigeria,NGA,2018,2057.87944554011
Nigeria,NGA,2017,1876.34027111773
Nigeria,NGA,2016,2070.4127339595
Nigeria,NGA,2015,2585.73360671797
Nigeria,NGA,2014,3088.72131316169
Nigeria,NGA,2013,2872.79083379398
North Macedonia,MKD,2023,8674.35846327485
North Macedonia,MKD,2022,7606.2375253797
North Macedonia,MKD,2021,7620.80296977508
North Macedonia,MKD,2020,6659.59651070776
North Macedonia,MKD,2019,6718.85826635458
North Macedonia,MKD,2018,6713.98925398989
North Macedonia,MKD,2017,5955.2973863451
North Macedonia,MKD,2016,5598.48622617967
North Macedonia,MKD,2015,5262.68671928674
North Macedonia,MKD,2014,5925.38592218015
North Macedonia,MKD,2013,5626.26115664893
Northern Mariana Islands,MNP,2023,
Northern Mariana Islands,MNP,2022,23785.754590043
Northern Mariana Islands,MNP,2021,19455.50139424
Northern Mariana Islands,MNP,2020,18220.8382427201
Northern Mariana Islands,MNP,2019,24496.6652122421
Northern Mariana Islands,MNP,2018,26509.3628379893
Northern Mariana Islands,MNP,2017,31225.6049960968
Northern Mariana Islands,MNP,2016,24225.474169342
Northern Mariana Islands,MNP,2015,17665.1007493109
Northern Mariana Islands,MNP,2014,15945.417608954
Northern Mariana Islands,MNP,2013,14632.8518897608
Norway,NOR,2023,90984.4087141111
Norway,NOR,2022,113122.130765691
Norway,NOR,2021,96442.5552173002
Norway,NOR,2020,71057.5879471399
Norway,NOR,2019,79329.3075190012
Norway,NOR,2018,85579.0776455494
Norway,NOR,2017,78771.2151264554
Norway,NOR,2016,73222.4006864905
Norway,NOR,2015,77220.9524311414
Norway,NOR,2014,100410.020200979
Norway,NOR,2013,106333.138368566
Oman,OMN,2023,21027.7384572657
Oman,OMN,2022,23223.5829405935
Oman,OMN,2021,19403.4600160211
Oman,OMN,2020,16784.8630630058
Oman,OMN,2019,19180.1864152801
Oman,OMN,2018,19901.7615642016
Oman,OMN,2017,17820.0661809335
Oman,OMN,2016,17110.1897460545
Oman,OMN,2015,18808.3077921839
Oman,OMN,2014,23160.6502252547
Oman,OMN,2013,23458.0233840053
Pakistan,PAK,2023,1360.32417758419
Pakistan,PAK,2022,1538.3228133171
Pakistan,PAK,2021,1455.31922370186
Pakistan,PAK,2020,1278.39735206896
Pakistan,PAK,2019,1390.41690981745
Pakistan,PAK,2018,1569.33814626355
Pakistan,PAK,2017,1519.23459514248
Pakistan,PAK,2016,1424.69161195897
Pakistan,PAK,2015,1380.47020838317
Pakistan,PAK,2014,1266.61340849959
Pakistan,PAK,2013,1225.4340119198
Palau,PLW,2023,15578.3497630733
Palau,PLW,2022,13934.951996171
Palau,PLW,2021,13267.4877340719
Palau,PLW,2020,14556.30954221
Palau,PLW,2019,15841.8923474548
Palau,PLW,2018,16179.877834849
Palau,PLW,2017,16280.241199753
Palau,PLW,2016,17043.6660673147
Palau,PLW,2015,15938.3652222848
Palau,PLW,2014,13854.730278013
Palau,PLW,2013,12820.5931621147
Panama,PAN,2023,18797.1933894611
Panama,PAN,2022,17378.6070083597
Panama,PAN,2021,15509.8069109784
Panama,PAN,2020,13290.5608347594
Panama,PAN,2019,16477.9066285687
Panama,PAN,2018,16151.3273478476
Panama,PAN,2017,15694.6297454295
Panama,PAN,2016,14832.3611608191
Panama,PAN,2015,14082.6548502728
Panama,PAN,2014,13213.1989637473
Panama,PAN,2013,12273.3225037637
Papua New Guinea,PNG,2023,2966.06455045333
Papua New Guinea,PNG,2022,3102.29409730005
Papua New Guinea,PNG,2021,2607.97769973161
Papua New Guinea,PNG,2020,2429.61134585269
Papua New Guinea,PNG,2019,2575.77274140393
Papua New Guinea,PNG,2018,2566.36833735041
Papua New Guinea,PNG,2017,2477.76530986323
Papua New Guinea,PNG,2016,2316.39479758492
Papua New Guinea,PNG,2015,2484.5963398603
Papua New Guinea,PNG,2014,2723.17529825196
Papua New Guinea,PNG,2013,2560.77458976327
Paraguay,PRY,2023,6303.26495017292
Paraguay,PRY,2022,6189.10205375331
Paraguay,PRY,2021,5974.9057185863
Paraguay,PRY,2020,5365.47220721191
Paraguay,PRY,2019,5821.18199548637
Paraguay,PRY,2018,6258.44991640954
Paraguay,PRY,2017,6152.26711537703
Paraguay,PRY,2016,5775.1596339946
Paraguay,PRY,2015,5879.33792308671
Paraguay,PRY,2014,6652.25478942291
Paraguay,PRY,2013,6435.68342733182
Peru,PER,2023,7919.04634828547
Peru,PER,2022,7353.74598721667
Peru,PER,2021,6828.53422535638
Peru,PER,2020,6133.32552410183
Peru,PER,2019,7037.00803692604
Peru,PER,2018,6978.49121548627
Peru,PER,2017,6736.16693725487
Peru,PER,2016,6217.03599995447
Peru,PER,2015,6231.71150338894
Peru,PER,2014,6667.13410360861
Peru,PER,2013,6746.80025696601
Philippines,PHL,2023,3804.08274131718
Philippines,PHL,2022,3548.06930572116
Philippines,PHL,2021,3484.38593882819
Philippines,PHL,2020,3227.57910235199
Philippines,PHL,2019,3400.78949767074
Philippines,PHL,2018,3168.51036609727
Philippines,PHL,2017,3038.12124959289
Philippines,PHL,2016,2985.19564024046
Philippines,PHL,2015,2909.85818010301
Philippines,PHL,2014,2866.83803761407
Philippines,PHL,2013,2781.27957677397
Poland,POL,2023,22145.2660647429
Poland,POL,2022,18891.2121169279
Poland,POL,2021,18635.5104895754
Poland,POL,2020,16150.9304813473
Poland,POL,2019,15874.5220531254
Poland,POL,2018,15658.210586693
Poland,POL,2017,13913.3415190124
Poland,POL,2016,12464.0121044827
Poland,POL,2015,12637.5220324406
Poland,POL,2014,14262.2841914116
Poland,POL,2013,13621.9023794031
Portugal,PRT,2023,27634.6183139773
Portugal,PRT,2022,24620.5197587181
Portugal,PRT,2021,24711.4510062111
Portugal,PRT,2020,22299.4044062173
Portugal,PRT,2019,23343.3628970034
Portugal,PRT,2018,23541.1401075289
Portugal,PRT,2017,21442.3842768879
Portugal,PRT,2016,19980.2808866516
Portugal,PRT,2015,19215.7813014347
Portugal,PRT,2014,22120.6850127107
Portugal,PRT,2013,21676.4859642714
Puerto Rico (US),PRI,2023,36980.7653928068
Puerto Rico (US),PRI,2022,35353.5613891039
Puerto Rico (US),PRI,2021,32618.8705106244
Puerto Rico (US),PRI,2020,31427.1034994916
Puerto Rico (US),PRI,2019,31830.5284993358
Puerto Rico (US),PRI,2018,30679.9181934488
Puerto Rico (US),PRI,2017,30328.479490518
Puerto Rico (US),PRI,2016,29978.0889268918
Puerto Rico (US),PRI,2015,29242.041465085
Puerto Rico (US),PRI,2014,28576.0988023209
Puerto Rico (US),PRI,2013,28212.0499737431
Qatar,QAT,2023,80195.8746508549
Qatar,QAT,2022,88701.463352273
Qatar,QAT,2021,71751.8831257169
Qatar,QAT,2020,51683.5054376677
Qatar,QAT,2019,66841.3013484919
Qatar,QAT,2018,71039.8490579352
Qatar,QAT,2017,63279.8556949332
Qatar,QAT,2016,61253.6375482797
Qatar,QAT,2015,68985.2946961507
Qatar,QAT,2014,95840.6310094498
Qatar,QAT,2013,103697.008372373
Romania,ROU,2023,18244.4186876321
Romania,ROU,2022,15503.4691366242
Romania,ROU,2021,14908.0412813921
Romania,ROU,2020,13009.1525348396
Romania,ROU,2019,12909.6104013244
Romania,ROU,2018,12416.134317959
Romania,ROU,2017,10727.9822007426
Romania,ROU,2016,9404.54005870715
Romania,ROU,2015,8977.01748158196
Romania,ROU,2014,10031.7710755404
Romania,ROU,2013,9497.67411615237
Russian Federation,RUS,2023,13986.9951171875
Russian Federation,RUS,2022,15625.6328125
Russian Federation,RUS,2021,12425.029296875
Russian Federation,RUS,2020,10108.3271484375
Russian Federation,RUS,2019,11447.701171875
Russian Federation,RUS,2018,11211.8876953125
Russian Federation,RUS,2017,10658.9130859375
Russian Federation,RUS,2016,8663.158203125
Russian Federation,RUS,2015,9277.7138671875
Russian Federation,RUS,2014,14055.47265625
Russian Federation,RUS,2013,15941.4482421875
Rwanda,RWA,2023,1061.05788154076
Rwanda,RWA,2022,1007.05989322914
Rwanda,RWA,2021,842.581492947672
Rwanda,RWA,2020,802.638686936204
Rwanda,RWA,2019,823.355304065304
Rwanda,RWA,2018,772.754982959354
Rwanda,RWA,2017,751.049039527547
Rwanda,RWA,2016,721.258515833094
Rwanda,RWA,2015,725.691418696952
Rwanda,RWA,2014,715.36808783393
Rwanda,RWA,2013,695.397140963607
Samoa,WSM,2023,4822.74084650019
Samoa,WSM,2022,4132.44717734444
Samoa,WSM,2021,4021.55934894283
Samoa,WSM,2020,4099.59660548583
Samoa,WSM,2019,4351.94234943706
Samoa,WSM,2018,4231.81409469194
Samoa,WSM,2017,4307.59381964907
Samoa,WSM,2016,4147.07097674888
Samoa,WSM,2015,4084.36083819933
Samoa,WSM,2014,3982.68080202084
Samoa,WSM,2013,4023.5254013825
San Marino,SMR,2023,59871.3288101478
San Marino,SMR,2022,54264.5837022908
San Marino,SMR,2021,54168.9744311193
San Marino,SMR,2020,44426.6259613672
San Marino,SMR,2019,46626.9998571568
San Marino,SMR,2018,47950.7076296808
San Marino,SMR,2017,45192.0530047599
San Marino,SMR,2016,44359.4574206971
San Marino,SMR,2015,43146.8035302005
San Marino,SMR,2014,51260.4804236805
San Marino,SMR,2013,50807.8206340193
Sao Tome and Principe,STP,2023,2990.6606143535
Sao Tome and Principe,STP,2022,2389.73729784737
Sao Tome and Principe,STP,2021,2362.58827248102
Sao Tome and Principe,STP,2020,2167.22001796925
Sao Tome and Principe,STP,2019,1935.2931816596
Sao Tome and Principe,STP,2018,1825.59971753966
Sao Tome and Principe,STP,2017,1555.79477812888
Sao Tome and Principe,STP,2016,1434.87018050521
Sao Tome and Principe,STP,2015,1298.10946596396
Sao Tome and Principe,STP,2014,1489.67633417608
Sao Tome and Principe,STP,2013,1382.5757842916
Saudi Arabia,SAU,2023,36156.8562500172
Saudi Arabia,SAU,2022,38510.2276211037
Saudi Arabia,SAU,2021,31920.7653655643
Saudi Arabia,SAU,2020,24338.8307301067
Saudi Arabia,SAU,2019,29566.7933827436
Saudi Arabia,SAU,2018,29360.0658968566
Saudi Arabia,SAU,2017,23929.2907135982
Saudi Arabia,SAU,2016,22267.7217050387
Saudi Arabia,SAU,2015,23256.1549553531
Saudi Arabia,SAU,2014,27805.4850319422
Saudi Arabia,SAU,2013,27865.465604962
Senegal,SEN,2023,1698.03387300843
Senegal,SEN,2022,1574.0281059306
Senegal,SEN,2021,1598.10676952274
Senegal,SEN,2020,1461.08720350553
Senegal,SEN,2019,1431.18128932159
Senegal,SEN,2018,1452.55612562445
Senegal,SEN,2017,1354.77007193387
Senegal,SEN,2016,1266.43957151587
Senegal,SEN,2015,1218.00613555438
Senegal,SEN,2014,1398.89137601382
Senegal,SEN,2013,1379.83196553924
Serbia,SRB,2023,12281.707946167
Serbia,SRB,2022,10024.8191112596
Serbia,SRB,2021,9680.52798074468
Serbia,SRB,2020,8098.70955668849
Serbia,SRB,2019,7755.632986437
Serbia,SRB,2018,7559.86165747394
Serbia,SRB,2017,6548.03653824187
Serbia,SRB,2016,5982.37030126471
Serbia,SRB,2015,5820.3215576888
Serbia,SRB,2014,6886.67809068704
Serbia,SRB,2013,7040.41812068781
Seychelles,SYC,2023,18130.5297135548
Seychelles,SYC,2022,16682.6990711785
Seychelles,SYC,2021,14982.9111487767
Seychelles,SYC,2020,14041.4754074575
Seychelles,SYC,2019,19141.5118743615
Seychelles,SYC,2018,18440.2340460932
Seychelles,SYC,2017,17480.3651911372
Seychelles,SYC,2016,16566.9946042294
Seychelles,SYC,2015,15333.1051727105
Seychelles,SYC,2014,15188.1902175113
Seychelles,SYC,2013,14821.2921476077
Sierra Leone,SLE,2023,758.329137301888
Sierra Leone,SLE,2022,860.371067874555
Sierra Leone,SLE,2021,885.396401613729
Sierra Leone,SLE,2020,845.277558236182
Sierra Leone,SLE,2019,843.71251730417
Sierra Leone,SLE,2018,845.914540460932
Sierra Leone,SLE,2017,779.186007841728
Sierra Leone,SLE,2016,844.416411175476
Sierra Leone,SLE,2015,964.575980888989
Sierra Leone,SLE,2014,1117.7586465721
Sierra Leone,SLE,2013,1117.47183075115
Singapore,SGP,2023,86382.5900499252
Singapore,SGP,2022,91227.6970426492
Singapore,SGP,2021,80884.8565369236
Singapore,SGP,2020,61772.5036492256
Singapore,SGP,2019,66068.7003106378
Singapore,SGP,2018,67032.8225769734
Singapore,SGP,2017,61436.1325502558
Singapore,SGP,2016,57204.0340105222
Singapore,SGP,2015,55645.6068614606
Singapore,SGP,2014,57564.8023114977
Singapore,SGP,2013,56967.4257940383
Sint Maarten (Dutch part),SXM,2023,39451.822911732
Sint Maarten (Dutch part),SXM,2022,37793.1283815826
Sint Maarten (Dutch part),SXM,2021,32548.4366854902
Sint Maarten (Dutch part),SXM,2020,30150.8998380477
Sint Maarten (Dutch part),SXM,2019,34861.469528968
Sint Maarten (Dutch part),SXM,2018,31708.3110124742
Sint Maarten (Dutch part),SXM,2017,34701.3058494468
Sint Maarten (Dutch part),SXM,2016,37308.6147795736
Sint Maarten (Dutch part),SXM,2015,37839.6283815163
Sint Maarten (Dutch part),SXM,2014,37134.912423099
Sint Maarten (Dutch part),SXM,2013,28529.7324687053
Slovak Republic,SVK,2023,24614.8734642794
Slovak Republic,SVK,2022,21317.7943982363
Slovak Republic,SVK,2021,22123.3342114545
Slovak Republic,SVK,2020,19735.4858280801
Slovak Republic,SVK,2019,19406.0589683582
Slovak Republic,SVK,2018,19573.3717031314
Slovak Republic,SVK,2017,17645.5298716761
Slovak Republic,SVK,2016,16636.0769133073
Slovak Republic,SVK,2015,16442.0760860018
Slovak Republic,SVK,2014,18770.9289896545
Slovak Republic,SVK,2013,18312.7805149823
Slovenia,SVN,2023,32660.4753581346
Slovenia,SVN,2022,28360.3041467268
Slovenia,SVN,2021,29192.8401933019
Slovenia,SVN,2020,25392.0651093612
Slovenia,SVN,2019,25814.1687167572
Slovenia,SVN,2018,25888.0481065655
Slovenia,SVN,2017,23303.077705959
Slovenia,SVN,2016,21447.8377796036
Slovenia,SVN,2015,20697.2748530619
Slovenia,SVN,2014,24013.0682060959
Slovenia,SVN,2013,23236.9655321695
Solomon Islands,SLB,2023,1882.64394148042
Solomon Islands,SLB,2022,1877.78104490956
Solomon Islands,SLB,2021,2043.44413170658
Solomon Islands,SLB,2020,2063.32780991967
Solomon Islands,SLB,2019,2223.65890942466
Solomon Islands,SLB,2018,2278.19908624102
Solomon Islands,SLB,2017,2143.57670489272
Solomon Islands,SLB,2016,2082.62383124213
Solomon Islands,SLB,2015,2045.47721526649
Solomon Islands,SLB,2014,2164.95289873002
Solomon Islands,SLB,2013,2161.38627543917
"Somalia, Fed. Rep.",SOM,2023,596.885985135589
"Somalia, Fed. Rep.",SOM,2022,573.141165798229
"Somalia, Fed. Rep.",SOM,2021,549.056994756254
"Somalia, Fed. Rep.",SOM,2020,518.16113333875
"Somalia, Fed. Rep.",SOM,2019,539.954816211694
"Somalia, Fed. Rep.",SOM,2018,509.497273804534
"Somalia, Fed. Rep.",SOM,2017,510.939952317726
"Somalia, Fed. Rep.",SOM,2016,460.928490585175
"Somalia, Fed. Rep.",SOM,2015,445.583080073396
"Somalia, Fed. Rep.",SOM,2014,429.431656725102
"Somalia, Fed. Rep.",SOM,2013,393.398703952979
South Africa,ZAF,2023,6034.27208964673
South Africa,ZAF,2022,6534.24867783397
South Africa,ZAF,2021,6828.75624590017
South Africa,ZAF,2020,5580.60383075189
South Africa,ZAF,2019,6533.71121032856
South Africa,ZAF,2018,6914.1780318076
South Africa,ZAF,2017,6618.33508255701
South Africa,ZAF,2016,5651.20585165749
South Africa,ZAF,2015,6112.27382485974
South Africa,ZAF,2014,6856.73137092522
South Africa,ZAF,2013,7331.65467384919
South Sudan,SSD,2023,
South Sudan,SSD,2022,
South Sudan,SSD,2021,
South Sudan,SSD,2020,
South Sudan,SSD,2019,
South Sudan,SSD,2018,
South Sudan,SSD,2017,
South Sudan,SSD,2016,
South Sudan,SSD,2015,1080.14718624765
South Sudan,SSD,2014,1242.73450181032
South Sudan,SSD,2013,1650.18943353528
Spain,ESP,2023,33493.2225409111
Spain,ESP,2022,30319.4987196616
Spain,ESP,2021,30799.4775937775
Spain,ESP,2020,27233.9426461608
Spain,ESP,2019,29786.5245689007
Spain,ESP,2018,30602.4212881113
Spain,ESP,2017,28381.3425596906
Spain,ESP,2016,26755.6061149398
Spain,ESP,2015,25982.4416197775
Spain,ESP,2014,29707.765509467
Spain,ESP,2013,29228.846559842
Sri Lanka,LKA,2023,3815.41531767474
Sri Lanka,LKA,2022,3342.63650438046
Sri Lanka,LKA,2021,3996.96240531688
Sri Lanka,LKA,2020,3847.60136741182
Sri Lanka,LKA,2019,4081.94772178134
Sri Lanka,LKA,2018,4358.56095905888
Sri Lanka,LKA,2017,4398.88828786059
Sri Lanka,LKA,2016,4149.19189391879
Sri Lanka,LKA,2015,4057.71582716521
Sri Lanka,LKA,2014,3972.04377042271
Sri Lanka,LKA,2013,3739.43182292825
St. Kitts and Nevis,KNA,2023,22576.9248439166
St. Kitts and Nevis,KNA,2022,21011.5744209816
St. Kitts and Nevis,KNA,2021,18361.1449697886
St. Kitts and Nevis,KNA,2020,18859.0190361046
St. Kitts and Nevis,KNA,2019,23595.4923231291
St. Kitts and Nevis,KNA,2018,22901.3816403197
St. Kitts and Nevis,KNA,2017,22464.9899633959
St. Kitts and Nevis,KNA,2016,21387.5415511103
St. Kitts and Nevis,KNA,2015,20328.8003530109
St. Kitts and Nevis,KNA,2014,20219.3954237956
St. Kitts and Nevis,KNA,2013,18580.1301949935
St. Lucia,LCA,2023,13616.6397593734
St. Lucia,LCA,2022,12976.1489693474
St. Lucia,LCA,2021,10481.1233971786
St. Lucia,LCA,2020,8537.11495506727
St. Lucia,LCA,2019,11764.3944032403
St. Lucia,LCA,2018,11642.6984727769
St. Lucia,LCA,2017,11333.1123822102
St. Lucia,LCA,2016,10638.1269396653
St. Lucia,LCA,2015,10334.9860823918
St. Lucia,LCA,2014,10044.8218377677
St. Lucia,LCA,2013,9577.21733754358
St. Martin (French part),MAF,2023,
St. Martin (French part),MAF,2022,
St. Martin (French part),MAF,2021,21668.3776525323
St. Martin (French part),MAF,2020,
St. Martin (French part),MAF,2019,19033.0649634889
St. Martin (French part),MAF,2018,
St. Martin (French part),MAF,2017,
St. Martin (French part),MAF,2016,
St. Martin (French part),MAF,2015,
St. Martin (French part),MAF,2014,20638.7705882379
St. Martin (French part),MAF,2013,
St. Vincent and the Grenadines,VCT,2023,10582.3656725229
St. Vincent and the Grenadines,VCT,2022,9693.55867833025
St. Vincent and the Grenadines,VCT,2021,8641.27904024443
St. Vincent and the Grenadines,VCT,2020,8351.20324040982
St. Vincent and the Grenadines,VCT,2019,8740.59425232061
St. Vincent and the Grenadines,VCT,2018,8428.12677153069
St. Vincent and the Grenadines,VCT,2017,7988.04445019298
St. Vincent and the Grenadines,VCT,2016,7656.90042881178
St. Vincent and the Grenadines,VCT,2015,7353.73556054184
St. Vincent and the Grenadines,VCT,2014,7168.82875342911
St. Vincent and the Grenadines,VCT,2013,7072.46737188939
Sudan,SDN,2023,797.283447265625
Sudan,SDN,2022,1046.24084472656
Sudan,SDN,2021,712.122009277344
Sudan,SDN,2020,577.795227050781
Sudan,SDN,2019,709.975280761719
Sudan,SDN,2018,731.027465820313
Sudan,SDN,2017,966.505676269531
Sudan,SDN,2016,1033.21594238281
Sudan,SDN,2015,1292.37963867188
Sudan,SDN,2014,1275.43835449219
Sudan,SDN,2013,1138.62780761719
Suriname,SUR,2023,5521.97602122638
Suriname,SUR,2022,6084.43876736445
Suriname,SUR,2021,5029.84838543953
Suriname,SUR,2020,4755.39221710693
Suriname,SUR,2019,6629.66775248603
Suriname,SUR,2018,6665.74180472239
Suriname,SUR,2017,6049.52128553675
Suriname,SUR,2016,5644.2061057532
Suriname,SUR,2015,8813.61705392067
Suriname,SUR,2014,9108.18905406764
Suriname,SUR,2013,9043.19281529222
Sweden,SWE,2023,54950.2834725622
Sweden,SWE,2022,54836.8907235124
Sweden,SWE,2021,60647.5416365347
Sweden,SWE,2020,52568.5726980146
Sweden,SWE,2019,51648.9892820514
Sweden,SWE,2018,54018.4554391861
Sweden,SWE,2017,53210.2233318965
Sweden,SWE,2016,51703.5088332851
Sweden,SWE,2015,51188.1652120493
Sweden,SWE,2014,59583.4584491714
Sweden,SWE,2013,60843.9888799369
Switzerland,CHE,2023,104449.75451772
Switzerland,CHE,2022,97809.095567203
Switzerland,CHE,2021,96582.8687080693
Switzerland,CHE,2020,87529.7016394892
Switzerland,CHE,2019,85872.9702303454
Switzerland,CHE,2018,87002.3382293532
Switzerland,CHE,2017,83610.248611484
Switzerland,CHE,2016,83432.4111596314
Switzerland,CHE,2015,85265.06205193
Switzerland,CHE,2014,90511.6484558843
Switzerland,CHE,2013,88851.2374497983
Syrian Arab Republic,SYR,2023,
Syrian Arab Republic,SYR,2022,1056.78264718197
Syrian Arab Republic,SYR,2021,688.566109726934
Syrian Arab Republic,SYR,2020,593.911771822527
Syrian Arab Republic,SYR,2019,1109.53933821464
Syrian Arab Republic,SYR,2018,1098.06667935023
Syrian Arab Republic,SYR,2017,851.501972646386
Syrian Arab Republic,SYR,2016,656.349017520952
Syrian Arab Republic,SYR,2015,847.731545352582
Syrian Arab Republic,SYR,2014,1060.59105887433
Syrian Arab Republic,SYR,2013,985.892669221634
Tajikistan,TJK,2023,1178.47990060249
Tajikistan,TJK,2022,1052.17949484894
Tajikistan,TJK,2021,896.748053372182
Tajikistan,TJK,2020,834.311715460625
Tajikistan,TJK,2019,871.022372934846
Tajikistan,TJK,2018,834.288404578801
Tajikistan,TJK,2017,829.45714764957
Tajikistan,TJK,2016,788.710481734485
Tajikistan,TJK,2015,956.916310930656
Tajikistan,TJK,2014,1081.54402932039
Tajikistan,TJK,2013,1028.19704279396
Tanzania,TZA,2023,1224.00219726563
Tanzania,TZA,2022,1207.52062988281
Tanzania,TZA,2021,1159.85656738281
Tanzania,TZA,2020,1117.41528320313
Tanzania,TZA,2019,1063.32250976563
Tanzania,TZA,2018,1023.10626220703
Tanzania,TZA,2017,986.674011230469
Tanzania,TZA,2016,953.0107421875
Tanzania,TZA,2015,939.127319335938
Tanzania,TZA,2014,1022.74841308594
Tanzania,TZA,2013,963.05712890625
Thailand,THA,2023,7210.54130832685
Thailand,THA,2022,6910.00995211206
Thailand,THA,2021,7055.18760721422
Thailand,THA,2020,6983.03412836245
Thailand,THA,2019,7605.69657797759
Thailand,THA,2018,7099.77650081458
Thailand,THA,2017,6413.09182530343
Thailand,THA,2016,5833.57715617098
Thailand,THA,2015,5688.85335397884
Thailand,THA,2014,5801.1978916205
Thailand,THA,2013,6018.08244729255
Timor-Leste,TLS,2023,1502.4114958903
Timor-Leste,TLS,2022,2343.24955542816
Timor-Leste,TLS,2021,2684.92673717299
Timor-Leste,TLS,2020,1630.86935439232
Timor-Leste,TLS,2019,1562.36458881813
Timor-Leste,TLS,2018,1219.46598597604
Timor-Leste,TLS,2017,1266.17767952941
Timor-Leste,TLS,2016,1335.54390089814
Timor-Leste,TLS,2015,1319.59297370991
Timor-Leste,TLS,2014,1224.74957758801
Timor-Leste,TLS,2013,1204.56841532931
Togo,TGO,2023,1182.32951436696
Togo,TGO,2022,1071.61539220759
Togo,TGO,2021,1076.29520076949
Togo,TGO,2020,961.219781201934
Togo,TGO,2019,917.718016777619
Togo,TGO,2018,942.480774393154
Togo,TGO,2017,872.076408845752
Togo,TGO,2016,843.114204338675
Togo,TGO,2015,813.894676975085
Togo,TGO,2014,921.539748631461
Togo,TGO,2013,885.698522723929
Tonga,TON,2023,5651.59357939286
Tonga,TON,2022,5298.01942454298
Tonga,TON,2021,4922.8015864044
Tonga,TON,2020,4792.35872413906
Tonga,TON,2019,4788.83350468584
Tonga,TON,2018,4675.04776047973
Tonga,TON,2017,4365.92929788648
Tonga,TON,2016,3987.98618837043
Tonga,TON,2015,4123.90347238813
Tonga,TON,2014,4136.59010898445
Tonga,TON,2013,4219.24670113014
Trinidad and Tobago,TTO,2023,18308.4536298575
Trinidad and Tobago,TTO,2022,20750.5202434652
Trinidad and Tobago,TTO,2021,17712.5674104655
Trinidad and Tobago,TTO,2020,15283.6270531554
Trinidad and Tobago,TTO,2019,17212.6128892163
Trinidad and Tobago,TTO,2018,17571.498737278
Trinidad and Tobago,TTO,2017,17566.0999700656
Trinidad and Tobago,TTO,2016,17449.1538801956
Trinidad and Tobago,TTO,2015,19887.2327716498
Trinidad and Tobago,TTO,2014,21908.3014555644
Trinidad and Tobago,TTO,2013,21304.9777496628
Tunisia,TUN,2023,3951.11683376921
Tunisia,TUN,2022,3707.29283414381
Tunisia,TUN,2021,3906.93926319391
Tunisia,TUN,2020,3548.65363663803
Tunisia,TUN,2019,3528.87213306798
Tunisia,TUN,2018,3628.10366464236
Tunisia,TUN,2017,3619.03247319953
Tunisia,TUN,2016,3847.80354448809
Tunisia,TUN,2015,4014.94773686432
Tunisia,TUN,2014,4458.97895464547
Tunisia,TUN,2013,4369.79345826358
Turkiye,TUR,2023,13375.0947282864
Turkiye,TUR,2022,10897.8397861365
Turkiye,TUR,2021,9981.76398411336
Turkiye,TUR,2020,8798.11791709313
Turkiye,TUR,2019,9395.23378001368
Turkiye,TUR,2018,9684.11819884721
Turkiye,TUR,2017,10756.3877677883
Turkiye,TUR,2016,10984.3643169061
Turkiye,TUR,2015,11064.6494504662
Turkiye,TUR,2014,12209.3862327674
Turkiye,TUR,2013,12635.5570016068
Turkmenistan,TKM,2023,5298.46421949276
Turkmenistan,TKM,2022,5198.18947409551
Turkmenistan,TKM,2021,3713.20113171765
Turkmenistan,TKM,2020,3935.37749365223
Turkmenistan,TKM,2019,4365.1152919542
Turkmenistan,TKM,2018,3911.98557297865
Turkmenistan,TKM,2017,5125.54920055808
Turkmenistan,TKM,2016,5238.00827202546
Turkmenistan,TKM,2015,5759.497903834
Turkmenistan,TKM,2014,7164.14536184006
Turkmenistan,TKM,2013,6599.64529055481
Turks and Caicos Islands,TCA,2023,35470.2151608295
Turks and Caicos Islands,TCA,2022,31280.5418020808
Turks and Caicos Islands,TCA,2021,27329.2885087196
Turks and Caicos Islands,TCA,2020,20690.9160546118
Turks and Caicos Islands,TCA,2019,31780.5217068989
Turks and Caicos Islands,TCA,2018,31625.616593277
Turks and Caicos Islands,TCA,2017,30014.2309523213
Turks and Caicos Islands,TCA,2016,31373.5612684327
Turks and Caicos Islands,TCA,2015,29457.0140691162
Turks and Caicos Islands,TCA,2014,27292.5820256776
Turks and Caicos Islands,TCA,2013,25653.819867471
Tuvalu,TUV,2023,5143.8397437226
Tuvalu,TUV,2022,5414.74642912412
Tuvalu,TUV,2021,6042.51983141155
Tuvalu,TUV,2020,5029.57159284173
Tuvalu,TUV,2019,5058.85266607659
Tuvalu,TUV,2018,4467.21144027065
Tuvalu,TUV,2017,4166.79162422818
Tuvalu,TUV,2016,3779.15293916285
Tuvalu,TUV,2015,3352.66722400181
Tuvalu,TUV,2014,3518.13249227107
Tuvalu,TUV,2013,3524.00277634143
Uganda,UGA,2023,1002.30913917142
Uganda,UGA,2022,963.067314117178
Uganda,UGA,2021,882.791717542504
Uganda,UGA,2020,845.766463890124
Uganda,UGA,2019,822.171150036357
Uganda,UGA,2018,792.16570022814
Uganda,UGA,2017,765.218332297361
Uganda,UGA,2016,752.696571725656
Uganda,UGA,2015,862.934610355811
Uganda,UGA,2014,896.054795546394
Uganda,UGA,2013,818.285427416713
Ukraine,UKR,2023,5139.59814453125
Ukraine,UKR,2022,4199.6708984375
Ukraine,UKR,2021,4775.94580078125
Ukraine,UKR,2020,3709.76928710938
Ukraine,UKR,2019,3619.86157226563
Ukraine,UKR,2018,3059.0517578125
Ukraine,UKR,2017,2604.28759765625
Ukraine,UKR,2016,2158.46118164063
Ukraine,UKR,2015,2094.47387695313
Ukraine,UKR,2014,3054.908203125
Ukraine,UKR,2013,4129.89697265625
United Arab Emirates,ARE,2023,49850.6945082084
United Arab Emirates,ARE,2022,50759.7590190204
United Arab Emirates,ARE,2021,44118.4936214315
United Arab Emirates,ARE,2020,37991.738387966
United Arab Emirates,ARE,2019,45938.6084572227
United Arab Emirates,ARE,2018,47135.3478795605
United Arab Emirates,ARE,2017,43733.6242018215
United Arab Emirates,ARE,2016,42721.1136110991
United Arab Emirates,ARE,2015,44910.3458860776
United Arab Emirates,ARE,2014,52725.2307981936
United Arab Emirates,ARE,2013,53247.2278745159
United Kingdom,GBR,2023,49919.6896621586
United Kingdom,GBR,2022,47034.7795621476
United Kingdom,GBR,2021,47695.6491523474
United Kingdom,GBR,2020,40815.1255364787
United Kingdom,GBR,2019,43160.6843971799
United Kingdom,GBR,2018,43704.3162296687
United Kingdom,GBR,2017,40918.0520870944
United Kingdom,GBR,2016,41258.5374285695
United Kingdom,GBR,2015,45256.040227057
United Kingdom,GBR,2014,47746.9810645521
United Kingdom,GBR,2013,43607.6636827371
United States,USA,2023,82586.7847707894
United States,USA,2022,78008.6895811877
United States,USA,2021,71441.2319805947
United States,USA,2020,64465.2971415748
United States,USA,2019,65227.9565911038
United States,USA,2018,62875.6661382728
United States,USA,2017,60047.7190728307
United States,USA,2016,57976.628204291
United States,USA,2015,56849.4697923159
United States,USA,2014,55153.3940182967
United States,USA,2013,53297.3862901595
Uruguay,URY,2023,23378.6399733516
Uruguay,URY,2022,21009.2883798725
Uruguay,URY,2021,17881.8119616753
Uruguay,URY,2020,15757.5341990356
Uruguay,URY,2019,18315.7350377437
Uruguay,URY,2018,19249.9404677501
Uruguay,URY,2017,19184.6626114272
Uruguay,URY,2016,17009.7584207276
Uruguay,URY,2015,17125.9016800298
Uruguay,URY,2014,18322.4276767157
Uruguay,URY,2013,18335.2594772322
Uzbekistan,UZB,2023,3015.97705069457
Uzbekistan,UZB,2022,2698.60262953369
Uzbekistan,UZB,2021,2370.36480555669
Uzbekistan,UZB,2020,2087.96374711792
Uzbekistan,UZB,2019,2128.66067138334
Uzbekistan,UZB,2018,1894.09088741408
Uzbekistan,UZB,2017,2271.4730109511
Uzbekistan,UZB,2016,3128.42307170099
Uzbekistan,UZB,2015,3172.89899391083
Uzbekistan,UZB,2014,3021.00331668049
Uzbekistan,UZB,2013,2781.38869470315
Vanuatu,VUT,2023,3708.18942411253
Vanuatu,VUT,2022,3679.53524327491
Vanuatu,VUT,2021,3576.13770954363
Vanuatu,VUT,2020,3404.30359167624
Vanuatu,VUT,2019,3635.62344878185
Vanuatu,VUT,2018,3626.18862522473
Vanuatu,VUT,2017,3585.31798081216
Vanuatu,VUT,2016,3339.83436471043
Vanuatu,VUT,2015,3214.41948587141
Vanuatu,VUT,2014,3378.36411965135
Vanuatu,VUT,2013,3392.56675091682
"Venezuela, RB",VEN,2023,3617.47038396528
"Venezuela, RB",VEN,2022,3155.04190923584
"Venezuela, RB",VEN,2021,2004.93572921136
"Venezuela, RB",VEN,2020,1506.04169391285
"Venezuela, RB",VEN,2019,2523.11527549578
"Venezuela, RB",VEN,2018,3421.51341607593
"Venezuela, RB",VEN,2017,3791.63262049576
"Venezuela, RB",VEN,2016,3671.23004093383
"Venezuela, RB",VEN,2015,4096.61989137473
"Venezuela, RB",VEN,2014,7101.15006382986
"Venezuela, RB",VEN,2013,8642.37380007027
Viet Nam,VNM,2023,4322.82572261566
Viet Nam,VNM,2022,4147.69777213621
Viet Nam,VNM,2021,3704.1935590038
Viet Nam,VNM,2020,3534.03953482647
Viet Nam,VNM,2019,3440.90025375434
Viet Nam,VNM,2018,3222.31003125366
Viet Nam,VNM,2017,2956.10992127753
Viet Nam,VNM,2016,2735.0604380416
Viet Nam,VNM,2015,2577.56885340113
Viet Nam,VNM,2014,2546.38464459903
Viet Nam,VNM,2013,2359.51736472828
Virgin Islands (U.S.),VIR,2023,
Virgin Islands (U.S.),VIR,2022,44320.909185774
Virgin Islands (U.S.),VIR,2021,42571.0777368471
Virgin Islands (U.S.),VIR,2020,39787.3741650202
Virgin Islands (U.S.),VIR,2019,38633.5298915336
Virgin Islands (U.S.),VIR,2018,36663.2087550584
Virgin Islands (U.S.),VIR,2017,35365.0693039774
Virgin Islands (U.S.),VIR,2016,35324.9748874586
Virgin Islands (U.S.),VIR,2015,34007.3529411765
Virgin Islands (U.S.),VIR,2014,33045.3643795999
Virgin Islands (U.S.),VIR,2013,34597.9766940328
West Bank and Gaza,PSE,2023,3607.41611858821
West Bank and Gaza,PSE,2022,3799.95527015163
West Bank and Gaza,PSE,2021,3678.63565662194
West Bank and Gaza,PSE,2020,3233.56863835858
West Bank and Gaza,PSE,2019,3656.85827137011
West Bank and Gaza,PSE,2018,3562.33094270256
West Bank and Gaza,PSE,2017,3620.36048715937
West Bank and Gaza,PSE,2016,3527.61382413178
West Bank and Gaza,PSE,2015,3272.15432360708
West Bank and Gaza,PSE,2014,3352.11259506043
West Bank and Gaza,PSE,2013,3315.29753909282
"Yemen, Rep.",YEM,2023,
"Yemen, Rep.",YEM,2022,
"Yemen, Rep.",YEM,2021,
"Yemen, Rep.",YEM,2020,
"Yemen, Rep.",YEM,2019,
"Yemen, Rep.",YEM,2018,633.887202451545
"Yemen, Rep.",YEM,2017,811.165970405745
"Yemen, Rep.",YEM,2016,975.359417003225
"Yemen, Rep.",YEM,2015,1362.1738120601
"Yemen, Rep.",YEM,2014,1430.16420964026
"Yemen, Rep.",YEM,2013,1378.75002954928
Zambia,ZMB,2023,1330.72780576709
Zambia,ZMB,2022,1447.12310138035
Zambia,ZMB,2021,1127.16077872857
Zambia,ZMB,2020,951.644316655957
Zambia,ZMB,2019,1258.98619844462
Zambia,ZMB,2018,1463.89997855593
Zambia,ZMB,2017,1483.46577328065
Zambia,ZMB,2016,1239.08527877713
Zambia,ZMB,2015,1295.87788680068
Zambia,ZMB,2014,1707.48573136694
Zambia,ZMB,2013,1820.71854827391
Zimbabwe,ZWE,2023,2195.22502010174
Zimbabwe,ZWE,2022,2536.40197087505
Zimbabwe,ZWE,2021,2613.6167414057
Zimbabwe,ZWE,2020,2059.63704025274
Zimbabwe,ZWE,2019,2184.52155388801
Zimbabwe,ZWE,2018,2270.89531874302
Zimbabwe,ZWE,2017,3445.44941020134
Zimbabwe,ZWE,2016,1408.13945253431
Zimbabwe,ZWE,2015,1387.12632595026
Zimbabwe,ZWE,2014,1372.91526173161
Zimbabwe,ZWE,2013,1362.99498323368
