country_name,iso3,year,household_consumption_expenditure_current_usd
Africa Eastern and Southern,AFE,2023,795733496162.977
Africa Eastern and Southern,AFE,2022,807492726852.141
Africa Eastern and Southern,AFE,2021,726312052295.955
Africa Eastern and Southern,AFE,2020,625722214155.171
Africa Eastern and Southern,AFE,2019,678363458984.845
Africa Eastern and Southern,AFE,2018,673483847820.905
Africa Eastern and Southern,AFE,2017,645699015450.536
Africa Eastern and Southern,AFE,2016,551738470571.013
Africa Eastern and Southern,AFE,2015,604203119035.631
Africa Eastern and Southern,AFE,2014,638463946756.081
Africa Eastern and Southern,AFE,2013,611117133827.424
Africa Western and Central,AFW,2023,
Africa Western and Central,AFW,2022,
Africa Western and Central,AFW,2021,
Africa Western and Central,AFW,2020,
Africa Western and Central,AFW,2019,
Africa Western and Central,AFW,2018,
Africa Western and Central,AFW,2017,
Africa Western and Central,AFW,2016,
Africa Western and Central,AFW,2015,
Africa Western and Central,AFW,2014,
Africa Western and Central,AFW,2013,
Arab World,ARB,2023,1782851894133.92
Arab World,ARB,2022,1739439774206.08
Arab World,ARB,2021,1554959101223.96
Arab World,ARB,2020,1429830828540.42
Arab World,ARB,2019,1454101886174.84
Arab World,ARB,2018,1383815237838.26
Arab World,ARB,2017,1329566156895.38
Arab World,ARB,2016,1351778231484.75
Arab World,ARB,2015,1327733587356.4
Arab World,ARB,2014,1296221813609.78
Arab World,ARB,2013,1180489870650.22
Caribbean small states,CSS,2023,
Caribbean small states,CSS,2022,
Caribbean small states,CSS,2021,
Caribbean small states,CSS,2020,
Caribbean small states,CSS,2019,
Caribbean small states,CSS,2018,
Caribbean small states,CSS,2017,
Caribbean small states,CSS,2016,
Caribbean small states,CSS,2015,
Caribbean small states,CSS,2014,
Caribbean small states,CSS,2013,
Central Europe and the Baltics,CEB,2023,1263077636493.43
Central Europe and the Baltics,CEB,2022,1107896407477.22
Central Europe and the Baltics,CEB,2021,1057450754819.44
Central Europe and the Baltics,CEB,2020,924376809194.697
Central Europe and the Baltics,CEB,2019,939455521297.519
Central Europe and the Baltics,CEB,2018,937272270564.864
Central Europe and the Baltics,CEB,2017,833867149121.986
Central Europe and the Baltics,CEB,2016,746006696123.229
Central Europe and the Baltics,CEB,2015,730178130632.684
Central Europe and the Baltics,CEB,2014,838760557643.126
Central Europe and the Baltics,CEB,2013,823658330141.901
Early-demographic dividend,EAR,2023,9098758323499.51
Early-demographic dividend,EAR,2022,8529414545035.48
Early-demographic dividend,EAR,2021,7928813687537.77
Early-demographic dividend,EAR,2020,6858018214336.73
Early-demographic dividend,EAR,2019,7320290429285.13
Early-demographic dividend,EAR,2018,7088060630259.16
Early-demographic dividend,EAR,2017,7036679989255.58
Early-demographic dividend,EAR,2016,6557782278708.54
Early-demographic dividend,EAR,2015,6376473228310.92
Early-demographic dividend,EAR,2014,6401718193187.27
Early-demographic dividend,EAR,2013,6197577148256.17
East Asia & Pacific,EAS,2023,14331581828722.0
East Asia & Pacific,EAS,2022,13825111820976.3
East Asia & Pacific,EAS,2021,14098314742037.5
East Asia & Pacific,EAS,2020,12491759722938.4
East Asia & Pacific,EAS,2019,12749264497387.1
East Asia & Pacific,EAS,2018,12410495633313.9
East Asia & Pacific,EAS,2017,11450565049659.6
East Asia & Pacific,EAS,2016,10838212522561.8
East Asia & Pacific,EAS,2015,10350914762741.3
East Asia & Pacific,EAS,2014,10450605365837.5
East Asia & Pacific,EAS,2013,10180333148030.0
East Asia & Pacific (excluding high income),EAP,2023,9213143592897.84
East Asia & Pacific (excluding high income),EAP,2022,8782826024666.99
East Asia & Pacific (excluding high income),EAP,2021,8747816004987.68
East Asia & Pacific (excluding high income),EAP,2020,7392903220746.33
East Asia & Pacific (excluding high income),EAP,2019,7444020815947.9
East Asia & Pacific (excluding high income),EAP,2018,7091934476119.5
East Asia & Pacific (excluding high income),EAP,2017,6361105339690.15
East Asia & Pacific (excluding high income),EAP,2016,5868085877354.63
East Asia & Pacific (excluding high income),EAP,2015,5605837242099.05
East Asia & Pacific (excluding high income),EAP,2014,5274451314929.17
East Asia & Pacific (excluding high income),EAP,2013,4827910387376.15
East Asia & Pacific (IDA & IBRD countries),TEA,2023,9201904307722.64
East Asia & Pacific (IDA & IBRD countries),TEA,2022,8772114292856.44
East Asia & Pacific (IDA & IBRD countries),TEA,2021,8737127747157.99
East Asia & Pacific (IDA & IBRD countries),TEA,2020,7383910074687.03
East Asia & Pacific (IDA & IBRD countries),TEA,2019,7434966067554.11
East Asia & Pacific (IDA & IBRD countries),TEA,2018,7083323307305.49
East Asia & Pacific (IDA & IBRD countries),TEA,2017,6353401009978.06
East Asia & Pacific (IDA & IBRD countries),TEA,2016,5860992372223.82
East Asia & Pacific (IDA & IBRD countries),TEA,2015,5599057720633.46
East Asia & Pacific (IDA & IBRD countries),TEA,2014,5268071923635.66
East Asia & Pacific (IDA & IBRD countries),TEA,2013,4822073460603.0
Euro area,EMU,2023,8438886068494.68
Euro area,EMU,2022,7695532958377.18
Euro area,EMU,2021,7683893533778.86
Euro area,EMU,2020,6924969095584.1
Euro area,EMU,2019,7316098097323.51
Euro area,EMU,2018,7521557529505.11
Euro area,EMU,2017,6976052771963.0
Euro area,EMU,2016,6620207593049.77
Euro area,EMU,2015,6480869326320.87
Euro area,EMU,2014,7581546266978.33
Euro area,EMU,2013,7468753362715.42
Europe & Central Asia,ECS,2023,14883004579401.9
Europe & Central Asia,ECS,2022,13701605994947.6
Europe & Central Asia,ECS,2021,13358276617589.9
Europe & Central Asia,ECS,2020,11828458109793.0
Europe & Central Asia,ECS,2019,12610833952579.8
Europe & Central Asia,ECS,2018,12810565648663.3
Europe & Central Asia,ECS,2017,12038282776560.3
Europe & Central Asia,ECS,2016,11426907515757.2
Europe & Central Asia,ECS,2015,11482901328947.8
Europe & Central Asia,ECS,2014,13388756282491.0
Europe & Central Asia,ECS,2013,13266497691587.7
Europe & Central Asia (excluding high income),ECA,2023,1227200001034.33
Europe & Central Asia (excluding high income),ECA,2022,1029033014924.42
Europe & Central Asia (excluding high income),ECA,2021,960279409600.83
Europe & Central Asia (excluding high income),ECA,2020,845801623111.657
Europe & Central Asia (excluding high income),ECA,2019,882063145350.617
Europe & Central Asia (excluding high income),ECA,2018,849182332232.581
Europe & Central Asia (excluding high income),ECA,2017,885745936687.582
Europe & Central Asia (excluding high income),ECA,2016,879693621913.428
Europe & Central Asia (excluding high income),ECA,2015,915499850266.0
Europe & Central Asia (excluding high income),ECA,2014,1039150658992.45
Europe & Central Asia (excluding high income),ECA,2013,1100498537347.51
Europe & Central Asia (IDA & IBRD countries),TEC,2023,3033735455314.71
Europe & Central Asia (IDA & IBRD countries),TEC,2022,2795877975692.09
Europe & Central Asia (IDA & IBRD countries),TEC,2021,2534874618680.23
Europe & Central Asia (IDA & IBRD countries),TEC,2020,2187012139855.86
Europe & Central Asia (IDA & IBRD countries),TEC,2019,2336335338636.27
Europe & Central Asia (IDA & IBRD countries),TEC,2018,2264755476011.35
Europe & Central Asia (IDA & IBRD countries),TEC,2017,2232981194973.47
Europe & Central Asia (IDA & IBRD countries),TEC,2016,2015233524246.48
Europe & Central Asia (IDA & IBRD countries),TEC,2015,2086179612261.35
Europe & Central Asia (IDA & IBRD countries),TEC,2014,2667816349718.25
Europe & Central Asia (IDA & IBRD countries),TEC,2013,2825679322576.21
European Union,EUU,2023,9832724421918.63
European Union,EUU,2022,8960551833292.6
European Union,EUU,2021,8944575890277.8
European Union,EUU,2020,8029819338239.55
European Union,EUU,2019,8433983261650.04
European Union,EUU,2018,8657022235214.13
European Union,EUU,2017,8009515556653.86
European Union,EUU,2016,7562524995478.87
European Union,EUU,2015,7405456832456.24
European Union,EUU,2014,8648798862526.82
European Union,EUU,2013,8527983607079.18
Heavily indebted poor countries (HIPC),HPC,2023,750466747908.077
Heavily indebted poor countries (HIPC),HPC,2022,691790535089.961
Heavily indebted poor countries (HIPC),HPC,2021,637941607561.566
Heavily indebted poor countries (HIPC),HPC,2020,569274903501.563
Heavily indebted poor countries (HIPC),HPC,2019,566794922662.872
Heavily indebted poor countries (HIPC),HPC,2018,548035916285.371
Heavily indebted poor countries (HIPC),HPC,2017,508989302583.931
Heavily indebted poor countries (HIPC),HPC,2016,473110612548.311
Heavily indebted poor countries (HIPC),HPC,2015,479219482971.731
Heavily indebted poor countries (HIPC),HPC,2014,489140829217.157
Heavily indebted poor countries (HIPC),HPC,2013,469939659890.138
High income,,2023,40538888012744.9
High income,,2022,38199499108153.5
High income,,2021,36423308963537.2
High income,,2020,32513164445525.2
High income,,2019,33810296823162.1
High income,,2018,33513877672603.1
High income,,2017,31715273589976.1
High income,,2016,30289213826393.5
High income,,2015,29610591714614.4
High income,,2014,31479708718231.8
High income,,2013,30954649554618.2
IBRD only,IBD,2023,19704051162359.0
IBRD only,IBD,2022,18484998140358.5
IBRD only,IBD,2021,17658129682975.3
IBRD only,IBD,2020,15062686658114.8
IBRD only,IBD,2019,15999737416202.1
IBRD only,IBD,2018,15515726883491.3
IBRD only,IBD,2017,14784254502533.7
IBRD only,IBD,2016,13482096775368.6
IBRD only,IBD,2015,13273182519376.1
IBRD only,IBD,2014,14060040104917.8
IBRD only,IBD,2013,13583706232722.3
IDA & IBRD total,IBT,2023,21901760545647.6
IDA & IBRD total,IBT,2022,20647378207509.6
IDA & IBRD total,IBT,2021,19638072371321.6
IDA & IBRD total,IBT,2020,16801059569064.2
IDA & IBRD total,IBT,2019,17780829799017.6
IDA & IBRD total,IBT,2018,17255586123788.8
IDA & IBRD total,IBT,2017,16439722997169.4
IDA & IBRD total,IBT,2016,15018302477744.7
IDA & IBRD total,IBT,2015,14765451759536.2
IDA & IBRD total,IBT,2014,15545572214081.2
IDA & IBRD total,IBT,2013,14990370215357.0
IDA blend,IDB,2023,
IDA blend,IDB,2022,
IDA blend,IDB,2021,
IDA blend,IDB,2020,
IDA blend,IDB,2019,
IDA blend,IDB,2018,
IDA blend,IDB,2017,
IDA blend,IDB,2016,
IDA blend,IDB,2015,
IDA blend,IDB,2014,
IDA blend,IDB,2013,
IDA only,IDX,2023,1250378294396.11
IDA only,IDX,2022,1207576134585.94
IDA only,IDX,2021,1083914117653.81
IDA only,IDX,2020,972591750160.259
IDA only,IDX,2019,966485907191.375
IDA only,IDX,2018,923743428114.797
IDA only,IDX,2017,860105749970.023
IDA only,IDX,2016,806978606253.518
IDA only,IDX,2015,784360680536.69
IDA only,IDX,2014,781199720635.366
IDA only,IDX,2013,736042823489.571
IDA total,IDA,2023,2460299477386.42
IDA total,IDA,2022,2449632103969.09
IDA total,IDA,2021,2221266634243.8
IDA total,IDA,2020,1963310196299.12
IDA total,IDA,2019,1993635226332.33
IDA total,IDA,2018,1951073317385.82
IDA total,IDA,2017,1855770451595.77
IDA total,IDA,2016,1729755639063.79
IDA total,IDA,2015,1674790709524.74
IDA total,IDA,2014,1630837391038.66
IDA total,IDA,2013,1532593378536.15
Late-demographic dividend,LTE,2023,13103813655200.3
Late-demographic dividend,LTE,2022,12387390510951.5
Late-demographic dividend,LTE,2021,11883475898158.1
Late-demographic dividend,LTE,2020,10076339657688.2
Late-demographic dividend,LTE,2019,10616701833087.2
Late-demographic dividend,LTE,2018,10331976322324.5
Late-demographic dividend,LTE,2017,9574964467502.96
Late-demographic dividend,LTE,2016,8649463565027.14
Late-demographic dividend,LTE,2015,8495983588109.36
Late-demographic dividend,LTE,2014,9131224248663.0
Late-demographic dividend,LTE,2013,8728404946782.76
Latin America & Caribbean,LCN,2023,4731457405244.81
Latin America & Caribbean,LCN,2022,4229605788932.58
Latin America & Caribbean,LCN,2021,3629268507391.68
Latin America & Caribbean,LCN,2020,3114096164671.62
Latin America & Caribbean,LCN,2019,3731908365660.5
Latin America & Caribbean,LCN,2018,3793299729687.76
Latin America & Caribbean,LCN,2017,3867414472296.94
Latin America & Caribbean,LCN,2016,3476808269183.43
Latin America & Caribbean,LCN,2015,3568103596830.01
Latin America & Caribbean,LCN,2014,4127874398879.78
Latin America & Caribbean,LCN,2013,4081776033406.17
Latin America & Caribbean (excluding high income),LAC,2023,4232040808457.53
Latin America & Caribbean (excluding high income),LAC,2022,3770830109472.15
Latin America & Caribbean (excluding high income),LAC,2021,3188944774619.4
Latin America & Caribbean (excluding high income),LAC,2020,2753884524001.61
Latin America & Caribbean (excluding high income),LAC,2019,3327425086799.0
Latin America & Caribbean (excluding high income),LAC,2018,3382568644767.29
Latin America & Caribbean (excluding high income),LAC,2017,3475217725016.52
Latin America & Caribbean (excluding high income),LAC,2016,3113210309298.63
Latin America & Caribbean (excluding high income),LAC,2015,3211666987130.55
Latin America & Caribbean (excluding high income),LAC,2014,3760986048349.53
Latin America & Caribbean (excluding high income),LAC,2013,3708960480204.65
Latin America & the Caribbean (IDA & IBRD countries),TLA,2023,4529170171999.04
Latin America & the Caribbean (IDA & IBRD countries),TLA,2022,4043497754142.98
Latin America & the Caribbean (IDA & IBRD countries),TLA,2021,3463331084008.71
Latin America & the Caribbean (IDA & IBRD countries),TLA,2020,2975103669597.27
Latin America & the Caribbean (IDA & IBRD countries),TLA,2019,3585194979551.46
Latin America & the Caribbean (IDA & IBRD countries),TLA,2018,3650945920337.32
Latin America & the Caribbean (IDA & IBRD countries),TLA,2017,3730380149713.99
Latin America & the Caribbean (IDA & IBRD countries),TLA,2016,3345285736862.44
Latin America & the Caribbean (IDA & IBRD countries),TLA,2015,3438736130252.86
Latin America & the Caribbean (IDA & IBRD countries),TLA,2014,4003433006555.75
Latin America & the Caribbean (IDA & IBRD countries),TLA,2013,3959801321329.47
Least developed countries: UN classification,LDC,2023,1055894378045.9
Least developed countries: UN classification,LDC,2022,1052025615683.39
Least developed countries: UN classification,LDC,2021,919618230235.06
Least developed countries: UN classification,LDC,2020,822050860104.65
Least developed countries: UN classification,LDC,2019,808283031536.075
Least developed countries: UN classification,LDC,2018,779214998149.859
Least developed countries: UN classification,LDC,2017,726894177939.272
Least developed countries: UN classification,LDC,2016,673147150114.971
Least developed countries: UN classification,LDC,2015,680847351555.808
Least developed countries: UN classification,LDC,2014,676802608193.079
Least developed countries: UN classification,LDC,2013,610726301603.459
Low & middle income,LMY,2023,19813363258746.3
Low & middle income,LMY,2022,18624784502606.7
Low & middle income,LMY,2021,17809772219971.4
Low & middle income,LMY,2020,15255666515392.8
Low & middle income,LMY,2019,16093487306455.7
Low & middle income,LMY,2018,15597857234878.9
Low & middle income,LMY,2017,14865516007100.7
Low & middle income,LMY,2016,13677993222008.3
Low & middle income,LMY,2015,13393419960986.4
Low & middle income,LMY,2014,13685891303455.3
Low & middle income,LMY,2013,13018605459609.0
Low income,,2023,451414156311.995
Low income,,2022,434463326346.989
Low income,,2021,364225265860.677
Low income,,2020,336162055599.704
Low income,,2019,343407860227.395
Low income,,2018,326000637605.794
Low income,,2017,309122033998.758
Low income,,2016,299627807047.941
Low income,,2015,326496561810.66
Low income,,2014,327281362047.241
Low income,,2013,300013786123.847
Lower middle income,,2023,4661708372843.26
Lower middle income,,2022,4611179788748.17
Lower middle income,,2021,4511794298253.65
Lower middle income,,2020,3877419664671.8
Lower middle income,,2019,3977419247414.47
Lower middle income,,2018,3763432886035.47
Lower middle income,,2017,3631782802781.75
Lower middle income,,2016,3343888141302.6
Lower middle income,,2015,3146310174866.61
Lower middle income,,2014,3047893854052.16
Lower middle income,,2013,2789206273715.92
"Middle East, North Africa, Afghanistan & Pakistan",MEA,2023,2474000096319.99
"Middle East, North Africa, Afghanistan & Pakistan",MEA,2022,2453221971573.29
"Middle East, North Africa, Afghanistan & Pakistan",MEA,2021,2221172769318.88
"Middle East, North Africa, Afghanistan & Pakistan",MEA,2020,1976956956272.28
"Middle East, North Africa, Afghanistan & Pakistan",MEA,2019,2072073039359.9
"Middle East, North Africa, Afghanistan & Pakistan",MEA,2018,2044159260442.02
"Middle East, North Africa, Afghanistan & Pakistan",MEA,2017,2008606699071.02
"Middle East, North Africa, Afghanistan & Pakistan",MEA,2016,1980912086779.09
"Middle East, North Africa, Afghanistan & Pakistan",MEA,2015,1911412285870.14
"Middle East, North Africa, Afghanistan & Pakistan",MEA,2014,1870704711961.96
"Middle East, North Africa, Afghanistan & Pakistan",MEA,2013,1757987819592.11
"Middle East, North Africa, Afghanistan & Pakistan (excluding high income)",MNA,2023,1286263746231.1
"Middle East, North Africa, Afghanistan & Pakistan (excluding high income)",MNA,2022,1333948644878.6
"Middle East, North Africa, Afghanistan & Pakistan (excluding high income)",MNA,2021,1225690622049.65
"Middle East, North Africa, Afghanistan & Pakistan (excluding high income)",MNA,2020,1099886044709.45
"Middle East, North Africa, Afghanistan & Pakistan (excluding high income)",MNA,2019,1158141310466.91
"Middle East, North Africa, Afghanistan & Pakistan (excluding high income)",MNA,2018,1162976012270.23
"Middle East, North Africa, Afghanistan & Pakistan (excluding high income)",MNA,2017,1181009160896.12
"Middle East, North Africa, Afghanistan & Pakistan (excluding high income)",MNA,2016,1204074988908.03
"Middle East, North Africa, Afghanistan & Pakistan (excluding high income)",MNA,2015,1175983670453.22
"Middle East, North Africa, Afghanistan & Pakistan (excluding high income)",MNA,2014,1169585263801.9
"Middle East, North Africa, Afghanistan & Pakistan (excluding high income)",MNA,2013,1118502970000.28
"Middle East, North Africa, Afghanistan & Pakistan (IDA & IBRD)",TMN,2023,1267765398923.4
"Middle East, North Africa, Afghanistan & Pakistan (IDA & IBRD)",TMN,2022,1314611984582.95
"Middle East, North Africa, Afghanistan & Pakistan (IDA & IBRD)",TMN,2021,1209504461936.26
"Middle East, North Africa, Afghanistan & Pakistan (IDA & IBRD)",TMN,2020,1085975713088.84
"Middle East, North Africa, Afghanistan & Pakistan (IDA & IBRD)",TMN,2019,1142543106901.47
"Middle East, North Africa, Afghanistan & Pakistan (IDA & IBRD)",TMN,2018,1148372332258.38
"Middle East, North Africa, Afghanistan & Pakistan (IDA & IBRD)",TMN,2017,1166583193683.96
"Middle East, North Africa, Afghanistan & Pakistan (IDA & IBRD)",TMN,2016,1190450624041.61
"Middle East, North Africa, Afghanistan & Pakistan (IDA & IBRD)",TMN,2015,1163577211523.6
"Middle East, North Africa, Afghanistan & Pakistan (IDA & IBRD)",TMN,2014,1157044678825.71
"Middle East, North Africa, Afghanistan & Pakistan (IDA & IBRD)",TMN,2013,1106563180767.67
Middle income,MIC,2023,19378320724630.2
Middle income,MIC,2022,18206746710501.3
Middle income,MIC,2021,17459352922937.4
Middle income,MIC,2020,14932227376267.1
Middle income,MIC,2019,15762404735734.0
Middle income,MIC,2018,15283134537813.2
Middle income,MIC,2017,14566988693146.2
Middle income,MIC,2016,13389944973557.4
Middle income,MIC,2015,13082273690181.2
Middle income,MIC,2014,13373564113147.0
Middle income,MIC,2013,12731514145979.5
North America,NAC,2023,20057140480750.1
North America,NAC,2022,18886440957894.2
North America,NAC,2021,17218530801639.6
North America,NAC,2020,15175464166822.0
North America,NAC,2019,15448200011725.5
North America,NAC,2018,14936706755327.8
North America,NAC,2017,14250321036022.4
North America,NAC,2016,13623854625491.5
North America,NAC,2015,13200477428032.2
North America,NAC,2014,12885134552572.7
North America,NAC,2013,12424740449322.2
Not classified,,2023,
Not classified,,2022,
Not classified,,2021,
Not classified,,2020,
Not classified,,2019,
Not classified,,2018,
Not classified,,2017,
Not classified,,2016,
Not classified,,2015,
Not classified,,2014,
Not classified,,2013,
OECD members,OED,2023,39270058184940.4
OECD members,OED,2022,36715219856890.6
OECD members,OED,2021,35039795532973.1
OECD members,OED,2020,31236202981265.3
OECD members,OED,2019,32530299968698.9
OECD members,OED,2018,32296306073985.6
OECD members,OED,2017,30642069731734.5
OECD members,OED,2016,29428142841136.9
OECD members,OED,2015,28848597038195.9
OECD members,OED,2014,30563849002122.8
OECD members,OED,2013,30003175938985.1
Other small states,OSS,2023,106485727878.81
Other small states,OSS,2022,95982422112.3194
Other small states,OSS,2021,89321680845.1333
Other small states,OSS,2020,79002542936.976
Other small states,OSS,2019,84666883239.0258
Other small states,OSS,2018,84815149535.1576
Other small states,OSS,2017,76843320573.2319
Other small states,OSS,2016,69137624045.6089
Other small states,OSS,2015,65491999674.7149
Other small states,OSS,2014,72894885010.9051
Other small states,OSS,2013,70226108557.5499
Pacific island small states,PSS,2023,8676827198.65863
Pacific island small states,PSS,2022,8453678188.94505
Pacific island small states,PSS,2021,7449122014.22259
Pacific island small states,PSS,2020,7188892397.15504
Pacific island small states,PSS,2019,7743968270.93371
Pacific island small states,PSS,2018,7575738861.09742
Pacific island small states,PSS,2017,7119126155.79318
Pacific island small states,PSS,2016,6631887111.61023
Pacific island small states,PSS,2015,6294002590.86025
Pacific island small states,PSS,2014,6624251397.29432
Pacific island small states,PSS,2013,6069416381.81887
Post-demographic dividend,PST,2023,36658233562968.7
Post-demographic dividend,PST,2022,34496762839992.3
Post-demographic dividend,PST,2021,33089261673410.5
Post-demographic dividend,PST,2020,29617374769349.9
Post-demographic dividend,PST,2019,30728927364058.8
Post-demographic dividend,PST,2018,30470248553517.7
Post-demographic dividend,PST,2017,28824977101730.0
Post-demographic dividend,PST,2016,27702091598072.7
Post-demographic dividend,PST,2015,27053230568502.0
Post-demographic dividend,PST,2014,28504356838230.1
Post-demographic dividend,PST,2013,27990996622957.3
Pre-demographic dividend,PRE,2023,
Pre-demographic dividend,PRE,2022,
Pre-demographic dividend,PRE,2021,
Pre-demographic dividend,PRE,2020,
Pre-demographic dividend,PRE,2019,
Pre-demographic dividend,PRE,2018,
Pre-demographic dividend,PRE,2017,
Pre-demographic dividend,PRE,2016,
Pre-demographic dividend,PRE,2015,
Pre-demographic dividend,PRE,2014,
Pre-demographic dividend,PRE,2013,
Small states,SST,2023,164879999049.418
Small states,SST,2022,149379280185.095
Small states,SST,2021,138257925005.946
Small states,SST,2020,122210081675.064
Small states,SST,2019,132454965099.99
Small states,SST,2018,132956706407.704
Small states,SST,2017,121681665732.133
Small states,SST,2016,110194151978.308
Small states,SST,2015,104843122314.844
Small states,SST,2014,114432726460.439
Small states,SST,2013,109624450038.009
South Asia,SAS,2023,2378427529351.54
South Asia,SAS,2022,2265530823472.04
South Asia,SAS,2021,2306365707628.86
South Asia,SAS,2020,1969748843318.62
South Asia,SAS,2019,2048046189504.87
South Asia,SAS,2018,1905936879715.45
South Asia,SAS,2017,1835618381192.95
South Asia,SAS,2016,1617521474669.38
South Asia,SAS,2015,1460200425983.42
South Asia,SAS,2014,1383395476346.56
South Asia,SAS,2013,1246685680367.63
South Asia (IDA & IBRD),TSA,2023,2378427529351.54
South Asia (IDA & IBRD),TSA,2022,2265530823472.04
South Asia (IDA & IBRD),TSA,2021,2306365707628.86
South Asia (IDA & IBRD),TSA,2020,1969748843318.62
South Asia (IDA & IBRD),TSA,2019,2048046189504.87
South Asia (IDA & IBRD),TSA,2018,1905936879715.45
South Asia (IDA & IBRD),TSA,2017,1835618381192.95
South Asia (IDA & IBRD),TSA,2016,1617521474669.38
South Asia (IDA & IBRD),TSA,2015,1460200425983.42
South Asia (IDA & IBRD),TSA,2014,1383395476346.56
South Asia (IDA & IBRD),TSA,2013,1246685680367.63
Sub-Saharan Africa,SSF,2023,1582908117782.63
Sub-Saharan Africa,SSF,2022,1548405429347.95
Sub-Saharan Africa,SSF,2021,1438903824925.6
Sub-Saharan Africa,SSF,2020,1251102967260.63
Sub-Saharan Africa,SSF,2019,1312999517118.07
Sub-Saharan Africa,SSF,2018,1299221278575.49
Sub-Saharan Africa,SSF,2017,1227865903554.83
Sub-Saharan Africa,SSF,2016,1070739127064.55
Sub-Saharan Africa,SSF,2015,1133889561617.66
Sub-Saharan Africa,SSF,2014,1208282480405.65
Sub-Saharan Africa,SSF,2013,1172412916461.42
Sub-Saharan Africa (excluding high income),SSA,2023,1581439468996.06
Sub-Saharan Africa (excluding high income),SSA,2022,1546879698869.72
Sub-Saharan Africa (excluding high income),SSA,2021,1437653542124.52
Sub-Saharan Africa (excluding high income),SSA,2020,1250075698753.07
Sub-Saharan Africa (excluding high income),SSA,2019,1311706252099.46
Sub-Saharan Africa (excluding high income),SSA,2018,1297942147997.78
Sub-Saharan Africa (excluding high income),SSA,2017,1226746095729.34
Sub-Saharan Africa (excluding high income),SSA,2016,1069682181813.88
Sub-Saharan Africa (excluding high income),SSA,2015,1133072910496.31
Sub-Saharan Africa (excluding high income),SSA,2014,1207410459523.37
Sub-Saharan Africa (excluding high income),SSA,2013,1172021546037.68
Sub-Saharan Africa (IDA & IBRD countries),TSS,2023,1582908117782.63
Sub-Saharan Africa (IDA & IBRD countries),TSS,2022,1548405429347.95
Sub-Saharan Africa (IDA & IBRD countries),TSS,2021,1438903824925.6
Sub-Saharan Africa (IDA & IBRD countries),TSS,2020,1251102967260.63
Sub-Saharan Africa (IDA & IBRD countries),TSS,2019,1312999517118.07
Sub-Saharan Africa (IDA & IBRD countries),TSS,2018,1299221278575.49
Sub-Saharan Africa (IDA & IBRD countries),TSS,2017,1227865903554.83
Sub-Saharan Africa (IDA & IBRD countries),TSS,2016,1070739127064.55
Sub-Saharan Africa (IDA & IBRD countries),TSS,2015,1133889561617.66
Sub-Saharan Africa (IDA & IBRD countries),TSS,2014,1208282480405.65
Sub-Saharan Africa (IDA & IBRD countries),TSS,2013,1172412916461.42
Upper middle income,,2023,14918894470443.8
Upper middle income,,2022,13827454126505.5
Upper middle income,,2021,13186187073428.2
Upper middle income,,2020,11262274328926.0
Upper middle income,,2019,11982625300836.3
Upper middle income,,2018,11694133546525.4
Upper middle income,,2017,11109725965563.9
Upper middle income,,2016,10207503188071.2
Upper middle income,,2015,10071762308126.4
Upper middle income,,2014,10433017688968.8
Upper middle income,,2013,10023521573328.1
World,WLD,2023,60356348466918.2
World,WLD,2022,56829361058980.3
World,WLD,2021,54236552773684.0
World,WLD,2020,47789178254163.5
World,WLD,2019,49919165158230.2
World,WLD,2018,49135919314861.3
World,WLD,2017,46601030379430.7
World,WLD,2016,43999813153982.9
World,WLD,2015,43035339561801.8
World,WLD,2014,45215695603498.1
World,WLD,2013,44035876534105.2
Afghanistan,AFG,2023,16821368715.0838
Afghanistan,AFG,2022,14150977069.9198
Afghanistan,AFG,2021,12617004786.8703
Afghanistan,AFG,2020,18419990527.0292
Afghanistan,AFG,2019,
Afghanistan,AFG,2018,
Afghanistan,AFG,2017,
Afghanistan,AFG,2016,
Afghanistan,AFG,2015,
Afghanistan,AFG,2014,
Afghanistan,AFG,2013,
Albania,ALB,2023,16433006826.9661
Albania,ALB,2022,13570171567.799
Albania,ALB,2021,12927979167.3107
Albania,ALB,2020,11363042882.6507
Albania,ALB,2019,11773977449.948
Albania,ALB,2018,11453757777.3889
Albania,ALB,2017,9980185465.6225
Albania,ALB,2016,9321853593.24969
Albania,ALB,2015,8904037018.65902
Albania,ALB,2014,10411697979.7118
Albania,ALB,2013,9877672544.72631
Algeria,DZA,2023,100747302033.003
Algeria,DZA,2022,85650981663.2596
Algeria,DZA,2021,78912548384.3263
Algeria,DZA,2020,76776334471.2913
Algeria,DZA,2019,82801452806.2917
Algeria,DZA,2018,81186389409.1377
Algeria,DZA,2017,79857872116.7867
Algeria,DZA,2016,74337682806.349
Algeria,DZA,2015,74705541235.0721
Algeria,DZA,2014,85524287296.7785
Algeria,DZA,2013,79098117134.7791
American Samoa,ASM,2023,
American Samoa,ASM,2022,621000000.0
American Samoa,ASM,2021,602000000.0
American Samoa,ASM,2020,533000000.0
American Samoa,ASM,2019,509000000.0
American Samoa,ASM,2018,487000000.0
American Samoa,ASM,2017,471000000.0
American Samoa,ASM,2016,463000000.0
American Samoa,ASM,2015,460000000.0
American Samoa,ASM,2014,463000000.0
American Samoa,ASM,2013,446000000.0
Andorra,AND,2023,
Andorra,AND,2022,
Andorra,AND,2021,
Andorra,AND,2020,
Andorra,AND,2019,
Andorra,AND,2018,
Andorra,AND,2017,
Andorra,AND,2016,
Andorra,AND,2015,
Andorra,AND,2014,
Andorra,AND,2013,
Angola,AGO,2023,62470228482.0689
Angola,AGO,2022,67503380349.1873
Angola,AGO,2021,40045657775.1413
Angola,AGO,2020,32835325996.3476
Angola,AGO,2019,39341390109.4421
Angola,AGO,2018,46623117841.199
Angola,AGO,2017,46017137858.6569
Angola,AGO,2016,32501857396.4247
Angola,AGO,2015,57482738441.628
Angola,AGO,2014,72797832178.5977
Angola,AGO,2013,54585445523.713
Antigua and Barbuda,ATG,2023,
Antigua and Barbuda,ATG,2022,
Antigua and Barbuda,ATG,2021,
Antigua and Barbuda,ATG,2020,
Antigua and Barbuda,ATG,2019,
Antigua and Barbuda,ATG,2018,
Antigua and Barbuda,ATG,2017,
Antigua and Barbuda,ATG,2016,
Antigua and Barbuda,ATG,2015,
Antigua and Barbuda,ATG,2014,
Antigua and Barbuda,ATG,2013,
Argentina,ARG,2023,426275460474.42
Argentina,ARG,2022,417983515859.788
Argentina,ARG,2021,306307486891.723
Argentina,ARG,2020,253449670108.806
Argentina,ARG,2019,296089364842.806
Argentina,ARG,2018,364593335904.847
Argentina,ARG,2017,429554843450.409
Argentina,ARG,2016,366420786669.083
Argentina,ARG,2015,391974496653.948
Argentina,ARG,2014,344124011884.784
Argentina,ARG,2013,364267951166.433
Armenia,ARM,2023,16050194404.8104
Armenia,ARM,2022,13036032088.5074
Armenia,ARM,2021,9895300236.21891
Armenia,ARM,2020,9523700673.8972
Armenia,ARM,2019,11351501702.9135
Armenia,ARM,2018,9941547464.7445
Armenia,ARM,2017,9225424401.06146
Armenia,ARM,2016,8047087721.00397
Armenia,ARM,2015,8222722257.00699
Armenia,ARM,2014,9931611837.78154
Armenia,ARM,2013,9652152750.77837
Aruba,ABW,2023,2048572011.17318
Aruba,ABW,2022,1924065921.78771
Aruba,ABW,2021,1786328491.62011
Aruba,ABW,2020,1536222905.02793
Aruba,ABW,2019,1975166480.44693
Aruba,ABW,2018,1852174860.3352
Aruba,ABW,2017,1727741899.44134
Aruba,ABW,2016,1637759776.53631
Aruba,ABW,2015,1631228491.62011
Aruba,ABW,2014,1608830726.25698
Aruba,ABW,2013,1597425139.6648
Australia,AUS,2023,876316816756.182
Australia,AUS,2022,831768845147.233
Australia,AUS,2021,795156839959.727
Australia,AUS,2020,699531624245.601
Australia,AUS,2019,759166905662.887
Australia,AUS,2018,794697392490.621
Australia,AUS,2017,741878458372.079
Australia,AUS,2016,692585647649.385
Australia,AUS,2015,763170265181.612
Australia,AUS,2014,811077541135.461
Australia,AUS,2013,867601420289.29
Austria,AUT,2023,267068071145.689
Austria,AUT,2022,241109417533.873
Austria,AUT,2021,238562284139.186
Austria,AUT,2020,215417862906.362
Austria,AUT,2019,226116476736.0
Austria,AUT,2018,232823003927.727
Austria,AUT,2017,216188127177.54
Austria,AUT,2016,204060352789.213
Austria,AUT,2015,198182326445.612
Austria,AUT,2014,231442197475.7
Austria,AUT,2013,227025838731.216
Azerbaijan,AZE,2023,39100411764.7059
Azerbaijan,AZE,2022,34173058823.5294
Azerbaijan,AZE,2021,28708411764.7059
Azerbaijan,AZE,2020,25994000000.0
Azerbaijan,AZE,2019,27703411764.7059
Azerbaijan,AZE,2018,25506980224.3154
Azerbaijan,AZE,2017,23533615508.1907
Azerbaijan,AZE,2016,22231127978.4323
Azerbaijan,AZE,2015,30088993952.5496
Azerbaijan,AZE,2014,34187164609.5414
Azerbaijan,AZE,2013,31075495098.4079
"Bahamas, The",BHS,2023,9681400000.0
"Bahamas, The",BHS,2022,8634700000.0
"Bahamas, The",BHS,2021,8026600000.0
"Bahamas, The",BHS,2020,6544900000.0
"Bahamas, The",BHS,2019,8016100000.0
"Bahamas, The",BHS,2018,8469700000.0
"Bahamas, The",BHS,2017,8280500000.0
"Bahamas, The",BHS,2016,7653600000.0
"Bahamas, The",BHS,2015,7538000000.0
"Bahamas, The",BHS,2014,7183900000.0
"Bahamas, The",BHS,2013,6753100000.0
Bahrain,BHR,2023,17953780585.1064
Bahrain,BHR,2022,17160053191.4894
Bahrain,BHR,2021,15498930319.1489
Bahrain,BHR,2020,14586250000.0
Bahrain,BHR,2019,15616752127.6596
Bahrain,BHR,2018,16430582446.8085
Bahrain,BHR,2017,15820666489.3617
Bahrain,BHR,2016,16089441223.4043
Bahrain,BHR,2015,15194334840.4255
Bahrain,BHR,2014,14498627127.6596
Bahrain,BHR,2013,14128572074.4681
Bangladesh,BGD,2023,299958948132.06
Bangladesh,BGD,2022,317843355215.864
Bangladesh,BGD,2021,286292630441.326
Bangladesh,BGD,2020,250383687973.973
Bangladesh,BGD,2019,234894700483.893
Bangladesh,BGD,2018,217207965277.285
Bangladesh,BGD,2017,196542010320.222
Bangladesh,BGD,2016,177340893036.799
Bangladesh,BGD,2015,141358914056.472
Bangladesh,BGD,2014,125468200069.017
Bangladesh,BGD,2013,109270901486.57
Barbados,BRB,2023,
Barbados,BRB,2022,
Barbados,BRB,2021,
Barbados,BRB,2020,
Barbados,BRB,2019,
Barbados,BRB,2018,
Barbados,BRB,2017,
Barbados,BRB,2016,
Barbados,BRB,2015,
Barbados,BRB,2014,
Barbados,BRB,2013,
Belarus,BLR,2023,39089829916.7041
Belarus,BLR,2022,39418719774.5707
Belarus,BLR,2021,35444001299.8907
Belarus,BLR,2020,32057837943.0843
Belarus,BLR,2019,34758098712.9162
Belarus,BLR,2018,32148578136.7172
Belarus,BLR,2017,29801246363.2214
Belarus,BLR,2016,26014004080.293
Belarus,BLR,2015,29851783154.4538
Belarus,BLR,2014,41634725794.9355
Belarus,BLR,2013,38712676167.3639
Belgium,BEL,2023,336443869804.32
Belgium,BEL,2022,305019013095.526
Belgium,BEL,2021,298765997753.096
Belgium,BEL,2020,266176239033.464
Belgium,BEL,2019,278553916586.666
Belgium,BEL,2018,285472842227.608
Belgium,BEL,2017,263313770443.765
Belgium,BEL,2016,248143768791.596
Belgium,BEL,2015,241206549103.828
Belgium,BEL,2014,281973361520.038
Belgium,BEL,2013,276918720519.452
Belize,BLZ,2023,1943535200.0
Belize,BLZ,2022,1834760300.0
Belize,BLZ,2021,1529561150.0
Belize,BLZ,2020,1287451300.0
Belize,BLZ,2019,1475837700.0
Belize,BLZ,2018,1415663800.0
Belize,BLZ,2017,1371840250.0
Belize,BLZ,2016,1365590700.0
Belize,BLZ,2015,1346353050.0
Belize,BLZ,2014,1342707600.0
Belize,BLZ,2013,1290816100.0
Benin,BEN,2023,11926053876.8641
Benin,BEN,2022,10724462312.3124
Benin,BEN,2021,11902119607.5896
Benin,BEN,2020,10675625815.7073
Benin,BEN,2019,9850881045.13919
Benin,BEN,2018,10047825827.7056
Benin,BEN,2017,9224704679.83021
Benin,BEN,2016,8655442793.93978
Benin,BEN,2015,8560727091.70244
Benin,BEN,2014,9693561456.39397
Benin,BEN,2013,9282602693.57889
Bermuda,BMU,2023,3916803000.0
Bermuda,BMU,2022,3933389000.0
Bermuda,BMU,2021,3430266000.0
Bermuda,BMU,2020,3288376000.0
Bermuda,BMU,2019,3576303000.0
Bermuda,BMU,2018,3524565000.0
Bermuda,BMU,2017,3512954000.0
Bermuda,BMU,2016,3368443000.0
Bermuda,BMU,2015,3237728000.0
Bermuda,BMU,2014,3142675000.0
Bermuda,BMU,2013,3135554000.0
Bhutan,BTN,2023,1788433835.66703
Bhutan,BTN,2022,1674519939.3251
Bhutan,BTN,2021,1443214889.98899
Bhutan,BTN,2020,1334802408.49451
Bhutan,BTN,2019,1313275972.35009
Bhutan,BTN,2018,1261955343.21097
Bhutan,BTN,2017,1232001884.04552
Bhutan,BTN,2016,1122982608.92095
Bhutan,BTN,2015,1115829744.7697
Bhutan,BTN,2014,938348163.808088
Bhutan,BTN,2013,734857075.375383
Bolivia,BOL,2023,36097007727.9305
Bolivia,BOL,2022,34404028654.1245
Bolivia,BOL,2021,31498172489.1462
Bolivia,BOL,2020,28730181664.2547
Bolivia,BOL,2019,32823029753.9797
Bolivia,BOL,2018,32005713024.602
Bolivia,BOL,2017,30737626787.2648
Bolivia,BOL,2016,23388629609.2619
Bolivia,BOL,2015,22578642604.9204
Bolivia,BOL,2014,20766959305.3546
Bolivia,BOL,2013,18452846555.7164
Bosnia and Herzegovina,BIH,2023,19235275975.1117
Bosnia and Herzegovina,BIH,2022,16942790021.7606
Bosnia and Herzegovina,BIH,2021,16529568591.3089
Bosnia and Herzegovina,BIH,2020,14858506322.1838
Bosnia and Herzegovina,BIH,2019,15053756884.3205
Bosnia and Herzegovina,BIH,2018,15342302434.844
Bosnia and Herzegovina,BIH,2017,14178071320.3596
Bosnia and Herzegovina,BIH,2016,13574289860.6953
Bosnia and Herzegovina,BIH,2015,13475633005.4233
Bosnia and Herzegovina,BIH,2014,15992472097.8395
Bosnia and Herzegovina,BIH,2013,15745405013.1326
Botswana,BWA,2023,8238651404.56841
Botswana,BWA,2022,8246335063.16858
Botswana,BWA,2021,8119771001.99166
Botswana,BWA,2020,7262241509.91224
Botswana,BWA,2019,7401705497.10219
Botswana,BWA,2018,7403305831.63194
Botswana,BWA,2017,6770932001.67733
Botswana,BWA,2016,6138416267.336
Botswana,BWA,2015,6223841000.1706
Botswana,BWA,2014,6545393575.34907
Botswana,BWA,2013,6646127770.41968
Brazil,BRA,2023,1378754834473.95
Brazil,BRA,2022,1230963321514.26
Brazil,BRA,2021,1025242839640.58
Brazil,BRA,2020,932073163492.48
Brazil,BRA,2019,1220335756226.88
Brazil,BRA,2018,1238647444664.15
Brazil,BRA,2017,1330849670848.65
Brazil,BRA,2016,1153759631662.93
Brazil,BRA,2015,1152781384584.59
Brazil,BRA,2014,1546314587080.4
Brazil,BRA,2013,1526106760481.59
British Virgin Islands,VGB,2023,
British Virgin Islands,VGB,2022,
British Virgin Islands,VGB,2021,
British Virgin Islands,VGB,2020,
British Virgin Islands,VGB,2019,
British Virgin Islands,VGB,2018,
British Virgin Islands,VGB,2017,
British Virgin Islands,VGB,2016,
British Virgin Islands,VGB,2015,
British Virgin Islands,VGB,2014,
British Virgin Islands,VGB,2013,
Brunei Darussalam,BRN,2023,4165446659.91601
Brunei Darussalam,BRN,2022,3879335888.88986
Brunei Darussalam,BRN,2021,3480874485.69623
Brunei Darussalam,BRN,2020,2855170931.71501
Brunei Darussalam,BRN,2019,2757562532.11544
Brunei Darussalam,BRN,2018,2649961339.41326
Brunei Darussalam,BRN,2017,2483314179.03368
Brunei Darussalam,BRN,2016,2411198706.76955
Brunei Darussalam,BRN,2015,2558336285.03954
Brunei Darussalam,BRN,2014,2651680767.77371
Brunei Darussalam,BRN,2013,2761642180.17433
Bulgaria,BGR,2023,58916359137.1963
Bulgaria,BGR,2022,52422749761.5879
Bulgaria,BGR,2021,48868018843.1435
Bulgaria,BGR,2020,40882095166.2084
Bulgaria,BGR,2019,40504764605.9457
Bulgaria,BGR,2018,39450907272.2753
Bulgaria,BGR,2017,35651402230.358
Bulgaria,BGR,2016,32646403268.8744
Bulgaria,BGR,2015,31514421059.4188
Bulgaria,BGR,2014,35851970826.7837
Bulgaria,BGR,2013,34872136540.4317
Burkina Faso,BFA,2023,12885521524.4413
Burkina Faso,BFA,2022,12298553413.6005
Burkina Faso,BFA,2021,12029338142.5653
Burkina Faso,BFA,2020,10677615415.6146
Burkina Faso,BFA,2019,9881903346.30218
Burkina Faso,BFA,2018,10214023184.9314
Burkina Faso,BFA,2017,9389991591.41782
Burkina Faso,BFA,2016,8824040588.95055
Burkina Faso,BFA,2015,8462728354.20114
Burkina Faso,BFA,2014,9791138142.69856
Burkina Faso,BFA,2013,9614876903.20655
Burundi,BDI,2023,1986200811.62555
Burundi,BDI,2022,2471015149.22128
Burundi,BDI,2021,2079988960.38685
Burundi,BDI,2020,1984197695.62711
Burundi,BDI,2019,1991871963.00827
Burundi,BDI,2018,2078126642.56355
Burundi,BDI,2017,2077956387.81166
Burundi,BDI,2016,2051171892.38751
Burundi,BDI,2015,2340974554.61835
Burundi,BDI,2014,2313443360.14762
Burundi,BDI,2013,2183909086.16462
Cabo Verde,CPV,2023,1808107579.35384
Cabo Verde,CPV,2022,1693817525.80074
Cabo Verde,CPV,2021,1547460003.79411
Cabo Verde,CPV,2020,1331846422.21301
Cabo Verde,CPV,2019,1507745856.27181
Cabo Verde,CPV,2018,1510939796.02259
Cabo Verde,CPV,2017,1375026217.46527
Cabo Verde,CPV,2016,1184702059.86644
Cabo Verde,CPV,2015,1091411496.3065
Cabo Verde,CPV,2014,1266376108.72589
Cabo Verde,CPV,2013,1265998424.26796
Cambodia,KHM,2023,25539852954.0739
Cambodia,KHM,2022,24003768085.3782
Cambodia,KHM,2021,23107806075.4289
Cambodia,KHM,2020,22401742182.0112
Cambodia,KHM,2019,24478343152.1963
Cambodia,KHM,2018,23459024343.5293
Cambodia,KHM,2017,21062185689.2521
Cambodia,KHM,2016,19599257060.727
Cambodia,KHM,2015,17948576865.3678
Cambodia,KHM,2014,16786898226.0062
Cambodia,KHM,2013,15513857929.2818
Cameroon,CMR,2023,35956128705.7259
Cameroon,CMR,2022,32386189693.9059
Cameroon,CMR,2021,33103128154.2721
Cameroon,CMR,2020,29896904807.4753
Cameroon,CMR,2019,28817568699.1161
Cameroon,CMR,2018,28630968996.9322
Cameroon,CMR,2017,25763988793.7237
Cameroon,CMR,2016,23939290551.6091
Cameroon,CMR,2015,23532186345.5415
Cameroon,CMR,2014,26134879840.6699
Cameroon,CMR,2013,24109342490.611
Canada,CAN,2023,1220073677750.06
Canada,CAN,2022,1192494568894.2
Canada,CAN,2021,1095418535639.55
Canada,CAN,2020,940822790821.974
Canada,CAN,2019,1007080708725.47
Canada,CAN,2018,998740190327.769
Canada,CAN,2017,956182082022.399
Canada,CAN,2016,893637182491.538
Canada,CAN,2015,899801700032.213
Canada,CAN,2014,1007541877572.65
Canada,CAN,2013,1033371895322.15
Cayman Islands,CYM,2023,
Cayman Islands,CYM,2022,
Cayman Islands,CYM,2021,
Cayman Islands,CYM,2020,
Cayman Islands,CYM,2019,
Cayman Islands,CYM,2018,
Cayman Islands,CYM,2017,
Cayman Islands,CYM,2016,
Cayman Islands,CYM,2015,
Cayman Islands,CYM,2014,
Cayman Islands,CYM,2013,
Central African Republic,CAF,2023,2488154869.41114
Central African Republic,CAF,2022,2319836614.45291
Central African Republic,CAF,2021,2336326940.43481
Central African Republic,CAF,2020,2121975510.67976
Central African Republic,CAF,2019,2134422257.22424
Central African Republic,CAF,2018,2081060347.1343
Central African Republic,CAF,2017,1719132688.97675
Central African Republic,CAF,2016,1533296305.33454
Central African Republic,CAF,2015,1397827551.10505
Central African Republic,CAF,2014,1557949529.57964
Central African Republic,CAF,2013,1413773094.91533
Chad,TCD,2023,11008602061.0161
Chad,TCD,2022,10294358532.1489
Chad,TCD,2021,10476751353.7461
Chad,TCD,2020,9802632362.47379
Chad,TCD,2019,9533742967.89332
Chad,TCD,2018,9957555620.9596
Chad,TCD,2017,9186015662.4374
Chad,TCD,2016,9060072769.81336
Chad,TCD,2015,9143933703.08447
Chad,TCD,2014,10222736969.1909
Chad,TCD,2013,9993407774.89638
Channel Islands,CHI,2023,
Channel Islands,CHI,2022,
Channel Islands,CHI,2021,
Channel Islands,CHI,2020,
Channel Islands,CHI,2019,
Channel Islands,CHI,2018,
Channel Islands,CHI,2017,
Channel Islands,CHI,2016,
Channel Islands,CHI,2015,
Channel Islands,CHI,2014,
Channel Islands,CHI,2013,
Chile,CHL,2023,203111329300.709
Chile,CHL,2022,191173410339.296
Chile,CHL,2021,195654411923.914
Chile,CHL,2020,148455922446.157
Chile,CHL,2019,171616873952.886
Chile,CHL,2018,183607454833.036
Chile,CHL,2017,171431101733.77
Chile,CHL,2016,154992983115.388
Chile,CHL,2015,149774666831.741
Chile,CHL,2014,158961379810.55
Chile,CHL,2013,168339435544.502
China,CHN,2023,7229259522659.38
China,CHN,2022,6919552725347.99
China,CHN,2021,6984714625192.38
China,CHN,2020,5723905762939.11
China,CHN,2019,5729716858571.14
China,CHN,2018,5509633753665.57
China,CHN,2017,4883976412815.67
China,CHN,2016,4486448747365.86
China,CHN,2015,4293541104608.94
China,CHN,2014,3948106222025.01
China,CHN,2013,3520087453383.43
Colombia,COL,2023,269707151368.888
Colombia,COL,2022,254778320126.39
Colombia,COL,2021,231573305940.333
Colombia,COL,2020,191201261950.261
Colombia,COL,2019,221821391058.035
Colombia,COL,2018,227650335361.562
Colombia,COL,2017,213667218936.212
Colombia,COL,2016,195245568700.485
Colombia,COL,2015,200968956292.901
Colombia,COL,2014,251508041806.902
Colombia,COL,2013,250400905347.812
Comoros,COM,2023,1483940667.63092
Comoros,COM,2022,1299390948.44636
Comoros,COM,2021,1280914792.47356
Comoros,COM,2020,1225331729.4239
Comoros,COM,2019,1122021368.30097
Comoros,COM,2018,1094648560.95437
Comoros,COM,2017,992370565.447223
Comoros,COM,2016,938002137.637526
Comoros,COM,2015,901330835.869592
Comoros,COM,2014,1085264466.26072
Comoros,COM,2013,1065586637.35635
"Congo, Dem. Rep.",COD,2023,36086365224.4029
"Congo, Dem. Rep.",COD,2022,35395602996.8112
"Congo, Dem. Rep.",COD,2021,30579648737.2123
"Congo, Dem. Rep.",COD,2020,29342959630.0733
"Congo, Dem. Rep.",COD,2019,29759052304.0372
"Congo, Dem. Rep.",COD,2018,27760312004.4051
"Congo, Dem. Rep.",COD,2017,22942769111.6254
"Congo, Dem. Rep.",COD,2016,23940346585.1375
"Congo, Dem. Rep.",COD,2015,24186392013.8763
"Congo, Dem. Rep.",COD,2014,23317613707.6945
"Congo, Dem. Rep.",COD,2013,21615496210.7572
"Congo, Rep.",COG,2023,6757854311.06645
"Congo, Rep.",COG,2022,5966348890.50006
"Congo, Rep.",COG,2021,6378848203.48306
"Congo, Rep.",COG,2020,5351130801.03468
"Congo, Rep.",COG,2019,5595846343.99081
"Congo, Rep.",COG,2018,4894727405.031
"Congo, Rep.",COG,2017,4107810681.61181
"Congo, Rep.",COG,2016,4978935273.84144
"Congo, Rep.",COG,2015,4913985988.14599
"Congo, Rep.",COG,2014,5080402553.21374
"Congo, Rep.",COG,2013,4668671300.70947
Costa Rica,CRI,2023,56989510662.8797
Costa Rica,CRI,2022,45962278972.4799
Costa Rica,CRI,2021,42178007860.7605
Costa Rica,CRI,2020,39713604624.4966
Costa Rica,CRI,2019,41941040267.9748
Costa Rica,CRI,2018,40767838777.8138
Costa Rica,CRI,2017,39410189639.8548
Costa Rica,CRI,2016,37697792456.406
Costa Rica,CRI,2015,36658055565.361
Costa Rica,CRI,2014,34450964348.8059
Costa Rica,CRI,2013,33709555511.8601
Cote d'Ivoire,CIV,2023,56659039298.9429
Cote d'Ivoire,CIV,2022,47785900108.9909
Cote d'Ivoire,CIV,2021,48760410414.0858
Cote d'Ivoire,CIV,2020,42160085181.3623
Cote d'Ivoire,CIV,2019,40167915396.3948
Cote d'Ivoire,CIV,2018,39999513328.4296
Cote d'Ivoire,CIV,2017,34962135547.378
Cote d'Ivoire,CIV,2016,31282187564.1526
Cote d'Ivoire,CIV,2015,29902994240.1444
Cote d'Ivoire,CIV,2014,
Cote d'Ivoire,CIV,2013,
Croatia,HRV,2023,48440834509.8048
Croatia,HRV,2022,42034690017.9852
Croatia,HRV,2021,39944507718.8911
Croatia,HRV,2020,33938204666.3461
Croatia,HRV,2019,34881377790.9132
Croatia,HRV,2018,34964688097.8813
Croatia,HRV,2017,31898200501.3607
Croatia,HRV,2016,30032410031.1703
Croatia,HRV,2015,29504930062.6756
Croatia,HRV,2014,35308856175.33
Croatia,HRV,2013,36315583268.5884
Cuba,CUB,2023,
Cuba,CUB,2022,
Cuba,CUB,2021,
Cuba,CUB,2020,54345000000.0
Cuba,CUB,2019,56540000000.0
Cuba,CUB,2018,55987000000.0
Cuba,CUB,2017,54221100000.0
Cuba,CUB,2016,51028700000.0
Cuba,CUB,2015,48553900000.0
Cuba,CUB,2014,44432000000.0
Cuba,CUB,2013,41878000000.0
Curacao,CUW,2023,
Curacao,CUW,2022,
Curacao,CUW,2021,
Curacao,CUW,2020,
Curacao,CUW,2019,
Curacao,CUW,2018,2230837988.82682
Curacao,CUW,2017,2230614525.13966
Curacao,CUW,2016,2067486033.51955
Curacao,CUW,2015,2117765363.12849
Curacao,CUW,2014,2173687150.83799
Curacao,CUW,2013,2219273743.01676
Cyprus,CYP,2023,20360137958.5631
Cyprus,CYP,2022,18054212463.6246
Cyprus,CYP,2021,17276693389.2284
Cyprus,CYP,2020,15723033032.4919
Cyprus,CYP,2019,16625134590.2274
Cyprus,CYP,2018,16726438571.0172
Cyprus,CYP,2017,14897906618.0718
Cyprus,CYP,2016,13788097669.6821
Cyprus,CYP,2015,13400895295.7762
Cyprus,CYP,2014,15951656984.4603
Cyprus,CYP,2013,16061244884.0926
Czechia,CZE,2023,163117506391.318
Czechia,CZE,2022,146581367470.137
Czechia,CZE,2021,137464945528.911
Czechia,CZE,2020,118246722891.826
Czechia,CZE,2019,124196797087.072
Czechia,CZE,2018,123550772935.929
Czechia,CZE,2017,107816053273.254
Czechia,CZE,2016,95834696654.0392
Czechia,CZE,2015,90967833731.3888
Czechia,CZE,2014,103451282668.915
Czechia,CZE,2013,107022308141.045
Denmark,DNK,2023,180111625072.406
Denmark,DNK,2022,174658124219.985
Denmark,DNK,2021,186477915319.094
Denmark,DNK,2020,166560942331.179
Denmark,DNK,2019,165202847792.792
Denmark,DNK,2018,170040571612.527
Denmark,DNK,2017,155983007656.208
Denmark,DNK,2016,147538459579.897
Denmark,DNK,2015,142828305756.257
Denmark,DNK,2014,167612186204.521
Denmark,DNK,2013,166853158151.201
Djibouti,DJI,2023,2770211614.83449
Djibouti,DJI,2022,2593390317.9703
Djibouti,DJI,2021,2563378344.14616
Djibouti,DJI,2020,2260007575.91956
Djibouti,DJI,2019,2020451169.52977
Djibouti,DJI,2018,1836120428.08672
Djibouti,DJI,2017,1722880586.98747
Djibouti,DJI,2016,1598872039.32006
Djibouti,DJI,2015,1492350011.53493
Djibouti,DJI,2014,1343673510.72749
Djibouti,DJI,2013,1192487100.56774
Dominica,DMA,2023,
Dominica,DMA,2022,
Dominica,DMA,2021,
Dominica,DMA,2020,
Dominica,DMA,2019,
Dominica,DMA,2018,
Dominica,DMA,2017,
Dominica,DMA,2016,
Dominica,DMA,2015,
Dominica,DMA,2014,
Dominica,DMA,2013,
Dominican Republic,DOM,2023,82035129159.7219
Dominican Republic,DOM,2022,77956549622.8287
Dominican Republic,DOM,2021,64632722127.7418
Dominican Republic,DOM,2020,55181346796.7971
Dominican Republic,DOM,2019,61143725953.9738
Dominican Republic,DOM,2018,58647450933.7943
Dominican Republic,DOM,2017,55785163781.9533
Dominican Republic,DOM,2016,53526719234.9049
Dominican Republic,DOM,2015,50603080993.7304
Dominican Republic,DOM,2014,48219839721.8735
Dominican Republic,DOM,2013,45960006601.8251
Ecuador,ECU,2023,79155240000.0
Ecuador,ECU,2022,74428140000.0
Ecuador,ECU,2021,68528504000.0
Ecuador,ECU,2020,60888654000.0
Ecuador,ECU,2019,68594786000.0
Ecuador,ECU,2018,67523021000.0
Ecuador,ECU,2017,65677273000.0
Ecuador,ECU,2016,62041043000.0
Ecuador,ECU,2015,62465713000.0
Ecuador,ECU,2014,60881624000.0
Ecuador,ECU,2013,57508909000.0
"Egypt, Arab Rep.",EGY,2023,312623076305.887
"Egypt, Arab Rep.",EGY,2022,379896656534.954
"Egypt, Arab Rep.",EGY,2021,352326322498.407
"Egypt, Arab Rep.",EGY,2020,310212102308.172
"Egypt, Arab Rep.",EGY,2019,254612756264.237
"Egypt, Arab Rep.",EGY,2018,213680360157.569
"Egypt, Arab Rep.",EGY,2017,209843750000.0
"Egypt, Arab Rep.",EGY,2016,276220858895.706
"Egypt, Arab Rep.",EGY,2015,271495956873.315
"Egypt, Arab Rep.",EGY,2014,253457675753.228
"Egypt, Arab Rep.",EGY,2013,232976744186.047
El Salvador,SLV,2023,27755870000.0
El Salvador,SLV,2022,25671890000.0
El Salvador,SLV,2021,23693520000.0
El Salvador,SLV,2020,20060930000.0
El Salvador,SLV,2019,21976230000.0
El Salvador,SLV,2018,21671130000.0
El Salvador,SLV,2017,20841390000.0
El Salvador,SLV,2016,20228380000.0
El Salvador,SLV,2015,19939740000.0
El Salvador,SLV,2014,19576630000.0
El Salvador,SLV,2013,19280830000.0
Equatorial Guinea,GNQ,2023,6675111971.87133
Equatorial Guinea,GNQ,2022,6348140147.0019
Equatorial Guinea,GNQ,2021,6471476098.59455
Equatorial Guinea,GNQ,2020,6016784581.1331
Equatorial Guinea,GNQ,2019,6394020451.70296
Equatorial Guinea,GNQ,2018,6337287688.67224
Equatorial Guinea,GNQ,2017,5731427388.03949
Equatorial Guinea,GNQ,2016,5367384175.05545
Equatorial Guinea,GNQ,2015,5134187990.98255
Equatorial Guinea,GNQ,2014,6045775563.47366
Equatorial Guinea,GNQ,2013,5667313486.35325
Eritrea,ERI,2023,
Eritrea,ERI,2022,
Eritrea,ERI,2021,
Eritrea,ERI,2020,
Eritrea,ERI,2019,
Eritrea,ERI,2018,
Eritrea,ERI,2017,
Eritrea,ERI,2016,
Eritrea,ERI,2015,
Eritrea,ERI,2014,
Eritrea,ERI,2013,
Estonia,EST,2023,22236240666.4416
Estonia,EST,2022,20181430736.4242
Estonia,EST,2021,18738563960.7051
Estonia,EST,2020,16169295905.4351
Estonia,EST,2019,16204970058.7843
Estonia,EST,2018,15941572660.938
Estonia,EST,2017,14063920619.2236
Estonia,EST,2016,12874621448.1981
Estonia,EST,2015,12183287002.2691
Estonia,EST,2014,13903939088.0388
Estonia,EST,2013,13253761395.2373
Eswatini,SWZ,2023,2887201597.3909
Eswatini,SWZ,2022,2919267934.67635
Eswatini,SWZ,2021,2834409222.21392
Eswatini,SWZ,2020,2327107077.14561
Eswatini,SWZ,2019,2731365037.22826
Eswatini,SWZ,2018,2795234386.44723
Eswatini,SWZ,2017,2603187637.85317
Eswatini,SWZ,2016,2115251436.62875
Eswatini,SWZ,2015,2290157692.82066
Eswatini,SWZ,2014,2640150890.25212
Eswatini,SWZ,2013,2972739215.59854
Ethiopia,ETH,2023,107230732526.856
Ethiopia,ETH,2022,95315050188.1566
Ethiopia,ETH,2021,78771613388.3721
Ethiopia,ETH,2020,69116465975.819
Ethiopia,ETH,2019,63074073108.6689
Ethiopia,ETH,2018,54723187261.3636
Ethiopia,ETH,2017,50806919600.0
Ethiopia,ETH,2016,45513738921.3974
Ethiopia,ETH,2015,44245229641.1483
Ethiopia,ETH,2014,39047861935.9168
Ethiopia,ETH,2013,35005782229.7521
Faroe Islands,FRO,2023,1600751246.1758
Faroe Islands,FRO,2022,1476635917.80355
Faroe Islands,FRO,2021,1560302776.69179
Faroe Islands,FRO,2020,1425050961.82418
Faroe Islands,FRO,2019,1367354744.70372
Faroe Islands,FRO,2018,1374999821.84198
Faroe Islands,FRO,2017,1295810790.81548
Faroe Islands,FRO,2016,1284486367.37308
Faroe Islands,FRO,2015,1208518488.73654
Faroe Islands,FRO,2014,1418930391.92925
Faroe Islands,FRO,2013,1376810974.88886
Fiji,FJI,2023,3823476473.52925
Fiji,FJI,2022,3797571280.54921
Fiji,FJI,2021,3043127391.47884
Fiji,FJI,2020,3087737256.23097
Fiji,FJI,2019,3661787461.81829
Fiji,FJI,2018,3700332474.20211
Fiji,FJI,2017,3441572422.13487
Fiji,FJI,2016,3146614114.88827
Fiji,FJI,2015,2853744463.99031
Fiji,FJI,2014,3169584787.0951
Fiji,FJI,2013,2766637867.32063
Finland,FIN,2023,151334357098.042
Finland,FIN,2022,141640307071.985
Finland,FIN,2021,148146503019.377
Finland,FIN,2020,135604948642.802
Finland,FIN,2019,137110999011.764
Finland,FIN,2018,142643952375.686
Finland,FIN,2017,133189410705.883
Finland,FIN,2016,128601110552.919
Finland,FIN,2015,126371299216.406
Finland,FIN,2014,148591484224.705
Finland,FIN,2013,145884469781.569
France,FRA,2023,1670309715724.54
France,FRA,2022,1511496100669.66
France,FRA,2021,1567257345791.84
France,FRA,2020,1418763819742.88
France,FRA,2019,1473206513201.57
France,FRA,2018,1516239540873.25
France,FRA,2017,1408313310699.18
France,FRA,2016,1349546901444.98
France,FRA,2015,1327030230001.09
France,FRA,2014,1559776828853.33
France,FRA,2013,1541555506508.51
French Polynesia,PYF,2023,4508498002.18258
French Polynesia,PYF,2022,4156004677.25015
French Polynesia,PYF,2021,4364581945.8587
French Polynesia,PYF,2020,3956046172.51387
French Polynesia,PYF,2019,3973085986.58093
French Polynesia,PYF,2018,3979947038.80939
French Polynesia,PYF,2017,3764502630.51125
French Polynesia,PYF,2016,3564718950.60884
French Polynesia,PYF,2015,3480081314.89565
French Polynesia,PYF,2014,4089827105.31617
French Polynesia,PYF,2013,4065332237.74708
Gabon,GAB,2023,6685090126.23857
Gabon,GAB,2022,6146854786.31137
Gabon,GAB,2021,6649439900.86752
Gabon,GAB,2020,6429020661.99473
Gabon,GAB,2019,6357215782.35636
Gabon,GAB,2018,6513218333.09809
Gabon,GAB,2017,5967277898.5175
Gabon,GAB,2016,5671152360.24215
Gabon,GAB,2015,5442339301.95339
Gabon,GAB,2014,6278553005.78525
Gabon,GAB,2013,5680506393.13708
"Gambia, The",GMB,2023,2211034508.77909
"Gambia, The",GMB,2022,2018443312.94091
"Gambia, The",GMB,2021,1830610456.7738
"Gambia, The",GMB,2020,1590021309.99273
"Gambia, The",GMB,2019,1567081164.86722
"Gambia, The",GMB,2018,1478523130.84743
"Gambia, The",GMB,2017,1294574839.75864
"Gambia, The",GMB,2016,1172567019.84261
"Gambia, The",GMB,2015,1125435952.79071
"Gambia, The",GMB,2014,1074842339.25212
"Gambia, The",GMB,2013,1176742702.45109
Georgia,GEO,2023,21996831224.279
Georgia,GEO,2022,18274142137.0276
Georgia,GEO,2021,15355279393.9582
Georgia,GEO,2020,12788257902.6916
Georgia,GEO,2019,12150966231.5551
Georgia,GEO,2018,12396162556.7173
Georgia,GEO,2017,11830102066.4328
Georgia,GEO,2016,10940857176.0555
Georgia,GEO,2015,11456738649.353
Georgia,GEO,2014,13640173543.4824
Georgia,GEO,2013,13241211891.6644
Germany,DEU,2023,2398806343954.94
Germany,DEU,2022,2205114386659.54
Germany,DEU,2021,2178227991523.22
Germany,DEU,2020,1997437147251.37
Germany,DEU,2019,2087948700352.94
Germany,DEU,2018,2135752688116.86
Germany,DEU,2017,1981212253670.59
Germany,DEU,2016,1881000308161.87
Germany,DEU,2015,1831035780475.78
Germany,DEU,2014,2131893034616.46
Germany,DEU,2013,2087468200019.22
Ghana,GHA,2023,68650427211.5376
Ghana,GHA,2022,57455010577.6267
Ghana,GHA,2021,61667449004.0896
Ghana,GHA,2020,54233692739.5117
Ghana,GHA,2019,52108711376.4529
Ghana,GHA,2018,48584532811.7433
Ghana,GHA,2017,46057185838.9145
Ghana,GHA,2016,40506865840.2326
Ghana,GHA,2015,36320098978.323
Ghana,GHA,2014,39335681669.2315
Ghana,GHA,2013,47965599628.4114
Gibraltar,GIB,2023,
Gibraltar,GIB,2022,
Gibraltar,GIB,2021,
Gibraltar,GIB,2020,
Gibraltar,GIB,2019,
Gibraltar,GIB,2018,
Gibraltar,GIB,2017,
Gibraltar,GIB,2016,
Gibraltar,GIB,2015,
Gibraltar,GIB,2014,
Gibraltar,GIB,2013,
Greece,GRC,2023,168075451116.125
Greece,GRC,2022,154669326153.351
Greece,GRC,2021,149424322640.242
Greece,GRC,2020,135984596354.279
Greece,GRC,2019,143751682622.314
Greece,GRC,2018,147685453082.812
Greece,GRC,2017,138042789904.12
Greece,GRC,2016,131484633010.38
Greece,GRC,2015,132472582720.291
Greece,GRC,2014,160091574211.072
Greece,GRC,2013,163718980684.317
Greenland,GRL,2023,1084023505.80279
Greenland,GRL,2022,1029585006.08805
Greenland,GRL,2021,1126622028.26639
Greenland,GRL,2020,1053491267.09376
Greenland,GRL,2019,1050341954.88771
Greenland,GRL,2018,1099591281.75429
Greenland,GRL,2017,1049267343.87487
Greenland,GRL,2016,1014287883.12285
Greenland,GRL,2015,992463183.572543
Greenland,GRL,2014,1185272002.49017
Greenland,GRL,2013,1142760587.37478
Grenada,GRD,2023,
Grenada,GRD,2022,
Grenada,GRD,2021,
Grenada,GRD,2020,
Grenada,GRD,2019,
Grenada,GRD,2018,
Grenada,GRD,2017,
Grenada,GRD,2016,
Grenada,GRD,2015,
Grenada,GRD,2014,
Grenada,GRD,2013,
Guam,GUM,2023,
Guam,GUM,2022,4140000000.0
Guam,GUM,2021,3828000000.0
Guam,GUM,2020,3567000000.0
Guam,GUM,2019,3636000000.0
Guam,GUM,2018,3604000000.0
Guam,GUM,2017,3549000000.0
Guam,GUM,2016,3384000000.0
Guam,GUM,2015,3287000000.0
Guam,GUM,2014,3260000000.0
Guam,GUM,2013,3218000000.0
Guatemala,GTM,2023,91088847332.7414
Guatemala,GTM,2022,84541366017.9003
Guatemala,GTM,2021,74363181159.2591
Guatemala,GTM,2020,64880894756.9496
Guatemala,GTM,2019,65485302138.6574
Guatemala,GTM,2018,62888127471.6009
Guatemala,GTM,2017,60841488068.9674
Guatemala,GTM,2016,55857557108.6971
Guatemala,GTM,2015,52433656855.1951
Guatemala,GTM,2014,49329377296.3127
Guatemala,GTM,2013,45342876641.8551
Guinea,GIN,2023,15830268377.0635
Guinea,GIN,2022,14373938515.1391
Guinea,GIN,2021,11811822138.6341
Guinea,GIN,2020,10270093984.0529
Guinea,GIN,2019,9840219193.52677
Guinea,GIN,2018,8719743236.01285
Guinea,GIN,2017,7679963002.33722
Guinea,GIN,2016,7181323751.14049
Guinea,GIN,2015,7543994455.79384
Guinea,GIN,2014,7267278824.6825
Guinea,GIN,2013,7129991549.78281
Guinea-Bissau,GNB,2023,1503764400.71402
Guinea-Bissau,GNB,2022,1399736818.84268
Guinea-Bissau,GNB,2021,1332365609.89164
Guinea-Bissau,GNB,2020,1139820420.23416
Guinea-Bissau,GNB,2019,1149734102.19889
Guinea-Bissau,GNB,2018,1070333783.99903
Guinea-Bissau,GNB,2017,1014218813.4384
Guinea-Bissau,GNB,2016,903593639.422401
Guinea-Bissau,GNB,2015,839678919.884972
Guinea-Bissau,GNB,2014,861898648.876767
Guinea-Bissau,GNB,2013,878796114.855921
Guyana,GUY,2023,
Guyana,GUY,2022,
Guyana,GUY,2021,
Guyana,GUY,2020,
Guyana,GUY,2019,
Guyana,GUY,2018,
Guyana,GUY,2017,
Guyana,GUY,2016,
Guyana,GUY,2015,
Guyana,GUY,2014,
Guyana,GUY,2013,
Haiti,HTI,2023,19324405237.0587
Haiti,HTI,2022,19942289475.5773
Haiti,HTI,2021,20581637998.5086
Haiti,HTI,2020,14087009412.0614
Haiti,HTI,2019,14506144112.7705
Haiti,HTI,2018,16238542108.2354
Haiti,HTI,2017,14355481019.888
Haiti,HTI,2016,13542011460.1174
Haiti,HTI,2015,14265686251.21
Haiti,HTI,2014,14568448756.6204
Haiti,HTI,2013,14097964628.9884
Honduras,HND,2023,29868549044.7042
Honduras,HND,2022,27409105347.8426
Honduras,HND,2021,23848629211.6866
Honduras,HND,2020,18897353705.3572
Honduras,HND,2019,20447045007.4564
Honduras,HND,2018,19400342086.4765
Honduras,HND,2017,17885775007.2338
Honduras,HND,2016,16700061283.0697
Honduras,HND,2015,16260945743.1987
Honduras,HND,2014,15871143677.4812
Honduras,HND,2013,15156635040.5986
"Hong Kong SAR, China",HKG,2023,266625821579.514
"Hong Kong SAR, China",HKG,2022,237951829151.736
"Hong Kong SAR, China",HKG,2021,239735503167.916
"Hong Kong SAR, China",HKG,2020,228845717526.943
"Hong Kong SAR, China",HKG,2019,251881177403.997
"Hong Kong SAR, China",HKG,2018,247040505198.699
"Hong Kong SAR, China",HKG,2017,228965636708.926
"Hong Kong SAR, China",HKG,2016,212580244130.246
"Hong Kong SAR, China",HKG,2015,205513722707.776
"Hong Kong SAR, China",HKG,2014,193803445230.081
"Hong Kong SAR, China",HKG,2013,182189014956.163
Hungary,HUN,2023,104759510604.051
Hungary,HUN,2022,89189362915.5811
Hungary,HUN,2021,89142329335.375
Hungary,HUN,2020,78746826264.3534
Hungary,HUN,2019,81028411202.0918
Hungary,HUN,2018,79316497560.5543
Hungary,HUN,2017,71843295275.1124
Hungary,HUN,2016,64272612098.4644
Hungary,HUN,2015,61204435574.0918
Hungary,HUN,2014,70408970987.5967
Hungary,HUN,2013,70628976955.2292
Iceland,ISL,2023,15430293367.6922
Iceland,ISL,2022,14522050998.9722
Iceland,ISL,2021,13441566726.8013
Iceland,ISL,2020,11290794877.7562
Iceland,ISL,2019,12331048070.0594
Iceland,ISL,2018,13211266849.1793
Iceland,ISL,2017,12395253004.4436
Iceland,ISL,2016,10244766107.3894
Iceland,ISL,2015,8702490993.50993
Iceland,ISL,2014,9352315913.26418
Iceland,ISL,2013,8474466576.69349
India,IND,2023,1978122541496.63
India,IND,2022,1856917335539.97
India,IND,2021,1930463468899.9
India,IND,2020,1634284260295.02
India,IND,2019,1727204283214.7
India,IND,2018,1602521651332.49
India,IND,2017,1557082229430.68
India,IND,2016,1360706267075.67
India,IND,2015,1241270296331.75
India,IND,2014,1185297671140.85
India,IND,2013,1070321337241.86
Indonesia,IDN,2023,746328378694.142
Indonesia,IDN,2022,699718159840.626
Indonesia,IDN,2021,660041259479.635
Indonesia,IDN,2020,624142240218.418
Indonesia,IDN,2019,648299754543.782
Indonesia,IDN,2018,593885231701.263
Indonesia,IDN,2017,581701454950.332
Indonesia,IDN,2016,538874867132.174
Indonesia,IDN,2015,494560910751.042
Indonesia,IDN,2014,509003681729.74
Indonesia,IDN,2013,518582560789.161
"Iran, Islamic Rep.",IRN,2023,198992315958.344
"Iran, Islamic Rep.",IRN,2022,178736173497.986
"Iran, Islamic Rep.",IRN,2021,169075661518.58
"Iran, Islamic Rep.",IRN,2020,122228756874.979
"Iran, Islamic Rep.",IRN,2019,164524712643.691
"Iran, Islamic Rep.",IRN,2018,192342218849.993
"Iran, Islamic Rep.",IRN,2017,240508603716.283
"Iran, Islamic Rep.",IRN,2016,235558397600.43
"Iran, Islamic Rep.",IRN,2015,218596709099.287
"Iran, Islamic Rep.",IRN,2014,218886900431.808
"Iran, Islamic Rep.",IRN,2013,234420567683.706
Iraq,IRQ,2023,109980411552.347
Iraq,IRQ,2022,91168585241.3793
Iraq,IRQ,2021,84596831200.6669
Iraq,IRQ,2020,94600408165.9163
Iraq,IRQ,2019,100386955329.949
Iraq,IRQ,2018,98991424984.1471
Iraq,IRQ,2017,96333091722.973
Iraq,IRQ,2016,94765439796.7824
Iraq,IRQ,2015,92858245229.2571
Iraq,IRQ,2014,96086015780.446
Iraq,IRQ,2013,90649009777.0154
Ireland,IRL,2023,155375514254.187
Ireland,IRL,2022,133352144550.95
Ireland,IRL,2021,125717384794.044
Ireland,IRL,2020,108304076733.435
Ireland,IRL,2019,118270005683.168
Ireland,IRL,2018,119446550330.241
Ireland,IRL,2017,106678783760.192
Ireland,IRL,2016,100128040324.957
Ireland,IRL,2015,95772601290.8433
Ireland,IRL,2014,110592970130.831
Ireland,IRL,2013,106597909435.912
Isle of Man,IMN,2023,
Isle of Man,IMN,2022,
Isle of Man,IMN,2021,
Isle of Man,IMN,2020,
Isle of Man,IMN,2019,
Isle of Man,IMN,2018,
Isle of Man,IMN,2017,
Isle of Man,IMN,2016,
Isle of Man,IMN,2015,
Isle of Man,IMN,2014,
Isle of Man,IMN,2013,
Israel,ISR,2023,248124770568.002
Israel,ISR,2022,258888308905.471
Israel,ISR,2021,239247332157.393
Israel,ISR,2020,199221748534.956
Israel,ISR,2019,208478997841.481
Israel,ISR,2018,197892778194.233
Israel,ISR,2017,189047080646.896
Israel,ISR,2016,171151559405.296
Israel,ISR,2015,160666485399.426
Israel,ISR,2014,169374520706.834
Israel,ISR,2013,161124984363.857
Italy,ITA,2023,1331525548102.96
Italy,ITA,2022,1228395241928.21
Italy,ITA,2021,1227330684233.7
Italy,ITA,2020,1103612838608.72
Italy,ITA,2019,1206570858088.63
Italy,ITA,2018,1261807143172.23
Italy,ITA,2017,1185113163214.47
Italy,ITA,2016,1131976903533.15
Italy,ITA,2015,1120057479234.92
Italy,ITA,2014,1314992588338.82
Italy,ITA,2013,1307621060704.67
Jamaica,JAM,2023,
Jamaica,JAM,2022,
Jamaica,JAM,2021,
Jamaica,JAM,2020,
Jamaica,JAM,2019,
Jamaica,JAM,2018,
Jamaica,JAM,2017,
Jamaica,JAM,2016,
Jamaica,JAM,2015,
Jamaica,JAM,2014,
Jamaica,JAM,2013,
Japan,JPN,2023,2350182323673.81
Japan,JPN,2022,2426093623251.15
Japan,JPN,2021,2751128059809.15
Japan,JPN,2020,2747044228925.89
Japan,JPN,2019,2807170331833.64
Japan,JPN,2018,2769916622806.99
Japan,JPN,2017,2702240596641.06
Japan,JPN,2016,2748156358285.26
Japan,JPN,2015,2486257362140.53
Japan,JPN,2014,2823491606480.65
Japan,JPN,2013,3025230888448.74
Jordan,JOR,2023,
Jordan,JOR,2022,
Jordan,JOR,2021,
Jordan,JOR,2020,
Jordan,JOR,2019,
Jordan,JOR,2018,
Jordan,JOR,2017,
Jordan,JOR,2016,
Jordan,JOR,2015,
Jordan,JOR,2014,
Jordan,JOR,2013,
Kazakhstan,KAZ,2023,135304211195.51
Kazakhstan,KAZ,2022,111478913433.225
Kazakhstan,KAZ,2021,101789326555.649
Kazakhstan,KAZ,2020,90680317623.2022
Kazakhstan,KAZ,2019,94973526541.6404
Kazakhstan,KAZ,2018,93432651602.3882
Kazakhstan,KAZ,2017,87719804486.6258
Kazakhstan,KAZ,2016,74877521919.5698
Kazakhstan,KAZ,2015,99049420535.7148
Kazakhstan,KAZ,2014,107347834428.037
Kazakhstan,KAZ,2013,118072596164.285
Kenya,KEN,2023,82726093225.2635
Kenya,KEN,2022,86623962405.3042
Kenya,KEN,2021,82822041208.1252
Kenya,KEN,2020,76941963224.6941
Kenya,KEN,2019,77715659624.2162
Kenya,KEN,2018,71091178701.7248
Kenya,KEN,2017,63917075528.6203
Kenya,KEN,2016,57164247777.3543
Kenya,KEN,2015,52952688101.5328
Kenya,KEN,2014,51943671450.1249
Kenya,KEN,2013,47176778658.3168
Kiribati,KIR,2023,326323936.81279
Kiribati,KIR,2022,294467567.111233
Kiribati,KIR,2021,275010355.594856
Kiribati,KIR,2020,198489289.467729
Kiribati,KIR,2019,196428147.947967
Kiribati,KIR,2018,199661464.481789
Kiribati,KIR,2017,204029712.789651
Kiribati,KIR,2016,184157390.571314
Kiribati,KIR,2015,172228324.155391
Kiribati,KIR,2014,179634619.146303
Kiribati,KIR,2013,180756639.761045
"Korea, Dem. People's Rep.",PRK,2023,
"Korea, Dem. People's Rep.",PRK,2022,
"Korea, Dem. People's Rep.",PRK,2021,
"Korea, Dem. People's Rep.",PRK,2020,
"Korea, Dem. People's Rep.",PRK,2019,
"Korea, Dem. People's Rep.",PRK,2018,
"Korea, Dem. People's Rep.",PRK,2017,
"Korea, Dem. People's Rep.",PRK,2016,
"Korea, Dem. People's Rep.",PRK,2015,
"Korea, Dem. People's Rep.",PRK,2014,
"Korea, Dem. People's Rep.",PRK,2013,
"Korea, Rep.",KOR,2023,921453055441.203
"Korea, Rep.",KOR,2022,882264230583.205
"Korea, Rep.",KOR,2021,915049297972.983
"Korea, Rep.",KOR,2020,833785067736.437
"Korea, Rep.",KOR,2019,877375998352.437
"Korea, Rep.",KOR,2018,901433723520.863
"Korea, Rep.",KOR,2017,837224429903.144
"Korea, Rep.",KOR,2016,777728873353.191
"Korea, Rep.",KOR,2015,766423700376.453
"Korea, Rep.",KOR,2014,794974070134.114
"Korea, Rep.",KOR,2013,739444329018.957
Kosovo,XKX,2023,8805254841.67859
Kosovo,XKX,2022,8031467172.80937
Kosovo,XKX,2021,7811718255.86809
Kosovo,XKX,2020,6566464870.82025
Kosovo,XKX,2019,6326042985.34901
Kosovo,XKX,2018,6288122192.44705
Kosovo,XKX,2017,5689814345.87648
Kosovo,XKX,2016,5463567502.28173
Kosovo,XKX,2015,5356321044.70664
Kosovo,XKX,2014,6267145324.46625
Kosovo,XKX,2013,5802545057.09727
Kuwait,KWT,2023,63343944887.0661
Kuwait,KWT,2022,59790958432.4996
Kuwait,KWT,2021,57396933543.5405
Kuwait,KWT,2020,50810330695.908
Kuwait,KWT,2019,56574340521.2591
Kuwait,KWT,2018,54952726556.187
Kuwait,KWT,2017,52252040217.5705
Kuwait,KWT,2016,49483025250.1349
Kuwait,KWT,2015,47609508329.677
Kuwait,KWT,2014,47136861969.2375
Kuwait,KWT,2013,43794874977.5203
Kyrgyz Republic,KGZ,2023,13400006961.3814
Kyrgyz Republic,KGZ,2022,10761962858.3907
Kyrgyz Republic,KGZ,2021,7910191373.14144
Kyrgyz Republic,KGZ,2020,6320767534.88569
Kyrgyz Republic,KGZ,2019,7246816416.06945
Kyrgyz Republic,KGZ,2018,6822485717.67243
Kyrgyz Republic,KGZ,2017,6322533275.45918
Kyrgyz Republic,KGZ,2016,5641203874.48214
Kyrgyz Republic,KGZ,2015,6046860893.8448
Kyrgyz Republic,KGZ,2014,7169289972.43787
Kyrgyz Republic,KGZ,2013,7128233606.55306
Lao PDR,LAO,2023,
Lao PDR,LAO,2022,
Lao PDR,LAO,2021,
Lao PDR,LAO,2020,
Lao PDR,LAO,2019,
Lao PDR,LAO,2018,
Lao PDR,LAO,2017,
Lao PDR,LAO,2016,10453643444.5525
Lao PDR,LAO,2015,10275931664.7813
Lao PDR,LAO,2014,9636582076.23652
Lao PDR,LAO,2013,8880988764.12539
Latvia,LVA,2023,24799183588.0436
Latvia,LVA,2022,22614187912.432
Latvia,LVA,2021,21248688989.8214
Latvia,LVA,2020,18505078952.8639
Latvia,LVA,2019,18999589282.4
Latvia,LVA,2018,19423842595.4063
Latvia,LVA,2017,17468221622.6047
Latvia,LVA,2016,16186349374.8619
Latvia,LVA,2015,15506713038.7441
Latvia,LVA,2014,18211011698.327
Latvia,LVA,2013,17897994640.3064
Lebanon,LBN,2023,27314358309.6425
Lebanon,LBN,2022,29469208905.489
Lebanon,LBN,2021,27540367673.3305
Lebanon,LBN,2020,31758649945.7701
Lebanon,LBN,2019,48320280146.7181
Lebanon,LBN,2018,48820796311.1111
Lebanon,LBN,2017,47515405383.7479
Lebanon,LBN,2016,45083583340.6302
Lebanon,LBN,2015,45338426841.791
Lebanon,LBN,2014,45494064451.0779
Lebanon,LBN,2013,43289581011.6086
Lesotho,LSO,2023,1966830070.10639
Lesotho,LSO,2022,2043470554.54705
Lesotho,LSO,2021,2019819025.7613
Lesotho,LSO,2020,1823685054.56402
Lesotho,LSO,2019,1998887692.06503
Lesotho,LSO,2018,2179416999.91371
Lesotho,LSO,2017,2065150124.95308
Lesotho,LSO,2016,1614485495.23165
Lesotho,LSO,2015,1806542397.63504
Lesotho,LSO,2014,1881037904.45399
Lesotho,LSO,2013,1979992590.05928
Liberia,LBR,2023,
Liberia,LBR,2022,
Liberia,LBR,2021,
Liberia,LBR,2020,
Liberia,LBR,2019,
Liberia,LBR,2018,
Liberia,LBR,2017,
Liberia,LBR,2016,
Liberia,LBR,2015,
Liberia,LBR,2014,
Liberia,LBR,2013,
Libya,LBY,2023,14621381820.4182
Libya,LBY,2022,12659834724.4802
Libya,LBY,2021,11569358223.9156
Libya,LBY,2020,24365092567.1885
Libya,LBY,2019,26694548879.5742
Libya,LBY,2018,26136456046.1901
Libya,LBY,2017,26312292835.5168
Libya,LBY,2016,24823482111.5833
Libya,LBY,2015,21548497332.0494
Libya,LBY,2014,24771809538.1805
Libya,LBY,2013,25022961534.7112
Liechtenstein,LIE,2023,
Liechtenstein,LIE,2022,
Liechtenstein,LIE,2021,
Liechtenstein,LIE,2020,
Liechtenstein,LIE,2019,
Liechtenstein,LIE,2018,
Liechtenstein,LIE,2017,
Liechtenstein,LIE,2016,
Liechtenstein,LIE,2015,
Liechtenstein,LIE,2014,
Liechtenstein,LIE,2013,
Lithuania,LTU,2023,45021530079.0675
Lithuania,LTU,2022,40433757972.4107
Lithuania,LTU,2021,37672075458.4994
Lithuania,LTU,2020,32173933962.0001
Lithuania,LTU,2019,32186449345.9058
Lithuania,LTU,2018,32319093498.2157
Lithuania,LTU,2017,29108605582.873
Lithuania,LTU,2016,26652244493.7234
Lithuania,LTU,2015,25457403807.598
Lithuania,LTU,2014,29521120628.4435
Lithuania,LTU,2013,28392976565.1273
Luxembourg,LUX,2023,29282605563.2633
Luxembourg,LUX,2022,26230698123.5371
Luxembourg,LUX,2021,26199317039.7011
Luxembourg,LUX,2020,22358245544.9137
Luxembourg,LUX,2019,23501747453.7176
Luxembourg,LUX,2018,23925869110.9992
Luxembourg,LUX,2017,21809811190.3353
Luxembourg,LUX,2016,20303865132.9678
Luxembourg,LUX,2015,19543946412.4285
Luxembourg,LUX,2014,22511990475.5176
Luxembourg,LUX,2013,21693866534.8985
"Macao SAR, China",MAC,2023,14543634873.1737
"Macao SAR, China",MAC,2022,12491435432.6474
"Macao SAR, China",MAC,2021,13190004112.1564
"Macao SAR, China",MAC,2020,12136593757.8154
"Macao SAR, China",MAC,2019,14058660771.9253
"Macao SAR, China",MAC,2018,13286454877.0289
"Macao SAR, China",MAC,2017,12472213746.2978
"Macao SAR, China",MAC,2016,12118477100.3709
"Macao SAR, China",MAC,2015,12021851080.0305
"Macao SAR, China",MAC,2014,11253480443.3483
"Macao SAR, China",MAC,2013,10087548839.0344
Madagascar,MDG,2023,11612805129.7335
Madagascar,MDG,2022,11103274480.7514
Madagascar,MDG,2021,10793294982.8661
Madagascar,MDG,2020,10046811595.1524
Madagascar,MDG,2019,9999744208.21687
Madagascar,MDG,2018,9909982252.93951
Madagascar,MDG,2017,9435451849.9026
Madagascar,MDG,2016,8474399461.41864
Madagascar,MDG,2015,8300555980.04671
Madagascar,MDG,2014,9156151731.89405
Madagascar,MDG,2013,9648591340.07272
Malawi,MWI,2023,11382902523.3743
Malawi,MWI,2022,10210880507.9823
Malawi,MWI,2021,9899730071.852
Malawi,MWI,2020,9415946788.47098
Malawi,MWI,2019,7984404145.20754
Malawi,MWI,2018,7432526630.60197
Malawi,MWI,2017,6752686154.82577
Malawi,MWI,2016,
Malawi,MWI,2015,
Malawi,MWI,2014,
Malawi,MWI,2013,
Malaysia,MYS,2023,241825507173.033
Malaysia,MYS,2022,234948922036.338
Malaysia,MYS,2021,216822304116.19
Malaysia,MYS,2020,205888852146.863
Malaysia,MYS,2019,218272887190.493
Malaysia,MYS,2018,206037423825.255
Malaysia,MYS,2017,176760121345.695
Malaysia,MYS,2016,165051280153.683
Malaysia,MYS,2015,162616927333.648
Malaysia,MYS,2014,177210452020.557
Malaysia,MYS,2013,167491031953.001
Maldives,MDV,2023,3387993229.77873
Maldives,MDV,2022,2884153581.43842
Maldives,MDV,2021,2444522828.71881
Maldives,MDV,2020,2205167733.22359
Maldives,MDV,2019,2654630087.47473
Maldives,MDV,2018,2493759754.58645
Maldives,MDV,2017,2236643370.11402
Maldives,MDV,2016,1928135744.44406
Maldives,MDV,2015,1688055769.46117
Maldives,MDV,2014,1358352718.4024
Maldives,MDV,2013,
Mali,MLI,2023,18215972689.0436
Mali,MLI,2022,16847317938.547
Mali,MLI,2021,16901295857.0777
Mali,MLI,2020,15076327298.8196
Mali,MLI,2019,14622246057.6961
Mali,MLI,2018,14714582985.0624
Mali,MLI,2017,13332535960.3587
Mali,MLI,2016,12186342513.815
Mali,MLI,2015,11506490861.079
Mali,MLI,2014,12365515250.9837
Mali,MLI,2013,11656074191.9091
Malta,MLT,2023,10267078125.0982
Malta,MLT,2022,8336986068.09342
Malta,MLT,2021,8113007156.97661
Malta,MLT,2020,6995670187.07239
Malta,MLT,2019,7543230379.95136
Malta,MLT,2018,7385317385.54768
Malta,MLT,2017,6345906399.72672
Malta,MLT,2016,5789808930.89009
Malta,MLT,2015,5596103644.96664
Malta,MLT,2014,6380847189.693
Malta,MLT,2013,6154761562.66186
Marshall Islands,MHL,2023,187208100.0
Marshall Islands,MHL,2022,186262400.0
Marshall Islands,MHL,2021,171299400.0
Marshall Islands,MHL,2020,169688100.0
Marshall Islands,MHL,2019,174839600.0
Marshall Islands,MHL,2018,165404000.0
Marshall Islands,MHL,2017,161698400.0
Marshall Islands,MHL,2016,147054700.0
Marshall Islands,MHL,2015,142193400.0
Marshall Islands,MHL,2014,143059800.0
Marshall Islands,MHL,2013,146783600.0
Mauritania,MRT,2023,5805550195.69109
Mauritania,MRT,2022,5420150335.20688
Mauritania,MRT,2021,4888011414.29188
Mauritania,MRT,2020,4378773863.94192
Mauritania,MRT,2019,4332163840.48844
Mauritania,MRT,2018,4226639916.14074
Mauritania,MRT,2017,3986902174.51387
Mauritania,MRT,2016,3882217027.7164
Mauritania,MRT,2015,3949085167.23063
Mauritania,MRT,2014,4062017071.35162
Mauritania,MRT,2013,3764069115.92421
Mauritius,MUS,2023,9846439670.20289
Mauritius,MUS,2022,9112872607.02842
Mauritius,MUS,2021,8395324844.61757
Mauritius,MUS,2020,8286389183.11625
Mauritius,MUS,2019,10592296219.1767
Mauritius,MUS,2018,10677395209.5808
Mauritius,MUS,2017,9875350797.74005
Mauritius,MUS,2016,8965929013.94673
Mauritius,MUS,2015,8713769407.84501
Mauritius,MUS,2014,9535551306.77782
Mauritius,MUS,2013,9006311707.77527
Mexico,MEX,2023,1253583863518.97
Mexico,MEX,2022,1035049733521.8
Mexico,MEX,2021,899555819959.819
Mexico,MEX,2020,741637415613.279
Mexico,MEX,2019,875343173844.726
Mexico,MEX,2018,846633393856.75
Mexico,MEX,2017,812497140176.399
Mexico,MEX,2016,766668949217.796
Mexico,MEX,2015,838984074978.04
Mexico,MEX,2014,966186180877.114
Mexico,MEX,2013,939133026469.168
"Micronesia, Fed. Sts.",FSM,2023,
"Micronesia, Fed. Sts.",FSM,2022,
"Micronesia, Fed. Sts.",FSM,2021,
"Micronesia, Fed. Sts.",FSM,2020,
"Micronesia, Fed. Sts.",FSM,2019,
"Micronesia, Fed. Sts.",FSM,2018,
"Micronesia, Fed. Sts.",FSM,2017,
"Micronesia, Fed. Sts.",FSM,2016,
"Micronesia, Fed. Sts.",FSM,2015,
"Micronesia, Fed. Sts.",FSM,2014,
"Micronesia, Fed. Sts.",FSM,2013,
Moldova,MDA,2023,14331219199.2728
Moldova,MDA,2022,12324096280.9815
Moldova,MDA,2021,11440229222.4651
Moldova,MDA,2020,9498844291.03499
Moldova,MDA,2019,9968693716.64752
Moldova,MDA,2018,9584875561.62783
Moldova,MDA,2017,8264513138.11775
Moldova,MDA,2016,6936040062.18082
Moldova,MDA,2015,6830058296.43475
Moldova,MDA,2014,8789249018.39105
Moldova,MDA,2013,8666489761.14259
Monaco,MCO,2023,
Monaco,MCO,2022,
Monaco,MCO,2021,
Monaco,MCO,2020,
Monaco,MCO,2019,
Monaco,MCO,2018,
Monaco,MCO,2017,
Monaco,MCO,2016,
Monaco,MCO,2015,
Monaco,MCO,2014,
Monaco,MCO,2013,
Mongolia,MNG,2023,9049203222.52678
Mongolia,MNG,2022,8892189448.10451
Mongolia,MNG,2021,8102208268.22066
Mongolia,MNG,2020,8050570296.46574
Mongolia,MNG,2019,8134879145.96325
Mongolia,MNG,2018,7637417028.1756
Mongolia,MNG,2017,6459632701.10909
Mongolia,MNG,2016,6790003077.35743
Mongolia,MNG,2015,7192706603.79565
Mongolia,MNG,2014,6924120623.32302
Mongolia,MNG,2013,7020658397.46313
Montenegro,MNE,2023,5735465629.05598
Montenegro,MNE,2022,4827416315.94632
Montenegro,MNE,2021,4307099283.71466
Montenegro,MNE,2020,3862976571.77075
Montenegro,MNE,2019,3931342260.82431
Montenegro,MNE,2018,3987229903.78361
Montenegro,MNE,2017,3636300689.42189
Montenegro,MNE,2016,3360245925.28647
Montenegro,MNE,2015,3147509771.9816
Montenegro,MNE,2014,3674362288.10183
Montenegro,MNE,2013,3600311653.88515
Morocco,MAR,2023,89277378603.3516
Morocco,MAR,2022,81479943232.0341
Morocco,MAR,2021,84646643416.1756
Morocco,MAR,2020,71688003397.3381
Morocco,MAR,2019,76112115574.422
Morocco,MAR,2018,75720464150.0806
Morocco,MAR,2017,70318730977.8644
Morocco,MAR,2016,66200416906.4497
Morocco,MAR,2015,65103681269.8605
Morocco,MAR,2014,73561171768.3933
Morocco,MAR,2013,64022930689.2246
Mozambique,MOZ,2023,16335799933.9228
Mozambique,MOZ,2022,14336973890.3798
Mozambique,MOZ,2021,11686066728.7864
Mozambique,MOZ,2020,9803063044.69877
Mozambique,MOZ,2019,10530951683.3966
Mozambique,MOZ,2018,9887050364.57786
Mozambique,MOZ,2017,8872670609.38905
Mozambique,MOZ,2016,8119529783.83596
Mozambique,MOZ,2015,10674609007.4366
Mozambique,MOZ,2014,12773693553.8031
Mozambique,MOZ,2013,12699462382.3969
Myanmar,MMR,2023,
Myanmar,MMR,2022,
Myanmar,MMR,2021,
Myanmar,MMR,2020,
Myanmar,MMR,2019,
Myanmar,MMR,2018,
Myanmar,MMR,2017,
Myanmar,MMR,2016,
Myanmar,MMR,2015,
Myanmar,MMR,2014,
Myanmar,MMR,2013,
Namibia,NAM,2023,9182615804.47426
Namibia,NAM,2022,9472894207.07859
Namibia,NAM,2021,9558088976.17682
Namibia,NAM,2020,7320148224.52919
Namibia,NAM,2019,8680980136.20885
Namibia,NAM,2018,9531519640.93541
Namibia,NAM,2017,9104922375.04697
Namibia,NAM,2016,8033985676.7056
Namibia,NAM,2015,7788631765.40207
Namibia,NAM,2014,7777411477.22004
Namibia,NAM,2013,7874546000.9282
Naoero,NRU,2023,
Naoero,NRU,2022,
Naoero,NRU,2021,
Naoero,NRU,2020,
Naoero,NRU,2019,
Naoero,NRU,2018,
Naoero,NRU,2017,
Naoero,NRU,2016,
Naoero,NRU,2015,
Naoero,NRU,2014,
Naoero,NRU,2013,
Nepal,NPL,2023,35365577027.3624
Nepal,NPL,2022,35007033329.7986
Nepal,NPL,2021,31523897271.9589
Nepal,NPL,2020,28489794163.0459
Nepal,NPL,2019,26179605394.3524
Nepal,NPL,2018,25544499241.2885
Nepal,NPL,2017,22741743147.5415
Nepal,NPL,2016,21686945322.6536
Nepal,NPL,2015,20356551364.3903
Nepal,NPL,2014,18784073147.7405
Nepal,NPL,2013,18679790183.5167
Netherlands,NLD,2023,509302392707.852
Netherlands,NLD,2022,460652967605.06
Netherlands,NLD,2021,449946347941.853
Netherlands,NLD,2020,398287209778.989
Netherlands,NLD,2019,407797696533.333
Netherlands,NLD,2018,416050273803.921
Netherlands,NLD,2017,380886694502.354
Netherlands,NLD,2016,357637075049.417
Netherlands,NLD,2015,351510326443.359
Netherlands,NLD,2014,411383552870.587
Netherlands,NLD,2013,404860846838.432
New Caledonia,NCL,2023,6047924605.15367
New Caledonia,NCL,2022,5857820916.50707
New Caledonia,NCL,2021,6422150293.02622
New Caledonia,NCL,2020,6101798504.503
New Caledonia,NCL,2019,6042612607.42133
New Caledonia,NCL,2018,6342319998.94069
New Caledonia,NCL,2017,6018805965.30568
New Caledonia,NCL,2016,5740518298.95431
New Caledonia,NCL,2015,5710558178.10183
New Caledonia,NCL,2014,6673748266.54714
New Caledonia,NCL,2013,6489076971.77506
New Zealand,NZL,2023,147315210938.94
New Zealand,NZL,2022,143884350794.138
New Zealand,NZL,2021,145798557080.209
New Zealand,NZL,2020,121265192086.337
New Zealand,NZL,2019,121633863131.022
New Zealand,NZL,2018,122190611828.335
New Zealand,NZL,2017,118374316859.002
New Zealand,NZL,2016,109195454308.139
New Zealand,NZL,2015,101897871301.801
New Zealand,NZL,2014,115391698697.564
New Zealand,NZL,2013,109624508659.863
Nicaragua,NIC,2023,13932074607.6542
Nicaragua,NIC,2022,12504340563.4338
Nicaragua,NIC,2021,10534251579.9301
Nicaragua,NIC,2020,8873826643.56035
Nicaragua,NIC,2019,9065729734.34824
Nicaragua,NIC,2018,9189713544.85242
Nicaragua,NIC,2017,9564207436.96512
Nicaragua,NIC,2016,9351875985.16081
Nicaragua,NIC,2015,8993173916.49694
Nicaragua,NIC,2014,8734870214.06916
Nicaragua,NIC,2013,8334857510.26867
Niger,NER,2023,12157114659.9381
Niger,NER,2022,10614377603.0828
Niger,NER,2021,10349102869.7375
Niger,NER,2020,9312780285.54568
Niger,NER,2019,8295100949.05828
Niger,NER,2018,8628592244.97926
Niger,NER,2017,7898473581.85365
Niger,NER,2016,7019218000.49093
Niger,NER,2015,6520758998.91954
Niger,NER,2014,7039261934.8051
Niger,NER,2013,6884251399.83504
Nigeria,NGA,2023,
Nigeria,NGA,2022,
Nigeria,NGA,2021,
Nigeria,NGA,2020,
Nigeria,NGA,2019,
Nigeria,NGA,2018,
Nigeria,NGA,2017,
Nigeria,NGA,2016,
Nigeria,NGA,2015,
Nigeria,NGA,2014,
Nigeria,NGA,2013,
North Macedonia,MKD,2023,10850947663.934
North Macedonia,MKD,2022,9688312257.68421
North Macedonia,MKD,2021,9489683709.45403
North Macedonia,MKD,2020,8163477889.88043
North Macedonia,MKD,2019,8257472628.26859
North Macedonia,MKD,2018,8352123476.12921
North Macedonia,MKD,2017,7536404432.94191
North Macedonia,MKD,2016,7141820928.74391
North Macedonia,MKD,2015,6928668821.68353
North Macedonia,MKD,2014,7931390076.61778
North Macedonia,MKD,2013,7761878336.83821
Northern Mariana Islands,MNP,2023,
Northern Mariana Islands,MNP,2022,726000000.0
Northern Mariana Islands,MNP,2021,717000000.0
Northern Mariana Islands,MNP,2020,637000000.0
Northern Mariana Islands,MNP,2019,683000000.0
Northern Mariana Islands,MNP,2018,678000000.0
Northern Mariana Islands,MNP,2017,654000000.0
Northern Mariana Islands,MNP,2016,571000000.0
Northern Mariana Islands,MNP,2015,529000000.0
Northern Mariana Islands,MNP,2014,525000000.0
Northern Mariana Islands,MNP,2013,490000000.0
Norway,NOR,2023,199845724203.219
Norway,NOR,2022,210766473086.591
Norway,NOR,2021,210057741559.953
Norway,NOR,2020,177010036286.397
Norway,NOR,2019,195980454545.455
Norway,NOR,2018,204972025822.318
Norway,NOR,2017,193015635704.211
Norway,NOR,2016,181586547619.048
Norway,NOR,2015,180749612483.208
Norway,NOR,2014,219079502777.043
Norway,NOR,2013,224264000000.0
Oman,OMN,2023,40100820546.1638
Oman,OMN,2022,37648114434.3303
Oman,OMN,2021,34306892067.6203
Oman,OMN,2020,33458777633.29
Oman,OMN,2019,33039271781.5345
Oman,OMN,2018,31847074122.2367
Oman,OMN,2017,31655916775.0325
Oman,OMN,2016,28558907672.3017
Oman,OMN,2015,28385955786.736
Oman,OMN,2014,27032249674.9025
Oman,OMN,2013,26287386215.8648
Pakistan,PAK,2023,280013117138.998
Pakistan,PAK,2022,322022310653.269
Pakistan,PAK,2021,290882312863.275
Pakistan,PAK,2020,244891398979.156
Pakistan,PAK,2019,269161062988.279
Pakistan,PAK,2018,293451533444.068
Pakistan,PAK,2017,277952415418.937
Pakistan,PAK,2016,253047483470.67
Pakistan,PAK,2015,243387911839.578
Pakistan,PAK,2014,222933572591.48
Pakistan,PAK,2013,210270459091.893
Palau,PLW,2023,223967833.518982
Palau,PLW,2022,216086580.276489
Palau,PLW,2021,196158129.692078
Palau,PLW,2020,205102300.0
Palau,PLW,2019,207095700.0
Palau,PLW,2018,212484000.0
Palau,PLW,2017,209879300.0
Palau,PLW,2016,207198100.0
Palau,PLW,2015,194928000.0
Palau,PLW,2014,182771600.0
Palau,PLW,2013,169660800.0
Panama,PAN,2023,39671366000.0
Panama,PAN,2022,37324972800.0
Panama,PAN,2021,34963504700.0
Panama,PAN,2020,32792299000.0
Panama,PAN,2019,35453303700.0
Panama,PAN,2018,33158718400.0
Panama,PAN,2017,31340378200.0
Panama,PAN,2016,29964022200.0
Panama,PAN,2015,27705042300.0
Panama,PAN,2014,26742167900.0
Panama,PAN,2013,23762641700.0
Papua New Guinea,PNG,2023,
Papua New Guinea,PNG,2022,
Papua New Guinea,PNG,2021,
Papua New Guinea,PNG,2020,
Papua New Guinea,PNG,2019,
Papua New Guinea,PNG,2018,
Papua New Guinea,PNG,2017,
Papua New Guinea,PNG,2016,
Papua New Guinea,PNG,2015,
Papua New Guinea,PNG,2014,
Papua New Guinea,PNG,2013,
Paraguay,PRY,2023,28432615667.6148
Paraguay,PRY,2022,27459679447.7776
Paraguay,PRY,2021,25071718179.6209
Paraguay,PRY,2020,22511136433.9996
Paraguay,PRY,2019,24809239139.2176
Paraguay,PRY,2018,25768606222.7127
Paraguay,PRY,2017,24581389617.4603
Paraguay,PRY,2016,22485213070.0807
Paraguay,PRY,2015,23089828008.784
Paraguay,PRY,2014,25820574985.4718
Paraguay,PRY,2013,24111638279.7851
Peru,PER,2023,170151604267.933
Peru,PER,2022,157271064911.93
Peru,PER,2021,137890878467.353
Peru,PER,2020,129332655401.05
Peru,PER,2019,147939253892.227
Peru,PER,2018,142147074045.755
Peru,PER,2017,135361025711.489
Peru,PER,2016,124739930703.495
Peru,PER,2015,123974426892.775
Peru,PER,2014,129649628536.93
Peru,PER,2013,126932575940.107
Philippines,PHL,2023,334429914559.98
Philippines,PHL,2022,307006689363.257
Philippines,PHL,2021,296592543563.141
Philippines,PHL,2020,271563141259.037
Philippines,PHL,2019,275858995374.199
Philippines,PHL,2018,251608899173.456
Philippines,PHL,2017,237102808739.117
Philippines,PHL,2016,231175324213.543
Philippines,PHL,2015,222090173334.236
Philippines,PHL,2014,212028490469.928
Philippines,PHL,2013,204440591591.447
Poland,POL,2023,468343271743.174
Poland,POL,2022,404410213656.748
Poland,POL,2021,389136568626.208
Poland,POL,2020,343642762658.692
Poland,POL,2019,348527559824.19
Poland,POL,2018,351203042763.317
Poland,POL,2017,315459897288.754
Poland,POL,2016,279905589529.021
Poland,POL,2015,284314100013.264
Poland,POL,2014,328139552429.481
Poland,POL,2013,318287220501.567
Portugal,PRT,2023,180152190154.482
Portugal,PRT,2022,163449304510.339
Portugal,PRT,2021,162104379788.916
Portugal,PRT,2020,146254863974.178
Portugal,PRT,2019,153074440206.11
Portugal,PRT,2018,154685642425.536
Portugal,PRT,2017,141955005731.573
Portugal,PRT,2016,134497739508.359
Portugal,PRT,2015,130312427693.018
Portugal,PRT,2014,152158852912.291
Portugal,PRT,2013,148280216756.497
Puerto Rico (US),PRI,2023,92363500000.0
Puerto Rico (US),PRI,2022,87396300000.0
Puerto Rico (US),PRI,2021,79852500000.0
Puerto Rico (US),PRI,2020,65469600000.0
Puerto Rico (US),PRI,2019,68758800000.0
Puerto Rico (US),PRI,2018,65157100000.0
Puerto Rico (US),PRI,2017,62453800000.0
Puerto Rico (US),PRI,2016,60979400000.0
Puerto Rico (US),PRI,2015,61640500000.0
Puerto Rico (US),PRI,2014,61899400000.0
Puerto Rico (US),PRI,2013,62477600000.0
Qatar,QAT,2023,
Qatar,QAT,2022,45955965357.1429
Qatar,QAT,2021,39319284478.022
Qatar,QAT,2020,37513425329.6703
Qatar,QAT,2019,41393737857.1429
Qatar,QAT,2018,40435425439.5604
Qatar,QAT,2017,39785869203.2967
Qatar,QAT,2016,38068889368.1319
Qatar,QAT,2015,36052148159.3407
Qatar,QAT,2014,32544123846.1538
Qatar,QAT,2013,28942480054.9451
Romania,ROU,2023,213789148066.371
Romania,ROU,2022,186656691905.727
Romania,ROU,2021,175185823478.512
Romania,ROU,2020,153414820923.657
Romania,ROU,2019,155725691228.608
Romania,ROU,2018,154115709364.964
Romania,ROU,2017,131979335184.375
Romania,ROU,2016,115040046235.905
Romania,ROU,2015,109194398835.45
Romania,ROU,2014,121865892346.623
Romania,ROU,2013,116484185152.454
Russian Federation,RUS,2023,1017679151012.97
Russian Federation,RUS,2022,1079494233929.55
Russian Federation,RUS,2021,920449994094.031
Russian Federation,RUS,2020,768869991485.184
Russian Federation,RUS,2019,873630615429.431
Russian Federation,RUS,2018,834728872487.712
Russian Federation,RUS,2017,832298058504.253
Russian Federation,RUS,2016,679860796210.232
Russian Federation,RUS,2015,718280078079.808
Russian Federation,RUS,2014,1107110084637.36
Russian Federation,RUS,2013,1218805933095.0
Rwanda,RWA,2023,9569634676.44418
Rwanda,RWA,2022,8569589285.55657
Rwanda,RWA,2021,7597179826.98769
Rwanda,RWA,2020,7739959929.71523
Rwanda,RWA,2019,7201265316.01262
Rwanda,RWA,2018,7032862434.5578
Rwanda,RWA,2017,6733957069.60053
Rwanda,RWA,2016,6655882363.22266
Rwanda,RWA,2015,6793963845.49766
Rwanda,RWA,2014,6370117124.74102
Rwanda,RWA,2013,6028629903.75478
Samoa,WSM,2023,856738367.87282
Samoa,WSM,2022,771603399.69003
Samoa,WSM,2021,691501726.200317
Samoa,WSM,2020,627356394.183598
Samoa,WSM,2019,610961683.097255
Samoa,WSM,2018,593459961.400598
Samoa,WSM,2017,613189578.199785
Samoa,WSM,2016,569192356.473449
Samoa,WSM,2015,570512695.699237
Samoa,WSM,2014,584843473.5773
Samoa,WSM,2013,611215653.527234
San Marino,SMR,2023,775740065.862171
San Marino,SMR,2022,650013647.982104
San Marino,SMR,2021,614772801.006192
San Marino,SMR,2020,560346448.281558
San Marino,SMR,2019,577407376.407058
San Marino,SMR,2018,600438370.001254
San Marino,SMR,2017,570275032.502825
San Marino,SMR,2016,565956794.33755
San Marino,SMR,2015,573181016.374218
San Marino,SMR,2014,
San Marino,SMR,2013,
Sao Tome and Principe,STP,2023,697463379.440446
Sao Tome and Principe,STP,2022,563894866.566808
Sao Tome and Principe,STP,2021,540092198.077153
Sao Tome and Principe,STP,2020,478045850.623517
Sao Tome and Principe,STP,2019,449110214.27641
Sao Tome and Principe,STP,2018,419532718.697877
Sao Tome and Principe,STP,2017,350788552.914535
Sao Tome and Principe,STP,2016,305777234.779762
Sao Tome and Principe,STP,2015,280857539.538234
Sao Tome and Principe,STP,2014,348141559.176333
Sao Tome and Principe,STP,2013,299325418.999596
Saudi Arabia,SAU,2023,531169866666.667
Saudi Arabia,SAU,2022,485706133333.333
Saudi Arabia,SAU,2021,437838133333.333
Saudi Arabia,SAU,2020,378036000000.0
Saudi Arabia,SAU,2019,393301600000.0
Saudi Arabia,SAU,2018,376957066666.667
Saudi Arabia,SAU,2017,340617066666.667
Saudi Arabia,SAU,2016,321756533333.333
Saudi Arabia,SAU,2015,297310933333.333
Saudi Arabia,SAU,2014,265116533333.333
Saudi Arabia,SAU,2013,237473066666.667
Senegal,SEN,2023,20646184829.0882
Senegal,SEN,2022,18319745234.938
Senegal,SEN,2021,18323696881.1509
Senegal,SEN,2020,16860449899.2292
Senegal,SEN,2019,15984150821.8928
Senegal,SEN,2018,16056649334.147
Senegal,SEN,2017,14771835638.8238
Senegal,SEN,2016,13631625815.7628
Senegal,SEN,2015,12908633279.445
Senegal,SEN,2014,14703524502.6135
Senegal,SEN,2013,14616792724.4666
Serbia,SRB,2023,50921322138.3838
Serbia,SRB,2022,43894103342.042
Serbia,SRB,2021,42310281641.0754
Serbia,SRB,2020,36113104068.0633
Serbia,SRB,2019,35746482659.8132
Serbia,SRB,2018,35752138942.746
Serbia,SRB,2017,31833432706.4552
Serbia,SRB,2016,29189949302.5791
Serbia,SRB,2015,28902339069.6335
Serbia,SRB,2014,35069467774.4915
Serbia,SRB,2013,35647294645.6565
Seychelles,SYC,2023,1388672831.88156
Seychelles,SYC,2022,1420177071.13428
Seychelles,SYC,2021,1203573216.97444
Seychelles,SYC,2020,1005002702.29323
Seychelles,SYC,2019,1203914446.04778
Seychelles,SYC,2018,1190890357.69018
Seychelles,SYC,2017,1063727518.24061
Seychelles,SYC,2016,982932787.511364
Seychelles,SYC,2015,832741366.651833
Seychelles,SYC,2014,888560647.799374
Seychelles,SYC,2013,561377585.968679
Sierra Leone,SLE,2023,5655831179.48357
Sierra Leone,SLE,2022,6404209935.46963
Sierra Leone,SLE,2021,6369751418.3013
Sierra Leone,SLE,2020,5867936130.14624
Sierra Leone,SLE,2019,6205124058.55528
Sierra Leone,SLE,2018,5928442721.49792
Sierra Leone,SLE,2017,4600657938.2138
Sierra Leone,SLE,2016,5129820745.50791
Sierra Leone,SLE,2015,6158019070.13396
Sierra Leone,SLE,2014,6929460178.00439
Sierra Leone,SLE,2013,7186593649.53114
Singapore,SGP,2023,161089302909.589
Singapore,SGP,2022,144500376087.917
Singapore,SGP,2021,126952778710.263
Singapore,SGP,2020,112910312217.791
Singapore,SGP,2019,135075262542.902
Singapore,SGP,2018,130834597380.568
Singapore,SGP,2017,121315205387.693
Singapore,SGP,2016,116553484284.997
Singapore,SGP,2015,114446347716.982
Singapore,SGP,2014,118339528826.802
Singapore,SGP,2013,114828897946.136
Sint Maarten (Dutch part),SXM,2023,
Sint Maarten (Dutch part),SXM,2022,
Sint Maarten (Dutch part),SXM,2021,
Sint Maarten (Dutch part),SXM,2020,
Sint Maarten (Dutch part),SXM,2019,
Sint Maarten (Dutch part),SXM,2018,
Sint Maarten (Dutch part),SXM,2017,
Sint Maarten (Dutch part),SXM,2016,
Sint Maarten (Dutch part),SXM,2015,
Sint Maarten (Dutch part),SXM,2014,
Sint Maarten (Dutch part),SXM,2013,
Slovak Republic,SVK,2023,77946206279.5014
Slovak Republic,SVK,2022,71053340626.4205
Slovak Republic,SVK,2021,68192126175.6617
Slovak Republic,SVK,2020,61912952534.0796
Slovak Republic,SVK,2019,59158160291.294
Slovak Republic,SVK,2018,59332740594.4556
Slovak Republic,SVK,2017,53502708193.2566
Slovak Republic,SVK,2016,48956637760.59
Slovak Republic,SVK,2015,47494208220.7344
Slovak Republic,SVK,2014,55176057133.5676
Slovak Republic,SVK,2013,53874069672.4778
Slovenia,SVN,2023,35707845428.4634
Slovenia,SVN,2022,32318614501.7667
Slovenia,SVN,2021,31857106703.7165
Slovenia,SVN,2020,26744115269.2359
Slovenia,SVN,2019,28041750580.3137
Slovenia,SVN,2018,27653403220.927
Slovenia,SVN,2017,25075509350.813
Slovenia,SVN,2016,23605085228.3814
Slovenia,SVN,2015,22836399287.0488
Slovenia,SVN,2014,26921903660.0203
Slovenia,SVN,2013,26629117309.4369
Solomon Islands,SLB,2023,1160415562.01904
Solomon Islands,SLB,2022,1038550080.56498
Solomon Islands,SLB,2021,1003308014.85361
Solomon Islands,SLB,2020,966416482.405061
Solomon Islands,SLB,2019,966909776.458974
Solomon Islands,SLB,2018,957871148.776392
Solomon Islands,SLB,2017,888172576.733241
Solomon Islands,SLB,2016,865991985.811043
Solomon Islands,SLB,2015,829861754.517455
Solomon Islands,SLB,2014,853091780.791271
Solomon Islands,SLB,2013,795059924.25503
"Somalia, Fed. Rep.",SOM,2023,14078000000.0
"Somalia, Fed. Rep.",SOM,2022,12683000000.0
"Somalia, Fed. Rep.",SOM,2021,11539000000.0
"Somalia, Fed. Rep.",SOM,2020,10827000000.0
"Somalia, Fed. Rep.",SOM,2019,10558000000.0
"Somalia, Fed. Rep.",SOM,2018,9684000000.0
"Somalia, Fed. Rep.",SOM,2017,9327401189.99975
"Somalia, Fed. Rep.",SOM,2016,8157149440.00094
"Somalia, Fed. Rep.",SOM,2015,7645037250.00146
"Somalia, Fed. Rep.",SOM,2014,7125816059.9991
"Somalia, Fed. Rep.",SOM,2013,6398221420.00021
South Africa,ZAF,2023,244863716821.306
South Africa,ZAF,2022,258499764640.829
South Africa,ZAF,2021,259652139183.221
South Africa,ZAF,2020,211713917263.423
South Africa,ZAF,2019,249532768764.378
South Africa,ZAF,2018,259239863544.65
South Africa,ZAF,2017,240346972139.804
South Africa,ZAF,2016,204768369554.28
South Africa,ZAF,2015,220788691538.504
South Africa,ZAF,2014,242809614317.067
South Africa,ZAF,2013,256031197747.197
South Sudan,SSD,2023,
South Sudan,SSD,2022,
South Sudan,SSD,2021,
South Sudan,SSD,2020,
South Sudan,SSD,2019,
South Sudan,SSD,2018,
South Sudan,SSD,2017,
South Sudan,SSD,2016,
South Sudan,SSD,2015,
South Sudan,SSD,2014,
South Sudan,SSD,2013,
Spain,ESP,2023,897514593096.094
Spain,ESP,2022,816954080414.4
Spain,ESP,2021,820300186717.041
Spain,ESP,2020,723722867336.967
Spain,ESP,2019,806049633921.567
Spain,ESP,2018,831826566161.568
Spain,ESP,2017,771337269844.707
Spain,ESP,2016,722295236543.582
Spain,ESP,2015,703879415864.062
Spain,ESP,2014,818910467964.311
Spain,ESP,2013,803676100362.355
Sri Lanka,LKA,2023,59804035630.0427
Sri Lanka,LKA,2022,51204425865.633
Sri Lanka,LKA,2021,54197973296.9659
Sri Lanka,LKA,2020,53051130744.8575
Sri Lanka,LKA,2019,55799694352.0991
Sri Lanka,LKA,2018,56907048766.5843
Sri Lanka,LKA,2017,55783753040.3547
Sri Lanka,LKA,2016,54736250880.8881
Sri Lanka,LKA,2015,54410778716.5789
Sri Lanka,LKA,2014,
Sri Lanka,LKA,2013,
St. Kitts and Nevis,KNA,2023,
St. Kitts and Nevis,KNA,2022,
St. Kitts and Nevis,KNA,2021,
St. Kitts and Nevis,KNA,2020,
St. Kitts and Nevis,KNA,2019,
St. Kitts and Nevis,KNA,2018,
St. Kitts and Nevis,KNA,2017,
St. Kitts and Nevis,KNA,2016,
St. Kitts and Nevis,KNA,2015,
St. Kitts and Nevis,KNA,2014,
St. Kitts and Nevis,KNA,2013,
St. Lucia,LCA,2023,
St. Lucia,LCA,2022,
St. Lucia,LCA,2021,
St. Lucia,LCA,2020,
St. Lucia,LCA,2019,
St. Lucia,LCA,2018,
St. Lucia,LCA,2017,
St. Lucia,LCA,2016,
St. Lucia,LCA,2015,
St. Lucia,LCA,2014,
St. Lucia,LCA,2013,
St. Martin (French part),MAF,2023,
St. Martin (French part),MAF,2022,
St. Martin (French part),MAF,2021,
St. Martin (French part),MAF,2020,
St. Martin (French part),MAF,2019,
St. Martin (French part),MAF,2018,
St. Martin (French part),MAF,2017,
St. Martin (French part),MAF,2016,
St. Martin (French part),MAF,2015,
St. Martin (French part),MAF,2014,
St. Martin (French part),MAF,2013,
St. Vincent and the Grenadines,VCT,2023,
St. Vincent and the Grenadines,VCT,2022,
St. Vincent and the Grenadines,VCT,2021,
St. Vincent and the Grenadines,VCT,2020,
St. Vincent and the Grenadines,VCT,2019,
St. Vincent and the Grenadines,VCT,2018,
St. Vincent and the Grenadines,VCT,2017,
St. Vincent and the Grenadines,VCT,2016,
St. Vincent and the Grenadines,VCT,2015,
St. Vincent and the Grenadines,VCT,2014,
St. Vincent and the Grenadines,VCT,2013,
Sudan,SDN,2023,32181978133.8124
Sudan,SDN,2022,41088459740.7518
Sudan,SDN,2021,29165651732.8049
Sudan,SDN,2020,21485079246.0106
Sudan,SDN,2019,28594854990.0826
Sudan,SDN,2018,29105211850.1228
Sudan,SDN,2017,34065019047.619
Sudan,SDN,2016,36258813333.3333
Sudan,SDN,2015,44129636363.6364
Sudan,SDN,2014,42663415730.3371
Sudan,SDN,2013,34883972602.7397
Suriname,SUR,2023,
Suriname,SUR,2022,
Suriname,SUR,2021,
Suriname,SUR,2020,
Suriname,SUR,2019,
Suriname,SUR,2018,
Suriname,SUR,2017,
Suriname,SUR,2016,
Suriname,SUR,2015,
Suriname,SUR,2014,
Suriname,SUR,2013,
Sweden,SWE,2023,263717291546.63
Sweden,SWE,2022,263523114747.248
Sweden,SWE,2021,283274774210.839
Sweden,SWE,2020,244238167585.75
Sweden,SWE,2019,243203857191.781
Sweden,SWE,2018,257238111471.724
Sweden,SWE,2017,250381196013.153
Sweden,SWE,2016,239725998331.774
Sweden,SWE,2015,236078432224.912
Sweden,SWE,2014,275774710911.361
Sweden,SWE,2013,279954395462.266
Switzerland,CHE,2023,453113313448.119
Switzerland,CHE,2022,414061851686.029
Switzerland,CHE,2021,403202051768.397
Switzerland,CHE,2020,382910730066.305
Switzerland,CHE,2019,377352973258.534
Switzerland,CHE,2018,379625855504.235
Switzerland,CHE,2017,372482136709.461
Switzerland,CHE,2016,364239599997.99
Switzerland,CHE,2015,368833743622.252
Switzerland,CHE,2014,384156888805.093
Switzerland,CHE,2013,376843439476.282
Syrian Arab Republic,SYR,2023,
Syrian Arab Republic,SYR,2022,27118984509.2228
Syrian Arab Republic,SYR,2021,11551331891.4369
Syrian Arab Republic,SYR,2020,11204004171.2967
Syrian Arab Republic,SYR,2019,21052080780.9456
Syrian Arab Republic,SYR,2018,20601638114.1138
Syrian Arab Republic,SYR,2017,15863931845.0136
Syrian Arab Republic,SYR,2016,12489813834.7888
Syrian Arab Republic,SYR,2015,15284035842.4333
Syrian Arab Republic,SYR,2014,24162433577.2383
Syrian Arab Republic,SYR,2013,20416775827.8755
Tajikistan,TJK,2023,10968373441.8981
Tajikistan,TJK,2022,9388858293.50267
Tajikistan,TJK,2021,7183214915.75182
Tajikistan,TJK,2020,6311728936.27963
Tajikistan,TJK,2019,6328685978.2
Tajikistan,TJK,2018,5933615168.34318
Tajikistan,TJK,2017,6062241410.3256
Tajikistan,TJK,2016,5572972334.86585
Tajikistan,TJK,2015,5892115953.66436
Tajikistan,TJK,2014,9401391414.03043
Tajikistan,TJK,2013,9852372879.32811
Tanzania,TZA,2023,42771068542.6304
Tanzania,TZA,2022,41558800100.976
Tanzania,TZA,2021,38180519375.7943
Tanzania,TZA,2020,36047221546.5279
Tanzania,TZA,2019,35797781152.7352
Tanzania,TZA,2018,34132783090.4573
Tanzania,TZA,2017,31904214565.5594
Tanzania,TZA,2016,29827734726.019
Tanzania,TZA,2015,30279416170.7782
Tanzania,TZA,2014,32766367779.2599
Tanzania,TZA,2013,30551128872.3436
Thailand,THA,2023,295970808043.138
Thailand,THA,2022,270572239802.518
Thailand,THA,2021,264434481270.702
Thailand,THA,2020,265483025913.896
Thailand,THA,2019,270757912864.522
Thailand,THA,2018,247744599496.147
Thailand,THA,2017,223299328331.557
Thailand,THA,2016,206722258198.524
Thailand,THA,2015,206044362022.73
Thailand,THA,2014,214244913143.488
Thailand,THA,2013,220894789088.33
Timor-Leste,TLS,2023,1456861000.0
Timor-Leste,TLS,2022,1369491200.0
Timor-Leste,TLS,2021,1096212700.0
Timor-Leste,TLS,2020,1091554300.0
Timor-Leste,TLS,2019,1101377600.0
Timor-Leste,TLS,2018,1032447900.0
Timor-Leste,TLS,2017,998466900.0
Timor-Leste,TLS,2016,960343400.0
Timor-Leste,TLS,2015,923691800.0
Timor-Leste,TLS,2014,937692900.0
Timor-Leste,TLS,2013,898001900.0
Togo,TGO,2023,7295738041.66792
Togo,TGO,2022,6442654107.91583
Togo,TGO,2021,6477668706.06392
Togo,TGO,2020,5651058176.78802
Togo,TGO,2019,5361930276.60328
Togo,TGO,2018,5382612413.74232
Togo,TGO,2017,4904892606.5184
Togo,TGO,2016,4695686185.82866
Togo,TGO,2015,4460114725.26716
Togo,TGO,2014,4998489845.20392
Togo,TGO,2013,4781271102.97213
Tonga,TON,2023,590086262.746536
Tonga,TON,2022,489161620.265601
Tonga,TON,2021,438685245.059627
Tonga,TON,2020,475606011.219199
Tonga,TON,2019,490118657.451545
Tonga,TON,2018,492616547.481429
Tonga,TON,2017,441961562.942344
Tonga,TON,2016,405202621.806449
Tonga,TON,2015,440408179.859751
Tonga,TON,2014,433810809.990592
Tonga,TON,2013,415911540.89953
Trinidad and Tobago,TTO,2023,
Trinidad and Tobago,TTO,2022,
Trinidad and Tobago,TTO,2021,
Trinidad and Tobago,TTO,2020,
Trinidad and Tobago,TTO,2019,
Trinidad and Tobago,TTO,2018,
Trinidad and Tobago,TTO,2017,
Trinidad and Tobago,TTO,2016,
Trinidad and Tobago,TTO,2015,
Trinidad and Tobago,TTO,2014,
Trinidad and Tobago,TTO,2013,
Tunisia,TUN,2023,37804213360.0672
Tunisia,TUN,2022,34326814022.4256
Tunisia,TUN,2021,34561510298.7439
Tunisia,TUN,2020,31455063686.771
Tunisia,TUN,2019,30093275259.6498
Tunisia,TUN,2018,30541655474.1889
Tunisia,TUN,2017,30336050921.19
Tunisia,TUN,2016,31632195594.7604
Tunisia,TUN,2015,32413840565.8574
Tunisia,TUN,2014,34697571678.9138
Tunisia,TUN,2013,33202372437.7684
Turkiye,TUR,2023,616632766979.269
Turkiye,TUR,2022,492650499998.187
Turkiye,TUR,2021,437439057758.693
Turkiye,TUR,2020,394132925168.418
Turkiye,TUR,2019,417176383860.677
Turkiye,TUR,2018,421900414239.174
Turkiye,TUR,2017,485088828724.172
Turkiye,TUR,2016,497886794861.819
Turkiye,TUR,2015,499795011413.565
Turkiye,TUR,2014,545487999636.288
Turkiye,TUR,2013,564124517273.113
Turkmenistan,TKM,2023,
Turkmenistan,TKM,2022,
Turkmenistan,TKM,2021,
Turkmenistan,TKM,2020,
Turkmenistan,TKM,2019,
Turkmenistan,TKM,2018,
Turkmenistan,TKM,2017,
Turkmenistan,TKM,2016,
Turkmenistan,TKM,2015,
Turkmenistan,TKM,2014,
Turkmenistan,TKM,2013,
Turks and Caicos Islands,TCA,2023,
Turks and Caicos Islands,TCA,2022,
Turks and Caicos Islands,TCA,2021,
Turks and Caicos Islands,TCA,2020,
Turks and Caicos Islands,TCA,2019,
Turks and Caicos Islands,TCA,2018,
Turks and Caicos Islands,TCA,2017,
Turks and Caicos Islands,TCA,2016,
Turks and Caicos Islands,TCA,2015,
Turks and Caicos Islands,TCA,2014,
Turks and Caicos Islands,TCA,2013,
Tuvalu,TUV,2023,
Tuvalu,TUV,2022,
Tuvalu,TUV,2021,
Tuvalu,TUV,2020,
Tuvalu,TUV,2019,
Tuvalu,TUV,2018,
Tuvalu,TUV,2017,
Tuvalu,TUV,2016,
Tuvalu,TUV,2015,
Tuvalu,TUV,2014,
Tuvalu,TUV,2013,
Uganda,UGA,2023,34923573145.5404
Uganda,UGA,2022,32322148263.1811
Uganda,UGA,2021,29231992091.6078
Uganda,UGA,2020,26794839469.1437
Uganda,UGA,2019,25162529409.2356
Uganda,UGA,2018,23807088856.684
Uganda,UGA,2017,21795162218.0308
Uganda,UGA,2016,20963526026.3808
Uganda,UGA,2015,24857417485.8143
Uganda,UGA,2014,22510992273.7586
Uganda,UGA,2013,20980327470.4457
Ukraine,UKR,2023,110513376129.716
Ukraine,UKR,2022,104574992837.554
Ukraine,UKR,2021,138061493307.109
Ukraine,UKR,2020,114778493751.874
Ukraine,UKR,2019,114453534024.703
Ukraine,UKR,2018,90798173797.7387
Ukraine,UKR,2017,75254150849.1723
Ukraine,UKR,2016,62172918251.548
Ukraine,UKR,2015,61676934146.6749
Ukraine,UKR,2014,95379954956.2245
Ukraine,UKR,2013,138841611409.984
United Arab Emirates,ARE,2023,234510006807.352
United Arab Emirates,ARE,2022,211979305650.102
United Arab Emirates,ARE,2021,169662083049.694
United Arab Emirates,ARE,2020,161847243022.464
United Arab Emirates,ARE,2019,163818924438.393
United Arab Emirates,ARE,2018,161715997277.059
United Arab Emirates,ARE,2017,159662627637.849
United Arab Emirates,ARE,2016,154727842069.435
United Arab Emirates,ARE,2015,153562695711.368
United Arab Emirates,ARE,2014,148412525527.57
United Arab Emirates,ARE,2013,131033083730.429
United Kingdom,GBR,2023,2124077512840.85
United Kingdom,GBR,2022,1977801807509.83
United Kingdom,GBR,2021,1890025107164.37
United Kingdom,GBR,2020,1597961123617.3
United Kingdom,GBR,2019,1819583761239.25
United Kingdom,GBR,2018,1854244995050.28
United Kingdom,GBR,2017,1717766456941.47
United Kingdom,GBR,2016,1735047534225.43
United Kingdom,GBR,2015,1872228958025.37
United Kingdom,GBR,2014,1964924774416.53
United Kingdom,GBR,2013,1795159871011.89
United States,USA,2023,18833150000000.0
United States,USA,2022,17690013000000.0
United States,USA,2021,16119682000000.0
United States,USA,2020,14231353000000.0
United States,USA,2019,14437543000000.0
United States,USA,2018,13934442000000.0
United States,USA,2017,13290626000000.0
United States,USA,2016,12726849000000.0
United States,USA,2015,12297438000000.0
United States,USA,2014,11874450000000.0
United States,USA,2013,11388233000000.0
Uruguay,URY,2023,
Uruguay,URY,2022,
Uruguay,URY,2021,
Uruguay,URY,2020,
Uruguay,URY,2019,
Uruguay,URY,2018,
Uruguay,URY,2017,
Uruguay,URY,2016,
Uruguay,URY,2015,38548534913.7368
Uruguay,URY,2014,41265845093.9462
Uruguay,URY,2013,41099109093.3876
Uzbekistan,UZB,2023,68821056152.0679
Uzbekistan,UZB,2022,61671604668.9508
Uzbekistan,UZB,2021,50976004072.2493
Uzbekistan,UZB,2020,42792810501.6571
Uzbekistan,UZB,2019,44010879438.2574
Uzbekistan,UZB,2018,39466888428.5529
Uzbekistan,UZB,2017,48850635895.9573
Uzbekistan,UZB,2016,70525808904.2727
Uzbekistan,UZB,2015,68232701670.701
Uzbekistan,UZB,2014,62269678678.117
Uzbekistan,UZB,2013,56680787553.5305
Vanuatu,VUT,2023,957590513.170322
Vanuatu,VUT,2022,1123126144.03896
Vanuatu,VUT,2021,1156976770.7453
Vanuatu,VUT,2020,1001967412.02981
Vanuatu,VUT,2019,944048111.912492
Vanuatu,VUT,2018,772813507.012209
Vanuatu,VUT,2017,706523942.36279
Vanuatu,VUT,2016,685319197.971883
Vanuatu,VUT,2015,690426416.41623
Vanuatu,VUT,2014,656782787.092757
Vanuatu,VUT,2013,597953301.425285
"Venezuela, RB",VEN,2023,
"Venezuela, RB",VEN,2022,
"Venezuela, RB",VEN,2021,
"Venezuela, RB",VEN,2020,
"Venezuela, RB",VEN,2019,
"Venezuela, RB",VEN,2018,
"Venezuela, RB",VEN,2017,
"Venezuela, RB",VEN,2016,
"Venezuela, RB",VEN,2015,
"Venezuela, RB",VEN,2014,
"Venezuela, RB",VEN,2013,
Viet Nam,VNM,2023,234323207726.677
Viet Nam,VNM,2022,226068833757.588
Viet Nam,VNM,2021,203463215115.648
Viet Nam,VNM,2020,193990716426.122
Viet Nam,VNM,2019,190013330350.512
Viet Nam,VNM,2018,176999133892.917
Viet Nam,VNM,2017,163179276483.274
Viet Nam,VNM,2016,151010489245.505
Viet Nam,VNM,2015,141958257041.8
Viet Nam,VNM,2014,133107276297.371
Viet Nam,VNM,2013,121566006829.777
Virgin Islands (U.S.),VIR,2023,
Virgin Islands (U.S.),VIR,2022,3221000000.0
Virgin Islands (U.S.),VIR,2021,2952000000.0
Virgin Islands (U.S.),VIR,2020,2770000000.0
Virgin Islands (U.S.),VIR,2019,2853000000.0
Virgin Islands (U.S.),VIR,2018,2657000000.0
Virgin Islands (U.S.),VIR,2017,2578000000.0
Virgin Islands (U.S.),VIR,2016,2582000000.0
Virgin Islands (U.S.),VIR,2015,2564000000.0
Virgin Islands (U.S.),VIR,2014,2493000000.0
Virgin Islands (U.S.),VIR,2013,2515000000.0
West Bank and Gaza,PSE,2023,18310800000.0
West Bank and Gaza,PSE,2022,19136500000.0
West Bank and Gaza,PSE,2021,16028300000.0
West Bank and Gaza,PSE,2020,13778800000.0
West Bank and Gaza,PSE,2019,15427900000.0
West Bank and Gaza,PSE,2018,14468100000.0
West Bank and Gaza,PSE,2017,14301800000.0
West Bank and Gaza,PSE,2016,13534000000.0
West Bank and Gaza,PSE,2015,12348300000.0
West Bank and Gaza,PSE,2014,12476000000.0
West Bank and Gaza,PSE,2013,11879800000.0
"Yemen, Rep.",YEM,2023,
"Yemen, Rep.",YEM,2022,
"Yemen, Rep.",YEM,2021,
"Yemen, Rep.",YEM,2020,
"Yemen, Rep.",YEM,2019,
"Yemen, Rep.",YEM,2018,26661519655.4294
"Yemen, Rep.",YEM,2017,31007438793.4271
"Yemen, Rep.",YEM,2016,34883537574.3279
"Yemen, Rep.",YEM,2015,42441806544.5748
"Yemen, Rep.",YEM,2014,37433742551.0726
"Yemen, Rep.",YEM,2013,34997523799.1531
Zambia,ZMB,2023,12990626814.2053
Zambia,ZMB,2022,10376725342.4542
Zambia,ZMB,2021,7954037450.48265
Zambia,ZMB,2020,6766873232.70766
Zambia,ZMB,2019,9830978200.15516
Zambia,ZMB,2018,11813311366.1613
Zambia,ZMB,2017,10335590344.103
Zambia,ZMB,2016,9325467374.01559
Zambia,ZMB,2015,9901967679.50679
Zambia,ZMB,2014,12218302437.0431
Zambia,ZMB,2013,13243810838.3511
Zimbabwe,ZWE,2023,30155640351.7156
Zimbabwe,ZWE,2022,35551264586.0702
Zimbabwe,ZWE,2021,34442122808.1872
Zimbabwe,ZWE,2020,28310049115.1477
Zimbabwe,ZWE,2019,29711288248.9072
Zimbabwe,ZWE,2018,26527941176.4706
Zimbabwe,ZWE,2017,40501195219.1235
Zimbabwe,ZWE,2016,17135500000.0
Zimbabwe,ZWE,2015,17879250000.0
Zimbabwe,ZWE,2014,16309000000.0
Zimbabwe,ZWE,2013,16624000000.0
