country_name,iso3,year,household_consumption_expenditure_constant_2015_usd
Africa Eastern and Southern,AFE,2023,754930963806.632
Africa Eastern and Southern,AFE,2022,735304126416.686
Africa Eastern and Southern,AFE,2021,705596095882.692
Africa Eastern and Southern,AFE,2020,665946590507.418
Africa Eastern and Southern,AFE,2019,672697225094.009
Africa Eastern and Southern,AFE,2018,661999910048.544
Africa Eastern and Southern,AFE,2017,643376892038.676
Africa Eastern and Southern,AFE,2016,616440290045.311
Africa Eastern and Southern,AFE,2015,604203119035.631
Africa Eastern and Southern,AFE,2014,585994394856.823
Africa Eastern and Southern,AFE,2013,562987980499.836
Africa Western and Central,AFW,2023,
Africa Western and Central,AFW,2022,
Africa Western and Central,AFW,2021,
Africa Western and Central,AFW,2020,
Africa Western and Central,AFW,2019,
Africa Western and Central,AFW,2018,
Africa Western and Central,AFW,2017,
Africa Western and Central,AFW,2016,
Africa Western and Central,AFW,2015,
Africa Western and Central,AFW,2014,
Africa Western and Central,AFW,2013,
Arab World,ARB,2023,1676028672742.84
Arab World,ARB,2022,1596223312467.69
Arab World,ARB,2021,1514007744022.68
Arab World,ARB,2020,1448241381733.64
Arab World,ARB,2019,1483380077038.13
Arab World,ARB,2018,1432513538176.06
Arab World,ARB,2017,1415868118398.1
Arab World,ARB,2016,1374050278615.81
Arab World,ARB,2015,1327733587356.4
Arab World,ARB,2014,1296861896887.16
Arab World,ARB,2013,1232164561810.91
Caribbean small states,CSS,2023,
Caribbean small states,CSS,2022,
Caribbean small states,CSS,2021,
Caribbean small states,CSS,2020,
Caribbean small states,CSS,2019,
Caribbean small states,CSS,2018,
Caribbean small states,CSS,2017,
Caribbean small states,CSS,2016,
Caribbean small states,CSS,2015,
Caribbean small states,CSS,2014,
Caribbean small states,CSS,2013,
Central Europe and the Baltics,CEB,2023,943748719923.108
Central Europe and the Baltics,CEB,2022,944107960645.645
Central Europe and the Baltics,CEB,2021,903544034629.05
Central Europe and the Baltics,CEB,2020,851301727762.662
Central Europe and the Baltics,CEB,2019,876141750758.761
Central Europe and the Baltics,CEB,2018,848750370875.183
Central Europe and the Baltics,CEB,2017,806370571598.804
Central Europe and the Baltics,CEB,2016,760202873910.406
Central Europe and the Baltics,CEB,2015,730178130632.684
Central Europe and the Baltics,CEB,2014,703279216068.501
Central Europe and the Baltics,CEB,2013,685202711163.529
Early-demographic dividend,EAR,2023,8622383113021.08
Early-demographic dividend,EAR,2022,8231668133206.61
Early-demographic dividend,EAR,2021,7691807905217.66
Early-demographic dividend,EAR,2020,7073660958170.67
Early-demographic dividend,EAR,2019,7395961920638.5
Early-demographic dividend,EAR,2018,7182122248930.8
Early-demographic dividend,EAR,2017,6950133459378.42
Early-demographic dividend,EAR,2016,6658351831542.57
Early-demographic dividend,EAR,2015,6376473228310.92
Early-demographic dividend,EAR,2014,6093609376165.07
Early-demographic dividend,EAR,2013,5886826991835.36
East Asia & Pacific,EAS,2023,14157550600884.7
East Asia & Pacific,EAS,2022,13310539712370.2
East Asia & Pacific,EAS,2021,12954830007213.5
East Asia & Pacific,EAS,2020,12056014449600.2
East Asia & Pacific,EAS,2019,12508435565596.0
East Asia & Pacific,EAS,2018,12078740787845.3
East Asia & Pacific,EAS,2017,11484113385184.5
East Asia & Pacific,EAS,2016,10882713404584.9
East Asia & Pacific,EAS,2015,10350914762741.3
East Asia & Pacific,EAS,2014,9870573821962.11
East Asia & Pacific,EAS,2013,9440951983851.47
East Asia & Pacific (excluding high income),EAP,2023,9019240378364.92
East Asia & Pacific (excluding high income),EAP,2022,8295005412460.3
East Asia & Pacific (excluding high income),EAP,2021,8088476377436.37
East Asia & Pacific (excluding high income),EAP,2020,7298672091748.08
East Asia & Pacific (excluding high income),EAP,2019,7508216190027.45
East Asia & Pacific (excluding high income),EAP,2018,7104567600115.76
East Asia & Pacific (excluding high income),EAP,2017,6592039097747.61
East Asia & Pacific (excluding high income),EAP,2016,6084185535473.14
East Asia & Pacific (excluding high income),EAP,2015,5605837242099.05
East Asia & Pacific (excluding high income),EAP,2014,5191136067767.03
East Asia & Pacific (excluding high income),EAP,2013,4798996561678.65
East Asia & Pacific (IDA & IBRD countries),TEA,2023,9008197574523.29
East Asia & Pacific (IDA & IBRD countries),TEA,2022,8284877492688.43
East Asia & Pacific (IDA & IBRD countries),TEA,2021,8078607089970.13
East Asia & Pacific (IDA & IBRD countries),TEA,2020,7289795289118.09
East Asia & Pacific (IDA & IBRD countries),TEA,2019,7499075919959.13
East Asia & Pacific (IDA & IBRD countries),TEA,2018,7095931362312.87
East Asia & Pacific (IDA & IBRD countries),TEA,2017,6584043081780.82
East Asia & Pacific (IDA & IBRD countries),TEA,2016,6076821522824.37
East Asia & Pacific (IDA & IBRD countries),TEA,2015,5599057720633.46
East Asia & Pacific (IDA & IBRD countries),TEA,2014,5184866562506.9
East Asia & Pacific (IDA & IBRD countries),TEA,2013,4793208795794.61
Euro area,EMU,2023,7062720503521.55
Euro area,EMU,2022,7024952721219.83
Euro area,EMU,2021,6672688895864.78
Euro area,EMU,2020,6376931407242.13
Euro area,EMU,2019,6911410186094.69
Euro area,EMU,2018,6819605055801.0
Euro area,EMU,2017,6721019123267.13
Euro area,EMU,2016,6602018977646.57
Euro area,EMU,2015,6480869326320.87
Euro area,EMU,2014,6350930792572.8
Euro area,EMU,2013,6291024563583.69
Europe & Central Asia,ECS,2023,13159837903563.3
Europe & Central Asia,ECS,2022,12958259484192.0
Europe & Central Asia,ECS,2021,12298827414656.4
Europe & Central Asia,ECS,2020,11591425653328.6
Europe & Central Asia,ECS,2019,12484086359618.1
Europe & Central Asia,ECS,2018,12270431610647.5
Europe & Central Asia,ECS,2017,12021252124797.4
Europe & Central Asia,ECS,2016,11726270220562.9
Europe & Central Asia,ECS,2015,11482901328947.8
Europe & Central Asia,ECS,2014,11302372124336.6
Europe & Central Asia,ECS,2013,11132547857437.5
Europe & Central Asia (excluding high income),ECA,2023,1435535147803.51
Europe & Central Asia (excluding high income),ECA,2022,1319265824518.65
Europe & Central Asia (excluding high income),ECA,2021,1208332499501.0
Europe & Central Asia (excluding high income),ECA,2020,1076108433777.22
Europe & Central Asia (excluding high income),ECA,2019,1063060925228.67
Europe & Central Asia (excluding high income),ECA,2018,1027119276790.5
Europe & Central Asia (excluding high income),ECA,2017,997611198590.95
Europe & Central Asia (excluding high income),ECA,2016,947150598258.129
Europe & Central Asia (excluding high income),ECA,2015,915499850266.0
Europe & Central Asia (excluding high income),ECA,2014,893431938629.349
Europe & Central Asia (excluding high income),ECA,2013,878144327534.879
Europe & Central Asia (IDA & IBRD countries),TEC,2023,2895583483323.41
Europe & Central Asia (IDA & IBRD countries),TEC,2022,2706683410678.43
Europe & Central Asia (IDA & IBRD countries),TEC,2021,2586093487681.98
Europe & Central Asia (IDA & IBRD countries),TEC,2020,2348464714486.51
Europe & Central Asia (IDA & IBRD countries),TEC,2019,2398520506354.37
Europe & Central Asia (IDA & IBRD countries),TEC,2018,2318028559898.75
Europe & Central Asia (IDA & IBRD countries),TEC,2017,2227051460728.22
Europe & Central Asia (IDA & IBRD countries),TEC,2016,2117603868798.27
Europe & Central Asia (IDA & IBRD countries),TEC,2015,2086179612261.35
Europe & Central Asia (IDA & IBRD countries),TEC,2014,2123468840680.17
Europe & Central Asia (IDA & IBRD countries),TEC,2013,2079378792570.07
European Union,EUU,2023,8194941039928.76
European Union,EUU,2022,8167024802786.09
European Union,EUU,2021,7779320082237.18
European Union,EUU,2020,7422625717844.11
European Union,EUU,2019,7989623703364.43
European Union,EUU,2018,7871165546549.57
European Union,EUU,2017,7728048228567.28
European Union,EUU,2016,7559953273986.02
European Union,EUU,2015,7405456832456.24
European Union,EUU,2014,7240999578958.24
European Union,EUU,2013,7159984074607.24
Heavily indebted poor countries (HIPC),HPC,2023,640418817254.756
Heavily indebted poor countries (HIPC),HPC,2022,623117805219.523
Heavily indebted poor countries (HIPC),HPC,2021,596602578762.882
Heavily indebted poor countries (HIPC),HPC,2020,568539490891.353
Heavily indebted poor countries (HIPC),HPC,2019,566743818489.729
Heavily indebted poor countries (HIPC),HPC,2018,538060675515.269
Heavily indebted poor countries (HIPC),HPC,2017,516868148026.035
Heavily indebted poor countries (HIPC),HPC,2016,496833232305.833
Heavily indebted poor countries (HIPC),HPC,2015,479219482971.73
Heavily indebted poor countries (HIPC),HPC,2014,453149565517.111
Heavily indebted poor countries (HIPC),HPC,2013,435244312693.246
High income,,2023,34634860704098.8
High income,,2022,33953006002306.7
High income,,2021,32663848727089.5
High income,,2020,30644404684574.9
High income,,2019,32259683292480.1
High income,,2018,31704287694659.0
High income,,2017,30994193015857.8
High income,,2016,30239869058875.8
High income,,2015,29610591714614.4
High income,,2014,28916896165710.0
High income,,2013,28320676916938.1
IBRD only,IBD,2023,18813888138285.1
IBRD only,IBD,2022,17664437401802.7
IBRD only,IBD,2021,16999167128324.0
IBRD only,IBD,2020,15481277103887.5
IBRD only,IBD,2019,16086584048679.1
IBRD only,IBD,2018,15495860606538.6
IBRD only,IBD,2017,14719821766853.6
IBRD only,IBD,2016,13903723877108.2
IBRD only,IBD,2015,13273182519376.1
IBRD only,IBD,2014,12771971104117.7
IBRD only,IBD,2013,12179282146860.7
IDA & IBRD total,IBT,2023,20889489935535.4
IDA & IBRD total,IBT,2022,19668009481655.5
IDA & IBRD total,IBT,2021,18899878703023.4
IDA & IBRD total,IBT,2020,17253733757865.6
IDA & IBRD total,IBT,2019,17887714008233.8
IDA & IBRD total,IBT,2018,17209404514117.9
IDA & IBRD total,IBT,2017,16351564215986.3
IDA & IBRD total,IBT,2016,15464554096425.9
IDA & IBRD total,IBT,2015,14765451759536.2
IDA & IBRD total,IBT,2014,14213273628867.6
IDA & IBRD total,IBT,2013,13563622457952.0
IDA blend,IDB,2023,
IDA blend,IDB,2022,
IDA blend,IDB,2021,
IDA blend,IDB,2020,
IDA blend,IDB,2019,
IDA blend,IDB,2018,
IDA blend,IDB,2017,
IDA blend,IDB,2016,
IDA blend,IDB,2015,
IDA blend,IDB,2014,
IDA blend,IDB,2013,
IDA only,IDX,2023,1038225337913.42
IDA only,IDX,2022,1018251168555.72
IDA only,IDX,2021,970216587701.033
IDA only,IDX,2020,922522060980.667
IDA only,IDX,2019,922840754665.946
IDA only,IDX,2018,872883919495.897
IDA only,IDX,2017,835778592428.927
IDA only,IDX,2016,809831189370.892
IDA only,IDX,2015,784360680536.69
IDA only,IDX,2014,772254942763.94
IDA only,IDX,2013,753850365198.95
IDA total,IDA,2023,2317365726006.5
IDA total,IDA,2022,2253943925015.44
IDA total,IDA,2021,2130088326936.22
IDA total,IDA,2020,1998852035725.71
IDA total,IDA,2019,2019229505117.5
IDA total,IDA,2018,1914583030987.22
IDA total,IDA,2017,1824407398454.12
IDA total,IDA,2016,1751066839342.27
IDA total,IDA,2015,1674790709524.74
IDA total,IDA,2014,1619490775151.05
IDA total,IDA,2013,1558997839321.2
Late-demographic dividend,LTE,2023,12424923932936.2
Late-demographic dividend,LTE,2022,11580422607434.6
Late-demographic dividend,LTE,2021,11262769473973.4
Late-demographic dividend,LTE,2020,10220576069996.2
Late-demographic dividend,LTE,2019,10587885054648.1
Late-demographic dividend,LTE,2018,10109803593403.4
Late-demographic dividend,LTE,2017,9510570242896.49
Late-demographic dividend,LTE,2016,8921800639127.58
Late-demographic dividend,LTE,2015,8495983588109.37
Late-demographic dividend,LTE,2014,8182771485707.05
Late-demographic dividend,LTE,2013,7719772761524.53
Latin America & Caribbean,LCN,2023,4056334000226.2
Latin America & Caribbean,LCN,2022,3956683769397.7
Latin America & Caribbean,LCN,2021,3761606790353.07
Latin America & Caribbean,LCN,2020,3484454957721.76
Latin America & Caribbean,LCN,2019,3761971887183.23
Latin America & Caribbean,LCN,2018,3716964966995.65
Latin America & Caribbean,LCN,2017,3649301799300.6
Latin America & Caribbean,LCN,2016,3559306527541.7
Latin America & Caribbean,LCN,2015,3568103596830.01
Latin America & Caribbean,LCN,2014,3537221707534.29
Latin America & Caribbean,LCN,2013,3478577115763.39
Latin America & Caribbean (excluding high income),LAC,2023,3616267629974.58
Latin America & Caribbean (excluding high income),LAC,2022,3514772182377.96
Latin America & Caribbean (excluding high income),LAC,2021,3333752201661.44
Latin America & Caribbean (excluding high income),LAC,2020,3117246972568.41
Latin America & Caribbean (excluding high income),LAC,2019,3366718915735.38
Latin America & Caribbean (excluding high income),LAC,2018,3329231359254.5
Latin America & Caribbean (excluding high income),LAC,2017,3273133469651.03
Latin America & Caribbean (excluding high income),LAC,2016,3194961784363.84
Latin America & Caribbean (excluding high income),LAC,2015,3211666987130.55
Latin America & Caribbean (excluding high income),LAC,2014,3186697835446.61
Latin America & Caribbean (excluding high income),LAC,2013,3134320762385.46
Latin America & the Caribbean (IDA & IBRD countries),TLA,2023,3902909447445.02
Latin America & the Caribbean (IDA & IBRD countries),TLA,2022,3806989494019.54
Latin America & the Caribbean (IDA & IBRD countries),TLA,2021,3618169035701.15
Latin America & the Caribbean (IDA & IBRD countries),TLA,2020,3356162045979.88
Latin America & the Caribbean (IDA & IBRD countries),TLA,2019,3623659699023.78
Latin America & the Caribbean (IDA & IBRD countries),TLA,2018,3580437053384.43
Latin America & the Caribbean (IDA & IBRD countries),TLA,2017,3515847059152.8
Latin America & the Caribbean (IDA & IBRD countries),TLA,2016,3428392725468.16
Latin America & the Caribbean (IDA & IBRD countries),TLA,2015,3438736130252.86
Latin America & the Caribbean (IDA & IBRD countries),TLA,2014,3410807488005.15
Latin America & the Caribbean (IDA & IBRD countries),TLA,2013,3352509307829.99
Least developed countries: UN classification,LDC,2023,943548959330.612
Least developed countries: UN classification,LDC,2022,920367941750.698
Least developed countries: UN classification,LDC,2021,871092045984.77
Least developed countries: UN classification,LDC,2020,825776587017.513
Least developed countries: UN classification,LDC,2019,808188090780.841
Least developed countries: UN classification,LDC,2018,780390376319.278
Least developed countries: UN classification,LDC,2017,741723529766.831
Least developed countries: UN classification,LDC,2016,702354140551.945
Least developed countries: UN classification,LDC,2015,680847351555.808
Least developed countries: UN classification,LDC,2014,669712035854.438
Least developed countries: UN classification,LDC,2013,639319393385.063
Low & middle income,LMY,2023,19161627596868.9
Low & middle income,LMY,2022,18010028830655.4
Low & middle income,LMY,2021,17257178330666.0
Low & middle income,LMY,2020,15761596609942.2
Low & middle income,LMY,2019,16320381486060.2
Low & middle income,LMY,2018,15692519804282.8
Low & middle income,LMY,2017,14904909626979.6
Low & middle income,LMY,2016,14087014289166.3
Low & middle income,LMY,2015,13393419960986.4
Low & middle income,LMY,2014,12782509302331.5
Low & middle income,LMY,2013,12166985747020.0
Low income,,2023,393897374195.094
Low income,,2022,395732534286.386
Low income,,2021,382204181497.803
Low income,,2020,368886519934.519
Low income,,2019,371912600765.901
Low income,,2018,348223365667.745
Low income,,2017,342034595366.882
Low income,,2016,337813096754.379
Low income,,2015,326496561810.66
Low income,,2014,332827996577.587
Low income,,2013,326403298829.135
Lower middle income,,2023,4659792939171.0
Lower middle income,,2022,4437269977870.14
Lower middle income,,2021,4163070665359.98
Lower middle income,,2020,3800470647879.01
Lower middle income,,2019,3898460066008.22
Lower middle income,,2018,3742192199879.77
Lower middle income,,2017,3534827397024.37
Lower middle income,,2016,3342672605986.01
Lower middle income,,2015,3146310174866.61
Lower middle income,,2014,2974566179472.08
Lower middle income,,2013,2817808883575.73
"Middle East, North Africa, Afghanistan & Pakistan",MEA,2023,2459330169230.32
"Middle East, North Africa, Afghanistan & Pakistan",MEA,2022,2357506912893.8
"Middle East, North Africa, Afghanistan & Pakistan",MEA,2021,2223702574559.68
"Middle East, North Africa, Afghanistan & Pakistan",MEA,2020,2094159446094.35
"Middle East, North Africa, Afghanistan & Pakistan",MEA,2019,2152879877339.61
"Middle East, North Africa, Afghanistan & Pakistan",MEA,2018,2095001002089.72
"Middle East, North Africa, Afghanistan & Pakistan",MEA,2017,2062527624383.19
"Middle East, North Africa, Afghanistan & Pakistan",MEA,2016,1994144793176.85
"Middle East, North Africa, Afghanistan & Pakistan",MEA,2015,1911412285870.14
"Middle East, North Africa, Afghanistan & Pakistan",MEA,2014,1870914863455.4
"Middle East, North Africa, Afghanistan & Pakistan",MEA,2013,1790470001606.74
"Middle East, North Africa, Afghanistan & Pakistan (excluding high income)",MNA,2023,1447744175143.89
"Middle East, North Africa, Afghanistan & Pakistan (excluding high income)",MNA,2022,1411133686539.8
"Middle East, North Africa, Afghanistan & Pakistan (excluding high income)",MNA,2021,1354259310108.23
"Middle East, North Africa, Afghanistan & Pakistan (excluding high income)",MNA,2020,1277255658142.94
"Middle East, North Africa, Afghanistan & Pakistan (excluding high income)",MNA,2019,1293928102966.09
"Middle East, North Africa, Afghanistan & Pakistan (excluding high income)",MNA,2018,1277124084963.63
"Middle East, North Africa, Afghanistan & Pakistan (excluding high income)",MNA,2017,1259721534854.58
"Middle East, North Africa, Afghanistan & Pakistan (excluding high income)",MNA,2016,1227032919793.64
"Middle East, North Africa, Afghanistan & Pakistan (excluding high income)",MNA,2015,1175983670453.22
"Middle East, North Africa, Afghanistan & Pakistan (excluding high income)",MNA,2014,1175841490761.84
"Middle East, North Africa, Afghanistan & Pakistan (excluding high income)",MNA,2013,1142308225004.81
"Middle East, North Africa, Afghanistan & Pakistan (IDA & IBRD)",TMN,2023,1432202560737.02
"Middle East, North Africa, Afghanistan & Pakistan (IDA & IBRD)",TMN,2022,1395497452241.93
"Middle East, North Africa, Afghanistan & Pakistan (IDA & IBRD)",TMN,2021,1341020183585.02
"Middle East, North Africa, Afghanistan & Pakistan (IDA & IBRD)",TMN,2020,1264950195722.67
"Middle East, North Africa, Afghanistan & Pakistan (IDA & IBRD)",TMN,2019,1279718937726.07
"Middle East, North Africa, Afghanistan & Pakistan (IDA & IBRD)",TMN,2018,1263485295978.35
"Middle East, North Africa, Afghanistan & Pakistan (IDA & IBRD)",TMN,2017,1246232267110.03
"Middle East, North Africa, Afghanistan & Pakistan (IDA & IBRD)",TMN,2016,1213379548865.62
"Middle East, North Africa, Afghanistan & Pakistan (IDA & IBRD)",TMN,2015,1163577211523.6
"Middle East, North Africa, Afghanistan & Pakistan (IDA & IBRD)",TMN,2014,1163870966427.26
"Middle East, North Africa, Afghanistan & Pakistan (IDA & IBRD)",TMN,2013,1130529337271.6
Middle income,MIC,2023,18780696335694.6
Middle income,MIC,2022,17629845624503.6
Middle income,MIC,2021,16890227532834.8
Middle income,MIC,2020,15408968105951.1
Middle income,MIC,2019,15964122516939.0
Middle income,MIC,2018,15358245843485.4
Middle income,MIC,2017,14577450369542.7
Middle income,MIC,2016,13764685578032.9
Middle income,MIC,2015,13082273690181.2
Middle income,MIC,2014,12466758266748.1
Middle income,MIC,2013,11857933860964.4
North America,NAC,2023,16283634531700.6
North America,NAC,2022,15879300675479.9
North America,NAC,2021,15380397570386.4
North America,NAC,2020,14163470383746.3
North America,NAC,2019,14567697600236.4
North America,NAC,2018,14266974292779.7
North America,NAC,2017,13887475780337.0
North America,NAC,2016,13521478300144.0
North America,NAC,2015,13200477428032.2
North America,NAC,2014,12778834207084.4
North America,NAC,2013,12429212287398.8
Not classified,,2023,
Not classified,,2022,
Not classified,,2021,
Not classified,,2020,
Not classified,,2019,
Not classified,,2018,
Not classified,,2017,
Not classified,,2016,
Not classified,,2015,
Not classified,,2014,
Not classified,,2013,
OECD members,OED,2023,33810939425814.9
OECD members,OED,2022,33202301278484.0
OECD members,OED,2021,31823871746552.8
OECD members,OED,2020,29781624052706.5
OECD members,OED,2019,31331731170345.9
OECD members,OED,2018,30837247236375.3
OECD members,OED,2017,30188204939446.3
OECD members,OED,2016,29484645374556.7
OECD members,OED,2015,28848597038195.9
OECD members,OED,2014,28090818216279.1
OECD members,OED,2013,27539707415881.4
Other small states,OSS,2023,88783725076.7052
Other small states,OSS,2022,85129502481.3147
Other small states,OSS,2021,79303908206.9559
Other small states,OSS,2020,74629552701.6642
Other small states,OSS,2019,78315998700.1274
Other small states,OSS,2018,75394436226.7348
Other small states,OSS,2017,71829956709.4518
Other small states,OSS,2016,68430615485.9316
Other small states,OSS,2015,65491999674.7149
Other small states,OSS,2014,63434503356.5397
Other small states,OSS,2013,61816822440.1871
Pacific island small states,PSS,2023,
Pacific island small states,PSS,2022,
Pacific island small states,PSS,2021,
Pacific island small states,PSS,2020,
Pacific island small states,PSS,2019,
Pacific island small states,PSS,2018,
Pacific island small states,PSS,2017,
Pacific island small states,PSS,2016,
Pacific island small states,PSS,2015,6294002590.86025
Pacific island small states,PSS,2014,
Pacific island small states,PSS,2013,
Post-demographic dividend,PST,2023,31338972383035.4
Post-demographic dividend,PST,2022,30812154820510.9
Post-demographic dividend,PST,2021,29677271150817.3
Post-demographic dividend,PST,2020,27880674134971.6
Post-demographic dividend,PST,2019,29348244937119.7
Post-demographic dividend,PST,2018,28888512429787.3
Post-demographic dividend,PST,2017,28269706125509.0
Post-demographic dividend,PST,2016,27628928321439.0
Post-demographic dividend,PST,2015,27053230568502.0
Post-demographic dividend,PST,2014,26374515301350.9
Post-demographic dividend,PST,2013,25881873030388.8
Pre-demographic dividend,PRE,2023,
Pre-demographic dividend,PRE,2022,
Pre-demographic dividend,PRE,2021,
Pre-demographic dividend,PRE,2020,
Pre-demographic dividend,PRE,2019,
Pre-demographic dividend,PRE,2018,
Pre-demographic dividend,PRE,2017,
Pre-demographic dividend,PRE,2016,
Pre-demographic dividend,PRE,2015,
Pre-demographic dividend,PRE,2014,
Pre-demographic dividend,PRE,2013,
Small states,SST,2023,139932533822.897
Small states,SST,2022,133889785665.606
Small states,SST,2021,125531440417.388
Small states,SST,2020,116908888617.753
Small states,SST,2019,123632833227.773
Small states,SST,2018,120088255109.002
Small states,SST,2017,115320623798.261
Small states,SST,2016,109317407213.753
Small states,SST,2015,104843122314.844
Small states,SST,2014,101813806003.221
Small states,SST,2013,98970006272.333
South Asia,SAS,2023,2239896397051.46
South Asia,SAS,2022,2130190972323.25
South Asia,SAS,2021,1985548739659.07
South Asia,SAS,2020,1789558044235.45
South Asia,SAS,2019,1872155001198.07
South Asia,SAS,2018,1780787313794.45
South Asia,SAS,2017,1660873550616.08
South Asia,SAS,2016,1567941399937.74
South Asia,SAS,2015,1460200425983.42
South Asia,SAS,2014,1356726822934.52
South Asia,SAS,2013,1278656263129.13
South Asia (IDA & IBRD),TSA,2023,2239896397051.46
South Asia (IDA & IBRD),TSA,2022,2130190972323.25
South Asia (IDA & IBRD),TSA,2021,1985548739659.07
South Asia (IDA & IBRD),TSA,2020,1789558044235.45
South Asia (IDA & IBRD),TSA,2019,1872155001198.07
South Asia (IDA & IBRD),TSA,2018,1780787313794.45
South Asia (IDA & IBRD),TSA,2017,1660873550616.08
South Asia (IDA & IBRD),TSA,2016,1567941399937.74
South Asia (IDA & IBRD),TSA,2015,1460200425983.42
South Asia (IDA & IBRD),TSA,2014,1356726822934.52
South Asia (IDA & IBRD),TSA,2013,1278656263129.13
Sub-Saharan Africa,SSF,2023,1461299327531.98
Sub-Saharan Africa,SSF,2022,1411948916069.89
Sub-Saharan Africa,SSF,2021,1352347280471.99
Sub-Saharan Africa,SSF,2020,1279975555495.03
Sub-Saharan Africa,SSF,2019,1287714302295.34
Sub-Saharan Africa,SSF,2018,1252402838463.33
Sub-Saharan Africa,SSF,2017,1210514738657.99
Sub-Saharan Africa,SSF,2016,1160996959037.34
Sub-Saharan Africa,SSF,2015,1133889561617.66
Sub-Saharan Africa,SSF,2014,1094424212853.05
Sub-Saharan Africa,SSF,2013,1055382007369.45
Sub-Saharan Africa (excluding high income),SSA,2023,1459982619486.17
Sub-Saharan Africa (excluding high income),SSA,2022,1410482580832.0
Sub-Saharan Africa (excluding high income),SSA,2021,1350820334045.96
Sub-Saharan Africa (excluding high income),SSA,2020,1278635752055.85
Sub-Saharan Africa (excluding high income),SSA,2019,1286373309004.87
Sub-Saharan Africa (excluding high income),SSA,2018,1251080162325.83
Sub-Saharan Africa (excluding high income),SSA,2017,1209340033140.58
Sub-Saharan Africa (excluding high income),SSA,2016,1159932657198.57
Sub-Saharan Africa (excluding high income),SSA,2015,1133072910496.31
Sub-Saharan Africa (excluding high income),SSA,2014,1093577570790.89
Sub-Saharan Africa (excluding high income),SSA,2013,1054807450888.79
Sub-Saharan Africa (IDA & IBRD countries),TSS,2023,1461299327531.98
Sub-Saharan Africa (IDA & IBRD countries),TSS,2022,1411948916069.89
Sub-Saharan Africa (IDA & IBRD countries),TSS,2021,1352347280471.99
Sub-Saharan Africa (IDA & IBRD countries),TSS,2020,1279975555495.03
Sub-Saharan Africa (IDA & IBRD countries),TSS,2019,1287714302295.35
Sub-Saharan Africa (IDA & IBRD countries),TSS,2018,1252402838463.33
Sub-Saharan Africa (IDA & IBRD countries),TSS,2017,1210514738657.99
Sub-Saharan Africa (IDA & IBRD countries),TSS,2016,1160996959037.34
Sub-Saharan Africa (IDA & IBRD countries),TSS,2015,1133889561617.66
Sub-Saharan Africa (IDA & IBRD countries),TSS,2014,1094424212853.06
Sub-Saharan Africa (IDA & IBRD countries),TSS,2013,1055382007369.45
Upper middle income,,2023,14342224654851.9
Upper middle income,,2022,13412019209048.6
Upper middle income,,2021,12921070370163.7
Upper middle income,,2020,11785868033091.9
Upper middle income,,2019,12242204788607.7
Upper middle income,,2018,11784354696946.0
Upper middle income,,2017,11199194391547.6
Upper middle income,,2016,10570768674086.1
Upper middle income,,2015,10071762308126.4
Upper middle income,,2014,9617388386339.54
Upper middle income,,2013,9157166906498.19
World,WLD,2023,53738253285971.8
World,WLD,2022,51926678180002.6
World,WLD,2021,49887894274345.3
World,WLD,2020,46386364206605.8
World,WLD,2019,48566875208906.3
World,WLD,2018,47393387084796.6
World,WLD,2017,45907756131561.5
World,WLD,2016,44347846391812.0
World,WLD,2015,43035339561801.8
World,WLD,2014,41738866687157.8
World,WLD,2013,40536819824737.3
Afghanistan,AFG,2023,
Afghanistan,AFG,2022,
Afghanistan,AFG,2021,
Afghanistan,AFG,2020,
Afghanistan,AFG,2019,
Afghanistan,AFG,2018,
Afghanistan,AFG,2017,
Afghanistan,AFG,2016,
Afghanistan,AFG,2015,
Afghanistan,AFG,2014,
Afghanistan,AFG,2013,
Albania,ALB,2023,10615899818.6736
Albania,ALB,2022,10332404402.7615
Albania,ALB,2021,9746685686.97469
Albania,ALB,2020,9322850648.18478
Albania,ALB,2019,9876183898.00842
Albania,ALB,2018,9567073035.38769
Albania,ALB,2017,9294557318.35761
Albania,ALB,2016,9263646600.75223
Albania,ALB,2015,8904037018.65902
Albania,ALB,2014,8754231114.943
Albania,ALB,2013,8402629492.52758
Algeria,DZA,2023,86102818199.3929
Algeria,DZA,2022,82791171345.3542
Algeria,DZA,2021,79914258055.6646
Algeria,DZA,2020,78655765803.5563
Algeria,DZA,2019,82621602734.4506
Algeria,DZA,2018,80527877909.2006
Algeria,DZA,2017,78487210437.2593
Algeria,DZA,2016,76722590848.187
Algeria,DZA,2015,74705541235.0721
Algeria,DZA,2014,71901387135.5487
Algeria,DZA,2013,68217634853.5825
American Samoa,ASM,2023,
American Samoa,ASM,2022,500174672.489083
American Samoa,ASM,2021,543362445.414847
American Samoa,ASM,2020,506200873.362445
American Samoa,ASM,2019,483100436.681223
American Samoa,ASM,2018,467030567.68559
American Samoa,ASM,2017,462008733.624454
American Samoa,ASM,2016,465021834.061135
American Samoa,ASM,2015,460000000.0
American Samoa,ASM,2014,452969432.31441
American Samoa,ASM,2013,441921397.379913
Andorra,AND,2023,
Andorra,AND,2022,
Andorra,AND,2021,
Andorra,AND,2020,
Andorra,AND,2019,
Andorra,AND,2018,
Andorra,AND,2017,
Andorra,AND,2016,
Andorra,AND,2015,
Andorra,AND,2014,
Andorra,AND,2013,
Angola,AGO,2023,101480425983.909
Angola,AGO,2022,89216642159.9471
Angola,AGO,2021,80846586053.5314
Angola,AGO,2020,71057483516.7452
Angola,AGO,2019,63499307677.9019
Angola,AGO,2018,70777130252.1673
Angola,AGO,2017,67989871076.6882
Angola,AGO,2016,57525975602.5831
Angola,AGO,2015,57482738441.628
Angola,AGO,2014,64261020142.9867
Angola,AGO,2013,57327663901.6705
Antigua and Barbuda,ATG,2023,
Antigua and Barbuda,ATG,2022,
Antigua and Barbuda,ATG,2021,
Antigua and Barbuda,ATG,2020,
Antigua and Barbuda,ATG,2019,
Antigua and Barbuda,ATG,2018,
Antigua and Barbuda,ATG,2017,
Antigua and Barbuda,ATG,2016,
Antigua and Barbuda,ATG,2015,
Antigua and Barbuda,ATG,2014,
Antigua and Barbuda,ATG,2013,
Argentina,ARG,2023,395024194979.691
Argentina,ARG,2022,391222217954.855
Argentina,ARG,2021,357390782187.35
Argentina,ARG,2020,326485070609.54
Argentina,ARG,2019,371729644972.043
Argentina,ARG,2018,395991702935.244
Argentina,ARG,2017,405088889730.027
Argentina,ARG,2016,388916035760.743
Argentina,ARG,2015,391974496653.948
Argentina,ARG,2014,378148640518.181
Argentina,ARG,2013,395380212585.529
Armenia,ARM,2023,10581086980.6675
Armenia,ARM,2022,9944630620.92808
Armenia,ARM,2021,9435133416.44032
Armenia,ARM,2020,9213997476.9925
Armenia,ARM,2019,10713950554.6424
Armenia,ARM,2018,9617549869.55157
Armenia,ARM,2017,9177051402.25104
Armenia,ARM,2016,8050045089.55795
Armenia,ARM,2015,8222722257.00699
Armenia,ARM,2014,8889429467.11708
Armenia,ARM,2013,8749438451.85916
Aruba,ABW,2023,
Aruba,ABW,2022,
Aruba,ABW,2021,
Aruba,ABW,2020,
Aruba,ABW,2019,
Aruba,ABW,2018,
Aruba,ABW,2017,
Aruba,ABW,2016,
Aruba,ABW,2015,1631228491.62011
Aruba,ABW,2014,
Aruba,ABW,2013,
Australia,AUS,2023,909239372579.777
Australia,AUS,2022,853095704758.776
Australia,AUS,2021,817917022617.494
Australia,AUS,2020,812066793914.929
Australia,AUS,2019,839554471359.515
Australia,AUS,2018,825567372956.608
Australia,AUS,2017,802913565275.031
Australia,AUS,2016,783541430654.68
Australia,AUS,2015,763170265181.612
Australia,AUS,2014,743844116637.87
Australia,AUS,2013,727125845163.293
Austria,AUT,2023,212779754245.907
Austria,AUT,2022,213268295500.945
Austria,AUT,2021,202405361251.474
Austria,AUT,2020,192919507127.062
Austria,AUT,2019,208732154729.318
Austria,AUT,2018,207311660489.691
Austria,AUT,2017,205569358435.362
Austria,AUT,2016,201779335488.574
Austria,AUT,2015,198182326445.612
Austria,AUT,2014,195941412641.03
Austria,AUT,2013,195916024150.299
Azerbaijan,AZE,2023,
Azerbaijan,AZE,2022,
Azerbaijan,AZE,2021,
Azerbaijan,AZE,2020,
Azerbaijan,AZE,2019,
Azerbaijan,AZE,2018,
Azerbaijan,AZE,2017,
Azerbaijan,AZE,2016,
Azerbaijan,AZE,2015,30088993952.5496
Azerbaijan,AZE,2014,
Azerbaijan,AZE,2013,
"Bahamas, The",BHS,2023,8145976720.55665
"Bahamas, The",BHS,2022,7468971228.66587
"Bahamas, The",BHS,2021,7309778472.30261
"Bahamas, The",BHS,2020,6012580494.14155
"Bahamas, The",BHS,2019,7356702524.72637
"Bahamas, The",BHS,2018,8211418322.59392
"Bahamas, The",BHS,2017,8171280806.67773
"Bahamas, The",BHS,2016,7652013813.32716
"Bahamas, The",BHS,2015,7538000000.0
"Bahamas, The",BHS,2014,7425537395.01743
"Bahamas, The",BHS,2013,7049272420.93349
Bahrain,BHR,2023,17715777972.0523
Bahrain,BHR,2022,16925698939.5244
Bahrain,BHR,2021,15830966367.8443
Bahrain,BHR,2020,14959653768.2691
Bahrain,BHR,2019,15645920127.4701
Bahrain,BHR,2018,15622961646.6802
Bahrain,BHR,2017,15359842661.2214
Bahrain,BHR,2016,15161583438.9395
Bahrain,BHR,2015,15194334840.4255
Bahrain,BHR,2014,14814047618.1454
Bahrain,BHR,2013,14915593212.627
Bangladesh,BGD,2023,216469738741.462
Bangladesh,BGD,2022,212256518378.201
Bangladesh,BGD,2021,197491065731.171
Bangladesh,BGD,2020,182835917795.457
Bangladesh,BGD,2019,177516115113.365
Bangladesh,BGD,2018,169296080045.413
Bangladesh,BGD,2017,154730917256.028
Bangladesh,BGD,2016,145602869330.061
Bangladesh,BGD,2015,141358914056.472
Bangladesh,BGD,2014,133587930936.915
Bangladesh,BGD,2013,128443033017.355
Barbados,BRB,2023,
Barbados,BRB,2022,
Barbados,BRB,2021,
Barbados,BRB,2020,
Barbados,BRB,2019,
Barbados,BRB,2018,
Barbados,BRB,2017,
Barbados,BRB,2016,
Barbados,BRB,2015,
Barbados,BRB,2014,
Barbados,BRB,2013,
Belarus,BLR,2023,38266184678.2747
Belarus,BLR,2022,35410051502.4819
Belarus,BLR,2021,35502514982.8837
Belarus,BLR,2020,33889104179.3156
Belarus,BLR,2019,34298582946.538
Belarus,BLR,2018,32644771007.6365
Belarus,BLR,2017,30251979488.8549
Belarus,BLR,2016,28899144555.7418
Belarus,BLR,2015,29851783154.4538
Belarus,BLR,2014,30560740634.2621
Belarus,BLR,2013,29312436392.1081
Belgium,BEL,2023,264356550636.968
Belgium,BEL,2022,261553593812.133
Belgium,BEL,2021,252272471308.913
Belgium,BEL,2020,238942918207.171
Belgium,BEL,2019,257466815704.648
Belgium,BEL,2018,253794477787.6
Belgium,BEL,2017,249766861478.701
Belgium,BEL,2016,245084979248.183
Belgium,BEL,2015,241206549103.828
Belgium,BEL,2014,237347702847.739
Belgium,BEL,2013,235012401072.034
Belize,BLZ,2023,1641071878.62449
Belize,BLZ,2022,1624238524.41249
Belize,BLZ,2021,1473378080.82118
Belize,BLZ,2020,1272550088.35009
Belize,BLZ,2019,1443142022.52331
Belize,BLZ,2018,1383014984.54573
Belize,BLZ,2017,1351877607.29243
Belize,BLZ,2016,1358915959.27103
Belize,BLZ,2015,1346353050.0
Belize,BLZ,2014,1302979986.5073
Belize,BLZ,2013,1262186618.5843
Benin,BEN,2023,11744354896.0359
Benin,BEN,2022,11075389783.644
Benin,BEN,2021,10466918678.9332
Benin,BEN,2020,9987517823.43792
Benin,BEN,2019,9675014843.83687
Benin,BEN,2018,9347840428.8949
Benin,BEN,2017,9031729882.99024
Benin,BEN,2016,8726309065.69105
Benin,BEN,2015,8560727091.70244
Benin,BEN,2014,8133623545.45292
Benin,BEN,2013,7844562581.03337
Bermuda,BMU,2023,3146076254.59575
Bermuda,BMU,2022,2999038180.5234
Bermuda,BMU,2021,2891139737.67894
Bermuda,BMU,2020,2794300404.39519
Bermuda,BMU,2019,3087511057.00905
Bermuda,BMU,2018,3139254707.3202
Bermuda,BMU,2017,3264228607.65873
Bermuda,BMU,2016,3459815980.37024
Bermuda,BMU,2015,3237728000.0
Bermuda,BMU,2014,3210580963.34591
Bermuda,BMU,2013,
Bhutan,BTN,2023,1277338582.19843
Bhutan,BTN,2022,1191432559.08613
Bhutan,BTN,2021,1136155567.63247
Bhutan,BTN,2020,1164205036.14201
Bhutan,BTN,2019,1128779496.65435
Bhutan,BTN,2018,1150810953.10649
Bhutan,BTN,2017,1066503974.19576
Bhutan,BTN,2016,1069783256.8497
Bhutan,BTN,2015,1115829744.7697
Bhutan,BTN,2014,984563299.899912
Bhutan,BTN,2013,765907863.059769
Bolivia,BOL,2023,26673536407.6905
Bolivia,BOL,2022,25998549283.8222
Bolivia,BOL,2021,24555622486.7647
Bolivia,BOL,2020,22779607693.9228
Bolivia,BOL,2019,25689479677.8934
Bolivia,BOL,2018,25213847626.8213
Bolivia,BOL,2017,24450176526.6395
Bolivia,BOL,2016,23345741716.5996
Bolivia,BOL,2015,22578642604.9204
Bolivia,BOL,2014,21462687328.3548
Bolivia,BOL,2013,20359194059.0984
Bosnia and Herzegovina,BIH,2023,15651130031.2899
Bosnia and Herzegovina,BIH,2022,15121755286.9006
Bosnia and Herzegovina,BIH,2021,14515066228.3615
Bosnia and Herzegovina,BIH,2020,13926415675.3691
Bosnia and Herzegovina,BIH,2019,14338860653.06
Bosnia and Herzegovina,BIH,2018,14101168862.1957
Bosnia and Herzegovina,BIH,2017,13834524251.3983
Bosnia and Herzegovina,BIH,2016,13620583393.1605
Bosnia and Herzegovina,BIH,2015,13475633005.4233
Bosnia and Herzegovina,BIH,2014,13311307330.601
Bosnia and Herzegovina,BIH,2013,13098705271.8454
Botswana,BWA,2023,8031480157.39785
Botswana,BWA,2022,7607373570.45739
Botswana,BWA,2021,7381865873.56723
Botswana,BWA,2020,7201815995.54753
Botswana,BWA,2019,7037479959.37204
Botswana,BWA,2018,6823031414.36925
Botswana,BWA,2017,6475611227.74195
Botswana,BWA,2016,6383850087.57512
Botswana,BWA,2015,6223841000.1706
Botswana,BWA,2014,6009656163.08711
Botswana,BWA,2013,5887601458.82306
Brazil,BRA,2023,1254297015991.6
Brazil,BRA,2022,1214935987487.17
Brazil,BRA,2021,1166576483173.24
Brazil,BRA,2020,1133064678707.45
Brazil,BRA,2019,1187253197690.54
Brazil,BRA,2018,1157219399921.17
Brazil,BRA,2017,1130473501019.09
Brazil,BRA,2016,1108546865317.95
Brazil,BRA,2015,1152781384584.59
Brazil,BRA,2014,1191092797852.82
Brazil,BRA,2013,1164879294439.08
British Virgin Islands,VGB,2023,
British Virgin Islands,VGB,2022,
British Virgin Islands,VGB,2021,
British Virgin Islands,VGB,2020,
British Virgin Islands,VGB,2019,
British Virgin Islands,VGB,2018,
British Virgin Islands,VGB,2017,
British Virgin Islands,VGB,2016,
British Virgin Islands,VGB,2015,
British Virgin Islands,VGB,2014,
British Virgin Islands,VGB,2013,
Brunei Darussalam,BRN,2023,4421629710.2046
Brunei Darussalam,BRN,2022,3981508666.98714
Brunei Darussalam,BRN,2021,3675319065.89248
Brunei Darussalam,BRN,2020,3482034837.97126
Brunei Darussalam,BRN,2019,2865024110.9235
Brunei Darussalam,BRN,2018,2701454039.67724
Brunei Darussalam,BRN,2017,2643882237.39347
Brunei Darussalam,BRN,2016,2524634591.17764
Brunei Darussalam,BRN,2015,2558336285.03954
Brunei Darussalam,BRN,2014,2431222962.21464
Brunei Darussalam,BRN,2013,2524907669.77232
Bulgaria,BGR,2023,42257485763.1347
Bulgaria,BGR,2022,40266274411.1404
Bulgaria,BGR,2021,39841125321.9873
Bulgaria,BGR,2020,38303723432.5878
Bulgaria,BGR,2019,35260009606.882
Bulgaria,BGR,2018,35351136654.4468
Bulgaria,BGR,2017,33350974298.3097
Bulgaria,BGR,2016,32288824662.9595
Bulgaria,BGR,2015,31514421059.4188
Bulgaria,BGR,2014,30870714576.535
Bulgaria,BGR,2013,30035635639.5741
Burkina Faso,BFA,2023,11001239987.6431
Burkina Faso,BFA,2022,10705273335.779
Burkina Faso,BFA,2021,10235165632.8356
Burkina Faso,BFA,2020,9859139437.05491
Burkina Faso,BFA,2019,9673794050.5027
Burkina Faso,BFA,2018,9351776574.11644
Burkina Faso,BFA,2017,9135162650.1477
Burkina Faso,BFA,2016,8822667104.93946
Burkina Faso,BFA,2015,8462728354.20114
Burkina Faso,BFA,2014,8161187828.86465
Burkina Faso,BFA,2013,8054416345.80106
Burundi,BDI,2023,2661594589.43275
Burundi,BDI,2022,2604299989.6883
Burundi,BDI,2021,2542993502.36736
Burundi,BDI,2020,2467996146.25443
Burundi,BDI,2019,2459629960.89675
Burundi,BDI,2018,2385674064.83989
Burundi,BDI,2017,2304999096.40018
Burundi,BDI,2016,2301366844.54295
Burundi,BDI,2015,2340974554.61835
Burundi,BDI,2014,2390154764.361
Burundi,BDI,2013,2303309387.09017
Cabo Verde,CPV,2023,1572071684.68331
Cabo Verde,CPV,2022,1569203651.18143
Cabo Verde,CPV,2021,1379669271.1126
Cabo Verde,CPV,2020,1253398777.89655
Cabo Verde,CPV,2019,1453704379.22383
Cabo Verde,CPV,2018,1397032995.51342
Cabo Verde,CPV,2017,1339457454.51051
Cabo Verde,CPV,2016,1179935152.43753
Cabo Verde,CPV,2015,1091411496.3065
Cabo Verde,CPV,2014,1059267040.98882
Cabo Verde,CPV,2013,1045537452.30174
Cambodia,KHM,2023,22996594850.999
Cambodia,KHM,2022,21989618450.7475
Cambodia,KHM,2021,20898905845.4667
Cambodia,KHM,2020,21422589724.5023
Cambodia,KHM,2019,21834615915.1559
Cambodia,KHM,2018,21119892362.8671
Cambodia,KHM,2017,20023581650.239
Cambodia,KHM,2016,18770610830.0738
Cambodia,KHM,2015,17948576865.3678
Cambodia,KHM,2014,16983512222.5739
Cambodia,KHM,2013,16112174611.8596
Cameroon,CMR,2023,31028829973.402
Cameroon,CMR,2022,30219965660.6425
Cameroon,CMR,2021,28976944022.5128
Cameroon,CMR,2020,27667901836.9262
Cameroon,CMR,2019,27597373534.0065
Cameroon,CMR,2018,26522534297.5908
Cameroon,CMR,2017,25230071184.0265
Cameroon,CMR,2016,24097019082.513
Cameroon,CMR,2015,23532186345.5415
Cameroon,CMR,2014,22108270392.2129
Cameroon,CMR,2013,20917683050.066
Canada,CAN,2023,1074792574057.88
Canada,CAN,2022,1050999817118.42
Canada,CAN,2021,984589516162.63
Canada,CAN,2020,931042861104.243
Canada,CAN,2019,993191120034.175
Canada,CAN,2018,977705047357.785
Canada,CAN,2017,952541499042.843
Canada,CAN,2016,918736050687.758
Canada,CAN,2015,899801700032.213
Canada,CAN,2014,879391982467.044
Canada,CAN,2013,857290073747.201
Cayman Islands,CYM,2023,
Cayman Islands,CYM,2022,
Cayman Islands,CYM,2021,
Cayman Islands,CYM,2020,
Cayman Islands,CYM,2019,
Cayman Islands,CYM,2018,
Cayman Islands,CYM,2017,
Cayman Islands,CYM,2016,
Cayman Islands,CYM,2015,
Cayman Islands,CYM,2014,
Cayman Islands,CYM,2013,
Central African Republic,CAF,2023,2404126806.66887
Central African Republic,CAF,2022,2519142347.67541
Central African Republic,CAF,2021,2390077937.17229
Central African Republic,CAF,2020,2324718382.99679
Central African Republic,CAF,2019,2427677665.92456
Central African Republic,CAF,2018,2296241407.7546
Central African Republic,CAF,2017,1532469538.61442
Central African Republic,CAF,2016,1522136387.28638
Central African Republic,CAF,2015,1397827551.10505
Central African Republic,CAF,2014,1372274260.13278
Central African Republic,CAF,2013,1338899140.87377
Chad,TCD,2023,10868977264.8842
Chad,TCD,2022,11045507763.4085
Chad,TCD,2021,10629713675.0454
Chad,TCD,2020,10201675530.7029
Chad,TCD,2019,10402742764.1755
Chad,TCD,2018,10018402808.0355
Chad,TCD,2017,9479194998.17991
Chad,TCD,2016,9404802332.38157
Chad,TCD,2015,9143933703.08447
Chad,TCD,2014,8687207337.53962
Chad,TCD,2013,8637919039.78071
Channel Islands,CHI,2023,
Channel Islands,CHI,2022,
Channel Islands,CHI,2021,
Channel Islands,CHI,2020,
Channel Islands,CHI,2019,
Channel Islands,CHI,2018,
Channel Islands,CHI,2017,
Channel Islands,CHI,2016,
Channel Islands,CHI,2015,
Channel Islands,CHI,2014,
Channel Islands,CHI,2013,
Chile,CHL,2023,181407394695.136
Chile,CHL,2022,190330824183.941
Chile,CHL,2021,187400238221.632
Chile,CHL,2020,155082047193.363
Chile,CHL,2019,167497647435.58
Chile,CHL,2018,166277435904.654
Chile,CHL,2017,160217919972.247
Chile,CHL,2016,154720840286.892
Chile,CHL,2015,149774666831.741
Chile,CHL,2014,146274468064.035
Chile,CHL,2013,142891262473.808
China,CHN,2023,7197427910274.78
China,CHN,2022,6563737843183.53
China,CHN,2021,6467115702485.23
China,CHN,2020,5716131420054.98
China,CHN,2019,5875448932795.29
China,CHN,2018,5559300871853.14
China,CHN,2017,5132178489728.3
China,CHN,2016,4700865601652.99
China,CHN,2015,4293541104608.94
China,CHN,2014,3946397210805.19
China,CHN,2013,3613132882375.62
Colombia,COL,2023,271650733158.104
Colombia,COL,2022,270263678876.659
Colombia,COL,2021,243942837626.392
Colombia,COL,2020,212634363639.138
Colombia,COL,2019,223842768877.92
Colombia,COL,2018,215087513020.416
Colombia,COL,2017,208344452395.815
Colombia,COL,2016,204151558359.661
Colombia,COL,2015,200968956292.901
Colombia,COL,2014,194940394573.73
Colombia,COL,2013,186994831197.111
Comoros,COM,2023,1154614221.39259
Comoros,COM,2022,1114099187.87578
Comoros,COM,2021,1090851210.21055
Comoros,COM,2020,1070634408.91745
Comoros,COM,2019,1030343187.79996
Comoros,COM,2018,992832262.58267
Comoros,COM,2017,969451208.944455
Comoros,COM,2016,930392056.090418
Comoros,COM,2015,901330835.869592
Comoros,COM,2014,895016015.265087
Comoros,COM,2013,882012096.739509
"Congo, Dem. Rep.",COD,2023,31910828935.9461
"Congo, Dem. Rep.",COD,2022,30921368586.9571
"Congo, Dem. Rep.",COD,2021,29185451112.9382
"Congo, Dem. Rep.",COD,2020,28521188261.5136
"Congo, Dem. Rep.",COD,2019,28358089858.2282
"Congo, Dem. Rep.",COD,2018,27230163610.0353
"Congo, Dem. Rep.",COD,2017,26015867840.0746
"Congo, Dem. Rep.",COD,2016,25065731273.4959
"Congo, Dem. Rep.",COD,2015,24186392013.8763
"Congo, Dem. Rep.",COD,2014,23638149522.9752
"Congo, Dem. Rep.",COD,2013,22651044651.5626
"Congo, Rep.",COG,2023,5036736877.60294
"Congo, Rep.",COG,2022,4801464339.47712
"Congo, Rep.",COG,2021,4572822573.24086
"Congo, Rep.",COG,2020,4101185969.92433
"Congo, Rep.",COG,2019,4468813815.55943
"Congo, Rep.",COG,2018,3916253741.92463
"Congo, Rep.",COG,2017,3684385850.13441
"Congo, Rep.",COG,2016,4914873491.46044
"Congo, Rep.",COG,2015,4913985988.14599
"Congo, Rep.",COG,2014,4307548342.61168
"Congo, Rep.",COG,2013,3902137848.69052
Costa Rica,CRI,2023,46498519379.298
Costa Rica,CRI,2022,44619511315.1508
Costa Rica,CRI,2021,43035161353.6366
Costa Rica,CRI,2020,39471600443.4698
Costa Rica,CRI,2019,42148052231.8668
Costa Rica,CRI,2018,41187305811.7305
Costa Rica,CRI,2017,40146711570.4615
Costa Rica,CRI,2016,38034066490.0872
Costa Rica,CRI,2015,36658055565.361
Costa Rica,CRI,2014,35020636086.7586
Costa Rica,CRI,2013,33410110721.9488
Cote d'Ivoire,CIV,2023,45957190597.3991
Cote d'Ivoire,CIV,2022,41703849901.2667
Cote d'Ivoire,CIV,2021,39879351411.0515
Cote d'Ivoire,CIV,2020,37882244323.4843
Cote d'Ivoire,CIV,2019,37351182742.7017
Cote d'Ivoire,CIV,2018,35733902375.1131
Cote d'Ivoire,CIV,2017,33720861511.0126
Cote d'Ivoire,CIV,2016,31820570635.2884
Cote d'Ivoire,CIV,2015,29902994240.1444
Cote d'Ivoire,CIV,2014,26292670783.647
Cote d'Ivoire,CIV,2013,23854635432.0534
Croatia,HRV,2023,39173544657.4814
Croatia,HRV,2022,37931607855.584
Croatia,HRV,2021,35486610446.0955
Croatia,HRV,2020,32042389772.1362
Croatia,HRV,2019,33789717100.0173
Croatia,HRV,2018,32464774369.7358
Croatia,HRV,2017,31405660751.874
Croatia,HRV,2016,30439009433.9843
Croatia,HRV,2015,29504930062.6756
Croatia,HRV,2014,29394605727.4817
Croatia,HRV,2013,30141659082.9378
Cuba,CUB,2023,48715800143.3196
Cuba,CUB,2022,47280170605.2673
Cuba,CUB,2021,46322561819.5141
Cuba,CUB,2020,47588924992.8179
Cuba,CUB,2019,52116800249.841
Cuba,CUB,2018,52567236853.8107
Cuba,CUB,2017,51412934283.0951
Cuba,CUB,2016,50565348634.4283
Cuba,CUB,2015,48553900000.0
Cuba,CUB,2014,45228599573.269
Cuba,CUB,2013,43245988912.094
Curacao,CUW,2023,
Curacao,CUW,2022,
Curacao,CUW,2021,
Curacao,CUW,2020,
Curacao,CUW,2019,
Curacao,CUW,2018,
Curacao,CUW,2017,
Curacao,CUW,2016,
Curacao,CUW,2015,2117765363.12849
Curacao,CUW,2014,
Curacao,CUW,2013,
Cyprus,CYP,2023,18569227857.5733
Cyprus,CYP,2022,17520624410.526
Cyprus,CYP,2021,16087169012.1419
Cyprus,CYP,2020,15363822937.4554
Cyprus,CYP,2019,16363676399.1533
Cyprus,CYP,2018,15658316130.3764
Cyprus,CYP,2017,14770307870.471
Cyprus,CYP,2016,14089439943.4058
Cyprus,CYP,2015,13400895295.7762
Cyprus,CYP,2014,12994327712.3334
Cyprus,CYP,2013,12999617784.8797
Czechia,CZE,2023,100300586792.878
Czechia,CZE,2022,102970506153.481
Czechia,CZE,2021,102426864546.969
Czechia,CZE,2020,98316022678.4396
Czechia,CZE,2019,105072997796.164
Czechia,CZE,2018,101941183675.786
Czechia,CZE,2017,98466262062.8431
Czechia,CZE,2016,94231438670.8464
Czechia,CZE,2015,90967833731.3888
Czechia,CZE,2014,87788626500.4802
Czechia,CZE,2013,86601685212.2525
Denmark,DNK,2023,159032372962.87
Denmark,DNK,2022,163179077122.47
Denmark,DNK,2021,166825005898.816
Denmark,DNK,2020,157953804449.93
Denmark,DNK,2019,159992028248.502
Denmark,DNK,2018,157209234917.377
Denmark,DNK,2017,151518716743.483
Denmark,DNK,2016,147515652700.214
Denmark,DNK,2015,142828305756.257
Denmark,DNK,2014,140068399097.39
Denmark,DNK,2013,140396619115.843
Djibouti,DJI,2023,2828670370.56275
Djibouti,DJI,2022,2686430711.3352
Djibouti,DJI,2021,2369957870.35283
Djibouti,DJI,2020,2162536759.18668
Djibouti,DJI,2019,1961888589.81617
Djibouti,DJI,2018,1845114409.62676
Djibouti,DJI,2017,1837149410.48146
Djibouti,DJI,2016,1661172737.80935
Djibouti,DJI,2015,1492350011.53493
Djibouti,DJI,2014,1350518394.3325
Djibouti,DJI,2013,1235268732.06787
Dominica,DMA,2023,
Dominica,DMA,2022,
Dominica,DMA,2021,
Dominica,DMA,2020,
Dominica,DMA,2019,
Dominica,DMA,2018,
Dominica,DMA,2017,
Dominica,DMA,2016,
Dominica,DMA,2015,
Dominica,DMA,2014,
Dominica,DMA,2013,
Dominican Republic,DOM,2023,69102813087.1749
Dominican Republic,DOM,2022,67316097552.6198
Dominican Republic,DOM,2021,63836387350.5689
Dominican Republic,DOM,2020,58966780422.884
Dominican Republic,DOM,2019,61630038251.5801
Dominican Republic,DOM,2018,58768148890.8072
Dominican Republic,DOM,2017,55843568728.9211
Dominican Republic,DOM,2016,53675229436.816
Dominican Republic,DOM,2015,50603080993.7304
Dominican Republic,DOM,2014,47527098727.9098
Dominican Republic,DOM,2013,45116923225.7192
Ecuador,ECU,2023,71494654359.2997
Ecuador,ECU,2022,68991595677.0764
Ecuador,ECU,2021,65086877145.336
Ecuador,ECU,2020,58568619033.3951
Ecuador,ECU,2019,65521634791.8541
Ecuador,ECU,2018,64154528001.8958
Ecuador,ECU,2017,62848357685.8541
Ecuador,ECU,2016,58822669574.1147
Ecuador,ECU,2015,62465713000.0
Ecuador,ECU,2014,60022117070.7768
Ecuador,ECU,2013,57972490419.2111
"Egypt, Arab Rep.",EGY,2023,375964697614.929
"Egypt, Arab Rep.",EGY,2022,362994188549.42
"Egypt, Arab Rep.",EGY,2021,353200878088.986
"Egypt, Arab Rep.",EGY,2020,332576162980.405
"Egypt, Arab Rep.",EGY,2019,309767435555.79
"Egypt, Arab Rep.",EGY,2018,305033187090.032
"Egypt, Arab Rep.",EGY,2017,296024698103.149
"Egypt, Arab Rep.",EGY,2016,284121575519.821
"Egypt, Arab Rep.",EGY,2015,271495956873.315
"Egypt, Arab Rep.",EGY,2014,263385938604.238
"Egypt, Arab Rep.",EGY,2013,252295624083.27
El Salvador,SLV,2023,22388093664.0618
El Salvador,SLV,2022,21419540979.5684
El Salvador,SLV,2021,21439840147.8456
El Salvador,SLV,2020,19570668969.968
El Salvador,SLV,2019,21302013481.7516
El Salvador,SLV,2018,20947864104.026
El Salvador,SLV,2017,20670789092.1658
El Salvador,SLV,2016,20332511724.9383
El Salvador,SLV,2015,19939740000.0
El Salvador,SLV,2014,19363874568.5574
El Salvador,SLV,2013,19395041332.0175
Equatorial Guinea,GNQ,2023,5793716383.20205
Equatorial Guinea,GNQ,2022,5699112817.35255
Equatorial Guinea,GNQ,2021,5483029067.05362
Equatorial Guinea,GNQ,2020,5374497306.87706
Equatorial Guinea,GNQ,2019,5837122931.04224
Equatorial Guinea,GNQ,2018,5645185996.06104
Equatorial Guinea,GNQ,2017,5459554146.84323
Equatorial Guinea,GNQ,2016,5279919911.27078
Equatorial Guinea,GNQ,2015,5134187990.98255
Equatorial Guinea,GNQ,2014,5037388519.39666
Equatorial Guinea,GNQ,2013,4861953903.24058
Eritrea,ERI,2023,
Eritrea,ERI,2022,
Eritrea,ERI,2021,
Eritrea,ERI,2020,
Eritrea,ERI,2019,
Eritrea,ERI,2018,
Eritrea,ERI,2017,
Eritrea,ERI,2016,
Eritrea,ERI,2015,
Eritrea,ERI,2014,
Eritrea,ERI,2013,
Estonia,EST,2023,15292055805.8333
Estonia,EST,2022,15499979921.4983
Estonia,EST,2021,15061441207.8969
Estonia,EST,2020,14053190417.3734
Estonia,EST,2019,14171756302.6852
Estonia,EST,2018,13590894053.0864
Estonia,EST,2017,12992675177.8571
Estonia,EST,2016,12705309060.0146
Estonia,EST,2015,12183287002.2691
Estonia,EST,2014,11633381571.1133
Estonia,EST,2013,11164663334.7603
Eswatini,SWZ,2023,2813806383.76651
Eswatini,SWZ,2022,2683131366.10064
Eswatini,SWZ,2021,2534721697.86494
Eswatini,SWZ,2020,2426133885.83403
Eswatini,SWZ,2019,2552626857.19454
Eswatini,SWZ,2018,2445166522.77818
Eswatini,SWZ,2017,2362945371.3214
Eswatini,SWZ,2016,2256060745.66395
Eswatini,SWZ,2015,2290157692.82066
Eswatini,SWZ,2014,2349184440.75148
Eswatini,SWZ,2013,2486777877.0497
Ethiopia,ETH,2023,77694952841.2432
Ethiopia,ETH,2022,72487987009.1689
Ethiopia,ETH,2021,68601370451.0576
Ethiopia,ETH,2020,63098076706.8877
Ethiopia,ETH,2019,58259508623.865
Ethiopia,ETH,2018,51263616799.4616
Ethiopia,ETH,2017,49907417609.4004
Ethiopia,ETH,2016,45933942852.6839
Ethiopia,ETH,2015,44245229641.1483
Ethiopia,ETH,2014,40245897044.7891
Ethiopia,ETH,2013,37780350198.4002
Faroe Islands,FRO,2023,
Faroe Islands,FRO,2022,
Faroe Islands,FRO,2021,
Faroe Islands,FRO,2020,
Faroe Islands,FRO,2019,
Faroe Islands,FRO,2018,
Faroe Islands,FRO,2017,
Faroe Islands,FRO,2016,
Faroe Islands,FRO,2015,1208518488.73654
Faroe Islands,FRO,2014,
Faroe Islands,FRO,2013,
Fiji,FJI,2023,
Fiji,FJI,2022,
Fiji,FJI,2021,
Fiji,FJI,2020,
Fiji,FJI,2019,
Fiji,FJI,2018,
Fiji,FJI,2017,
Fiji,FJI,2016,
Fiji,FJI,2015,2853744463.99031
Fiji,FJI,2014,
Fiji,FJI,2013,
Finland,FIN,2023,131644814605.89
Finland,FIN,2022,131982106866.994
Finland,FIN,2021,130857060616.594
Finland,FIN,2020,126798462102.33
Finland,FIN,2019,131295318087.596
Finland,FIN,2018,130756094338.675
Finland,FIN,2017,129280442965.888
Finland,FIN,2016,128706824721.599
Finland,FIN,2015,126371299216.406
Finland,FIN,2014,124678183082.276
Finland,FIN,2013,124015803885.279
France,FRA,2023,1441339893505.39
France,FRA,2022,1431642170009.49
France,FRA,2021,1385660758508.38
France,FRA,2020,1316491719177.41
France,FRA,2019,1407329288295.97
France,FRA,2018,1384133393554.29
France,FRA,2017,1369610867143.6
France,FRA,2016,1349773670299.02
France,FRA,2015,1327030230001.09
France,FRA,2014,1305976419298.48
France,FRA,2013,1292776916739.16
French Polynesia,PYF,2023,
French Polynesia,PYF,2022,
French Polynesia,PYF,2021,
French Polynesia,PYF,2020,
French Polynesia,PYF,2019,
French Polynesia,PYF,2018,
French Polynesia,PYF,2017,
French Polynesia,PYF,2016,
French Polynesia,PYF,2015,3480081314.89565
French Polynesia,PYF,2014,
French Polynesia,PYF,2013,
Gabon,GAB,2023,5527468361.71632
Gabon,GAB,2022,5412612479.10168
Gabon,GAB,2021,5429860455.89664
Gabon,GAB,2020,5508760702.12169
Gabon,GAB,2019,5621184389.81107
Gabon,GAB,2018,5568533074.45978
Gabon,GAB,2017,5590896661.09562
Gabon,GAB,2016,5567513105.97717
Gabon,GAB,2015,5442339301.95339
Gabon,GAB,2014,5227991644.70635
Gabon,GAB,2013,4953564188.63677
"Gambia, The",GMB,2023,1635603310.63066
"Gambia, The",GMB,2022,1537241149.96666
"Gambia, The",GMB,2021,1498244852.34133
"Gambia, The",GMB,2020,1397038074.7609
"Gambia, The",GMB,2019,1414551580.2095
"Gambia, The",GMB,2018,1359717830.79553
"Gambia, The",GMB,2017,1239514026.47796
"Gambia, The",GMB,2016,1131679042.23321
"Gambia, The",GMB,2015,1125435952.79071
"Gambia, The",GMB,2014,1115820745.78142
"Gambia, The",GMB,2013,1110267684.48618
Georgia,GEO,2023,16926073637.7397
Georgia,GEO,2022,16172918512.8239
Georgia,GEO,2021,16643484402.5688
Georgia,GEO,2020,14825288059.2128
Georgia,GEO,2019,13460752135.1721
Georgia,GEO,2018,12800890039.6368
Georgia,GEO,2017,12417836003.8115
Georgia,GEO,2016,11443700826.3302
Georgia,GEO,2015,11456738649.353
Georgia,GEO,2014,11037678048.8405
Georgia,GEO,2013,10449418022.1014
Germany,DEU,2023,1971519313377.3
Germany,DEU,2022,1984489835313.29
Germany,DEU,2021,1862822692506.53
Germany,DEU,2020,1826834060777.96
Germany,DEU,2019,1959096851374.7
Germany,DEU,2018,1926944566055.02
Germany,DEU,2017,1900090109853.54
Germany,DEU,2016,1871956857587.22
Germany,DEU,2015,1831035780475.78
Germany,DEU,2014,1789749330075.41
Germany,DEU,2013,1772211725599.08
Ghana,GHA,2023,56956878048.6735
Ghana,GHA,2022,51704964982.1277
Ghana,GHA,2021,48956677009.6411
Ghana,GHA,2020,45716138894.9922
Ghana,GHA,2019,44965040232.3689
Ghana,GHA,2018,39411426533.5353
Ghana,GHA,2017,37966734418.2645
Ghana,GHA,2016,35705572636.0359
Ghana,GHA,2015,36320098978.323
Ghana,GHA,2014,35533253993.3827
Ghana,GHA,2013,37392058975.4919
Gibraltar,GIB,2023,
Gibraltar,GIB,2022,
Gibraltar,GIB,2021,
Gibraltar,GIB,2020,
Gibraltar,GIB,2019,
Gibraltar,GIB,2018,
Gibraltar,GIB,2017,
Gibraltar,GIB,2016,
Gibraltar,GIB,2015,
Gibraltar,GIB,2014,
Gibraltar,GIB,2013,
Greece,GRC,2023,157617802144.668
Greece,GRC,2022,154079611371.295
Greece,GRC,2021,141032739105.516
Greece,GRC,2020,134201757003.324
Greece,GRC,2019,143067171662.354
Greece,GRC,2018,139422441573.941
Greece,GRC,2017,136334874397.636
Greece,GRC,2016,132921795036.373
Greece,GRC,2015,132472582720.291
Greece,GRC,2014,131967054431.301
Greece,GRC,2013,131815157988.201
Greenland,GRL,2023,1073097630.8368
Greenland,GRL,2022,1072341117.56449
Greenland,GRL,2021,1066223227.62317
Greenland,GRL,2020,1033578035.32874
Greenland,GRL,2019,1036554750.59589
Greenland,GRL,2018,1031390725.21531
Greenland,GRL,2017,1015947986.89568
Greenland,GRL,2016,1007215192.38267
Greenland,GRL,2015,992463183.572543
Greenland,GRL,2014,990654130.095271
Greenland,GRL,2013,983681051.237419
Grenada,GRD,2023,
Grenada,GRD,2022,
Grenada,GRD,2021,
Grenada,GRD,2020,
Grenada,GRD,2019,
Grenada,GRD,2018,
Grenada,GRD,2017,
Grenada,GRD,2016,
Grenada,GRD,2015,
Grenada,GRD,2014,
Grenada,GRD,2013,
Guam,GUM,2023,
Guam,GUM,2022,3435368070.28173
Guam,GUM,2021,3393546198.12178
Guam,GUM,2020,3290983035.4438
Guam,GUM,2019,3406491063.31415
Guam,GUM,2018,3403503786.73129
Guam,GUM,2017,3426406240.53317
Guam,GUM,2016,3336787943.04756
Guam,GUM,2015,3287000000.0
Guam,GUM,2014,3226258709.48197
Guam,GUM,2013,3213313844.28961
Guatemala,GTM,2023,70940861870.8817
Guatemala,GTM,2022,67989983222.3662
Guatemala,GTM,2021,65253984369.8913
Guatemala,GTM,2020,60112931995.5272
Guatemala,GTM,2019,61108268532.7465
Guatemala,GTM,2018,58354368833.1596
Guatemala,GTM,2017,56354943046.1737
Guatemala,GTM,2016,54568672356.42
Guatemala,GTM,2015,52433656855.1951
Guatemala,GTM,2014,49868948044.9565
Guatemala,GTM,2013,47703796244.0639
Guinea,GIN,2023,9953104902.23956
Guinea,GIN,2022,9573975473.49577
Guinea,GIN,2021,9213894134.75694
Guinea,GIN,2020,9080491925.13896
Guinea,GIN,2019,8853745672.14501
Guinea,GIN,2018,8431306271.65273
Guinea,GIN,2017,8145446879.6105
Guinea,GIN,2016,8065736584.94587
Guinea,GIN,2015,7543994455.79384
Guinea,GIN,2014,7050473905.27506
Guinea,GIN,2013,7186266393.42186
Guinea-Bissau,GNB,2023,1300855612.29879
Guinea-Bissau,GNB,2022,1307861331.42447
Guinea-Bissau,GNB,2021,1190862970.37377
Guinea-Bissau,GNB,2020,1091421083.99215
Guinea-Bissau,GNB,2019,1139998061.74336
Guinea-Bissau,GNB,2018,1015967718.55485
Guinea-Bissau,GNB,2017,943575713.889207
Guinea-Bissau,GNB,2016,882995045.202911
Guinea-Bissau,GNB,2015,839678919.884972
Guinea-Bissau,GNB,2014,739862286.689733
Guinea-Bissau,GNB,2013,744480131.379268
Guyana,GUY,2023,
Guyana,GUY,2022,
Guyana,GUY,2021,
Guyana,GUY,2020,
Guyana,GUY,2019,
Guyana,GUY,2018,
Guyana,GUY,2017,
Guyana,GUY,2016,
Guyana,GUY,2015,
Guyana,GUY,2014,
Guyana,GUY,2013,
Haiti,HTI,2023,15728355961.6577
Haiti,HTI,2022,15715993132.9307
Haiti,HTI,2021,15828890504.6949
Haiti,HTI,2020,15643575572.5476
Haiti,HTI,2019,16303144216.864
Haiti,HTI,2018,16472062024.2334
Haiti,HTI,2017,15822570221.5949
Haiti,HTI,2016,15062935119.6103
Haiti,HTI,2015,14265686251.21
Haiti,HTI,2014,13656203291.9208
Haiti,HTI,2013,13659088104.9115
Honduras,HND,2023,23477054315.4196
Honduras,HND,2022,22443431642.2697
Honduras,HND,2021,21225736010.4368
Honduras,HND,2020,18167750134.3044
Honduras,HND,2019,19670336273.9514
Honduras,HND,2018,18775626771.9953
Honduras,HND,2017,17791048599.2369
Honduras,HND,2016,16911299866.6129
Honduras,HND,2015,16260945743.1987
Honduras,HND,2014,15650328995.5142
Honduras,HND,2013,15260366253.0094
"Hong Kong SAR, China",HKG,2023,227796685398.759
"Hong Kong SAR, China",HKG,2022,213223744557.849
"Hong Kong SAR, China",HKG,2021,218026031010.519
"Hong Kong SAR, China",HKG,2020,206518286526.16
"Hong Kong SAR, China",HKG,2019,231002647269.728
"Hong Kong SAR, China",HKG,2018,232859551733.93
"Hong Kong SAR, China",HKG,2017,221158663869.326
"Hong Kong SAR, China",HKG,2016,209633569216.911
"Hong Kong SAR, China",HKG,2015,205513722707.776
"Hong Kong SAR, China",HKG,2014,196172894180.997
"Hong Kong SAR, China",HKG,2013,189832880884.022
Hungary,HUN,2023,82229536874.2475
Hungary,HUN,2022,84038714374.0491
Hungary,HUN,2021,78831582105.011
Hungary,HUN,2020,74914429032.6716
Hungary,HUN,2019,74790484351.2778
Hungary,HUN,2018,71105342112.842
Hungary,HUN,2017,67698831088.4584
Hungary,HUN,2016,64168874229.2529
Hungary,HUN,2015,61204435574.0918
Hungary,HUN,2014,58909371709.4698
Hungary,HUN,2013,57476141555.0755
Iceland,ISL,2023,11710650601.0573
Iceland,ISL,2022,11659875345.7814
Iceland,ISL,2021,10835350352.5194
Iceland,ISL,2020,10019358032.0802
Iceland,ISL,2019,10271574634.2965
Iceland,ISL,2018,10182437497.2744
Iceland,ISL,2017,9814543872.49772
Iceland,ISL,2016,9162050901.17954
Iceland,ISL,2015,8702490993.50993
Iceland,ISL,2014,8426702250.35716
Iceland,ISL,2013,8212565281.02431
India,IND,2023,1930995469989.07
India,IND,2022,1825495446362.72
India,IND,2021,1698600962463.94
India,IND,2020,1520997773641.96
India,IND,2019,1605943484361.69
India,IND,2018,1527015113599.16
India,IND,2017,1425923595474.53
India,IND,2016,1342187117360.92
India,IND,2015,1241270296331.75
India,IND,2014,1150089891722.84
India,IND,2013,1080973977000.72
Indonesia,IDN,2023,659421312018.891
Indonesia,IDN,2022,628360527624.193
Indonesia,IDN,2021,598692044729.691
Indonesia,IDN,2020,586920540448.622
Indonesia,IDN,2019,602997043888.217
Indonesia,IDN,2018,573405320062.367
Indonesia,IDN,2017,545389266584.767
Indonesia,IDN,2016,519509210164.829
Indonesia,IDN,2015,494560910751.042
Indonesia,IDN,2014,471722492127.069
Indonesia,IDN,2013,448048822792.831
"Iran, Islamic Rep.",IRN,2023,228794591431.89
"Iran, Islamic Rep.",IRN,2022,225144363611.744
"Iran, Islamic Rep.",IRN,2021,213727194401.841
"Iran, Islamic Rep.",IRN,2020,200747785392.646
"Iran, Islamic Rep.",IRN,2019,201831488201.295
"Iran, Islamic Rep.",IRN,2018,219371029494.15
"Iran, Islamic Rep.",IRN,2017,231685436322.65
"Iran, Islamic Rep.",IRN,2016,228021421623.326
"Iran, Islamic Rep.",IRN,2015,218596709099.287
"Iran, Islamic Rep.",IRN,2014,219421517949.703
"Iran, Islamic Rep.",IRN,2013,217980939686.988
Iraq,IRQ,2023,105175771490.365
Iraq,IRQ,2022,100324212465.136
Iraq,IRQ,2021,97733452726.0333
Iraq,IRQ,2020,95287647238.0936
Iraq,IRQ,2019,100829544099.767
Iraq,IRQ,2018,99277195119.4121
Iraq,IRQ,2017,97084107543.5262
Iraq,IRQ,2016,95437585716.69
Iraq,IRQ,2015,92858245229.2571
Iraq,IRQ,2014,95492622935.1824
Iraq,IRQ,2013,92115408732.733
Ireland,IRL,2023,126705399127.143
Ireland,IRL,2022,121389578818.927
Ireland,IRL,2021,109551766406.204
Ireland,IRL,2020,100531893542.935
Ireland,IRL,2019,111937514150.924
Ireland,IRL,2018,108937759087.736
Ireland,IRL,2017,103280511070.604
Ireland,IRL,2016,99875500384.094
Ireland,IRL,2015,95772601290.8433
Ireland,IRL,2014,92815655099.4531
Ireland,IRL,2013,90556482810.057
Isle of Man,IMN,2023,
Isle of Man,IMN,2022,
Isle of Man,IMN,2021,
Isle of Man,IMN,2020,
Isle of Man,IMN,2019,
Isle of Man,IMN,2018,
Isle of Man,IMN,2017,
Isle of Man,IMN,2016,
Isle of Man,IMN,2015,
Isle of Man,IMN,2014,
Isle of Man,IMN,2013,
Israel,ISR,2023,209097203618.589
Israel,ISR,2022,210411370048.368
Israel,ISR,2021,196154964534.622
Israel,ISR,2020,176524035428.683
Israel,ISR,2019,190388959044.956
Israel,ISR,2018,183240790832.546
Israel,ISR,2017,176884994566.35
Israel,ISR,2016,170765064881.489
Israel,ISR,2015,160666485399.426
Israel,ISR,2014,155279197959.319
Israel,ISR,2013,149716741712.904
Italy,ITA,2023,1149933174158.19
Italy,ITA,2022,1143687356513.47
Italy,ITA,2021,1086438331167.55
Italy,ITA,2020,1026594292635.37
Italy,ITA,2019,1148130562230.65
Italy,ITA,2018,1148366858878.47
Italy,ITA,2017,1142539766543.57
Italy,ITA,2016,1128763905722.6
Italy,ITA,2015,1120057479234.92
Italy,ITA,2014,1099850290900.94
Italy,ITA,2013,1096688548254.5
Jamaica,JAM,2023,
Jamaica,JAM,2022,
Jamaica,JAM,2021,
Jamaica,JAM,2020,
Jamaica,JAM,2019,
Jamaica,JAM,2018,
Jamaica,JAM,2017,
Jamaica,JAM,2016,
Jamaica,JAM,2015,
Jamaica,JAM,2014,
Jamaica,JAM,2013,
Japan,JPN,2023,2463367865540.94
Japan,JPN,2022,2461302296760.4
Japan,JPN,2021,2406938233006.11
Japan,JPN,2020,2361111746214.54
Japan,JPN,2019,2484495269365.55
Japan,JPN,2018,2504893364805.46
Japan,JPN,2017,2500267166917.02
Japan,JPN,2016,2477352716057.02
Japan,JPN,2015,2486257362140.53
Japan,JPN,2014,2485752642099.46
Japan,JPN,2013,2502894609044.71
Jordan,JOR,2023,
Jordan,JOR,2022,
Jordan,JOR,2021,
Jordan,JOR,2020,
Jordan,JOR,2019,
Jordan,JOR,2018,
Jordan,JOR,2017,
Jordan,JOR,2016,
Jordan,JOR,2015,
Jordan,JOR,2014,
Jordan,JOR,2013,
Kazakhstan,KAZ,2023,130982034502.573
Kazakhstan,KAZ,2022,121811728553.099
Kazakhstan,KAZ,2021,117255336230.279
Kazakhstan,KAZ,2020,110349620274.261
Kazakhstan,KAZ,2019,114581768296.611
Kazakhstan,KAZ,2018,108016012717.569
Kazakhstan,KAZ,2017,101830428055.043
Kazakhstan,KAZ,2016,100278302445.266
Kazakhstan,KAZ,2015,99049420535.7148
Kazakhstan,KAZ,2014,97274561118.5352
Kazakhstan,KAZ,2013,95947689415.1357
Kenya,KEN,2023,73138092393.7209
Kenya,KEN,2022,68020650237.5684
Kenya,KEN,2021,66467609175.4584
Kenya,KEN,2020,62672374855.3387
Kenya,KEN,2019,63841380537.029
Kenya,KEN,2018,60800792715.27
Kenya,KEN,2017,58054934976.7769
Kenya,KEN,2016,55337606180.2969
Kenya,KEN,2015,52952688101.5328
Kenya,KEN,2014,50050106199.5091
Kenya,KEN,2013,48028265019.1936
Kiribati,KIR,2023,324260668.036299
Kiribati,KIR,2022,293588029.478995
Kiribati,KIR,2021,266167817.979069
Kiribati,KIR,2020,206774775.190957
Kiribati,KIR,2019,216818054.494711
Kiribati,KIR,2018,196202878.386231
Kiribati,KIR,2017,192985481.744606
Kiribati,KIR,2016,185981946.655783
Kiribati,KIR,2015,172228324.155391
Kiribati,KIR,2014,151351463.757664
Kiribati,KIR,2013,144201062.530704
"Korea, Dem. People's Rep.",PRK,2023,
"Korea, Dem. People's Rep.",PRK,2022,
"Korea, Dem. People's Rep.",PRK,2021,
"Korea, Dem. People's Rep.",PRK,2020,
"Korea, Dem. People's Rep.",PRK,2019,
"Korea, Dem. People's Rep.",PRK,2018,
"Korea, Dem. People's Rep.",PRK,2017,
"Korea, Dem. People's Rep.",PRK,2016,
"Korea, Dem. People's Rep.",PRK,2015,
"Korea, Dem. People's Rep.",PRK,2014,
"Korea, Dem. People's Rep.",PRK,2013,
"Korea, Rep.",KOR,2023,901114619290.853
"Korea, Rep.",KOR,2022,883267026282.743
"Korea, Rep.",KOR,2021,847527092811.486
"Korea, Rep.",KOR,2020,816983924540.542
"Korea, Rep.",KOR,2019,856748555363.845
"Korea, Rep.",KOR,2018,836894300508.414
"Korea, Rep.",KOR,2017,810318629224.914
"Korea, Rep.",KOR,2016,787764002439.987
"Korea, Rep.",KOR,2015,766423700376.453
"Korea, Rep.",KOR,2014,747154400192.993
"Korea, Rep.",KOR,2013,731856415889.243
Kosovo,XKX,2023,7406547198.93563
Kosovo,XKX,2022,7181232309.37526
Kosovo,XKX,2021,6942177358.45152
Kosovo,XKX,2020,6469249970.58713
Kosovo,XKX,2019,6312285740.01163
Kosovo,XKX,2018,5975574260.68409
Kosovo,XKX,2017,5725821789.29172
Kosovo,XKX,2016,5557006311.47961
Kosovo,XKX,2015,5356321044.70664
Kosovo,XKX,2014,5303408948.13146
Kosovo,XKX,2013,5009997767.45838
Kuwait,KWT,2023,52893973295.8738
Kuwait,KWT,2022,51596979657.6463
Kuwait,KWT,2021,50723572829.1238
Kuwait,KWT,2020,47145118233.1267
Kuwait,KWT,2019,53132603622.0984
Kuwait,KWT,2018,51870350104.1904
Kuwait,KWT,2017,49858788929.4384
Kuwait,KWT,2016,48154311547.7239
Kuwait,KWT,2015,47609508329.677
Kuwait,KWT,2014,46027463813.3581
Kuwait,KWT,2013,42820979204.8361
Kyrgyz Republic,KGZ,2023,10460701455.1912
Kyrgyz Republic,KGZ,2022,8818348152.31721
Kyrgyz Republic,KGZ,2021,7535038038.85012
Kyrgyz Republic,KGZ,2020,6341590805.96627
Kyrgyz Republic,KGZ,2019,6760265622.83961
Kyrgyz Republic,KGZ,2018,6708191176.06876
Kyrgyz Republic,KGZ,2017,6386664902.06261
Kyrgyz Republic,KGZ,2016,6008635336.36226
Kyrgyz Republic,KGZ,2015,6046860893.8448
Kyrgyz Republic,KGZ,2014,6104701869.08942
Kyrgyz Republic,KGZ,2013,5928144102.98195
Lao PDR,LAO,2023,
Lao PDR,LAO,2022,
Lao PDR,LAO,2021,
Lao PDR,LAO,2020,
Lao PDR,LAO,2019,
Lao PDR,LAO,2018,
Lao PDR,LAO,2017,
Lao PDR,LAO,2016,10741525239.1977
Lao PDR,LAO,2015,10275931664.7813
Lao PDR,LAO,2014,9833029748.87213
Lao PDR,LAO,2013,9394262380.68028
Latvia,LVA,2023,18363664431.3503
Latvia,LVA,2022,18531519714.7991
Latvia,LVA,2021,17638041991.5704
Latvia,LVA,2020,16323681228.1639
Latvia,LVA,2019,17143137065.5895
Latvia,LVA,2018,17162785353.8693
Latvia,LVA,2017,16564358401.9621
Latvia,LVA,2016,16112190845.55
Latvia,LVA,2015,15506713038.7441
Latvia,LVA,2014,15227349865.4183
Latvia,LVA,2013,15092082871.6017
Lebanon,LBN,2023,38886765502.2853
Lebanon,LBN,2022,38820770400.3435
Lebanon,LBN,2021,37947966968.0076
Lebanon,LBN,2020,37165087765.4492
Lebanon,LBN,2019,43240342245.918
Lebanon,LBN,2018,44298492157.9132
Lebanon,LBN,2017,45443027574.1833
Lebanon,LBN,2016,45479812945.127
Lebanon,LBN,2015,45338426841.791
Lebanon,LBN,2014,44486440661.5124
Lebanon,LBN,2013,42494721760.4567
Lesotho,LSO,2023,1975841512.3452
Lesotho,LSO,2022,1812550285.47734
Lesotho,LSO,2021,1816375171.2715
Lesotho,LSO,2020,1847150367.76142
Lesotho,LSO,2019,1818505706.68352
Lesotho,LSO,2018,1895643524.59694
Lesotho,LSO,2017,1893779657.55173
Lesotho,LSO,2016,1776800263.31528
Lesotho,LSO,2015,1806542397.63504
Lesotho,LSO,2014,1674782557.9549
Lesotho,LSO,2013,1668393327.90877
Liberia,LBR,2023,
Liberia,LBR,2022,
Liberia,LBR,2021,
Liberia,LBR,2020,
Liberia,LBR,2019,
Liberia,LBR,2018,
Liberia,LBR,2017,
Liberia,LBR,2016,
Liberia,LBR,2015,
Liberia,LBR,2014,
Liberia,LBR,2013,
Libya,LBY,2023,18155959701.0851
Libya,LBY,2022,17245731492.8588
Libya,LBY,2021,17465007703.9875
Libya,LBY,2020,17524386585.022
Libya,LBY,2019,16254778402.7521
Libya,LBY,2018,15676088234.8629
Libya,LBY,2017,17869327924.6878
Libya,LBY,2016,21489966501.8502
Libya,LBY,2015,21548497332.0494
Libya,LBY,2014,23333549901.7571
Libya,LBY,2013,24137969280.1138
Liechtenstein,LIE,2023,
Liechtenstein,LIE,2022,
Liechtenstein,LIE,2021,
Liechtenstein,LIE,2020,
Liechtenstein,LIE,2019,
Liechtenstein,LIE,2018,
Liechtenstein,LIE,2017,
Liechtenstein,LIE,2016,
Liechtenstein,LIE,2015,
Liechtenstein,LIE,2014,
Liechtenstein,LIE,2013,
Lithuania,LTU,2023,30868968838.8024
Lithuania,LTU,2022,30907150657.7822
Lithuania,LTU,2021,30345362514.0692
Lithuania,LTU,2020,28081566454.4164
Lithuania,LTU,2019,29004700155.1707
Lithuania,LTU,2018,28209446637.4829
Lithuania,LTU,2017,27241963208.7664
Lithuania,LTU,2016,26421277409.5123
Lithuania,LTU,2015,25457403807.598
Lithuania,LTU,2014,24435390161.7438
Lithuania,LTU,2013,23483572244.8667
Luxembourg,LUX,2023,24939955789.9166
Luxembourg,LUX,2022,24026513983.5502
Luxembourg,LUX,2021,22538833819.9533
Luxembourg,LUX,2020,20228537161.7107
Luxembourg,LUX,2019,21909857427.2631
Luxembourg,LUX,2018,21437498635.4736
Luxembourg,LUX,2017,20801298793.8253
Luxembourg,LUX,2016,20200221035.1154
Luxembourg,LUX,2015,19543946412.4285
Luxembourg,LUX,2014,18967004687.1758
Luxembourg,LUX,2013,18411682672.3169
"Macao SAR, China",MAC,2023,13503323576.517
"Macao SAR, China",MAC,2022,11601106442.8346
"Macao SAR, China",MAC,2021,12212418232.3455
"Macao SAR, China",MAC,2020,11281345124.4184
"Macao SAR, China",MAC,2019,13261286021.1295
"Macao SAR, China",MAC,2018,12711116925.2013
"Macao SAR, China",MAC,2017,12191231310.2754
"Macao SAR, China",MAC,2016,11907971373.9038
"Macao SAR, China",MAC,2015,12021851080.0305
"Macao SAR, China",MAC,2014,11742275825.758
"Macao SAR, China",MAC,2013,11117607063.6378
Madagascar,MDG,2023,10387770085.5252
Madagascar,MDG,2022,9953911993.63476
Madagascar,MDG,2021,9779180020.2286
Madagascar,MDG,2020,9507585121.65646
Madagascar,MDG,2019,9305300598.55625
Madagascar,MDG,2018,9032866925.30546
Madagascar,MDG,2017,8711183950.47132
Madagascar,MDG,2016,8612063842.64599
Madagascar,MDG,2015,8300555980.04671
Madagascar,MDG,2014,8060016562.5866
Madagascar,MDG,2013,8275144992.84215
Malawi,MWI,2023,
Malawi,MWI,2022,
Malawi,MWI,2021,
Malawi,MWI,2020,
Malawi,MWI,2019,
Malawi,MWI,2018,
Malawi,MWI,2017,
Malawi,MWI,2016,
Malawi,MWI,2015,
Malawi,MWI,2014,
Malawi,MWI,2013,
Malaysia,MYS,2023,243860786881.25
Malaysia,MYS,2022,233098329942.384
Malaysia,MYS,2021,209218803818.416
Malaysia,MYS,2020,205543058317.334
Malaysia,MYS,2019,213984276252.889
Malaysia,MYS,2018,198708220778.217
Malaysia,MYS,2017,184023278233.176
Malaysia,MYS,2016,172131945664.236
Malaysia,MYS,2015,162616927333.648
Malaysia,MYS,2014,153386812014.05
Malaysia,MYS,2013,143383794239.602
Maldives,MDV,2023,2982400330.25108
Maldives,MDV,2022,2678744300.89768
Maldives,MDV,2021,2327123187.50966
Maldives,MDV,2020,2128747678.85056
Maldives,MDV,2019,2530274808.02102
Maldives,MDV,2018,2364596862.13068
Maldives,MDV,2017,2143732457.91356
Maldives,MDV,2016,1901050789.37918
Maldives,MDV,2015,1688055769.46117
Maldives,MDV,2014,1665309066.60186
Maldives,MDV,2013,
Mali,MLI,2023,15942277172.6676
Mali,MLI,2022,15408399852.1061
Mali,MLI,2021,14706812444.0825
Mali,MLI,2020,14298130169.9399
Mali,MLI,2019,13972721105.5477
Mali,MLI,2018,13299566169.1701
Mali,MLI,2017,12779232405.0597
Mali,MLI,2016,12144402799.0123
Mali,MLI,2015,11506490861.079
Mali,MLI,2014,10811601047.5707
Mali,MLI,2013,10224323396.6869
Malta,MLT,2023,8770120951.798
Malta,MLT,2022,7773302235.46813
Malta,MLT,2021,7096616690.08346
Malta,MLT,2020,6409779814.98919
Malta,MLT,2019,7148001255.93311
Malta,MLT,2018,6764867049.05819
Malta,MLT,2017,6137263706.08388
Malta,MLT,2016,5755489986.69581
Malta,MLT,2015,5596103644.96664
Malta,MLT,2014,5412647140.0085
Malta,MLT,2013,5246667666.61226
Marshall Islands,MHL,2023,155108300.0
Marshall Islands,MHL,2022,167590700.0
Marshall Islands,MHL,2021,159869400.0
Marshall Islands,MHL,2020,165568200.0
Marshall Islands,MHL,2019,170821200.0
Marshall Islands,MHL,2018,160586300.0
Marshall Islands,MHL,2017,161883400.0
Marshall Islands,MHL,2016,147090700.0
Marshall Islands,MHL,2015,142193400.0
Marshall Islands,MHL,2014,143219900.0
Marshall Islands,MHL,2013,149729000.0
Mauritania,MRT,2023,5034897582.2295
Mauritania,MRT,2022,4887521619.53887
Mauritania,MRT,2021,4701408154.29866
Mauritania,MRT,2020,4550127187.07112
Mauritania,MRT,2019,4507019110.56655
Mauritania,MRT,2018,4393231763.45916
Mauritania,MRT,2017,4235270203.88765
Mauritania,MRT,2016,4119140816.53617
Mauritania,MRT,2015,3949085167.23063
Mauritania,MRT,2014,3785074704.8635
Mauritania,MRT,2013,3674655873.43888
Mauritius,MUS,2023,9230588546.48621
Mauritius,MUS,2022,8924436581.26945
Mauritius,MUS,2021,8602365491.95822
Mauritius,MUS,2020,8349497821.71288
Mauritius,MUS,2019,9859832564.84112
Mauritius,MUS,2018,9558577675.13628
Mauritius,MUS,2017,9260877433.72496
Mauritius,MUS,2016,8971149149.38565
Mauritius,MUS,2015,8713769407.84501
Mauritius,MUS,2014,8465554365.86431
Mauritius,MUS,2013,8248593421.74003
Mexico,MEX,2023,950659987888.525
Mexico,MEX,2022,912602357156.527
Mexico,MEX,2021,870542859121.609
Mexico,MEX,2020,802961362523.309
Mexico,MEX,2019,890535153621.151
Mexico,MEX,2018,882607451120.821
Mexico,MEX,2017,869880294807.03
Mexico,MEX,2016,855145126171.771
Mexico,MEX,2015,838984074978.04
Mexico,MEX,2014,817034438079.989
Mexico,MEX,2013,801172128624.169
"Micronesia, Fed. Sts.",FSM,2023,
"Micronesia, Fed. Sts.",FSM,2022,
"Micronesia, Fed. Sts.",FSM,2021,
"Micronesia, Fed. Sts.",FSM,2020,
"Micronesia, Fed. Sts.",FSM,2019,
"Micronesia, Fed. Sts.",FSM,2018,
"Micronesia, Fed. Sts.",FSM,2017,
"Micronesia, Fed. Sts.",FSM,2016,
"Micronesia, Fed. Sts.",FSM,2015,
"Micronesia, Fed. Sts.",FSM,2014,
"Micronesia, Fed. Sts.",FSM,2013,
Moldova,MDA,2023,8071335183.7906
Moldova,MDA,2022,8136442467.63412
Moldova,MDA,2021,8562919706.42691
Moldova,MDA,2020,7304297773.93737
Moldova,MDA,2019,7902871975.01653
Moldova,MDA,2018,7578270286.15853
Moldova,MDA,2017,7332466469.70645
Moldova,MDA,2016,6938439341.59873
Moldova,MDA,2015,6830058296.43475
Moldova,MDA,2014,6999792245.7906
Moldova,MDA,2013,6636409370.03911
Monaco,MCO,2023,
Monaco,MCO,2022,
Monaco,MCO,2021,
Monaco,MCO,2020,
Monaco,MCO,2019,
Monaco,MCO,2018,
Monaco,MCO,2017,
Monaco,MCO,2016,
Monaco,MCO,2015,
Monaco,MCO,2014,
Monaco,MCO,2013,
Mongolia,MNG,2023,10287169896.7231
Mongolia,MNG,2022,9373363652.42623
Mongolia,MNG,2021,8674213053.08275
Mongolia,MNG,2020,9213374661.72384
Mongolia,MNG,2019,9027569975.77325
Mongolia,MNG,2018,8529484368.98786
Mongolia,MNG,2017,7633959072.98238
Mongolia,MNG,2016,7319377292.93425
Mongolia,MNG,2015,7192706603.79565
Mongolia,MNG,2014,6651259120.89917
Mongolia,MNG,2013,6257205851.99917
Montenegro,MNE,2023,4607271076.05995
Montenegro,MNE,2022,4301478616.0464
Montenegro,MNE,2021,3791198977.96831
Montenegro,MNE,2020,3595142379.94148
Montenegro,MNE,2019,3769720231.74276
Montenegro,MNE,2018,3619780457.03228
Montenegro,MNE,2017,3510924712.54227
Montenegro,MNE,2016,3376581201.76938
Montenegro,MNE,2015,3147509771.9816
Montenegro,MNE,2014,3123863221.20011
Montenegro,MNE,2013,3032581580.44919
Morocco,MAR,2023,76358100738.9048
Morocco,MAR,2022,72863483133.4395
Morocco,MAR,2021,72756554150.5566
Morocco,MAR,2020,68024859231.1233
Morocco,MAR,2019,72062875682.1523
Morocco,MAR,2018,70528014189.8773
Morocco,MAR,2017,68795924116.4238
Morocco,MAR,2016,66336328627.1364
Morocco,MAR,2015,65103681269.8605
Morocco,MAR,2014,63560561016.0775
Morocco,MAR,2013,61625574629.6897
Mozambique,MOZ,2023,15401899930.1349
Mozambique,MOZ,2022,14115855514.86
Mozambique,MOZ,2021,13162532238.9664
Mozambique,MOZ,2020,12438427744.9342
Mozambique,MOZ,2019,12513943080.0973
Mozambique,MOZ,2018,11819729264.5696
Mozambique,MOZ,2017,11460208202.7756
Mozambique,MOZ,2016,11398725105.5256
Mozambique,MOZ,2015,10674609007.4366
Mozambique,MOZ,2014,10496240490.2953
Mozambique,MOZ,2013,9901366945.14571
Myanmar,MMR,2023,
Myanmar,MMR,2022,
Myanmar,MMR,2021,
Myanmar,MMR,2020,
Myanmar,MMR,2019,
Myanmar,MMR,2018,
Myanmar,MMR,2017,
Myanmar,MMR,2016,
Myanmar,MMR,2015,
Myanmar,MMR,2014,
Myanmar,MMR,2013,
Namibia,NAM,2023,9984915341.81897
Namibia,NAM,2022,9485432630.73885
Namibia,NAM,2021,8663345420.29873
Namibia,NAM,2020,7560531686.2291
Namibia,NAM,2019,8386231028.74175
Namibia,NAM,2018,8394728891.75458
Namibia,NAM,2017,8410754863.34686
Namibia,NAM,2016,9020239729.77322
Namibia,NAM,2015,7788631765.40207
Namibia,NAM,2014,6847979039.7721
Namibia,NAM,2013,6562028388.46784
Naoero,NRU,2023,
Naoero,NRU,2022,
Naoero,NRU,2021,
Naoero,NRU,2020,
Naoero,NRU,2019,
Naoero,NRU,2018,
Naoero,NRU,2017,
Naoero,NRU,2016,
Naoero,NRU,2015,
Naoero,NRU,2014,
Naoero,NRU,2013,
Nepal,NPL,2023,29526788899.9344
Nepal,NPL,2022,29316455082.2463
Nepal,NPL,2021,27441864321.8941
Nepal,NPL,2020,25416910041.565
Nepal,NPL,2019,24534629851.0491
Nepal,NPL,2018,22687946082.7252
Nepal,NPL,2017,21369483699.7643
Nepal,NPL,2016,21202540111.6356
Nepal,NPL,2015,20356551364.3903
Nepal,NPL,2014,19844038601.3848
Nepal,NPL,2013,19257881740.8133
Netherlands,NLD,2023,397920132741.643
Netherlands,NLD,2022,395013026937.9
Netherlands,NLD,2021,369386020368.84
Netherlands,NLD,2020,353627056714.939
Netherlands,NLD,2019,376728550953.5
Netherlands,NLD,2018,372840757630.84
Netherlands,NLD,2017,364193232738.694
Netherlands,NLD,2016,356182669172.681
Netherlands,NLD,2015,351510326443.359
Netherlands,NLD,2014,343894950643.428
Netherlands,NLD,2013,341629659749.22
New Caledonia,NCL,2023,
New Caledonia,NCL,2022,
New Caledonia,NCL,2021,
New Caledonia,NCL,2020,
New Caledonia,NCL,2019,
New Caledonia,NCL,2018,
New Caledonia,NCL,2017,
New Caledonia,NCL,2016,
New Caledonia,NCL,2015,5710558178.10183
New Caledonia,NCL,2014,
New Caledonia,NCL,2013,
New Zealand,NZL,2023,134803113065.484
New Zealand,NZL,2022,133329370284.191
New Zealand,NZL,2021,129060836278.048
New Zealand,NZL,2020,121845055189.357
New Zealand,NZL,2019,121722655635.5
New Zealand,NZL,2018,118732538833.938
New Zealand,NZL,2017,113634579073.656
New Zealand,NZL,2016,108414122673.381
New Zealand,NZL,2015,101897871301.801
New Zealand,NZL,2014,97802870618.5993
New Zealand,NZL,2013,94713492039.5719
Nicaragua,NIC,2023,11440029831.0387
Nicaragua,NIC,2022,10630505383.4652
Nicaragua,NIC,2021,9961947254.23239
Nicaragua,NIC,2020,9084109665.65095
Nicaragua,NIC,2019,9150004464.69804
Nicaragua,NIC,2018,9316996302.19986
Nicaragua,NIC,2017,9762109754.68205
Nicaragua,NIC,2016,9505509155.38941
Nicaragua,NIC,2015,8993173916.49694
Nicaragua,NIC,2014,8544616270.868
Nicaragua,NIC,2013,8197491731.4247
Niger,NER,2023,10107156235.5994
Niger,NER,2022,9483694282.38208
Niger,NER,2021,8625592181.70274
Niger,NER,2020,8453890572.37497
Niger,NER,2019,7941574931.4216
Niger,NER,2018,7503254781.67382
Niger,NER,2017,7314900930.79992
Niger,NER,2016,6873761148.07525
Niger,NER,2015,6520758998.91954
Niger,NER,2014,6101259119.70707
Niger,NER,2013,5979816279.27802
Nigeria,NGA,2023,
Nigeria,NGA,2022,
Nigeria,NGA,2021,
Nigeria,NGA,2020,
Nigeria,NGA,2019,
Nigeria,NGA,2018,
Nigeria,NGA,2017,
Nigeria,NGA,2016,
Nigeria,NGA,2015,
Nigeria,NGA,2014,
Nigeria,NGA,2013,
North Macedonia,MKD,2023,8876461942.72448
North Macedonia,MKD,2022,8732112481.33802
North Macedonia,MKD,2021,8276436668.63787
North Macedonia,MKD,2020,7622100311.38676
North Macedonia,MKD,2019,7903416473.37563
North Macedonia,MKD,2018,7618428887.58685
North Macedonia,MKD,2017,7347675944.31738
North Macedonia,MKD,2016,7197408218.05082
North Macedonia,MKD,2015,6928668821.68353
North Macedonia,MKD,2014,6634717980.87033
North Macedonia,MKD,2013,6492734763.13222
Northern Mariana Islands,MNP,2023,
Northern Mariana Islands,MNP,2022,640518918.918919
Northern Mariana Islands,MNP,2021,662441441.441441
Northern Mariana Islands,MNP,2020,596673873.873874
Northern Mariana Islands,MNP,2019,638612612.612612
Northern Mariana Islands,MNP,2018,636706306.306306
Northern Mariana Islands,MNP,2017,630987387.387387
Northern Mariana Islands,MNP,2016,567126126.126126
Northern Mariana Islands,MNP,2015,529000000.0
Northern Mariana Islands,MNP,2014,508030630.630631
Northern Mariana Islands,MNP,2013,473717117.117117
Norway,NOR,2023,214515035656.7
Norway,NOR,2022,216744156216.249
Norway,NOR,2021,202135579270.23
Norway,NOR,2020,190555957430.287
Norway,NOR,2019,199180407193.245
Norway,NOR,2018,195467066281.622
Norway,NOR,2017,190348124383.529
Norway,NOR,2016,184614239914.145
Norway,NOR,2015,180749612483.208
Norway,NOR,2014,174336178544.789
Norway,NOR,2013,169386256095.003
Oman,OMN,2023,39847251063.3495
Oman,OMN,2022,37762206421.3992
Oman,OMN,2021,35271333291.5211
Oman,OMN,2020,34677372391.971
Oman,OMN,2019,31656503382.4942
Oman,OMN,2018,32910271525.6623
Oman,OMN,2017,32603346934.13
Oman,OMN,2016,29829737665.6425
Oman,OMN,2015,28385955786.736
Oman,OMN,2014,27370309524.5641
Oman,OMN,2013,26307898920.0746
Pakistan,PAK,2023,368466227039.941
Pakistan,PAK,2022,361638605629.863
Pakistan,PAK,2021,337318489865.902
Pakistan,PAK,2020,308576786288.118
Pakistan,PAK,2019,317569726019.864
Pakistan,PAK,2018,300812518715.046
Pakistan,PAK,2017,280589777181.451
Pakistan,PAK,2016,262409407422.101
Pakistan,PAK,2015,243387911839.578
Pakistan,PAK,2014,236212451607.44
Pakistan,PAK,2013,223478609942.409
Palau,PLW,2023,179560824.719782
Palau,PLW,2022,193056264.585826
Palau,PLW,2021,194660597.401415
Palau,PLW,2020,204194244.145264
Palau,PLW,2019,201516289.078248
Palau,PLW,2018,203215444.318982
Palau,PLW,2017,205603135.952078
Palau,PLW,2016,205610920.422314
Palau,PLW,2015,194928000.0
Palau,PLW,2014,188938725.906402
Palau,PLW,2013,182749390.927742
Panama,PAN,2023,36023870578.2519
Panama,PAN,2022,34157818152.8728
Panama,PAN,2021,33025636608.407
Panama,PAN,2020,30958794231.5543
Panama,PAN,2019,33616845484.9702
Panama,PAN,2018,31449647066.5757
Panama,PAN,2017,30298368133.4239
Panama,PAN,2016,29540835600.069
Panama,PAN,2015,27705042300.0
Panama,PAN,2014,27120597919.7342
Panama,PAN,2013,25370675812.7817
Papua New Guinea,PNG,2023,
Papua New Guinea,PNG,2022,
Papua New Guinea,PNG,2021,
Papua New Guinea,PNG,2020,
Papua New Guinea,PNG,2019,
Papua New Guinea,PNG,2018,
Papua New Guinea,PNG,2017,
Papua New Guinea,PNG,2016,
Papua New Guinea,PNG,2015,
Papua New Guinea,PNG,2014,
Papua New Guinea,PNG,2013,
Paraguay,PRY,2023,28707792857.7558
Paraguay,PRY,2022,27877385829.4318
Paraguay,PRY,2021,27255089484.0685
Paraguay,PRY,2020,25691079206.0428
Paraguay,PRY,2019,26642371355.5952
Paraguay,PRY,2018,26167523396.1515
Paraguay,PRY,2017,25077646864.6207
Paraguay,PRY,2016,23934834950.2524
Paraguay,PRY,2015,23089828008.784
Paraguay,PRY,2014,22634558599.068
Paraguay,PRY,2013,21307280114.5877
Peru,PER,2023,148887579868.001
Peru,PER,2022,148788292505.994
Peru,PER,2021,143670407801.741
Peru,PER,2020,127565917935.331
Peru,PER,2019,141519580369.35
Peru,PER,2018,137072383789.176
Peru,PER,2017,132015506982.059
Peru,PER,2016,128614615775.002
Peru,PER,2015,123974426892.775
Peru,PER,2014,119185107595.323
Peru,PER,2013,114355515110.874
Philippines,PHL,2023,309494263402.144
Philippines,PHL,2022,293254870873.268
Philippines,PHL,2021,270808807210.11
Philippines,PHL,2020,259864641781.332
Philippines,PHL,2019,282328164876.796
Philippines,PHL,2018,266682150970.93
Philippines,PHL,2017,252145421824.445
Philippines,PHL,2016,237968751158.915
Philippines,PHL,2015,222090173334.236
Philippines,PHL,2014,208643961969.5
Philippines,PHL,2013,197234992239.818
Poland,POL,2023,365163469956.228
Poland,POL,2022,366084971481.629
Poland,POL,2021,348147022151.479
Poland,POL,2020,327823743202.016
Poland,POL,2019,338782358402.971
Poland,POL,2018,328136357607.11
Poland,POL,2017,312941610293.142
Poland,POL,2016,295049369942.963
Poland,POL,2015,284314100013.264
Poland,POL,2014,273597161427.245
Poland,POL,2013,265177742406.155
Portugal,PRT,2023,152336369205.313
Portugal,PRT,2022,148748470654.698
Portugal,PRT,2021,140892479657.457
Portugal,PRT,2020,134317906624.631
Portugal,PRT,2019,144053865822.743
Portugal,PRT,2018,139235485334.291
Portugal,PRT,2017,135760498227.741
Portugal,PRT,2016,133386975684.897
Portugal,PRT,2015,130312427693.018
Portugal,PRT,2014,128047371047.045
Portugal,PRT,2013,125124122711.856
Puerto Rico (US),PRI,2023,83185919839.2065
Puerto Rico (US),PRI,2022,81894145872.7505
Puerto Rico (US),PRI,2021,77166598852.9243
Puerto Rico (US),PRI,2020,63147663624.6045
Puerto Rico (US),PRI,2019,66470393945.0319
Puerto Rico (US),PRI,2018,63660311743.3102
Puerto Rico (US),PRI,2017,62012053217.1599
Puerto Rico (US),PRI,2016,60958657150.6582
Puerto Rico (US),PRI,2015,61640500000.0
Puerto Rico (US),PRI,2014,62387379556.2471
Puerto Rico (US),PRI,2013,64394748734.9532
Qatar,QAT,2023,
Qatar,QAT,2022,
Qatar,QAT,2021,
Qatar,QAT,2020,37637439618.8984
Qatar,QAT,2019,42032010695.0687
Qatar,QAT,2018,40856252938.8991
Qatar,QAT,2017,40030261078.1806
Qatar,QAT,2016,38569829220.0522
Qatar,QAT,2015,36052148159.3407
Qatar,QAT,2014,33498108205.3822
Qatar,QAT,2013,31012530891.102
Romania,ROU,2023,162403790429.479
Romania,ROU,2022,158406098671.681
Romania,ROU,2021,150234008487.434
Romania,ROU,2020,140439839675.607
Romania,ROU,2019,145719485318.283
Romania,ROU,2018,141291258915.246
Romania,ROU,2017,129191716687.507
Romania,ROU,2016,115794084424.308
Romania,ROU,2015,109194398835.45
Romania,ROU,2014,103102566946.713
Romania,ROU,2013,99077269715.6115
Russian Federation,RUS,2023,863318095613.809
Russian Federation,RUS,2022,794918253846.137
Russian Federation,RUS,2021,810840723826.538
Russian Federation,RUS,2020,738713737534.948
Russian Federation,RUS,2019,784947734281.979
Russian Federation,RUS,2018,756588416600.458
Russian Federation,RUS,2017,725968736381.542
Russian Federation,RUS,2016,700051426431.724
Russian Federation,RUS,2015,718280078079.808
Russian Federation,RUS,2014,793066434534.862
Russian Federation,RUS,2013,776981225099.339
Rwanda,RWA,2023,7882084412.97098
Rwanda,RWA,2022,7085013825.08602
Rwanda,RWA,2021,7246312410.6044
Rwanda,RWA,2020,7715619284.04658
Rwanda,RWA,2019,7411832614.27697
Rwanda,RWA,2018,7239493666.08399
Rwanda,RWA,2017,6686499493.35578
Rwanda,RWA,2016,7045964093.03918
Rwanda,RWA,2015,6793963845.49766
Rwanda,RWA,2014,5850598394.6207
Rwanda,RWA,2013,5405536250.56267
Samoa,WSM,2023,723668049.555617
Samoa,WSM,2022,738700831.130152
Samoa,WSM,2021,703197828.22328
Samoa,WSM,2020,632654345.312704
Samoa,WSM,2019,612751973.081876
Samoa,WSM,2018,608742351.255411
Samoa,WSM,2017,626134415.450545
Samoa,WSM,2016,602193072.161288
Samoa,WSM,2015,570512695.699237
Samoa,WSM,2014,567377818.244414
Samoa,WSM,2013,564889512.040108
San Marino,SMR,2023,703998937.016422
San Marino,SMR,2022,650260594.678769
San Marino,SMR,2021,562707223.32701
San Marino,SMR,2020,520866602.820115
San Marino,SMR,2019,550237098.490772
San Marino,SMR,2018,547254030.683442
San Marino,SMR,2017,551944696.020399
San Marino,SMR,2016,565215821.386433
San Marino,SMR,2015,573181016.374218
San Marino,SMR,2014,
San Marino,SMR,2013,
Sao Tome and Principe,STP,2023,399929324.351598
Sao Tome and Principe,STP,2022,395646054.630758
Sao Tome and Principe,STP,2021,369662578.257758
Sao Tome and Principe,STP,2020,366149844.224709
Sao Tome and Principe,STP,2019,374334728.290435
Sao Tome and Principe,STP,2018,361282099.53605
Sao Tome and Principe,STP,2017,345443103.498479
Sao Tome and Principe,STP,2016,315093009.948415
Sao Tome and Principe,STP,2015,280857539.538234
Sao Tome and Principe,STP,2014,304112373.631242
Sao Tome and Principe,STP,2013,268349909.297871
Saudi Arabia,SAU,2023,408171900975.865
Saudi Arabia,SAU,2022,378818141979.832
Saudi Arabia,SAU,2021,358104507344.58
Saudi Arabia,SAU,2020,336977350013.187
Saudi Arabia,SAU,2019,354171943389.364
Saudi Arabia,SAU,2018,332743967763.653
Saudi Arabia,SAU,2017,328331283056.674
Saudi Arabia,SAU,2016,309758007470.572
Saudi Arabia,SAU,2015,297310933333.333
Saudi Arabia,SAU,2014,271341380148.379
Saudi Arabia,SAU,2013,252992898614.638
Senegal,SEN,2023,17875949093.9555
Senegal,SEN,2022,17024930936.7057
Senegal,SEN,2021,16394861824.5329
Senegal,SEN,2020,15861923515.3721
Senegal,SEN,2019,15503187408.027
Senegal,SEN,2018,14931841073.3214
Senegal,SEN,2017,14254880905.6414
Senegal,SEN,2016,13591511075.6827
Senegal,SEN,2015,12908633279.445
Senegal,SEN,2014,12359822761.1744
Senegal,SEN,2013,11742892447.8356
Serbia,SRB,2023,35179899329.9836
Serbia,SRB,2022,35006939893.6667
Serbia,SRB,2021,33831367394.5137
Serbia,SRB,2020,31408641942.0997
Serbia,SRB,2019,32066650228.1543
Serbia,SRB,2018,30930445513.4752
Serbia,SRB,2017,30084672336.0519
Serbia,SRB,2016,29451531399.6473
Serbia,SRB,2015,28902339069.6335
Serbia,SRB,2014,29005218143.8992
Serbia,SRB,2013,29079973708.1371
Seychelles,SYC,2023,1252648193.46976
Seychelles,SYC,2022,1342154977.95143
Seychelles,SYC,2021,1368695802.22739
Seychelles,SYC,2020,1223852766.26828
Seychelles,SYC,2019,1226559155.06079
Seychelles,SYC,2018,1205457789.13597
Seychelles,SYC,2017,1094694721.99534
Seychelles,SYC,2016,1007571982.73823
Seychelles,SYC,2015,832741366.651833
Seychelles,SYC,2014,843427337.406296
Seychelles,SYC,2013,649075194.820101
Sierra Leone,SLE,2023,10212792651.6671
Sierra Leone,SLE,2022,9994088945.73137
Sierra Leone,SLE,2021,9303213526.37775
Sierra Leone,SLE,2020,8792599092.95871
Sierra Leone,SLE,2019,9423759170.91684
Sierra Leone,SLE,2018,8638652710.73657
Sierra Leone,SLE,2017,7389175558.34753
Sierra Leone,SLE,2016,7068243785.64889
Sierra Leone,SLE,2015,6158019070.13396
Sierra Leone,SLE,2014,7501868760.06055
Sierra Leone,SLE,2013,7728965212.41457
Singapore,SGP,2023,140214790973.397
Singapore,SGP,2022,135202662157.002
Singapore,SGP,2021,122730020184.387
Singapore,SGP,2020,113933482443.22
Singapore,SGP,2019,131976797046.897
Singapore,SGP,2018,127444220173.477
Singapore,SGP,2017,122062589784.154
Singapore,SGP,2016,118122597421.49
Singapore,SGP,2015,114446347716.982
Singapore,SGP,2014,108840688814.94
Singapore,SGP,2013,105053588638.554
Sint Maarten (Dutch part),SXM,2023,
Sint Maarten (Dutch part),SXM,2022,
Sint Maarten (Dutch part),SXM,2021,
Sint Maarten (Dutch part),SXM,2020,
Sint Maarten (Dutch part),SXM,2019,
Sint Maarten (Dutch part),SXM,2018,
Sint Maarten (Dutch part),SXM,2017,
Sint Maarten (Dutch part),SXM,2016,
Sint Maarten (Dutch part),SXM,2015,
Sint Maarten (Dutch part),SXM,2014,
Sint Maarten (Dutch part),SXM,2013,
Slovak Republic,SVK,2023,58851196121.2913
Slovak Republic,SVK,2022,60621245888.7148
Slovak Republic,SVK,2021,57774724844.112
Slovak Republic,SVK,2020,56055201627.715
Slovak Republic,SVK,2019,55824410729.4407
Slovak Republic,SVK,2018,54300090900.3072
Slovak Republic,SVK,2017,52149193854.8197
Slovak Republic,SVK,2016,49221394339.4238
Slovak Republic,SVK,2015,47494208220.7344
Slovak Republic,SVK,2014,46020417010.887
Slovak Republic,SVK,2013,44902650859.9774
Slovenia,SVN,2023,28844420252.3822
Slovenia,SVN,2022,28849891515.2868
Slovenia,SVN,2021,27757251012.4258
Slovenia,SVN,2020,24947940241.5346
Slovenia,SVN,2019,26582693930.2801
Slovenia,SVN,2018,25197100595.2715
Slovenia,SVN,2017,24367325773.2634
Slovenia,SVN,2016,23771100891.5911
Slovenia,SVN,2015,22836399287.0488
Slovenia,SVN,2014,22299630571.4134
Slovenia,SVN,2013,22049608240.7165
Solomon Islands,SLB,2023,1092667823.79039
Solomon Islands,SLB,2022,978854392.897751
Solomon Islands,SLB,2021,904683382.833276
Solomon Islands,SLB,2020,810798486.502456
Solomon Islands,SLB,2019,943399877.759879
Solomon Islands,SLB,2018,922690239.067871
Solomon Islands,SLB,2017,858952707.678032
Solomon Islands,SLB,2016,858198840.350439
Solomon Islands,SLB,2015,829861754.517455
Solomon Islands,SLB,2014,810232323.23697
Solomon Islands,SLB,2013,785145625.87826
"Somalia, Fed. Rep.",SOM,2023,10959872427.3631
"Somalia, Fed. Rep.",SOM,2022,10378084365.8538
"Somalia, Fed. Rep.",SOM,2021,9910035461.23595
"Somalia, Fed. Rep.",SOM,2020,9678465810.87431
"Somalia, Fed. Rep.",SOM,2019,9748018532.71438
"Somalia, Fed. Rep.",SOM,2018,9677647543.55854
"Somalia, Fed. Rep.",SOM,2017,9471576701.73759
"Somalia, Fed. Rep.",SOM,2016,8200519088.6779
"Somalia, Fed. Rep.",SOM,2015,7645037250.00146
"Somalia, Fed. Rep.",SOM,2014,7040596989.96948
"Somalia, Fed. Rep.",SOM,2013,6474228551.53881
South Africa,ZAF,2023,241861157450.179
South Africa,ZAF,2022,241313835444.329
South Africa,ZAF,2021,235100789446.854
South Africa,ZAF,2020,221782807916.428
South Africa,ZAF,2019,236247128918.412
South Africa,ZAF,2018,233257112793.807
South Africa,ZAF,2017,226106336608.97
South Africa,ZAF,2016,222295711043.315
South Africa,ZAF,2015,220788691538.504
South Africa,ZAF,2014,216125448524.395
South Africa,ZAF,2013,214580202702.597
South Sudan,SSD,2023,
South Sudan,SSD,2022,
South Sudan,SSD,2021,
South Sudan,SSD,2020,
South Sudan,SSD,2019,
South Sudan,SSD,2018,
South Sudan,SSD,2017,
South Sudan,SSD,2016,
South Sudan,SSD,2015,
South Sudan,SSD,2014,
South Sudan,SSD,2013,
Spain,ESP,2023,770636659303.582
Spain,ESP,2022,757170564826.336
Spain,ESP,2021,721742038106.98
Spain,ESP,2020,673862000240.917
Spain,ESP,2019,766374133109.869
Spain,ESP,2018,757724650691.338
Spain,ESP,2017,744811578574.553
Spain,ESP,2016,722582206693.066
Spain,ESP,2015,703879415864.062
Spain,ESP,2014,683406953481.58
Spain,ESP,2013,671749880225.768
Sri Lanka,LKA,2023,58644660508.542
Sri Lanka,LKA,2022,59252375640.0984
Sri Lanka,LKA,2021,58551568386.9185
Sri Lanka,LKA,2020,57014490041.4704
Sri Lanka,LKA,2019,60501717567.291
Sri Lanka,LKA,2018,58272766251.9213
Sri Lanka,LKA,2017,55639317753.6527
Sri Lanka,LKA,2016,55978039088.8953
Sri Lanka,LKA,2015,54410778716.5789
Sri Lanka,LKA,2014,
Sri Lanka,LKA,2013,
St. Kitts and Nevis,KNA,2023,
St. Kitts and Nevis,KNA,2022,
St. Kitts and Nevis,KNA,2021,
St. Kitts and Nevis,KNA,2020,
St. Kitts and Nevis,KNA,2019,
St. Kitts and Nevis,KNA,2018,
St. Kitts and Nevis,KNA,2017,
St. Kitts and Nevis,KNA,2016,
St. Kitts and Nevis,KNA,2015,
St. Kitts and Nevis,KNA,2014,
St. Kitts and Nevis,KNA,2013,
St. Lucia,LCA,2023,
St. Lucia,LCA,2022,
St. Lucia,LCA,2021,
St. Lucia,LCA,2020,
St. Lucia,LCA,2019,
St. Lucia,LCA,2018,
St. Lucia,LCA,2017,
St. Lucia,LCA,2016,
St. Lucia,LCA,2015,
St. Lucia,LCA,2014,
St. Lucia,LCA,2013,
St. Martin (French part),MAF,2023,
St. Martin (French part),MAF,2022,
St. Martin (French part),MAF,2021,
St. Martin (French part),MAF,2020,
St. Martin (French part),MAF,2019,
St. Martin (French part),MAF,2018,
St. Martin (French part),MAF,2017,
St. Martin (French part),MAF,2016,
St. Martin (French part),MAF,2015,
St. Martin (French part),MAF,2014,
St. Martin (French part),MAF,2013,
St. Vincent and the Grenadines,VCT,2023,
St. Vincent and the Grenadines,VCT,2022,
St. Vincent and the Grenadines,VCT,2021,
St. Vincent and the Grenadines,VCT,2020,
St. Vincent and the Grenadines,VCT,2019,
St. Vincent and the Grenadines,VCT,2018,
St. Vincent and the Grenadines,VCT,2017,
St. Vincent and the Grenadines,VCT,2016,
St. Vincent and the Grenadines,VCT,2015,
St. Vincent and the Grenadines,VCT,2014,
St. Vincent and the Grenadines,VCT,2013,
Sudan,SDN,2023,31233216502.0062
Sudan,SDN,2022,43621810779.6417
Sudan,SDN,2021,43960305124.137
Sudan,SDN,2020,44337436539.0288
Sudan,SDN,2019,45896168115.2711
Sudan,SDN,2018,46160362749.5075
Sudan,SDN,2017,47199191437.6593
Sudan,SDN,2016,46336118157.9693
Sudan,SDN,2015,44129636363.6364
Sudan,SDN,2014,42390372212.6373
Sudan,SDN,2013,38536701968.1269
Suriname,SUR,2023,
Suriname,SUR,2022,
Suriname,SUR,2021,
Suriname,SUR,2020,
Suriname,SUR,2019,
Suriname,SUR,2018,
Suriname,SUR,2017,
Suriname,SUR,2016,
Suriname,SUR,2015,
Suriname,SUR,2014,
Suriname,SUR,2013,
Sweden,SWE,2023,263090779391.506
Sweden,SWE,2022,267392713762.948
Sweden,SWE,2021,260166703182.698
Sweden,SWE,2020,246246471563.319
Sweden,SWE,2019,253856163152.549
Sweden,SWE,2018,251877113520.21
Sweden,SWE,2017,247211968424.718
Sweden,SWE,2016,241174876371.867
Sweden,SWE,2015,236078432224.912
Sweden,SWE,2014,226602660704.133
Sweden,SWE,2013,220230053018.607
Switzerland,CHE,2023,402404623481.285
Switzerland,CHE,2022,396823151598.651
Switzerland,CHE,2021,378399587853.565
Switzerland,CHE,2020,370346128457.655
Switzerland,CHE,2019,384817898626.645
Switzerland,CHE,2018,379441278241.938
Switzerland,CHE,2017,379129743214.024
Switzerland,CHE,2016,373689757817.174
Switzerland,CHE,2015,368833743622.252
Switzerland,CHE,2014,360283853537.956
Switzerland,CHE,2013,357058838354.935
Syrian Arab Republic,SYR,2023,
Syrian Arab Republic,SYR,2022,5441008184.62704
Syrian Arab Republic,SYR,2021,6127963189.54566
Syrian Arab Republic,SYR,2020,4917407834.42136
Syrian Arab Republic,SYR,2019,8475116825.5353
Syrian Arab Republic,SYR,2018,6119259464.71598
Syrian Arab Republic,SYR,2017,9980074443.68377
Syrian Arab Republic,SYR,2016,15535902953.0413
Syrian Arab Republic,SYR,2015,15284035842.4333
Syrian Arab Republic,SYR,2014,22923673157.2231
Syrian Arab Republic,SYR,2013,27399644280.8147
Tajikistan,TJK,2023,10363553224.6542
Tajikistan,TJK,2022,9504992987.83751
Tajikistan,TJK,2021,8231940282.16465
Tajikistan,TJK,2020,7869841720.36194
Tajikistan,TJK,2019,7618650026.13921
Tajikistan,TJK,2018,7258155387.73955
Tajikistan,TJK,2017,6978566889.9864
Tajikistan,TJK,2016,6669790464.3216
Tajikistan,TJK,2015,5892115953.66436
Tajikistan,TJK,2014,6919151659.538
Tajikistan,TJK,2013,6795621834.12627
Tanzania,TZA,2023,38572798800.647
Tanzania,TZA,2022,37742464579.9193
Tanzania,TZA,2021,36082662122.2752
Tanzania,TZA,2020,35271419474.387
Tanzania,TZA,2019,34940640880.6972
Tanzania,TZA,2018,33878886963.4717
Tanzania,TZA,2017,31899945447.9674
Tanzania,TZA,2016,30618273123.9507
Tanzania,TZA,2015,30279416170.7782
Tanzania,TZA,2014,28494882989.8438
Tanzania,TZA,2013,27047990625.1643
Thailand,THA,2023,268954121510.661
Thailand,THA,2022,252062465555.01
Thailand,THA,2021,237150637891.521
Thailand,THA,2020,235728399546.326
Thailand,THA,2019,237584388903.174
Thailand,THA,2018,228521611380.281
Thailand,THA,2017,218525992212.841
Thailand,THA,2016,211980237902.792
Thailand,THA,2015,206044362022.73
Thailand,THA,2014,200814632453.919
Thailand,THA,2013,199749558859.128
Timor-Leste,TLS,2023,1196702500.0
Timor-Leste,TLS,2022,1157193300.0
Timor-Leste,TLS,2021,1014903000.0
Timor-Leste,TLS,2020,1040200700.0
Timor-Leste,TLS,2019,1057664900.0
Timor-Leste,TLS,2018,1008561400.0
Timor-Leste,TLS,2017,988159300.0
Timor-Leste,TLS,2016,959685100.0
Timor-Leste,TLS,2015,923691800.0
Timor-Leste,TLS,2014,940232200.0
Timor-Leste,TLS,2013,890439400.0
Togo,TGO,2023,6348711110.49162
Togo,TGO,2022,5988407252.95087
Togo,TGO,2021,5723605642.78282
Togo,TGO,2020,5342852845.30082
Togo,TGO,2019,5276972738.4003
Togo,TGO,2018,5029123056.20213
Togo,TGO,2017,4802550334.40722
Togo,TGO,2016,4636064908.35301
Togo,TGO,2015,4460114725.26716
Togo,TGO,2014,4238683394.10764
Togo,TGO,2013,4044673368.34921
Tonga,TON,2023,501339070.032494
Tonga,TON,2022,462346782.040037
Tonga,TON,2021,436939249.37339
Tonga,TON,2020,487650076.290595
Tonga,TON,2019,501720906.200724
Tonga,TON,2018,492854343.902798
Tonga,TON,2017,473222161.992263
Tonga,TON,2016,468709345.769314
Tonga,TON,2015,440408179.859751
Tonga,TON,2014,409473007.988981
Tonga,TON,2013,401648490.786467
Trinidad and Tobago,TTO,2023,
Trinidad and Tobago,TTO,2022,
Trinidad and Tobago,TTO,2021,
Trinidad and Tobago,TTO,2020,
Trinidad and Tobago,TTO,2019,
Trinidad and Tobago,TTO,2018,
Trinidad and Tobago,TTO,2017,
Trinidad and Tobago,TTO,2016,
Trinidad and Tobago,TTO,2015,
Trinidad and Tobago,TTO,2014,
Trinidad and Tobago,TTO,2013,
Tunisia,TUN,2023,36308558449.6513
Tunisia,TUN,2022,36005239452.1569
Tunisia,TUN,2021,35317036684.7325
Tunisia,TUN,2020,34192462384.7784
Tunisia,TUN,2019,36043472939.236
Tunisia,TUN,2018,35205904682.2892
Tunisia,TUN,2017,34297477029.2891
Tunisia,TUN,2016,33434419780.9563
Tunisia,TUN,2015,32413840565.8574
Tunisia,TUN,2014,31408554745.5902
Tunisia,TUN,2013,30171828883.5373
Turkiye,TUR,2023,863667526630.885
Turkiye,TUR,2022,781768354075.714
Turkiye,TUR,2021,672999757997.607
Turkiye,TUR,2020,582123971118.114
Turkiye,TUR,2019,561680017625.433
Turkiye,TUR,2018,554143551242.026
Turkiye,TUR,2017,549770648704.733
Turkiye,TUR,2016,518705835599.532
Turkiye,TUR,2015,499795011413.565
Turkiye,TUR,2014,471478507247.7
Turkiye,TUR,2013,456402165753.065
Turkmenistan,TKM,2023,
Turkmenistan,TKM,2022,
Turkmenistan,TKM,2021,
Turkmenistan,TKM,2020,
Turkmenistan,TKM,2019,
Turkmenistan,TKM,2018,
Turkmenistan,TKM,2017,
Turkmenistan,TKM,2016,
Turkmenistan,TKM,2015,
Turkmenistan,TKM,2014,
Turkmenistan,TKM,2013,
Turks and Caicos Islands,TCA,2023,
Turks and Caicos Islands,TCA,2022,
Turks and Caicos Islands,TCA,2021,
Turks and Caicos Islands,TCA,2020,
Turks and Caicos Islands,TCA,2019,
Turks and Caicos Islands,TCA,2018,
Turks and Caicos Islands,TCA,2017,
Turks and Caicos Islands,TCA,2016,
Turks and Caicos Islands,TCA,2015,
Turks and Caicos Islands,TCA,2014,
Turks and Caicos Islands,TCA,2013,
Tuvalu,TUV,2023,
Tuvalu,TUV,2022,
Tuvalu,TUV,2021,
Tuvalu,TUV,2020,
Tuvalu,TUV,2019,
Tuvalu,TUV,2018,
Tuvalu,TUV,2017,
Tuvalu,TUV,2016,
Tuvalu,TUV,2015,
Tuvalu,TUV,2014,
Tuvalu,TUV,2013,
Uganda,UGA,2023,34338046420.2008
Uganda,UGA,2022,33106767232.6616
Uganda,UGA,2021,31762292268.8666
Uganda,UGA,2020,29975475270.5739
Uganda,UGA,2019,29362940656.6129
Uganda,UGA,2018,27472799621.2836
Uganda,UGA,2017,25177925241.5035
Uganda,UGA,2016,25187941726.9755
Uganda,UGA,2015,24857417485.8143
Uganda,UGA,2014,22407293993.2044
Uganda,UGA,2013,21858233360.3351
Ukraine,UKR,2023,68930584421.9198
Ukraine,UKR,2022,66069259738.7534
Ukraine,UKR,2021,91132105547.721
Ukraine,UKR,2020,85361635134.0224
Ukraine,UKR,2019,83966032747.8966
Ukraine,UKR,2018,75688394624.5258
Ukraine,UKR,2017,69236401426.1505
Ukraine,UKR,2016,63329966841.7152
Ukraine,UKR,2015,61676934146.6749
Ukraine,UKR,2014,76695120343.5191
Ukraine,UKR,2013,87618139883.2328
United Arab Emirates,ARE,2023,240145181814.662
United Arab Emirates,ARE,2022,210450793707.522
United Arab Emirates,ARE,2021,176248145565.271
United Arab Emirates,ARE,2020,172008368266.93
United Arab Emirates,ARE,2019,173841427288.082
United Arab Emirates,ARE,2018,163285208256.665
United Arab Emirates,ARE,2017,162951392183.103
United Arab Emirates,ARE,2016,158459691280.949
United Arab Emirates,ARE,2015,153562695711.368
United Arab Emirates,ARE,2014,150911070573.026
United Arab Emirates,ARE,2013,134881522892.568
United Kingdom,GBR,2023,2046547454512.93
United Kingdom,GBR,2022,2054655069079.73
United Kingdom,GBR,2021,1908901242579.7
United Kingdom,GBR,2020,1779155463027.86
United Kingdom,GBR,2019,2042894836466.87
United Kingdom,GBR,2018,2020054597814.88
United Kingdom,GBR,2017,1979129708486.65
United Kingdom,GBR,2016,1938979652611.4
United Kingdom,GBR,2015,1872228958025.37
United Kingdom,GBR,2014,1818341467409.33
United Kingdom,GBR,2013,1769299382637.19
United States,USA,2023,15205695881388.2
United States,USA,2022,14825301820181.0
United States,USA,2021,14392916914486.1
United States,USA,2020,13229633222237.6
United States,USA,2019,13571418969145.2
United States,USA,2018,13286129990714.5
United States,USA,2017,12931670052686.5
United States,USA,2016,12599282433475.9
United States,USA,2015,12297438000000.0
United States,USA,2014,11896231643654.0
United States,USA,2013,11568799472428.6
Uruguay,URY,2023,
Uruguay,URY,2022,
Uruguay,URY,2021,
Uruguay,URY,2020,
Uruguay,URY,2019,
Uruguay,URY,2018,
Uruguay,URY,2017,
Uruguay,URY,2016,
Uruguay,URY,2015,38548534913.7368
Uruguay,URY,2014,
Uruguay,URY,2013,
Uzbekistan,UZB,2023,113832884919.952
Uzbekistan,UZB,2022,106407086051.056
Uzbekistan,UZB,2021,95653617100.1366
Uzbekistan,UZB,2020,85678385224.8282
Uzbekistan,UZB,2019,87741874089.3324
Uzbekistan,UZB,2018,82812886803.9245
Uzbekistan,UZB,2017,78060222008.9916
Uzbekistan,UZB,2016,74840537200.7961
Uzbekistan,UZB,2015,68232701670.701
Uzbekistan,UZB,2014,60855478323.1728
Uzbekistan,UZB,2013,55568048539.7585
Vanuatu,VUT,2023,1779805547.23952
Vanuatu,VUT,2022,1808326259.58336
Vanuatu,VUT,2021,1940730536.88234
Vanuatu,VUT,2020,1904036232.31441
Vanuatu,VUT,2019,1528496894.59343
Vanuatu,VUT,2018,1100865513.32134
Vanuatu,VUT,2017,1281677113.56802
Vanuatu,VUT,2016,811425386.891893
Vanuatu,VUT,2015,690426416.41623
Vanuatu,VUT,2014,744983010.361403
Vanuatu,VUT,2013,727506033.015932
"Venezuela, RB",VEN,2023,
"Venezuela, RB",VEN,2022,
"Venezuela, RB",VEN,2021,
"Venezuela, RB",VEN,2020,
"Venezuela, RB",VEN,2019,
"Venezuela, RB",VEN,2018,
"Venezuela, RB",VEN,2017,
"Venezuela, RB",VEN,2016,
"Venezuela, RB",VEN,2015,
"Venezuela, RB",VEN,2014,
"Venezuela, RB",VEN,2013,
Viet Nam,VNM,2023,211350963341.813
Viet Nam,VNM,2022,205048787316.625
Viet Nam,VNM,2021,190071178416.379
Viet Nam,VNM,2020,186033412572.622
Viet Nam,VNM,2019,185329161757.945
Viet Nam,VNM,2018,173172455389.594
Viet Nam,VNM,2017,161994813273.707
Viet Nam,VNM,2016,151114564620.996
Viet Nam,VNM,2015,141958257041.8
Viet Nam,VNM,2014,130488332605.754
Viet Nam,VNM,2013,122777881638.838
Virgin Islands (U.S.),VIR,2023,
Virgin Islands (U.S.),VIR,2022,2549519967.72892
Virgin Islands (U.S.),VIR,2021,2575377168.21299
Virgin Islands (U.S.),VIR,2020,2546417103.67083
Virgin Islands (U.S.),VIR,2019,2668463089.95563
Virgin Islands (U.S.),VIR,2018,2514354175.07059
Virgin Islands (U.S.),VIR,2017,2499874142.79952
Virgin Islands (U.S.),VIR,2016,2556759983.86446
Virgin Islands (U.S.),VIR,2015,2564000000.0
Virgin Islands (U.S.),VIR,2014,2510217022.99314
Virgin Islands (U.S.),VIR,2013,2538142799.51593
West Bank and Gaza,PSE,2023,15463000000.0
West Bank and Gaza,PSE,2022,15541400000.0
West Bank and Gaza,PSE,2021,13207200000.0
West Bank and Gaza,PSE,2020,12281400000.0
West Bank and Gaza,PSE,2019,14126500000.0
West Bank and Gaza,PSE,2018,13570100000.0
West Bank and Gaza,PSE,2017,13420300000.0
West Bank and Gaza,PSE,2016,13569000000.0
West Bank and Gaza,PSE,2015,12348300000.0
West Bank and Gaza,PSE,2014,11926900000.0
West Bank and Gaza,PSE,2013,11731500000.0
"Yemen, Rep.",YEM,2023,
"Yemen, Rep.",YEM,2022,
"Yemen, Rep.",YEM,2021,
"Yemen, Rep.",YEM,2020,
"Yemen, Rep.",YEM,2019,
"Yemen, Rep.",YEM,2018,42539463281.5213
"Yemen, Rep.",YEM,2017,42463849849.9605
"Yemen, Rep.",YEM,2016,42153757190.9606
"Yemen, Rep.",YEM,2015,42441806544.5748
"Yemen, Rep.",YEM,2014,51473718268.4988
"Yemen, Rep.",YEM,2013,51571029789.8455
Zambia,ZMB,2023,
Zambia,ZMB,2022,
Zambia,ZMB,2021,
Zambia,ZMB,2020,
Zambia,ZMB,2019,
Zambia,ZMB,2018,
Zambia,ZMB,2017,
Zambia,ZMB,2016,
Zambia,ZMB,2015,9901967679.50679
Zambia,ZMB,2014,
Zambia,ZMB,2013,
Zimbabwe,ZWE,2023,14065781842.8619
Zimbabwe,ZWE,2022,13612904959.1941
Zimbabwe,ZWE,2021,12483865279.6201
Zimbabwe,ZWE,2020,12237006556.0823
Zimbabwe,ZWE,2019,13173125105.4904
Zimbabwe,ZWE,2018,14336439422.5624
Zimbabwe,ZWE,2017,17289921569.2992
Zimbabwe,ZWE,2016,16648594671.841
Zimbabwe,ZWE,2015,17879250000.0
Zimbabwe,ZWE,2014,15032636797.3482
Zimbabwe,ZWE,2013,14912333675.4167
