country_name,iso3,year,household_consumption_expenditure_per_capita_constant_2015_usd
Africa Eastern and Southern,AFE,2023,1005.91558275564
Africa Eastern and Southern,AFE,2022,1004.75899372442
Africa Eastern and Southern,AFE,2021,989.489654372229
Africa Eastern and Southern,AFE,2020,958.960804168125
Africa Eastern and Southern,AFE,2019,995.18756861241
Africa Eastern and Southern,AFE,2018,1006.38312271641
Africa Eastern and Southern,AFE,2017,1005.18413518342
Africa Eastern and Southern,AFE,2016,988.884422392928
Africa Eastern and Southern,AFE,2015,995.190186056978
Africa Eastern and Southern,AFE,2014,991.582307655132
Africa Eastern and Southern,AFE,2013,978.764497243495
Africa Western and Central,AFW,2023,
Africa Western and Central,AFW,2022,
Africa Western and Central,AFW,2021,
Africa Western and Central,AFW,2020,
Africa Western and Central,AFW,2019,
Africa Western and Central,AFW,2018,
Africa Western and Central,AFW,2017,
Africa Western and Central,AFW,2016,
Africa Western and Central,AFW,2015,
Africa Western and Central,AFW,2014,
Africa Western and Central,AFW,2013,
Arab World,ARB,2023,3476.47353325877
Arab World,ARB,2022,3386.47781055379
Arab World,ARB,2021,3286.70120253264
Arab World,ARB,2020,3191.90479404482
Arab World,ARB,2019,3338.83066191549
Arab World,ARB,2018,3285.59612897374
Arab World,ARB,2017,3305.6633309139
Arab World,ARB,2016,3273.04187273355
Arab World,ARB,2015,3236.86923016697
Arab World,ARB,2014,3240.28341374079
Arab World,ARB,2013,3151.68453625632
Caribbean small states,CSS,2023,
Caribbean small states,CSS,2022,
Caribbean small states,CSS,2021,
Caribbean small states,CSS,2020,
Caribbean small states,CSS,2019,
Caribbean small states,CSS,2018,
Caribbean small states,CSS,2017,
Caribbean small states,CSS,2016,
Caribbean small states,CSS,2015,
Caribbean small states,CSS,2014,
Caribbean small states,CSS,2013,
Central Europe and the Baltics,CEB,2023,9420.18166609774
Central Europe and the Baltics,CEB,2022,9434.29908136368
Central Europe and the Baltics,CEB,2021,9016.88971873435
Central Europe and the Baltics,CEB,2020,8410.762341066
Central Europe and the Baltics,CEB,2019,8601.06999593166
Central Europe and the Baltics,CEB,2018,8315.03320682552
Central Europe and the Baltics,CEB,2017,7879.52181477251
Central Europe and the Baltics,CEB,2016,7405.92437915783
Central Europe and the Baltics,CEB,2015,7090.95536153301
Central Europe and the Baltics,CEB,2014,6809.41093309522
Central Europe and the Baltics,CEB,2013,6615.83760723759
Early-demographic dividend,EAR,2023,2455.3947856393
Early-demographic dividend,EAR,2022,2371.79790123307
Early-demographic dividend,EAR,2021,2241.18573082738
Early-demographic dividend,EAR,2020,2082.90763850924
Early-demographic dividend,EAR,2019,2204.44986891553
Early-demographic dividend,EAR,2018,2167.04610361347
Early-demographic dividend,EAR,2017,2122.78715497436
Early-demographic dividend,EAR,2016,2059.4749125354
Early-demographic dividend,EAR,2015,1998.69474304246
Early-demographic dividend,EAR,2014,1936.44630263196
Early-demographic dividend,EAR,2013,1896.7265128314
East Asia & Pacific,EAS,2023,5937.47034261346
East Asia & Pacific,EAS,2022,5593.56360806371
East Asia & Pacific,EAS,2021,5454.39492112042
East Asia & Pacific,EAS,2020,5088.16924050397
East Asia & Pacific,EAS,2019,5300.71869894483
East Asia & Pacific,EAS,2018,5145.19620053047
East Asia & Pacific,EAS,2017,4921.46297947212
East Asia & Pacific,EAS,2016,4696.74414312426
East Asia & Pacific,EAS,2015,4498.74635245958
East Asia & Pacific,EAS,2014,4320.88788888076
East Asia & Pacific,EAS,2013,4164.38099852348
East Asia & Pacific (excluding high income),EAP,2023,4219.47287537532
East Asia & Pacific (excluding high income),EAP,2022,3887.86995735267
East Asia & Pacific (excluding high income),EAP,2021,3799.98691610972
East Asia & Pacific (excluding high income),EAP,2020,3439.74175582436
East Asia & Pacific (excluding high income),EAP,2019,3554.53871271093
East Asia & Pacific (excluding high income),EAP,2018,3382.0019660123
East Asia & Pacific (excluding high income),EAP,2017,3158.25864091043
East Asia & Pacific (excluding high income),EAP,2016,2937.11138973546
East Asia & Pacific (excluding high income),EAP,2015,2726.50703978441
East Asia & Pacific (excluding high income),EAP,2014,2544.19589870944
East Asia & Pacific (excluding high income),EAP,2013,2371.2212797518
East Asia & Pacific (IDA & IBRD countries),TEA,2023,4266.98428002215
East Asia & Pacific (IDA & IBRD countries),TEA,2022,3931.58560287662
East Asia & Pacific (IDA & IBRD countries),TEA,2021,3842.6543593725
East Asia & Pacific (IDA & IBRD countries),TEA,2020,3478.35502013545
East Asia & Pacific (IDA & IBRD countries),TEA,2019,3594.46958732822
East Asia & Pacific (IDA & IBRD countries),TEA,2018,3420.06057646794
East Asia & Pacific (IDA & IBRD countries),TEA,2017,3193.88937139837
East Asia & Pacific (IDA & IBRD countries),TEA,2016,2970.36452074721
East Asia & Pacific (IDA & IBRD countries),TEA,2015,2757.47153224822
East Asia & Pacific (IDA & IBRD countries),TEA,2014,2573.18459447992
East Asia & Pacific (IDA & IBRD countries),TEA,2013,2398.34455036264
Euro area,EMU,2023,19827.4445575328
Euro area,EMU,2022,19807.2249805605
Euro area,EMU,2021,18864.5691222272
Euro area,EMU,2020,18037.5302424415
Euro area,EMU,2019,19572.7820436941
Euro area,EMU,2018,19357.1609462721
Euro area,EMU,2017,19114.7845955681
Euro area,EMU,2016,18807.7179132981
Euro area,EMU,2015,18508.0597694869
Euro area,EMU,2014,18181.7691797756
Euro area,EMU,2013,18036.2183211732
Europe & Central Asia,ECS,2023,14229.8505171077
Europe & Central Asia,ECS,2022,14020.0332657979
Europe & Central Asia,ECS,2021,13305.0054098728
Europe & Central Asia,ECS,2020,12549.4444307817
Europe & Central Asia,ECS,2019,13541.2642182582
Europe & Central Asia,ECS,2018,13360.4314844755
Europe & Central Asia,ECS,2017,13137.0641289109
Europe & Central Asia,ECS,2016,12863.7045075762
Europe & Central Asia,ECS,2015,12652.9655263425
Europe & Central Asia,ECS,2014,12508.7113735965
Europe & Central Asia,ECS,2013,12370.7873289353
Europe & Central Asia (excluding high income),ECA,2023,5771.71606484728
Europe & Central Asia (excluding high income),ECA,2022,5266.22862250142
Europe & Central Asia (excluding high income),ECA,2021,4797.48840351033
Europe & Central Asia (excluding high income),ECA,2020,4298.3946625438
Europe & Central Asia (excluding high income),ECA,2019,4276.59160278041
Europe & Central Asia (excluding high income),ECA,2018,4168.49537028709
Europe & Central Asia (excluding high income),ECA,2017,4083.40516258575
Europe & Central Asia (excluding high income),ECA,2016,3910.22312651727
Europe & Central Asia (excluding high income),ECA,2015,3813.25793596899
Europe & Central Asia (excluding high income),ECA,2014,3753.92641825793
Europe & Central Asia (excluding high income),ECA,2013,3722.4466169343
Europe & Central Asia (IDA & IBRD countries),TEC,2023,6313.96621013041
Europe & Central Asia (IDA & IBRD countries),TEC,2022,5872.06596728588
Europe & Central Asia (IDA & IBRD countries),TEC,2021,5584.25605351364
Europe & Central Asia (IDA & IBRD countries),TEC,2020,5074.00636323557
Europe & Central Asia (IDA & IBRD countries),TEC,2019,5192.35351605004
Europe & Central Asia (IDA & IBRD countries),TEC,2018,5039.77447304226
Europe & Central Asia (IDA & IBRD countries),TEC,2017,4862.44815709824
Europe & Central Asia (IDA & IBRD countries),TEC,2016,4644.7542831829
Europe & Central Asia (IDA & IBRD countries),TEC,2015,4598.53211547035
Europe & Central Asia (IDA & IBRD countries),TEC,2014,4703.8464872536
Europe & Central Asia (IDA & IBRD countries),TEC,2013,4629.80708432026
European Union,EUU,2023,18255.7047397726
European Union,EUU,2022,18262.4309729077
European Union,EUU,2021,17433.4985330909
European Union,EUU,2020,16610.2217393011
European Union,EUU,2019,17877.4599021617
European Union,EUU,2018,17646.0405438154
European Union,EUU,2017,17353.8799817087
European Union,EUU,2016,17001.0123985237
European Union,EUU,2015,16686.7282601336
European Union,EUU,2014,16348.2935737962
European Union,EUU,2013,16183.4708315655
Heavily indebted poor countries (HIPC),HPC,2023,698.976429471684
Heavily indebted poor countries (HIPC),HPC,2022,697.870033863126
Heavily indebted poor countries (HIPC),HPC,2021,685.759680920597
Heavily indebted poor countries (HIPC),HPC,2020,671.348733600279
Heavily indebted poor countries (HIPC),HPC,2019,687.957942046968
Heavily indebted poor countries (HIPC),HPC,2018,671.551642516415
Heavily indebted poor countries (HIPC),HPC,2017,663.794210582131
Heavily indebted poor countries (HIPC),HPC,2016,656.980309622827
Heavily indebted poor countries (HIPC),HPC,2015,652.143281811374
Heavily indebted poor countries (HIPC),HPC,2014,634.454762218457
Heavily indebted poor countries (HIPC),HPC,2013,627.030004931375
High income,,2023,24596.2015579147
High income,,2022,24286.3594778805
High income,,2021,23468.614512559
High income,,2020,21991.446565919
High income,,2019,23212.2912344335
High income,,2018,22893.9951394873
High income,,2017,22454.3876580513
High income,,2016,22004.0995553162
High income,,2015,21676.6605467752
High income,,2014,21301.6553170924
High income,,2013,20975.9659682049
IBRD only,IBD,2023,3799.0895128963
IBRD only,IBD,2022,3584.36156485948
IBRD only,IBD,2021,3465.53122273
IBRD only,IBD,2020,3173.50050032894
IBRD only,IBD,2019,3320.19297306945
IBRD only,IBD,2018,3223.61539668535
IBRD only,IBD,2017,3088.65329872344
IBRD only,IBD,2016,2944.72660569043
IBRD only,IBD,2015,2838.10673632852
IBRD only,IBD,2014,2758.16295411176
IBRD only,IBD,2013,2658.09522238305
IDA & IBRD total,IBT,2023,3046.25257237254
IDA & IBRD total,IBT,2022,2895.03510909825
IDA & IBRD total,IBT,2021,2807.59004506858
IDA & IBRD total,IBT,2020,2588.478613165
IDA & IBRD total,IBT,2019,2712.9836534232
IDA & IBRD total,IBT,2018,2640.58981396264
IDA & IBRD total,IBT,2017,2539.34703650052
IDA & IBRD total,IBT,2016,2431.72626791557
IDA & IBRD total,IBT,2015,2351.04801746436
IDA & IBRD total,IBT,2014,2292.06682344258
IDA & IBRD total,IBT,2013,2216.28893637231
IDA blend,IDB,2023,
IDA blend,IDB,2022,
IDA blend,IDB,2021,
IDA blend,IDB,2020,
IDA blend,IDB,2019,
IDA blend,IDB,2018,
IDA blend,IDB,2017,
IDA blend,IDB,2016,
IDA blend,IDB,2015,
IDA blend,IDB,2014,
IDA blend,IDB,2013,
IDA only,IDX,2023,836.71645293361
IDA only,IDX,2022,839.025954316045
IDA only,IDX,2021,817.162124275684
IDA only,IDX,2020,794.694188689807
IDA only,IDX,2019,813.590972896521
IDA only,IDX,2018,787.57103600113
IDA only,IDX,2017,771.382371711536
IDA only,IDX,2016,764.377037952775
IDA only,IDX,2015,756.840061109398
IDA only,IDX,2014,761.144859098875
IDA only,IDX,2013,758.729686006526
IDA total,IDA,2023,1216.31884036797
IDA total,IDA,2022,1208.22058758209
IDA total,IDA,2021,1166.21550685691
IDA total,IDA,2020,1118.36906424851
IDA total,IDA,2019,1154.96853279674
IDA total,IDA,2018,1119.45853974835
IDA total,IDA,2017,1090.17103821137
IDA total,IDA,2016,1069.07352735512
IDA total,IDA,2015,1044.39652974214
IDA total,IDA,2014,1031.21730074636
IDA total,IDA,2013,1013.64495392031
Late-demographic dividend,LTE,2023,5341.08000220897
Late-demographic dividend,LTE,2022,4983.39985834743
Late-demographic dividend,LTE,2021,4854.37490266468
Late-demographic dividend,LTE,2020,4412.73892017373
Late-demographic dividend,LTE,2019,4585.72728360656
Late-demographic dividend,LTE,2018,4398.63809627967
Late-demographic dividend,LTE,2017,4160.59079710453
Late-demographic dividend,LTE,2016,3928.85167762654
Late-demographic dividend,LTE,2015,3765.73866304605
Late-demographic dividend,LTE,2014,3651.19387999653
Late-demographic dividend,LTE,2013,3469.55270335041
Latin America & Caribbean,LCN,2023,6168.2361726473
Latin America & Caribbean,LCN,2022,6058.23688542886
Latin America & Caribbean,LCN,2021,5793.89660664932
Latin America & Caribbean,LCN,2020,5398.08635856287
Latin America & Caribbean,LCN,2019,5869.25543763938
Latin America & Caribbean,LCN,2018,5846.32449289431
Latin America & Caribbean,LCN,2017,5788.72945653706
Latin America & Caribbean,LCN,2016,5697.28069488293
Latin America & Caribbean,LCN,2015,5765.52824375467
Latin America & Caribbean,LCN,2014,5771.76334310276
Latin America & Caribbean,LCN,2013,5733.76105066196
Latin America & Caribbean (excluding high income),LAC,2023,5849.76351545393
Latin America & Caribbean (excluding high income),LAC,2022,5725.67304086475
Latin America & Caribbean (excluding high income),LAC,2021,5464.0742182862
Latin America & Caribbean (excluding high income),LAC,2020,5139.42968076093
Latin America & Caribbean (excluding high income),LAC,2019,5590.23688228843
Latin America & Caribbean (excluding high income),LAC,2018,5571.76047393113
Latin America & Caribbean (excluding high income),LAC,2017,5524.06610483635
Latin America & Caribbean (excluding high income),LAC,2016,5440.95559902645
Latin America & Caribbean (excluding high income),LAC,2015,5521.65711811878
Latin America & Caribbean (excluding high income),LAC,2014,5533.27161581372
Latin America & Caribbean (excluding high income),LAC,2013,5498.51018146623
Latin America & the Caribbean (IDA & IBRD countries),TLA,2023,6075.53233050616
Latin America & the Caribbean (IDA & IBRD countries),TLA,2022,5968.58543738042
Latin America & the Caribbean (IDA & IBRD countries),TLA,2021,5708.12819469056
Latin America & the Caribbean (IDA & IBRD countries),TLA,2020,5326.80994731676
Latin America & the Caribbean (IDA & IBRD countries),TLA,2019,5793.5237517119
Latin America & the Caribbean (IDA & IBRD countries),TLA,2018,5772.3434663983
Latin America & the Caribbean (IDA & IBRD countries),TLA,2017,5718.90129380837
Latin America & the Caribbean (IDA & IBRD countries),TLA,2016,5629.38698068655
Latin America & the Caribbean (IDA & IBRD countries),TLA,2015,5701.84621103394
Latin America & the Caribbean (IDA & IBRD countries),TLA,2014,5713.02126425488
Latin America & the Caribbean (IDA & IBRD countries),TLA,2013,5674.42944372068
Least developed countries: UN classification,LDC,2023,813.58369363451
Least developed countries: UN classification,LDC,2022,811.923764695636
Least developed countries: UN classification,LDC,2021,786.018819953518
Least developed countries: UN classification,LDC,2020,762.662831646555
Least developed countries: UN classification,LDC,2019,764.482351143041
Least developed countries: UN classification,LDC,2018,755.965331497645
Least developed countries: UN classification,LDC,2017,735.646563897392
Least developed countries: UN classification,LDC,2016,713.225455304762
Least developed countries: UN classification,LDC,2015,707.802919446983
Least developed countries: UN classification,LDC,2014,712.649653529563
Least developed countries: UN classification,LDC,2013,696.590987431685
Low & middle income,LMY,2023,2879.37598425762
Low & middle income,LMY,2022,2732.71643242048
Low & middle income,LMY,2021,2643.66079963702
Low & middle income,LMY,2020,2439.7268797213
Low & middle income,LMY,2019,2555.09186981687
Low & middle income,LMY,2018,2486.40462314905
Low & middle income,LMY,2017,2391.10925378194
Low & middle income,LMY,2016,2289.10559571186
Low & middle income,LMY,2015,2204.65199633048
Low & middle income,LMY,2014,2131.82630218472
Low & middle income,LMY,2013,2056.88241337998
Low income,,2023,541.691318821663
Low income,,2022,559.121119006488
Low income,,2021,554.451998685692
Low income,,2020,549.845663063334
Low income,,2019,570.194833075777
Low income,,2018,549.311098288947
Low income,,2017,554.80076729763
Low income,,2016,563.013207253406
Low income,,2015,558.579543593108
Low income,,2014,583.79208227549
Low income,,2013,586.801740162992
Lower middle income,,2023,1623.79359800238
Lower middle income,,2022,1566.58610326239
Lower middle income,,2021,1488.38066141599
Lower middle income,,2020,1376.19659575233
Lower middle income,,2019,1430.83144300245
Lower middle income,,2018,1392.245304312
Lower middle income,,2017,1333.53106610734
Lower middle income,,2016,1279.49360214081
Lower middle income,,2015,1222.39149319014
Lower middle income,,2014,1173.33928820985
Lower middle income,,2013,1129.29505908928
"Middle East, North Africa, Afghanistan & Pakistan",MEA,2023,3082.6343533216
"Middle East, North Africa, Afghanistan & Pakistan",MEA,2022,3013.36847110553
"Middle East, North Africa, Afghanistan & Pakistan",MEA,2021,2897.03622041844
"Middle East, North Africa, Afghanistan & Pakistan",MEA,2020,2768.56798689425
"Middle East, North Africa, Afghanistan & Pakistan",MEA,2019,2898.66427084726
"Middle East, North Africa, Afghanistan & Pakistan",MEA,2018,2868.44064180577
"Middle East, North Africa, Afghanistan & Pakistan",MEA,2017,2869.05381486542
"Middle East, North Africa, Afghanistan & Pakistan",MEA,2016,2820.47870072902
"Middle East, North Africa, Afghanistan & Pakistan",MEA,2015,2753.27211499379
"Middle East, North Africa, Afghanistan & Pakistan",MEA,2014,2748.44909602804
"Middle East, North Africa, Afghanistan & Pakistan",MEA,2013,2682.49671219984
"Middle East, North Africa, Afghanistan & Pakistan (excluding high income)",MNA,2023,1985.72070096599
"Middle East, North Africa, Afghanistan & Pakistan (excluding high income)",MNA,2022,1969.45797200577
"Middle East, North Africa, Afghanistan & Pakistan (excluding high income)",MNA,2021,1922.41094335595
"Middle East, North Africa, Afghanistan & Pakistan (excluding high income)",MNA,2020,1844.32720559643
"Middle East, North Africa, Afghanistan & Pakistan (excluding high income)",MNA,2019,1901.46248616143
"Middle East, North Africa, Afghanistan & Pakistan (excluding high income)",MNA,2018,1910.58267834535
"Middle East, North Africa, Afghanistan & Pakistan (excluding high income)",MNA,2017,1918.06280943473
"Middle East, North Africa, Afghanistan & Pakistan (excluding high income)",MNA,2016,1899.90846200728
"Middle East, North Africa, Afghanistan & Pakistan (excluding high income)",MNA,2015,1850.91476964846
"Middle East, North Africa, Afghanistan & Pakistan (excluding high income)",MNA,2014,1882.65954175544
"Middle East, North Africa, Afghanistan & Pakistan (excluding high income)",MNA,2013,1863.01203181656
"Middle East, North Africa, Afghanistan & Pakistan (IDA & IBRD)",TMN,2023,1978.42170542301
"Middle East, North Africa, Afghanistan & Pakistan (IDA & IBRD)",TMN,2022,1961.4420442004
"Middle East, North Africa, Afghanistan & Pakistan (IDA & IBRD)",TMN,2021,1917.0136804729
"Middle East, North Africa, Afghanistan & Pakistan (IDA & IBRD)",TMN,2020,1839.31554556669
"Middle East, North Africa, Afghanistan & Pakistan (IDA & IBRD)",TMN,2019,1893.61965246616
"Middle East, North Africa, Afghanistan & Pakistan (IDA & IBRD)",TMN,2018,1903.18799444851
"Middle East, North Africa, Afghanistan & Pakistan (IDA & IBRD)",TMN,2017,1910.48259349761
"Middle East, North Africa, Afghanistan & Pakistan (IDA & IBRD)",TMN,2016,1891.55842759101
"Middle East, North Africa, Afghanistan & Pakistan (IDA & IBRD)",TMN,2015,1843.77959808476
"Middle East, North Africa, Afghanistan & Pakistan (IDA & IBRD)",TMN,2014,1876.02914415755
"Middle East, North Africa, Afghanistan & Pakistan (IDA & IBRD)",TMN,2013,1856.14270608328
Middle income,MIC,2023,3168.33528100922
Middle income,MIC,2022,2996.87332983256
Middle income,MIC,2021,2892.94427353112
Middle income,MIC,2020,2661.53562425439
Middle income,MIC,2019,2783.56288665143
Middle income,MIC,2018,2705.15362087685
Middle income,MIC,2017,2595.25118051825
Middle income,MIC,2016,2478.36903074508
Middle income,MIC,2015,2382.6847911566
Middle income,MIC,2014,2297.62902802504
Middle income,MIC,2013,2212.70785686986
North America,NAC,2023,43207.6969221335
North America,NAC,2022,42570.5751302872
North America,NAC,2021,41523.2271186013
North America,NAC,2020,38313.7049777961
North America,NAC,2019,39595.9445709207
North America,NAC,2018,39016.4062295107
North America,NAC,2017,38234.6249290789
North America,NAC,2016,37504.6975604132
North America,NAC,2015,36915.8331464809
North America,NAC,2014,36021.5602986357
North America,NAC,2013,35323.2225915992
Not classified,,2023,
Not classified,,2022,
Not classified,,2021,
Not classified,,2020,
Not classified,,2019,
Not classified,,2018,
Not classified,,2017,
Not classified,,2016,
Not classified,,2015,
Not classified,,2014,
Not classified,,2013,
OECD members,OED,2023,24362.1671528188
OECD members,OED,2022,24084.2153102057
OECD members,OED,2021,23198.9549494619
OECD members,OED,2020,21749.4201148555
OECD members,OED,2019,22968.0657675475
OECD members,OED,2018,22738.020363797
OECD members,OED,2017,22392.7300228999
OECD members,OED,2016,22001.1507479388
OECD members,OED,2015,21663.4046850094
OECD members,OED,2014,21225.3075363249
OECD members,OED,2013,20935.9454044476
Other small states,OSS,2023,6924.25497009352
Other small states,OSS,2022,6703.63563769875
Other small states,OSS,2021,6323.12311223261
Other small states,OSS,2020,6010.11124543928
Other small states,OSS,2019,6376.53409198811
Other small states,OSS,2018,6212.83703331248
Other small states,OSS,2017,5991.13837364823
Other small states,OSS,2016,5773.80095659889
Other small states,OSS,2015,5586.91145572048
Other small states,OSS,2014,5472.64332912379
Other small states,OSS,2013,5391.03847187573
Pacific island small states,PSS,2023,
Pacific island small states,PSS,2022,
Pacific island small states,PSS,2021,
Pacific island small states,PSS,2020,
Pacific island small states,PSS,2019,
Pacific island small states,PSS,2018,
Pacific island small states,PSS,2017,
Pacific island small states,PSS,2016,
Pacific island small states,PSS,2015,2573.1933344182
Pacific island small states,PSS,2014,
Pacific island small states,PSS,2013,
Post-demographic dividend,PST,2023,27949.6828272615
Post-demographic dividend,PST,2022,27574.3514981619
Post-demographic dividend,PST,2021,26578.7687378606
Post-demographic dividend,PST,2020,24960.2307864644
Post-demographic dividend,PST,2019,26323.7555380654
Post-demographic dividend,PST,2018,25999.8268135054
Post-demographic dividend,PST,2017,25533.5429258657
Post-demographic dividend,PST,2016,25049.66626366
Post-demographic dividend,PST,2015,24641.1314289375
Post-demographic dividend,PST,2014,24129.8487641103
Post-demographic dividend,PST,2013,23779.2375383984
Pre-demographic dividend,PRE,2023,
Pre-demographic dividend,PRE,2022,
Pre-demographic dividend,PRE,2021,
Pre-demographic dividend,PRE,2020,
Pre-demographic dividend,PRE,2019,
Pre-demographic dividend,PRE,2018,
Pre-demographic dividend,PRE,2017,
Pre-demographic dividend,PRE,2016,
Pre-demographic dividend,PRE,2015,
Pre-demographic dividend,PRE,2014,
Pre-demographic dividend,PRE,2013,
Small states,SST,2023,6985.70733201417
Small states,SST,2022,6744.27416632127
Small states,SST,2021,6389.4906132058
Small states,SST,2020,6003.90026732804
Small states,SST,2019,6407.93898793856
Small states,SST,2018,6292.30654447127
Small states,SST,2017,6112.77660923918
Small states,SST,2016,5854.91638061784
Small states,SST,2015,5672.53779829002
Small states,SST,2014,5566.00363322305
Small states,SST,2013,5465.78131023959
South Asia,SAS,2023,1347.24080465243
South Asia,SAS,2022,1292.58410725502
South Asia,SAS,2021,1214.56234751045
South Asia,SAS,2020,1103.93398933606
South Asia,SAS,2019,1166.15164915457
South Asia,SAS,2018,1120.58070387942
South Asia,SAS,2017,1056.18567625518
South Asia,SAS,2016,1008.24991194186
South Asia,SAS,2015,949.804114753572
South Asia,SAS,2014,892.677845045279
South Asia,SAS,2013,851.494058444962
South Asia (IDA & IBRD),TSA,2023,1347.24080465243
South Asia (IDA & IBRD),TSA,2022,1292.58410725502
South Asia (IDA & IBRD),TSA,2021,1214.56234751045
South Asia (IDA & IBRD),TSA,2020,1103.93398933606
South Asia (IDA & IBRD),TSA,2019,1166.15164915457
South Asia (IDA & IBRD),TSA,2018,1120.58070387942
South Asia (IDA & IBRD),TSA,2017,1056.18567625518
South Asia (IDA & IBRD),TSA,2016,1008.24991194186
South Asia (IDA & IBRD),TSA,2015,949.804114753572
South Asia (IDA & IBRD),TSA,2014,892.677845045279
South Asia (IDA & IBRD),TSA,2013,851.494058444962
Sub-Saharan Africa,SSF,2023,1160.85822361208
Sub-Saharan Africa,SSF,2022,1149.62004775433
Sub-Saharan Africa,SSF,2021,1128.77176982192
Sub-Saharan Africa,SSF,2020,1095.74397379067
Sub-Saharan Africa,SSF,2019,1131.08953494492
Sub-Saharan Africa,SSF,2018,1129.10825066535
Sub-Saharan Africa,SSF,2017,1120.63022856265
Sub-Saharan Africa,SSF,2016,1103.43438544805
Sub-Saharan Africa,SSF,2015,1106.60141153151
Sub-Saharan Africa,SSF,2014,1097.24827645229
Sub-Saharan Africa,SSF,2013,1087.18621366181
Sub-Saharan Africa (excluding high income),SSA,2023,1159.92259303154
Sub-Saharan Africa (excluding high income),SSA,2022,1148.53824972057
Sub-Saharan Africa (excluding high income),SSA,2021,1127.59068327578
Sub-Saharan Africa (excluding high income),SSA,2020,1094.68928454302
Sub-Saharan Africa (excluding high income),SSA,2019,1130.00854595906
Sub-Saharan Africa (excluding high income),SSA,2018,1128.01419085977
Sub-Saharan Africa (excluding high income),SSA,2017,1119.64209037247
Sub-Saharan Africa (excluding high income),SSA,2016,1102.52206012726
Sub-Saharan Africa (excluding high income),SSA,2015,1105.90524015486
Sub-Saharan Africa (excluding high income),SSA,2014,1096.49988333195
Sub-Saharan Africa (excluding high income),SSA,2013,1086.69503554142
Sub-Saharan Africa (IDA & IBRD countries),TSS,2023,1160.85822361208
Sub-Saharan Africa (IDA & IBRD countries),TSS,2022,1149.62004775433
Sub-Saharan Africa (IDA & IBRD countries),TSS,2021,1128.77176982192
Sub-Saharan Africa (IDA & IBRD countries),TSS,2020,1095.74397379067
Sub-Saharan Africa (IDA & IBRD countries),TSS,2019,1131.08953494492
Sub-Saharan Africa (IDA & IBRD countries),TSS,2018,1129.10825066535
Sub-Saharan Africa (IDA & IBRD countries),TSS,2017,1120.63022856265
Sub-Saharan Africa (IDA & IBRD countries),TSS,2016,1103.43438544805
Sub-Saharan Africa (IDA & IBRD countries),TSS,2015,1106.60141153151
Sub-Saharan Africa (IDA & IBRD countries),TSS,2014,1097.24827645229
Sub-Saharan Africa (IDA & IBRD countries),TSS,2013,1087.18621366181
Upper middle income,,2023,4690.17825402904
Upper middle income,,2022,4396.94984545648
Upper middle income,,2021,4248.43146622836
Upper middle income,,2020,3892.38782829878
Upper middle income,,2019,4066.46408589483
Upper middle income,,2018,3941.88899420099
Upper middle income,,2017,3775.54794477279
Upper middle income,,2016,3593.74858668727
Upper middle income,,2015,3453.18041349481
Upper middle income,,2014,3326.90170523257
Upper middle income,,2013,3197.53367374426
World,WLD,2023,6664.85969253648
World,WLD,2022,6500.13793159896
World,WLD,2021,6299.32015304899
World,WLD,2020,5906.18443250744
World,WLD,2019,6244.80655493333
World,WLD,2018,6158.05658403516
World,WLD,2017,6029.55482634966
World,WLD,2016,5890.87952930616
World,WLD,2015,5783.47658791936
World,WLD,2014,5676.02961697904
World,WLD,2013,5579.43036790481
Afghanistan,AFG,2023,
Afghanistan,AFG,2022,
Afghanistan,AFG,2021,
Afghanistan,AFG,2020,
Afghanistan,AFG,2019,
Afghanistan,AFG,2018,
Afghanistan,AFG,2017,
Afghanistan,AFG,2016,
Afghanistan,AFG,2015,
Afghanistan,AFG,2014,
Afghanistan,AFG,2013,
Albania,ALB,2023,4401.90931660859
Albania,ALB,2022,4214.49366984394
Albania,ALB,2021,3914.7057778915
Albania,ALB,2020,3687.13640138929
Albania,ALB,2019,3846.16405165681
Albania,ALB,2018,3668.73182008575
Albania,ALB,2017,3509.65146060851
Albania,ALB,2016,3444.41471560082
Albania,ALB,2015,3260.00799572181
Albania,ALB,2014,3156.08020246221
Albania,ALB,2013,2982.93284343139
Algeria,DZA,2023,1865.1418796751
Algeria,DZA,2022,1820.49086734848
Algeria,DZA,2021,1785.35066924216
Algeria,DZA,2020,1785.92260307432
Algeria,DZA,2019,1908.36052962539
Algeria,DZA,2018,1894.54914951136
Algeria,DZA,2017,1882.67042910122
Algeria,DZA,2016,1878.12085001357
Algeria,DZA,2015,1866.72714801496
Algeria,DZA,2014,1833.98368274594
Algeria,DZA,2013,1775.84555589088
American Samoa,ASM,2023,
American Samoa,ASM,2022,10346.5862498259
American Samoa,ASM,2021,11038.3432283362
American Samoa,ASM,2020,10172.6426993518
American Samoa,ASM,2019,9621.78965287544
American Samoa,ASM,2018,9174.01130835212
American Samoa,ASM,2017,8956.08757462207
American Samoa,ASM,2016,8900.79115821869
American Samoa,ASM,2015,8699.27001777677
American Samoa,ASM,2014,8472.10250092415
American Samoa,ASM,2013,8182.82037884518
Andorra,AND,2023,
Andorra,AND,2022,
Andorra,AND,2021,
Andorra,AND,2020,
Andorra,AND,2019,
Andorra,AND,2018,
Andorra,AND,2017,
Andorra,AND,2016,
Andorra,AND,2015,
Andorra,AND,2014,
Andorra,AND,2013,
Angola,AGO,2023,2761.37919873614
Angola,AGO,2022,2503.62198835161
Angola,AGO,2021,2341.17866581385
Angola,AGO,2020,2124.21760545339
Angola,AGO,2019,1961.3302893331
Angola,AGO,2018,2261.45572184332
Angola,AGO,2017,2248.72608306888
Angola,AGO,2016,1971.21055470117
Angola,AGO,2015,2041.45006088999
Angola,AGO,2014,2365.94995314701
Angola,AGO,2013,2190.95377452056
Antigua and Barbuda,ATG,2023,
Antigua and Barbuda,ATG,2022,
Antigua and Barbuda,ATG,2021,
Antigua and Barbuda,ATG,2020,
Antigua and Barbuda,ATG,2019,
Antigua and Barbuda,ATG,2018,
Antigua and Barbuda,ATG,2017,
Antigua and Barbuda,ATG,2016,
Antigua and Barbuda,ATG,2015,
Antigua and Barbuda,ATG,2014,
Antigua and Barbuda,ATG,2013,
Argentina,ARG,2023,8674.52932701109
Argentina,ARG,2022,8615.72949843391
Argentina,ARG,2021,7887.28296832706
Argentina,ARG,2020,7224.4052811056
Argentina,ARG,2019,8265.53268626385
Argentina,ARG,2018,8867.82553663996
Argentina,ARG,2017,9146.51175823056
Argentina,ARG,2016,8859.07204717978
Argentina,ARG,2015,9015.67238921452
Argentina,ARG,2014,8789.23429905508
Argentina,ARG,2013,9285.04973669387
Armenia,ARM,2023,3569.50611634028
Armenia,ARM,2022,3349.26263671295
Armenia,ARM,2021,3185.07018750306
Armenia,ARM,2020,3111.26033327452
Armenia,ARM,2019,3616.52339397213
Armenia,ARM,2018,3239.32296044176
Armenia,ARM,2017,3080.16761839667
Armenia,ARM,2016,2690.25334677604
Armenia,ARM,2015,2736.71112860514
Armenia,ARM,2014,2949.57511019878
Armenia,ARM,2013,2895.24766772308
Aruba,ABW,2023,
Aruba,ABW,2022,
Aruba,ABW,2021,
Aruba,ABW,2020,
Aruba,ABW,2019,
Aruba,ABW,2018,
Aruba,ABW,2017,
Aruba,ABW,2016,
Aruba,ABW,2015,15117.1250126973
Aruba,ABW,2014,
Aruba,ABW,2013,
Australia,AUS,2023,34105.1025047927
Australia,AUS,2022,32787.7648082231
Australia,AUS,2021,31843.6403752252
Australia,AUS,2020,31660.4523421088
Australia,AUS,2019,33138.3555331904
Australia,AUS,2018,33071.299145192
Australia,AUS,2017,32648.5998657413
Australia,AUS,2016,32389.9153783147
Australia,AUS,2015,32044.4417787966
Australia,AUS,2014,31685.7243974838
Australia,AUS,2013,31439.0258357385
Austria,AUT,2023,23301.0647394196
Austria,AUT,2022,23586.7960554697
Austria,AUT,2021,22600.4856130029
Austria,AUT,2020,21635.3537664208
Austria,AUT,2019,23506.0850468606
Austria,AUT,2018,23450.1632301639
Austria,AUT,2017,23366.6173615932
Austria,AUT,2016,23095.6853904227
Austria,AUT,2015,22930.6061041362
Austria,AUT,2014,22926.8957016335
Austria,AUT,2013,23103.786971768
Azerbaijan,AZE,2023,
Azerbaijan,AZE,2022,
Azerbaijan,AZE,2021,
Azerbaijan,AZE,2020,
Azerbaijan,AZE,2019,
Azerbaijan,AZE,2018,
Azerbaijan,AZE,2017,
Azerbaijan,AZE,2016,
Azerbaijan,AZE,2015,3118.24340673105
Azerbaijan,AZE,2014,
Azerbaijan,AZE,2013,
"Bahamas, The",BHS,2023,20393.4926911592
"Bahamas, The",BHS,2022,18788.0686341076
"Bahamas, The",BHS,2021,18441.6659870945
"Bahamas, The",BHS,2020,15188.5386968258
"Bahamas, The",BHS,2019,18639.8999803037
"Bahamas, The",BHS,2018,20909.2509939573
"Bahamas, The",BHS,2017,20925.9787358739
"Bahamas, The",BHS,2016,19718.889882432
"Bahamas, The",BHS,2015,19561.6407073124
"Bahamas, The",BHS,2014,19423.4272609782
"Bahamas, The",BHS,2013,18601.9702204059
Bahrain,BHR,2023,11233.4275205
Bahrain,BHR,2022,11101.0537462456
Bahrain,BHR,2021,10523.3546166285
Bahrain,BHR,2020,10161.4000289832
Bahrain,BHR,2019,10544.8066444012
Bahrain,BHR,2018,10393.8894229825
Bahrain,BHR,2017,10232.2822894576
Bahrain,BHR,2016,10649.2284603495
Bahrain,BHR,2015,11088.1492382269
Bahrain,BHR,2014,11269.1889908162
Bahrain,BHR,2013,11902.0909124203
Bangladesh,BGD,2023,1262.45721547606
Bangladesh,BGD,2022,1253.10179441914
Bangladesh,BGD,2021,1177.93400717848
Bangladesh,BGD,2020,1099.4473259373
Bangladesh,BGD,2019,1076.42245250605
Bangladesh,BGD,2018,1035.30373959093
Bangladesh,BGD,2017,954.032882081033
Bangladesh,BGD,2016,905.423294896181
Bangladesh,BGD,2015,886.912376471498
Bangladesh,BGD,2014,845.680948186388
Bangladesh,BGD,2013,820.553735461623
Barbados,BRB,2023,
Barbados,BRB,2022,
Barbados,BRB,2021,
Barbados,BRB,2020,
Barbados,BRB,2019,
Barbados,BRB,2018,
Barbados,BRB,2017,
Barbados,BRB,2016,
Barbados,BRB,2015,
Barbados,BRB,2014,
Barbados,BRB,2013,
Belarus,BLR,2023,4169.20268641034
Belarus,BLR,2022,3837.21056139273
Belarus,BLR,2021,3816.41393041651
Belarus,BLR,2020,3612.92938165521
Belarus,BLR,2019,3641.13207011666
Belarus,BLR,2018,3458.57766732016
Belarus,BLR,2017,3198.22546456655
Belarus,BLR,2016,3051.85213895671
Belarus,BLR,2015,3155.22073329226
Belarus,BLR,2014,3234.44907842789
Belarus,BLR,2013,3104.07512784667
Belgium,BEL,2023,22441.2362023534
Belgium,BEL,2022,22392.8845296559
Belgium,BEL,2021,21773.5392256831
Belgium,BEL,2020,20708.1305682361
Belgium,BEL,2019,22409.893280748
Belgium,BEL,2018,22209.9657346154
Belgium,BEL,2017,21957.2212956252
Belgium,BEL,2016,21628.7928600826
Belgium,BEL,2015,21394.5676573148
Belgium,BEL,2014,21174.6360864914
Belgium,BEL,2013,21059.5779033809
Belize,BLZ,2023,3991.84608987582
Belize,BLZ,2022,4033.04056139549
Belize,BLZ,2021,3726.8065968068
Belize,BLZ,2020,3256.1694327454
Belize,BLZ,2019,3740.3669048291
Belize,BLZ,2018,3637.34985126142
Belize,BLZ,2017,3622.37503360763
Belize,BLZ,2016,3726.06890300663
Belize,BLZ,2015,3778.35634083849
Belize,BLZ,2014,3734.2909080436
Belize,BLZ,2013,3694.63367527829
Benin,BEN,2023,832.281666675589
Benin,BEN,2022,804.926703638741
Benin,BEN,2021,780.332012263033
Benin,BEN,2020,764.146035406116
Benin,BEN,2019,760.210662013755
Benin,BEN,2018,754.871879863731
Benin,BEN,2017,750.157385183968
Benin,BEN,2016,745.975972806869
Benin,BEN,2015,753.539958713957
Benin,BEN,2014,737.408938877349
Benin,BEN,2013,732.531905997737
Bermuda,BMU,2023,48627.1021452866
Bermuda,BMU,2022,46317.9073116712
Bermuda,BMU,2021,44721.2556873986
Bermuda,BMU,2020,43401.8887949301
Bermuda,BMU,2019,48161.8396900347
Bermuda,BMU,2018,49180.7226476194
Bermuda,BMU,2017,51342.1090260582
Bermuda,BMU,2016,54529.0860434402
Bermuda,BMU,2015,51016.7654103114
Bermuda,BMU,2014,50537.2501274364
Bermuda,BMU,2013,
Bhutan,BTN,2023,1624.31707395032
Bhutan,BTN,2022,1525.68984431849
Bhutan,BTN,2021,1465.17156361465
Bhutan,BTN,2020,1511.94281101966
Bhutan,BTN,2019,1475.86829996751
Bhutan,BTN,2018,1514.70525930788
Bhutan,BTN,2017,1413.83334220971
Bhutan,BTN,2016,1430.44777653979
Bhutan,BTN,2015,1506.61980234034
Bhutan,BTN,2014,1342.94219772773
Bhutan,BTN,2013,1056.02698991934
Bolivia,BOL,2023,2178.47027367829
Bolivia,BOL,2022,2152.70495712999
Bolivia,BOL,2021,2057.03962071721
Bolivia,BOL,2020,1927.81239658228
Bolivia,BOL,2019,2201.06503871035
Bolivia,BOL,2018,2190.91426576047
Bolivia,BOL,2017,2155.22843860596
Bolivia,BOL,2016,2088.16636433563
Bolivia,BOL,2015,2049.8635782729
Bolivia,BOL,2014,1978.33062046126
Bolivia,BOL,2013,1905.82618580579
Bosnia and Herzegovina,BIH,2023,4913.89994241572
Bosnia and Herzegovina,BIH,2022,4718.46787629956
Bosnia and Herzegovina,BIH,2021,4473.1840476049
Bosnia and Herzegovina,BIH,2020,4220.95864225611
Bosnia and Herzegovina,BIH,2019,4285.97196711555
Bosnia and Herzegovina,BIH,2018,4163.32118753932
Bosnia and Herzegovina,BIH,2017,4034.93944652736
Bosnia and Herzegovina,BIH,2016,3921.84613522086
Bosnia and Herzegovina,BIH,2015,3829.89227791387
Bosnia and Herzegovina,BIH,2014,3734.06615874169
Bosnia and Herzegovina,BIH,2013,3627.58702897161
Botswana,BWA,2023,3238.18146819339
Botswana,BWA,2022,3117.91405949829
Botswana,BWA,2021,3073.9318074303
Botswana,BWA,2020,3044.01464966204
Botswana,BWA,2019,3017.67988505214
Botswana,BWA,2018,2967.64374797772
Botswana,BWA,2017,2856.78605849791
Botswana,BWA,2016,2856.59506258127
Botswana,BWA,2015,2824.81608051776
Botswana,BWA,2014,2766.82063673071
Botswana,BWA,2013,2750.3391250186
Brazil,BRA,2023,5940.57348353476
Brazil,BRA,2022,5776.98016243189
Brazil,BRA,2021,5567.04770442001
Brazil,BRA,2020,5430.17399837507
Brazil,BRA,2019,5722.93061562937
Brazil,BRA,2018,5614.6464433447
Brazil,BRA,2017,5522.49377639489
Brazil,BRA,2016,5454.96089643837
Brazil,BRA,2015,5716.0200503876
Brazil,BRA,2014,5952.93021381255
Brazil,BRA,2013,5869.0511774241
British Virgin Islands,VGB,2023,
British Virgin Islands,VGB,2022,
British Virgin Islands,VGB,2021,
British Virgin Islands,VGB,2020,
British Virgin Islands,VGB,2019,
British Virgin Islands,VGB,2018,
British Virgin Islands,VGB,2017,
British Virgin Islands,VGB,2016,
British Virgin Islands,VGB,2015,
British Virgin Islands,VGB,2014,
British Virgin Islands,VGB,2013,
Brunei Darussalam,BRN,2023,9634.25066882072
Brunei Darussalam,BRN,2022,8743.45843377284
Brunei Darussalam,BRN,2021,8136.25903133234
Brunei Darussalam,BRN,2020,7782.75303298866
Brunei Darussalam,BRN,2019,6471.99808196326
Brunei Darussalam,BRN,2018,6170.37993576493
Brunei Darussalam,BRN,2017,6109.18044003187
Brunei Darussalam,BRN,2016,5904.6940134755
Brunei Darussalam,BRN,2015,6059.36421759576
Brunei Darussalam,BRN,2014,5833.76835564402
Brunei Darussalam,BRN,2013,6140.30979852315
Bulgaria,BGR,2023,6555.00759829447
Bulgaria,BGR,2022,6228.25526223975
Bulgaria,BGR,2021,6122.52688510756
Bulgaria,BGR,2020,5847.27537846173
Bulgaria,BGR,2019,5328.92092054015
Bulgaria,BGR,2018,5267.79924748842
Bulgaria,BGR,2017,4902.0549958212
Bulgaria,BGR,2016,4683.51808151235
Bulgaria,BGR,2015,4512.22878120605
Bulgaria,BGR,2014,4364.23274924395
Bulgaria,BGR,2013,4194.91824929928
Burkina Faso,BFA,2023,477.779336845939
Burkina Faso,BFA,2022,475.598883247652
Burkina Faso,BFA,2021,465.335419701234
Burkina Faso,BFA,2020,459.01958811524
Burkina Faso,BFA,2019,461.492996954802
Burkina Faso,BFA,2018,457.561639904303
Burkina Faso,BFA,2017,459.182455156753
Burkina Faso,BFA,2016,456.308911994972
Burkina Faso,BFA,2015,450.684820295769
Burkina Faso,BFA,2014,447.692218045539
Burkina Faso,BFA,2013,455.169832231686
Burundi,BDI,2023,194.42670008165
Burundi,BDI,2022,195.501916222688
Burundi,BDI,2021,196.135685391646
Burundi,BDI,2020,195.608235266542
Burundi,BDI,2019,200.69869654302
Burundi,BDI,2018,201.162353185797
Burundi,BDI,2017,200.316917687198
Burundi,BDI,2016,204.757940983323
Burundi,BDI,2015,211.899307777663
Burundi,BDI,2014,221.315032138233
Burundi,BDI,2013,220.637431720084
Cabo Verde,CPV,2023,3009.72311557865
Cabo Verde,CPV,2022,3019.2031245975
Cabo Verde,CPV,2021,2670.41893260725
Cabo Verde,CPV,2020,2435.30196082713
Cabo Verde,CPV,2019,2827.64650581173
Cabo Verde,CPV,2018,2721.05995250123
Cabo Verde,CPV,2017,2611.57289046742
Cabo Verde,CPV,2016,2302.06993299737
Cabo Verde,CPV,2015,2130.02395872415
Cabo Verde,CPV,2014,2067.56448235853
Cabo Verde,CPV,2013,2041.16833872173
Cambodia,KHM,2023,1319.83202656349
Cambodia,KHM,2022,1278.33805790324
Cambodia,KHM,2021,1231.20833786519
Cambodia,KHM,2020,1280.83603038708
Cambodia,KHM,2019,1324.81118697622
Cambodia,KHM,2018,1297.72735339736
Cambodia,KHM,2017,1245.76110415655
Cambodia,KHM,2016,1184.05627257677
Cambodia,KHM,2015,1148.83751565969
Cambodia,KHM,2014,1103.056681139
Cambodia,KHM,2013,1062.09319027528
Cameroon,CMR,2023,1093.61619410252
Cameroon,CMR,2022,1093.62776757505
Cameroon,CMR,2021,1076.57915569432
Cameroon,CMR,2020,1055.60140447701
Cameroon,CMR,2019,1081.99132536778
Cameroon,CMR,2018,1069.18184314057
Cameroon,CMR,2017,1045.64998128265
Cameroon,CMR,2016,1027.40912721257
Cameroon,CMR,2015,1033.77227798701
Cameroon,CMR,2014,1002.19300212439
Cameroon,CMR,2013,977.353311149473
Canada,CAN,2023,26836.8801321487
Canada,CAN,2022,26983.2157980471
Canada,CAN,2021,25747.725362272
Canada,CAN,2020,24482.6770052675
Canada,CAN,2019,26401.670774819
Canada,CAN,2018,26372.69897185
Canada,CAN,2017,26064.8390800359
Canada,CAN,2016,25442.1384838149
Canada,CAN,2015,25201.354183224
Canada,CAN,2014,24817.6989473081
Canada,CAN,2013,24437.4524456777
Cayman Islands,CYM,2023,
Cayman Islands,CYM,2022,
Cayman Islands,CYM,2021,
Cayman Islands,CYM,2020,
Cayman Islands,CYM,2019,
Cayman Islands,CYM,2018,
Cayman Islands,CYM,2017,
Cayman Islands,CYM,2016,
Cayman Islands,CYM,2015,
Cayman Islands,CYM,2014,
Cayman Islands,CYM,2013,
Central African Republic,CAF,2023,466.601391204032
Central African Republic,CAF,2022,494.139481411463
Central African Republic,CAF,2021,467.533486663464
Central African Republic,CAF,2020,462.480689439679
Central African Republic,CAF,2019,490.965314989506
Central African Republic,CAF,2018,470.670803000621
Central African Republic,CAF,2017,319.696677156768
Central African Republic,CAF,2016,322.920070290638
Central African Republic,CAF,2015,301.950945517928
Central African Republic,CAF,2014,296.824624281021
Central African Republic,CAF,2013,288.405493100422
Chad,TCD,2023,562.603719563442
Chad,TCD,2022,598.500061630401
Chad,TCD,2021,596.227894594466
Chad,TCD,2020,592.270865001486
Chad,TCD,2019,623.470406369485
Chad,TCD,2018,620.083779620485
Chad,TCD,2017,606.755503184803
Chad,TCD,2016,622.230698112631
Chad,TCD,2015,624.260670253857
Chad,TCD,2014,612.26333683375
Chad,TCD,2013,630.915871552615
Channel Islands,CHI,2023,
Channel Islands,CHI,2022,
Channel Islands,CHI,2021,
Channel Islands,CHI,2020,
Channel Islands,CHI,2019,
Channel Islands,CHI,2018,
Channel Islands,CHI,2017,
Channel Islands,CHI,2016,
Channel Islands,CHI,2015,
Channel Islands,CHI,2014,
Channel Islands,CHI,2013,
Chile,CHL,2023,9227.77950448923
Chile,CHL,2022,9734.0803844447
Chile,CHL,2021,9631.83702652472
Chile,CHL,2020,8006.04292321006
Chile,CHL,2019,8724.86097510104
Chile,CHL,2018,8800.91859044106
Chile,CHL,2017,8632.95756897709
Chile,CHL,2016,8469.86196131816
Chile,CHL,2015,8298.85743036779
Chile,CHL,2014,8188.13655269858
Chile,CHL,2013,8078.8835868438
China,CHN,2023,5101.98971459392
China,CHN,2022,4647.9634911987
China,CHN,2021,4578.9428350316
China,CHN,2020,4050.83369006802
China,CHN,2019,4173.65995460491
China,CHN,2018,3963.11619368469
China,CHN,2017,3675.7795108406
China,CHN,2016,3387.30326753543
China,CHN,2015,3111.57733727258
China,CHN,2014,2876.67634511188
China,CHN,2013,2650.40116368036
Colombia,COL,2023,5191.9868499475
Colombia,COL,2022,5223.70349460851
Colombia,COL,2021,4765.60938454264
Colombia,COL,2020,4199.77041750838
Colombia,COL,2019,4485.10932424782
Colombia,COL,2018,4387.35054060082
Colombia,COL,2017,4328.68867794349
Colombia,COL,2016,4303.58907439457
Colombia,COL,2015,4278.67176949557
Colombia,COL,2014,4186.37600383173
Colombia,COL,2013,4051.75326587082
Comoros,COM,2023,1357.75149595723
Comoros,COM,2022,1335.5492861031
Comoros,COM,2021,1333.27533044384
Comoros,COM,2020,1334.68435831302
Comoros,COM,2019,1309.90593151596
Comoros,COM,2018,1286.73552350688
Comoros,COM,2017,1281.20910060337
Comoros,COM,2016,1254.33548380151
Comoros,COM,2015,1240.33736334406
Comoros,COM,2014,1257.92303794234
Comoros,COM,2013,1266.90926747149
"Congo, Dem. Rep.",COD,2023,301.643917933264
"Congo, Dem. Rep.",COD,2022,301.975431410792
"Congo, Dem. Rep.",COD,2021,294.35971244691
"Congo, Dem. Rep.",COD,2020,297.126667942149
"Congo, Dem. Rep.",COD,2019,305.098120486502
"Congo, Dem. Rep.",COD,2018,302.3972910389
"Congo, Dem. Rep.",COD,2017,298.746585888559
"Congo, Dem. Rep.",COD,2016,298.556474493294
"Congo, Dem. Rep.",COD,2015,298.466508646391
"Congo, Dem. Rep.",COD,2014,301.494541807024
"Congo, Dem. Rep.",COD,2013,298.868260547041
"Congo, Rep.",COG,2023,814.625676784048
"Congo, Rep.",COG,2022,795.589328614241
"Congo, Rep.",COG,2021,776.082917526638
"Congo, Rep.",COG,2020,712.903696644694
"Congo, Rep.",COG,2019,795.63530993938
"Congo, Rep.",COG,2018,714.238457374916
"Congo, Rep.",COG,2017,688.540137580434
"Congo, Rep.",COG,2016,941.089442267213
"Congo, Rep.",COG,2015,963.983895134965
"Congo, Rep.",COG,2014,865.685736515287
"Congo, Rep.",COG,2013,803.388575915485
Costa Rica,CRI,2023,9107.49029322117
Costa Rica,CRI,2022,8780.31772723666
Costa Rica,CRI,2021,8504.99276947626
Costa Rica,CRI,2020,7840.5028769466
Costa Rica,CRI,2019,8430.36412092577
Costa Rica,CRI,2018,8307.54695144729
Costa Rica,CRI,2017,8171.23249792579
Costa Rica,CRI,2016,7814.68710077283
Costa Rica,CRI,2015,7608.50279000726
Costa Rica,CRI,2014,7346.28946471833
Costa Rica,CRI,2013,7084.19621397483
Cote d'Ivoire,CIV,2023,1474.61017815956
Cote d'Ivoire,CIV,2022,1372.0627457523
Cote d'Ivoire,CIV,2021,1345.469184039
Cote d'Ivoire,CIV,2020,1310.10396288449
Cote d'Ivoire,CIV,2019,1324.83846412782
Cote d'Ivoire,CIV,2018,1301.10971756233
Cote d'Ivoire,CIV,2017,1261.37703507857
Cote d'Ivoire,CIV,2016,1224.36703092235
Cote d'Ivoire,CIV,2015,1184.44859220177
Cote d'Ivoire,CIV,2014,1071.97159680623
Cote d'Ivoire,CIV,2013,996.443593645028
Croatia,HRV,2023,10149.4123245988
Croatia,HRV,2022,9837.95116183897
Croatia,HRV,2021,9148.43626356909
Croatia,HRV,2020,8186.17869681264
Croatia,HRV,2019,8555.68001641198
Croatia,HRV,2018,8139.03375591149
Croatia,HRV,2017,7770.97202827482
Croatia,HRV,2016,7411.73489036395
Croatia,HRV,2015,7106.66772550582
Croatia,HRV,2014,6996.05381749556
Croatia,HRV,2013,7119.08700324139
Cuba,CUB,2023,4420.69919887154
Cuba,CUB,2022,4274.94937578255
Cuba,CUB,2021,4164.88600239756
Cuba,CUB,2020,4258.00086439798
Cuba,CUB,2019,4652.1036038379
Cuba,CUB,2018,4682.16659465151
Cuba,CUB,2017,4570.92068905876
Cuba,CUB,2016,4488.468858543
Cuba,CUB,2015,4306.30776851397
Cuba,CUB,2014,4007.57587079921
Cuba,CUB,2013,3827.69956507937
Curacao,CUW,2023,
Curacao,CUW,2022,
Curacao,CUW,2021,
Curacao,CUW,2020,
Curacao,CUW,2019,
Curacao,CUW,2018,
Curacao,CUW,2017,
Curacao,CUW,2016,
Curacao,CUW,2015,13405.2751179168
Curacao,CUW,2014,
Curacao,CUW,2013,
Cyprus,CYP,2023,19388.892578125
Cyprus,CYP,2022,18650.390625
Cyprus,CYP,2021,17445.8515625
Cyprus,CYP,2020,16912.072265625
Cyprus,CYP,2019,18256.673828125
Cyprus,CYP,2018,17705.056640625
Cyprus,CYP,2017,16895.02734375
Cyprus,CYP,2016,16254.1513671875
Cyprus,CYP,2015,15540.783203125
Cyprus,CYP,2014,15101.974609375
Cyprus,CYP,2013,15064.07421875
Czechia,CZE,2023,9232.34527194192
Czechia,CZE,2022,9648.55393779197
Czechia,CZE,2021,9749.57999725953
Czechia,CZE,2020,9190.2531028585
Czechia,CZE,2019,9845.79064364199
Czechia,CZE,2018,9590.01638353391
Czechia,CZE,2017,9294.14680258105
Czechia,CZE,2016,8918.0842198453
Czechia,CZE,2015,8625.7656752526
Czechia,CZE,2014,8340.68715268772
Czechia,CZE,2013,8236.58406518801
Denmark,DNK,2023,26741.8289172117
Denmark,DNK,2022,27643.241457316
Denmark,DNK,2021,28484.3112873365
Denmark,DNK,2020,27086.7537989016
Denmark,DNK,2019,27516.4114762399
Denmark,DNK,2018,27134.8139436749
Denmark,DNK,2017,26282.6092620414
Denmark,DNK,2016,25753.3860276456
Denmark,DNK,2015,25130.4183994669
Denmark,DNK,2014,24819.5303598209
Denmark,DNK,2013,25004.1530540072
Djibouti,DJI,2023,2453.43257830628
Djibouti,DJI,2022,2362.53641850398
Djibouti,DJI,2021,2113.67857097879
Djibouti,DJI,2020,1956.71393390689
Djibouti,DJI,2019,1802.03212228077
Djibouti,DJI,2018,1721.37829502386
Djibouti,DJI,2017,1741.63633237755
Djibouti,DJI,2016,1600.89426601123
Djibouti,DJI,2015,1462.63941705627
Djibouti,DJI,2014,1346.85897848795
Djibouti,DJI,2013,1254.30405033576
Dominica,DMA,2023,
Dominica,DMA,2022,
Dominica,DMA,2021,
Dominica,DMA,2020,
Dominica,DMA,2019,
Dominica,DMA,2018,
Dominica,DMA,2017,
Dominica,DMA,2016,
Dominica,DMA,2015,
Dominica,DMA,2014,
Dominica,DMA,2013,
Dominican Republic,DOM,2023,6098.41999875344
Dominican Republic,DOM,2022,5993.91789998942
Dominican Republic,DOM,2021,5738.8883969875
Dominican Republic,DOM,2020,5356.57462304661
Dominican Republic,DOM,2019,5657.22370029015
Dominican Republic,DOM,2018,5450.55277420795
Dominican Republic,DOM,2017,5235.24802314247
Dominican Republic,DOM,2016,5087.00995379925
Dominican Republic,DOM,2015,4849.44036876219
Dominican Republic,DOM,2014,4607.3355360879
Dominican Republic,DOM,2013,4425.90370331937
Ecuador,ECU,2023,3976.32504584655
Ecuador,ECU,2022,3870.73576990915
Ecuador,ECU,2021,3680.87354534252
Ecuador,ECU,2020,3337.99168265905
Ecuador,ECU,2019,3778.63641525313
Ecuador,ECU,2018,3762.82888934796
Ecuador,ECU,2017,3750.00963248731
Ecuador,ECU,2016,3563.90028427599
Ecuador,ECU,2015,3840.20957536245
Ecuador,ECU,2014,3743.16513366387
Ecuador,ECU,2013,3667.49041440109
"Egypt, Arab Rep.",EGY,2023,3282.50895811772
"Egypt, Arab Rep.",EGY,2022,3223.22703957325
"Egypt, Arab Rep.",EGY,2021,3183.22280363748
"Egypt, Arab Rep.",EGY,2020,3042.36185086708
"Egypt, Arab Rep.",EGY,2019,2880.13333421404
"Egypt, Arab Rep.",EGY,2018,2886.32800074942
"Egypt, Arab Rep.",EGY,2017,2854.73437146361
"Egypt, Arab Rep.",EGY,2016,2795.24545590735
"Egypt, Arab Rep.",EGY,2015,2725.93576717454
"Egypt, Arab Rep.",EGY,2014,2700.60057021025
"Egypt, Arab Rep.",EGY,2013,2646.45149733662
El Salvador,SLV,2023,3548.24529386566
El Salvador,SLV,2022,3410.58168853659
El Salvador,SLV,2021,3427.20384883067
El Salvador,SLV,2020,3139.00487964132
El Salvador,SLV,2019,3423.48518377742
El Salvador,SLV,2018,3367.92831417856
El Salvador,SLV,2017,3326.7368326789
El Salvador,SLV,2016,3279.01427637375
El Salvador,SLV,2015,3224.57709621267
El Salvador,SLV,2014,3141.97889949828
El Salvador,SLV,2013,3159.39892413166
Equatorial Guinea,GNQ,2023,3135.89322026212
Equatorial Guinea,GNQ,2022,3159.95044057816
Equatorial Guinea,GNQ,2021,3117.50779631724
Equatorial Guinea,GNQ,2020,3131.13749098559
Equatorial Guinea,GNQ,2019,3494.91277334213
Equatorial Guinea,GNQ,2018,3492.39616638541
Equatorial Guinea,GNQ,2017,3494.34723773181
Equatorial Guinea,GNQ,2016,3500.84134932348
Equatorial Guinea,GNQ,2015,3531.26540468962
Equatorial Guinea,GNQ,2014,3598.57676757191
Equatorial Guinea,GNQ,2013,3611.56506839203
Eritrea,ERI,2023,
Eritrea,ERI,2022,
Eritrea,ERI,2021,
Eritrea,ERI,2020,
Eritrea,ERI,2019,
Eritrea,ERI,2018,
Eritrea,ERI,2017,
Eritrea,ERI,2016,
Eritrea,ERI,2015,
Eritrea,ERI,2014,
Eritrea,ERI,2013,
Estonia,EST,2023,11159.7548291622
Estonia,EST,2022,11491.3406493715
Estonia,EST,2021,11316.4618537212
Estonia,EST,2020,10570.1074652194
Estonia,EST,2019,10680.3660135785
Estonia,EST,2018,10280.7341225198
Estonia,EST,2017,9862.48138572894
Estonia,EST,2016,9656.03102319867
Estonia,EST,2015,9261.99039709317
Estonia,EST,2014,8849.74007821211
Estonia,EST,2013,8470.9322819098
Eswatini,SWZ,2023,2286.70675621777
Eswatini,SWZ,2022,2201.24205840155
Eswatini,SWZ,2021,2100.72634091607
Eswatini,SWZ,2020,2034.10320855285
Eswatini,SWZ,2019,2163.47411434995
Eswatini,SWZ,2018,2091.80071910115
Eswatini,SWZ,2017,2040.19648791559
Eswatini,SWZ,2016,1962.63332512455
Eswatini,SWZ,2015,2003.96538438105
Eswatini,SWZ,2014,2067.3999015677
Eswatini,SWZ,2013,2200.70786206046
Ethiopia,ETH,2023,603.729359943788
Ethiopia,ETH,2022,578.126563890489
Ethiopia,ETH,2021,561.668278423667
Ethiopia,ETH,2020,530.603031292866
Ethiopia,ETH,2019,503.376757912912
Ethiopia,ETH,2018,455.012671638993
Ethiopia,ETH,2017,455.083605804771
Ethiopia,ETH,2016,430.422919509089
Ethiopia,ETH,2015,425.979109187409
Ethiopia,ETH,2014,398.018634756682
Ethiopia,ETH,2013,383.79550547528
Faroe Islands,FRO,2023,
Faroe Islands,FRO,2022,
Faroe Islands,FRO,2021,
Faroe Islands,FRO,2020,
Faroe Islands,FRO,2019,
Faroe Islands,FRO,2018,
Faroe Islands,FRO,2017,
Faroe Islands,FRO,2016,
Faroe Islands,FRO,2015,24715.0903664064
Faroe Islands,FRO,2014,
Faroe Islands,FRO,2013,
Fiji,FJI,2023,
Fiji,FJI,2022,
Fiji,FJI,2021,
Fiji,FJI,2020,
Fiji,FJI,2019,
Fiji,FJI,2018,
Fiji,FJI,2017,
Fiji,FJI,2016,
Fiji,FJI,2015,3106.69803107663
Fiji,FJI,2014,
Fiji,FJI,2013,
Finland,FIN,2023,23575.7365412684
Finland,FIN,2022,23754.4256475657
Finland,FIN,2021,23616.072756426
Finland,FIN,2020,22931.0925156618
Finland,FIN,2019,23778.4655565059
Finland,FIN,2018,23706.917172649
Finland,FIN,2017,23470.4829852087
Finland,FIN,2016,23421.2425996527
Finland,FIN,2015,23062.4298350363
Finland,FIN,2014,22828.5103250301
Finland,FIN,2013,22801.3315540655
France,FRA,2023,21080.762072302
France,FRA,2022,20996.6058688345
France,FRA,2021,20424.5776093856
France,FRA,2020,19474.4098015167
France,FRA,2019,20885.8154145207
France,FRA,2018,20609.9976365453
France,FRA,2017,20466.9962910379
France,FRA,2016,20229.1764052616
France,FRA,2015,19940.8668342447
France,FRA,2014,19694.4007083731
France,FRA,2013,19588.1428033102
French Polynesia,PYF,2023,
French Polynesia,PYF,2022,
French Polynesia,PYF,2021,
French Polynesia,PYF,2020,
French Polynesia,PYF,2019,
French Polynesia,PYF,2018,
French Polynesia,PYF,2017,
French Polynesia,PYF,2016,
French Polynesia,PYF,2015,12524.3150111768
French Polynesia,PYF,2014,
French Polynesia,PYF,2013,
Gabon,GAB,2023,2224.52222772892
Gabon,GAB,2022,2226.72803014945
Gabon,GAB,2021,2284.60057840027
Gabon,GAB,2020,2371.87005347238
Gabon,GAB,2019,2478.79768797678
Gabon,GAB,2018,2517.0581600203
Gabon,GAB,2017,2592.09822481136
Gabon,GAB,2016,2650.8104561798
Gabon,GAB,2015,2666.5206436455
Gabon,GAB,2014,2642.53653823437
Gabon,GAB,2013,2589.34208962545
"Gambia, The",GMB,2023,606.262891541457
"Gambia, The",GMB,2022,583.067946901218
"Gambia, The",GMB,2021,581.614532684784
"Gambia, The",GMB,2020,555.320487015475
"Gambia, The",GMB,2019,575.759625035005
"Gambia, The",GMB,2018,566.635980348459
"Gambia, The",GMB,2017,529.211787126469
"Gambia, The",GMB,2016,495.531309091773
"Gambia, The",GMB,2015,505.921007454031
"Gambia, The",GMB,2014,515.503031506832
"Gambia, The",GMB,2013,527.738915157276
Georgia,GEO,2023,4555.55136108541
Georgia,GEO,2022,4356.33934010645
Georgia,GEO,2021,4487.79580558991
Georgia,GEO,2020,3982.38491983079
Georgia,GEO,2019,3618.32515721016
Georgia,GEO,2018,3435.05211916891
Georgia,GEO,2017,3330.96101930456
Georgia,GEO,2016,3070.06987953878
Georgia,GEO,2015,3075.40666768126
Georgia,GEO,2014,2967.58522951209
Georgia,GEO,2013,2810.74534415162
Germany,DEU,2023,23671.3154646965
Germany,DEU,2022,23858.4036263768
Germany,DEU,2021,22390.7513104949
Germany,DEU,2020,21967.471465973
Germany,DEU,2019,23577.1695245946
Germany,DEU,2018,23242.5835637739
Germany,DEU,2017,22987.648521943
Germany,DEU,2016,22732.0839586032
Germany,DEU,2015,22415.3720917101
Germany,DEU,2014,22100.4455292861
Germany,DEU,2013,21975.3044893033
Ghana,GHA,2023,1685.71750385873
Ghana,GHA,2022,1559.76735037227
Ghana,GHA,2021,1505.49467543151
Ghana,GHA,2020,1433.65569252476
Ghana,GHA,2019,1438.4695399147
Ghana,GHA,2018,1286.37510213469
Ghana,GHA,2017,1265.20549638492
Ghana,GHA,2016,1216.26482380217
Ghana,GHA,2015,1265.68207805763
Ghana,GHA,2014,1267.16250608677
Ghana,GHA,2013,1365.36169797284
Gibraltar,GIB,2023,
Gibraltar,GIB,2022,
Gibraltar,GIB,2021,
Gibraltar,GIB,2020,
Gibraltar,GIB,2019,
Gibraltar,GIB,2018,
Gibraltar,GIB,2017,
Gibraltar,GIB,2016,
Gibraltar,GIB,2015,
Gibraltar,GIB,2014,
Gibraltar,GIB,2013,
Greece,GRC,2023,15144.8531086026
Greece,GRC,2022,14761.6870952556
Greece,GRC,2021,13342.5737531625
Greece,GRC,2020,12543.8627060725
Greece,GRC,2019,13343.8490385425
Greece,GRC,2018,12990.2147041159
Greece,GRC,2017,12676.7962481852
Greece,GRC,2016,12335.0178871466
Greece,GRC,2015,12242.3080186978
Greece,GRC,2014,12115.5022703694
Greece,GRC,2013,12021.2149121619
Greenland,GRL,2023,18870.9686245811
Greenland,GRL,2022,18925.5593364834
Greenland,GRL,2021,18820.2430166658
Greenland,GRL,2020,18336.5805405422
Greenland,GRL,2019,18435.8337144667
Greenland,GRL,2018,18410.1302182195
Greenland,GRL,2017,18086.3773213645
Greenland,GRL,2016,17926.444174397
Greenland,GRL,2015,17686.5520827698
Greenland,GRL,2014,17597.5509387205
Greenland,GRL,2013,17415.5241619145
Grenada,GRD,2023,
Grenada,GRD,2022,
Grenada,GRD,2021,
Grenada,GRD,2020,
Grenada,GRD,2019,
Grenada,GRD,2018,
Grenada,GRD,2017,
Grenada,GRD,2016,
Grenada,GRD,2015,
Grenada,GRD,2014,
Grenada,GRD,2013,
Guam,GUM,2023,
Guam,GUM,2022,20797.7241208484
Guam,GUM,2021,20726.4777262675
Guam,GUM,2020,20294.9162880882
Guam,GUM,2019,21052.673930301
Guam,GUM,2018,20921.5927484881
Guam,GUM,2017,20957.8949203815
Guam,GUM,2016,20317.4023676579
Guam,GUM,2015,19932.6885176314
Guam,GUM,2014,19495.6595088526
Guam,GUM,2013,19361.2778779365
Guatemala,GTM,2023,3914.01356916303
Guatemala,GTM,2022,3809.41572055692
Guatemala,GTM,2021,3707.89716085559
Guatemala,GTM,2020,3463.26015071604
Guatemala,GTM,2019,3572.7883753541
Guatemala,GTM,2018,3464.0543755365
Guatemala,GTM,2017,3401.56508042736
Guatemala,GTM,2016,3354.19985029099
Guatemala,GTM,2015,3282.90136243709
Guatemala,GTM,2014,3180.06775689259
Guatemala,GTM,2013,3100.19831528119
Guinea,GIN,2023,690.925480674391
Guinea,GIN,2022,681.172689636235
Guinea,GIN,2021,672.031318941672
Guinea,GIN,2020,679.109090432683
Guinea,GIN,2019,679.262747217621
Guinea,GIN,2018,663.632920322135
Guinea,GIN,2017,657.651472530489
Guinea,GIN,2016,668.07889858187
Guinea,GIN,2015,641.110697547805
Guinea,GIN,2014,614.53156189957
Guinea,GIN,2013,642.096849510521
Guinea-Bissau,GNB,2023,604.110923685864
Guinea-Bissau,GNB,2022,621.155695991111
Guinea-Bissau,GNB,2021,578.414248780634
Guinea-Bissau,GNB,2020,542.117657222831
Guinea-Bissau,GNB,2019,579.356801936559
Guinea-Bissau,GNB,2018,528.553028952127
Guinea-Bissau,GNB,2017,502.684880435703
Guinea-Bissau,GNB,2016,482.012347447647
Guinea-Bissau,GNB,2015,470.024702461336
Guinea-Bissau,GNB,2014,424.934201445811
Guinea-Bissau,GNB,2013,438.969329924042
Guyana,GUY,2023,
Guyana,GUY,2022,
Guyana,GUY,2021,
Guyana,GUY,2020,
Guyana,GUY,2019,
Guyana,GUY,2018,
Guyana,GUY,2017,
Guyana,GUY,2016,
Guyana,GUY,2015,
Guyana,GUY,2014,
Guyana,GUY,2013,
Haiti,HTI,2023,1351.53545162395
Haiti,HTI,2022,1366.1797120773
Haiti,HTI,2021,1391.60146177583
Haiti,HTI,2020,1391.30087604774
Haiti,HTI,2019,1468.06888083174
Haiti,HTI,2018,1502.60154009085
Haiti,HTI,2017,1462.64836689713
Haiti,HTI,2016,1411.51626433113
Haiti,HTI,2015,1355.63605314883
Haiti,HTI,2014,1316.48451923829
Haiti,HTI,2013,1336.19686965806
Honduras,HND,2023,2205.48454040546
Honduras,HND,2022,2144.84959700096
Honduras,HND,2021,2062.77839962876
Honduras,HND,2020,1795.29609099775
Honduras,HND,2019,1978.18405747189
Honduras,HND,2018,1922.70588876177
Honduras,HND,2017,1855.52715811601
Honduras,HND,2016,1796.70815103225
Honduras,HND,2015,1760.35605008156
Honduras,HND,2014,1726.81433566868
Honduras,HND,2013,1716.71605421828
"Hong Kong SAR, China",HKG,2023,30227.3968496648
"Hong Kong SAR, China",HKG,2022,29025.4345241487
"Hong Kong SAR, China",HKG,2021,29410.9119006244
"Hong Kong SAR, China",HKG,2020,27605.7059920011
"Hong Kong SAR, China",HKG,2019,30767.9440682118
"Hong Kong SAR, China",HKG,2018,31245.4112301653
"Hong Kong SAR, China",HKG,2017,29913.7942797876
"Hong Kong SAR, China",HKG,2016,28573.6675322236
"Hong Kong SAR, China",HKG,2015,28186.1564752206
"Hong Kong SAR, China",HKG,2014,27135.0569446015
"Hong Kong SAR, China",HKG,2013,26443.1710824808
Hungary,HUN,2023,8572.55445987469
Hungary,HUN,2022,8749.40832044075
Hungary,HUN,2021,8185.24957968876
Hungary,HUN,2020,7746.76144153336
Hungary,HUN,2019,7714.47571934032
Hungary,HUN,2018,7325.18860818295
Hungary,HUN,2017,6960.06264457116
Hungary,HUN,2016,6574.84478137544
Hungary,HUN,2015,6246.78159171073
Hungary,HUN,2014,5990.96349566327
Hungary,HUN,2013,5821.70466205971
Iceland,ISL,2023,30364.9834209072
Iceland,ISL,2022,30522.9941801018
Iceland,ISL,2021,29086.627167721
Iceland,ISL,2020,27340.7084264448
Iceland,ISL,2019,28487.6003203227
Iceland,ISL,2018,28868.248551332
Iceland,ISL,2017,28580.500502323
Iceland,ISL,2016,27313.6126126644
Iceland,ISL,2015,26306.2164457776
Iceland,ISL,2014,25739.348201686
Iceland,ISL,2013,25365.9001032367
India,IND,2023,1342.7691367373
India,IND,2022,1280.66908900788
India,IND,2021,1201.10046879969
India,IND,2020,1084.39939055664
India,IND,2019,1156.16158300344
India,IND,2018,1110.83188085621
India,IND,2017,1048.73742126107
India,IND,2016,998.692521227027
India,IND,2015,934.674245995534
India,IND,2014,876.407743432948
India,IND,2013,834.19459722485
Indonesia,IDN,2023,2345.10884062946
Indonesia,IDN,2022,2253.55713335175
Indonesia,IDN,2021,2163.23260783198
Indonesia,IDN,2020,2135.69429118373
Indonesia,IDN,2019,2212.91942341128
Indonesia,IDN,2018,2124.1022373389
Indonesia,IDN,2017,2040.00779611304
Indonesia,IDN,2016,1963.17227478231
Indonesia,IDN,2015,1889.08452808832
Indonesia,IDN,2014,1822.18491822482
Indonesia,IDN,2013,1751.19993192339
"Iran, Islamic Rep.",IRN,2023,2525.08394620276
"Iran, Islamic Rep.",IRN,2022,2514.89818313292
"Iran, Islamic Rep.",IRN,2021,2416.21180589542
"Iran, Islamic Rep.",IRN,2020,2288.41662533293
"Iran, Islamic Rep.",IRN,2019,2318.52575842442
"Iran, Islamic Rep.",IRN,2018,2547.33080876021
"Iran, Islamic Rep.",IRN,2017,2724.85335995126
"Iran, Islamic Rep.",IRN,2016,2720.62236101546
"Iran, Islamic Rep.",IRN,2015,2645.82906243317
"Iran, Islamic Rep.",IRN,2014,2692.22101052438
"Iran, Islamic Rep.",IRN,2013,2710.71057452103
Iraq,IRQ,2023,2333.39967949995
Iraq,IRQ,2022,2276.44561251653
Iraq,IRQ,2021,2269.11318388594
Iraq,IRQ,2020,2262.47218260099
Iraq,IRQ,2019,2447.78416995227
Iraq,IRQ,2018,2465.55709951029
Iraq,IRQ,2017,2467.98780648831
Iraq,IRQ,2016,2480.85549976063
Iraq,IRQ,2015,2472.22903585524
Iraq,IRQ,2014,2612.65304483318
Iraq,IRQ,2013,2610.83378073535
Ireland,IRL,2023,23854.7477448422
Ireland,IRL,2022,23286.6675297145
Ireland,IRL,2021,21436.2477888938
Ireland,IRL,2020,19947.805622571
Ireland,IRL,2019,22493.4198455535
Ireland,IRL,2018,22241.173904024
Ireland,IRL,2017,21394.4459378831
Ireland,IRL,2016,20970.2561652967
Ireland,IRL,2015,20368.6680441449
Ireland,IRL,2014,19927.1868115123
Ireland,IRL,2013,19584.7937742456
Isle of Man,IMN,2023,
Isle of Man,IMN,2022,
Isle of Man,IMN,2021,
Isle of Man,IMN,2020,
Isle of Man,IMN,2019,
Isle of Man,IMN,2018,
Isle of Man,IMN,2017,
Isle of Man,IMN,2016,
Isle of Man,IMN,2015,
Isle of Man,IMN,2014,
Isle of Man,IMN,2013,
Israel,ISR,2023,21230.2978595379
Israel,ISR,2022,22015.3146794002
Israel,ISR,2021,20931.2338108097
Israel,ISR,2020,19155.9544040415
Israel,ISR,2019,21028.1598238299
Israel,ISR,2018,20628.7196416159
Israel,ISR,2017,20300.5743594678
Israel,ISR,2016,19981.8704518475
Israel,ISR,2015,19172.3828354585
Israel,ISR,2014,18900.3003955012
Israel,ISR,2013,18576.4305121786
Italy,ITA,2023,19495.6083532277
Italy,ITA,2022,19380.042194522
Italy,ITA,2021,18372.7386177561
Italy,ITA,2020,17271.4356917056
Italy,ITA,2019,19222.3041608601
Italy,ITA,2018,19178.6933277759
Italy,ITA,2017,19041.6147471194
Italy,ITA,2016,18776.6733514838
Italy,ITA,2015,18596.4606481301
Italy,ITA,2014,18233.3786455942
Italy,ITA,2013,18183.7044924416
Jamaica,JAM,2023,
Jamaica,JAM,2022,
Jamaica,JAM,2021,
Jamaica,JAM,2020,
Jamaica,JAM,2019,
Jamaica,JAM,2018,
Jamaica,JAM,2017,
Jamaica,JAM,2016,
Jamaica,JAM,2015,
Jamaica,JAM,2014,
Jamaica,JAM,2013,
Japan,JPN,2023,19783.4415360591
Japan,JPN,2022,19670.7493557534
Japan,JPN,2021,19151.0799278786
Japan,JPN,2020,18700.2458891862
Japan,JPN,2019,19619.6510338186
Japan,JPN,2018,19752.9659477921
Japan,JPN,2017,19691.484476239
Japan,JPN,2016,19495.0479717415
Japan,JPN,2015,19555.118821942
Japan,JPN,2014,19530.4114059167
Japan,JPN,2013,19639.0176864115
Jordan,JOR,2023,
Jordan,JOR,2022,
Jordan,JOR,2021,
Jordan,JOR,2020,
Jordan,JOR,2019,
Jordan,JOR,2018,
Jordan,JOR,2017,
Jordan,JOR,2016,
Jordan,JOR,2015,
Jordan,JOR,2014,
Jordan,JOR,2013,
Kazakhstan,KAZ,2023,6442.76263921586
Kazakhstan,KAZ,2022,6080.06517886617
Kazakhstan,KAZ,2021,5938.902652686
Kazakhstan,KAZ,2020,5664.14934651407
Kazakhstan,KAZ,2019,5964.83199619205
Kazakhstan,KAZ,2018,5705.25380298197
Kazakhstan,KAZ,2017,5459.51129966343
Kazakhstan,KAZ,2016,5460.71045139659
Kazakhstan,KAZ,2015,5477.13420150601
Kazakhstan,KAZ,2014,5459.86781860165
Kazakhstan,KAZ,2013,5465.08008344348
Kenya,KEN,2023,1321.63733404667
Kenya,KEN,2022,1253.7799941936
Kenya,KEN,2021,1248.94120241303
Kenya,KEN,2020,1200.22165159444
Kenya,KEN,2019,1246.83311991795
Kenya,KEN,2018,1210.99972390901
Kenya,KEN,2017,1180.03193431134
Kenya,KEN,2016,1149.52152016063
Kenya,KEN,2015,1124.53484106792
Kenya,KEN,2014,1086.83042700747
Kenya,KEN,2013,1067.60815678526
Kiribati,KIR,2023,2446.69635581603
Kiribati,KIR,2022,2250.25124342944
Kiribati,KIR,2021,2073.32947474289
Kiribati,KIR,2020,1639.78124482317
Kiribati,KIR,2019,1749.64739224757
Kiribati,KIR,2018,1607.11377728638
Kiribati,KIR,2017,1604.53528783709
Kiribati,KIR,2016,1569.75933638129
Kiribati,KIR,2015,1474.36822458923
Kiribati,KIR,2014,1312.37937462206
Kiribati,KIR,2013,1266.72167932241
"Korea, Dem. People's Rep.",PRK,2023,
"Korea, Dem. People's Rep.",PRK,2022,
"Korea, Dem. People's Rep.",PRK,2021,
"Korea, Dem. People's Rep.",PRK,2020,
"Korea, Dem. People's Rep.",PRK,2019,
"Korea, Dem. People's Rep.",PRK,2018,
"Korea, Dem. People's Rep.",PRK,2017,
"Korea, Dem. People's Rep.",PRK,2016,
"Korea, Dem. People's Rep.",PRK,2015,
"Korea, Dem. People's Rep.",PRK,2014,
"Korea, Dem. People's Rep.",PRK,2013,
"Korea, Rep.",KOR,2023,17425.4299379201
"Korea, Rep.",KOR,2022,17093.538087544
"Korea, Rep.",KOR,2021,16371.1539484925
"Korea, Rep.",KOR,2020,15760.8642197313
"Korea, Rep.",KOR,2019,16550.7872385584
"Korea, Rep.",KOR,2018,16223.5797138856
"Korea, Rep.",KOR,2017,15776.6448609148
"Korea, Rep.",KOR,2016,15380.6675862295
"Korea, Rep.",KOR,2015,15023.5126261418
"Korea, Rep.",KOR,2014,14723.2234577845
"Korea, Rep.",KOR,2013,14512.640915779
Kosovo,XKX,2023,4401.66877775986
Kosovo,XKX,2022,4061.56244308864
Kosovo,XKX,2021,3886.82547549774
Kosovo,XKX,2020,3613.80127742695
Kosovo,XKX,2019,3528.60277122062
Kosovo,XKX,2018,3325.14652091446
Kosovo,XKX,2017,3196.96317531624
Kosovo,XKX,2016,3126.1849400302
Kosovo,XKX,2015,2995.24627920925
Kosovo,XKX,2014,2925.5538695818
Kosovo,XKX,2013,2755.59397787404
Kuwait,KWT,2023,10898.2888964635
Kuwait,KWT,2022,11242.0464200911
Kuwait,KWT,2021,11631.5393457774
Kuwait,KWT,2020,10714.1494443693
Kuwait,KWT,2019,11960.5637289419
Kuwait,KWT,2018,11997.2638245017
Kuwait,KWT,2017,12000.2514986089
Kuwait,KWT,2016,12026.2629936255
Kuwait,KWT,2015,12415.8533202585
Kuwait,KWT,2014,12555.6521315391
Kuwait,KWT,2013,12207.207391445
Kyrgyz Republic,KGZ,2023,1473.39011305909
Kyrgyz Republic,KGZ,2022,1264.23942933946
Kyrgyz Republic,KGZ,2021,1099.80903249552
Kyrgyz Republic,KGZ,2020,942.763740525857
Kyrgyz Republic,KGZ,2019,1025.80412415317
Kyrgyz Republic,KGZ,2018,1040.98524801896
Kyrgyz Republic,KGZ,2017,1012.67999948985
Kyrgyz Republic,KGZ,2016,973.005094840519
Kyrgyz Republic,KGZ,2015,1001.1299425773
Kyrgyz Republic,KGZ,2014,1033.67067169514
Kyrgyz Republic,KGZ,2013,1026.13643457102
Lao PDR,LAO,2023,
Lao PDR,LAO,2022,
Lao PDR,LAO,2021,
Lao PDR,LAO,2020,
Lao PDR,LAO,2019,
Lao PDR,LAO,2018,
Lao PDR,LAO,2017,
Lao PDR,LAO,2016,1554.75945600955
Lao PDR,LAO,2015,1510.80094076966
Lao PDR,LAO,2014,1466.92189143769
Lao PDR,LAO,2013,1420.92199753611
Latvia,LVA,2023,9748.66854842323
Latvia,LVA,2022,9860.42744602837
Latvia,LVA,2021,9359.58375558927
Latvia,LVA,2020,8589.38136627918
Latvia,LVA,2019,8957.53997267747
Latvia,LVA,2018,8905.67502149223
Latvia,LVA,2017,8528.44662574612
Latvia,LVA,2016,8222.44787699851
Latvia,LVA,2015,7841.46716517354
Latvia,LVA,2014,7637.41967046461
Latvia,LVA,2013,7498.62388764733
Lebanon,LBN,2023,6735.39666581137
Lebanon,LBN,2022,6757.91535162544
Lebanon,LBN,2021,6636.43884618194
Lebanon,LBN,2020,6517.44893384313
Lebanon,LBN,2019,7462.1866943427
Lebanon,LBN,2018,7402.67567505145
Lebanon,LBN,2017,7376.96157842553
Lebanon,LBN,2016,7192.69039754913
Lebanon,LBN,2015,7004.81174058787
Lebanon,LBN,2014,7009.06109218896
Lebanon,LBN,2013,7398.83264311759
Lesotho,LSO,2023,854.797943624321
Lesotho,LSO,2022,792.853487136375
Lesotho,LSO,2021,803.157832696233
Lesotho,LSO,2020,826.196743950142
Lesotho,LSO,2019,823.074858019927
Lesotho,LSO,2018,868.126451830731
Lesotho,LSO,2017,877.924471886798
Lesotho,LSO,2016,834.013290942019
Lesotho,LSO,2015,858.373541540473
Lesotho,LSO,2014,805.149470986527
Lesotho,LSO,2013,811.276480818306
Liberia,LBR,2023,
Liberia,LBR,2022,
Liberia,LBR,2021,
Liberia,LBR,2020,
Liberia,LBR,2019,
Liberia,LBR,2018,
Liberia,LBR,2017,
Liberia,LBR,2016,
Liberia,LBR,2015,
Liberia,LBR,2014,
Liberia,LBR,2013,
Libya,LBY,2023,2485.19123341031
Libya,LBY,2022,2387.34731804898
Libya,LBY,2021,2447.73361606232
Libya,LBY,2020,2487.35189944842
Libya,LBY,2019,2338.46946241689
Libya,LBY,2018,2288.79578786605
Libya,LBY,2017,2651.7195162749
Libya,LBY,2016,3240.28320659924
Libya,LBY,2015,3299.00404956865
Libya,LBY,2014,3630.40843921431
Libya,LBY,2013,3828.6111853251
Liechtenstein,LIE,2023,
Liechtenstein,LIE,2022,
Liechtenstein,LIE,2021,
Liechtenstein,LIE,2020,
Liechtenstein,LIE,2019,
Liechtenstein,LIE,2018,
Liechtenstein,LIE,2017,
Liechtenstein,LIE,2016,
Liechtenstein,LIE,2015,
Liechtenstein,LIE,2014,
Liechtenstein,LIE,2013,
Lithuania,LTU,2023,10749.8015342755
Lithuania,LTU,2022,10914.9332445916
Lithuania,LTU,2021,10805.2907776259
Lithuania,LTU,2020,9992.12788584574
Lithuania,LTU,2019,10317.9586826211
Lithuania,LTU,2018,10006.1885064851
Lithuania,LTU,2017,9583.33548817364
Lithuania,LTU,2016,9182.58361829556
Lithuania,LTU,2015,8744.9160466331
Lithuania,LTU,2014,8319.13020830818
Lithuania,LTU,2013,7930.29033174056
Luxembourg,LUX,2023,37423.2189275942
Luxembourg,LUX,2022,36788.2462391847
Luxembourg,LUX,2021,35213.4065030267
Luxembourg,LUX,2020,32087.4484457333
Luxembourg,LUX,2019,35338.4227239361
Luxembourg,LUX,2018,35261.9436392361
Luxembourg,LUX,2017,34881.843111644
Luxembourg,LUX,2016,34707.4486784088
Luxembourg,LUX,2015,34311.4627222219
Luxembourg,LUX,2014,34093.7567963269
Luxembourg,LUX,2013,33884.8694646585
"Macao SAR, China",MAC,2023,19892.9339665836
"Macao SAR, China",MAC,2022,17128.4607158344
"Macao SAR, China",MAC,2021,17893.6530876857
"Macao SAR, China",MAC,2020,16459.5055798343
"Macao SAR, China",MAC,2019,19734.0565790618
"Macao SAR, China",MAC,2018,19291.42043588
"Macao SAR, China",MAC,2017,18802.0223785864
"Macao SAR, China",MAC,2016,18249.764557707
"Macao SAR, China",MAC,2015,18699.410608229
"Macao SAR, China",MAC,2014,18887.3666169503
"Macao SAR, China",MAC,2013,18782.9144511535
Madagascar,MDG,2023,332.984764985549
Madagascar,MDG,2022,327.030477336143
Madagascar,MDG,2021,329.364207436576
Madagascar,MDG,2020,328.373658892071
Madagascar,MDG,2019,329.746550868814
Madagascar,MDG,2018,328.528504688664
Madagascar,MDG,2017,325.185232417842
Madagascar,MDG,2016,329.964738733849
Madagascar,MDG,2015,326.450358369194
Madagascar,MDG,2014,325.468555141714
Madagascar,MDG,2013,343.234703006275
Malawi,MWI,2023,
Malawi,MWI,2022,
Malawi,MWI,2021,
Malawi,MWI,2020,
Malawi,MWI,2019,
Malawi,MWI,2018,
Malawi,MWI,2017,
Malawi,MWI,2016,
Malawi,MWI,2015,
Malawi,MWI,2014,
Malawi,MWI,2013,
Malaysia,MYS,2023,6942.39930667473
Malaysia,MYS,2022,6718.40374028937
Malaysia,MYS,2021,6102.80522720758
Malaysia,MYS,2020,6065.08524889391
Malaysia,MYS,2019,6398.9372753072
Malaysia,MYS,2018,6037.75090468222
Malaysia,MYS,2017,5687.51709077947
Malaysia,MYS,2016,5414.71064165109
Malaysia,MYS,2015,5206.60772479137
Malaysia,MYS,2014,4996.94186320741
Malaysia,MYS,2013,4751.85706228808
Maldives,MDV,2023,5670.02728215736
Maldives,MDV,2022,5111.07352500769
Maldives,MDV,2021,4508.58307309381
Maldives,MDV,2020,4239.53668032328
Maldives,MDV,2019,5187.84905618265
Maldives,MDV,2018,4998.10158577947
Maldives,MDV,2017,4677.70732731576
Maldives,MDV,2016,4288.32953472343
Maldives,MDV,2015,3942.63692377315
Maldives,MDV,2014,4026.2103989968
Maldives,MDV,2013,
Mali,MLI,2023,670.713618243851
Mali,MLI,2022,667.821274553155
Mali,MLI,2021,656.887556053343
Mali,MLI,2020,658.480158454725
Mali,MLI,2019,663.207352694602
Mali,MLI,2018,650.599092613114
Mali,MLI,2017,644.991940147801
Mali,MLI,2016,632.80808282405
Mali,MLI,2015,618.860713502033
Mali,MLI,2014,599.968970913181
Mali,MLI,2013,585.598445136787
Malta,MLT,2023,15866.4288576835
Malta,MLT,2022,14635.8726588657
Malta,MLT,2021,13696.0661779088
Malta,MLT,2020,12434.3436632897
Malta,MLT,2019,14185.0189238064
Malta,MLT,2018,13979.7997719754
Malta,MLT,2017,13138.9100248849
Malta,MLT,2016,12663.2049959754
Malta,MLT,2015,12597.5949866432
Malta,MLT,2014,12486.4691647581
Malta,MLT,2013,12350.6218465014
Marshall Islands,MHL,2023,3994.85667190357
Marshall Islands,MHL,2022,4181.71769344013
Marshall Islands,MHL,2021,3864.66023642033
Marshall Islands,MHL,2020,3876.93064206435
Marshall Islands,MHL,2019,3881.6824596087
Marshall Islands,MHL,2018,3546.12564866954
Marshall Islands,MHL,2017,3479.19362118249
Marshall Islands,MHL,2016,3083.08076044352
Marshall Islands,MHL,2015,2913.79918032787
Marshall Islands,MHL,2014,2876.13262109406
Marshall Islands,MHL,2013,2954.34186381484
Mauritania,MRT,2023,1002.48018488012
Mauritania,MRT,2022,1002.43755216782
Mauritania,MRT,2021,992.932051475639
Mauritania,MRT,2020,989.129915446129
Mauritania,MRT,2019,1008.79894356716
Mauritania,MRT,2018,1012.80562407348
Mauritania,MRT,2017,1005.85907088958
Mauritania,MRT,2016,1007.9487504178
Mauritania,MRT,2015,995.745333532351
Mauritania,MRT,2014,983.515898568512
Mauritania,MRT,2013,984.023287100585
Mauritius,MUS,2023,7392.47244936816
Mauritius,MUS,2022,7068.73188153361
Mauritius,MUS,2021,6793.12526707663
Mauritius,MUS,2020,6595.10702228639
Mauritius,MUS,2019,7788.26965946763
Mauritius,MUS,2018,7552.74287944257
Mauritius,MUS,2017,7321.50574219275
Mauritius,MUS,2016,7098.84901755308
Mauritius,MUS,2015,6899.92422698058
Mauritius,MUS,2014,6712.25869631679
Mauritius,MUS,2013,6552.08238582541
Mexico,MEX,2023,7327.43759673952
Mexico,MEX,2022,7095.71759431448
Mexico,MEX,2021,6819.8628241877
Mexico,MEX,2020,6332.55010343618
Mexico,MEX,2019,7081.05946168763
Mexico,MEX,2018,7085.02174363916
Mexico,MEX,2017,7049.26979739588
Mexico,MEX,2016,6994.9748544846
Mexico,MEX,2015,6929.61175595384
Mexico,MEX,2014,6820.88307144116
Mexico,MEX,2013,6769.88287842356
"Micronesia, Fed. Sts.",FSM,2023,
"Micronesia, Fed. Sts.",FSM,2022,
"Micronesia, Fed. Sts.",FSM,2021,
"Micronesia, Fed. Sts.",FSM,2020,
"Micronesia, Fed. Sts.",FSM,2019,
"Micronesia, Fed. Sts.",FSM,2018,
"Micronesia, Fed. Sts.",FSM,2017,
"Micronesia, Fed. Sts.",FSM,2016,
"Micronesia, Fed. Sts.",FSM,2015,
"Micronesia, Fed. Sts.",FSM,2014,
"Micronesia, Fed. Sts.",FSM,2013,
Moldova,MDA,2023,3283.99015852522
Moldova,MDA,2022,3217.69703076582
Moldova,MDA,2021,3298.74798431892
Moldova,MDA,2020,2771.89276200315
Moldova,MDA,2019,2966.29411604149
Moldova,MDA,2018,2799.29886534498
Moldova,MDA,2017,2661.3297562187
Moldova,MDA,2016,2475.19762926853
Moldova,MDA,2015,2408.36081818503
Moldova,MDA,2014,2449.35107618604
Moldova,MDA,2013,2320.78152289239
Monaco,MCO,2023,
Monaco,MCO,2022,
Monaco,MCO,2021,
Monaco,MCO,2020,
Monaco,MCO,2019,
Monaco,MCO,2018,
Monaco,MCO,2017,
Monaco,MCO,2016,
Monaco,MCO,2015,
Monaco,MCO,2014,
Monaco,MCO,2013,
Mongolia,MNG,2023,2955.1110042021
Mongolia,MNG,2022,2729.77622482087
Mongolia,MNG,2021,2563.49793116044
Mongolia,MNG,2020,2769.10422737044
Mongolia,MNG,2019,2762.69075142257
Mongolia,MNG,2018,2658.66018772207
Mongolia,MNG,2017,2424.31257253919
Mongolia,MNG,2016,2369.60780720573
Mongolia,MNG,2015,2376.28998322873
Mongolia,MNG,2014,2244.68628800156
Mongolia,MNG,2013,2158.39327687931
Montenegro,MNE,2023,7389.02452982933
Montenegro,MNE,2022,6897.91644851578
Montenegro,MNE,2021,6065.40401848852
Montenegro,MNE,2020,5737.63127394544
Montenegro,MNE,2019,6014.68238962201
Montenegro,MNE,2018,5778.35389461092
Montenegro,MNE,2017,5608.6672021596
Montenegro,MNE,2016,5399.48029635963
Montenegro,MNE,2015,5038.82931746143
Montenegro,MNE,2014,5008.24572452819
Montenegro,MNE,2013,4870.9362393516
Morocco,MAR,2023,1994.08837890625
Morocco,MAR,2022,1922.63073730469
Morocco,MAR,2021,1939.49926757813
Morocco,MAR,2020,1831.89636230469
Morocco,MAR,2019,1960.92993164063
Morocco,MAR,2018,1939.41870117188
Morocco,MAR,2017,1913.16430664063
Morocco,MAR,2016,1867.41345214844
Morocco,MAR,2015,1855.13293457031
Morocco,MAR,2014,1832.91235351563
Morocco,MAR,2013,1799.5498046875
Mozambique,MOZ,2023,457.910708025023
Mozambique,MOZ,2022,432.255915602179
Mozambique,MOZ,2021,415.119694175138
Mozambique,MOZ,2020,404.059050524882
Mozambique,MOZ,2019,418.745280313571
Mozambique,MOZ,2018,407.315009776805
Mozambique,MOZ,2017,406.875250330263
Mozambique,MOZ,2016,416.968991615081
Mozambique,MOZ,2015,402.093607936598
Mozambique,MOZ,2014,407.012841600573
Mozambique,MOZ,2013,395.238731159673
Myanmar,MMR,2023,
Myanmar,MMR,2022,
Myanmar,MMR,2021,
Myanmar,MMR,2020,
Myanmar,MMR,2019,
Myanmar,MMR,2018,
Myanmar,MMR,2017,
Myanmar,MMR,2016,
Myanmar,MMR,2015,
Myanmar,MMR,2014,
Myanmar,MMR,2013,
Namibia,NAM,2023,3369.75876298903
Namibia,NAM,2022,3282.5405292172
Namibia,NAM,2021,3082.4399442026
Namibia,NAM,2020,2770.6819745471
Namibia,NAM,2019,3164.02566040208
Namibia,NAM,2018,3257.14544245048
Namibia,NAM,2017,3355.10493169997
Namibia,NAM,2016,3698.01232191417
Namibia,NAM,2015,3280.3907532334
Namibia,NAM,2014,2961.75058669574
Namibia,NAM,2013,2913.20980368009
Naoero,NRU,2023,
Naoero,NRU,2022,
Naoero,NRU,2021,
Naoero,NRU,2020,
Naoero,NRU,2019,
Naoero,NRU,2018,
Naoero,NRU,2017,
Naoero,NRU,2016,
Naoero,NRU,2015,
Naoero,NRU,2014,
Naoero,NRU,2013,
Nepal,NPL,2023,994.348298312091
Nepal,NPL,2022,986.573277344686
Nepal,NPL,2021,931.021374442082
Nepal,NPL,2020,877.456548419049
Nepal,NPL,2019,863.467818297625
Nepal,NPL,2018,807.984236674603
Nepal,NPL,2017,762.88911050565
Nepal,NPL,2016,758.439982556382
Nepal,NPL,2015,731.628191433629
Nepal,NPL,2014,717.106579645502
Nepal,NPL,2013,698.002338993211
Netherlands,NLD,2023,22258.62999843
Netherlands,NLD,2022,22315.8820758024
Netherlands,NLD,2021,21067.9914091837
Netherlands,NLD,2020,20275.0369357532
Netherlands,NLD,2019,21719.8782160943
Netherlands,NLD,2018,21637.0063338684
Netherlands,NLD,2017,21258.9422737599
Netherlands,NLD,2016,20914.6272448459
Netherlands,NLD,2015,20750.4087499901
Netherlands,NLD,2014,20391.0339469408
Netherlands,NLD,2013,20329.7356167242
New Caledonia,NCL,2023,
New Caledonia,NCL,2022,
New Caledonia,NCL,2021,
New Caledonia,NCL,2020,
New Caledonia,NCL,2019,
New Caledonia,NCL,2018,
New Caledonia,NCL,2017,
New Caledonia,NCL,2016,
New Caledonia,NCL,2015,20166.6790672033
New Caledonia,NCL,2014,
New Caledonia,NCL,2013,
New Zealand,NZL,2023,25923.6755895162
New Zealand,NZL,2022,26237.1588807271
New Zealand,NZL,2021,25382.6921051899
New Zealand,NZL,2020,24021.1842893615
New Zealand,NZL,2019,24490.0017374202
New Zealand,NZL,2018,24228.1636603555
New Zealand,NZL,2017,23606.9841851538
New Zealand,NZL,2016,22997.8410880934
New Zealand,NZL,2015,22106.5369249362
New Zealand,NZL,2014,21654.571154345
New Zealand,NZL,2013,21321.7829494095
Nicaragua,NIC,2023,1676.5355583675
Nicaragua,NIC,2022,1579.41641086665
Nicaragua,NIC,2021,1499.22280706387
Nicaragua,NIC,2020,1383.66187782629
Nicaragua,NIC,2019,1411.24128939857
Nicaragua,NIC,2018,1455.76247518779
Nicaragua,NIC,2017,1545.55933034781
Nicaragua,NIC,2016,1525.11126946148
Nicaragua,NIC,2015,1462.44333674183
Nicaragua,NIC,2014,1408.49378370037
Nicaragua,NIC,2013,1369.93717775522
Niger,NER,2023,386.361147615903
Niger,NER,2022,374.67226606089
Niger,NER,2021,352.034237895251
Niger,NER,2020,356.439350468151
Niger,NER,2019,346.071946439977
Niger,NER,2018,338.166191103598
Niger,NER,2017,341.252565064423
Niger,NER,2016,332.294461220496
Niger,NER,2015,327.027240049852
Niger,NER,2014,317.510824999591
Niger,NER,2013,322.886026655115
Nigeria,NGA,2023,
Nigeria,NGA,2022,
Nigeria,NGA,2021,
Nigeria,NGA,2020,
Nigeria,NGA,2019,
Nigeria,NGA,2018,
Nigeria,NGA,2017,
Nigeria,NGA,2016,
Nigeria,NGA,2015,
Nigeria,NGA,2014,
Nigeria,NGA,2013,
North Macedonia,MKD,2023,4856.32139270281
North Macedonia,MKD,2022,4767.18637064016
North Macedonia,MKD,2021,4505.12960471581
North Macedonia,MKD,2020,4106.46072750892
North Macedonia,MKD,2019,4212.32028009714
North Macedonia,MKD,2018,4032.93976053947
North Macedonia,MKD,2017,3869.93329722924
North Macedonia,MKD,2016,3775.56477768909
North Macedonia,MKD,2015,3622.96597610555
North Macedonia,MKD,2014,3459.98475188499
North Macedonia,MKD,2013,3376.85584513377
Northern Mariana Islands,MNP,2023,
Northern Mariana Islands,MNP,2022,13900.7534814644
Northern Mariana Islands,MNP,2021,14100.7991111229
Northern Mariana Islands,MNP,2020,12554.1548955116
Northern Mariana Islands,MNP,2019,13268.7696110996
Northern Mariana Islands,MNP,2018,12973.619135365
Northern Mariana Islands,MNP,2017,12630.1044333831
Northern Mariana Islands,MNP,2016,11169.8368449004
Northern Mariana Islands,MNP,2015,10269.053072951
Northern Mariana Islands,MNP,2014,9736.4910619539
Northern Mariana Islands,MNP,2013,8979.05752904047
Norway,NOR,2023,38864.2287108616
Norway,NOR,2022,39717.630946879
Norway,NOR,2021,37374.9296029506
Norway,NOR,2020,35422.779626318
Norway,NOR,2019,37244.6298868274
Norway,NOR,2018,36797.8458773863
Norway,NOR,2017,36071.4949159307
Norway,NOR,2016,35268.6158774368
Norway,NOR,2015,34835.8649023153
Norway,NOR,2014,33935.8196290899
Norway,NOR,2013,33346.2259098762
Oman,OMN,2023,7891.6871062622
Oman,OMN,2022,7983.17171767253
Oman,OMN,2021,7837.33561360465
Oman,OMN,2020,7667.74912000405
Oman,OMN,2019,6894.97749791271
Oman,OMN,2018,7157.71029230714
Oman,OMN,2017,7185.47531097793
Oman,OMN,2016,6793.57168639488
Oman,OMN,2015,6782.95531590064
Oman,OMN,2014,6838.40766206907
Oman,OMN,2013,6861.89251557733
Pakistan,PAK,2023,1488.72539482542
Pakistan,PAK,2022,1483.94590003261
Pakistan,PAK,2021,1408.558490421
Pakistan,PAK,2020,1313.08295168206
Pakistan,PAK,2019,1375.94665963526
Pakistan,PAK,2018,1325.58052024088
Pakistan,PAK,2017,1256.70619352345
Pakistan,PAK,2016,1192.01760513316
Pakistan,PAK,2015,1120.10181227704
Pakistan,PAK,2014,1102.43315878162
Pakistan,PAK,2013,1058.76912000213
Palau,PLW,2023,10129.2279979569
Palau,PLW,2022,10870.8972681922
Palau,PLW,2021,10946.443086173
Palau,PLW,2020,11476.7448373013
Palau,PLW,2019,11322.4120169821
Palau,PLW,2018,11407.6257055676
Palau,PLW,2017,11542.9562066067
Palau,PLW,2016,11553.1224600952
Palau,PLW,2015,10969.4991558807
Palau,PLW,2014,10665.4657581937
Palau,PLW,2013,10355.2465394233
Panama,PAN,2023,8079.34911446255
Panama,PAN,2022,7761.77688621359
Panama,PAN,2021,7600.12855151753
Panama,PAN,2020,7211.02076755974
Panama,PAN,2019,7938.42432403008
Panama,PAN,2018,7545.7541919776
Panama,PAN,2017,7392.17712645084
Panama,PAN,2016,7331.89502534047
Panama,PAN,2015,6996.16096827427
Panama,PAN,2014,6968.1125746054
Panama,PAN,2013,6632.28595835331
Papua New Guinea,PNG,2023,
Papua New Guinea,PNG,2022,
Papua New Guinea,PNG,2021,
Papua New Guinea,PNG,2020,
Papua New Guinea,PNG,2019,
Papua New Guinea,PNG,2018,
Papua New Guinea,PNG,2017,
Papua New Guinea,PNG,2016,
Papua New Guinea,PNG,2015,
Papua New Guinea,PNG,2014,
Papua New Guinea,PNG,2013,
Paraguay,PRY,2023,4194.50328174702
Paraguay,PRY,2022,4123.59060405199
Paraguay,PRY,2021,4077.55047424927
Paraguay,PRY,2020,3890.38379712505
Paraguay,PRY,2019,4089.35290454746
Paraguay,PRY,2018,4071.25691240251
Paraguay,PRY,2017,3956.30099494542
Paraguay,PRY,2016,3830.10919451014
Paraguay,PRY,2015,3748.8946050722
Paraguay,PRY,2014,3729.03844931382
Paraguay,PRY,2013,3561.6341002028
Peru,PER,2023,4399.02099784445
Peru,PER,2022,4444.7003951373
Peru,PER,2021,4333.18009159705
Peru,PER,2020,3884.63574916962
Peru,PER,2019,4361.25177694417
Peru,PER,2018,4297.26539129658
Peru,PER,2017,4214.43054494324
Peru,PER,2016,4166.80351759427
Peru,PER,2015,4070.39382265098
Peru,PER,2014,3957.55731871088
Peru,PER,2013,3835.12729747752
Philippines,PHL,2023,2693.80305972909
Philippines,PHL,2022,2573.21611321314
Philippines,PHL,2021,2394.39904978791
Philippines,PHL,2020,2318.53775115645
Philippines,PHL,2019,2547.98043938988
Philippines,PHL,2018,2436.22575046033
Philippines,PHL,2017,2332.09524396675
Philippines,PHL,2016,2229.51373156455
Philippines,PHL,2015,2108.85826256115
Philippines,PHL,2014,2010.69415690209
Philippines,PHL,2013,1932.23032848493
Poland,POL,2023,9953.38829585846
Poland,POL,2022,9942.08535508807
Poland,POL,2021,9414.07100094074
Poland,POL,2020,8738.29686674556
Poland,POL,2019,8923.43262932892
Poland,POL,2018,8640.9089620632
Poland,POL,2017,8240.76482386364
Poland,POL,2016,7770.57397690354
Poland,POL,2015,7484.62634515901
Poland,POL,2014,7197.70253652576
Poland,POL,2013,6970.98780474619
Portugal,PRT,2023,14401.0080761872
Portugal,PRT,2022,14255.6773787434
Portugal,PRT,2021,13597.2570540339
Portugal,PRT,2020,13044.2701795422
Portugal,PRT,2019,14004.4898543565
Portugal,PRT,2018,13539.2741467415
Portugal,PRT,2017,13180.2470052077
Portugal,PRT,2016,12918.2698912258
Portugal,PRT,2015,12580.7560876187
Portugal,PRT,2014,12310.9900745756
Portugal,PRT,2013,11965.2474862625
Puerto Rico (US),PRI,2023,25964.815415475
Puerto Rico (US),PRI,2022,25431.7956419241
Puerto Rico (US),PRI,2021,23650.9227554844
Puerto Rico (US),PRI,2020,19243.0024413781
Puerto Rico (US),PRI,2019,20126.1316741505
Puerto Rico (US),PRI,2018,19345.5815477332
Puerto Rico (US),PRI,2017,18180.8902674505
Puerto Rico (US),PRI,2016,17514.6812667675
Puerto Rico (US),PRI,2015,17436.3757072862
Puerto Rico (US),PRI,2014,17402.2548725005
Puerto Rico (US),PRI,2013,17732.6292763019
Qatar,QAT,2023,
Qatar,QAT,2022,
Qatar,QAT,2021,
Qatar,QAT,2020,13470.095220045
Qatar,QAT,2019,15929.319610343
Qatar,QAT,2018,15831.2530229381
Qatar,QAT,2017,15723.9164898463
Qatar,QAT,2016,15570.4762843085
Qatar,QAT,2015,15376.9552880739
Qatar,QAT,2014,15567.8801184072
Qatar,QAT,2013,16182.4828566832
Romania,ROU,2023,8520.18583379451
Romania,ROU,2022,8315.93469511043
Romania,ROU,2021,7856.58116039876
Romania,ROU,2020,7289.8010498492
Romania,ROU,2019,7522.30710150643
Romania,ROU,2018,7255.39060167216
Romania,ROU,2017,6595.21141062633
Romania,ROU,2016,5877.19598076239
Romania,ROU,2015,5510.52255127723
Romania,ROU,2014,5178.6968556606
Romania,ROU,2013,4957.90591436785
Russian Federation,RUS,2023,5901.04833984375
Russian Federation,RUS,2022,5418.158203125
Russian Federation,RUS,2021,5507.7587890625
Russian Federation,RUS,2020,5001.1923828125
Russian Federation,RUS,2019,5307.287109375
Russian Federation,RUS,2018,5118.34716796875
Russian Federation,RUS,2017,4915.53857421875
Russian Federation,RUS,2016,4749.93798828125
Russian Federation,RUS,2015,4887.48388671875
Russian Federation,RUS,2014,5413.12109375
Russian Federation,RUS,2013,5402.99560546875
Rwanda,RWA,2023,564.842939081745
Rwanda,RWA,2022,519.009468522596
Rwanda,RWA,2021,542.58115608415
Rwanda,RWA,2020,590.518562572499
Rwanda,RWA,2019,580.132503180115
Rwanda,RWA,2018,579.716206354005
Rwanda,RWA,2017,547.981200990307
Rwanda,RWA,2016,591.14488745069
Rwanda,RWA,2015,583.672766726529
Rwanda,RWA,2014,514.801891023336
Rwanda,RWA,2013,487.277614367059
Samoa,WSM,2023,3340.06290670589
Samoa,WSM,2022,3431.65195335036
Samoa,WSM,2021,3289.36812419966
Samoa,WSM,2020,2985.00710240773
Samoa,WSM,2019,2920.92655678271
Samoa,WSM,2018,2932.53919538019
Samoa,WSM,2017,3048.14358956524
Samoa,WSM,2016,2959.19425727541
Samoa,WSM,2015,2827.37159756191
Samoa,WSM,2014,2836.36436381476
Samoa,WSM,2013,2849.12094760682
San Marino,SMR,2023,20791.462995169
San Marino,SMR,2022,19264.1266383875
San Marino,SMR,2021,16428.4486548818
San Marino,SMR,2020,14980.3452062155
San Marino,SMR,2019,15873.9029654321
San Marino,SMR,2018,15852.3269417601
San Marino,SMR,2017,16317.6554625395
San Marino,SMR,2016,17075.4908125565
San Marino,SMR,2015,17423.50416069
San Marino,SMR,2014,
San Marino,SMR,2013,
Sao Tome and Principe,STP,2023,1732.26314414369
Sao Tome and Principe,STP,2022,1748.2868457646
Sao Tome and Principe,STP,2021,1665.43932608773
Sao Tome and Principe,STP,2020,1683.95080932099
Sao Tome and Principe,STP,2019,1754.21163066298
Sao Tome and Principe,STP,2018,1718.86034595883
Sao Tome and Principe,STP,2017,1669.04915445948
Sao Tome and Principe,STP,2016,1546.93189101235
Sao Tome and Principe,STP,2015,1402.24742768389
Sao Tome and Principe,STP,2014,1545.54561299019
Sao Tome and Principe,STP,2013,1389.34863057278
Saudi Arabia,SAU,2023,12110.9443912977
Saudi Arabia,SAU,2022,11773.5976594858
Saudi Arabia,SAU,2021,11632.6680104188
Saudi Arabia,SAU,2020,10679.8904433653
Saudi Arabia,SAU,2019,11780.6782632283
Saudi Arabia,SAU,2018,11019.3691654828
Saudi Arabia,SAU,2017,10599.0741642298
Saudi Arabia,SAU,2016,10006.9789393533
Saudi Arabia,SAU,2015,9971.39536692726
Saudi Arabia,SAU,2014,9584.89397267032
Saudi Arabia,SAU,2013,9158.44417828196
Senegal,SEN,2023,988.846738107794
Senegal,SEN,2022,964.525046208486
Senegal,SEN,2021,952.034634756365
Senegal,SEN,2020,944.768396634296
Senegal,SEN,2019,948.037751786931
Senegal,SEN,2018,938.253979064963
Senegal,SEN,2017,921.15535142686
Senegal,SEN,2016,904.020226230199
Senegal,SEN,2015,884.557013024992
Senegal,SEN,2014,873.355969394118
Senegal,SEN,2013,856.46719964866
Serbia,SRB,2023,5311.63027353821
Serbia,SRB,2022,5252.78832408601
Serbia,SRB,2021,4950.21270488321
Serbia,SRB,2020,4552.55374986625
Serbia,SRB,2019,4617.07202537486
Serbia,SRB,2018,4429.64336993408
Serbia,SRB,2017,4285.0421324647
Serbia,SRB,2016,4172.5967446154
Serbia,SRB,2015,4073.40083962114
Serbia,SRB,2014,4067.03371033083
Serbia,SRB,2013,4057.73510753875
Seychelles,SYC,2023,10458.5189773134
Seychelles,SYC,2022,11196.0074238094
Seychelles,SYC,2021,13789.2744386084
Seychelles,SYC,2020,12429.6963932104
Seychelles,SYC,2019,12563.986223414
Seychelles,SYC,2018,12457.9668582291
Seychelles,SYC,2017,11421.7493400179
Seychelles,SYC,2016,10642.2043657724
Seychelles,SYC,2015,8914.04710660393
Seychelles,SYC,2014,9232.01148662197
Seychelles,SYC,2013,7216.03569600664
Sierra Leone,SLE,2023,1207.11283804894
Sierra Leone,SLE,2022,1207.48121174402
Sierra Leone,SLE,2021,1149.31080322142
Sierra Leone,SLE,2020,1111.22080785489
Sierra Leone,SLE,2019,1218.80110451717
Sierra Leone,SLE,2018,1143.50131314499
Sierra Leone,SLE,2017,1001.33841417017
Sierra Leone,SLE,2016,980.974604577181
Sierra Leone,SLE,2015,875.010080791679
Sierra Leone,SLE,2014,1090.96113147541
Sierra Leone,SLE,2013,1151.16272015428
Singapore,SGP,2023,23694.3446067418
Singapore,SGP,2022,23984.7675167849
Singapore,SGP,2021,22504.5447665595
Singapore,SGP,2020,20038.2254345285
Singapore,SGP,2019,23139.3355716214
Singapore,SGP,2018,22601.7987508906
Singapore,SGP,2017,21749.3027816377
Singapore,SGP,2016,21065.9239816307
Singapore,SGP,2015,20676.8394513646
Singapore,SGP,2014,19898.7533584766
Singapore,SGP,2013,19457.3877647224
Sint Maarten (Dutch part),SXM,2023,
Sint Maarten (Dutch part),SXM,2022,
Sint Maarten (Dutch part),SXM,2021,
Sint Maarten (Dutch part),SXM,2020,
Sint Maarten (Dutch part),SXM,2019,
Sint Maarten (Dutch part),SXM,2018,
Sint Maarten (Dutch part),SXM,2017,
Sint Maarten (Dutch part),SXM,2016,
Sint Maarten (Dutch part),SXM,2015,
Sint Maarten (Dutch part),SXM,2014,
Sint Maarten (Dutch part),SXM,2013,
Slovak Republic,SVK,2023,10844.6684604922
Slovak Republic,SVK,2022,11160.5327137017
Slovak Republic,SVK,2021,10606.2245468421
Slovak Republic,SVK,2020,10268.7265281928
Slovak Republic,SVK,2019,10235.2229834364
Slovak Republic,SVK,2018,9969.22596898368
Slovak Republic,SVK,2017,9587.60241424151
Slovak Republic,SVK,2016,9063.38153977074
Slovak Republic,SVK,2015,8756.62809545084
Slovak Republic,SVK,2014,8492.9688213588
Slovak Republic,SVK,2013,8294.73324031295
Slovenia,SVN,2023,13602.9006203756
Slovenia,SVN,2022,13659.4949780627
Slovenia,SVN,2021,13167.0829283086
Slovenia,SVN,2020,11866.3026930096
Slovenia,SVN,2019,12728.8282238572
Slovenia,SVN,2018,12149.6569232909
Slovenia,SVN,2017,11792.2315524787
Slovenia,SVN,2016,11511.1948771943
Slovenia,SVN,2015,11066.661604332
Slovenia,SVN,2014,10814.6687026127
Slovenia,SVN,2013,10703.9375367868
Solomon Islands,SLB,2023,1365.82624332396
Solomon Islands,SLB,2022,1253.22878335218
Solomon Islands,SLB,2021,1186.32842878198
Solomon Islands,SLB,2020,1089.05394843567
Solomon Islands,SLB,2019,1295.61733792748
Solomon Islands,SLB,2018,1301.21130708865
Solomon Islands,SLB,2017,1252.7166162218
Solomon Islands,SLB,2016,1295.63111202263
Solomon Islands,SLB,2015,1297.84530315594
Solomon Islands,SLB,2014,1313.3762623227
Solomon Islands,SLB,2013,1319.69446903203
"Somalia, Fed. Rep.",SOM,2023,596.987976890581
"Somalia, Fed. Rep.",SOM,2022,582.976317965092
"Somalia, Fed. Rep.",SOM,2021,573.781955950028
"Somalia, Fed. Rep.",SOM,2020,581.247660355005
"Somalia, Fed. Rep.",SOM,2019,608.074116827632
"Somalia, Fed. Rep.",SOM,2018,626.284140770256
"Somalia, Fed. Rep.",SOM,2017,634.967639252648
"Somalia, Fed. Rep.",SOM,2016,571.514926654041
"Somalia, Fed. Rep.",SOM,2015,553.708824308536
"Somalia, Fed. Rep.",SOM,2014,527.801022540476
"Somalia, Fed. Rep.",SOM,2013,503.063931273886
South Africa,ZAF,2023,3826.16731319893
South Africa,ZAF,2022,3868.54739395135
South Africa,ZAF,2021,3822.61527120818
South Africa,ZAF,2020,3662.05562354671
South Africa,ZAF,2019,3964.68391046959
South Africa,ZAF,2018,3979.61388794625
South Africa,ZAF,2017,3923.06239390757
South Africa,ZAF,2016,3882.24684198651
South Africa,ZAF,2015,3892.36467286065
South Africa,ZAF,2014,3887.5092778289
South Africa,ZAF,2013,3924.37723618645
South Sudan,SSD,2023,
South Sudan,SSD,2022,
South Sudan,SSD,2021,
South Sudan,SSD,2020,
South Sudan,SSD,2019,
South Sudan,SSD,2018,
South Sudan,SSD,2017,
South Sudan,SSD,2016,
South Sudan,SSD,2015,
South Sudan,SSD,2014,
South Sudan,SSD,2013,
Spain,ESP,2023,15937.8773185051
Spain,ESP,2022,15844.9953676141
Spain,ESP,2021,15212.5613598234
Spain,ESP,2020,14228.6781241452
Spain,ESP,2019,16264.8241528284
Spain,ESP,2018,16196.9234433154
Spain,ESP,2017,15992.9541605117
Spain,ESP,2016,15553.4040374081
Spain,ESP,2015,15162.5268540439
Spain,ESP,2014,14709.3450609481
Spain,ESP,2013,14413.935299127
Sri Lanka,LKA,2023,2661.19074776703
Sri Lanka,LKA,2022,2671.312187913
Sri Lanka,LKA,2021,2642.6958109279
Sri Lanka,LKA,2020,2601.14467090061
Sri Lanka,LKA,2019,2774.92627470032
Sri Lanka,LKA,2018,2689.0985810762
Sri Lanka,LKA,2017,2593.54485403686
Sri Lanka,LKA,2016,2639.35306185559
Sri Lanka,LKA,2015,2594.69617151068
Sri Lanka,LKA,2014,
Sri Lanka,LKA,2013,
St. Kitts and Nevis,KNA,2023,
St. Kitts and Nevis,KNA,2022,
St. Kitts and Nevis,KNA,2021,
St. Kitts and Nevis,KNA,2020,
St. Kitts and Nevis,KNA,2019,
St. Kitts and Nevis,KNA,2018,
St. Kitts and Nevis,KNA,2017,
St. Kitts and Nevis,KNA,2016,
St. Kitts and Nevis,KNA,2015,
St. Kitts and Nevis,KNA,2014,
St. Kitts and Nevis,KNA,2013,
St. Lucia,LCA,2023,
St. Lucia,LCA,2022,
St. Lucia,LCA,2021,
St. Lucia,LCA,2020,
St. Lucia,LCA,2019,
St. Lucia,LCA,2018,
St. Lucia,LCA,2017,
St. Lucia,LCA,2016,
St. Lucia,LCA,2015,
St. Lucia,LCA,2014,
St. Lucia,LCA,2013,
St. Martin (French part),MAF,2023,
St. Martin (French part),MAF,2022,
St. Martin (French part),MAF,2021,
St. Martin (French part),MAF,2020,
St. Martin (French part),MAF,2019,
St. Martin (French part),MAF,2018,
St. Martin (French part),MAF,2017,
St. Martin (French part),MAF,2016,
St. Martin (French part),MAF,2015,
St. Martin (French part),MAF,2014,
St. Martin (French part),MAF,2013,
St. Vincent and the Grenadines,VCT,2023,
St. Vincent and the Grenadines,VCT,2022,
St. Vincent and the Grenadines,VCT,2021,
St. Vincent and the Grenadines,VCT,2020,
St. Vincent and the Grenadines,VCT,2019,
St. Vincent and the Grenadines,VCT,2018,
St. Vincent and the Grenadines,VCT,2017,
St. Vincent and the Grenadines,VCT,2016,
St. Vincent and the Grenadines,VCT,2015,
St. Vincent and the Grenadines,VCT,2014,
St. Vincent and the Grenadines,VCT,2013,
Sudan,SDN,2023,624.130187988281
Sudan,SDN,2022,883.330383300781
Sudan,SDN,2021,914.564575195313
Sudan,SDN,2020,947.599182128906
Sudan,SDN,2019,1007.64013671875
Sudan,SDN,2018,1043.62963867188
Sudan,SDN,2017,1104.99731445313
Sudan,SDN,2016,1123.03051757813
Sudan,SDN,2015,1102.56750488281
Sudan,SDN,2014,1091.87915039063
Sudan,SDN,2013,1019.87127685547
Suriname,SUR,2023,
Suriname,SUR,2022,
Suriname,SUR,2021,
Suriname,SUR,2020,
Suriname,SUR,2019,
Suriname,SUR,2018,
Suriname,SUR,2017,
Suriname,SUR,2016,
Suriname,SUR,2015,
Suriname,SUR,2014,
Suriname,SUR,2013,
Sweden,SWE,2023,24969.1532732192
Sweden,SWE,2022,25497.6845738855
Sweden,SWE,2021,24978.0553029139
Sweden,SWE,2020,23784.0199967624
Sweden,SWE,2019,24696.8531858117
Sweden,SWE,2018,24753.986846882
Sweden,SWE,2017,24579.3787430005
Sweden,SWE,2016,24304.4251230204
Sweden,SWE,2015,24091.6370221885
Sweden,SWE,2014,23370.471323462
Sweden,SWE,2013,22939.7248815497
Switzerland,CHE,2023,45270.8608048721
Switzerland,CHE,2022,45211.2536183585
Switzerland,CHE,2021,43471.4903974963
Switzerland,CHE,2020,42873.2309131851
Switzerland,CHE,2019,44875.2575573794
Switzerland,CHE,2018,44565.0242364299
Switzerland,CHE,2017,44857.6574111701
Switzerland,CHE,2016,44628.5290068518
Switzerland,CHE,2015,44532.2517327415
Switzerland,CHE,2014,43997.9602908802
Switzerland,CHE,2013,44139.3949962006
Syrian Arab Republic,SYR,2023,
Syrian Arab Republic,SYR,2022,242.229822761451
Syrian Arab Republic,SYR,2021,283.323722995287
Syrian Arab Republic,SYR,2020,233.61240983883
Syrian Arab Republic,SYR,2019,416.395345669961
Syrian Arab Republic,SYR,2018,312.560420450564
Syrian Arab Republic,SYR,2017,519.128571878785
Syrian Arab Republic,SYR,2016,809.421554497205
Syrian Arab Republic,SYR,2015,786.838425467793
Syrian Arab Republic,SYR,2014,1130.71217964271
Syrian Arab Republic,SYR,2013,1264.58435599373
Tajikistan,TJK,2023,997.473889981338
Tajikistan,TJK,2022,933.489074176296
Tajikistan,TJK,2021,825.927186461905
Tajikistan,TJK,2020,807.220379735791
Tajikistan,TJK,2019,799.441469795297
Tajikistan,TJK,2018,779.831922607642
Tajikistan,TJK,2017,768.061673488528
Tajikistan,TJK,2016,752.319881610413
Tajikistan,TJK,2015,681.654907270884
Tajikistan,TJK,2014,821.210486807037
Tajikistan,TJK,2013,827.047596356683
Tanzania,TZA,2023,597.401428222656
Tanzania,TZA,2022,601.654541015625
Tanzania,TZA,2021,592.319580078125
Tanzania,TZA,2020,596.542663574219
Tanzania,TZA,2019,608.801574707031
Tanzania,TZA,2018,608.060424804688
Tanzania,TZA,2017,590.800842285156
Tanzania,TZA,2016,586.23583984375
Tanzania,TZA,2015,599.744262695313
Tanzania,TZA,2014,583.016662597656
Tanzania,TZA,2013,570.633361816406
Thailand,THA,2023,3750.97612111305
Thailand,THA,2022,3513.78419906613
Thailand,THA,2021,3306.27992536403
Thailand,THA,2020,3290.38967906256
Thailand,THA,2019,3321.82389598862
Thailand,THA,2018,3201.65543669443
Thailand,THA,2017,3070.90244454868
Thailand,THA,2016,2991.54266946198
Thailand,THA,2015,2920.92486372928
Thailand,THA,2014,2859.94051007964
Thailand,THA,2013,2859.89308943111
Timor-Leste,TLS,2023,864.490791642768
Timor-Leste,TLS,2022,845.10153034956
Timor-Leste,TLS,2021,751.702602472782
Timor-Leste,TLS,2020,784.433729270248
Timor-Leste,TLS,2019,812.997398045267
Timor-Leste,TLS,2018,790.434018647935
Timor-Leste,TLS,2017,789.45189074405
Timor-Leste,TLS,2016,781.304017220381
Timor-Leste,TLS,2015,766.465886281242
Timor-Leste,TLS,2014,795.523998162286
Timor-Leste,TLS,2013,768.484717721229
Togo,TGO,2023,771.987707763592
Togo,TGO,2022,742.185184293176
Togo,TGO,2021,721.204474646583
Togo,TGO,2020,686.031818128228
Togo,TGO,2019,692.522923572122
Togo,TGO,2018,674.307340961369
Togo,TGO,2017,655.693232771624
Togo,TGO,2016,643.818857289328
Togo,TGO,2015,630.716745221476
Togo,TGO,2014,610.968708412775
Togo,TGO,2013,594.905691133147
Tonga,TON,2023,4793.05400759576
Tonga,TON,2022,4401.54206926788
Tonga,TON,2021,4141.9968658014
Tonga,TON,2020,4613.35499404559
Tonga,TON,2019,4748.04253092888
Tonga,TON,2018,4668.64023703239
Tonga,TON,2017,4491.64890459265
Tonga,TON,2016,4441.73217248506
Tonga,TON,2015,4151.07384758708
Tonga,TON,2014,3840.88592885198
Tonga,TON,2013,3750.98984652746
Trinidad and Tobago,TTO,2023,
Trinidad and Tobago,TTO,2022,
Trinidad and Tobago,TTO,2021,
Trinidad and Tobago,TTO,2020,
Trinidad and Tobago,TTO,2019,
Trinidad and Tobago,TTO,2018,
Trinidad and Tobago,TTO,2017,
Trinidad and Tobago,TTO,2016,
Trinidad and Tobago,TTO,2015,
Trinidad and Tobago,TTO,2014,
Trinidad and Tobago,TTO,2013,
Tunisia,TUN,2023,2976.0062123749
Tunisia,TUN,2022,2970.89257975371
Tunisia,TUN,2021,2931.20961755897
Tunisia,TUN,2020,2855.54531641017
Tunisia,TUN,2019,3035.21912307259
Tunisia,TUN,2018,2992.29635715781
Tunisia,TUN,2017,2943.86360388106
Tunisia,TUN,2016,2900.10974210532
Tunisia,TUN,2015,2842.75478675616
Tunisia,TUN,2014,2785.8570532871
Tunisia,TUN,2013,2708.09184654705
Turkiye,TUR,2023,10121.9778367685
Turkiye,TUR,2022,9199.44874591381
Turkiye,TUR,2021,7997.87532144051
Turkiye,TUR,2020,6981.18612577411
Turkiye,TUR,2019,6801.69322564349
Turkiye,TUR,2018,6807.05790168185
Turkiye,TUR,2017,6845.37641488191
Turkiye,TUR,2016,6542.87550428619
Turkiye,TUR,2015,6389.73063403042
Turkiye,TUR,2014,6108.66802950418
Turkiye,TUR,2013,5993.64946374512
Turkmenistan,TKM,2023,
Turkmenistan,TKM,2022,
Turkmenistan,TKM,2021,
Turkmenistan,TKM,2020,
Turkmenistan,TKM,2019,
Turkmenistan,TKM,2018,
Turkmenistan,TKM,2017,
Turkmenistan,TKM,2016,
Turkmenistan,TKM,2015,
Turkmenistan,TKM,2014,
Turkmenistan,TKM,2013,
Turks and Caicos Islands,TCA,2023,
Turks and Caicos Islands,TCA,2022,
Turks and Caicos Islands,TCA,2021,
Turks and Caicos Islands,TCA,2020,
Turks and Caicos Islands,TCA,2019,
Turks and Caicos Islands,TCA,2018,
Turks and Caicos Islands,TCA,2017,
Turks and Caicos Islands,TCA,2016,
Turks and Caicos Islands,TCA,2015,
Turks and Caicos Islands,TCA,2014,
Turks and Caicos Islands,TCA,2013,
Tuvalu,TUV,2023,
Tuvalu,TUV,2022,
Tuvalu,TUV,2021,
Tuvalu,TUV,2020,
Tuvalu,TUV,2019,
Tuvalu,TUV,2018,
Tuvalu,TUV,2017,
Tuvalu,TUV,2016,
Tuvalu,TUV,2015,
Tuvalu,TUV,2014,
Tuvalu,TUV,2013,
Uganda,UGA,2023,705.722259970456
Uganda,UGA,2022,699.743492498532
Uganda,UGA,2021,691.824196740657
Uganda,UGA,2020,674.255410480948
Uganda,UGA,2019,682.864849687286
Uganda,UGA,2018,660.946718983764
Uganda,UGA,2017,626.669041837749
Uganda,UGA,2016,649.18794428743
Uganda,UGA,2015,662.309080385934
Uganda,UGA,2014,615.660452046182
Uganda,UGA,2013,618.564320135655
Ukraine,UKR,2023,1954.93078613281
Ukraine,UKR,2022,1712.88330078125
Ukraine,UKR,2021,2178.76049804688
Ukraine,UKR,2020,2021.94213867188
Ukraine,UKR,2019,1975.17150878906
Ukraine,UKR,2018,1768.91125488281
Ukraine,UKR,2017,1608.62414550781
Ukraine,UKR,2016,1464.23864746094
Ukraine,UKR,2015,1419.08544921875
Ukraine,UKR,2014,1754.9794921875
Ukraine,UKR,2013,1899.50732421875
United Arab Emirates,ARE,2023,22906.4179237624
United Arab Emirates,ARE,2022,20888.4639347089
United Arab Emirates,ARE,2021,18406.8248279788
United Arab Emirates,ARE,2020,18296.7421541036
United Arab Emirates,ARE,2019,18404.1270564682
United Arab Emirates,ARE,2018,17469.8225883834
United Arab Emirates,ARE,2017,17667.5069927388
United Arab Emirates,ARE,2016,17734.5278680248
United Arab Emirates,ARE,2015,18055.0754448545
United Arab Emirates,ARE,2014,18724.7588632741
United Arab Emirates,ARE,2013,17532.9493528062
United Kingdom,GBR,2023,29865.2694526593
United Kingdom,GBR,2022,30378.1280542866
United Kingdom,GBR,2021,28500.4216694989
United Kingdom,GBR,2020,26658.0081364677
United Kingdom,GBR,2019,30661.2060465101
United Kingdom,GBR,2018,30474.370507262
United Kingdom,GBR,2017,30003.1791353868
United Kingdom,GBR,2016,29554.9134623571
United Kingdom,GBR,2015,28765.0215561536
United Kingdom,GBR,2014,28139.4244325868
United Kingdom,GBR,2013,27585.8209273315
United States,USA,2023,45153.5791106354
United States,USA,2022,44387.6223857286
United States,USA,2021,43339.0837705455
United States,USA,2020,39898.9953276216
United States,USA,2019,41097.3383078539
United States,USA,2018,40441.1989691709
United States,USA,2017,39593.7819651487
United States,USA,2016,38844.3122968178
United States,USA,2015,38212.7414081329
United States,USA,2014,37262.1767943537
United States,USA,2013,36526.1745863851
Uruguay,URY,2023,
Uruguay,URY,2022,
Uruguay,URY,2021,
Uruguay,URY,2020,
Uruguay,URY,2019,
Uruguay,URY,2018,
Uruguay,URY,2017,
Uruguay,URY,2016,
Uruguay,URY,2015,11445.4692223159
Uruguay,URY,2014,
Uruguay,URY,2013,
Uzbekistan,UZB,2023,3192.86168269424
Uzbekistan,UZB,2022,3045.51427056294
Uzbekistan,UZB,2021,2793.32047277071
Uzbekistan,UZB,2020,2550.98660923628
Uzbekistan,UZB,2019,2661.69179236094
Uzbekistan,UZB,2018,2558.04631517716
Uzbekistan,UZB,2017,2453.24445556047
Uzbekistan,UZB,2016,2392.25093984984
Uzbekistan,UZB,2015,2218.99684210198
Uzbekistan,UZB,2014,2013.54896616704
Uzbekistan,UZB,2013,1869.46329648245
Vanuatu,VUT,2023,5554.79261581143
Vanuatu,VUT,2022,5776.55124033962
Vanuatu,VUT,2021,6344.99371258954
Vanuatu,VUT,2020,6371.03986613846
Vanuatu,VUT,2019,5234.84731953159
Vanuatu,VUT,2018,3859.17889819897
Vanuatu,VUT,2017,4601.95655250323
Vanuatu,VUT,2016,2982.22769515594
Vanuatu,VUT,2015,2594.60286288375
Vanuatu,VUT,2014,2862.67679972872
Vanuatu,VUT,2013,2858.7720664563
"Venezuela, RB",VEN,2023,
"Venezuela, RB",VEN,2022,
"Venezuela, RB",VEN,2021,
"Venezuela, RB",VEN,2020,
"Venezuela, RB",VEN,2019,
"Venezuela, RB",VEN,2018,
"Venezuela, RB",VEN,2017,
"Venezuela, RB",VEN,2016,
"Venezuela, RB",VEN,2015,
"Venezuela, RB",VEN,2014,
"Venezuela, RB",VEN,2013,
Viet Nam,VNM,2023,2106.09214536951
Viet Nam,VNM,2022,2057.05698178473
Viet Nam,VNM,2021,1921.17036581274
Viet Nam,VNM,2020,1896.76740474564
Viet Nam,VNM,2019,1907.19316863785
Viet Nam,VNM,2018,1799.43141796785
Viet Nam,VNM,2017,1702.03780766968
Viet Nam,VNM,2016,1607.59975033856
Viet Nam,VNM,2015,1529.33937267271
Viet Nam,VNM,2014,1423.30860866042
Viet Nam,VNM,2013,1355.56667726479
Virgin Islands (U.S.),VIR,2023,
Virgin Islands (U.S.),VIR,2022,24186.0109068988
Virgin Islands (U.S.),VIR,2021,24325.844603882
Virgin Islands (U.S.),VIR,2020,23957.2594192383
Virgin Islands (U.S.),VIR,2019,25016.2942368976
Virgin Islands (U.S.),VIR,2018,23498.4175388136
Virgin Islands (U.S.),VIR,2017,23302.1144732014
Virgin Islands (U.S.),VIR,2016,23780.2744137102
Virgin Islands (U.S.),VIR,2015,23804.2186571598
Virgin Islands (U.S.),VIR,2014,23268.1728461944
Virgin Islands (U.S.),VIR,2013,23492.4038051845
West Bank and Gaza,PSE,2023,2993.35530486713
West Bank and Gaza,PSE,2022,3081.40277245752
West Bank and Gaza,PSE,2021,2682.8912057064
West Bank and Gaza,PSE,2020,2556.88365569365
West Bank and Gaza,PSE,2019,3015.06454434353
West Bank and Gaza,PSE,2018,2969.98065477851
West Bank and Gaza,PSE,2017,3012.54488131355
West Bank and Gaza,PSE,2016,3107.10478011893
West Bank and Gaza,PSE,2015,2891.81123029668
West Bank and Gaza,PSE,2014,2857.83910377108
West Bank and Gaza,PSE,2013,2877.6895475467
"Yemen, Rep.",YEM,2023,
"Yemen, Rep.",YEM,2022,
"Yemen, Rep.",YEM,2021,
"Yemen, Rep.",YEM,2020,
"Yemen, Rep.",YEM,2019,
"Yemen, Rep.",YEM,2018,1248.03391930022
"Yemen, Rep.",YEM,2017,1283.24774792338
"Yemen, Rep.",YEM,2016,1312.83266568981
"Yemen, Rep.",YEM,2015,1362.08768937837
"Yemen, Rep.",YEM,2014,1702.94422215094
"Yemen, Rep.",YEM,2013,1759.32569977413
Zambia,ZMB,2023,
Zambia,ZMB,2022,
Zambia,ZMB,2021,
Zambia,ZMB,2020,
Zambia,ZMB,2019,
Zambia,ZMB,2018,
Zambia,ZMB,2017,
Zambia,ZMB,2016,
Zambia,ZMB,2015,603.812058066566
Zambia,ZMB,2014,
Zambia,ZMB,2013,
Zimbabwe,ZWE,2023,860.775660053201
Zimbabwe,ZWE,2022,847.150259429931
Zimbabwe,ZWE,2021,790.257601159959
Zimbabwe,ZWE,2020,788.117139511939
Zimbabwe,ZWE,2019,862.602820224775
Zimbabwe,ZWE,2018,953.572462937949
Zimbabwe,ZWE,2017,1167.25350750126
Zimbabwe,ZWE,2016,1140.29174151157
Zimbabwe,ZWE,2015,1241.69969149969
Zimbabwe,ZWE,2014,1058.08805122389
Zimbabwe,ZWE,2013,1064.11716754052
