country_name,iso3,year,household_consumption_pct_of_gdp
Africa Eastern and Southern,AFE,2023,67.4852822361227
Africa Eastern and Southern,AFE,2022,65.8392330867114
Africa Eastern and Southern,AFE,2021,65.2536417277367
Africa Eastern and Southern,AFE,2020,66.6693103163863
Africa Eastern and Southern,AFE,2019,66.5483560999075
Africa Eastern and Southern,AFE,2018,65.9004485056157
Africa Eastern and Southern,AFE,2017,65.9387477216926
Africa Eastern and Southern,AFE,2016,66.2620435553196
Africa Eastern and Southern,AFE,2015,66.4028545426591
Africa Eastern and Southern,AFE,2014,63.9277631771592
Africa Eastern and Southern,AFE,2013,62.2824237154605
Africa Western and Central,AFW,2023,
Africa Western and Central,AFW,2022,
Africa Western and Central,AFW,2021,
Africa Western and Central,AFW,2020,
Africa Western and Central,AFW,2019,
Africa Western and Central,AFW,2018,
Africa Western and Central,AFW,2017,
Africa Western and Central,AFW,2016,
Africa Western and Central,AFW,2015,
Africa Western and Central,AFW,2014,
Africa Western and Central,AFW,2013,
Arab World,ARB,2023,49.2787065256177
Arab World,ARB,2022,46.3560727851575
Arab World,ARB,2021,50.3204599648976
Arab World,ARB,2020,54.808074859769
Arab World,ARB,2019,48.9690613355107
Arab World,ARB,2018,47.3114334870011
Arab World,ARB,2017,50.8387126321864
Arab World,ARB,2016,53.2118670827546
Arab World,ARB,2015,51.3798710177991
Arab World,ARB,2014,44.0779955845856
Arab World,ARB,2013,40.8882018291628
Caribbean small states,CSS,2023,
Caribbean small states,CSS,2022,
Caribbean small states,CSS,2021,
Caribbean small states,CSS,2020,
Caribbean small states,CSS,2019,
Caribbean small states,CSS,2018,
Caribbean small states,CSS,2017,
Caribbean small states,CSS,2016,
Caribbean small states,CSS,2015,
Caribbean small states,CSS,2014,
Caribbean small states,CSS,2013,
Central Europe and the Baltics,CEB,2023,55.5549608805241
Central Europe and the Baltics,CEB,2022,56.6980823446916
Central Europe and the Baltics,CEB,2021,54.8929285987433
Central Europe and the Baltics,CEB,2020,55.0782494508139
Central Europe and the Baltics,CEB,2019,55.77646905887
Central Europe and the Baltics,CEB,2018,56.5853397880194
Central Europe and the Baltics,CEB,2017,56.8221265742441
Central Europe and the Baltics,CEB,2016,56.4487627051255
Central Europe and the Baltics,CEB,2015,56.2912054069271
Central Europe and the Baltics,CEB,2014,57.1575219662907
Central Europe and the Baltics,CEB,2013,57.9948777321571
Early-demographic dividend,EAR,2023,61.5134846791525
Early-demographic dividend,EAR,2022,61.172227154931
Early-demographic dividend,EAR,2021,62.4827269700303
Early-demographic dividend,EAR,2020,63.3938440550787
Early-demographic dividend,EAR,2019,62.666526904561
Early-demographic dividend,EAR,2018,61.7957231675319
Early-demographic dividend,EAR,2017,62.1536329235072
Early-demographic dividend,EAR,2016,62.8435304907846
Early-demographic dividend,EAR,2015,62.8744342453554
Early-demographic dividend,EAR,2014,60.6969526048718
Early-demographic dividend,EAR,2013,59.9239950974182
East Asia & Pacific,EAS,2023,45.3567601329374
East Asia & Pacific,EAS,2022,43.9484641020277
East Asia & Pacific,EAS,2021,44.24124870351
East Asia & Pacific,EAS,2020,45.0700224565952
East Asia & Pacific,EAS,2019,46.2667655086279
East Asia & Pacific,EAS,2018,46.0196715580851
East Asia & Pacific,EAS,2017,46.2374604022024
East Asia & Pacific,EAS,2016,46.7214095360465
East Asia & Pacific,EAS,2015,46.2327706870919
East Asia & Pacific,EAS,2014,46.5276475919197
East Asia & Pacific,EAS,2013,46.8721893302465
East Asia & Pacific (excluding high income),EAP,2023,42.5637315052089
East Asia & Pacific (excluding high income),EAP,2022,40.729082174368
East Asia & Pacific (excluding high income),EAP,2021,41.2022029984961
East Asia & Pacific (excluding high income),EAP,2020,41.5212975543333
East Asia & Pacific (excluding high income),EAP,2019,42.5289980464953
East Asia & Pacific (excluding high income),EAP,2018,41.9585672561263
East Asia & Pacific (excluding high income),EAP,2017,42.0826414859111
East Asia & Pacific (excluding high income),EAP,2016,42.3865117777243
East Asia & Pacific (excluding high income),EAP,2015,41.3745408366065
East Asia & Pacific (excluding high income),EAP,2014,40.5577377898727
East Asia & Pacific (excluding high income),EAP,2013,40.0735656146849
East Asia & Pacific (IDA & IBRD countries),TEA,2023,42.5643650865615
East Asia & Pacific (IDA & IBRD countries),TEA,2022,40.7297154593295
East Asia & Pacific (IDA & IBRD countries),TEA,2021,41.2028235783552
East Asia & Pacific (IDA & IBRD countries),TEA,2020,41.5220043460553
East Asia & Pacific (IDA & IBRD countries),TEA,2019,42.529652463197
East Asia & Pacific (IDA & IBRD countries),TEA,2018,41.9592387288006
East Asia & Pacific (IDA & IBRD countries),TEA,2017,42.0833757020965
East Asia & Pacific (IDA & IBRD countries),TEA,2016,42.3872426994921
East Asia & Pacific (IDA & IBRD countries),TEA,2015,41.37530600624
East Asia & Pacific (IDA & IBRD countries),TEA,2014,40.5585101683491
East Asia & Pacific (IDA & IBRD countries),TEA,2013,40.0743438098098
Euro area,EMU,2023,52.8840452844676
Euro area,EMU,2022,52.786226984235
Euro area,EMU,2021,51.1953911177584
Euro area,EMU,2020,51.9189217518778
Euro area,EMU,2019,53.5652706384143
Euro area,EMU,2018,53.9648639110312
Euro area,EMU,2017,54.0731897946172
Euro area,EMU,2016,54.3655274035127
Euro area,EMU,2015,54.5500022322471
Euro area,EMU,2014,55.1820913154919
Euro area,EMU,2013,55.6825051735883
Europe & Central Asia,ECS,2023,53.6155801982045
Europe & Central Asia,ECS,2022,53.0039202959333
Europe & Central Asia,ECS,2021,52.1682584263045
Europe & Central Asia,ECS,2020,52.9455391455662
Europe & Central Asia,ECS,2019,54.6164043929521
Europe & Central Asia,ECS,2018,54.8384878315817
Europe & Central Asia,ECS,2017,55.1838232918689
Europe & Central Asia,ECS,2016,55.5773914670771
Europe & Central Asia,ECS,2015,55.6358359876171
Europe & Central Asia,ECS,2014,55.8802736748995
Europe & Central Asia,ECS,2013,56.1896994127419
Europe & Central Asia (excluding high income),ECA,2023,57.3122639132615
Europe & Central Asia (excluding high income),ECA,2022,56.5455661843907
Europe & Central Asia (excluding high income),ECA,2021,57.4834872673591
Europe & Central Asia (excluding high income),ECA,2020,58.9150288661576
Europe & Central Asia (excluding high income),ECA,2019,58.7867093293076
Europe & Central Asia (excluding high income),ECA,2018,57.9495726360948
Europe & Central Asia (excluding high income),ECA,2017,59.1445527821489
Europe & Central Asia (excluding high income),ECA,2016,60.292265587311
Europe & Central Asia (excluding high income),ECA,2015,60.1573401620851
Europe & Central Asia (excluding high income),ECA,2014,59.5267201526905
Europe & Central Asia (excluding high income),ECA,2013,60.5272490843259
Europe & Central Asia (IDA & IBRD countries),TEC,2023,54.8043734087202
Europe & Central Asia (IDA & IBRD countries),TEC,2022,53.1035252288473
Europe & Central Asia (IDA & IBRD countries),TEC,2021,54.7803665414093
Europe & Central Asia (IDA & IBRD countries),TEC,2020,55.8810108914903
Europe & Central Asia (IDA & IBRD countries),TEC,2019,55.9426518309511
Europe & Central Asia (IDA & IBRD countries),TEC,2018,55.4151690267617
Europe & Central Asia (IDA & IBRD countries),TEC,2017,56.8817991830963
Europe & Central Asia (IDA & IBRD countries),TEC,2016,57.5621713666736
Europe & Central Asia (IDA & IBRD countries),TEC,2015,57.2335136873777
Europe & Central Asia (IDA & IBRD countries),TEC,2014,57.2065969933612
Europe & Central Asia (IDA & IBRD countries),TEC,2013,57.266010945364
European Union,EUU,2023,52.6961647876004
European Union,EUU,2022,52.6359935081509
European Union,EUU,2021,51.1257182004054
European Union,EUU,2020,51.7917247946389
European Union,EUU,2019,53.3489918014389
European Union,EUU,2018,53.7956952720698
European Union,EUU,2017,53.8588208282572
European Union,EUU,2016,54.0637946355764
European Union,EUU,2015,54.2275793706408
European Union,EUU,2014,54.865634244995
European Union,EUU,2013,55.3818714157273
Heavily indebted poor countries (HIPC),HPC,2023,70.7419209720486
Heavily indebted poor countries (HIPC),HPC,2022,68.9755625353558
Heavily indebted poor countries (HIPC),HPC,2021,69.008612428945
Heavily indebted poor countries (HIPC),HPC,2020,69.7459212963501
Heavily indebted poor countries (HIPC),HPC,2019,69.8814300211279
Heavily indebted poor countries (HIPC),HPC,2018,69.3398664788503
Heavily indebted poor countries (HIPC),HPC,2017,69.2375480554887
Heavily indebted poor countries (HIPC),HPC,2016,69.8778792940041
Heavily indebted poor countries (HIPC),HPC,2015,71.0454440371803
Heavily indebted poor countries (HIPC),HPC,2014,69.3443194097027
Heavily indebted poor countries (HIPC),HPC,2013,70.432903634955
High income,,2023,58.58381730679
High income,,2022,58.0660589398027
High income,,2021,57.4579004746189
High income,,2020,57.6767413838777
High income,,2019,58.5225095801691
High income,,2018,58.6035884542585
High income,,2017,58.9594937179005
High income,,2016,59.1960301657067
High income,,2015,59.0087880108964
High income,,2014,58.594788242878
High income,,2013,58.636600056426
IBRD only,IBD,2023,50.4152665047386
IBRD only,IBD,2022,48.8407441357774
IBRD only,IBD,2021,49.2296313429894
IBRD only,IBD,2020,49.8862719398289
IBRD only,IBD,2019,51.001823492145
IBRD only,IBD,2018,50.495048657314
IBRD only,IBD,2017,51.2461731622988
IBRD only,IBD,2016,51.5865792781291
IBRD only,IBD,2015,51.1663813378131
IBRD only,IBD,2014,51.0293164957463
IBRD only,IBD,2013,50.7094643803414
IDA & IBRD total,IBT,2023,52.1329853106154
IDA & IBRD total,IBT,2022,50.4486884478505
IDA & IBRD total,IBT,2021,50.6979148154599
IDA & IBRD total,IBT,2020,51.1956776639284
IDA & IBRD total,IBT,2019,52.1817847831163
IDA & IBRD total,IBT,2018,52.0675341752597
IDA & IBRD total,IBT,2017,52.8247906326809
IDA & IBRD total,IBT,2016,53.0685418754979
IDA & IBRD total,IBT,2015,52.5110529328189
IDA & IBRD total,IBT,2014,52.1783669261457
IDA & IBRD total,IBT,2013,51.9270394246393
IDA blend,IDB,2023,
IDA blend,IDB,2022,
IDA blend,IDB,2021,
IDA blend,IDB,2020,
IDA blend,IDB,2019,
IDA blend,IDB,2018,
IDA blend,IDB,2017,
IDA blend,IDB,2016,
IDA blend,IDB,2015,
IDA blend,IDB,2014,
IDA blend,IDB,2013,
IDA only,IDX,2023,75.7618078816314
IDA only,IDX,2022,74.5905655507787
IDA only,IDX,2021,72.5821009154218
IDA only,IDX,2020,71.4547804714171
IDA only,IDX,2019,71.7749222802449
IDA only,IDX,2018,71.8501061167482
IDA only,IDX,2017,71.4093595943472
IDA only,IDX,2016,72.2170481074817
IDA only,IDX,2015,73.9073527649935
IDA only,IDX,2014,73.336547794983
IDA only,IDX,2013,73.6176573285877
IDA total,IDA,2023,84.0315249444812
IDA total,IDA,2022,79.5338261150617
IDA total,IDA,2021,77.4889639874471
IDA total,IDA,2020,74.8415690282222
IDA total,IDA,2019,73.7326512057752
IDA total,IDA,2018,80.8381857280045
IDA total,IDA,2017,81.6891363414371
IDA total,IDA,2016,79.8989458974767
IDA total,IDA,2015,76.9123304722792
IDA total,IDA,2014,72.7964995660552
IDA total,IDA,2013,73.6533345710214
Late-demographic dividend,LTE,2023,45.327109796042
Late-demographic dividend,LTE,2022,43.3829578393489
Late-demographic dividend,LTE,2021,43.5532906476639
Late-demographic dividend,LTE,2020,44.0594975817583
Late-demographic dividend,LTE,2019,45.4347455153253
Late-demographic dividend,LTE,2018,45.1024224236748
Late-demographic dividend,LTE,2017,45.8367145338867
Late-demographic dividend,LTE,2016,45.9053814462208
Late-demographic dividend,LTE,2015,45.1980867734566
Late-demographic dividend,LTE,2014,45.6604376086455
Late-demographic dividend,LTE,2013,45.3812191223346
Latin America & Caribbean,LCN,2023,68.4728043955774
Latin America & Caribbean,LCN,2022,68.8066080364316
Latin America & Caribbean,LCN,2021,67.4138585666252
Latin America & Caribbean,LCN,2020,67.2906377242453
Latin America & Caribbean,LCN,2019,68.1777446137857
Latin America & Caribbean,LCN,2018,67.9654956591122
Latin America & Caribbean,LCN,2017,67.6685562531588
Latin America & Caribbean,LCN,2016,67.526787423165
Latin America & Caribbean,LCN,2015,67.4573958660472
Latin America & Caribbean,LCN,2014,66.3852476553922
Latin America & Caribbean,LCN,2013,65.286215917763
Latin America & Caribbean (excluding high income),LAC,2023,69.209713161889
Latin America & Caribbean (excluding high income),LAC,2022,69.4991234905147
Latin America & Caribbean (excluding high income),LAC,2021,67.9271795985627
Latin America & Caribbean (excluding high income),LAC,2020,68.2640676057306
Latin America & Caribbean (excluding high income),LAC,2019,69.0104479581138
Latin America & Caribbean (excluding high income),LAC,2018,68.7692424703853
Latin America & Caribbean (excluding high income),LAC,2017,68.453369303333
Latin America & Caribbean (excluding high income),LAC,2016,68.3954153706703
Latin America & Caribbean (excluding high income),LAC,2015,68.2753821549595
Latin America & Caribbean (excluding high income),LAC,2014,66.9213323160777
Latin America & Caribbean (excluding high income),LAC,2013,65.7136176606202
Latin America & the Caribbean (IDA & IBRD countries),TLA,2023,68.7204890281809
Latin America & the Caribbean (IDA & IBRD countries),TLA,2022,69.0730271881964
Latin America & the Caribbean (IDA & IBRD countries),TLA,2021,67.6480749519057
Latin America & the Caribbean (IDA & IBRD countries),TLA,2020,67.7947208897272
Latin America & the Caribbean (IDA & IBRD countries),TLA,2019,68.5386046624976
Latin America & the Caribbean (IDA & IBRD countries),TLA,2018,68.2781052030127
Latin America & the Caribbean (IDA & IBRD countries),TLA,2017,68.0361537828327
Latin America & the Caribbean (IDA & IBRD countries),TLA,2016,67.9642201606836
Latin America & the Caribbean (IDA & IBRD countries),TLA,2015,67.8464116054859
Latin America & the Caribbean (IDA & IBRD countries),TLA,2014,66.663077206376
Latin America & the Caribbean (IDA & IBRD countries),TLA,2013,65.5140692247957
Least developed countries: UN classification,LDC,2023,72.3641505337257
Least developed countries: UN classification,LDC,2022,71.4837358766247
Least developed countries: UN classification,LDC,2021,70.5963430738508
Least developed countries: UN classification,LDC,2020,69.687739123881
Least developed countries: UN classification,LDC,2019,69.1115782730938
Least developed countries: UN classification,LDC,2018,69.7395712561918
Least developed countries: UN classification,LDC,2017,69.504471558722
Least developed countries: UN classification,LDC,2016,70.6073664310225
Least developed countries: UN classification,LDC,2015,71.973985213323
Least developed countries: UN classification,LDC,2014,68.1372453005997
Least developed countries: UN classification,LDC,2013,66.0539033147237
Low & middle income,LMY,2023,51.9281878914966
Low & middle income,LMY,2022,50.2247688553301
Low & middle income,LMY,2021,50.3182739741616
Low & middle income,LMY,2020,50.8216611750928
Low & middle income,LMY,2019,51.8736874347924
Low & middle income,LMY,2018,51.7784891202087
Low & middle income,LMY,2017,52.492712934238
Low & middle income,LMY,2016,52.7749222362859
Low & middle income,LMY,2015,52.196216146252
Low & middle income,LMY,2014,51.6076051278325
Low & middle income,LMY,2013,51.2945900577506
Low income,,2023,81.0800766362194
Low income,,2022,78.8074289810928
Low income,,2021,76.1244428834551
Low income,,2020,77.6682824592498
Low income,,2019,78.450241665659
Low income,,2018,77.782283997716
Low income,,2017,77.7565030916609
Low income,,2016,78.7929748269086
Low income,,2015,78.1408870991593
Low income,,2014,76.6022436383604
Low income,,2013,75.0116810859477
Lower middle income,,2023,70.021237332309
Lower middle income,,2022,69.3351754537947
Lower middle income,,2021,71.654939605429
Lower middle income,,2020,70.3093125738775
Lower middle income,,2019,68.9825121421169
Lower middle income,,2018,70.4711897126619
Lower middle income,,2017,70.5133137596816
Lower middle income,,2016,70.4422815649971
Lower middle income,,2015,68.6471254136701
Lower middle income,,2014,64.7962786034964
Lower middle income,,2013,63.2774144979252
"Middle East, North Africa, Afghanistan & Pakistan",MEA,2023,50.4665930144279
"Middle East, North Africa, Afghanistan & Pakistan",MEA,2022,48.7158319075184
"Middle East, North Africa, Afghanistan & Pakistan",MEA,2021,51.4699735056913
"Middle East, North Africa, Afghanistan & Pakistan",MEA,2020,55.0335308099313
"Middle East, North Africa, Afghanistan & Pakistan",MEA,2019,51.5109336172785
"Middle East, North Africa, Afghanistan & Pakistan",MEA,2018,50.4264461573465
"Middle East, North Africa, Afghanistan & Pakistan",MEA,2017,52.88327030305
"Middle East, North Africa, Afghanistan & Pakistan",MEA,2016,54.6130170140139
"Middle East, North Africa, Afghanistan & Pakistan",MEA,2015,53.6673039924375
"Middle East, North Africa, Afghanistan & Pakistan",MEA,2014,47.2618253738793
"Middle East, North Africa, Afghanistan & Pakistan",MEA,2013,44.8611855519895
"Middle East, North Africa, Afghanistan & Pakistan (excluding high income)",MNA,2023,61.4204433768672
"Middle East, North Africa, Afghanistan & Pakistan (excluding high income)",MNA,2022,61.594855569556
"Middle East, North Africa, Afghanistan & Pakistan (excluding high income)",MNA,2021,63.0285712930032
"Middle East, North Africa, Afghanistan & Pakistan (excluding high income)",MNA,2020,65.7572257841504
"Middle East, North Africa, Afghanistan & Pakistan (excluding high income)",MNA,2019,62.9941058840298
"Middle East, North Africa, Afghanistan & Pakistan (excluding high income)",MNA,2018,61.7966463203345
"Middle East, North Africa, Afghanistan & Pakistan (excluding high income)",MNA,2017,62.7466192531338
"Middle East, North Africa, Afghanistan & Pakistan (excluding high income)",MNA,2016,64.9825433297567
"Middle East, North Africa, Afghanistan & Pakistan (excluding high income)",MNA,2015,65.9011388435147
"Middle East, North Africa, Afghanistan & Pakistan (excluding high income)",MNA,2014,60.8059280576277
"Middle East, North Africa, Afghanistan & Pakistan (excluding high income)",MNA,2013,57.8383713326467
"Middle East, North Africa, Afghanistan & Pakistan (IDA & IBRD)",TMN,2023,61.0806513592457
"Middle East, North Africa, Afghanistan & Pakistan (IDA & IBRD)",TMN,2022,61.2439755010617
"Middle East, North Africa, Afghanistan & Pakistan (IDA & IBRD)",TMN,2021,62.7808581905509
"Middle East, North Africa, Afghanistan & Pakistan (IDA & IBRD)",TMN,2020,65.5341201662889
"Middle East, North Africa, Afghanistan & Pakistan (IDA & IBRD)",TMN,2019,62.7302857940017
"Middle East, North Africa, Afghanistan & Pakistan (IDA & IBRD)",TMN,2018,61.5530179003991
"Middle East, North Africa, Afghanistan & Pakistan (IDA & IBRD)",TMN,2017,62.5158553382377
"Middle East, North Africa, Afghanistan & Pakistan (IDA & IBRD)",TMN,2016,64.7858895027106
"Middle East, North Africa, Afghanistan & Pakistan (IDA & IBRD)",TMN,2015,65.7204837138343
"Middle East, North Africa, Afghanistan & Pakistan (IDA & IBRD)",TMN,2014,60.5946657095032
"Middle East, North Africa, Afghanistan & Pakistan (IDA & IBRD)",TMN,2013,57.6236868393661
Middle income,MIC,2023,51.5408259105235
Middle income,MIC,2022,49.8385861870471
Middle income,MIC,2021,50.0070794325036
Middle income,MIC,2020,50.4730153950141
Middle income,MIC,2019,51.5354540677881
Middle income,MIC,2018,51.4518157583604
Middle income,MIC,2017,52.1729532173882
Middle income,MIC,2016,52.4334015971672
Middle income,MIC,2015,51.8244808097696
Middle income,MIC,2014,51.2529739545987
Middle income,MIC,2013,50.9647225329912
North America,NAC,2023,66.8199091271283
North America,NAC,2022,66.8240382559242
North America,NAC,2021,66.8542867630111
North America,NAC,2020,65.871861546415
North America,NAC,2019,66.3265246554325
North America,NAC,2018,66.7142714959175
North America,NAC,2017,67.0019596180593
North America,NAC,2016,66.9812313243574
North America,NAC,2015,66.4737393933572
North America,NAC,2014,66.3487799521879
North America,NAC,2013,66.322823769083
Not classified,,2023,
Not classified,,2022,
Not classified,,2021,
Not classified,,2020,
Not classified,,2019,
Not classified,,2018,
Not classified,,2017,
Not classified,,2016,
Not classified,,2015,
Not classified,,2014,
Not classified,,2013,
OECD members,OED,2023,60.0303754504788
OECD members,OED,2022,59.9075651584953
OECD members,OED,2021,58.7262935676259
OECD members,OED,2020,58.5702676399012
OECD members,OED,2019,59.7050352553895
OECD members,OED,2018,59.8989161271943
OECD members,OED,2017,60.1261501502144
OECD members,OED,2016,60.3146692281393
OECD members,OED,2015,60.2901339756319
OECD members,OED,2014,60.2616793401088
OECD members,OED,2013,60.4447912517877
Other small states,OSS,2023,54.1149841214481
Other small states,OSS,2022,52.7579269418668
Other small states,OSS,2021,51.9148538535462
Other small states,OSS,2020,54.0454323877652
Other small states,OSS,2019,53.4050334218368
Other small states,OSS,2018,53.6518953307722
Other small states,OSS,2017,53.6298389115957
Other small states,OSS,2016,53.9466278911122
Other small states,OSS,2015,53.932314653634
Other small states,OSS,2014,53.8305190055432
Other small states,OSS,2013,53.6203922075919
Pacific island small states,PSS,2023,76.828247361911
Pacific island small states,PSS,2022,80.7428145863209
Pacific island small states,PSS,2021,77.7964561500024
Pacific island small states,PSS,2020,76.2479496959796
Pacific island small states,PSS,2019,72.0367779794052
Pacific island small states,PSS,2018,69.3851224554212
Pacific island small states,PSS,2017,68.3941126179636
Pacific island small states,PSS,2016,68.6486659204401
Pacific island small states,PSS,2015,68.4165827134659
Pacific island small states,PSS,2014,70.5077798408367
Pacific island small states,PSS,2013,70.1643336016071
Post-demographic dividend,PST,2023,59.9804430934809
Post-demographic dividend,PST,2022,59.8324758129747
Post-demographic dividend,PST,2021,58.7595437171478
Post-demographic dividend,PST,2020,58.6946473241351
Post-demographic dividend,PST,2019,59.7543763785372
Post-demographic dividend,PST,2018,59.8924611591285
Post-demographic dividend,PST,2017,60.0481366730043
Post-demographic dividend,PST,2016,60.2008653181581
Post-demographic dividend,PST,2015,60.1576772391199
Post-demographic dividend,PST,2014,59.9748188486554
Post-demographic dividend,PST,2013,60.1468160547552
Pre-demographic dividend,PRE,2023,
Pre-demographic dividend,PRE,2022,
Pre-demographic dividend,PRE,2021,
Pre-demographic dividend,PRE,2020,
Pre-demographic dividend,PRE,2019,
Pre-demographic dividend,PRE,2018,
Pre-demographic dividend,PRE,2017,
Pre-demographic dividend,PRE,2016,
Pre-demographic dividend,PRE,2015,
Pre-demographic dividend,PRE,2014,
Pre-demographic dividend,PRE,2013,
Small states,SST,2023,57.3167374416047
Small states,SST,2022,55.1468121241017
Small states,SST,2021,56.5884619148492
Small states,SST,2020,58.4888738335996
Small states,SST,2019,57.2228043502442
Small states,SST,2018,57.743548326392
Small states,SST,2017,56.9809580945714
Small states,SST,2016,56.2509159937008
Small states,SST,2015,54.2722895175813
Small states,SST,2014,54.7656172127397
Small states,SST,2013,54.3564115735232
South Asia,SAS,2023,58.3937625664438
South Asia,SAS,2022,59.0832616226047
South Asia,SAS,2021,62.0483653812785
South Asia,SAS,2020,62.0829292870026
South Asia,SAS,2019,61.7163088255561
South Asia,SAS,2018,60.3174814379995
South Asia,SAS,2017,59.676364666551
South Asia,SAS,2016,60.3707507331843
South Asia,SAS,2015,60.4762217615086
South Asia,SAS,2014,59.5505122309285
South Asia,SAS,2013,59.0539107255888
South Asia (IDA & IBRD),TSA,2023,58.3937625664438
South Asia (IDA & IBRD),TSA,2022,59.0832616226046
South Asia (IDA & IBRD),TSA,2021,62.0483653812785
South Asia (IDA & IBRD),TSA,2020,62.0829292870026
South Asia (IDA & IBRD),TSA,2019,61.7163088255561
South Asia (IDA & IBRD),TSA,2018,60.3174814379995
South Asia (IDA & IBRD),TSA,2017,59.676364666551
South Asia (IDA & IBRD),TSA,2016,60.3707507331843
South Asia (IDA & IBRD),TSA,2015,60.4762217615086
South Asia (IDA & IBRD),TSA,2014,59.5505122309285
South Asia (IDA & IBRD),TSA,2013,59.0539107255888
Sub-Saharan Africa,SSF,2023,74.7500219909191
Sub-Saharan Africa,SSF,2022,67.6097703859033
Sub-Saharan Africa,SSF,2021,67.2469816119817
Sub-Saharan Africa,SSF,2020,65.7701822725676
Sub-Saharan Africa,SSF,2019,64.177676964304
Sub-Saharan Africa,SSF,2018,72.1878866089761
Sub-Saharan Africa,SSF,2017,73.3734563530106
Sub-Saharan Africa,SSF,2016,69.8623614903973
Sub-Saharan Africa,SSF,2015,67.1758270999346
Sub-Saharan Africa,SSF,2014,63.4994997096576
Sub-Saharan Africa,SSF,2013,64.2280368310175
Sub-Saharan Africa (excluding high income),SSA,2023,74.7573294283795
Sub-Saharan Africa (excluding high income),SSA,2022,67.6021832145891
Sub-Saharan Africa (excluding high income),SSA,2021,67.2352802601874
Sub-Saharan Africa (excluding high income),SSA,2020,65.7639765439743
Sub-Saharan Africa (excluding high income),SSA,2019,64.1730789939228
Sub-Saharan Africa (excluding high income),SSA,2018,72.1883831590739
Sub-Saharan Africa (excluding high income),SSA,2017,73.3800044675179
Sub-Saharan Africa (excluding high income),SSA,2016,69.8648992681622
Sub-Saharan Africa (excluding high income),SSA,2015,67.1844589871118
Sub-Saharan Africa (excluding high income),SSA,2014,63.4999774607161
Sub-Saharan Africa (excluding high income),SSA,2013,64.2535235386719
Sub-Saharan Africa (IDA & IBRD countries),TSS,2023,74.7500219909191
Sub-Saharan Africa (IDA & IBRD countries),TSS,2022,67.6097703859034
Sub-Saharan Africa (IDA & IBRD countries),TSS,2021,67.2469816119817
Sub-Saharan Africa (IDA & IBRD countries),TSS,2020,65.7701822725676
Sub-Saharan Africa (IDA & IBRD countries),TSS,2019,64.177676964304
Sub-Saharan Africa (IDA & IBRD countries),TSS,2018,72.1878866089761
Sub-Saharan Africa (IDA & IBRD countries),TSS,2017,73.3734563530106
Sub-Saharan Africa (IDA & IBRD countries),TSS,2016,69.8623614903973
Sub-Saharan Africa (IDA & IBRD countries),TSS,2015,67.1758270999346
Sub-Saharan Africa (IDA & IBRD countries),TSS,2014,63.4994997096576
Sub-Saharan Africa (IDA & IBRD countries),TSS,2013,64.2280368310175
Upper middle income,,2023,48.2156590217761
Upper middle income,,2022,46.2741783860992
Upper middle income,,2021,46.0763030215078
Upper middle income,,2020,46.7901141387336
Upper middle income,,2019,48.2786518612965
Upper middle income,,2018,47.9987835075603
Upper middle income,,2017,48.7908891982731
Upper middle income,,2016,49.0979935393704
Upper middle income,,2015,48.7497880408218
Upper middle income,,2014,48.7764995107725
Upper middle income,,2013,48.7214195509997
World,WLD,2023,56.2246182569974
World,WLD,2022,55.2479055816265
World,WLD,2021,54.9063896576598
World,WLD,2020,55.3189101188357
World,WLD,2019,56.217493074818
World,WLD,2018,56.2769975445686
World,WLD,2017,56.75431834882
World,WLD,2016,57.0796294322882
World,WLD,2015,56.7453947378926
World,WLD,2014,56.3480793302654
World,WLD,2013,56.3327521861189
Afghanistan,AFG,2023,98.0710039899031
Afghanistan,AFG,2022,97.6114990872194
Afghanistan,AFG,2021,88.4783227246134
Afghanistan,AFG,2020,92.3033474357087
Afghanistan,AFG,2019,
Afghanistan,AFG,2018,
Afghanistan,AFG,2017,
Afghanistan,AFG,2016,
Afghanistan,AFG,2015,
Afghanistan,AFG,2014,
Afghanistan,AFG,2013,
Albania,ALB,2023,69.9537568857223
Albania,ALB,2022,71.3571820247859
Albania,ALB,2021,71.6946907880159
Albania,ALB,2020,74.5535127120429
Albania,ALB,2019,75.5463145951622
Albania,ALB,2018,74.4741478843493
Albania,ALB,2017,75.2751802703053
Albania,ALB,2016,77.7555353366274
Albania,ALB,2015,77.6277561747814
Albania,ALB,2014,78.3050945904138
Albania,ALB,2013,77.187492684652
Algeria,DZA,2023,40.6363836760009
Algeria,DZA,2022,37.9689499011285
Algeria,DZA,2021,42.3734294546787
Algeria,DZA,2020,46.5668369396335
Algeria,DZA,2019,42.8003708429314
Algeria,DZA,2018,41.7293849433374
Algeria,DZA,2017,42.0568226816155
Algeria,DZA,2016,41.1241999521921
Algeria,DZA,2015,39.8442610251324
Algeria,DZA,2014,35.7928072769144
Algeria,DZA,2013,34.4351870313452
American Samoa,ASM,2023,
American Samoa,ASM,2022,71.2973593570609
American Samoa,ASM,2021,80.2666666666667
American Samoa,ASM,2020,73.9251040221914
American Samoa,ASM,2019,78.6707882534776
American Samoa,ASM,2018,76.2128325508607
American Samoa,ASM,2017,76.9607843137255
American Samoa,ASM,2016,69.0014903129657
American Samoa,ASM,2015,68.3506686478455
American Samoa,ASM,2014,72.0062208398134
American Samoa,ASM,2013,69.9059561128527
Andorra,AND,2023,
Andorra,AND,2022,
Andorra,AND,2021,
Andorra,AND,2020,
Andorra,AND,2019,
Andorra,AND,2018,
Andorra,AND,2017,
Andorra,AND,2016,
Andorra,AND,2015,
Andorra,AND,2014,
Andorra,AND,2013,
Angola,AGO,2023,58.9106415851529
Angola,AGO,2022,52.6407986621928
Angola,AGO,2021,51.1543826143609
Angola,AGO,2020,56.1172187336235
Angola,AGO,2019,48.4536792451389
Angola,AGO,2018,51.5138067817143
Angola,AGO,2017,53.7397565583532
Angola,AGO,2016,53.4833483459906
Angola,AGO,2015,56.0571666637283
Angola,AGO,2014,47.4407939787677
Angola,AGO,2013,36.6726271780001
Antigua and Barbuda,ATG,2023,
Antigua and Barbuda,ATG,2022,
Antigua and Barbuda,ATG,2021,
Antigua and Barbuda,ATG,2020,
Antigua and Barbuda,ATG,2019,
Antigua and Barbuda,ATG,2018,
Antigua and Barbuda,ATG,2017,
Antigua and Barbuda,ATG,2016,
Antigua and Barbuda,ATG,2015,
Antigua and Barbuda,ATG,2014,
Antigua and Barbuda,ATG,2013,
Argentina,ARG,2023,65.6351973299487
Argentina,ARG,2022,65.9286486192602
Argentina,ARG,2021,62.9531640399486
Argentina,ARG,2020,65.7047068081581
Argentina,ARG,2019,66.1275863051046
Argentina,ARG,2018,69.4701822877233
Argentina,ARG,2017,66.7395733212516
Argentina,ARG,2016,65.7218914651221
Argentina,ARG,2015,65.9058373448263
Argentina,ARG,2014,65.3830797250888
Argentina,ARG,2013,65.9875655300738
Armenia,ARM,2023,66.3615571271776
Armenia,ARM,2022,66.8051744211993
Armenia,ARM,2021,71.2973944909977
Armenia,ARM,2020,75.3356094610743
Armenia,ARM,2019,83.3487006553766
Armenia,ARM,2018,79.8008893150567
Armenia,ARM,2017,80.0299930273975
Armenia,ARM,2016,76.3036579586322
Armenia,ARM,2015,77.9158464576686
Armenia,ARM,2014,85.5471855421903
Armenia,ARM,2013,86.7885052856041
Aruba,ABW,2023,54.6785498456698
Aruba,ABW,2022,57.8375721473496
Aruba,ABW,2021,61.8255418127064
Aruba,ABW,2020,62.4212887395638
Aruba,ABW,2019,59.0031382384264
Aruba,ABW,2018,56.5344548166762
Aruba,ABW,2017,55.8700780388789
Aruba,ABW,2016,54.8913805671192
Aruba,ABW,2015,55.0550069452785
Aruba,ABW,2014,57.6466269158529
Aruba,ABW,2013,58.5598779401374
Australia,AUS,2023,50.524153351186
Australia,AUS,2022,49.0537472260283
Australia,AUS,2021,50.9514242550178
Australia,AUS,2020,52.4647487237344
Australia,AUS,2019,54.2902078319954
Australia,AUS,2018,55.4512909906221
Australia,AUS,2017,55.7430102573082
Australia,AUS,2016,57.1634560792482
Australia,AUS,2015,56.2475663590647
Australia,AUS,2014,55.0003517363011
Australia,AUS,2013,54.7818966935671
Austria,AUT,2023,51.690209943959
Austria,AUT,2022,50.9506689702204
Austria,AUT,2021,49.6522342504542
Austria,AUT,2020,49.5900212464111
Austria,AUT,2019,51.0439788533312
Austria,AUT,2018,51.4432417073965
Austria,AUT,2017,52.1027978980694
Austria,AUT,2016,51.8330974375931
Austria,AUT,2015,52.215614349641
Austria,AUT,2014,52.7736905553779
Austria,AUT,2013,53.2199285380682
Azerbaijan,AZE,2023,53.9848645803892
Azerbaijan,AZE,2022,43.3627149411783
Azerbaijan,AZE,2021,52.3633308727597
Azerbaijan,AZE,2020,60.8858595085846
Azerbaijan,AZE,2019,57.5066975024482
Azerbaijan,AZE,2018,54.1406132947111
Azerbaijan,AZE,2017,57.5863902482022
Azerbaijan,AZE,2016,58.7084527647405
Azerbaijan,AZE,2015,56.6901434350864
Azerbaijan,AZE,2014,45.4376157562345
Azerbaijan,AZE,2013,41.9029940531436
"Bahamas, The",BHS,2023,63.3960435588326
"Bahamas, The",BHS,2022,62.1344482182949
"Bahamas, The",BHS,2021,66.6827282545485
"Bahamas, The",BHS,2020,63.1552030260923
"Bahamas, The",BHS,2019,60.3758379151917
"Bahamas, The",BHS,2018,66.0704256115826
"Bahamas, The",BHS,2017,66.526605018117
"Bahamas, The",BHS,2016,64.4193621695326
"Bahamas, The",BHS,2015,63.6784483341218
"Bahamas, The",BHS,2014,64.4926430322019
"Bahamas, The",BHS,2013,64.4668887764551
Bahrain,BHR,2023,38.8675079699844
Bahrain,BHR,2022,36.9365501354455
Bahrain,BHR,2021,37.9501703577513
Bahrain,BHR,2020,40.7009302446391
Bahrain,BHR,2019,38.6105917937927
Bahrain,BHR,2018,41.5249476392634
Bahrain,BHR,2017,42.5231706889909
Bahrain,BHR,2016,47.4829357080963
Bahrain,BHR,2015,46.7183091335507
Bahrain,BHR,2014,41.6956389054394
Bahrain,BHR,2013,41.7716835842067
Bangladesh,BGD,2023,68.5753162931573
Bangladesh,BGD,2022,69.0766062753121
Bangladesh,BGD,2021,68.7754335127158
Bangladesh,BGD,2020,66.9511902559287
Bangladesh,BGD,2019,66.8774290144586
Bangladesh,BGD,2018,67.5896517648341
Bangladesh,BGD,2017,66.9119168068661
Bangladesh,BGD,2016,66.8644422199967
Bangladesh,BGD,2015,72.437289480297
Bangladesh,BGD,2014,72.5725369181701
Bangladesh,BGD,2013,72.8477739817049
Barbados,BRB,2023,
Barbados,BRB,2022,
Barbados,BRB,2021,
Barbados,BRB,2020,
Barbados,BRB,2019,
Barbados,BRB,2018,
Barbados,BRB,2017,
Barbados,BRB,2016,
Barbados,BRB,2015,
Barbados,BRB,2014,
Barbados,BRB,2013,
Belarus,BLR,2023,53.9328069587877
Belarus,BLR,2022,53.4308690468202
Belarus,BLR,2021,50.8713866541534
Belarus,BLR,2020,52.2355611244396
Belarus,BLR,2019,53.9636805185995
Belarus,BLR,2018,53.5532706505984
Belarus,BLR,2017,54.4559623709907
Belarus,BLR,2016,54.5097894659238
Belarus,BLR,2015,52.8773445300352
Belarus,BLR,2014,52.8271849571236
Belarus,BLR,2013,51.2563582050385
Belgium,BEL,2023,51.6986075815816
Belgium,BEL,2022,51.5692615451338
Belgium,BEL,2021,49.9172606824027
Belgium,BEL,2020,50.2508997826204
Belgium,BEL,2019,51.89868533381
Belgium,BEL,2018,52.6082511156891
Belgium,BEL,2017,52.567211357867
Belgium,BEL,2016,52.3210300160736
Belgium,BEL,2015,52.3173813225265
Belgium,BEL,2014,52.4126311276988
Belgium,BEL,2013,52.8373004358918
Belize,BLZ,2023,63.6731418529184
Belize,BLZ,2022,64.4543489157529
Belize,BLZ,2021,62.9810266691029
Belize,BLZ,2020,62.88580004949
Belize,BLZ,2019,61.9790538575107
Belize,BLZ,2018,61.9298516801838
Belize,BLZ,2017,60.5394151639548
Belize,BLZ,2016,60.9746241184187
Belize,BLZ,2015,61.3905443181524
Belize,BLZ,2014,62.7949256637064
Belize,BLZ,2013,63.4247996668815
Benin,BEN,2023,60.6205330585091
Benin,BEN,2022,61.544981344143
Benin,BEN,2021,67.290665629425
Benin,BEN,2020,68.0550868669615
Benin,BEN,2019,68.4484141092153
Benin,BEN,2018,70.449714833238
Benin,BEN,2017,72.6260008793287
Benin,BEN,2016,73.2204938310377
Benin,BEN,2015,75.1721642689075
Benin,BEN,2014,72.9688067811163
Benin,BEN,2013,74.1549571965266
Bermuda,BMU,2023,45.5317261774676
Bermuda,BMU,2022,50.6365568795826
Bermuda,BMU,2021,47.0541644713189
Bermuda,BMU,2020,47.7450589223976
Bermuda,BMU,2019,48.1756565161956
Bermuda,BMU,2018,48.7763108019857
Bermuda,BMU,2017,49.1850822618322
Bermuda,BMU,2016,48.8186441825119
Bermuda,BMU,2015,48.6544150828735
Bermuda,BMU,2014,48.9972073536776
Bermuda,BMU,2013,48.4947777181818
Bhutan,BTN,2023,59.3592798041788
Bhutan,BTN,2022,57.7773759475201
Bhutan,BTN,2021,52.1241457330209
Bhutan,BTN,2020,54.3131532638234
Bhutan,BTN,2019,48.0054048110733
Bhutan,BTN,2018,48.8498390872259
Bhutan,BTN,2017,47.5427123411846
Bhutan,BTN,2016,47.634372901397
Bhutan,BTN,2015,51.0019967426775
Bhutan,BTN,2014,44.9168225577109
Bhutan,BTN,2013,37.8071836121372
Bolivia,BOL,2023,68.9661157909804
Bolivia,BOL,2022,67.5130464190653
Bolivia,BOL,2021,65.7885527300756
Bolivia,BOL,2020,67.8979256717596
Bolivia,BOL,2019,66.9084294249163
Bolivia,BOL,2018,66.1083309510345
Bolivia,BOL,2017,66.926497663396
Bolivia,BOL,2016,68.9094094156792
Bolivia,BOL,2015,68.4197180714301
Bolivia,BOL,2014,62.9374499091372
Bolivia,BOL,2013,60.1867073015698
Bosnia and Herzegovina,BIH,2023,69.7123222897147
Bosnia and Herzegovina,BIH,2022,69.0565408721455
Bosnia and Herzegovina,BIH,2021,69.8254112441096
Bosnia and Herzegovina,BIH,2020,73.4622670561229
Bosnia and Herzegovina,BIH,2019,73.4953095859812
Bosnia and Herzegovina,BIH,2018,74.8987452097713
Bosnia and Herzegovina,BIH,2017,77.3643056127143
Bosnia and Herzegovina,BIH,2016,79.3033131151759
Bosnia and Herzegovina,BIH,2015,82.1467132299168
Bosnia and Herzegovina,BIH,2014,86.1722141473005
Bosnia and Herzegovina,BIH,2013,86.6126322900374
Botswana,BWA,2023,42.4374934474848
Botswana,BWA,2022,40.5800597900818
Botswana,BWA,2021,43.3050244509417
Botswana,BWA,2020,48.5435786796481
Botswana,BWA,2019,44.2529364107783
Botswana,BWA,2018,43.4671825212437
Botswana,BWA,2017,42.0420147553601
Botswana,BWA,2016,40.6985608181809
Botswana,BWA,2015,45.9977571950735
Botswana,BWA,2014,42.3099943806747
Botswana,BWA,2013,46.5684511293645
Brazil,BRA,2023,62.924323222668
Brazil,BRA,2022,63.0641028051756
Brazil,BRA,2021,61.3679966408605
Brazil,BRA,2020,63.144000904662
Brazil,BRA,2019,65.1440473991559
Brazil,BRA,2018,64.6160749700015
Brazil,BRA,2017,64.4943063387721
Brazil,BRA,2016,64.2514795915964
Brazil,BRA,2015,63.964797276686
Brazil,BRA,2014,62.9595707094347
Brazil,BRA,2013,61.7152500834523
British Virgin Islands,VGB,2023,
British Virgin Islands,VGB,2022,
British Virgin Islands,VGB,2021,
British Virgin Islands,VGB,2020,
British Virgin Islands,VGB,2019,
British Virgin Islands,VGB,2018,
British Virgin Islands,VGB,2017,
British Virgin Islands,VGB,2016,
British Virgin Islands,VGB,2015,
British Virgin Islands,VGB,2014,
British Virgin Islands,VGB,2013,
Brunei Darussalam,BRN,2023,27.5947220886584
Brunei Darussalam,BRN,2022,23.2552672628784
Brunei Darussalam,BRN,2021,24.8518568259291
Brunei Darussalam,BRN,2020,23.781597344644
Brunei Darussalam,BRN,2019,20.4730443670305
Brunei Darussalam,BRN,2018,19.5325365442411
Brunei Darussalam,BRN,2017,20.4755917777044
Brunei Darussalam,BRN,2016,21.1503722573027
Brunei Darussalam,BRN,2015,19.7855958817972
Brunei Darussalam,BRN,2014,15.5089027428746
Brunei Darussalam,BRN,2013,15.2626261546949
Bulgaria,BGR,2023,57.6455867714129
Bulgaria,BGR,2022,57.9187882310117
Bulgaria,BGR,2021,57.9149571253722
Bulgaria,BGR,2020,57.9966206429903
Bulgaria,BGR,2019,59.1213460599399
Bulgaria,BGR,2018,59.6831243399294
Bulgaria,BGR,2017,60.2518132713977
Bulgaria,BGR,2016,60.5323577222164
Bulgaria,BGR,2015,62.0747382788538
Bulgaria,BGR,2014,62.8058398340221
Bulgaria,BGR,2013,62.4701088492406
Burkina Faso,BFA,2023,64.087740810362
Burkina Faso,BFA,2022,66.0416449235651
Burkina Faso,BFA,2021,61.0703297253031
Burkina Faso,BFA,2020,60.2403896799966
Burkina Faso,BFA,2019,61.6354911396221
Burkina Faso,BFA,2018,64.2792990456353
Burkina Faso,BFA,2017,66.5628491891213
Burkina Faso,BFA,2016,68.7585986446242
Burkina Faso,BFA,2015,71.5231102662912
Burkina Faso,BFA,2014,70.2225263802843
Burkina Faso,BFA,2013,71.5163791030436
Burundi,BDI,2023,58.0835468922888
Burundi,BDI,2022,61.4567751827815
Burundi,BDI,2021,60.7273353296967
Burundi,BDI,2020,62.2326280598669
Burundi,BDI,2019,69.3656132883101
Burundi,BDI,2018,71.3296665392926
Burundi,BDI,2017,73.3906944752809
Burundi,BDI,2016,78.3460249250086
Burundi,BDI,2015,83.2929066301604
Burundi,BDI,2014,85.4985799507105
Burundi,BDI,2013,89.0800758242822
Cabo Verde,CPV,2023,72.193617205076
Cabo Verde,CPV,2022,75.3811751133123
Cabo Verde,CPV,2021,75.4180651911053
Cabo Verde,CPV,2020,73.1154789158474
Cabo Verde,CPV,2019,66.9461491277844
Cabo Verde,CPV,2018,68.520254583805
Cabo Verde,CPV,2017,68.8635053637986
Cabo Verde,CPV,2016,64.045219664692
Cabo Verde,CPV,2015,62.3714457457487
Cabo Verde,CPV,2014,62.0185819756854
Cabo Verde,CPV,2013,62.3979305747555
Cambodia,KHM,2023,60.3270643695032
Cambodia,KHM,2022,60.0176231827008
Cambodia,KHM,2021,62.809739776495
Cambodia,KHM,2020,64.3394067270784
Cambodia,KHM,2019,66.7251065524463
Cambodia,KHM,2018,70.775057808048
Cambodia,KHM,2017,71.7482810779214
Cambodia,KHM,2016,73.8019834566064
Cambodia,KHM,2015,74.2469197136526
Cambodia,KHM,2014,76.1605411076733
Cambodia,KHM,2013,78.3245922806423
Cameroon,CMR,2023,73.6587029794592
Cameroon,CMR,2022,73.028703636758
Cameroon,CMR,2021,73.5429979367401
Cameroon,CMR,2020,73.3248178079671
Cameroon,CMR,2019,72.6473350025482
Cameroon,CMR,2018,71.6570474634682
Cameroon,CMR,2017,71.3712625886384
Cameroon,CMR,2016,70.7962735457218
Cameroon,CMR,2015,73.0581065048367
Cameroon,CMR,2014,71.8256708675679
Cameroon,CMR,2013,71.4803678505428
Canada,CAN,2023,55.5438906165214
Canada,CAN,2022,54.1904360556157
Canada,CAN,2021,54.1648772997062
Canada,CAN,2020,56.8237118272268
Canada,CAN,2019,57.7544295218468
Canada,CAN,2018,57.8868833291437
Canada,CAN,2017,57.9760969352242
Canada,CAN,2016,58.4842523086493
Canada,CAN,2015,57.8089109766464
Canada,CAN,2014,55.7962583569394
Canada,CAN,2013,55.9612771292716
Cayman Islands,CYM,2023,
Cayman Islands,CYM,2022,
Cayman Islands,CYM,2021,
Cayman Islands,CYM,2020,
Cayman Islands,CYM,2019,
Cayman Islands,CYM,2018,
Cayman Islands,CYM,2017,
Cayman Islands,CYM,2016,
Cayman Islands,CYM,2015,
Cayman Islands,CYM,2014,
Cayman Islands,CYM,2013,
Central African Republic,CAF,2023,97.3649999972063
Central African Republic,CAF,2022,97.3649999975518
Central African Republic,CAF,2021,92.8403899983936
Central African Republic,CAF,2020,91.2002600025113
Central African Republic,CAF,2019,96.0888199992021
Central African Republic,CAF,2018,93.7001299979329
Central African Republic,CAF,2017,82.9557126758878
Central African Republic,CAF,2016,84.0154006043369
Central African Republic,CAF,2015,82.4275477961125
Central African Republic,CAF,2014,82.2217923037951
Central African Republic,CAF,2013,83.5788488400903
Chad,TCD,2023,59.9827780995132
Chad,TCD,2022,57.7409975356778
Chad,TCD,2021,62.0957209630134
Chad,TCD,2020,65.6445418687037
Chad,TCD,2019,63.9611661424475
Chad,TCD,2018,64.9674134486537
Chad,TCD,2017,68.8140472501652
Chad,TCD,2016,69.5522123646316
Chad,TCD,2015,62.8034699951588
Chad,TCD,2014,56.3411990387836
Chad,TCD,2013,55.9374784028722
Channel Islands,CHI,2023,
Channel Islands,CHI,2022,
Channel Islands,CHI,2021,
Channel Islands,CHI,2020,
Channel Islands,CHI,2019,
Channel Islands,CHI,2018,
Channel Islands,CHI,2017,
Channel Islands,CHI,2016,
Channel Islands,CHI,2015,
Channel Islands,CHI,2014,
Channel Islands,CHI,2013,
Chile,CHL,2023,60.4853093381066
Chile,CHL,2022,63.4918267258295
Chile,CHL,2021,62.0126037508062
Chile,CHL,2020,58.4233587788949
Chile,CHL,2019,61.6642725064421
Chile,CHL,2018,62.0594089183996
Chile,CHL,2017,62.0780218076317
Chile,CHL,2016,62.1600865056803
Chile,CHL,2015,61.7753957582201
Chile,CHL,2014,61.2424028056896
Chile,CHL,2013,60.6858177363787
China,CHN,2023,39.568245214664
China,CHN,2022,37.7771550661597
China,CHN,2021,38.3739712034949
China,CHN,2020,38.1684961438545
China,CHN,2019,39.3519993191979
China,CHN,2018,38.9434900328533
China,CHN,2017,38.9547629530877
China,CHN,2016,39.1623543569108
China,CHN,2015,38.0605584392569
China,CHN,2014,36.9862190673163
China,CHN,2013,36.1289393837992
Colombia,COL,2023,73.5093876008064
Colombia,COL,2022,73.7136482812956
Colombia,COL,2021,72.7018515319872
Colombia,COL,2020,70.7240370526535
Colombia,COL,2019,68.6686137115732
Colombia,COL,2018,68.1183570208678
Colombia,COL,2017,68.5123159773638
Colombia,COL,2016,69.059670148255
Colombia,COL,2015,68.4750190134859
Colombia,COL,2014,65.9709032472018
Colombia,COL,2013,65.5339010465023
Comoros,COM,2023,101.225324471857
Comoros,COM,2022,101.551234396486
Comoros,COM,2021,98.6047751150658
Comoros,COM,2020,100.023879465555
Comoros,COM,2019,93.8914669048131
Comoros,COM,2018,92.0803255020344
Comoros,COM,2017,92.1045060174717
Comoros,COM,2016,92.6114994924016
Comoros,COM,2015,93.3026105064597
Comoros,COM,2014,94.404680606401
Comoros,COM,2013,95.4635888330617
"Congo, Dem. Rep.",COD,2023,51.6673490307249
"Congo, Dem. Rep.",COD,2022,50.2618911976287
"Congo, Dem. Rep.",COD,2021,51.7708683740355
"Congo, Dem. Rep.",COD,2020,62.8436693057248
"Congo, Dem. Rep.",COD,2019,63.5254143514741
"Congo, Dem. Rep.",COD,2018,59.4949406709241
"Congo, Dem. Rep.",COD,2017,61.1195629193933
"Congo, Dem. Rep.",COD,2016,62.0212630168126
"Congo, Dem. Rep.",COD,2015,60.1957395534724
"Congo, Dem. Rep.",COD,2014,60.7973966340191
"Congo, Dem. Rep.",COD,2013,61.9511593928466
"Congo, Rep.",COG,2023,44.108280717408
"Congo, Rep.",COG,2022,37.7210439137298
"Congo, Rep.",COG,2021,43.0256407137557
"Congo, Rep.",COG,2020,46.6586156247576
"Congo, Rep.",COG,2019,40.0371422088917
"Congo, Rep.",COG,2018,33.1309086256429
"Congo, Rep.",COG,2017,34.7105500003945
"Congo, Rep.",COG,2016,45.5473955692682
"Congo, Rep.",COG,2015,39.5180333551483
"Congo, Rep.",COG,2014,28.3515348103397
"Congo, Rep.",COG,2013,25.9966808267521
Costa Rica,CRI,2023,65.1214642595665
Costa Rica,CRI,2022,64.7344860480541
Costa Rica,CRI,2021,64.3065868129349
Costa Rica,CRI,2020,63.2315870697856
Costa Rica,CRI,2019,64.7703015347864
Costa Rica,CRI,2018,65.1578942627189
Costa Rica,CRI,2017,65.1235384942732
Costa Rica,CRI,2016,64.0606656387623
Costa Rica,CRI,2015,64.9482777842148
Costa Rica,CRI,2014,66.2309550637163
Costa Rica,CRI,2013,66.1624625447041
Cote d'Ivoire,CIV,2023,70.1396633621975
Cote d'Ivoire,CIV,2022,67.3773220883026
Cote d'Ivoire,CIV,2021,66.983520566215
Cote d'Ivoire,CIV,2020,66.8911969943175
Cote d'Ivoire,CIV,2019,66.5220102443249
Cote d'Ivoire,CIV,2018,68.3489743449099
Cote d'Ivoire,CIV,2017,66.5788896218036
Cote d'Ivoire,CIV,2016,64.6222566260733
Cote d'Ivoire,CIV,2015,65.2689967613597
Cote d'Ivoire,CIV,2014,
Cote d'Ivoire,CIV,2013,
Croatia,HRV,2023,56.5756573131614
Croatia,HRV,2022,59.0404212207712
Croatia,HRV,2021,57.8886927309189
Croatia,HRV,2020,58.5547059750906
Croatia,HRV,2019,56.7478964047645
Croatia,HRV,2018,56.6980102265546
Croatia,HRV,2017,56.7763210809941
Croatia,HRV,2016,57.0407433881344
Croatia,HRV,2015,57.8536309446112
Croatia,HRV,2014,59.2359811001159
Croatia,HRV,2013,60.6808397319249
Cuba,CUB,2023,81.139390869678
Cuba,CUB,2022,61.8932763432861
Cuba,CUB,2021,52.5993272415804
Cuba,CUB,2020,50.6231835457188
Cuba,CUB,2019,54.666259296358
Cuba,CUB,2018,55.9590002986516
Cuba,CUB,2017,55.9842398248775
Cuba,CUB,2016,55.8481691970207
Cuba,CUB,2015,55.7240212640934
Cuba,CUB,2014,55.0882078354892
Cuba,CUB,2013,54.2826774511329
Curacao,CUW,2023,
Curacao,CUW,2022,
Curacao,CUW,2021,
Curacao,CUW,2020,
Curacao,CUW,2019,
Curacao,CUW,2018,73.2295090054214
Curacao,CUW,2017,73.5343206358266
Curacao,CUW,2016,68.3536467856332
Curacao,CUW,2015,69.2356398510612
Curacao,CUW,2014,71.0492968979182
Curacao,CUW,2013,73.1571964637478
Cyprus,CYP,2023,58.0467062104423
Cyprus,CYP,2022,57.8326134183588
Cyprus,CYP,2021,56.8824270916768
Cyprus,CYP,2020,61.5260513288004
Cyprus,CYP,2019,63.4628008250126
Cyprus,CYP,2018,64.9469251656965
Cyprus,CYP,2017,64.9242912299762
Cyprus,CYP,2016,65.5126935066585
Cyprus,CYP,2015,67.3098306729774
Cyprus,CYP,2014,68.6804326927284
Cyprus,CYP,2013,67.0343905820875
Czechia,CZE,2023,47.2723118730543
Czechia,CZE,2022,48.564016481434
Czechia,CZE,2021,47.243242643381
Czechia,CZE,2020,47.0896749285128
Czechia,CZE,2019,48.3643293814143
Czechia,CZE,2018,49.0295708021498
Czechia,CZE,2017,48.6614521066761
Czechia,CZE,2016,48.3621204080916
Czechia,CZE,2015,48.1037178407644
Czechia,CZE,2014,49.0496668449067
Czechia,CZE,2013,50.2394692650127
Denmark,DNK,2023,44.5102843629384
Denmark,DNK,2022,43.6520567882028
Denmark,DNK,2021,45.918061828421
Denmark,DNK,2020,46.8353242713467
Denmark,DNK,2019,47.8292250325055
Denmark,DNK,2018,47.8592013302963
Denmark,DNK,2017,47.0380049661767
Denmark,DNK,2016,47.260422050988
Denmark,DNK,2015,47.331924653564
Denmark,DNK,2014,47.5047331861649
Denmark,DNK,2013,48.4150148818695
Djibouti,DJI,2023,71.059363115226
Djibouti,DJI,2022,72.7904868589377
Djibouti,DJI,2021,75.5535441580734
Djibouti,DJI,2020,71.8800788066082
Djibouti,DJI,2019,65.4110824697962
Djibouti,DJI,2018,63.021887805974
Djibouti,DJI,2017,62.3648819183128
Djibouti,DJI,2016,61.3781005409931
Djibouti,DJI,2015,61.5556454405623
Djibouti,DJI,2014,60.5084453724022
Djibouti,DJI,2013,58.3282875543568
Dominica,DMA,2023,
Dominica,DMA,2022,
Dominica,DMA,2021,
Dominica,DMA,2020,
Dominica,DMA,2019,
Dominica,DMA,2018,
Dominica,DMA,2017,
Dominica,DMA,2016,
Dominica,DMA,2015,
Dominica,DMA,2014,
Dominica,DMA,2013,
Dominican Republic,DOM,2023,68.1036779298913
Dominican Republic,DOM,2022,68.6974377882183
Dominican Republic,DOM,2021,68.1415201245294
Dominican Republic,DOM,2020,70.2529402022121
Dominican Republic,DOM,2019,68.5881994464389
Dominican Republic,DOM,2018,69.0012775141698
Dominican Republic,DOM,2017,70.5513721346654
Dominican Republic,DOM,2016,70.8466748034738
Dominican Republic,DOM,2015,71.305305326584
Dominican Republic,DOM,2014,71.9545213236996
Dominican Republic,DOM,2013,73.4708655162959
Ecuador,ECU,2023,65.5297661323376
Ecuador,ECU,2022,64.0886418612654
Ecuador,ECU,2021,63.9383243785069
Ecuador,ECU,2020,63.5146858348052
Ecuador,ECU,2019,63.752271812021
Ecuador,ECU,2018,62.8244080253065
Ecuador,ECU,2017,62.8686259378349
Ecuador,ECU,2016,63.5201523049222
Ecuador,ECU,2015,64.2588180475011
Ecuador,ECU,2014,59.2707666599616
Ecuador,ECU,2013,59.5513203878947
"Egypt, Arab Rep.",EGY,2023,78.9599621876046
"Egypt, Arab Rep.",EGY,2022,79.6850494102646
"Egypt, Arab Rep.",EGY,2021,82.9643859464814
"Egypt, Arab Rep.",EGY,2020,80.8227416051751
"Egypt, Arab Rep.",EGY,2019,79.8963545389564
"Egypt, Arab Rep.",EGY,2018,81.3745660280314
"Egypt, Arab Rep.",EGY,2017,84.490823053147
"Egypt, Arab Rep.",EGY,2016,83.0885066804458
"Egypt, Arab Rep.",EGY,2015,82.4297229837555
"Egypt, Arab Rep.",EGY,2014,82.9389671361502
"Egypt, Arab Rep.",EGY,2013,80.7729520533219
El Salvador,SLV,2023,82.6918350219258
El Salvador,SLV,2022,80.5516203113199
El Salvador,SLV,2021,81.5804351733318
El Salvador,SLV,2020,80.4974802567614
El Salvador,SLV,2019,81.7533408181349
El Salvador,SLV,2018,83.2837128687187
El Salvador,SLV,2017,83.435011303409
El Salvador,SLV,2016,83.6179589218165
El Salvador,SLV,2015,85.0735379448286
El Salvador,SLV,2014,86.6472923371222
El Salvador,SLV,2013,87.6761632961908
Equatorial Guinea,GNQ,2023,53.222857767451
Equatorial Guinea,GNQ,2022,46.3786200806456
Equatorial Guinea,GNQ,2021,52.9759390300282
Equatorial Guinea,GNQ,2020,60.8135887753143
Equatorial Guinea,GNQ,2019,56.2649182510257
Equatorial Guinea,GNQ,2018,48.3872781365636
Equatorial Guinea,GNQ,2017,46.9753941785659
Equatorial Guinea,GNQ,2016,47.7490921488625
Equatorial Guinea,GNQ,2015,38.9381457317245
Equatorial Guinea,GNQ,2014,27.7769341198706
Equatorial Guinea,GNQ,2013,25.8205671111195
Eritrea,ERI,2023,
Eritrea,ERI,2022,
Eritrea,ERI,2021,
Eritrea,ERI,2020,
Eritrea,ERI,2019,
Eritrea,ERI,2018,
Eritrea,ERI,2017,
Eritrea,ERI,2016,
Eritrea,ERI,2015,
Eritrea,ERI,2014,
Eritrea,ERI,2013,
Estonia,EST,2023,53.6196190091547
Estonia,EST,2022,52.7941504083353
Estonia,EST,2021,50.3709927154574
Estonia,EST,2020,50.8136514180243
Estonia,EST,2019,50.8411174841809
Estonia,EST,2018,51.0577464537285
Estonia,EST,2017,51.1983840842365
Estonia,EST,2016,52.4189034735699
Estonia,EST,2015,52.2622107540925
Estonia,EST,2014,51.3900758043719
Estonia,EST,2013,52.0755346527942
Eswatini,SWZ,2023,62.477431333149
Eswatini,SWZ,2022,61.5015140428136
Eswatini,SWZ,2021,58.9633529031273
Eswatini,SWZ,2020,56.2826702433312
Eswatini,SWZ,2019,59.1586272802036
Eswatini,SWZ,2018,60.1934589249796
Eswatini,SWZ,2017,58.3328984148148
Eswatini,SWZ,2016,56.8263697368259
Eswatini,SWZ,2015,58.5985158219807
Eswatini,SWZ,2014,61.6128455579362
Eswatini,SWZ,2013,66.6026290231898
Ethiopia,ETH,2023,78.9191890808122
Ethiopia,ETH,2022,77.4036173185943
Ethiopia,ETH,2021,72.2205187526123
Ethiopia,ETH,2020,70.0432707866828
Ethiopia,ETH,2019,68.6823158558337
Ethiopia,ETH,2018,65.6642254693999
Ethiopia,ETH,2017,66.5307403818863
Ethiopia,ETH,2016,66.466827098962
Ethiopia,ETH,2015,71.2444353893903
Ethiopia,ETH,2014,70.2145250716323
Ethiopia,ETH,2013,73.4670479688865
Faroe Islands,FRO,2023,40.5959436080539
Faroe Islands,FRO,2022,40.8447345790009
Faroe Islands,FRO,2021,42.1754551903523
Faroe Islands,FRO,2020,43.5553873681948
Faroe Islands,FRO,2019,41.8607960413673
Faroe Islands,FRO,2018,43.1223553251088
Faroe Islands,FRO,2017,43.4827463536108
Faroe Islands,FRO,2016,45.6579822792029
Faroe Islands,FRO,2015,46.9527054339666
Faroe Islands,FRO,2014,48.6933499645364
Faroe Islands,FRO,2013,51.1804613297151
Fiji,FJI,2023,69.8138470527136
Fiji,FJI,2022,76.28920544245
Fiji,FJI,2021,73.1719212680718
Fiji,FJI,2020,73.0355214797526
Fiji,FJI,2019,68.5098422980662
Fiji,FJI,2018,66.2972674024233
Fiji,FJI,2017,64.2867701292069
Fiji,FJI,2016,63.8230783058199
Fiji,FJI,2015,60.945151471166
Fiji,FJI,2014,65.2566691048239
Fiji,FJI,2013,66.0300476829819
Finland,FIN,2023,51.2664603212395
Finland,FIN,2022,50.5401394029346
Finland,FIN,2021,50.3517389976042
Finland,FIN,2020,50.2239970895185
Finland,FIN,2019,51.3495836792192
Finland,FIN,2018,52.0846898514478
Finland,FIN,2017,52.4685589169849
Finland,FIN,2016,53.8580640376048
Finland,FIN,2015,54.1875999086549
Finland,FIN,2014,54.3338757863545
Finland,FIN,2013,53.9776999169521
France,FRA,2023,54.6522490471129
France,FRA,2022,54.0826719787044
France,FRA,2021,52.8330483170483
France,FRA,2020,53.5801903155457
France,FRA,2019,54.1064353573882
France,FRA,2018,54.5100822684301
France,FRA,2017,54.3988003563324
France,FRA,2016,54.6285111267078
France,FRA,2015,54.3311860952586
France,FRA,2014,54.5140899770728
France,FRA,2013,54.7412295100639
French Polynesia,PYF,2023,73.4588409007014
French Polynesia,PYF,2022,73.9149038212877
French Polynesia,PYF,2021,72.8045372620996
French Polynesia,PYF,2020,70.9627353133143
French Polynesia,PYF,2019,65.9731612629847
French Polynesia,PYF,2018,64.8715831040078
French Polynesia,PYF,2017,64.5341166351561
French Polynesia,PYF,2016,64.8480133914258
French Polynesia,PYF,2015,65.3432539821093
French Polynesia,PYF,2014,66.4796715158732
French Polynesia,PYF,2013,67.3980231049836
Gabon,GAB,2023,34.479893937281
Gabon,GAB,2022,30.071710408713
Gabon,GAB,2021,34.1962565964728
Gabon,GAB,2020,41.9040653088275
Gabon,GAB,2019,37.6737171297373
Gabon,GAB,2018,38.6144085783521
Gabon,GAB,2017,39.9697438003019
Gabon,GAB,2016,40.4392237312901
Gabon,GAB,2015,37.8384101109841
Gabon,GAB,2014,34.4900264964714
Gabon,GAB,2013,32.2834097575286
"Gambia, The",GMB,2023,92.8123916144329
"Gambia, The",GMB,2022,91.5504015297889
"Gambia, The",GMB,2021,90.8870948243285
"Gambia, The",GMB,2020,87.74124547095
"Gambia, The",GMB,2019,86.4067484502198
"Gambia, The",GMB,2018,88.4987433632318
"Gambia, The",GMB,2017,86.0234367481567
"Gambia, The",GMB,2016,78.9831399949774
"Gambia, The",GMB,2015,81.6612287203754
"Gambia, The",GMB,2014,87.4238148724684
"Gambia, The",GMB,2013,85.5433713043018
Georgia,GEO,2023,71.4697191156864
Georgia,GEO,2022,73.1417146582487
Georgia,GEO,2021,81.4469063302813
Georgia,GEO,2020,79.8723525276668
Georgia,GEO,2019,68.889522583759
Georgia,GEO,2018,69.2424604398995
Georgia,GEO,2017,71.814557329463
Georgia,GEO,2016,70.8396033157333
Georgia,GEO,2015,75.2554654393887
Georgia,GEO,2014,75.9220865645294
Georgia,GEO,2013,75.5877884549386
Germany,DEU,2023,52.5799479061742
Germany,DEU,2022,52.4899546045887
Germany,DEU,2021,50.0138227322844
Germany,DEU,2020,50.6783801641397
Germany,DEU,2019,52.7273780984259
Germany,DEU,2018,52.6639837159256
Germany,DEU,2017,52.6169253339974
Germany,DEU,2016,53.1838595898235
Germany,DEU,2015,53.4593444184216
Germany,DEU,2014,53.7695470217493
Germany,DEU,2013,54.8320239457453
Ghana,GHA,2023,85.2301166138924
Ghana,GHA,2022,77.726982346732
Ghana,GHA,2021,77.5552609916432
Ghana,GHA,2020,77.4675806010356
Ghana,GHA,2019,76.2351235806834
Ghana,GHA,2018,72.2346111688579
Ghana,GHA,2017,76.2720436442525
Ghana,GHA,2016,72.1479346116913
Ghana,GHA,2015,73.4677293047446
Ghana,GHA,2014,71.9398984048515
Ghana,GHA,2013,76.322776050011
Gibraltar,GIB,2023,
Gibraltar,GIB,2022,
Gibraltar,GIB,2021,
Gibraltar,GIB,2020,
Gibraltar,GIB,2019,
Gibraltar,GIB,2018,
Gibraltar,GIB,2017,
Gibraltar,GIB,2016,
Gibraltar,GIB,2015,
Gibraltar,GIB,2014,
Gibraltar,GIB,2013,
Greece,GRC,2023,69.1821726781717
Greece,GRC,2022,70.9524251695323
Greece,GRC,2021,68.4478792137065
Greece,GRC,2020,71.061075871067
Greece,GRC,2019,69.3428677417415
Greece,GRC,2018,69.238740300564
Greece,GRC,2017,68.8901234494333
Greece,GRC,2016,68.0924459030629
Greece,GRC,2015,68.0857125303338
Greece,GRC,2014,68.4410635719875
Greece,GRC,2013,69.2093149811887
Greenland,GRL,2023,32.5870787865037
Greenland,GRL,2022,32.6610300182907
Greenland,GRL,2021,34.2066247808723
Greenland,GRL,2020,34.0977004670308
Greenland,GRL,2019,35.0428205538659
Greenland,GRL,2018,35.983955307031
Greenland,GRL,2017,36.7955642655705
Greenland,GRL,2016,37.467144432799
Greenland,GRL,2015,39.7126170169741
Greenland,GRL,2014,41.7045953231772
Greenland,GRL,2013,42.5617560263934
Grenada,GRD,2023,
Grenada,GRD,2022,
Grenada,GRD,2021,
Grenada,GRD,2020,
Grenada,GRD,2019,
Grenada,GRD,2018,
Grenada,GRD,2017,
Grenada,GRD,2016,
Grenada,GRD,2015,
Grenada,GRD,2014,
Grenada,GRD,2013,
Guam,GUM,2023,
Guam,GUM,2022,59.9131693198263
Guam,GUM,2021,61.4051973051011
Guam,GUM,2020,60.2941176470588
Guam,GUM,2019,57.2147915027537
Guam,GUM,2018,59.560403239134
Guam,GUM,2017,59.0221187427241
Guam,GUM,2016,57.3462125063549
Guam,GUM,2015,56.6821865838938
Guam,GUM,2014,58.1105169340463
Guam,GUM,2013,59.6036303019078
Guatemala,GTM,2023,87.3351130576177
Guatemala,GTM,2022,88.4233943778112
Guatemala,GTM,2021,86.0132229895832
Guatemala,GTM,2020,83.4808783683529
Guatemala,GTM,2019,84.8559330808065
Guatemala,GTM,2018,85.7623583775285
Guatemala,GTM,2017,84.9103668226182
Guatemala,GTM,2016,84.564231620862
Guatemala,GTM,2015,84.3173716655841
Guatemala,GTM,2014,85.2679971542836
Guatemala,GTM,2013,85.5583763771959
Guinea,GIN,2023,70.6468224495414
Guinea,GIN,2022,72.1929272319374
Guinea,GIN,2021,69.1999651303468
Guinea,GIN,2020,72.8959985321188
Guinea,GIN,2019,73.2003316119022
Guinea,GIN,2018,73.5407008860869
Guinea,GIN,2017,74.3845981357814
Guinea,GIN,2016,83.5430567663458
Guinea,GIN,2015,85.7837320133204
Guinea,GIN,2014,82.7852237631943
Guinea,GIN,2013,85.1178285394946
Guinea-Bissau,GNB,2023,72.4095513606109
Guinea-Bissau,GNB,2022,75.4071053804985
Guinea-Bissau,GNB,2021,69.8447119762876
Guinea-Bissau,GNB,2020,66.8492000123578
Guinea-Bissau,GNB,2019,72.0287888910906
Guinea-Bissau,GNB,2018,68.8701272650185
Guinea-Bissau,GNB,2017,68.9954812413523
Guinea-Bissau,GNB,2016,72.5734733640718
Guinea-Bissau,GNB,2015,72.86449641349
Guinea-Bissau,GNB,2014,75.9214359352408
Guinea-Bissau,GNB,2013,79.1934502131452
Guyana,GUY,2023,
Guyana,GUY,2022,
Guyana,GUY,2021,
Guyana,GUY,2020,
Guyana,GUY,2019,
Guyana,GUY,2018,
Guyana,GUY,2017,
Guyana,GUY,2016,
Guyana,GUY,2015,
Guyana,GUY,2014,
Guyana,GUY,2013,
Haiti,HTI,2023,98.7334968411721
Haiti,HTI,2022,99.1512077270006
Haiti,HTI,2021,99.1648261326337
Haiti,HTI,2020,97.0967283848241
Haiti,HTI,2019,96.6039975441292
Haiti,HTI,2018,98.9921734087558
Haiti,HTI,2017,95.1112523649735
Haiti,HTI,2016,96.2523586223423
Haiti,HTI,2015,96.0676253577978
Haiti,HTI,2014,96.1811633323578
Haiti,HTI,2013,94.6014119076417
Honduras,HND,2023,86.9388698232651
Honduras,HND,2022,87.2178097271961
Honduras,HND,2021,84.7368828287195
Honduras,HND,2020,80.9231139613875
Honduras,HND,2019,82.1753054554816
Honduras,HND,2018,80.6072087065035
Honduras,HND,2017,77.3062901750634
Honduras,HND,2016,76.8964226020266
Honduras,HND,2015,77.5076606432768
Honduras,HND,2014,80.333644049504
Honduras,HND,2013,81.9289561729795
"Hong Kong SAR, China",HKG,2023,70.0242183542924
"Hong Kong SAR, China",HKG,2022,66.3421768208587
"Hong Kong SAR, China",HKG,2021,64.9770412761905
"Hong Kong SAR, China",HKG,2020,66.3430242922379
"Hong Kong SAR, China",HKG,2019,69.3745074730529
"Hong Kong SAR, China",HKG,2018,68.2939689196943
"Hong Kong SAR, China",HKG,2017,67.0915784300787
"Hong Kong SAR, China",HKG,2016,66.2532050535654
"Hong Kong SAR, China",HKG,2015,66.4263972513635
"Hong Kong SAR, China",HKG,2014,66.494012181389
"Hong Kong SAR, China",HKG,2013,66.0830891757724
Hungary,HUN,2023,49.1760555136663
Hungary,HUN,2022,50.3887359389835
Hungary,HUN,2021,48.6365251148182
Hungary,HUN,2020,49.6924198497428
Hungary,HUN,2019,49.1269802465123
Hungary,HUN,2018,49.2084558785713
Hungary,HUN,2017,50.1226118239129
Hungary,HUN,2016,49.8300804127971
Hungary,HUN,2015,48.8681084089341
Hungary,HUN,2014,49.8899038802782
Hungary,HUN,2013,52.0685821575895
Iceland,ISL,2023,48.6729389422621
Iceland,ISL,2022,49.7735728067392
Iceland,ISL,2021,51.2354949572482
Iceland,ISL,2020,51.2410552048551
Iceland,ISL,2019,49.3524474999608
Iceland,ISL,2018,49.5218491477705
Iceland,ISL,2017,49.4621317864701
Iceland,ISL,2016,48.5909002675927
Iceland,ISL,2015,49.1652631622919
Iceland,ISL,2014,51.8071174357424
Iceland,ISL,2013,52.1687986831656
India,IND,2023,56.5031601585809
India,IND,2022,57.1369993648568
India,IND,2021,60.9503796335733
India,IND,2020,61.0981287103106
India,IND,2019,60.91128763805
India,IND,2018,59.2883228123904
India,IND,2017,58.725149676261
India,IND,2016,59.2952812328071
India,IND,2015,59.007281077807
India,IND,2014,58.1277171013104
India,IND,2013,57.6457660908404
Indonesia,IDN,2023,54.4301619794382
Indonesia,IDN,2022,53.0450710420578
Indonesia,IDN,2021,55.6288131852593
Indonesia,IDN,2020,58.9338922834343
Indonesia,IDN,2019,57.9304645761067
Indonesia,IDN,2018,56.9798956322201
Indonesia,IDN,2017,57.2755729741479
Indonesia,IDN,2016,57.8268008139293
Indonesia,IDN,2015,57.4500178976656
Indonesia,IDN,2014,57.1391165860159
Indonesia,IDN,2013,56.8294623585841
"Iran, Islamic Rep.",IRN,2023,43.4945916321664
"Iran, Islamic Rep.",IRN,2022,42.2881789476095
"Iran, Islamic Rep.",IRN,2021,41.5061683955337
"Iran, Islamic Rep.",IRN,2020,43.5079462123254
"Iran, Islamic Rep.",IRN,2019,47.2787921065072
"Iran, Islamic Rep.",IRN,2018,46.6959641173342
"Iran, Islamic Rep.",IRN,2017,47.1363777742522
"Iran, Islamic Rep.",IRN,2016,49.2163616231075
"Iran, Islamic Rep.",IRN,2015,53.4215909836335
"Iran, Islamic Rep.",IRN,2014,47.3489294074271
"Iran, Islamic Rep.",IRN,2013,46.8466512216947
Iraq,IRQ,2023,40.9029981399156
Iraq,IRQ,2022,31.7249111241969
Iraq,IRQ,2021,40.3433860623387
Iraq,IRQ,2020,52.2946583749911
Iraq,IRQ,2019,42.9672282130556
Iraq,IRQ,2018,43.5380775467623
Iraq,IRQ,2017,51.4551307269291
Iraq,IRQ,2016,56.8330441528592
Iraq,IRQ,2015,55.679054762146
Iraq,IRQ,2014,42.0663002657086
Iraq,IRQ,2013,38.6336123247536
Ireland,IRL,2023,27.3850863807821
Ireland,IRL,2022,24.3191647735785
Ireland,IRL,2021,23.7026352943524
Ireland,IRL,2020,24.8398702373678
Ireland,IRL,2019,29.0438556750272
Ireland,IRL,2018,30.1800125851611
Ireland,IRL,2017,30.623564657931
Ireland,IRL,2016,32.7825130653661
Ireland,IRL,2015,31.702138725193
Ireland,IRL,2014,41.4997886037664
Ireland,IRL,2013,43.8811322107903
Isle of Man,IMN,2023,
Isle of Man,IMN,2022,
Isle of Man,IMN,2021,
Isle of Man,IMN,2020,
Isle of Man,IMN,2019,
Isle of Man,IMN,2018,
Isle of Man,IMN,2017,
Isle of Man,IMN,2016,
Isle of Man,IMN,2015,
Isle of Man,IMN,2014,
Isle of Man,IMN,2013,
Israel,ISR,2023,48.3303394135531
Israel,ISR,2022,49.2972273022924
Israel,ISR,2021,48.8524043717657
Israel,ISR,2020,48.4831914506941
Israel,ISR,2019,52.2231812463543
Israel,ISR,2018,52.7052908751937
Israel,ISR,2017,52.9008978403846
Israel,ISR,2016,53.304301522258
Israel,ISR,2015,53.0530491122108
Israel,ISR,2014,53.8762853394629
Israel,ISR,2013,54.0605642805534
Italy,ITA,2023,57.4705737184519
Italy,ITA,2022,58.3819276636895
Italy,ITA,2021,56.3200397458377
Italy,ITA,2020,57.8570787429718
Italy,ITA,2019,59.7428598541917
Italy,ITA,2018,60.1022171691273
Italy,ITA,2017,60.1360223285505
Italy,ITA,2016,59.9846426975358
Italy,ITA,2015,60.6936412362169
Italy,ITA,2014,60.5079606841788
Italy,ITA,2013,60.7284750688153
Jamaica,JAM,2023,
Jamaica,JAM,2022,
Jamaica,JAM,2021,
Jamaica,JAM,2020,
Jamaica,JAM,2019,
Jamaica,JAM,2018,
Jamaica,JAM,2017,
Jamaica,JAM,2016,
Jamaica,JAM,2015,
Jamaica,JAM,2014,
Jamaica,JAM,2013,
Japan,JPN,2023,53.5977293424216
Japan,JPN,2022,54.5437635044314
Japan,JPN,2021,52.643763049873
Japan,JPN,2020,52.9377462665664
Japan,JPN,2019,53.5131803063105
Japan,JPN,2018,53.7399840289131
Japan,JPN,2017,53.6347034872301
Japan,JPN,2016,53.7762068713705
Japan,JPN,2015,54.8305444655323
Japan,JPN,2014,56.6310801877112
Japan,JPN,2013,57.3797505525667
Jordan,JOR,2023,
Jordan,JOR,2022,
Jordan,JOR,2021,
Jordan,JOR,2020,
Jordan,JOR,2019,
Jordan,JOR,2018,
Jordan,JOR,2017,
Jordan,JOR,2016,
Jordan,JOR,2015,
Jordan,JOR,2014,
Jordan,JOR,2013,
Kazakhstan,KAZ,2023,51.6743656329957
Kazakhstan,KAZ,2022,49.4371300696689
Kazakhstan,KAZ,2021,51.6402830303106
Kazakhstan,KAZ,2020,53.0038950341928
Kazakhstan,KAZ,2019,52.2788563150279
Kazakhstan,KAZ,2018,52.0980613500686
Kazakhstan,KAZ,2017,52.5879857667772
Kazakhstan,KAZ,2016,54.5443168838745
Kazakhstan,KAZ,2015,53.7178141400066
Kazakhstan,KAZ,2014,48.4825043206591
Kazakhstan,KAZ,2013,49.8965892829137
Kenya,KEN,2023,76.9538720240847
Kenya,KEN,2022,75.6878425683943
Kenya,KEN,2021,75.4961521200047
Kenya,KEN,2020,76.4393699714514
Kenya,KEN,2019,77.4226642300581
Kenya,KEN,2018,77.1029078594526
Kenya,KEN,2017,77.9129619789056
Kenya,KEN,2016,76.4073215606295
Kenya,KEN,2015,75.5167578715507
Kenya,KEN,2014,76.068046506941
Kenya,KEN,2013,76.496962526467
Kiribati,KIR,2023,111.886071247194
Kiribati,KIR,2022,108.573731629629
Kiribati,KIR,2021,96.3422067411597
Kiribati,KIR,2020,89.8510308991324
Kiribati,KIR,2019,90.5651493013417
Kiribati,KIR,2018,85.3767731629393
Kiribati,KIR,2017,91.4808934707904
Kiribati,KIR,2016,89.1942346784838
Kiribati,KIR,2015,89.9085742253987
Kiribati,KIR,2014,89.6884801520132
Kiribati,KIR,2013,89.6028694281004
"Korea, Dem. People's Rep.",PRK,2023,
"Korea, Dem. People's Rep.",PRK,2022,
"Korea, Dem. People's Rep.",PRK,2021,
"Korea, Dem. People's Rep.",PRK,2020,
"Korea, Dem. People's Rep.",PRK,2019,
"Korea, Dem. People's Rep.",PRK,2018,
"Korea, Dem. People's Rep.",PRK,2017,
"Korea, Dem. People's Rep.",PRK,2016,
"Korea, Dem. People's Rep.",PRK,2015,
"Korea, Dem. People's Rep.",PRK,2014,
"Korea, Dem. People's Rep.",PRK,2013,
"Korea, Rep.",KOR,2023,49.9486442283876
"Korea, Rep.",KOR,2022,49.0320281833727
"Korea, Rep.",KOR,2021,47.1113066583303
"Korea, Rep.",KOR,2020,47.8068503908128
"Korea, Rep.",KOR,2019,50.1058294635048
"Korea, Rep.",KOR,2018,49.4138963898146
"Korea, Rep.",KOR,2017,48.9548601128333
"Korea, Rep.",KOR,2016,49.2498253980602
"Korea, Rep.",KOR,2015,49.7932416347652
"Korea, Rep.",KOR,2014,51.0825916725013
"Korea, Rep.",KOR,2013,51.5410854481736
Kosovo,XKX,2023,84.1259379582871
Kosovo,XKX,2022,85.7363540944995
Kosovo,XKX,2021,82.9965537282252
Kosovo,XKX,2020,84.898403656919
Kosovo,XKX,2019,80.0845557619627
Kosovo,XKX,2018,79.8110355944319
Kosovo,XKX,2017,79.236842039023
Kosovo,XKX,2016,81.7572045382757
Kosovo,XKX,2015,85.0770730345623
Kosovo,XKX,2014,88.5891613201267
Kosovo,XKX,2013,86.150896845247
Kuwait,KWT,2023,38.282925181771
Kuwait,KWT,2022,32.5832651513933
Kuwait,KWT,2021,38.6900395983314
Kuwait,KWT,2020,45.7563288432702
Kuwait,KWT,2019,40.1645523991134
Kuwait,KWT,2018,39.6351868571653
Kuwait,KWT,2017,43.2953064597866
Kuwait,KWT,2016,45.2285252668924
Kuwait,KWT,2015,41.5493105074242
Kuwait,KWT,2014,28.9804680963386
Kuwait,KWT,2013,25.1451734386521
Kyrgyz Republic,KGZ,2023,88.2691924152565
Kyrgyz Republic,KGZ,2022,88.6858181762607
Kyrgyz Republic,KGZ,2021,85.5235897663205
Kyrgyz Republic,KGZ,2020,76.4257484032074
Kyrgyz Republic,KGZ,2019,77.3300987499985
Kyrgyz Republic,KGZ,2018,82.4857706271462
Kyrgyz Republic,KGZ,2017,82.0794995887653
Kyrgyz Republic,KGZ,2016,82.7994261135949
Kyrgyz Republic,KGZ,2015,90.5465732721874
Kyrgyz Republic,KGZ,2014,95.9988170524141
Kyrgyz Republic,KGZ,2013,97.1806511100078
Lao PDR,LAO,2023,
Lao PDR,LAO,2022,
Lao PDR,LAO,2021,
Lao PDR,LAO,2020,
Lao PDR,LAO,2019,
Lao PDR,LAO,2018,
Lao PDR,LAO,2017,
Lao PDR,LAO,2016,65.6945314242839
Lao PDR,LAO,2015,71.2301462687204
Lao PDR,LAO,2014,72.5687449323944
Lao PDR,LAO,2013,74.1116710203731
Latvia,LVA,2023,57.9697146065381
Latvia,LVA,2022,59.5060121245574
Latvia,LVA,2021,55.6491295520267
Latvia,LVA,2020,55.4377447018478
Latvia,LVA,2019,57.4014320897814
Latvia,LVA,2018,58.4211991407232
Latvia,LVA,2017,59.43379299975
Latvia,LVA,2016,59.6905508141137
Latvia,LVA,2015,58.8611446899826
Latvia,LVA,2014,60.147600941708
Latvia,LVA,2013,61.3951562550029
Lebanon,LBN,2023,136.037027564642
Lebanon,LBN,2022,140.380223765282
Lebanon,LBN,2021,119.057743621409
Lebanon,LBN,2020,100.14669999945
Lebanon,LBN,2019,93.6331403584653
Lebanon,LBN,2018,88.9243085838561
Lebanon,LBN,2017,89.6049096795191
Lebanon,LBN,2016,88.1445855533141
Lebanon,LBN,2015,90.8051834974673
Lebanon,LBN,2014,94.5916670435709
Lebanon,LBN,2013,92.3410533828914
Lesotho,LSO,2023,92.3450096797562
Lesotho,LSO,2022,86.7722749878897
Lesotho,LSO,2021,83.7359088606966
Lesotho,LSO,2020,88.7999793219713
Lesotho,LSO,2019,83.6108994228792
Lesotho,LSO,2018,85.258457064628
Lesotho,LSO,2017,89.5267185641496
Lesotho,LSO,2016,76.3557178141799
Lesotho,LSO,2015,76.5585693579099
Lesotho,LSO,2014,77.0581448654934
Lesotho,LSO,2013,83.6458862436197
Liberia,LBR,2023,
Liberia,LBR,2022,
Liberia,LBR,2021,
Liberia,LBR,2020,
Liberia,LBR,2019,
Liberia,LBR,2018,
Liberia,LBR,2017,
Liberia,LBR,2016,
Liberia,LBR,2015,
Liberia,LBR,2014,
Liberia,LBR,2013,
Libya,LBY,2023,33.2095327984899
Libya,LBY,2022,29.2737999154464
Libya,LBY,2021,32.8507003629182
Libya,LBY,2020,52.0018443095366
Libya,LBY,2019,38.5455822214879
Libya,LBY,2018,34.0824216925136
Libya,LBY,2017,39.1800045723858
Libya,LBY,2016,49.734423498693
Libya,LBY,2015,44.2315322986932
Libya,LBY,2014,43.177257204383
Libya,LBY,2013,33.2084856099867
Liechtenstein,LIE,2023,
Liechtenstein,LIE,2022,
Liechtenstein,LIE,2021,
Liechtenstein,LIE,2020,
Liechtenstein,LIE,2019,
Liechtenstein,LIE,2018,
Liechtenstein,LIE,2017,
Liechtenstein,LIE,2016,
Liechtenstein,LIE,2015,
Liechtenstein,LIE,2014,
Liechtenstein,LIE,2013,
Lithuania,LTU,2023,56.0271620312856
Lithuania,LTU,2022,57.2394350869936
Lithuania,LTU,2021,56.1664813613852
Lithuania,LTU,2020,56.0403963767189
Lithuania,LTU,2019,58.3912243312157
Lithuania,LTU,2018,59.5614159276242
Lithuania,LTU,2017,60.9517957979021
Lithuania,LTU,2016,62.0241558780914
Lithuania,LTU,2015,61.2826641073138
Lithuania,LTU,2014,61.1120493420938
Lithuania,LTU,2013,61.3190756547846
Luxembourg,LUX,2023,32.9800365266131
Luxembourg,LUX,2022,32.4630601673804
Luxembourg,LUX,2021,30.3279311924086
Luxembourg,LUX,2020,30.3488641052381
Luxembourg,LUX,2019,33.6354128164322
Luxembourg,LUX,2018,33.6578170586681
Luxembourg,LUX,2017,33.1899064625453
Luxembourg,LUX,2016,32.6340108327509
Luxembourg,LUX,2015,32.5344281617568
Luxembourg,LUX,2014,32.7186267723142
Luxembourg,LUX,2013,33.2711294744304
"Macao SAR, China",MAC,2023,31.8754348960598
"Macao SAR, China",MAC,2022,50.1074306177261
"Macao SAR, China",MAC,2021,43.0568298123071
"Macao SAR, China",MAC,2020,48.0085559802737
"Macao SAR, China",MAC,2019,25.5495080830213
"Macao SAR, China",MAC,2018,24.1237145864635
"Macao SAR, China",MAC,2017,24.7971185382626
"Macao SAR, China",MAC,2016,26.95098985527
"Macao SAR, China",MAC,2015,26.7505273805974
"Macao SAR, China",MAC,2014,20.4867608612905
"Macao SAR, China",MAC,2013,19.5650115678082
Madagascar,MDG,2023,72.4138965883084
Madagascar,MDG,2022,72.3709114038061
Madagascar,MDG,2021,75.1898050739608
Madagascar,MDG,2020,76.9785607434105
Madagascar,MDG,2019,70.8967170517366
Madagascar,MDG,2018,72.0200456614625
Madagascar,MDG,2017,71.6091931397316
Madagascar,MDG,2016,71.5222857514318
Madagascar,MDG,2015,73.306904570902
Madagascar,MDG,2014,73.1149315612814
Madagascar,MDG,2013,77.6636879412027
Malawi,MWI,2023,85.1779698388011
Malawi,MWI,2022,82.1532808357904
Malawi,MWI,2021,79.9776598740839
Malawi,MWI,2020,80.0042135863172
Malawi,MWI,2019,72.2449380464003
Malawi,MWI,2018,75.233939157689
Malawi,MWI,2017,75.5034727919613
Malawi,MWI,2016,
Malawi,MWI,2015,
Malawi,MWI,2014,
Malawi,MWI,2013,
Malaysia,MYS,2023,60.4640226574717
Malaysia,MYS,2022,57.6094497748206
Malaysia,MYS,2021,58.007293869846
Malaysia,MYS,2020,61.0120288602963
Malaysia,MYS,2019,59.7716877634033
Malaysia,MYS,2018,57.4258164063263
Malaysia,MYS,2017,55.3917530338003
Malaysia,MYS,2016,54.7877093226036
Malaysia,MYS,2015,53.9618666603771
Malaysia,MYS,2014,52.4188774297456
Malaysia,MYS,2013,51.8104993648232
Maldives,MDV,2023,51.1703485264065
Maldives,MDV,2022,46.6908853355215
Maldives,MDV,2021,46.5405553387143
Maldives,MDV,2020,59.3967842172922
Maldives,MDV,2019,46.3602189709383
Maldives,MDV,2018,46.1436148311673
Maldives,MDV,2017,46.4378203046716
Maldives,MDV,2016,43.7224678165629
Maldives,MDV,2015,40.8779173050473
Maldives,MDV,2014,36.7385181777544
Maldives,MDV,2013,
Mali,MLI,2023,73.5168917233051
Mali,MLI,2022,74.7441309585181
Mali,MLI,2021,73.4863064594069
Mali,MLI,2020,72.8375626856985
Mali,MLI,2019,71.4066748252847
Mali,MLI,2018,72.2435775388033
Mali,MLI,2017,72.8221122741178
Mali,MLI,2016,72.7812374905114
Mali,MLI,2015,73.8391650283042
Mali,MLI,2014,72.390501449825
Mali,MLI,2013,74.0200137766464
Malta,MLT,2023,45.3786894020492
Malta,MLT,2022,44.02050620524
Malta,MLT,2021,41.1199098413231
Malta,MLT,2020,42.6444191764275
Malta,MLT,2019,46.1704483702723
Malta,MLT,2018,45.7188022008974
Malta,MLT,2017,44.8113730430054
Malta,MLT,2016,48.1449879978036
Malta,MLT,2015,49.3449203286293
Malta,MLT,2014,53.6745560283969
Malta,MLT,2013,57.0055244656621
Marshall Islands,MHL,2023,70.9121590909091
Marshall Islands,MHL,2022,71.9928417789648
Marshall Islands,MHL,2021,65.57027776555
Marshall Islands,MHL,2020,70.177047146402
Marshall Islands,MHL,2019,75.0706741090597
Marshall Islands,MHL,2018,75.1836363636364
Marshall Islands,MHL,2017,75.6660739354235
Marshall Islands,MHL,2016,72.8715064420218
Marshall Islands,MHL,2015,77.4052259118127
Marshall Islands,MHL,2014,76.9138709677419
Marshall Islands,MHL,2013,78.7465665236052
Mauritania,MRT,2023,54.3207258617104
Mauritania,MRT,2022,56.6813257474361
Mauritania,MRT,2021,53.0093019927516
Mauritania,MRT,2020,53.0081491355276
Mauritania,MRT,2019,54.8738803896218
Mauritania,MRT,2018,56.5401128723031
Mauritania,MRT,2017,58.5235669161392
Mauritania,MRT,2016,60.5848499954762
Mauritania,MRT,2015,63.8772434005292
Mauritania,MRT,2014,61.4016653588719
Mauritania,MRT,2013,52.0571617382581
Mauritius,MUS,2023,69.9708010863252
Mauritius,MUS,2022,70.443411807519
Mauritius,MUS,2021,72.2361871269719
Mauritius,MUS,2020,71.6436932393741
Mauritius,MUS,2019,72.3258866872755
Mauritius,MUS,2018,71.3847214697335
Mauritius,MUS,2017,71.0613415250028
Mauritius,MUS,2016,70.2786746414016
Mauritius,MUS,2015,71.6462578013777
Mauritius,MUS,2014,72.0725479403365
Mauritius,MUS,2013,72.4294646622607
Mexico,MEX,2023,69.8604901110279
Mexico,MEX,2022,70.5586769756003
Mexico,MEX,2021,68.3257391744817
Mexico,MEX,2020,66.1547340825148
Mexico,MEX,2019,67.1220772630044
Mexico,MEX,2018,67.3910109481984
Mexico,MEX,2017,68.2357005104184
Mexico,MEX,2016,68.9305753669231
Mexico,MEX,2015,69.1492541460634
Mexico,MEX,2014,70.8084071897547
Mexico,MEX,2013,70.7478794450011
"Micronesia, Fed. Sts.",FSM,2023,
"Micronesia, Fed. Sts.",FSM,2022,
"Micronesia, Fed. Sts.",FSM,2021,
"Micronesia, Fed. Sts.",FSM,2020,
"Micronesia, Fed. Sts.",FSM,2019,
"Micronesia, Fed. Sts.",FSM,2018,
"Micronesia, Fed. Sts.",FSM,2017,
"Micronesia, Fed. Sts.",FSM,2016,
"Micronesia, Fed. Sts.",FSM,2015,
"Micronesia, Fed. Sts.",FSM,2014,
"Micronesia, Fed. Sts.",FSM,2013,
Moldova,MDA,2023,85.7545426557627
Moldova,MDA,2022,84.8455071068063
Moldova,MDA,2021,83.5549113259395
Moldova,MDA,2020,82.3784003038442
Moldova,MDA,2019,84.9353845873866
Moldova,MDA,2018,85.1810745994007
Moldova,MDA,2017,86.8631721339315
Moldova,MDA,2016,86.9078076657934
Moldova,MDA,2015,87.5910464516646
Moldova,MDA,2014,93.4818629647981
Moldova,MDA,2013,91.2577363541893
Monaco,MCO,2023,
Monaco,MCO,2022,
Monaco,MCO,2021,
Monaco,MCO,2020,
Monaco,MCO,2019,
Monaco,MCO,2018,
Monaco,MCO,2017,
Monaco,MCO,2016,
Monaco,MCO,2015,
Monaco,MCO,2014,
Monaco,MCO,2013,
Mongolia,MNG,2023,44.522259164658
Mongolia,MNG,2022,51.860170398641
Mongolia,MNG,2021,53.002578410745
Mongolia,MNG,2020,60.4715806098484
Mongolia,MNG,2019,57.2622382408762
Mongolia,MNG,2018,57.9553963616272
Mongolia,MNG,2017,56.2644226888335
Mongolia,MNG,2016,60.7261438290346
Mongolia,MNG,2015,61.8999405343556
Mongolia,MNG,2014,56.6320068417376
Mongolia,MNG,2013,55.7986805428789
Montenegro,MNE,2023,75.0389480281434
Montenegro,MNE,2022,77.1187039591426
Montenegro,MNE,2021,73.9681714183319
Montenegro,MNE,2020,81.5973684138782
Montenegro,MNE,2019,71.6924289754885
Montenegro,MNE,2018,73.3827629396972
Montenegro,MNE,2017,75.6937431569601
Montenegro,MNE,2016,77.1146574558087
Montenegro,MNE,2015,78.474213868316
Montenegro,MNE,2014,80.2326378464831
Montenegro,MNE,2013,81.4163872834557
Morocco,MAR,2023,61.1337761519919
Morocco,MAR,2022,62.0821738246875
Morocco,MAR,2021,59.6010537670291
Morocco,MAR,2020,59.0736301028133
Morocco,MAR,2019,59.038130849564
Morocco,MAR,2018,59.4626839697901
Morocco,MAR,2017,59.3203904621397
Morocco,MAR,2016,59.3337531037268
Morocco,MAR,2015,58.9633426365735
Morocco,MAR,2014,61.7482180908958
Morocco,MAR,2013,55.3165067627079
Mozambique,MOZ,2023,78.0590192207121
Mozambique,MOZ,2022,75.9203415617633
Mozambique,MOZ,2021,72.2787396822982
Mozambique,MOZ,2020,68.8638826585085
Mozambique,MOZ,2019,67.8857426439293
Mozambique,MOZ,2018,65.8374777856973
Mozambique,MOZ,2017,66.8896417651083
Mozambique,MOZ,2016,67.2756260975085
Mozambique,MOZ,2015,65.8561193103582
Mozambique,MOZ,2014,71.0508307506649
Mozambique,MOZ,2013,73.842356292827
Myanmar,MMR,2023,
Myanmar,MMR,2022,
Myanmar,MMR,2021,
Myanmar,MMR,2020,
Myanmar,MMR,2019,
Myanmar,MMR,2018,
Myanmar,MMR,2017,
Myanmar,MMR,2016,
Myanmar,MMR,2015,
Myanmar,MMR,2014,
Myanmar,MMR,2013,
Namibia,NAM,2023,73.3317869660585
Namibia,NAM,2022,75.3644341458758
Namibia,NAM,2021,77.0659110976081
Namibia,NAM,2020,69.1640414150833
Namibia,NAM,2019,69.2156734287834
Namibia,NAM,2018,69.6645691524779
Namibia,NAM,2017,70.6073213179798
Namibia,NAM,2016,74.9297858681961
Namibia,NAM,2015,68.7121401100808
Namibia,NAM,2014,62.542355759234
Namibia,NAM,2013,65.3852452630354
Naoero,NRU,2023,
Naoero,NRU,2022,
Naoero,NRU,2021,
Naoero,NRU,2020,
Naoero,NRU,2019,
Naoero,NRU,2018,
Naoero,NRU,2017,
Naoero,NRU,2016,
Naoero,NRU,2015,
Naoero,NRU,2014,
Naoero,NRU,2013,
Nepal,NPL,2023,86.1538474700673
Nepal,NPL,2022,85.0037266352837
Nepal,NPL,2021,85.373141986898
Nepal,NPL,2020,85.212910457527
Nepal,NPL,2019,76.5794975017454
Nepal,NPL,2018,77.146851612348
Nepal,NPL,2017,78.4967065298139
Nepal,NPL,2016,88.4311225947623
Nepal,NPL,2015,83.5627331168733
Nepal,NPL,2014,82.634141325728
Nepal,NPL,2013,84.2866955119852
Netherlands,NLD,2023,44.853651870763
Netherlands,NLD,2022,44.0167233503049
Netherlands,NLD,2021,42.670293309405
Netherlands,NLD,2020,42.7089776266653
Netherlands,NLD,2019,43.9009987140969
Netherlands,NLD,2018,44.7494071306904
Netherlands,NLD,2017,44.9035174286586
Netherlands,NLD,2016,44.8636789669178
Netherlands,NLD,2015,45.3126899560196
Netherlands,NLD,2014,45.6303683761477
Netherlands,NLD,2013,45.8012491604902
New Caledonia,NCL,2023,61.9082904081633
New Caledonia,NCL,2022,60.8711099358974
New Caledonia,NCL,2021,63.7665308759843
New Caledonia,NCL,2020,64.5376799292929
New Caledonia,NCL,2019,63.769864990099
New Caledonia,NCL,2018,64.087128
New Caledonia,NCL,2017,65.6068675232153
New Caledonia,NCL,2016,65.7971566117495
New Caledonia,NCL,2015,65.3516304151212
New Caledonia,NCL,2014,62.7524770094788
New Caledonia,NCL,2013,63.9230833326024
New Zealand,NZL,2023,57.4614656814017
New Zealand,NZL,2022,57.617573801792
New Zealand,NZL,2021,57.4615236656287
New Zealand,NZL,2020,56.8471100383342
New Zealand,NZL,2019,57.0815079102526
New Zealand,NZL,2018,57.7116265085834
New Zealand,NZL,2017,57.3069342350121
New Zealand,NZL,2016,57.7813795008748
New Zealand,NZL,2015,57.1986111274216
New Zealand,NZL,2014,57.2847041187396
New Zealand,NZL,2013,57.4120203746811
Nicaragua,NIC,2023,78.244401106806
Nicaragua,NIC,2022,79.9787760038462
Nicaragua,NIC,2021,74.1377803005668
Nicaragua,NIC,2020,69.7275820493594
Nicaragua,NIC,2019,71.3891871511986
Nicaragua,NIC,2018,70.5532202294333
Nicaragua,NIC,2017,69.3767711078122
Nicaragua,NIC,2016,70.3884558968472
Nicaragua,NIC,2015,70.4976722221046
Nicaragua,NIC,2014,73.5231277492308
Nicaragua,NIC,2013,75.8887956642214
Niger,NER,2023,71.7243827699353
Niger,NER,2022,68.339650578105
Niger,NER,2021,69.2889394030879
Niger,NER,2020,68.2338336734859
Niger,NER,2019,66.7837544156102
Niger,NER,2018,67.4060953678079
Niger,NER,2017,69.5332639117863
Niger,NER,2016,67.8773877231265
Niger,NER,2015,67.3363066127112
Niger,NER,2014,64.8006859889277
Niger,NER,2013,67.3283173906595
Nigeria,NGA,2023,
Nigeria,NGA,2022,
Nigeria,NGA,2021,
Nigeria,NGA,2020,
Nigeria,NGA,2019,
Nigeria,NGA,2018,
Nigeria,NGA,2017,
Nigeria,NGA,2016,
Nigeria,NGA,2015,
Nigeria,NGA,2014,
Nigeria,NGA,2013,
North Macedonia,MKD,2023,68.4380818717181
North Macedonia,MKD,2022,69.5378171854858
North Macedonia,MKD,2021,67.7820808971204
North Macedonia,MKD,2020,66.0420153000239
North Macedonia,MKD,2019,65.5025458976184
North Macedonia,MKD,2018,65.852547671431
North Macedonia,MKD,2017,66.6521599855041
North Macedonia,MKD,2016,66.9181818946023
North Macedonia,MKD,2015,68.8425165577132
North Macedonia,MKD,2014,69.8046551472525
North Macedonia,MKD,2013,71.7516353152378
Northern Mariana Islands,MNP,2023,
Northern Mariana Islands,MNP,2022,66.2408759124088
Northern Mariana Islands,MNP,2021,78.4463894967177
Northern Mariana Islands,MNP,2020,73.5565819861432
Northern Mariana Islands,MNP,2019,57.930449533503
Northern Mariana Islands,MNP,2018,52.1137586471945
Northern Mariana Islands,MNP,2017,41.9230769230769
Northern Mariana Islands,MNP,2016,46.4227642276423
Northern Mariana Islands,MNP,2015,58.1318681318681
Northern Mariana Islands,MNP,2014,63.1009615384615
Northern Mariana Islands,MNP,2013,63.4715025906736
Norway,NOR,2023,39.7942385512512
Norway,NOR,2022,34.142073298641
Norway,NOR,2021,40.2724084957919
Norway,NOR,2020,46.3070949142955
Norway,NOR,2019,46.1951247604367
Norway,NOR,2018,45.0895388190895
Norway,NOR,2017,46.4344692596072
Norway,NOR,2016,47.3764949903497
Norway,NOR,2015,45.1119337505954
Norway,NOR,2014,42.4712959447927
Norway,NOR,2013,41.5202013565157
Oman,OMN,2023,37.7687128385634
Oman,OMN,2022,34.271421265957
Oman,OMN,2021,39.2869907076483
Oman,OMN,2020,44.077198223879
Oman,OMN,2019,37.5186801892532
Oman,OMN,2018,34.8033196907685
Oman,OMN,2017,39.1506429844256
Oman,OMN,2016,38.0132931768616
Oman,OMN,2015,36.0636129036522
Oman,OMN,2014,29.1612892365358
Oman,OMN,2013,29.2289852054921
Pakistan,PAK,2023,83.1673509471454
Pakistan,PAK,2022,85.897745120501
Pakistan,PAK,2021,83.4629608070746
Pakistan,PAK,2020,81.514821298866
Pakistan,PAK,2019,83.874452400671
Pakistan,PAK,2018,82.4005402771792
Pakistan,PAK,2017,81.942181613503
Pakistan,PAK,2016,80.6834433457991
Pakistan,PAK,2015,81.1391513902295
Pakistan,PAK,2014,82.1449510003724
Pakistan,PAK,2013,81.2930911431849
Palau,PLW,2023,81.1015125613644
Palau,PLW,2022,87.3180065533947
Palau,PLW,2021,83.1404917155538
Palau,PLW,2020,79.1944009974
Palau,PLW,2019,73.4501727232102
Palau,PLW,2018,73.7207164415106
Palau,PLW,2017,72.3762513770981
Palau,PLW,2016,68.3086892037407
Palau,PLW,2015,68.8244936221146
Palau,PLW,2014,74.4679642568003
Palau,PLW,2013,74.9856044345427
Panama,PAN,2023,47.3336664656012
Panama,PAN,2022,48.8040170396686
Panama,PAN,2021,51.8774127265046
Panama,PAN,2020,57.4700091420681
Panama,PAN,2019,50.8079911880411
Panama,PAN,2018,49.2579569441245
Panama,PAN,2017,48.7198884098569
Panama,PAN,2016,50.139878930488
Panama,PAN,2015,49.6792759792643
Panama,PAN,2014,52.0001426329562
Panama,PAN,2013,50.6131981628387
Papua New Guinea,PNG,2023,
Papua New Guinea,PNG,2022,
Papua New Guinea,PNG,2021,
Papua New Guinea,PNG,2020,
Papua New Guinea,PNG,2019,
Papua New Guinea,PNG,2018,
Papua New Guinea,PNG,2017,
Papua New Guinea,PNG,2016,
Papua New Guinea,PNG,2015,
Papua New Guinea,PNG,2014,
Papua New Guinea,PNG,2013,
Paraguay,PRY,2023,65.9070672396059
Paraguay,PRY,2022,65.6283241880852
Paraguay,PRY,2021,62.7776094922627
Paraguay,PRY,2020,63.5330303169111
Paraguay,PRY,2019,65.4159995196382
Paraguay,PRY,2018,64.0604574609142
Paraguay,PRY,2017,63.033843642592
Paraguay,PRY,2016,62.3036847942128
Paraguay,PRY,2015,63.763890664478
Paraguay,PRY,2014,63.9472489944122
Paraguay,PRY,2013,62.6258065705647
Peru,PER,2023,63.4834803112098
Peru,PER,2022,63.8872118173171
Peru,PER,2021,60.9042307994368
Peru,PER,2020,64.2137189859571
Peru,PER,2019,64.7873183688896
Peru,PER,2018,63.8584831899922
Peru,PER,2017,64.1497175100183
Peru,PER,2016,65.0032115219526
Peru,PER,2015,65.3174303790767
Peru,PER,2014,64.5709694565829
Peru,PER,2013,63.0954308295741
Philippines,PHL,2023,76.5188442185196
Philippines,PHL,2022,75.9253446220672
Philippines,PHL,2021,75.2606081244155
Philippines,PHL,2020,75.0690480661858
Philippines,PHL,2019,73.2064393386947
Philippines,PHL,2018,72.5428218589264
Philippines,PHL,2017,72.1816478637188
Philippines,PHL,2016,72.553588372861
Philippines,PHL,2015,72.472888094034
Philippines,PHL,2014,71.2740205854372
Philippines,PHL,2013,72.0107624878984
Poland,POL,2023,57.645711588587
Poland,POL,2022,58.1377041778867
Poland,POL,2021,56.4645063456268
Poland,POL,2020,56.7147528745288
Poland,POL,2019,57.8292592382912
Poland,POL,2018,59.0637771601337
Poland,POL,2017,59.7058546620754
Poland,POL,2016,59.1441938733949
Poland,POL,2015,59.2254266773654
Poland,POL,2014,60.5273698459523
Poland,POL,2013,61.4240844857147
Portugal,PRT,2023,61.6276162152158
Portugal,PRT,2022,63.6240350895157
Portugal,PRT,2021,63.3082045857722
Portugal,PRT,2020,63.6946456050522
Portugal,PRT,2019,63.7502121020666
Portugal,PRT,2018,63.895160044911
Portugal,PRT,2017,64.2728803220735
Portugal,PRT,2016,65.1935039707347
Portugal,PRT,2015,65.4709579083284
Portugal,PRT,2014,66.1334179418505
Portugal,PRT,2013,65.414642718013
Puerto Rico (US),PRI,2023,77.9578588250771
Puerto Rico (US),PRI,2022,76.7686749464397
Puerto Rico (US),PRI,2021,75.0305844591484
Puerto Rico (US),PRI,2020,63.4820407850605
Puerto Rico (US),PRI,2019,65.4058352611713
Puerto Rico (US),PRI,2018,64.5387541960477
Puerto Rico (US),PRI,2017,60.3736266923162
Puerto Rico (US),PRI,2016,58.4448233459559
Puerto Rico (US),PRI,2015,59.6277647992029
Puerto Rico (US),PRI,2014,60.4216083040984
Puerto Rico (US),PRI,2013,60.983504148365
Qatar,QAT,2023,
Qatar,QAT,2022,19.4968804131442
Qatar,QAT,2021,21.8766176231952
Qatar,QAT,2020,25.9767821998352
Qatar,QAT,2019,23.4696605624887
Qatar,QAT,2018,22.0554916546635
Qatar,QAT,2017,24.6965151974334
Qatar,QAT,2016,25.0895287337376
Qatar,QAT,2015,22.2901929401077
Qatar,QAT,2014,15.7809126901424
Qatar,QAT,2013,14.5638923819704
Romania,ROU,2023,61.4764148268734
Romania,ROU,2022,63.2053510412916
Romania,ROU,2021,61.4530890576969
Romania,ROU,2020,61.2129997187987
Romania,ROU,2019,62.2702432795089
Romania,ROU,2018,63.7391123144534
Romania,ROU,2017,62.803224816309
Romania,ROU,2016,62.0862296113792
Romania,ROU,2015,61.3847813328101
Romania,ROU,2014,61.01766319582
Romania,ROU,2013,61.3725195287144
Russian Federation,RUS,2023,49.7330152693938
Russian Federation,RUS,2022,47.088180691043
Russian Federation,RUS,2021,50.3201769531677
Russian Federation,RUS,2020,51.4957072435794
Russian Federation,RUS,2019,51.5990121186078
Russian Federation,RUS,2018,50.3659192946004
Russian Federation,RUS,2017,52.8711978676701
Russian Federation,RUS,2016,53.2478120353532
Russian Federation,RUS,2015,52.6798287104904
Russian Federation,RUS,2014,53.7630013918765
Russian Federation,RUS,2013,53.1656201146252
Rwanda,RWA,2023,64.6313021140046
Rwanda,RWA,2022,62.3360510680723
Rwanda,RWA,2021,67.5131145192783
Rwanda,RWA,2020,73.8042527747151
Rwanda,RWA,2019,68.457828634959
Rwanda,RWA,2018,72.8781865433628
Rwanda,RWA,2017,73.4799567660875
Rwanda,RWA,2016,77.4226792094939
Rwanda,RWA,2015,80.4298840648507
Rwanda,RWA,2014,78.3533737050081
Rwanda,RWA,2013,78.1489952523008
Samoa,WSM,2023,81.991633519659
Samoa,WSM,2022,86.7404094900443
Samoa,WSM,2021,80.4329032691855
Samoa,WSM,2020,72.2024737743048
Samoa,WSM,2019,66.9216683497283
Samoa,WSM,2018,67.5577460023124
Samoa,WSM,2017,69.2991433258372
Samoa,WSM,2016,67.445862321015
Samoa,WSM,2015,69.2243342243094
Samoa,WSM,2014,73.409761742713
Samoa,WSM,2013,76.6187557544172
San Marino,SMR,2023,38.2657625066891
San Marino,SMR,2022,35.4868856798113
San Marino,SMR,2021,33.1343226115558
San Marino,SMR,2020,36.2750985872002
San Marino,SMR,2019,35.7255322871534
San Marino,SMR,2018,36.2724982535602
San Marino,SMR,2017,37.3064978528891
San Marino,SMR,2016,38.5439250617399
San Marino,SMR,2015,40.3819118338498
San Marino,SMR,2014,
San Marino,SMR,2013,
Sao Tome and Principe,STP,2023,101.0147735059
Sao Tome and Principe,STP,2022,104.26866898826
Sao Tome and Principe,STP,2021,102.991927738514
Sao Tome and Principe,STP,2020,101.44650668921
Sao Tome and Principe,STP,2019,108.749691126518
Sao Tome and Principe,STP,2018,109.333795549413
Sao Tome and Principe,STP,2017,108.93958178062
Sao Tome and Principe,STP,2016,104.622468496484
Sao Tome and Principe,STP,2015,108.022278894838
Sao Tome and Principe,STP,2014,118.771348510382
Sao Tome and Principe,STP,2013,112.089372432318
Saudi Arabia,SAU,2023,43.5890769905112
Saudi Arabia,SAU,2022,39.1990843924028
Saudi Arabia,SAU,2021,44.5563733199022
Saudi Arabia,SAU,2020,49.2265654380122
Saudi Arabia,SAU,2019,44.2463680550847
Saudi Arabia,SAU,2018,42.5188397584324
Saudi Arabia,SAU,2017,45.9507120789367
Saudi Arabia,SAU,2016,46.6801274219494
Saudi Arabia,SAU,2015,42.8763713781158
Saudi Arabia,SAU,2014,33.6804294564988
Saudi Arabia,SAU,2013,30.8504446778614
Senegal,SEN,2023,67.2594540049312
Senegal,SEN,2022,65.9378979026352
Senegal,SEN,2021,66.5813037694025
Senegal,SEN,2020,68.732561252516
Senegal,SEN,2019,68.2966738981842
Senegal,SEN,2018,69.4590847883465
Senegal,SEN,2017,70.4592731619043
Senegal,SEN,2016,71.593498978499
Senegal,SEN,2015,72.6233626583814
Senegal,SEN,2014,74.2705272071037
Senegal,SEN,2013,77.2612159430377
Serbia,SRB,2023,62.5999736785656
Serbia,SRB,2022,65.7000027935137
Serbia,SRB,2021,63.9515655660624
Serbia,SRB,2020,64.6330898951998
Serbia,SRB,2019,66.3634752708796
Serbia,SRB,2018,67.7283925711108
Serbia,SRB,2017,69.2440066065671
Serbia,SRB,2016,69.1287305780773
Serbia,SRB,2015,69.9858383982251
Serbia,SRB,2014,71.4037512079492
Serbia,SRB,2013,70.6509176008755
Seychelles,SYC,2023,63.948523044578
Seychelles,SYC,2022,71.0128089966368
Seychelles,SYC,2021,80.9302329814135
Seychelles,SYC,2020,72.6918685794318
Seychelles,SYC,2019,64.4255806862556
Seychelles,SYC,2018,66.7421993307673
Seychelles,SYC,2017,63.4920710796687
Seychelles,SYC,2016,62.6665236017317
Seychelles,SYC,2015,58.135954891048
Seychelles,SYC,2014,64.0368131373494
Seychelles,SYC,2013,42.1087802232108
Sierra Leone,SLE,2023,88.1540051756579
Sierra Leone,SLE,2022,89.9325554065284
Sierra Leone,SLE,2021,88.87696824154
Sierra Leone,SLE,2020,87.7342429265945
Sierra Leone,SLE,2019,95.1184219484511
Sierra Leone,SLE,2018,92.7694092017389
Sierra Leone,SLE,2017,80.0135780220492
Sierra Leone,SLE,2016,84.3124615304359
Sierra Leone,SLE,2015,90.7144795358928
Sierra Leone,SLE,2014,90.1552829907348
Sierra Leone,SLE,2013,95.7859628648781
Singapore,SGP,2023,31.5131162969589
Singapore,SGP,2022,28.0991081591519
Singapore,SGP,2021,28.7802404556001
Singapore,SGP,2020,32.1474323259087
Singapore,SGP,2019,35.8453938812817
Singapore,SGP,2018,34.6144914073386
Singapore,SGP,2017,35.184722354654
Singapore,SGP,2016,36.3367540454155
Singapore,SGP,2015,37.1580806061532
Singapore,SGP,2014,37.5843813189642
Singapore,SGP,2013,37.3334601292955
Sint Maarten (Dutch part),SXM,2023,
Sint Maarten (Dutch part),SXM,2022,
Sint Maarten (Dutch part),SXM,2021,
Sint Maarten (Dutch part),SXM,2020,
Sint Maarten (Dutch part),SXM,2019,
Sint Maarten (Dutch part),SXM,2018,
Sint Maarten (Dutch part),SXM,2017,
Sint Maarten (Dutch part),SXM,2016,
Sint Maarten (Dutch part),SXM,2015,
Sint Maarten (Dutch part),SXM,2014,
Sint Maarten (Dutch part),SXM,2013,
Slovak Republic,SVK,2023,58.3523512608171
Slovak Republic,SVK,2022,61.3623946076927
Slovak Republic,SVK,2021,56.5856857106597
Slovak Republic,SVK,2020,57.4690955843647
Slovak Republic,SVK,2019,55.892106023678
Slovak Republic,SVK,2018,55.6531369612899
Slovak Republic,SVK,2017,55.7446866109458
Slovak Republic,SVK,2016,54.1872379744507
Slovak Republic,SVK,2015,53.2574356769091
Slovak Republic,SVK,2014,54.2467689711516
Slovak Republic,SVK,2013,54.3445424132799
Slovenia,SVN,2023,51.5597562454637
Slovenia,SVN,2022,53.955076002136
Slovenia,SVN,2021,51.7658200524569
Slovenia,SVN,2020,50.0969100573381
Slovenia,SVN,2019,52.0159353925852
Slovenia,SVN,2018,51.5065812027007
Slovenia,SVN,2017,52.0744400801793
Slovenia,SVN,2016,53.2958223364291
Slovenia,SVN,2015,53.4691725500028
Slovenia,SVN,2014,54.3717939998017
Slovenia,SVN,2013,55.6314071866563
Solomon Islands,SLB,2023,77.0464533879558
Solomon Islands,SLB,2022,70.8100269521057
Solomon Islands,SLB,2021,64.3842791427853
Solomon Islands,SLB,2020,62.9118651876482
Solomon Islands,SLB,2019,59.7171009296111
Solomon Islands,SLB,2018,59.2935320115403
Solomon Islands,SLB,2017,60.4285141849676
Solomon Islands,SLB,2016,62.7764111640871
Solomon Islands,SLB,2015,63.4495116088033
Solomon Islands,SLB,2014,63.8744102563613
Solomon Islands,SLB,2013,61.8287767881155
"Somalia, Fed. Rep.",SOM,2023,128.47234896879
"Somalia, Fed. Rep.",SOM,2022,124.306576497109
"Somalia, Fed. Rep.",SOM,2021,121.680902667932
"Somalia, Fed. Rep.",SOM,2020,125.486787204451
"Somalia, Fed. Rep.",SOM,2019,121.973197781885
"Somalia, Fed. Rep.",SOM,2018,123.002667344087
"Somalia, Fed. Rep.",SOM,2017,122.382721213065
"Somalia, Fed. Rep.",SOM,2016,123.336352102986
"Somalia, Fed. Rep.",SOM,2015,124.266124336977
"Somalia, Fed. Rep.",SOM,2014,124.394532649681
"Somalia, Fed. Rep.",SOM,2013,126.375094768143
South Africa,ZAF,2023,64.1944347048698
South Africa,ZAF,2022,63.4205775637954
South Africa,ZAF,2021,61.8239568393031
South Africa,ZAF,2020,62.6419507722583
South Africa,ZAF,2019,64.0928641797245
South Africa,ZAF,2018,63.9686622119852
South Africa,ZAF,2017,63.0089707732236
South Africa,ZAF,2016,63.2810689700761
South Africa,ZAF,2015,63.6811239874379
South Africa,ZAF,2014,63.6963101332591
South Africa,ZAF,2013,63.8663333377077
South Sudan,SSD,2023,
South Sudan,SSD,2022,
South Sudan,SSD,2021,
South Sudan,SSD,2020,
South Sudan,SSD,2019,
South Sudan,SSD,2018,
South Sudan,SSD,2017,
South Sudan,SSD,2016,
South Sudan,SSD,2015,
South Sudan,SSD,2014,
South Sudan,SSD,2013,
Spain,ESP,2023,55.41985670611
Spain,ESP,2022,56.386355327529
Spain,ESP,2021,56.1370777531539
Spain,ESP,2020,56.1119504363212
Spain,ESP,2019,57.4315431798422
Spain,ESP,2018,58.1029402545295
Spain,ESP,2017,58.3570935297054
Spain,ESP,2016,58.1082970381142
Spain,ESP,2015,58.3568206403756
Spain,ESP,2014,59.3308237459202
Spain,ESP,2013,58.9989587111418
Sri Lanka,LKA,2023,71.1272799909202
Sri Lanka,LKA,2022,69.0616940824884
Sri Lanka,LKA,2021,61.2014380357811
Sri Lanka,LKA,2020,62.9048075378761
Sri Lanka,LKA,2019,62.6971972384621
Sri Lanka,LKA,2018,60.2509678526088
Sri Lanka,LKA,2017,59.1121511174684
Sri Lanka,LKA,2016,62.2001360391004
Sri Lanka,LKA,2015,63.9447482778353
Sri Lanka,LKA,2014,
Sri Lanka,LKA,2013,
St. Kitts and Nevis,KNA,2023,
St. Kitts and Nevis,KNA,2022,
St. Kitts and Nevis,KNA,2021,
St. Kitts and Nevis,KNA,2020,
St. Kitts and Nevis,KNA,2019,
St. Kitts and Nevis,KNA,2018,
St. Kitts and Nevis,KNA,2017,
St. Kitts and Nevis,KNA,2016,
St. Kitts and Nevis,KNA,2015,
St. Kitts and Nevis,KNA,2014,
St. Kitts and Nevis,KNA,2013,
St. Lucia,LCA,2023,
St. Lucia,LCA,2022,
St. Lucia,LCA,2021,
St. Lucia,LCA,2020,
St. Lucia,LCA,2019,
St. Lucia,LCA,2018,
St. Lucia,LCA,2017,
St. Lucia,LCA,2016,
St. Lucia,LCA,2015,
St. Lucia,LCA,2014,
St. Lucia,LCA,2013,
St. Martin (French part),MAF,2023,
St. Martin (French part),MAF,2022,
St. Martin (French part),MAF,2021,
St. Martin (French part),MAF,2020,
St. Martin (French part),MAF,2019,
St. Martin (French part),MAF,2018,
St. Martin (French part),MAF,2017,
St. Martin (French part),MAF,2016,
St. Martin (French part),MAF,2015,
St. Martin (French part),MAF,2014,
St. Martin (French part),MAF,2013,
St. Vincent and the Grenadines,VCT,2023,
St. Vincent and the Grenadines,VCT,2022,
St. Vincent and the Grenadines,VCT,2021,
St. Vincent and the Grenadines,VCT,2020,
St. Vincent and the Grenadines,VCT,2019,
St. Vincent and the Grenadines,VCT,2018,
St. Vincent and the Grenadines,VCT,2017,
St. Vincent and the Grenadines,VCT,2016,
St. Vincent and the Grenadines,VCT,2015,
St. Vincent and the Grenadines,VCT,2014,
St. Vincent and the Grenadines,VCT,2013,
Sudan,SDN,2023,80.6600440228371
Sudan,SDN,2022,79.5257298839862
Sudan,SDN,2021,85.2061525750094
Sudan,SDN,2020,79.4725433816095
Sudan,SDN,2019,88.424717015275
Sudan,SDN,2018,90.0148745525661
Sudan,SDN,2017,82.5146164933155
Sudan,SDN,2016,85.0539374396635
Sudan,SDN,2015,85.3129743531689
Sudan,SDN,2014,86.1595660480174
Sudan,SDN,2013,81.0802295036657
Suriname,SUR,2023,
Suriname,SUR,2022,
Suriname,SUR,2021,
Suriname,SUR,2020,
Suriname,SUR,2019,
Suriname,SUR,2018,
Suriname,SUR,2017,
Suriname,SUR,2016,
Suriname,SUR,2015,
Suriname,SUR,2014,
Suriname,SUR,2013,
Sweden,SWE,2023,45.5477425642423
Sweden,SWE,2022,45.8244296529735
Sweden,SWE,2021,44.8437176988276
Sweden,SWE,2020,44.8748068715333
Sweden,SWE,2019,45.8102371020568
Sweden,SWE,2018,46.8004036136017
Sweden,SWE,2017,46.7851511459605
Sweden,SWE,2016,46.7249028581081
Sweden,SWE,2015,47.0648575161619
Sweden,SWE,2014,47.7343701512691
Sweden,SWE,2013,47.9271091328828
Switzerland,CHE,2023,48.8039743031577
Switzerland,CHE,2022,48.2320281426281
Switzerland,CHE,2021,47.9597055473124
Switzerland,CHE,2020,50.6431245233689
Switzerland,CHE,2019,51.2439952082095
Switzerland,CHE,2018,51.2477061779638
Switzerland,CHE,2017,52.7102005029442
Switzerland,CHE,2016,52.1379250352005
Switzerland,CHE,2015,52.228017737933
Switzerland,CHE,2014,51.8312753392306
Switzerland,CHE,2013,52.4305081293502
Syrian Arab Republic,SYR,2023,
Syrian Arab Republic,SYR,2022,114.244679031747
Syrian Arab Republic,SYR,2021,77.5627521584756
Syrian Arab Republic,SYR,2020,89.6212524840281
Syrian Arab Republic,SYR,2019,93.2207293026889
Syrian Arab Republic,SYR,2018,95.8314711322859
Syrian Arab Republic,SYR,2017,96.909494556896
Syrian Arab Republic,SYR,2016,99.1423916103995
Syrian Arab Republic,SYR,2015,92.816933589576
Syrian Arab Republic,SYR,2014,112.3726374579
Syrian Arab Republic,SYR,2013,95.5785424442554
Tajikistan,TJK,2023,89.5803805028083
Tajikistan,TJK,2022,87.6355645586415
Tajikistan,TJK,2021,80.3688896407961
Tajikistan,TJK,2020,77.5972119492653
Tajikistan,TJK,2019,76.2417551302114
Tajikistan,TJK,2018,76.4148766099252
Tajikistan,TJK,2017,80.4394553832353
Tajikistan,TJK,2016,79.7002389109021
Tajikistan,TJK,2015,71.2345373868625
Tajikistan,TJK,2014,103.169082168551
Tajikistan,TJK,2013,116.618054071781
Tanzania,TZA,2023,54.1194004566407
Tanzania,TZA,2022,54.8637384667427
Tanzania,TZA,2021,54.0374778013064
Tanzania,TZA,2020,54.5601789204022
Tanzania,TZA,2019,58.6591810228166
Tanzania,TZA,2018,59.8781752253128
Tanzania,TZA,2017,59.8860323121369
Tanzania,TZA,2016,59.9258436230241
Tanzania,TZA,2015,63.8618707070966
Tanzania,TZA,2014,65.5501372049915
Tanzania,TZA,2013,66.9263826478086
Thailand,THA,2023,57.2462581274467
Thailand,THA,2022,54.584768083316
Thailand,THA,2021,52.2546377299075
Thailand,THA,2020,53.0674257638239
Thailand,THA,2019,49.7738077658505
Thailand,THA,2018,48.8885134819444
Thailand,THA,2017,48.9308632429498
Thailand,THA,2016,50.009454887848
Thailand,THA,2015,51.3447030883008
Thailand,THA,2014,52.5962139645468
Thailand,THA,2013,52.5522490704334
Timor-Leste,TLS,2023,70.0492343566145
Timor-Leste,TLS,2022,42.6818937443712
Timor-Leste,TLS,2021,30.2401476315621
Timor-Leste,TLS,2020,50.4737172406497
Timor-Leste,TLS,2019,54.1869761261517
Timor-Leste,TLS,2018,66.3531789371721
Timor-Leste,TLS,2017,62.9995903786688
Timor-Leste,TLS,2016,58.540940170242
Timor-Leste,TLS,2015,58.0835076839183
Timor-Leste,TLS,2014,64.7785905309937
Timor-Leste,TLS,2013,64.3393473539317
Togo,TGO,2023,75.0335545435124
Togo,TGO,2022,74.5121037937934
Togo,TGO,2021,75.8361083448377
Togo,TGO,2020,75.488035684654
Togo,TGO,2019,76.6763105523179
Togo,TGO,2018,76.5748640043562
Togo,TGO,2017,76.7898361266585
Togo,TGO,2016,77.3440383700298
Togo,TGO,2015,77.4936564968816
Togo,TGO,2014,78.1830720621805
Togo,TGO,2013,79.4002952123814
Tonga,TON,2023,99.8217898717853
Tonga,TON,2022,87.8973630871753
Tonga,TON,2021,84.4752339455137
Tonga,TON,2020,93.8872447072629
Tonga,TON,2019,96.8554135282429
Tonga,TON,2018,99.8147593806926
Tonga,TON,2017,96.0834367470786
Tonga,TON,2016,96.2869335491333
Tonga,TON,2015,100.658850901358
Tonga,TON,2014,98.3703034349388
Tonga,TON,2013,92.0589042213398
Trinidad and Tobago,TTO,2023,
Trinidad and Tobago,TTO,2022,
Trinidad and Tobago,TTO,2021,
Trinidad and Tobago,TTO,2020,
Trinidad and Tobago,TTO,2019,
Trinidad and Tobago,TTO,2018,
Trinidad and Tobago,TTO,2017,
Trinidad and Tobago,TTO,2016,
Trinidad and Tobago,TTO,2015,
Trinidad and Tobago,TTO,2014,
Trinidad and Tobago,TTO,2013,
Tunisia,TUN,2023,78.4233085649332
Tunisia,TUN,2022,76.4007902785696
Tunisia,TUN,2021,73.4207257462488
Tunisia,TUN,2020,74.0262305013887
Tunisia,TUN,2019,71.8119888459965
Tunisia,TUN,2018,71.5487385549473
Tunisia,TUN,2017,71.9485548197997
Tunisia,TUN,2016,71.3078083136297
Tunisia,TUN,2015,70.8042787370465
Tunisia,TUN,2014,69.0199331655442
Tunisia,TUN,2013,68.1977364559049
Turkiye,TUR,2023,54.0316865126121
Turkiye,TUR,2022,53.1963980335985
Turkiye,TUR,2021,52.0798808692358
Turkiye,TUR,2020,53.7237935856694
Turkiye,TUR,2019,53.7700191031226
Turkiye,TUR,2018,53.5164172897048
Turkiye,TUR,2017,56.1526953470055
Turkiye,TUR,2016,57.1746088383203
Turkiye,TUR,2015,57.749056241101
Turkiye,TUR,2014,57.8863269116081
Turkiye,TUR,2013,58.6305849123034
Turkmenistan,TKM,2023,
Turkmenistan,TKM,2022,
Turkmenistan,TKM,2021,
Turkmenistan,TKM,2020,
Turkmenistan,TKM,2019,
Turkmenistan,TKM,2018,
Turkmenistan,TKM,2017,
Turkmenistan,TKM,2016,
Turkmenistan,TKM,2015,
Turkmenistan,TKM,2014,
Turkmenistan,TKM,2013,
Turks and Caicos Islands,TCA,2023,
Turks and Caicos Islands,TCA,2022,
Turks and Caicos Islands,TCA,2021,
Turks and Caicos Islands,TCA,2020,
Turks and Caicos Islands,TCA,2019,
Turks and Caicos Islands,TCA,2018,
Turks and Caicos Islands,TCA,2017,
Turks and Caicos Islands,TCA,2016,
Turks and Caicos Islands,TCA,2015,
Turks and Caicos Islands,TCA,2014,
Turks and Caicos Islands,TCA,2013,
Tuvalu,TUV,2023,
Tuvalu,TUV,2022,
Tuvalu,TUV,2021,
Tuvalu,TUV,2020,
Tuvalu,TUV,2019,
Tuvalu,TUV,2018,
Tuvalu,TUV,2017,
Tuvalu,TUV,2016,
Tuvalu,TUV,2015,
Tuvalu,TUV,2014,
Tuvalu,TUV,2013,
Uganda,UGA,2023,71.6102539562648
Uganda,UGA,2022,70.9358321019399
Uganda,UGA,2021,72.1247087491034
Uganda,UGA,2020,71.2621730109862
Uganda,UGA,2019,71.174966735667
Uganda,UGA,2018,72.3025794423873
Uganda,UGA,2017,70.8913163726509
Uganda,UGA,2016,71.7830918386281
Uganda,UGA,2015,76.7507841773604
Uganda,UGA,2014,69.0258741056487
Uganda,UGA,2013,72.5566550243839
Ukraine,UKR,2023,60.982480132276
Ukraine,UKR,2022,64.5566406839019
Ukraine,UKR,2021,69.1116558172864
Ukraine,UKR,2020,73.2857637541787
Ukraine,UKR,2019,74.3769608654133
Ukraine,UKR,2018,69.3692557541467
Ukraine,UKR,2017,67.1369540125593
Ukraine,UKR,2016,66.5977604284791
Ukraine,UKR,2015,67.7537937304882
Ukraine,UKR,2014,71.4435870856347
Ukraine,UKR,2013,72.8831903705168
United Arab Emirates,ARE,2023,44.8717976608222
United Arab Emirates,ARE,2022,41.450507314949
United Arab Emirates,ARE,2021,40.1622876607242
United Arab Emirates,ARE,2020,45.3148275585663
United Arab Emirates,ARE,2019,37.7527140292245
United Arab Emirates,ARE,2018,36.7069175859513
United Arab Emirates,ARE,2017,39.5826622142102
United Arab Emirates,ARE,2016,40.5346781792791
United Arab Emirates,ARE,2015,40.2024858384618
United Arab Emirates,ARE,2014,34.9258672995743
United Arab Emirates,ARE,2013,31.9879550168891
United Kingdom,GBR,2023,62.0930656748653
United Kingdom,GBR,2022,62.1706976774822
United Kingdom,GBR,2021,59.1638781875201
United Kingdom,GBR,2020,58.6622707933281
United Kingdom,GBR,2019,63.2742422083649
United Kingdom,GBR,2018,64.0050765371791
United Kingdom,GBR,2017,63.6417603858819
United Kingdom,GBR,2016,64.0994036677799
United Kingdom,GBR,2015,63.5606239782242
United Kingdom,GBR,2014,63.6853849411167
United Kingdom,GBR,2013,64.1837220637291
United States,USA,2023,67.7170900098689
United States,USA,2022,67.8958936025688
United States,USA,2021,67.9420180146841
United States,USA,2020,66.5785539848576
United States,USA,2019,67.0267180353261
United States,USA,2018,67.4578520404893
United States,USA,2017,67.7674733692493
United States,USA,2016,67.6783189584552
United States,USA,2015,67.2174103782018
United States,USA,2014,67.4372838286479
United States,USA,2013,67.4631056101225
Uruguay,URY,2023,
Uruguay,URY,2022,
Uruguay,URY,2021,
Uruguay,URY,2020,
Uruguay,URY,2019,
Uruguay,URY,2018,
Uruguay,URY,2017,
Uruguay,URY,2016,
Uruguay,URY,2015,66.8313379123407
Uruguay,URY,2014,67.1030955325063
Uruguay,URY,2013,67.0047318393829
Uzbekistan,UZB,2023,64.0037857943122
Uzbekistan,UZB,2022,65.4088326163724
Uzbekistan,UZB,2021,62.8014925889247
Uzbekistan,UZB,2020,61.0217646879589
Uzbekistan,UZB,2019,62.7197718120273
Uzbekistan,UZB,2018,64.363929810258
Uzbekistan,UZB,2017,67.5886363369616
Uzbekistan,UZB,2016,72.0596973330372
Uzbekistan,UZB,2015,69.9359433237709
Uzbekistan,UZB,2014,68.20055952825
Uzbekistan,UZB,2013,68.5592390316374
Vanuatu,VUT,2023,80.5959497463292
Vanuatu,VUT,2022,97.5051177072671
Vanuatu,VUT,2021,105.773374985383
Vanuatu,VUT,2020,98.4828091457389
Vanuatu,VUT,2019,88.9313102451681
Vanuatu,VUT,2018,74.7110701592734
Vanuatu,VUT,2017,70.7559700175548
Vanuatu,VUT,2016,75.4154239454623
Vanuatu,VUT,2015,80.7176186645213
Vanuatu,VUT,2014,74.7035526809149
Vanuatu,VUT,2013,69.2598899819904
"Venezuela, RB",VEN,2023,
"Venezuela, RB",VEN,2022,
"Venezuela, RB",VEN,2021,
"Venezuela, RB",VEN,2020,
"Venezuela, RB",VEN,2019,
"Venezuela, RB",VEN,2018,
"Venezuela, RB",VEN,2017,
"Venezuela, RB",VEN,2016,
"Venezuela, RB",VEN,2015,
"Venezuela, RB",VEN,2014,
"Venezuela, RB",VEN,2013,
Viet Nam,VNM,2023,54.0157876916311
Viet Nam,VNM,2022,54.6792699463516
Viet Nam,VNM,2021,55.5190265024291
Viet Nam,VNM,2020,55.9670825232793
Viet Nam,VNM,2019,56.8280701127439
Viet Nam,VNM,2018,57.0768901085832
Viet Nam,VNM,2017,57.9979332096671
Viet Nam,VNM,2016,58.7370042916242
Viet Nam,VNM,2015,59.3326292973603
Viet Nam,VNM,2014,57.0171078816492
Viet Nam,VNM,2013,56.8839468445246
Virgin Islands (U.S.),VIR,2023,
Virgin Islands (U.S.),VIR,2022,68.9426369863014
Virgin Islands (U.S.),VIR,2021,65.4981140448192
Virgin Islands (U.S.),VIR,2020,65.5001182312603
Virgin Islands (U.S.),VIR,2019,69.2307692307692
Virgin Islands (U.S.),VIR,2018,67.7287789956666
Virgin Islands (U.S.),VIR,2017,67.9493937796521
Virgin Islands (U.S.),VIR,2016,67.9831490258031
Virgin Islands (U.S.),VIR,2015,69.99726999727
Virgin Islands (U.S.),VIR,2014,69.929873772791
Virgin Islands (U.S.),VIR,2013,67.2819689673622
West Bank and Gaza,PSE,2023,98.2597356601252
West Bank and Gaza,PSE,2022,99.8486864417834
West Bank and Gaza,PSE,2021,88.5101330829974
West Bank and Gaza,PSE,2020,88.7140493313675
West Bank and Gaza,PSE,2019,90.0452330230251
West Bank and Gaza,PSE,2018,88.8889571532138
West Bank and Gaza,PSE,2017,88.6768353174603
West Bank and Gaza,PSE,2016,87.8523115271268
West Bank and Gaza,PSE,2015,88.3763705591022
West Bank and Gaza,PSE,2014,89.179896638241
West Bank and Gaza,PSE,2013,87.8975990529392
"Yemen, Rep.",YEM,2023,
"Yemen, Rep.",YEM,2022,
"Yemen, Rep.",YEM,2021,
"Yemen, Rep.",YEM,2020,
"Yemen, Rep.",YEM,2019,
"Yemen, Rep.",YEM,2018,123.397766365069
"Yemen, Rep.",YEM,2017,115.517376526084
"Yemen, Rep.",YEM,2016,111.385568023844
"Yemen, Rep.",YEM,2015,99.9936775556122
"Yemen, Rep.",YEM,2014,86.5948822354924
"Yemen, Rep.",YEM,2013,86.5948822352364
Zambia,ZMB,2023,47.1051102997818
Zambia,ZMB,2022,35.580862908892
Zambia,ZMB,2021,35.9969558637374
Zambia,ZMB,2020,37.3081978875597
Zambia,ZMB,2019,42.1773491836957
Zambia,ZMB,2018,44.8978891375841
Zambia,ZMB,2017,39.9464699169956
Zambia,ZMB,2016,44.495103610399
Zambia,ZMB,2015,46.594826890463
Zambia,ZMB,2014,45.0178395479279
Zambia,ZMB,2013,47.2365007830517
Zimbabwe,ZWE,2023,84.0650763803385
Zimbabwe,ZWE,2022,87.226130588886
Zimbabwe,ZWE,2021,83.4195064724723
Zimbabwe,ZWE,2020,88.5249130738025
Zimbabwe,ZWE,2019,89.0609259323491
Zimbabwe,ZWE,2018,77.6996080345734
Zimbabwe,ZWE,2017,79.3586235699593
Zimbabwe,ZWE,2016,83.346911973929
Zimbabwe,ZWE,2015,89.5159776200668
Zimbabwe,ZWE,2014,83.6123144754044
Zimbabwe,ZWE,2013,87.0332316793843
