country_name,iso3,year,population_65_plus_pct
Africa Eastern and Southern,AFE,2023,3.28630347344117
Africa Eastern and Southern,AFE,2022,3.24611138116328
Africa Eastern and Southern,AFE,2021,3.21657276924908
Africa Eastern and Southern,AFE,2020,3.19216910200426
Africa Eastern and Southern,AFE,2019,3.15714194166587
Africa Eastern and Southern,AFE,2018,3.11392234821198
Africa Eastern and Southern,AFE,2017,3.07482831431294
Africa Eastern and Southern,AFE,2016,3.04497679911034
Africa Eastern and Southern,AFE,2015,3.0209800627081
Africa Eastern and Southern,AFE,2014,2.99814399760311
Africa Eastern and Southern,AFE,2013,2.97806604990712
Africa Western and Central,AFW,2023,2.96895662928781
Africa Western and Central,AFW,2022,2.94754068437062
Africa Western and Central,AFW,2021,2.93194580772786
Africa Western and Central,AFW,2020,2.92536123418002
Africa Western and Central,AFW,2019,2.92047830747963
Africa Western and Central,AFW,2018,2.91413874184351
Africa Western and Central,AFW,2017,2.91176535132795
Africa Western and Central,AFW,2016,2.91405528105407
Africa Western and Central,AFW,2015,2.92079691546882
Africa Western and Central,AFW,2014,2.93488977746012
Africa Western and Central,AFW,2013,2.95121400724175
Arab World,ARB,2023,4.51799054833208
Arab World,ARB,2022,4.41069032706453
Arab World,ARB,2021,4.33911374250505
Arab World,ARB,2020,4.27091079157564
Arab World,ARB,2019,4.18635530015928
Arab World,ARB,2018,4.08181680168791
Arab World,ARB,2017,3.98006156404198
Arab World,ARB,2016,3.89446274838379
Arab World,ARB,2015,3.83059579742831
Arab World,ARB,2014,3.78263821470733
Arab World,ARB,2013,3.73934774413113
Caribbean small states,CSS,2023,9.75896028061465
Caribbean small states,CSS,2022,9.43449632251654
Caribbean small states,CSS,2021,9.17445327180519
Caribbean small states,CSS,2020,8.91914289901916
Caribbean small states,CSS,2019,8.58725607336797
Caribbean small states,CSS,2018,8.31958057328657
Caribbean small states,CSS,2017,8.10305187983601
Caribbean small states,CSS,2016,7.83674531685472
Caribbean small states,CSS,2015,7.58577792619511
Caribbean small states,CSS,2014,7.36176079658229
Caribbean small states,CSS,2013,7.16820861454452
Central Europe and the Baltics,CEB,2023,20.1122831060333
Central Europe and the Baltics,CEB,2022,19.7761117469848
Central Europe and the Baltics,CEB,2021,19.4932880982539
Central Europe and the Baltics,CEB,2020,19.1544771086702
Central Europe and the Baltics,CEB,2019,18.722358234302
Central Europe and the Baltics,CEB,2018,18.2800559799574
Central Europe and the Baltics,CEB,2017,17.8458198355238
Central Europe and the Baltics,CEB,2016,17.4043072940577
Central Europe and the Baltics,CEB,2015,16.9582839213529
Central Europe and the Baltics,CEB,2014,16.5181965499473
Central Europe and the Baltics,CEB,2013,16.1142848068115
Early-demographic dividend,EAR,2023,6.435881129425
Early-demographic dividend,EAR,2022,6.25278968980683
Early-demographic dividend,EAR,2021,6.12221835341079
Early-demographic dividend,EAR,2020,6.01398211088033
Early-demographic dividend,EAR,2019,5.864005177427
Early-demographic dividend,EAR,2018,5.69913615423204
Early-demographic dividend,EAR,2017,5.54475878388619
Early-demographic dividend,EAR,2016,5.40309482717696
Early-demographic dividend,EAR,2015,5.27558314448739
Early-demographic dividend,EAR,2014,5.16178009242201
Early-demographic dividend,EAR,2013,5.06838765817358
East Asia & Pacific,EAS,2023,13.3144811454651
East Asia & Pacific,EAS,2022,12.8838089318196
East Asia & Pacific,EAS,2021,12.4454586174566
East Asia & Pacific,EAS,2020,12.0174427092946
East Asia & Pacific,EAS,2019,11.5700348569336
East Asia & Pacific,EAS,2018,11.1521030937395
East Asia & Pacific,EAS,2017,10.7446559848988
East Asia & Pacific,EAS,2016,10.3683064663002
East Asia & Pacific,EAS,2015,10.0220854398612
East Asia & Pacific,EAS,2014,9.70362215386653
East Asia & Pacific,EAS,2013,9.43265017626416
East Asia & Pacific (excluding high income),EAP,2023,12.1062032297019
East Asia & Pacific (excluding high income),EAP,2022,11.6696310043949
East Asia & Pacific (excluding high income),EAP,2021,11.2223955657688
East Asia & Pacific (excluding high income),EAP,2020,10.7947925566702
East Asia & Pacific (excluding high income),EAP,2019,10.3428213003312
East Asia & Pacific (excluding high income),EAP,2018,9.91773427622491
East Asia & Pacific (excluding high income),EAP,2017,9.50627733870643
East Asia & Pacific (excluding high income),EAP,2016,9.13242851633735
East Asia & Pacific (excluding high income),EAP,2015,8.79721135321095
East Asia & Pacific (excluding high income),EAP,2014,8.49866171539604
East Asia & Pacific (excluding high income),EAP,2013,8.2592065248502
East Asia & Pacific (IDA & IBRD countries),TEA,2023,12.1071107839636
East Asia & Pacific (IDA & IBRD countries),TEA,2022,11.6705251753208
East Asia & Pacific (IDA & IBRD countries),TEA,2021,11.2215846153508
East Asia & Pacific (IDA & IBRD countries),TEA,2020,10.7910688332222
East Asia & Pacific (IDA & IBRD countries),TEA,2019,10.3355012946524
East Asia & Pacific (IDA & IBRD countries),TEA,2018,9.90614100950201
East Asia & Pacific (IDA & IBRD countries),TEA,2017,9.48910208381052
East Asia & Pacific (IDA & IBRD countries),TEA,2016,9.10908567515978
East Asia & Pacific (IDA & IBRD countries),TEA,2015,8.7700911797787
East Asia & Pacific (IDA & IBRD countries),TEA,2014,8.47016506609675
East Asia & Pacific (IDA & IBRD countries),TEA,2013,8.22998142101645
Euro area,EMU,2023,22.0261614009252
Euro area,EMU,2022,21.6854483585582
Euro area,EMU,2021,21.3791048421306
Euro area,EMU,2020,21.0948378192214
Euro area,EMU,2019,20.8323254538495
Euro area,EMU,2018,20.5666168673956
Euro area,EMU,2017,20.3084505394967
Euro area,EMU,2016,20.0420589047602
Euro area,EMU,2015,19.7774547740558
Euro area,EMU,2014,19.4774358241096
Euro area,EMU,2013,19.1361999064235
Europe & Central Asia,ECS,2023,17.7472330127509
Europe & Central Asia,ECS,2022,17.392155122103
Europe & Central Asia,ECS,2021,17.1126387632902
Europe & Central Asia,ECS,2020,16.8661075827849
Europe & Central Asia,ECS,2019,16.5823237453976
Europe & Central Asia,ECS,2018,16.295448706113
Europe & Central Asia,ECS,2017,16.0327062910144
Europe & Central Asia,ECS,2016,15.7749090407692
Europe & Central Asia,ECS,2015,15.5288789904611
Europe & Central Asia,ECS,2014,15.2654030612894
Europe & Central Asia,ECS,2013,15.014417445391
Europe & Central Asia (excluding high income),ECA,2023,10.9406087219492
Europe & Central Asia (excluding high income),ECA,2022,10.7239445313079
Europe & Central Asia (excluding high income),ECA,2021,10.5592420462823
Europe & Central Asia (excluding high income),ECA,2020,10.3353027489307
Europe & Central Asia (excluding high income),ECA,2019,10.066107035901
Europe & Central Asia (excluding high income),ECA,2018,9.82005532586501
Europe & Central Asia (excluding high income),ECA,2017,9.61678050997266
Europe & Central Asia (excluding high income),ECA,2016,9.4228237958442
Europe & Central Asia (excluding high income),ECA,2015,9.25622880235829
Europe & Central Asia (excluding high income),ECA,2014,9.10949575906927
Europe & Central Asia (excluding high income),ECA,2013,9.02832279843496
Europe & Central Asia (IDA & IBRD countries),TEC,2023,14.0259056180904
Europe & Central Asia (IDA & IBRD countries),TEC,2022,13.6767953988062
Europe & Central Asia (IDA & IBRD countries),TEC,2021,13.4286821171973
Europe & Central Asia (IDA & IBRD countries),TEC,2020,13.1925631747915
Europe & Central Asia (IDA & IBRD countries),TEC,2019,12.8719799323058
Europe & Central Asia (IDA & IBRD countries),TEC,2018,12.5512517354736
Europe & Central Asia (IDA & IBRD countries),TEC,2017,12.2663261403509
Europe & Central Asia (IDA & IBRD countries),TEC,2016,11.9914871798939
Europe & Central Asia (IDA & IBRD countries),TEC,2015,11.7401261839188
Europe & Central Asia (IDA & IBRD countries),TEC,2014,11.4888044748327
Europe & Central Asia (IDA & IBRD countries),TEC,2013,11.3046580864847
European Union,EUU,2023,21.6126887723828
European Union,EUU,2022,21.2740097100551
European Union,EUU,2021,20.9721893046006
European Union,EUU,2020,20.672655758064
European Union,EUU,2019,20.3750307956607
European Union,EUU,2018,20.0764287832456
European Union,EUU,2017,19.7868737552614
European Union,EUU,2016,19.4904059703204
European Union,EUU,2015,19.1927508562703
European Union,EUU,2014,18.8656769773069
European Union,EUU,2013,18.5106176946398
Heavily indebted poor countries (HIPC),HPC,2023,3.00452589364219
Heavily indebted poor countries (HIPC),HPC,2022,2.97438045467887
Heavily indebted poor countries (HIPC),HPC,2021,2.9563590951609
Heavily indebted poor countries (HIPC),HPC,2020,2.94748813223161
Heavily indebted poor countries (HIPC),HPC,2019,2.93232036760168
Heavily indebted poor countries (HIPC),HPC,2018,2.91215159953632
Heavily indebted poor countries (HIPC),HPC,2017,2.89504575717288
Heavily indebted poor countries (HIPC),HPC,2016,2.88169739495304
Heavily indebted poor countries (HIPC),HPC,2015,2.87210039062261
Heavily indebted poor countries (HIPC),HPC,2014,2.86581125281955
Heavily indebted poor countries (HIPC),HPC,2013,2.86029247382968
High income,,2023,19.1994472750199
High income,,2022,18.8344831618254
High income,,2021,18.5204496350934
High income,,2020,18.1734750242783
High income,,2019,17.8438788251734
High income,,2018,17.5096041602067
High income,,2017,17.1821385575107
High income,,2016,16.8702035432259
High income,,2015,16.5766961863301
High income,,2014,16.2651942270848
High income,,2013,15.9299989365666
IBRD only,IBD,2023,10.049576132237
IBRD only,IBD,2022,9.73256537988406
IBRD only,IBD,2021,9.447358299825
IBRD only,IBD,2020,9.18069503159847
IBRD only,IBD,2019,8.86907575914731
IBRD only,IBD,2018,8.55958121959094
IBRD only,IBD,2017,8.26352954006266
IBRD only,IBD,2016,7.98925096747554
IBRD only,IBD,2015,7.74048603294574
IBRD only,IBD,2014,7.51432238722199
IBRD only,IBD,2013,7.33428820033991
IDA & IBRD total,IBT,2023,8.32546338392914
IDA & IBRD total,IBT,2022,8.09955703567396
IDA & IBRD total,IBT,2021,7.89887160720021
IDA & IBRD total,IBT,2020,7.7134337990146
IDA & IBRD total,IBT,2019,7.49025889546136
IDA & IBRD total,IBT,2018,7.26304316603775
IDA & IBRD total,IBT,2017,7.04404446697686
IDA & IBRD total,IBT,2016,6.84059103239685
IDA & IBRD total,IBT,2015,6.6557836699494
IDA & IBRD total,IBT,2014,6.48764243545302
IDA & IBRD total,IBT,2013,6.35370244357363
IDA blend,IDB,2023,3.60820060242817
IDA blend,IDB,2022,3.55382013363175
IDA blend,IDB,2021,3.51219787938457
IDA blend,IDB,2020,3.4888543522235
IDA blend,IDB,2019,3.46095871086724
IDA blend,IDB,2018,3.42088278873211
IDA blend,IDB,2017,3.38673741186947
IDA blend,IDB,2016,3.3631193314191
IDA blend,IDB,2015,3.34462579206261
IDA blend,IDB,2014,3.33322582392558
IDA blend,IDB,2013,3.32583395387997
IDA only,IDX,2023,3.97029374665502
IDA only,IDX,2022,3.91004479556556
IDA only,IDX,2021,3.86306716168839
IDA only,IDX,2020,3.82724488343405
IDA only,IDX,2019,3.78182052947354
IDA only,IDX,2018,3.72649709295291
IDA only,IDX,2017,3.67168411623089
IDA only,IDX,2016,3.6202092519643
IDA only,IDX,2015,3.57316951094613
IDA only,IDX,2014,3.53010103394843
IDA only,IDX,2013,3.49078874921085
IDA total,IDA,2023,3.84402377149377
IDA total,IDA,2022,3.78556313597102
IDA total,IDA,2021,3.74027777978045
IDA total,IDA,2020,3.70864004804139
IDA total,IDA,2019,3.66913111295895
IDA total,IDA,2018,3.61893251322816
IDA total,IDA,2017,3.57122110627486
IDA total,IDA,2016,3.52941340367602
IDA total,IDA,2015,3.49232761980754
IDA total,IDA,2014,3.46041674861071
IDA total,IDA,2013,3.43239620041909
Late-demographic dividend,LTE,2023,13.4036142090096
Late-demographic dividend,LTE,2022,12.9312423914534
Late-demographic dividend,LTE,2021,12.4633614597044
Late-demographic dividend,LTE,2020,12.0118539946572
Late-demographic dividend,LTE,2019,11.5295825106413
Late-demographic dividend,LTE,2018,11.070267526194
Late-demographic dividend,LTE,2017,10.6271285573196
Late-demographic dividend,LTE,2016,10.2190431819828
Late-demographic dividend,LTE,2015,9.84662096818106
Late-demographic dividend,LTE,2014,9.50408187150574
Late-demographic dividend,LTE,2013,9.22379870637524
Latin America & Caribbean,LCN,2023,9.52870988496144
Latin America & Caribbean,LCN,2022,9.24784655279121
Latin America & Caribbean,LCN,2021,9.02682987853117
Latin America & Caribbean,LCN,2020,8.83529209187651
Latin America & Caribbean,LCN,2019,8.60758091152324
Latin America & Caribbean,LCN,2018,8.35689709815919
Latin America & Caribbean,LCN,2017,8.11983439857911
Latin America & Caribbean,LCN,2016,7.89701427607178
Latin America & Caribbean,LCN,2015,7.68399621297092
Latin America & Caribbean,LCN,2014,7.47538395289691
Latin America & Caribbean,LCN,2013,7.27973730984209
Latin America & Caribbean (excluding high income),LAC,2023,9.25958900552446
Latin America & Caribbean (excluding high income),LAC,2022,8.98330513459075
Latin America & Caribbean (excluding high income),LAC,2021,8.76809941103825
Latin America & Caribbean (excluding high income),LAC,2020,8.58475962547124
Latin America & Caribbean (excluding high income),LAC,2019,8.36354583608475
Latin America & Caribbean (excluding high income),LAC,2018,8.11758827210841
Latin America & Caribbean (excluding high income),LAC,2017,7.88355786914994
Latin America & Caribbean (excluding high income),LAC,2016,7.66618546505022
Latin America & Caribbean (excluding high income),LAC,2015,7.45818093630959
Latin America & Caribbean (excluding high income),LAC,2014,7.25398595982181
Latin America & Caribbean (excluding high income),LAC,2013,7.06202166938116
Latin America & the Caribbean (IDA & IBRD countries),TLA,2023,9.33433148858386
Latin America & the Caribbean (IDA & IBRD countries),TLA,2022,9.05287486878475
Latin America & the Caribbean (IDA & IBRD countries),TLA,2021,8.82956745896961
Latin America & the Caribbean (IDA & IBRD countries),TLA,2020,8.63719046439729
Latin America & the Caribbean (IDA & IBRD countries),TLA,2019,8.4111417966171
Latin America & the Caribbean (IDA & IBRD countries),TLA,2018,8.16295606442999
Latin America & the Caribbean (IDA & IBRD countries),TLA,2017,7.92712296129775
Latin America & the Caribbean (IDA & IBRD countries),TLA,2016,7.70673306938284
Latin America & the Caribbean (IDA & IBRD countries),TLA,2015,7.49534868577542
Latin America & the Caribbean (IDA & IBRD countries),TLA,2014,7.28822853415266
Latin America & the Caribbean (IDA & IBRD countries),TLA,2013,7.09425158683728
Least developed countries: UN classification,LDC,2023,3.75296240938653
Least developed countries: UN classification,LDC,2022,3.69838488291911
Least developed countries: UN classification,LDC,2021,3.65748078407833
Least developed countries: UN classification,LDC,2020,3.62765295825588
Least developed countries: UN classification,LDC,2019,3.58726612081891
Least developed countries: UN classification,LDC,2018,3.53717489694056
Least developed countries: UN classification,LDC,2017,3.48861614714997
Least developed countries: UN classification,LDC,2016,3.44435603211579
Least developed countries: UN classification,LDC,2015,3.40567828686773
Least developed countries: UN classification,LDC,2014,3.3724009764026
Least developed countries: UN classification,LDC,2013,3.34379599444813
Low & middle income,LMY,2023,8.03094964394239
Low & middle income,LMY,2022,7.80988708914251
Low & middle income,LMY,2021,7.6104666908415
Low & middle income,LMY,2020,7.42479467495407
Low & middle income,LMY,2019,7.20454884480216
Low & middle income,LMY,2018,6.98187611270894
Low & middle income,LMY,2017,6.76710091949518
Low & middle income,LMY,2016,6.56848026397185
Low & middle income,LMY,2015,6.38799643662577
Low & middle income,LMY,2014,6.22484183404782
Low & middle income,LMY,2013,6.09450593266819
Low income,,2023,3.23697897863677
Low income,,2022,3.20066583331694
Low income,,2021,3.17833511840365
Low income,,2020,3.16643012118289
Low income,,2019,3.15100682080204
Low income,,2018,3.13565392963617
Low income,,2017,3.12770591155814
Low income,,2016,3.12632561652244
Low income,,2015,3.1217516514258
Low income,,2014,3.11107723071048
Low income,,2013,3.10013977416337
Lower middle income,,2023,5.72668115934261
Lower middle income,,2022,5.57282187339153
Lower middle income,,2021,5.46468309803984
Lower middle income,,2020,5.37885714161753
Lower middle income,,2019,5.25174343106707
Lower middle income,,2018,5.11040116246681
Lower middle income,,2017,4.97615735146051
Lower middle income,,2016,4.85244769696869
Lower middle income,,2015,4.73753324058549
Lower middle income,,2014,4.63237925527953
Lower middle income,,2013,4.54984022375356
"Middle East, North Africa, Afghanistan & Pakistan",MEA,2023,4.93612102294732
"Middle East, North Africa, Afghanistan & Pakistan",MEA,2022,4.81683996967676
"Middle East, North Africa, Afghanistan & Pakistan",MEA,2021,4.7329073227706
"Middle East, North Africa, Afghanistan & Pakistan",MEA,2020,4.66658612813775
"Middle East, North Africa, Afghanistan & Pakistan",MEA,2019,4.58548237671863
"Middle East, North Africa, Afghanistan & Pakistan",MEA,2018,4.4797792743706
"Middle East, North Africa, Afghanistan & Pakistan",MEA,2017,4.37607829684335
"Middle East, North Africa, Afghanistan & Pakistan",MEA,2016,4.28336130831485
"Middle East, North Africa, Afghanistan & Pakistan",MEA,2015,4.20729814036475
"Middle East, North Africa, Afghanistan & Pakistan",MEA,2014,4.14619250449386
"Middle East, North Africa, Afghanistan & Pakistan",MEA,2013,4.09246366055883
"Middle East, North Africa, Afghanistan & Pakistan (excluding high income)",MNA,2023,5.01227833550849
"Middle East, North Africa, Afghanistan & Pakistan (excluding high income)",MNA,2022,4.88890323555979
"Middle East, North Africa, Afghanistan & Pakistan (excluding high income)",MNA,2021,4.79452415391638
"Middle East, North Africa, Afghanistan & Pakistan (excluding high income)",MNA,2020,4.73225953727527
"Middle East, North Africa, Afghanistan & Pakistan (excluding high income)",MNA,2019,4.65118101526252
"Middle East, North Africa, Afghanistan & Pakistan (excluding high income)",MNA,2018,4.54771377233768
"Middle East, North Africa, Afghanistan & Pakistan (excluding high income)",MNA,2017,4.44942503561546
"Middle East, North Africa, Afghanistan & Pakistan (excluding high income)",MNA,2016,4.35691446038607
"Middle East, North Africa, Afghanistan & Pakistan (excluding high income)",MNA,2015,4.273402579405
"Middle East, North Africa, Afghanistan & Pakistan (excluding high income)",MNA,2014,4.20321764890414
"Middle East, North Africa, Afghanistan & Pakistan (excluding high income)",MNA,2013,4.14387196198973
"Middle East, North Africa, Afghanistan & Pakistan (IDA & IBRD)",TMN,2023,5.02091139863188
"Middle East, North Africa, Afghanistan & Pakistan (IDA & IBRD)",TMN,2022,4.89731158692561
"Middle East, North Africa, Afghanistan & Pakistan (IDA & IBRD)",TMN,2021,4.80271722408939
"Middle East, North Africa, Afghanistan & Pakistan (IDA & IBRD)",TMN,2020,4.7403393694151
"Middle East, North Africa, Afghanistan & Pakistan (IDA & IBRD)",TMN,2019,4.65912680345998
"Middle East, North Africa, Afghanistan & Pakistan (IDA & IBRD)",TMN,2018,4.55542256462645
"Middle East, North Africa, Afghanistan & Pakistan (IDA & IBRD)",TMN,2017,4.45689438379004
"Middle East, North Africa, Afghanistan & Pakistan (IDA & IBRD)",TMN,2016,4.36421844059262
"Middle East, North Africa, Afghanistan & Pakistan (IDA & IBRD)",TMN,2015,4.28056386779576
"Middle East, North Africa, Afghanistan & Pakistan (IDA & IBRD)",TMN,2014,4.21033777332658
"Middle East, North Africa, Afghanistan & Pakistan (IDA & IBRD)",TMN,2013,4.15100470407765
Middle income,MIC,2023,8.61904266432597
Middle income,MIC,2022,8.36444038792709
Middle income,MIC,2021,8.13376423070129
Middle income,MIC,2020,7.91825648430506
Middle income,MIC,2019,7.6655566522143
Middle income,MIC,2018,7.41133759751051
Middle income,MIC,2017,7.16654869147493
Middle income,MIC,2016,6.94034753482199
Middle income,MIC,2015,6.73571323874387
Middle income,MIC,2014,6.55201207856446
Middle income,MIC,2013,6.40530743284741
North America,NAC,2023,17.637120865477
North America,NAC,2022,17.131227408638
North America,NAC,2021,16.6816410698778
North America,NAC,2020,16.269235377077
North America,NAC,2019,15.8634105007359
North America,NAC,2018,15.4782657258417
North America,NAC,2017,15.1225408408483
North America,NAC,2016,14.792708831133
North America,NAC,2015,14.4802852739518
North America,NAC,2014,14.1704514212904
North America,NAC,2013,13.8537216803706
Not classified,,2023,
Not classified,,2022,
Not classified,,2021,
Not classified,,2020,
Not classified,,2019,
Not classified,,2018,
Not classified,,2017,
Not classified,,2016,
Not classified,,2015,
Not classified,,2014,
Not classified,,2013,
OECD members,OED,2023,18.2469847512258
OECD members,OED,2022,17.8900729073025
OECD members,OED,2021,17.5721300046988
OECD members,OED,2020,17.2630264542708
OECD members,OED,2019,16.9559885910711
OECD members,OED,2018,16.66306667433
OECD members,OED,2017,16.3856875843634
OECD members,OED,2016,16.1090856523578
OECD members,OED,2015,15.8306578372037
OECD members,OED,2014,15.5348023900882
OECD members,OED,2013,15.2151605338549
Other small states,OSS,2023,10.13329940793
Other small states,OSS,2022,9.91315489678366
Other small states,OSS,2021,9.74162352467916
Other small states,OSS,2020,9.60355512691295
Other small states,OSS,2019,9.4488717093074
Other small states,OSS,2018,9.29068111710775
Other small states,OSS,2017,9.1323746635927
Other small states,OSS,2016,8.95715325837604
Other small states,OSS,2015,8.76891357355298
Other small states,OSS,2014,8.57739291865687
Other small states,OSS,2013,8.39533297406458
Pacific island small states,PSS,2023,5.09019948173859
Pacific island small states,PSS,2022,5.00762804853444
Pacific island small states,PSS,2021,4.94815666289467
Pacific island small states,PSS,2020,4.89544835509041
Pacific island small states,PSS,2019,4.81750078385899
Pacific island small states,PSS,2018,4.71666392678166
Pacific island small states,PSS,2017,4.6091292505117
Pacific island small states,PSS,2016,4.51468461715419
Pacific island small states,PSS,2015,4.43624411907203
Pacific island small states,PSS,2014,4.35978800553142
Pacific island small states,PSS,2013,4.27933110131776
Post-demographic dividend,PST,2023,20.6187554884133
Post-demographic dividend,PST,2022,20.2211770768997
Post-demographic dividend,PST,2021,19.8626451089536
Post-demographic dividend,PST,2020,19.5157366875772
Post-demographic dividend,PST,2019,19.1790470773634
Post-demographic dividend,PST,2018,18.8566531505208
Post-demographic dividend,PST,2017,18.5430690073048
Post-demographic dividend,PST,2016,18.2293184475303
Post-demographic dividend,PST,2015,17.9155015480439
Post-demographic dividend,PST,2014,17.5731014081086
Post-demographic dividend,PST,2013,17.2079938584462
Pre-demographic dividend,PRE,2023,2.89054594670656
Pre-demographic dividend,PRE,2022,2.86823370091854
Pre-demographic dividend,PRE,2021,2.85202836120235
Pre-demographic dividend,PRE,2020,2.84338160793752
Pre-demographic dividend,PRE,2019,2.83066473118599
Pre-demographic dividend,PRE,2018,2.81002172474462
Pre-demographic dividend,PRE,2017,2.79255362722367
Pre-demographic dividend,PRE,2016,2.78266050830276
Pre-demographic dividend,PRE,2015,2.77663466366583
Pre-demographic dividend,PRE,2014,2.773932360257
Pre-demographic dividend,PRE,2013,2.77413598318472
Small states,SST,2023,9.37178961015385
Small states,SST,2022,9.14840991868418
Small states,SST,2021,8.97173442245556
Small states,SST,2020,8.81925601093491
Small states,SST,2019,8.63385567361176
Small states,SST,2018,8.45717171410214
Small states,SST,2017,8.29234901876455
Small states,SST,2016,8.10708910211718
Small states,SST,2015,7.91936028137118
Small states,SST,2014,7.73584928584304
Small states,SST,2013,7.565118910295
South Asia,SAS,2023,6.91257482137564
South Asia,SAS,2022,6.69399341408135
South Asia,SAS,2021,6.53924924942375
South Asia,SAS,2020,6.4084583393486
South Asia,SAS,2019,6.21827278293473
South Asia,SAS,2018,6.01428817180366
South Asia,SAS,2017,5.81790270670978
South Asia,SAS,2016,5.6326383520799
South Asia,SAS,2015,5.45841890276284
South Asia,SAS,2014,5.2958616827803
South Asia,SAS,2013,5.16711058584247
South Asia (IDA & IBRD),TSA,2023,6.91257482137564
South Asia (IDA & IBRD),TSA,2022,6.69399341408135
South Asia (IDA & IBRD),TSA,2021,6.53924924942375
South Asia (IDA & IBRD),TSA,2020,6.4084583393486
South Asia (IDA & IBRD),TSA,2019,6.21827278293473
South Asia (IDA & IBRD),TSA,2018,6.01428817180366
South Asia (IDA & IBRD),TSA,2017,5.81790270670978
South Asia (IDA & IBRD),TSA,2016,5.6326383520799
South Asia (IDA & IBRD),TSA,2015,5.45841890276284
South Asia (IDA & IBRD),TSA,2014,5.2958616827803
South Asia (IDA & IBRD),TSA,2013,5.16711058584247
Sub-Saharan Africa,SSF,2023,3.15815608570391
Sub-Saharan Africa,SSF,2022,3.12544546841468
Sub-Saharan Africa,SSF,2021,3.10135573471121
Sub-Saharan Africa,SSF,2020,3.08397635655649
Sub-Saharan Africa,SSF,2019,3.06099363110009
Sub-Saharan Africa,SSF,2018,3.03261899449934
Sub-Saharan Africa,SSF,2017,3.0083854360803
Sub-Saharan Africa,SSF,2016,2.99162137895821
Sub-Saharan Africa,SSF,2015,2.98015665842737
Sub-Saharan Africa,SSF,2014,2.97236751910088
Sub-Saharan Africa,SSF,2013,2.96712482474768
Sub-Saharan Africa (excluding high income),SSA,2023,3.15766385812944
Sub-Saharan Africa (excluding high income),SSA,2022,3.12495523558598
Sub-Saharan Africa (excluding high income),SSA,2021,3.10095881694043
Sub-Saharan Africa (excluding high income),SSA,2020,3.08359753400958
Sub-Saharan Africa (excluding high income),SSA,2019,3.06062448776709
Sub-Saharan Africa (excluding high income),SSA,2018,3.03225298069705
Sub-Saharan Africa (excluding high income),SSA,2017,3.00801872195027
Sub-Saharan Africa (excluding high income),SSA,2016,2.99125242325931
Sub-Saharan Africa (excluding high income),SSA,2015,2.97978486631278
Sub-Saharan Africa (excluding high income),SSA,2014,2.97199575821888
Sub-Saharan Africa (excluding high income),SSA,2013,2.96674819849936
Sub-Saharan Africa (IDA & IBRD countries),TSS,2023,3.15815608570391
Sub-Saharan Africa (IDA & IBRD countries),TSS,2022,3.12544546841468
Sub-Saharan Africa (IDA & IBRD countries),TSS,2021,3.10135573471121
Sub-Saharan Africa (IDA & IBRD countries),TSS,2020,3.08397635655649
Sub-Saharan Africa (IDA & IBRD countries),TSS,2019,3.06099363110009
Sub-Saharan Africa (IDA & IBRD countries),TSS,2018,3.03261899449934
Sub-Saharan Africa (IDA & IBRD countries),TSS,2017,3.0083854360803
Sub-Saharan Africa (IDA & IBRD countries),TSS,2016,2.99162137895821
Sub-Saharan Africa (IDA & IBRD countries),TSS,2015,2.98015665842737
Sub-Saharan Africa (IDA & IBRD countries),TSS,2014,2.97236751910088
Sub-Saharan Africa (IDA & IBRD countries),TSS,2013,2.96712482474768
Upper middle income,,2023,11.3333635893342
Upper middle income,,2022,10.956679139887
Upper middle income,,2021,10.5884260339308
Upper middle income,,2020,10.2342771922757
Upper middle income,,2019,9.85012469966056
Upper middle income,,2018,9.48011390027231
Upper middle income,,2017,9.12395054491947
Upper middle income,,2016,8.79476071933236
Upper middle income,,2015,8.49906771316838
Upper middle income,,2014,8.23546511330019
Upper middle income,,2013,8.02194023407635
World,WLD,2023,9.98145713968862
World,WLD,2022,9.73923491044647
World,WLD,2021,9.52782148597409
World,WLD,2020,9.331875985676
World,WLD,2019,9.10578119472668
World,WLD,2018,8.87621205354468
World,WLD,2017,8.65526244309491
World,WLD,2016,8.44906883189988
World,WLD,2015,8.25840818390327
World,WLD,2014,8.07833623497364
World,WLD,2013,7.9222609338677
Afghanistan,AFG,2023,2.37753752819851
Afghanistan,AFG,2022,2.35514236704931
Afghanistan,AFG,2021,2.35254951873996
Afghanistan,AFG,2020,2.37073382439812
Afghanistan,AFG,2019,2.37615338349114
Afghanistan,AFG,2018,2.36712047688815
Afghanistan,AFG,2017,2.35973702156897
Afghanistan,AFG,2016,2.35549736125691
Afghanistan,AFG,2015,2.35669506261475
Afghanistan,AFG,2014,2.35653566515757
Afghanistan,AFG,2013,2.34976901406028
Albania,ALB,2023,16.3020000675759
Albania,ALB,2022,15.7763381628571
Albania,ALB,2021,15.2660050732804
Albania,ALB,2020,14.7670044100644
Albania,ALB,2019,14.2480986631067
Albania,ALB,2018,13.739521828078
Albania,ALB,2017,13.3053911120274
Albania,ALB,2016,12.9202121629827
Albania,ALB,2015,12.5431065412926
Albania,ALB,2014,12.1667692065035
Albania,ALB,2013,11.8201351814959
Algeria,DZA,2023,6.37685866623239
Algeria,DZA,2022,6.18696352392874
Algeria,DZA,2021,6.0140413442485
Algeria,DZA,2020,5.89408890690499
Algeria,DZA,2019,5.77497798452489
Algeria,DZA,2018,5.61800854886956
Algeria,DZA,2017,5.46724232518278
Algeria,DZA,2016,5.32589987824205
Algeria,DZA,2015,5.19673532389649
Algeria,DZA,2014,5.08618275402183
Algeria,DZA,2013,5.00012215543943
American Samoa,ASM,2023,7.5503461627491
American Samoa,ASM,2022,7.1036273181428
American Samoa,ASM,2021,6.7191467750127
American Samoa,ASM,2020,6.36536278046281
American Samoa,ASM,2019,6.08357067458025
American Samoa,ASM,2018,5.85069290982842
American Samoa,ASM,2017,5.61392625906254
American Samoa,ASM,2016,5.37664251739418
American Samoa,ASM,2015,5.14202503876849
American Samoa,ASM,2014,4.90685669397374
American Samoa,ASM,2013,4.66337073658482
Andorra,AND,2023,15.4181507865836
Andorra,AND,2022,14.9689479957343
Andorra,AND,2021,14.5979952401309
Andorra,AND,2020,14.2168518997157
Andorra,AND,2019,13.8257043289506
Andorra,AND,2018,13.4862031345627
Andorra,AND,2017,13.1984409422132
Andorra,AND,2016,13.0178785422858
Andorra,AND,2015,12.9257968645001
Andorra,AND,2014,12.8605720330363
Andorra,AND,2013,12.7504372053435
Angola,AGO,2023,2.81144936806097
Angola,AGO,2022,2.77333855965152
Angola,AGO,2021,2.74470411565894
Angola,AGO,2020,2.72560876675849
Angola,AGO,2019,2.70797798313284
Angola,AGO,2018,2.69303871230468
Angola,AGO,2017,2.68524168427026
Angola,AGO,2016,2.68501394815556
Angola,AGO,2015,2.69128111509288
Angola,AGO,2014,2.70449443635977
Angola,AGO,2013,2.71903360210842
Antigua and Barbuda,ATG,2023,11.2387545477439
Antigua and Barbuda,ATG,2022,10.728672985782
Antigua and Barbuda,ATG,2021,10.2789418401932
Antigua and Barbuda,ATG,2020,9.86324935217647
Antigua and Barbuda,ATG,2019,9.47314846738577
Antigua and Barbuda,ATG,2018,9.12720234036469
Antigua and Barbuda,ATG,2017,8.79869124994473
Antigua and Barbuda,ATG,2016,8.44513110071247
Antigua and Barbuda,ATG,2015,8.11104027558747
Antigua and Barbuda,ATG,2014,7.85106742522391
Antigua and Barbuda,ATG,2013,7.64666806715532
Argentina,ARG,2023,12.2030217969226
Argentina,ARG,2022,12.0340800139112
Argentina,ARG,2021,11.9186207827562
Argentina,ARG,2020,11.7934339853714
Argentina,ARG,2019,11.6325391913594
Argentina,ARG,2018,11.4636515159043
Argentina,ARG,2017,11.3071247613454
Argentina,ARG,2016,11.1688143183761
Argentina,ARG,2015,11.0315216694284
Argentina,ARG,2014,10.894142131574
Argentina,ARG,2013,10.7671573801093
Armenia,ARM,2023,13.2110458915952
Armenia,ARM,2022,12.9151582271286
Armenia,ARM,2021,12.600194715032
Armenia,ARM,2020,12.343281529839
Armenia,ARM,2019,12.0453317121053
Armenia,ARM,2018,11.7116892663124
Armenia,ARM,2017,11.4171755495395
Armenia,ARM,2016,11.1448655565615
Armenia,ARM,2015,10.923814112631
Armenia,ARM,2014,10.7767290281828
Armenia,ARM,2013,10.7083857139631
Aruba,ABW,2023,16.3690434830945
Aruba,ABW,2022,15.7002096825073
Aruba,ABW,2021,15.1295115193663
Aruba,ABW,2020,14.5767477805038
Aruba,ABW,2019,13.9419664537338
Aruba,ABW,2018,13.3108463619964
Aruba,ABW,2017,12.7167657393089
Aruba,ABW,2016,12.1631984301248
Aruba,ABW,2015,11.6404071622938
Aruba,ABW,2014,11.1519021016228
Aruba,ABW,2013,10.6935133949248
Australia,AUS,2023,17.384024966198
Australia,AUS,2022,17.0750320469828
Australia,AUS,2021,16.7491873637801
Australia,AUS,2020,16.3387202762794
Australia,AUS,2019,15.9450637793133
Australia,AUS,2018,15.6409676060892
Australia,AUS,2017,15.3876130191621
Australia,AUS,2016,15.1508163000494
Australia,AUS,2015,14.8994580007134
Australia,AUS,2014,14.6343933904119
Australia,AUS,2013,14.366324406492
Austria,AUT,2023,20.1640196753077
Austria,AUT,2022,19.7897509199721
Austria,AUT,2021,19.462852720957
Austria,AUT,2020,19.169788839314
Austria,AUT,2019,18.9402993578561
Austria,AUT,2018,18.7625828458159
Austria,AUT,2017,18.6103296736393
Austria,AUT,2016,18.4999156835518
Austria,AUT,2015,18.4613708048616
Austria,AUT,2014,18.3880563664351
Austria,AUT,2013,18.1994460470678
Azerbaijan,AZE,2023,8.01054873196477
Azerbaijan,AZE,2022,7.52651403008595
Azerbaijan,AZE,2021,7.14668283701474
Azerbaijan,AZE,2020,6.88336854345971
Azerbaijan,AZE,2019,6.62764113456588
Azerbaijan,AZE,2018,6.3688767423245
Azerbaijan,AZE,2017,6.14013559399226
Azerbaijan,AZE,2016,5.94640301373228
Azerbaijan,AZE,2015,5.79496249814157
Azerbaijan,AZE,2014,5.71573681116396
Azerbaijan,AZE,2013,5.68448285422061
"Bahamas, The",BHS,2023,11.4979577684286
"Bahamas, The",BHS,2022,11.2521177194159
"Bahamas, The",BHS,2021,11.0919512681237
"Bahamas, The",BHS,2020,10.9764122643595
"Bahamas, The",BHS,2019,10.8243628610412
"Bahamas, The",BHS,2018,10.66759184401
"Bahamas, The",BHS,2017,10.5142323008566
"Bahamas, The",BHS,2016,10.3648833736411
"Bahamas, The",BHS,2015,10.2099019972933
"Bahamas, The",BHS,2014,10.0400734505543
"Bahamas, The",BHS,2013,9.84963834565236
Bahrain,BHR,2023,3.63800440284889
Bahrain,BHR,2022,3.49895236846893
Bahrain,BHR,2021,3.46416063514661
Bahrain,BHR,2020,3.27889246478774
Bahrain,BHR,2019,3.00446835284136
Bahrain,BHR,2018,2.77238869129833
Bahrain,BHR,2017,2.61201960870313
Bahrain,BHR,2016,2.53748590518773
Bahrain,BHR,2015,2.58876355273245
Bahrain,BHR,2014,2.62539913226817
Bahrain,BHR,2013,2.45568933577155
Bangladesh,BGD,2023,6.32054805417649
Bangladesh,BGD,2022,6.13515765182076
Bangladesh,BGD,2021,5.97381333056883
Bangladesh,BGD,2020,5.835135780086
Bangladesh,BGD,2019,5.66255837053046
Bangladesh,BGD,2018,5.45814402305543
Bangladesh,BGD,2017,5.25888905067487
Bangladesh,BGD,2016,5.07223834276104
Bangladesh,BGD,2015,4.90260142194805
Bangladesh,BGD,2014,4.75656753138087
Bangladesh,BGD,2013,4.62684307316426
Barbados,BRB,2023,16.093413521478
Barbados,BRB,2022,15.6987864748263
Barbados,BRB,2021,15.2621067424193
Barbados,BRB,2020,14.7709603902051
Barbados,BRB,2019,14.2956713458923
Barbados,BRB,2018,13.8812050137063
Barbados,BRB,2017,13.5158528184573
Barbados,BRB,2016,13.2030865798156
Barbados,BRB,2015,12.9216100935517
Barbados,BRB,2014,12.6331067584463
Barbados,BRB,2013,12.3690418309834
Belarus,BLR,2023,17.0619745317958
Belarus,BLR,2022,16.5067849004664
Belarus,BLR,2021,16.0697691637937
Belarus,BLR,2020,15.7337858081494
Belarus,BLR,2019,15.3719450417652
Belarus,BLR,2018,15.0511533137392
Belarus,BLR,2017,14.797647947019
Belarus,BLR,2016,14.5402754703135
Belarus,BLR,2015,14.3137668458221
Belarus,BLR,2014,14.0572639870913
Belarus,BLR,2013,13.8439326604506
Belgium,BEL,2023,20.1452749547016
Belgium,BEL,2022,19.7671927585206
Belgium,BEL,2021,19.4520520478909
Belgium,BEL,2020,19.224020193227
Belgium,BEL,2019,19.029838081816
Belgium,BEL,2018,18.8086209996758
Belgium,BEL,2017,18.584903433857
Belgium,BEL,2016,18.356666180316
Belgium,BEL,2015,18.1637094668899
Belgium,BEL,2014,17.9621509816265
Belgium,BEL,2013,17.7203816464754
Belize,BLZ,2023,4.84133634796907
Belize,BLZ,2022,4.70833033299978
Belize,BLZ,2021,4.59849777347213
Belize,BLZ,2020,4.48553842453459
Belize,BLZ,2019,4.37513040120157
Belize,BLZ,2018,4.27416290027129
Belize,BLZ,2017,4.19438292718545
Belize,BLZ,2016,4.1311470914849
Belize,BLZ,2015,4.07610297109726
Belize,BLZ,2014,4.02797182755483
Belize,BLZ,2013,3.99543947053365
Benin,BEN,2023,3.08788133145022
Benin,BEN,2022,3.06253123069402
Benin,BEN,2021,3.04703492033387
Benin,BEN,2020,3.0399645176738
Benin,BEN,2019,3.03327124628391
Benin,BEN,2018,3.02828051946374
Benin,BEN,2017,3.02784602376455
Benin,BEN,2016,3.03144387791543
Benin,BEN,2015,3.03762600146945
Benin,BEN,2014,3.04630456372929
Benin,BEN,2013,3.052923551384
Bermuda,BMU,2023,20.9117747071007
Bermuda,BMU,2022,20.1417793462397
Bermuda,BMU,2021,19.4445303799035
Bermuda,BMU,2020,18.8228076170358
Bermuda,BMU,2019,18.2327982903583
Bermuda,BMU,2018,17.6740141937303
Bermuda,BMU,2017,17.16618039117
Bermuda,BMU,2016,16.6457835882645
Bermuda,BMU,2015,16.1068960898784
Bermuda,BMU,2014,15.5818602527979
Bermuda,BMU,2013,15.0290608508262
Bhutan,BTN,2023,6.36869980988956
Bhutan,BTN,2022,6.24575417667363
Bhutan,BTN,2021,6.12663882446322
Bhutan,BTN,2020,6.01800505450607
Bhutan,BTN,2019,5.92796512661737
Bhutan,BTN,2018,5.86666298128749
Bhutan,BTN,2017,5.83666795035889
Bhutan,BTN,2016,5.76252965103374
Bhutan,BTN,2015,5.63326843257928
Bhutan,BTN,2014,5.51675363283522
Bhutan,BTN,2013,5.41099696252308
Bolivia,BOL,2023,5.55046673477261
Bolivia,BOL,2022,5.47908058471391
Bolivia,BOL,2021,5.5207644538141
Bolivia,BOL,2020,5.65359738892874
Bolivia,BOL,2019,5.69637597867023
Bolivia,BOL,2018,5.65831749558234
Bolivia,BOL,2017,5.62693883757342
Bolivia,BOL,2016,5.60108593728302
Bolivia,BOL,2015,5.57956840423779
Bolivia,BOL,2014,5.56754270264645
Bolivia,BOL,2013,5.55753826956574
Bosnia and Herzegovina,BIH,2023,21.642423894209
Bosnia and Herzegovina,BIH,2022,21.1032694063471
Bosnia and Herzegovina,BIH,2021,20.6776926615011
Bosnia and Herzegovina,BIH,2020,20.2427175417457
Bosnia and Herzegovina,BIH,2019,19.6456887437667
Bosnia and Herzegovina,BIH,2018,18.9760112193682
Bosnia and Herzegovina,BIH,2017,18.338880896671
Bosnia and Herzegovina,BIH,2016,17.7718389532056
Bosnia and Herzegovina,BIH,2015,17.2535174740777
Bosnia and Herzegovina,BIH,2014,16.7737639028408
Bosnia and Herzegovina,BIH,2013,16.3229580551331
Botswana,BWA,2023,3.96966911931465
Botswana,BWA,2022,3.88015204774475
Botswana,BWA,2021,3.86903194145347
Botswana,BWA,2020,3.89045407158014
Botswana,BWA,2019,3.84555352446718
Botswana,BWA,2018,3.78395670382982
Botswana,BWA,2017,3.71468452368085
Botswana,BWA,2016,3.63969445700474
Botswana,BWA,2015,3.56111112876162
Botswana,BWA,2014,3.48531153144227
Botswana,BWA,2013,3.43325084406492
Brazil,BRA,2023,10.6336314676644
Brazil,BRA,2022,10.251784783293
Brazil,BRA,2021,9.91109990998152
Brazil,BRA,2020,9.59866487647293
Brazil,BRA,2019,9.27307434876159
Brazil,BRA,2018,8.92785021515533
Brazil,BRA,2017,8.5916529152697
Brazil,BRA,2016,8.26857395268557
Brazil,BRA,2015,7.95680732355772
Brazil,BRA,2014,7.65357587023447
Brazil,BRA,2013,7.37028483055902
British Virgin Islands,VGB,2023,9.20225727844043
British Virgin Islands,VGB,2022,8.85722487538819
British Virgin Islands,VGB,2021,8.57588701252331
British Virgin Islands,VGB,2020,8.32514238780649
British Virgin Islands,VGB,2019,8.05066699638682
British Virgin Islands,VGB,2018,7.83535793634764
British Virgin Islands,VGB,2017,7.61644086975137
British Virgin Islands,VGB,2016,7.17870004132475
British Virgin Islands,VGB,2015,6.87006304804696
British Virgin Islands,VGB,2014,6.72592682482859
British Virgin Islands,VGB,2013,6.53555601116596
Brunei Darussalam,BRN,2023,6.51107912979343
Brunei Darussalam,BRN,2022,6.20177679884138
Brunei Darussalam,BRN,2021,5.92302098310792
Brunei Darussalam,BRN,2020,5.61350101195006
Brunei Darussalam,BRN,2019,5.28835727839523
Brunei Darussalam,BRN,2018,4.97590847160694
Brunei Darussalam,BRN,2017,4.67856053533962
Brunei Darussalam,BRN,2016,4.40308351498255
Brunei Darussalam,BRN,2015,4.15680292933755
Brunei Darussalam,BRN,2014,3.94036719811974
Brunei Darussalam,BRN,2013,3.751440897661
Bulgaria,BGR,2023,21.8324383446666
Bulgaria,BGR,2022,21.6972972212748
Bulgaria,BGR,2021,21.7032217425472
Bulgaria,BGR,2020,21.6867892994918
Bulgaria,BGR,2019,21.4794589439076
Bulgaria,BGR,2018,21.1708879702475
Bulgaria,BGR,2017,20.8699557799437
Bulgaria,BGR,2016,20.5760516337296
Bulgaria,BGR,2015,20.209781460636
Bulgaria,BGR,2014,19.7757387242757
Bulgaria,BGR,2013,19.3546939511256
Burkina Faso,BFA,2023,2.62071297835956
Burkina Faso,BFA,2022,2.59465547584363
Burkina Faso,BFA,2021,2.57917814320124
Burkina Faso,BFA,2020,2.56884154873602
Burkina Faso,BFA,2019,2.55918669789944
Burkina Faso,BFA,2018,2.55480791737547
Burkina Faso,BFA,2017,2.5594856886159
Burkina Faso,BFA,2016,2.57349738145185
Burkina Faso,BFA,2015,2.5964842899372
Burkina Faso,BFA,2014,2.62943594437597
Burkina Faso,BFA,2013,2.66998914803269
Burundi,BDI,2023,2.51029451549531
Burundi,BDI,2022,2.48584998345669
Burundi,BDI,2021,2.4618792599411
Burundi,BDI,2020,2.43506478066639
Burundi,BDI,2019,2.40126821487113
Burundi,BDI,2018,2.36073843584262
Burundi,BDI,2017,2.31607727699591
Burundi,BDI,2016,2.26939910143298
Burundi,BDI,2015,2.22313846109284
Burundi,BDI,2014,2.21231245750205
Burundi,BDI,2013,2.22888601056743
Cabo Verde,CPV,2023,6.57945496194459
Cabo Verde,CPV,2022,6.32872911700251
Cabo Verde,CPV,2021,6.13617755961978
Cabo Verde,CPV,2020,5.98265522524212
Cabo Verde,CPV,2019,5.81429049375224
Cabo Verde,CPV,2018,5.63793422474996
Cabo Verde,CPV,2017,5.46527248373442
Cabo Verde,CPV,2016,5.30060705739585
Cabo Verde,CPV,2015,5.15658375838101
Cabo Verde,CPV,2014,5.03995994733817
Cabo Verde,CPV,2013,4.95622041095222
Cambodia,KHM,2023,5.96118643031327
Cambodia,KHM,2022,5.7669541078253
Cambodia,KHM,2021,5.59471490600897
Cambodia,KHM,2020,5.4387369063124
Cambodia,KHM,2019,5.27307790694231
Cambodia,KHM,2018,5.09207597900805
Cambodia,KHM,2017,4.90883602678903
Cambodia,KHM,2016,4.7354180834771
Cambodia,KHM,2015,4.56873555218231
Cambodia,KHM,2014,4.40694011728368
Cambodia,KHM,2013,4.25761809784078
Cameroon,CMR,2023,2.77483940805466
Cameroon,CMR,2022,2.76317198222408
Cameroon,CMR,2021,2.76610261605669
Cameroon,CMR,2020,2.77685236613429
Cameroon,CMR,2019,2.78429920377855
Cameroon,CMR,2018,2.79116064603211
Cameroon,CMR,2017,2.80367063138058
Cameroon,CMR,2016,2.82198107998873
Cameroon,CMR,2015,2.84572861421998
Cameroon,CMR,2014,2.87719437261096
Cameroon,CMR,2013,2.91454789879404
Canada,CAN,2023,19.3581192161771
Canada,CAN,2022,18.9407471303288
Canada,CAN,2021,18.4822592321013
Canada,CAN,2020,17.9854084818723
Canada,CAN,2019,17.5318595224519
Canada,CAN,2018,17.1296813071885
Canada,CAN,2017,16.7582136912329
Canada,CAN,2016,16.3881021891164
Canada,CAN,2015,16.0101997556659
Canada,CAN,2014,15.6232441846315
Canada,CAN,2013,15.2286887935879
Cayman Islands,CYM,2023,8.54144417974205
Cayman Islands,CYM,2022,8.13783759245162
Cayman Islands,CYM,2021,7.76379132047213
Cayman Islands,CYM,2020,7.44709505055726
Cayman Islands,CYM,2019,7.16354508592392
Cayman Islands,CYM,2018,6.87362091582563
Cayman Islands,CYM,2017,6.61806292660629
Cayman Islands,CYM,2016,6.38267525613902
Cayman Islands,CYM,2015,6.15646672344567
Cayman Islands,CYM,2014,5.94160620340589
Cayman Islands,CYM,2013,5.76762424345751
Central African Republic,CAF,2023,2.09527735556521
Central African Republic,CAF,2022,2.14369661121692
Central African Republic,CAF,2021,2.22176796228556
Central African Republic,CAF,2020,2.20062015722865
Central African Republic,CAF,2019,2.18855387385715
Central African Republic,CAF,2018,2.16203967608299
Central African Republic,CAF,2017,2.09752330781376
Central African Republic,CAF,2016,2.03200758815304
Central African Republic,CAF,2015,1.95385046250308
Central African Republic,CAF,2014,1.90700906864579
Central African Republic,CAF,2013,1.89541271479373
Chad,TCD,2023,2.07477443006556
Chad,TCD,2022,2.05551078224591
Chad,TCD,2021,2.04727900320802
Chad,TCD,2020,2.04773337140274
Chad,TCD,2019,2.04845628973613
Chad,TCD,2018,2.04665537566992
Chad,TCD,2017,2.04749365973065
Chad,TCD,2016,2.05159826671532
Chad,TCD,2015,2.05939244331895
Chad,TCD,2014,2.07314232963979
Chad,TCD,2013,2.10090446118584
Channel Islands,CHI,2023,19.6643837046004
Channel Islands,CHI,2022,19.3435436800306
Channel Islands,CHI,2021,19.1062785997445
Channel Islands,CHI,2020,18.8660063584493
Channel Islands,CHI,2019,18.585184737986
Channel Islands,CHI,2018,18.3059057469104
Channel Islands,CHI,2017,18.0015153405408
Channel Islands,CHI,2016,17.6672849977423
Channel Islands,CHI,2015,17.3173574297434
Channel Islands,CHI,2014,16.9809465575675
Channel Islands,CHI,2013,16.6574461838018
Chile,CHL,2023,13.6933190598527
Chile,CHL,2022,13.300080015705
Chile,CHL,2021,12.9564336220791
Chile,CHL,2020,12.6268157391316
Chile,CHL,2019,12.3260602912509
Chile,CHL,2018,12.0636582777361
Chile,CHL,2017,11.8130834222508
Chile,CHL,2016,11.5448975094543
Chile,CHL,2015,11.2496571917453
Chile,CHL,2014,10.9545770184439
Chile,CHL,2013,10.6787544856729
China,CHN,2023,14.3160774690688
China,CHN,2022,13.781930345649
China,CHN,2021,13.2057410345267
China,CHN,2020,12.6452376078587
China,CHN,2019,12.0613659717192
China,CHN,2018,11.5162092042497
China,CHN,2017,10.9809606634325
China,CHN,2016,10.4907994645602
China,CHN,2015,10.053420914992
China,CHN,2014,9.6661987378912
China,CHN,2013,9.3562686156071
Colombia,COL,2023,9.37542803553496
Colombia,COL,2022,9.00655628107831
Colombia,COL,2021,8.71354982025291
Colombia,COL,2020,8.46412544262915
Colombia,COL,2019,8.19032265077422
Colombia,COL,2018,7.91335297679074
Colombia,COL,2017,7.65248494953718
Colombia,COL,2016,7.38857678707939
Colombia,COL,2015,7.10912759193297
Colombia,COL,2014,6.81879691067376
Colombia,COL,2013,6.54463120329054
Comoros,COM,2023,4.47290468927676
Comoros,COM,2022,4.45529065390536
Comoros,COM,2021,4.45565096443363
Comoros,COM,2020,4.46773008245825
Comoros,COM,2019,4.45791771445426
Comoros,COM,2018,4.43234101012196
Comoros,COM,2017,4.41209801637307
Comoros,COM,2016,4.36446144948169
Comoros,COM,2015,4.28516187273113
Comoros,COM,2014,4.21207233987231
Comoros,COM,2013,4.16371908631593
"Congo, Dem. Rep.",COD,2023,3.06835640281401
"Congo, Dem. Rep.",COD,2022,3.06604683841811
"Congo, Dem. Rep.",COD,2021,3.07362816575775
"Congo, Dem. Rep.",COD,2020,3.08607621806597
"Congo, Dem. Rep.",COD,2019,3.09329491821841
"Congo, Dem. Rep.",COD,2018,3.09687504482002
"Congo, Dem. Rep.",COD,2017,3.10422429772435
"Congo, Dem. Rep.",COD,2016,3.11530869916254
"Congo, Dem. Rep.",COD,2015,3.12697957146724
"Congo, Dem. Rep.",COD,2014,3.13660116248764
"Congo, Dem. Rep.",COD,2013,3.14170208114209
"Congo, Rep.",COG,2023,2.91461025071629
"Congo, Rep.",COG,2022,2.84985975386671
"Congo, Rep.",COG,2021,2.79756246538846
"Congo, Rep.",COG,2020,2.75917400433755
"Congo, Rep.",COG,2019,2.72775052651388
"Congo, Rep.",COG,2018,2.70147386942977
"Congo, Rep.",COG,2017,2.68201653855692
"Congo, Rep.",COG,2016,2.66785140399224
"Congo, Rep.",COG,2015,2.6610957884824
"Congo, Rep.",COG,2014,2.66463419535841
"Congo, Rep.",COG,2013,2.67643299014494
Costa Rica,CRI,2023,11.7188426539051
Costa Rica,CRI,2022,11.2620626162428
Costa Rica,CRI,2021,10.8653726911381
Costa Rica,CRI,2020,10.4850903399069
Costa Rica,CRI,2019,10.105472418687
Costa Rica,CRI,2018,9.74221925855286
Costa Rica,CRI,2017,9.40002772137051
Costa Rica,CRI,2016,9.07487624557029
Costa Rica,CRI,2015,8.75896902857875
Costa Rica,CRI,2014,8.45127843462687
Costa Rica,CRI,2013,8.15266148404619
Cote d'Ivoire,CIV,2023,2.56824227080234
Cote d'Ivoire,CIV,2022,2.53282102103497
Cote d'Ivoire,CIV,2021,2.50752060498244
Cote d'Ivoire,CIV,2020,2.49608258726879
Cote d'Ivoire,CIV,2019,2.48842186373225
Cote d'Ivoire,CIV,2018,2.48160762899374
Cote d'Ivoire,CIV,2017,2.48395717689405
Cote d'Ivoire,CIV,2016,2.49670206949143
Cote d'Ivoire,CIV,2015,2.5199471963117
Cote d'Ivoire,CIV,2014,2.55425407887274
Cote d'Ivoire,CIV,2013,2.52520747322798
Croatia,HRV,2023,22.815365461733
Croatia,HRV,2022,22.4847051223347
Croatia,HRV,2021,22.1006673274542
Croatia,HRV,2020,21.6661760190675
Croatia,HRV,2019,21.1822163945349
Croatia,HRV,2018,20.6682803013664
Croatia,HRV,2017,20.1354432241616
Croatia,HRV,2016,19.6581193481792
Croatia,HRV,2015,19.2311236257324
Croatia,HRV,2014,18.8122396153648
Croatia,HRV,2013,18.4765925399494
Cuba,CUB,2023,16.1955286378621
Cuba,CUB,2022,15.8758777267623
Cuba,CUB,2021,15.7445780469879
Cuba,CUB,2020,15.6395502504663
Cuba,CUB,2019,15.3697053690774
Cuba,CUB,2018,15.0605041766063
Cuba,CUB,2017,14.7546073113309
Cuba,CUB,2016,14.4765104638789
Cuba,CUB,2015,14.2021227461714
Cuba,CUB,2014,13.919061211168
Cuba,CUB,2013,13.6115790458939
Curacao,CUW,2023,16.2818791222422
Curacao,CUW,2022,15.7946418695996
Curacao,CUW,2021,15.3428360975531
Curacao,CUW,2020,14.9271962727951
Curacao,CUW,2019,14.1400632046554
Curacao,CUW,2018,14.2532223467441
Curacao,CUW,2017,14.7929573452966
Curacao,CUW,2016,14.3516159313397
Curacao,CUW,2015,13.9266679470866
Curacao,CUW,2014,13.5171820368788
Curacao,CUW,2013,13.130789839923
Cyprus,CYP,2023,14.3232720596026
Cyprus,CYP,2022,14.0779422699926
Cyprus,CYP,2021,13.8514250837978
Cyprus,CYP,2020,13.6112758903357
Cyprus,CYP,2019,13.3825533556934
Cyprus,CYP,2018,13.1664879646662
Cyprus,CYP,2017,12.9503446411893
Cyprus,CYP,2016,12.7306530327678
Cyprus,CYP,2015,12.499902624146
Cyprus,CYP,2014,12.2610616321095
Cyprus,CYP,2013,12.0174508719101
Czechia,CZE,2023,20.5459005583495
Czechia,CZE,2022,20.5183106530339
Czechia,CZE,2021,20.5371541683077
Czechia,CZE,2020,20.2939736426932
Czechia,CZE,2019,19.9485877378936
Czechia,CZE,2018,19.5315793430182
Czechia,CZE,2017,19.085882000882
Czechia,CZE,2016,18.5951592241056
Czechia,CZE,2015,18.0968797652582
Czechia,CZE,2014,17.6054939584589
Czechia,CZE,2013,17.0821590856387
Denmark,DNK,2023,20.6001829312424
Denmark,DNK,2022,20.4007400764725
Denmark,DNK,2021,20.2481262517018
Denmark,DNK,2020,20.0008145375227
Denmark,DNK,2019,19.7143802297606
Denmark,DNK,2018,19.4403886413888
Denmark,DNK,2017,19.1822684091773
Denmark,DNK,2016,18.9425702764271
Denmark,DNK,2015,18.7039395633233
Denmark,DNK,2014,18.4155552098464
Denmark,DNK,2013,18.0533476868912
Djibouti,DJI,2023,4.73574810907906
Djibouti,DJI,2022,4.62735776047053
Djibouti,DJI,2021,4.54105603755815
Djibouti,DJI,2020,4.47507370914554
Djibouti,DJI,2019,4.4058145932476
Djibouti,DJI,2018,4.33377927794291
Djibouti,DJI,2017,4.26723281861097
Djibouti,DJI,2016,4.20015168847389
Djibouti,DJI,2015,4.12368557491672
Djibouti,DJI,2014,4.03239197480846
Djibouti,DJI,2013,3.93298501408119
Dominica,DMA,2023,12.7438524744213
Dominica,DMA,2022,12.585576081345
Dominica,DMA,2021,12.4110889556858
Dominica,DMA,2020,12.18534029864
Dominica,DMA,2019,11.9680909834194
Dominica,DMA,2018,11.7873985141072
Dominica,DMA,2017,11.6509602680429
Dominica,DMA,2016,10.5643869466214
Dominica,DMA,2015,9.64138616673768
Dominica,DMA,2014,9.54556434996376
Dominica,DMA,2013,10.1527648282292
Dominican Republic,DOM,2023,7.58086111388
Dominican Republic,DOM,2022,7.28713311557077
Dominican Republic,DOM,2021,7.02934527971945
Dominican Republic,DOM,2020,6.80997065850313
Dominican Republic,DOM,2019,6.58282666119334
Dominican Republic,DOM,2018,6.35280190364479
Dominican Republic,DOM,2017,6.13304705056594
Dominican Republic,DOM,2016,5.92926768832602
Dominican Republic,DOM,2015,5.74422925378078
Dominican Republic,DOM,2014,5.58025752924414
Dominican Republic,DOM,2013,5.4281841495826
Ecuador,ECU,2023,8.09288255232192
Ecuador,ECU,2022,7.85040162653543
Ecuador,ECU,2021,7.67036612479336
Ecuador,ECU,2020,7.56175266539115
Ecuador,ECU,2019,7.40791180679909
Ecuador,ECU,2018,7.19452567257434
Ecuador,ECU,2017,7.00392693239207
Ecuador,ECU,2016,6.82568946634407
Ecuador,ECU,2015,6.63997639280165
Ecuador,ECU,2014,6.44847191551272
Ecuador,ECU,2013,6.26391164365569
"Egypt, Arab Rep.",EGY,2023,4.96968538776552
"Egypt, Arab Rep.",EGY,2022,4.82840349955892
"Egypt, Arab Rep.",EGY,2021,4.74091190346445
"Egypt, Arab Rep.",EGY,2020,4.6911816369123
"Egypt, Arab Rep.",EGY,2019,4.5935289970751
"Egypt, Arab Rep.",EGY,2018,4.47225716625305
"Egypt, Arab Rep.",EGY,2017,4.36669397966263
"Egypt, Arab Rep.",EGY,2016,4.27700484872835
"Egypt, Arab Rep.",EGY,2015,4.20129434779494
"Egypt, Arab Rep.",EGY,2014,4.13855347578159
"Egypt, Arab Rep.",EGY,2013,4.08274880933054
El Salvador,SLV,2023,8.00031824400313
El Salvador,SLV,2022,7.86163091397109
El Salvador,SLV,2021,7.76244342933013
El Salvador,SLV,2020,7.70973010856142
El Salvador,SLV,2019,7.62636268560709
El Salvador,SLV,2018,7.49958097577779
El Salvador,SLV,2017,7.37013810257883
El Salvador,SLV,2016,7.2450899275166
El Salvador,SLV,2015,7.13082257779818
El Salvador,SLV,2014,7.03019087434518
El Salvador,SLV,2013,6.93865729334162
Equatorial Guinea,GNQ,2023,3.62342216634038
Equatorial Guinea,GNQ,2022,3.56750178121422
Equatorial Guinea,GNQ,2021,3.52077981039768
Equatorial Guinea,GNQ,2020,3.48287778074576
Equatorial Guinea,GNQ,2019,3.44128197191076
Equatorial Guinea,GNQ,2018,3.39134829889719
Equatorial Guinea,GNQ,2017,3.34265555680364
Equatorial Guinea,GNQ,2016,3.29999084993496
Equatorial Guinea,GNQ,2015,3.26853622922259
Equatorial Guinea,GNQ,2014,3.25068624526951
Equatorial Guinea,GNQ,2013,3.25809044300403
Eritrea,ERI,2023,4.15096057661539
Eritrea,ERI,2022,4.11604873165648
Eritrea,ERI,2021,4.10061181732461
Eritrea,ERI,2020,4.09100376283262
Eritrea,ERI,2019,4.06758052141323
Eritrea,ERI,2018,4.03411092062809
Eritrea,ERI,2017,4.00094021388755
Eritrea,ERI,2016,3.9638070623145
Eritrea,ERI,2015,3.93267399677867
Eritrea,ERI,2014,3.88317613961742
Eritrea,ERI,2013,3.82588509057412
Estonia,EST,2023,20.9140825455897
Estonia,EST,2022,20.6300461857585
Estonia,EST,2021,20.4337977975588
Estonia,EST,2020,20.2000948355964
Estonia,EST,2019,19.8965346883511
Estonia,EST,2018,19.6754905294355
Estonia,EST,2017,19.4674154002753
Estonia,EST,2016,19.186016024635
Estonia,EST,2015,18.88875196261
Estonia,EST,2014,18.5609288129198
Estonia,EST,2013,18.1984559754977
Eswatini,SWZ,2023,4.14687128709653
Eswatini,SWZ,2022,4.01504122718824
Eswatini,SWZ,2021,3.92290361252568
Eswatini,SWZ,2020,3.87485175808932
Eswatini,SWZ,2019,3.79565953652678
Eswatini,SWZ,2018,3.68640709298551
Eswatini,SWZ,2017,3.57586743850018
Eswatini,SWZ,2016,3.47505344680222
Eswatini,SWZ,2015,3.39635767022149
Eswatini,SWZ,2014,3.31484054813038
Eswatini,SWZ,2013,3.22870113894813
Ethiopia,ETH,2023,3.17131039041743
Ethiopia,ETH,2022,3.12441623217276
Ethiopia,ETH,2021,3.0936119750557
Ethiopia,ETH,2020,3.06904890918588
Ethiopia,ETH,2019,3.03819036170098
Ethiopia,ETH,2018,3.00590065682161
Ethiopia,ETH,2017,2.97727297368099
Ethiopia,ETH,2016,2.95342136795797
Ethiopia,ETH,2015,2.93507038070835
Ethiopia,ETH,2014,2.90825770080533
Ethiopia,ETH,2013,2.86973572023481
Faroe Islands,FRO,2023,17.7259725661857
Faroe Islands,FRO,2022,17.792671863139
Faroe Islands,FRO,2021,17.8358348968105
Faroe Islands,FRO,2020,17.6860981430595
Faroe Islands,FRO,2019,17.4879199097248
Faroe Islands,FRO,2018,17.3942861621664
Faroe Islands,FRO,2017,17.3078836852895
Faroe Islands,FRO,2016,17.1386743399465
Faroe Islands,FRO,2015,16.8959064088273
Faroe Islands,FRO,2014,16.5310730967922
Faroe Islands,FRO,2013,16.0844664919894
Fiji,FJI,2023,6.34304879480558
Fiji,FJI,2022,6.20928148336672
Fiji,FJI,2021,6.10366844076268
Fiji,FJI,2020,5.98707270130049
Fiji,FJI,2019,5.8208579193671
Fiji,FJI,2018,5.64436642752786
Fiji,FJI,2017,5.47733708041885
Fiji,FJI,2016,5.32890685686807
Fiji,FJI,2015,5.20837642530085
Fiji,FJI,2014,5.08225672948922
Fiji,FJI,2013,4.93450937275775
Finland,FIN,2023,23.5778747195571
Finland,FIN,2022,23.2287672110978
Finland,FIN,2021,22.8749565743109
Finland,FIN,2020,22.4906828905898
Finland,FIN,2019,22.061393842071
Finland,FIN,2018,21.6154814502107
Finland,FIN,2017,21.1457473282604
Finland,FIN,2016,20.6838033296157
Finland,FIN,2015,20.2090618722589
Finland,FIN,2014,19.6661048130943
Finland,FIN,2013,19.0733570715343
France,FRA,2023,21.7491423914771
France,FRA,2022,21.3773491158756
France,FRA,2021,21.0507539717053
France,FRA,2020,20.747440901072
France,FRA,2019,20.4100888765873
France,FRA,2018,20.0394210628073
France,FRA,2017,19.6708486830069
France,FRA,2016,19.2846641669454
France,FRA,2015,18.8516269618174
France,FRA,2014,18.387873214191
France,FRA,2013,17.9295780155891
French Polynesia,PYF,2023,10.7255481229446
French Polynesia,PYF,2022,10.1726954325946
French Polynesia,PYF,2021,9.65288500028593
French Polynesia,PYF,2020,9.20636512433338
French Polynesia,PYF,2019,8.77511123216388
French Polynesia,PYF,2018,8.30422188906619
French Polynesia,PYF,2017,7.87488865047048
French Polynesia,PYF,2016,7.55684107780892
French Polynesia,PYF,2015,7.31521668718015
French Polynesia,PYF,2014,7.0737641897698
French Polynesia,PYF,2013,6.83040467372214
Gabon,GAB,2023,4.04183293668656
Gabon,GAB,2022,4.01133890116906
Gabon,GAB,2021,3.99541890048563
Gabon,GAB,2020,3.99306534788006
Gabon,GAB,2019,3.99260397789748
Gabon,GAB,2018,3.99083766231565
Gabon,GAB,2017,3.99443645973388
Gabon,GAB,2016,4.00291671784968
Gabon,GAB,2015,4.01687514805931
Gabon,GAB,2014,4.04210575265511
Gabon,GAB,2013,4.08304293883329
"Gambia, The",GMB,2023,2.97785770163636
"Gambia, The",GMB,2022,2.88979203252834
"Gambia, The",GMB,2021,2.82128229728966
"Gambia, The",GMB,2020,2.76623100181319
"Gambia, The",GMB,2019,2.71508895151666
"Gambia, The",GMB,2018,2.6705969915387
"Gambia, The",GMB,2017,2.63862139221045
"Gambia, The",GMB,2016,2.61985721413654
"Gambia, The",GMB,2015,2.6148231827951
"Gambia, The",GMB,2014,2.62946471470917
"Gambia, The",GMB,2013,2.65258022373117
Georgia,GEO,2023,15.317458316393
Georgia,GEO,2022,15.086921296037
Georgia,GEO,2021,14.9888437253115
Georgia,GEO,2020,14.8874851870996
Georgia,GEO,2019,14.7044720808539
Georgia,GEO,2018,14.5183098161021
Georgia,GEO,2017,14.374380908966
Georgia,GEO,2016,14.2606638033131
Georgia,GEO,2015,14.1419424262625
Georgia,GEO,2014,14.0293265167653
Georgia,GEO,2013,13.8538640763955
Germany,DEU,2023,22.7900439454493
Germany,DEU,2022,22.4589063795192
Germany,DEU,2021,22.1345373657439
Germany,DEU,2020,21.8447281174981
Germany,DEU,2019,21.6283933065816
Germany,DEU,2018,21.4497613850113
Germany,DEU,2017,21.2936405100178
Germany,DEU,2016,21.134996177657
Germany,DEU,2015,21.0533536816501
Germany,DEU,2014,20.9586686898656
Germany,DEU,2013,20.8129761139965
Ghana,GHA,2023,3.6318149146467
Ghana,GHA,2022,3.56150287042033
Ghana,GHA,2021,3.50669069594339
Ghana,GHA,2020,3.46870648905354
Ghana,GHA,2019,3.43641156155462
Ghana,GHA,2018,3.40728721613155
Ghana,GHA,2017,3.38515734651757
Ghana,GHA,2016,3.36936577242403
Ghana,GHA,2015,3.35879820466689
Ghana,GHA,2014,3.35054259133107
Ghana,GHA,2013,3.34807585976035
Gibraltar,GIB,2023,17.4705293666576
Gibraltar,GIB,2022,17.3373748653931
Gibraltar,GIB,2021,17.3284317050341
Gibraltar,GIB,2020,17.424598457413
Gibraltar,GIB,2019,17.46069758269
Gibraltar,GIB,2018,17.5130544557296
Gibraltar,GIB,2017,17.5488034574895
Gibraltar,GIB,2016,17.523062525068
Gibraltar,GIB,2015,17.3292159373352
Gibraltar,GIB,2014,17.0206930180112
Gibraltar,GIB,2013,16.7121808223405
Greece,GRC,2023,23.4829980176041
Greece,GRC,2022,23.2281742678017
Greece,GRC,2021,22.8389533365326
Greece,GRC,2020,22.3934327342108
Greece,GRC,2019,22.1273853041386
Greece,GRC,2018,21.8966337548395
Greece,GRC,2017,21.6563374262051
Greece,GRC,2016,21.3988876993596
Greece,GRC,2015,21.0794802004731
Greece,GRC,2014,20.6970672852563
Greece,GRC,2013,20.2915184129021
Greenland,GRL,2023,10.1193616165229
Greenland,GRL,2022,9.57841062323073
Greenland,GRL,2021,9.1860496239394
Greenland,GRL,2020,8.84458670280584
Greenland,GRL,2019,8.58444476142928
Greenland,GRL,2018,8.3854227041294
Greenland,GRL,2017,8.18337464999732
Greenland,GRL,2016,7.95294411444676
Greenland,GRL,2015,7.71674907623927
Greenland,GRL,2014,7.5436597653677
Greenland,GRL,2013,7.41156901951763
Grenada,GRD,2023,11.8704144993637
Grenada,GRD,2022,11.5213876985451
Grenada,GRD,2021,11.2278521692555
Grenada,GRD,2020,10.9858089581489
Grenada,GRD,2019,10.7581812616667
Grenada,GRD,2018,10.5474928905446
Grenada,GRD,2017,10.363571787453
Grenada,GRD,2016,10.203682793364
Grenada,GRD,2015,10.0670584952388
Grenada,GRD,2014,9.95211663738757
Grenada,GRD,2013,9.85178919171359
Guam,GUM,2023,12.1169443835526
Guam,GUM,2022,11.6412398595472
Guam,GUM,2021,11.1937335857815
Guam,GUM,2020,10.7712847963098
Guam,GUM,2019,10.3310713932562
Guam,GUM,2018,9.87647490925409
Guam,GUM,2017,9.42748791975044
Guam,GUM,2016,8.98476863733648
Guam,GUM,2015,8.54676494577164
Guam,GUM,2014,8.10823876339992
Guam,GUM,2013,7.67534412065085
Guatemala,GTM,2023,4.734740380431
Guatemala,GTM,2022,4.62989239560537
Guatemala,GTM,2021,4.5768111594693
Guatemala,GTM,2020,4.54512130915561
Guatemala,GTM,2019,4.46874605807685
Guatemala,GTM,2018,4.37433087464238
Guatemala,GTM,2017,4.28938967150886
Guatemala,GTM,2016,4.21599740853021
Guatemala,GTM,2015,4.15188561448804
Guatemala,GTM,2014,4.08970314171432
Guatemala,GTM,2013,4.02901411631479
Guinea,GIN,2023,3.44105793716664
Guinea,GIN,2022,3.43104090696519
Guinea,GIN,2021,3.43128298700421
Guinea,GIN,2020,3.44433996602993
Guinea,GIN,2019,3.45692449778455
Guinea,GIN,2018,3.46579167799443
Guinea,GIN,2017,3.47770352792694
Guinea,GIN,2016,3.4919982804648
Guinea,GIN,2015,3.50836699365263
Guinea,GIN,2014,3.53117914840192
Guinea,GIN,2013,3.55677284758324
Guinea-Bissau,GNB,2023,3.14256138954433
Guinea-Bissau,GNB,2022,3.09029227334318
Guinea-Bissau,GNB,2021,3.04676197754902
Guinea-Bissau,GNB,2020,3.01894196214588
Guinea-Bissau,GNB,2019,2.98298111090331
Guinea-Bissau,GNB,2018,2.93416156500409
Guinea-Bissau,GNB,2017,2.88896826785767
Guinea-Bissau,GNB,2016,2.84981086509669
Guinea-Bissau,GNB,2015,2.81952009466785
Guinea-Bissau,GNB,2014,2.79988915196949
Guinea-Bissau,GNB,2013,2.7923498782115
Guyana,GUY,2023,6.47955534741206
Guyana,GUY,2022,6.22245590205894
Guyana,GUY,2021,6.08125010729851
Guyana,GUY,2020,6.0011281992219
Guyana,GUY,2019,5.79881510279633
Guyana,GUY,2018,5.68355598565104
Guyana,GUY,2017,5.62383983416582
Guyana,GUY,2016,5.46390010844112
Guyana,GUY,2015,5.31233649761921
Guyana,GUY,2014,5.16799274490904
Guyana,GUY,2013,5.03398902564793
Haiti,HTI,2023,4.61815413470631
Haiti,HTI,2022,4.54071966651153
Haiti,HTI,2021,4.48425551488204
Haiti,HTI,2020,4.43421149058579
Haiti,HTI,2019,4.37038159637999
Haiti,HTI,2018,4.29881788711147
Haiti,HTI,2017,4.2310954750866
Haiti,HTI,2016,4.16856386152331
Haiti,HTI,2015,4.11116669706763
Haiti,HTI,2014,4.06110051493097
Haiti,HTI,2013,4.013426446186
Honduras,HND,2023,4.29272330819849
Honduras,HND,2022,4.16665073884696
Honduras,HND,2021,4.0706416641638
Honduras,HND,2020,3.99409445424469
Honduras,HND,2019,3.88983564207188
Honduras,HND,2018,3.76996993561992
Honduras,HND,2017,3.6514707524241
Honduras,HND,2016,3.53528544321415
Honduras,HND,2015,3.4226865952786
Honduras,HND,2014,3.31527020626721
Honduras,HND,2013,3.22201663746013
"Hong Kong SAR, China",HKG,2023,21.6452568609024
"Hong Kong SAR, China",HKG,2022,20.6844238114149
"Hong Kong SAR, China",HKG,2021,19.7548994425421
"Hong Kong SAR, China",HKG,2020,18.8252625701822
"Hong Kong SAR, China",HKG,2019,17.9525256642131
"Hong Kong SAR, China",HKG,2018,17.1963488832139
"Hong Kong SAR, China",HKG,2017,16.5707384721456
"Hong Kong SAR, China",HKG,2016,15.9950861294117
"Hong Kong SAR, China",HKG,2015,15.3825958222931
"Hong Kong SAR, China",HKG,2014,14.7773471700699
"Hong Kong SAR, China",HKG,2013,14.2604519202377
Hungary,HUN,2023,20.819084281895
Hungary,HUN,2022,20.6075593133653
Hungary,HUN,2021,20.4050134893418
Hungary,HUN,2020,20.0906737724303
Hungary,HUN,2019,19.6029229874294
Hungary,HUN,2018,19.1292329288769
Hungary,HUN,2017,18.7797493757284
Hungary,HUN,2016,18.4382661409188
Hungary,HUN,2015,18.0559904650891
Hungary,HUN,2014,17.6863017779257
Hungary,HUN,2013,17.3215490022521
Iceland,ISL,2023,15.3483031550157
Iceland,ISL,2022,15.1109948456115
Iceland,ISL,2021,14.8686344991929
Iceland,ISL,2020,14.5643646996569
Iceland,ISL,2019,14.299299000969
Iceland,ISL,2018,14.1209962193995
Iceland,ISL,2017,14.0228770869629
Iceland,ISL,2016,13.9213912898367
Iceland,ISL,2015,13.679345765165
Iceland,ISL,2014,13.3619327506584
Iceland,ISL,2013,13.0702053657851
India,IND,2023,6.92184330138637
India,IND,2022,6.69899975408181
India,IND,2021,6.54579069268807
India,IND,2020,6.41685302336898
India,IND,2019,6.22347304109804
India,IND,2018,6.01925951437221
India,IND,2017,5.8247052897296
India,IND,2016,5.64173085340436
India,IND,2015,5.46921307827757
India,IND,2014,5.30715461269221
India,IND,2013,5.18262772655076
Indonesia,IDN,2023,7.04854077766648
Indonesia,IDN,2022,6.82466625959862
Indonesia,IDN,2021,6.68701065764471
Indonesia,IDN,2020,6.60790527723472
Indonesia,IDN,2019,6.48567879421327
Indonesia,IDN,2018,6.3509593367423
Indonesia,IDN,2017,6.2384335097991
Indonesia,IDN,2016,6.14856356267664
Indonesia,IDN,2015,6.08184727833196
Indonesia,IDN,2014,6.04134063476124
Indonesia,IDN,2013,6.00968683645659
"Iran, Islamic Rep.",IRN,2023,7.91608360551928
"Iran, Islamic Rep.",IRN,2022,7.62900026195697
"Iran, Islamic Rep.",IRN,2021,7.40518218273343
"Iran, Islamic Rep.",IRN,2020,7.22935544150952
"Iran, Islamic Rep.",IRN,2019,7.01598841078797
"Iran, Islamic Rep.",IRN,2018,6.75643435185291
"Iran, Islamic Rep.",IRN,2017,6.50077915475875
"Iran, Islamic Rep.",IRN,2016,6.25108188270571
"Iran, Islamic Rep.",IRN,2015,6.00659988151446
"Iran, Islamic Rep.",IRN,2014,5.77067909295602
"Iran, Islamic Rep.",IRN,2013,5.57949828703863
Iraq,IRQ,2023,3.39670394377039
Iraq,IRQ,2022,3.39760558019799
Iraq,IRQ,2021,3.38104730072539
Iraq,IRQ,2020,3.36039554185808
Iraq,IRQ,2019,3.31720320491488
Iraq,IRQ,2018,3.23303566296358
Iraq,IRQ,2017,3.15072288734421
Iraq,IRQ,2016,3.08574346197846
Iraq,IRQ,2015,3.04510842357688
Iraq,IRQ,2014,3.02041509700436
Iraq,IRQ,2013,3.00146343790312
Ireland,IRL,2023,15.5417068369309
Ireland,IRL,2022,15.16194031114
Ireland,IRL,2021,14.8535759354494
Ireland,IRL,2020,14.5621473419585
Ireland,IRL,2019,14.2437778846663
Ireland,IRL,2018,13.9535917035732
Ireland,IRL,2017,13.6720454120936
Ireland,IRL,2016,13.3920921055483
Ireland,IRL,2015,13.1102542122923
Ireland,IRL,2014,12.7951907142582
Ireland,IRL,2013,12.4475140098686
Isle of Man,IMN,2023,22.7129881008252
Isle of Man,IMN,2022,22.3006703751248
Isle of Man,IMN,2021,22.0467151375356
Isle of Man,IMN,2020,21.8572864560719
Isle of Man,IMN,2019,21.5915384752818
Isle of Man,IMN,2018,21.3190065091193
Isle of Man,IMN,2017,21.0132880431532
Isle of Man,IMN,2016,20.6706922579254
Isle of Man,IMN,2015,20.24391994545
Isle of Man,IMN,2014,19.7401436362011
Isle of Man,IMN,2013,19.2069311814028
Israel,ISR,2023,12.4157088880088
Israel,ISR,2022,12.3030366078735
Israel,ISR,2021,12.1979895950145
Israel,ISR,2020,12.0528770588893
Israel,ISR,2019,11.8854991652299
Israel,ISR,2018,11.7012951661424
Israel,ISR,2017,11.4924645678713
Israel,ISR,2016,11.2613992767727
Israel,ISR,2015,11.0178266647386
Israel,ISR,2014,10.795297915876
Israel,ISR,2013,10.5899969533043
Italy,ITA,2023,24.2187831541913
Italy,ITA,2022,23.929189689659
Italy,ITA,2021,23.6619735523658
Italy,ITA,2020,23.379233231567
Italy,ITA,2019,23.104171093177
Italy,ITA,2018,22.8062143288843
Italy,ITA,2017,22.558669089969
Italy,ITA,2016,22.3095886391617
Italy,ITA,2015,22.0285256126439
Italy,ITA,2014,21.6978740078895
Italy,ITA,2013,21.330672420342
Jamaica,JAM,2023,7.86217693868482
Jamaica,JAM,2022,7.53711329893799
Jamaica,JAM,2021,7.31190233999129
Jamaica,JAM,2020,7.13912515424417
Jamaica,JAM,2019,6.94823486657852
Jamaica,JAM,2018,6.7806520873835
Jamaica,JAM,2017,6.6403659256184
Jamaica,JAM,2016,6.51509031411982
Jamaica,JAM,2015,6.40393658025201
Jamaica,JAM,2014,6.33655707796227
Jamaica,JAM,2013,6.27707066203923
Japan,JPN,2023,29.5618100807812
Japan,JPN,2022,29.4026473056942
Japan,JPN,2021,29.2169970691602
Japan,JPN,2020,28.9181743842737
Japan,JPN,2019,28.6287707536412
Japan,JPN,2018,28.3452163347643
Japan,JPN,2017,27.9778213758677
Japan,JPN,2016,27.5120281384821
Japan,JPN,2015,26.9230034152781
Japan,JPN,2014,26.2261883365166
Japan,JPN,2013,25.4120635790966
Jordan,JOR,2023,4.32230327723143
Jordan,JOR,2022,4.14208054031429
Jordan,JOR,2021,4.0065537381953
Jordan,JOR,2020,3.89908540801378
Jordan,JOR,2019,3.77701553656163
Jordan,JOR,2018,3.64857422445874
Jordan,JOR,2017,3.52500521290032
Jordan,JOR,2016,3.41284721082323
Jordan,JOR,2015,3.31858033894938
Jordan,JOR,2014,3.35011599847379
Jordan,JOR,2013,3.52211870929348
Kazakhstan,KAZ,2023,8.30816704134912
Kazakhstan,KAZ,2022,7.98541663578261
Kazakhstan,KAZ,2021,7.77663023309373
Kazakhstan,KAZ,2020,7.64879145320809
Kazakhstan,KAZ,2019,7.48037890518547
Kazakhstan,KAZ,2018,7.30176395882548
Kazakhstan,KAZ,2017,7.12369405612749
Kazakhstan,KAZ,2016,6.93973967358632
Kazakhstan,KAZ,2015,6.76146357623621
Kazakhstan,KAZ,2014,6.59698135722458
Kazakhstan,KAZ,2013,6.46346293811831
Kenya,KEN,2023,2.91330784287267
Kenya,KEN,2022,2.86391987696116
Kenya,KEN,2021,2.81860394823365
Kenya,KEN,2020,2.78922227999252
Kenya,KEN,2019,2.74689322576961
Kenya,KEN,2018,2.64365458615595
Kenya,KEN,2017,2.54036944015272
Kenya,KEN,2016,2.49676010564838
Kenya,KEN,2015,2.44316524157074
Kenya,KEN,2014,2.34503413633717
Kenya,KEN,2013,2.25415502801872
Kiribati,KIR,2023,4.11829729760319
Kiribati,KIR,2022,4.01552865250999
Kiribati,KIR,2021,3.9574845961504
Kiribati,KIR,2020,3.93024528346775
Kiribati,KIR,2019,3.89281837952558
Kiribati,KIR,2018,3.84531898249968
Kiribati,KIR,2017,3.79299020158055
Kiribati,KIR,2016,3.73866878238998
Kiribati,KIR,2015,3.68403030432735
Kiribati,KIR,2014,3.63879940863548
Kiribati,KIR,2013,3.60993864114513
"Korea, Dem. People's Rep.",PRK,2023,12.0285977805304
"Korea, Dem. People's Rep.",PRK,2022,11.5930531703916
"Korea, Dem. People's Rep.",PRK,2021,11.2824977427361
"Korea, Dem. People's Rep.",PRK,2020,11.0886493855751
"Korea, Dem. People's Rep.",PRK,2019,10.9247931815613
"Korea, Dem. People's Rep.",PRK,2018,10.8409375250363
"Korea, Dem. People's Rep.",PRK,2017,10.87340884649
"Korea, Dem. People's Rep.",PRK,2016,10.986594788575
"Korea, Dem. People's Rep.",PRK,2015,10.9463487303204
"Korea, Dem. People's Rep.",PRK,2014,10.7508541374265
"Korea, Dem. People's Rep.",PRK,2013,10.5613498973714
"Korea, Rep.",KOR,2023,18.3350235838597
"Korea, Rep.",KOR,2022,17.4846463366305
"Korea, Rep.",KOR,2021,16.6596412164908
"Korea, Rep.",KOR,2020,15.822165945989
"Korea, Rep.",KOR,2019,15.0634884441589
"Korea, Rep.",KOR,2018,14.4543760222277
"Korea, Rep.",KOR,2017,13.8737462057967
"Korea, Rep.",KOR,2016,13.3631038531662
"Korea, Rep.",KOR,2015,12.954685714924
"Korea, Rep.",KOR,2014,12.5254091857732
"Korea, Rep.",KOR,2013,12.0971432569738
Kosovo,XKX,2023,9.64385638963536
Kosovo,XKX,2022,9.23920193067768
Kosovo,XKX,2021,8.89014327465316
Kosovo,XKX,2020,8.72145240111293
Kosovo,XKX,2019,8.53982411816925
Kosovo,XKX,2018,8.23044778618587
Kosovo,XKX,2017,7.99174150608641
Kosovo,XKX,2016,7.79406543500305
Kosovo,XKX,2015,7.53752065744061
Kosovo,XKX,2014,7.26580524223451
Kosovo,XKX,2013,7.0743360406611
Kuwait,KWT,2023,2.95275783789783
Kuwait,KWT,2022,2.74657831156504
Kuwait,KWT,2021,3.42330541720944
Kuwait,KWT,2020,3.99581240977568
Kuwait,KWT,2019,3.60361384527711
Kuwait,KWT,2018,3.24320917336232
Kuwait,KWT,2017,2.91711681115618
Kuwait,KWT,2016,2.63844318552757
Kuwait,KWT,2015,2.40886968522768
Kuwait,KWT,2014,2.21769474647318
Kuwait,KWT,2013,2.07172925291626
Kyrgyz Republic,KGZ,2023,5.42703271096246
Kyrgyz Republic,KGZ,2022,5.19936059005824
Kyrgyz Republic,KGZ,2021,5.11075579228056
Kyrgyz Republic,KGZ,2020,5.14875176307459
Kyrgyz Republic,KGZ,2019,5.17384800051124
Kyrgyz Republic,KGZ,2018,5.1512820157017
Kyrgyz Republic,KGZ,2017,5.11917760176021
Kyrgyz Republic,KGZ,2016,5.07955235536804
Kyrgyz Republic,KGZ,2015,4.96654216127541
Kyrgyz Republic,KGZ,2014,4.79470466121749
Kyrgyz Republic,KGZ,2013,4.6301206796728
Lao PDR,LAO,2023,4.53547084357878
Lao PDR,LAO,2022,4.41710766922774
Lao PDR,LAO,2021,4.31806848970176
Lao PDR,LAO,2020,4.24151802227786
Lao PDR,LAO,2019,4.17749001037701
Lao PDR,LAO,2018,4.1282707951479
Lao PDR,LAO,2017,4.10222242423819
Lao PDR,LAO,2016,4.10183240872785
Lao PDR,LAO,2015,4.13108857261085
Lao PDR,LAO,2014,4.11171786370079
Lao PDR,LAO,2013,4.02942832927052
Latvia,LVA,2023,21.3320948408305
Latvia,LVA,2022,21.0117630297337
Latvia,LVA,2021,20.8461609037398
Latvia,LVA,2020,20.6721709557533
Latvia,LVA,2019,20.4072272200842
Latvia,LVA,2018,20.1981958800325
Latvia,LVA,2017,20.0107948444194
Latvia,LVA,2016,19.7753873612594
Latvia,LVA,2015,19.5243158412573
Latvia,LVA,2014,19.2414909818675
Latvia,LVA,2013,18.9296873835699
Lebanon,LBN,2023,9.8244260298251
Lebanon,LBN,2022,9.51346669072451
Lebanon,LBN,2021,9.3044717570272
Lebanon,LBN,2020,9.12370630072702
Lebanon,LBN,2019,8.77970915650001
Lebanon,LBN,2018,8.33008097515432
Lebanon,LBN,2017,7.8471502540207
Lebanon,LBN,2016,7.32786873190107
Lebanon,LBN,2015,6.78958060672056
Lebanon,LBN,2014,6.43898080515482
Lebanon,LBN,2013,6.28491322224943
Lesotho,LSO,2023,3.82680387216458
Lesotho,LSO,2022,3.7929706372461
Lesotho,LSO,2021,3.78511652668843
Lesotho,LSO,2020,3.78888025883309
Lesotho,LSO,2019,3.77981769304005
Lesotho,LSO,2018,3.78136501919076
Lesotho,LSO,2017,3.80087158261016
Lesotho,LSO,2016,3.8399903868811
Lesotho,LSO,2015,3.89919944844927
Lesotho,LSO,2014,3.93997564527287
Lesotho,LSO,2013,3.97003847305913
Liberia,LBR,2023,3.2775620599993
Liberia,LBR,2022,3.2525393175955
Liberia,LBR,2021,3.23290659273066
Liberia,LBR,2020,3.22135500135111
Liberia,LBR,2019,3.21013029964686
Liberia,LBR,2018,3.19698199657575
Liberia,LBR,2017,3.18765532439204
Liberia,LBR,2016,3.18277915252897
Liberia,LBR,2015,3.18482020658746
Liberia,LBR,2014,3.19742803568614
Liberia,LBR,2013,3.21693126664271
Libya,LBY,2023,4.8781294062589
Libya,LBY,2022,4.74866117985336
Libya,LBY,2021,4.67219794889404
Libya,LBY,2020,4.64647211605759
Libya,LBY,2019,4.62502513115857
Libya,LBY,2018,4.60938805494977
Libya,LBY,2017,4.58721729538308
Libya,LBY,2016,4.54150030785756
Libya,LBY,2015,4.47813966690292
Libya,LBY,2014,4.41735475887321
Libya,LBY,2013,4.39321682475026
Liechtenstein,LIE,2023,20.1626344764887
Liechtenstein,LIE,2022,19.6263702724012
Liechtenstein,LIE,2021,19.0797561725233
Liechtenstein,LIE,2020,18.6550416591431
Liechtenstein,LIE,2019,18.2791363163372
Liechtenstein,LIE,2018,17.855409995148
Liechtenstein,LIE,2017,17.3749356019075
Liechtenstein,LIE,2016,16.864282865878
Liechtenstein,LIE,2015,16.370320855615
Liechtenstein,LIE,2014,15.9031281533804
Liechtenstein,LIE,2013,15.3657545380656
Lithuania,LTU,2023,19.8561787800633
Lithuania,LTU,2022,19.8607556942966
Lithuania,LTU,2021,19.9469849122603
Lithuania,LTU,2020,19.9341539675463
Lithuania,LTU,2019,19.8571907989029
Lithuania,LTU,2018,19.7309309832227
Lithuania,LTU,2017,19.504402571296
Lithuania,LTU,2016,19.1757756195781
Lithuania,LTU,2015,18.8803013596424
Lithuania,LTU,2014,18.6035201529541
Lithuania,LTU,2013,18.3577356444558
Luxembourg,LUX,2023,15.1061948765445
Luxembourg,LUX,2022,14.8424375777289
Luxembourg,LUX,2021,14.7153406197971
Luxembourg,LUX,2020,14.5852263807154
Luxembourg,LUX,2019,14.4700667405182
Luxembourg,LUX,2018,14.3776280584969
Luxembourg,LUX,2017,14.3068137144371
Luxembourg,LUX,2016,14.2424413802086
Luxembourg,LUX,2015,14.1954152151927
Luxembourg,LUX,2014,14.1251062865936
Luxembourg,LUX,2013,14.0256757341215
"Macao SAR, China",MAC,2023,13.479471895326
"Macao SAR, China",MAC,2022,12.7420560469024
"Macao SAR, China",MAC,2021,12.0335194887111
"Macao SAR, China",MAC,2020,11.3116365683283
"Macao SAR, China",MAC,2019,10.6213504547121
"Macao SAR, China",MAC,2018,10.0197033267959
"Macao SAR, China",MAC,2017,9.4998178807819
"Macao SAR, China",MAC,2016,9.03601779251992
"Macao SAR, China",MAC,2015,8.61030346572289
"Macao SAR, China",MAC,2014,8.18977099937081
"Macao SAR, China",MAC,2013,7.79140632959383
Madagascar,MDG,2023,3.33516236451659
Madagascar,MDG,2022,3.26762489022296
Madagascar,MDG,2021,3.20730301417432
Madagascar,MDG,2020,3.15356422621173
Madagascar,MDG,2019,3.09198189312276
Madagascar,MDG,2018,3.01848784753958
Madagascar,MDG,2017,2.94338687851329
Madagascar,MDG,2016,2.86662404589863
Madagascar,MDG,2015,2.78825380522701
Madagascar,MDG,2014,2.71282934644595
Madagascar,MDG,2013,2.66844849706382
Malawi,MWI,2023,2.59256771636073
Malawi,MWI,2022,2.61321944653068
Malawi,MWI,2021,2.65376192594518
Malawi,MWI,2020,2.70765099880912
Malawi,MWI,2019,2.76517585218182
Malawi,MWI,2018,2.82687397577763
Malawi,MWI,2017,2.89717991664502
Malawi,MWI,2016,2.97776097480433
Malawi,MWI,2015,3.06993549592414
Malawi,MWI,2014,3.16478836074014
Malawi,MWI,2013,3.26474770114781
Malaysia,MYS,2023,7.45117376160733
Malaysia,MYS,2022,7.18563935667379
Malaysia,MYS,2021,6.95860588634135
Malaysia,MYS,2020,6.7249061388628
Malaysia,MYS,2019,6.48232176367792
Malaysia,MYS,2018,6.26670890587931
Malaysia,MYS,2017,6.06511485190783
Malaysia,MYS,2016,5.87993391755952
Malaysia,MYS,2015,5.70847520142888
Malaysia,MYS,2014,5.5450431033886
Malaysia,MYS,2013,5.38859199036981
Maldives,MDV,2023,4.34510659817412
Maldives,MDV,2022,4.08161318358005
Maldives,MDV,2021,3.92790129292933
Maldives,MDV,2020,3.86970406388133
Maldives,MDV,2019,3.83285048520598
Maldives,MDV,2018,3.83165450746515
Maldives,MDV,2017,3.86766371291352
Maldives,MDV,2016,3.93214198706091
Maldives,MDV,2015,4.01479374243847
Maldives,MDV,2014,4.09799403796266
Maldives,MDV,2013,4.17576402159119
Mali,MLI,2023,2.40531546645959
Mali,MLI,2022,2.4262091377493
Mali,MLI,2021,2.45371417425465
Mali,MLI,2020,2.49059867843247
Mali,MLI,2019,2.52301022604725
Mali,MLI,2018,2.54869997130177
Mali,MLI,2017,2.57634749650993
Mali,MLI,2016,2.60453577129353
Mali,MLI,2015,2.63327015909517
Mali,MLI,2014,2.6696747242889
Mali,MLI,2013,2.7108215158238
Malta,MLT,2023,19.800039778143
Malta,MLT,2022,19.2843700775476
Malta,MLT,2021,18.7721036316463
Malta,MLT,2020,18.4997679496494
Malta,MLT,2019,18.5815714000859
Malta,MLT,2018,18.7496839900321
Malta,MLT,2017,18.8131074315696
Malta,MLT,2016,18.6555640731084
Malta,MLT,2015,18.3273199612118
Malta,MLT,2014,17.9435630039737
Malta,MLT,2013,17.3519818416277
Marshall Islands,MHL,2023,4.38225976768743
Marshall Islands,MHL,2022,4.11208423784215
Marshall Islands,MHL,2021,3.86781734232601
Marshall Islands,MHL,2020,3.70435413812886
Marshall Islands,MHL,2019,3.57333575721768
Marshall Islands,MHL,2018,3.39185160649222
Marshall Islands,MHL,2017,3.19478174901674
Marshall Islands,MHL,2016,3.00362615020227
Marshall Islands,MHL,2015,2.80017622770259
Marshall Islands,MHL,2014,2.58554904008354
Marshall Islands,MHL,2013,2.38156311043586
Mauritania,MRT,2023,3.21532864046301
Mauritania,MRT,2022,3.20850350338802
Mauritania,MRT,2021,3.22146869996237
Mauritania,MRT,2020,3.2601136793713
Mauritania,MRT,2019,3.29913011324822
Mauritania,MRT,2018,3.33540817279263
Mauritania,MRT,2017,3.38544428174658
Mauritania,MRT,2016,3.45096290818668
Mauritania,MRT,2015,3.53342073549181
Mauritania,MRT,2014,3.63322098259497
Mauritania,MRT,2013,3.75036301804466
Mauritius,MUS,2023,12.9415870752551
Mauritius,MUS,2022,12.3957639095405
Mauritius,MUS,2021,11.9015085296574
Mauritius,MUS,2020,11.4011750101113
Mauritius,MUS,2019,10.8947577102786
Mauritius,MUS,2018,10.3966493732511
Mauritius,MUS,2017,9.89137298503473
Mauritius,MUS,2016,9.38091590555375
Mauritius,MUS,2015,8.87991763366248
Mauritius,MUS,2014,8.4197462160542
Mauritius,MUS,2013,8.02578034498505
Mexico,MEX,2023,7.98664578990007
Mexico,MEX,2022,7.74526983999124
Mexico,MEX,2021,7.58575873574664
Mexico,MEX,2020,7.48607987451515
Mexico,MEX,2019,7.33464157467799
Mexico,MEX,2018,7.14422403295026
Mexico,MEX,2017,6.96592017390268
Mexico,MEX,2016,6.8015894842814
Mexico,MEX,2015,6.65084837815842
Mexico,MEX,2014,6.51446394948331
Mexico,MEX,2013,6.39365899489954
"Micronesia, Fed. Sts.",FSM,2023,5.73112966736364
"Micronesia, Fed. Sts.",FSM,2022,5.51940667270222
"Micronesia, Fed. Sts.",FSM,2021,5.28736970826297
"Micronesia, Fed. Sts.",FSM,2020,5.03396699318857
"Micronesia, Fed. Sts.",FSM,2019,4.77276436771186
"Micronesia, Fed. Sts.",FSM,2018,4.52281194983145
"Micronesia, Fed. Sts.",FSM,2017,4.30620698474171
"Micronesia, Fed. Sts.",FSM,2016,4.11186849355257
"Micronesia, Fed. Sts.",FSM,2015,3.91480515657841
"Micronesia, Fed. Sts.",FSM,2014,3.72338462673899
"Micronesia, Fed. Sts.",FSM,2013,3.54928066370392
Moldova,MDA,2023,15.6147071961188
Moldova,MDA,2022,15.1170014189217
Moldova,MDA,2021,14.6975547316048
Moldova,MDA,2020,14.2911788385703
Moldova,MDA,2019,13.8014600191097
Moldova,MDA,2018,13.3074098865074
Moldova,MDA,2017,12.8296483714172
Moldova,MDA,2016,12.2990838824212
Moldova,MDA,2015,11.7091797505114
Moldova,MDA,2014,11.0822689022586
Moldova,MDA,2013,10.6157631674484
Monaco,MCO,2023,36.3572189493409
Monaco,MCO,2022,37.0612486033161
Monaco,MCO,2021,37.3192825810471
Monaco,MCO,2020,36.4633841868044
Monaco,MCO,2019,36.2853919021753
Monaco,MCO,2018,36.2342580822708
Monaco,MCO,2017,35.5777907532247
Monaco,MCO,2016,35.009121150338
Monaco,MCO,2015,34.1159507032674
Monaco,MCO,2014,32.8858503100089
Monaco,MCO,2013,31.5583829379073
Mongolia,MNG,2023,4.8636009012415
Mongolia,MNG,2022,4.61634103806392
Mongolia,MNG,2021,4.43492388778066
Mongolia,MNG,2020,4.30635785893672
Mongolia,MNG,2019,4.17415725035646
Mongolia,MNG,2018,4.04957088820743
Mongolia,MNG,2017,3.95398220054092
Mongolia,MNG,2016,3.8851300244803
Mongolia,MNG,2015,3.83803196041828
Mongolia,MNG,2014,3.8077594923651
Mongolia,MNG,2013,3.79262034296318
Montenegro,MNE,2023,17.4661274844054
Montenegro,MNE,2022,17.1459251034129
Montenegro,MNE,2021,16.9128782703666
Montenegro,MNE,2020,16.6406770460658
Montenegro,MNE,2019,16.2013123164339
Montenegro,MNE,2018,15.7080684318645
Montenegro,MNE,2017,15.2378556506188
Montenegro,MNE,2016,14.8258265738724
Montenegro,MNE,2015,14.420476163943
Montenegro,MNE,2014,14.0035525610354
Montenegro,MNE,2013,13.6939604628851
Morocco,MAR,2023,7.82574109038898
Morocco,MAR,2022,7.5098132650741
Morocco,MAR,2021,7.21841629730986
Morocco,MAR,2020,6.97052126972381
Morocco,MAR,2019,6.72020202315888
Morocco,MAR,2018,6.45847935365639
Morocco,MAR,2017,6.21542948574287
Morocco,MAR,2016,5.99554455752977
Morocco,MAR,2015,5.80213787505015
Morocco,MAR,2014,5.63543604139538
Morocco,MAR,2013,5.49610979729795
Mozambique,MOZ,2023,2.76676995144367
Mozambique,MOZ,2022,2.77309890426475
Mozambique,MOZ,2021,2.79064141946146
Mozambique,MOZ,2020,2.81106994067767
Mozambique,MOZ,2019,2.80919999009516
Mozambique,MOZ,2018,2.79398474315366
Mozambique,MOZ,2017,2.776631662126
Mozambique,MOZ,2016,2.75909067106942
Mozambique,MOZ,2015,2.74244471881563
Mozambique,MOZ,2014,2.72836024619525
Mozambique,MOZ,2013,2.71546408731957
Myanmar,MMR,2023,7.08914980516562
Myanmar,MMR,2022,6.87716132590698
Myanmar,MMR,2021,6.68644928507264
Myanmar,MMR,2020,6.50781568157013
Myanmar,MMR,2019,6.31825313612298
Myanmar,MMR,2018,6.1297183774185
Myanmar,MMR,2017,5.95130203257975
Myanmar,MMR,2016,5.78481355024311
Myanmar,MMR,2015,5.62985745547791
Myanmar,MMR,2014,5.49074745193444
Myanmar,MMR,2013,5.39638498024105
Namibia,NAM,2023,3.57118148422511
Namibia,NAM,2022,3.52321421619307
Namibia,NAM,2021,3.54528788430012
Namibia,NAM,2020,3.57521168486143
Namibia,NAM,2019,3.57099401639958
Namibia,NAM,2018,3.56049185076086
Namibia,NAM,2017,3.55212292064991
Namibia,NAM,2016,3.544524401928
Namibia,NAM,2015,3.53342112062947
Namibia,NAM,2014,3.51670109727423
Namibia,NAM,2013,3.50171975010072
Naoero,NRU,2023,2.67789473684211
Naoero,NRU,2022,2.43199728836539
Naoero,NRU,2021,2.22060895930307
Naoero,NRU,2020,2.11715193678605
Naoero,NRU,2019,2.04108052127384
Naoero,NRU,2018,1.92550642561533
Naoero,NRU,2017,1.78823737195337
Naoero,NRU,2016,1.66367713004484
Naoero,NRU,2015,1.49716998356765
Naoero,NRU,2014,1.37770537584361
Naoero,NRU,2013,1.33117809261196
Nepal,NPL,2023,6.36058770858938
Nepal,NPL,2022,6.19751969986239
Nepal,NPL,2021,6.11086985212219
Nepal,NPL,2020,6.08852455094405
Nepal,NPL,2019,6.04820039203474
Nepal,NPL,2018,5.94674321357334
Nepal,NPL,2017,5.78746945246086
Nepal,NPL,2016,5.6258290419239
Nepal,NPL,2015,5.482604371989
Nepal,NPL,2014,5.3431636925779
Nepal,NPL,2013,5.17974703584589
Netherlands,NLD,2023,20.1567559021407
Netherlands,NLD,2022,19.9012830406524
Netherlands,NLD,2021,19.6618088308361
Netherlands,NLD,2020,19.3703952280046
Netherlands,NLD,2019,19.0648534024819
Netherlands,NLD,2018,18.7510079268288
Netherlands,NLD,2017,18.4202330068604
Netherlands,NLD,2016,18.0943972670713
Netherlands,NLD,2015,17.7566909073968
Netherlands,NLD,2014,17.3524406523196
Netherlands,NLD,2013,16.8801636441145
New Caledonia,NCL,2023,11.0903354785516
New Caledonia,NCL,2022,10.7931095732491
New Caledonia,NCL,2021,10.5087758665423
New Caledonia,NCL,2020,10.2547184584228
New Caledonia,NCL,2019,9.99185489728708
New Caledonia,NCL,2018,9.68078690559743
New Caledonia,NCL,2017,9.38454430674388
New Caledonia,NCL,2016,9.09188739093157
New Caledonia,NCL,2015,8.79654480732286
New Caledonia,NCL,2014,8.51508314531629
New Caledonia,NCL,2013,8.26704524929377
New Zealand,NZL,2023,16.7985801212333
New Zealand,NZL,2022,16.4463886430602
New Zealand,NZL,2021,16.0465779436973
New Zealand,NZL,2020,15.6207179833113
New Zealand,NZL,2019,15.3016117661383
New Zealand,NZL,2018,15.0578869326057
New Zealand,NZL,2017,14.8685528434202
New Zealand,NZL,2016,14.7113008693955
New Zealand,NZL,2015,14.5553593182878
New Zealand,NZL,2014,14.3691784824307
New Zealand,NZL,2013,14.0864276779802
Nicaragua,NIC,2023,5.37928367274053
Nicaragua,NIC,2022,5.23936494428067
Nicaragua,NIC,2021,5.16394845186592
Nicaragua,NIC,2020,5.16069643473754
Nicaragua,NIC,2019,5.11546955676403
Nicaragua,NIC,2018,5.00772646591918
Nicaragua,NIC,2017,4.90176777086147
Nicaragua,NIC,2016,4.79981638674496
Nicaragua,NIC,2015,4.6954695054832
Nicaragua,NIC,2014,4.59283590853132
Nicaragua,NIC,2013,4.51067871165435
Niger,NER,2023,2.57103562491354
Niger,NER,2022,2.55072569807182
Niger,NER,2021,2.53705390631186
Niger,NER,2020,2.52637349031765
Niger,NER,2019,2.5107464204291
Niger,NER,2018,2.49142005101931
Niger,NER,2017,2.47370634430218
Niger,NER,2016,2.45772773034349
Niger,NER,2015,2.44373504287821
Niger,NER,2014,2.43373602570662
Niger,NER,2013,2.42727572184048
Nigeria,NGA,2023,3.02816298955589
Nigeria,NGA,2022,3.00794221997644
Nigeria,NGA,2021,2.99033900886324
Nigeria,NGA,2020,2.98131138144003
Nigeria,NGA,2019,2.97488504235954
Nigeria,NGA,2018,2.96648528719345
Nigeria,NGA,2017,2.96343761248884
Nigeria,NGA,2016,2.96529179502844
Nigeria,NGA,2015,2.97028437512951
Nigeria,NGA,2014,2.98148896123424
Nigeria,NGA,2013,2.99780844948526
North Macedonia,MKD,2023,17.5017325840163
North Macedonia,MKD,2022,17.047678201619
North Macedonia,MKD,2021,16.724393369915
North Macedonia,MKD,2020,16.3463390126845
North Macedonia,MKD,2019,15.7588026396984
North Macedonia,MKD,2018,15.0850497869881
North Macedonia,MKD,2017,14.4580662828714
North Macedonia,MKD,2016,13.9040754168431
North Macedonia,MKD,2015,13.4042646662284
North Macedonia,MKD,2014,12.9263524713146
North Macedonia,MKD,2013,12.458575061591
Northern Mariana Islands,MNP,2023,8.73335843873912
Northern Mariana Islands,MNP,2022,7.78028560267373
Northern Mariana Islands,MNP,2021,6.92756337938228
Northern Mariana Islands,MNP,2020,6.18793132469281
Northern Mariana Islands,MNP,2019,5.71277192545035
Northern Mariana Islands,MNP,2018,5.43227988670864
Northern Mariana Islands,MNP,2017,5.13326060630323
Northern Mariana Islands,MNP,2016,4.82736887715912
Northern Mariana Islands,MNP,2015,4.50949751036136
Northern Mariana Islands,MNP,2014,4.20096399858179
Northern Mariana Islands,MNP,2013,3.89040524659767
Norway,NOR,2023,18.5338475896816
Norway,NOR,2022,18.3301335040316
Norway,NOR,2021,18.0740226148213
Norway,NOR,2020,17.7281839266957
Norway,NOR,2019,17.3948556308139
Norway,NOR,2018,17.0853969570307
Norway,NOR,2017,16.7812420495177
Norway,NOR,2016,16.5172709689852
Norway,NOR,2015,16.2747739736493
Norway,NOR,2014,16.0283762490523
Norway,NOR,2013,15.7789144734543
Oman,OMN,2023,2.66044451186895
Oman,OMN,2022,2.65754744065083
Oman,OMN,2021,2.6159646291105
Oman,OMN,2020,2.60702247088527
Oman,OMN,2019,2.61074293420886
Oman,OMN,2018,2.5835616542633
Oman,OMN,2017,2.5501848912697
Oman,OMN,2016,2.55013946528911
Oman,OMN,2015,2.57491526071741
Oman,OMN,2014,2.56383670057183
Oman,OMN,2013,2.57740590357684
Pakistan,PAK,2023,4.19627145721884
Pakistan,PAK,2022,4.11167709278366
Pakistan,PAK,2021,4.05217393000066
Pakistan,PAK,2020,4.02265777208311
Pakistan,PAK,2019,3.98447495645256
Pakistan,PAK,2018,3.93281543027845
Pakistan,PAK,2017,3.88886536895529
Pakistan,PAK,2016,3.85041862791259
Pakistan,PAK,2015,3.82091940742152
Pakistan,PAK,2014,3.80534429416474
Pakistan,PAK,2013,3.78994632917293
Palau,PLW,2023,10.8503737131575
Palau,PLW,2022,10.3778365898981
Palau,PLW,2021,9.93645616600124
Palau,PLW,2020,9.52113309352518
Palau,PLW,2019,9.09371839532532
Palau,PLW,2018,8.6699037301075
Palau,PLW,2017,8.25286323826634
Palau,PLW,2016,7.84401865482947
Palau,PLW,2015,7.5185008019359
Palau,PLW,2014,7.25656223539373
Palau,PLW,2013,6.96112873980054
Panama,PAN,2023,9.05673529338545
Panama,PAN,2022,8.76630082942247
Panama,PAN,2021,8.50886165961516
Panama,PAN,2020,8.29341612354804
Panama,PAN,2019,8.06954352497892
Panama,PAN,2018,7.82908880947431
Panama,PAN,2017,7.60642319638852
Panama,PAN,2016,7.39857533463231
Panama,PAN,2015,7.19795496731152
Panama,PAN,2014,6.99880437311421
Panama,PAN,2013,6.80838082052801
Papua New Guinea,PNG,2023,3.34830819369497
Papua New Guinea,PNG,2022,3.24702044791082
Papua New Guinea,PNG,2021,3.17095573548352
Papua New Guinea,PNG,2020,3.11055843898968
Papua New Guinea,PNG,2019,3.05067327435397
Papua New Guinea,PNG,2018,2.99107558895945
Papua New Guinea,PNG,2017,2.93653337493684
Papua New Guinea,PNG,2016,2.88799552094785
Papua New Guinea,PNG,2015,2.84453851578693
Papua New Guinea,PNG,2014,2.80850187148594
Papua New Guinea,PNG,2013,2.77963878606923
Paraguay,PRY,2023,6.36927529015307
Paraguay,PRY,2022,6.23091107355945
Paraguay,PRY,2021,6.18754097360006
Paraguay,PRY,2020,6.15003817155416
Paraguay,PRY,2019,6.03178053058008
Paraguay,PRY,2018,5.90441846341313
Paraguay,PRY,2017,5.78578076551032
Paraguay,PRY,2016,5.67323334495096
Paraguay,PRY,2015,5.56309092411671
Paraguay,PRY,2014,5.44661110535402
Paraguay,PRY,2013,5.32268161261825
Peru,PER,2023,8.99256615708912
Peru,PER,2022,8.81067934047644
Peru,PER,2021,8.75409226031146
Peru,PER,2020,8.71807503122965
Peru,PER,2019,8.60697377690978
Peru,PER,2018,8.50395140434384
Peru,PER,2017,8.4037750924899
Peru,PER,2016,8.30477229297199
Peru,PER,2015,8.19443422988023
Peru,PER,2014,8.02200809634111
Peru,PER,2013,7.82223601854979
Philippines,PHL,2023,5.26217156111322
Philippines,PHL,2022,5.04131518299472
Philippines,PHL,2021,4.8807304447929
Philippines,PHL,2020,4.72567431073939
Philippines,PHL,2019,4.51942674426754
Philippines,PHL,2018,4.31408910623004
Philippines,PHL,2017,4.11815540339097
Philippines,PHL,2016,3.93781110895032
Philippines,PHL,2015,3.77024234469686
Philippines,PHL,2014,3.62337717155712
Philippines,PHL,2013,3.50982278595893
Poland,POL,2023,19.5609114692528
Poland,POL,2022,19.0192157040405
Poland,POL,2021,18.5352368986876
Poland,POL,2020,18.0760468179361
Poland,POL,2019,17.5584217024462
Poland,POL,2018,17.0145616085721
Poland,POL,2017,16.4659360432975
Poland,POL,2016,15.9129115092505
Poland,POL,2015,15.3775328347538
Poland,POL,2014,14.8828006858362
Poland,POL,2013,14.4308218173312
Portugal,PRT,2023,24.1115106141099
Portugal,PRT,2022,23.688003515383
Portugal,PRT,2021,23.2908706037669
Portugal,PRT,2020,22.8627033998973
Portugal,PRT,2019,22.3900784021367
Portugal,PRT,2018,21.9323930135851
Portugal,PRT,2017,21.4882830483163
Portugal,PRT,2016,21.026998642616
Portugal,PRT,2015,20.5742532955034
Portugal,PRT,2014,20.1141031472732
Portugal,PRT,2013,19.6276592820198
Puerto Rico (US),PRI,2023,24.2437244035166
Puerto Rico (US),PRI,2022,23.8149799974915
Puerto Rico (US),PRI,2021,23.2057721450506
Puerto Rico (US),PRI,2020,22.4538395905739
Puerto Rico (US),PRI,2019,21.6954965103704
Puerto Rico (US),PRI,2018,20.929871358282
Puerto Rico (US),PRI,2017,19.9137956984448
Puerto Rico (US),PRI,2016,18.9020880996373
Puerto Rico (US),PRI,2015,18.1467548731668
Puerto Rico (US),PRI,2014,17.4810920560341
Puerto Rico (US),PRI,2013,16.9323569100211
Qatar,QAT,2023,1.57209502793142
Qatar,QAT,2022,1.39110202233051
Qatar,QAT,2021,1.30386268899766
Qatar,QAT,2020,1.24769251348821
Qatar,QAT,2019,1.17212029932225
Qatar,QAT,2018,1.14427291316419
Qatar,QAT,2017,1.12252533934654
Qatar,QAT,2016,1.08622390331203
Qatar,QAT,2015,1.05084577481311
Qatar,QAT,2014,1.06179216109832
Qatar,QAT,2013,1.08472179789742
Romania,ROU,2023,19.7531409207066
Romania,ROU,2022,19.5152470245056
Romania,ROU,2021,19.3269658332554
Romania,ROU,2020,19.0166656963587
Romania,ROU,2019,18.604236526527
Romania,ROU,2018,18.2496778221635
Romania,ROU,2017,17.9121340991497
Romania,ROU,2016,17.5741928757273
Romania,ROU,2015,17.209625303825
Romania,ROU,2014,16.7939266755188
Romania,ROU,2013,16.4582814237269
Russian Federation,RUS,2023,16.6046427349856
Russian Federation,RUS,2022,16.0755362936472
Russian Federation,RUS,2021,15.7333987949149
Russian Federation,RUS,2020,15.4721422383228
Russian Federation,RUS,2019,15.063299330246
Russian Federation,RUS,2018,14.6302500942335
Russian Federation,RUS,2017,14.2409291689874
Russian Federation,RUS,2016,13.8715252574284
Russian Federation,RUS,2015,13.534464750748
Russian Federation,RUS,2014,13.1683587965298
Russian Federation,RUS,2013,12.883783946717
Rwanda,RWA,2023,3.82185022198798
Rwanda,RWA,2022,3.72144812515979
Rwanda,RWA,2021,3.60565799542652
Rwanda,RWA,2020,3.47570155666262
Rwanda,RWA,2019,3.35702522122747
Rwanda,RWA,2018,3.24675392272707
Rwanda,RWA,2017,3.14278477802991
Rwanda,RWA,2016,3.04670211037116
Rwanda,RWA,2015,2.96109405978786
Rwanda,RWA,2014,2.88932706612205
Rwanda,RWA,2013,2.83577804340262
Samoa,WSM,2023,5.70563501843877
Samoa,WSM,2022,5.55629109845977
Samoa,WSM,2021,5.42078501630188
Samoa,WSM,2020,5.29833352206243
Samoa,WSM,2019,5.17090564139966
Samoa,WSM,2018,5.05631509475773
Samoa,WSM,2017,4.94609679453008
Samoa,WSM,2016,4.87889375377766
Samoa,WSM,2015,4.87332864180155
Samoa,WSM,2014,4.87384833805746
Samoa,WSM,2013,4.88151168743396
San Marino,SMR,2023,21.6823538130883
San Marino,SMR,2022,21.0237606336169
San Marino,SMR,2021,20.3977149468508
San Marino,SMR,2020,19.9490918503818
San Marino,SMR,2019,19.6534210602257
San Marino,SMR,2018,19.3159274222744
San Marino,SMR,2017,18.9976147536215
San Marino,SMR,2016,18.7418585249477
San Marino,SMR,2015,18.4876552314091
San Marino,SMR,2014,18.2250819113134
San Marino,SMR,2013,17.9595478881618
Sao Tome and Principe,STP,2023,3.86730280697271
Sao Tome and Principe,STP,2022,3.84856719913391
Sao Tome and Principe,STP,2021,3.83175422709395
Sao Tome and Principe,STP,2020,3.84000699061097
Sao Tome and Principe,STP,2019,3.82254255079853
Sao Tome and Principe,STP,2018,3.74380908429161
Sao Tome and Principe,STP,2017,3.67057140993523
Sao Tome and Principe,STP,2016,3.61066039565317
Sao Tome and Principe,STP,2015,3.57155338981782
Sao Tome and Principe,STP,2014,3.5554742411075
Sao Tome and Principe,STP,2013,3.55867924772518
Saudi Arabia,SAU,2023,2.81950386919403
Saudi Arabia,SAU,2022,2.70249417477226
Saudi Arabia,SAU,2021,2.61855430769317
Saudi Arabia,SAU,2020,2.52258164711042
Saudi Arabia,SAU,2019,2.45024814989585
Saudi Arabia,SAU,2018,2.38074635666274
Saudi Arabia,SAU,2017,2.28023790995907
Saudi Arabia,SAU,2016,2.21365075571716
Saudi Arabia,SAU,2015,2.22811303229385
Saudi Arabia,SAU,2014,2.28000575968204
Saudi Arabia,SAU,2013,2.32822122505455
Senegal,SEN,2023,3.5903878360666
Senegal,SEN,2022,3.56339204411192
Senegal,SEN,2021,3.54310568518721
Senegal,SEN,2020,3.52746594325007
Senegal,SEN,2019,3.51051951175819
Senegal,SEN,2018,3.49937511383095
Senegal,SEN,2017,3.498380920997
Senegal,SEN,2016,3.5068960130787
Senegal,SEN,2015,3.52362334286885
Senegal,SEN,2014,3.54860725101498
Senegal,SEN,2013,3.57918390028218
Serbia,SRB,2023,22.3383596618497
Serbia,SRB,2022,22.0776743361109
Serbia,SRB,2021,21.888601009739
Serbia,SRB,2020,21.5708751193576
Serbia,SRB,2019,21.0643608505556
Serbia,SRB,2018,20.4864046664261
Serbia,SRB,2017,19.9073825690271
Serbia,SRB,2016,19.3853692133533
Serbia,SRB,2015,18.883979706442
Serbia,SRB,2014,18.3902831005496
Serbia,SRB,2013,17.9500038447375
Seychelles,SYC,2023,8.33095611193391
Seychelles,SYC,2022,8.14754326913502
Seychelles,SYC,2021,7.89185892875292
Seychelles,SYC,2020,7.57787365638327
Seychelles,SYC,2019,7.36545956030786
Seychelles,SYC,2018,7.2279207232267
Seychelles,SYC,2017,7.1411099696246
Seychelles,SYC,2016,7.09153986942388
Seychelles,SYC,2015,7.05775929198588
Seychelles,SYC,2014,7.03075357485822
Seychelles,SYC,2013,7.03136861179812
Sierra Leone,SLE,2023,3.20667945391485
Sierra Leone,SLE,2022,3.17537929635059
Sierra Leone,SLE,2021,3.15159411173026
Sierra Leone,SLE,2020,3.14095012004967
Sierra Leone,SLE,2019,3.13516272846153
Sierra Leone,SLE,2018,3.12991631680085
Sierra Leone,SLE,2017,3.13219453500935
Sierra Leone,SLE,2016,3.1406826212018
Sierra Leone,SLE,2015,3.15426090082563
Sierra Leone,SLE,2014,3.18524922615589
Sierra Leone,SLE,2013,3.22857964375162
Singapore,SGP,2023,13.0953667239036
Singapore,SGP,2022,12.6908966015146
Singapore,SGP,2021,12.258194216314
Singapore,SGP,2020,11.5849477696371
Singapore,SGP,2019,10.9750531897302
Singapore,SGP,2018,10.4836486140996
Singapore,SGP,2017,9.96401995439571
Singapore,SGP,2016,9.44794121187799
Singapore,SGP,2015,8.99820725948152
Singapore,SGP,2014,8.57606405394016
Singapore,SGP,2013,8.16514295512923
Sint Maarten (Dutch part),SXM,2023,13.4470981777352
Sint Maarten (Dutch part),SXM,2022,12.9762568672354
Sint Maarten (Dutch part),SXM,2021,12.3198864593106
Sint Maarten (Dutch part),SXM,2020,11.4820459672011
Sint Maarten (Dutch part),SXM,2019,10.6426970743726
Sint Maarten (Dutch part),SXM,2018,9.83204069298952
Sint Maarten (Dutch part),SXM,2017,9.09312374187427
Sint Maarten (Dutch part),SXM,2016,8.35838845460012
Sint Maarten (Dutch part),SXM,2015,7.64447646878294
Sint Maarten (Dutch part),SXM,2014,7.0408900644915
Sint Maarten (Dutch part),SXM,2013,6.50555028727618
Slovak Republic,SVK,2023,18.0508365765507
Slovak Republic,SVK,2022,17.5706371952843
Slovak Republic,SVK,2021,17.1648882487724
Slovak Republic,SVK,2020,16.7640891006244
Slovak Republic,SVK,2019,16.259188968312
Slovak Republic,SVK,2018,15.7269155531126
Slovak Republic,SVK,2017,15.2000556322042
Slovak Republic,SVK,2016,14.6624290456748
Slovak Republic,SVK,2015,14.1487853575038
Slovak Republic,SVK,2014,13.6950033798192
Slovak Republic,SVK,2013,13.2842884791878
Slovenia,SVN,2023,21.3323429613727
Slovenia,SVN,2022,20.8812714279501
Slovenia,SVN,2021,20.4309073032618
Slovenia,SVN,2020,20.1213887142885
Slovenia,SVN,2019,19.8516683589804
Slovenia,SVN,2018,19.4617683036878
Slovenia,SVN,2017,19.0009988314642
Slovenia,SVN,2016,18.5120548294753
Slovenia,SVN,2015,18.0184247458794
Slovenia,SVN,2014,17.5469496825326
Slovenia,SVN,2013,17.1479957003396
Solomon Islands,SLB,2023,3.62653756755422
Solomon Islands,SLB,2022,3.62869463015929
Solomon Islands,SLB,2021,3.65490567361425
Solomon Islands,SLB,2020,3.70276347283673
Solomon Islands,SLB,2019,3.7418955238434
Solomon Islands,SLB,2018,3.71667787804558
Solomon Islands,SLB,2017,3.64059174108884
Solomon Islands,SLB,2016,3.57280618256782
Solomon Islands,SLB,2015,3.5178248868106
Solomon Islands,SLB,2014,3.47831443262204
Solomon Islands,SLB,2013,3.45527737858121
"Somalia, Fed. Rep.",SOM,2023,2.56456709833503
"Somalia, Fed. Rep.",SOM,2022,2.5418133808998
"Somalia, Fed. Rep.",SOM,2021,2.5370971711291
"Somalia, Fed. Rep.",SOM,2020,2.53722999565707
"Somalia, Fed. Rep.",SOM,2019,2.51777325278675
"Somalia, Fed. Rep.",SOM,2018,2.48885834651918
"Somalia, Fed. Rep.",SOM,2017,2.46189328494081
"Somalia, Fed. Rep.",SOM,2016,2.43113332599239
"Somalia, Fed. Rep.",SOM,2015,2.39233268053472
"Somalia, Fed. Rep.",SOM,2014,2.36260888815023
"Somalia, Fed. Rep.",SOM,2013,2.35034988864645
South Africa,ZAF,2023,6.51509367622564
South Africa,ZAF,2022,6.3616265627803
South Africa,ZAF,2021,6.23462554910074
South Africa,ZAF,2020,6.10948899119405
South Africa,ZAF,2019,5.94522019077183
South Africa,ZAF,2018,5.77660923535215
South Africa,ZAF,2017,5.62805566504697
South Africa,ZAF,2016,5.47353488678247
South Africa,ZAF,2015,5.36961143105032
South Africa,ZAF,2014,5.3311549776334
South Africa,ZAF,2013,5.28784272783352
South Sudan,SSD,2023,2.91238881534295
South Sudan,SSD,2022,2.83579045886885
South Sudan,SSD,2021,2.76169313201629
South Sudan,SSD,2020,2.69393736504492
South Sudan,SSD,2019,2.62643590603589
South Sudan,SSD,2018,2.56144511639214
South Sudan,SSD,2017,2.52351716932591
South Sudan,SSD,2016,2.51922835075791
South Sudan,SSD,2015,2.53487680441832
South Sudan,SSD,2014,2.55865282578283
South Sudan,SSD,2013,2.56814817080234
Spain,ESP,2023,20.6537075238774
Spain,ESP,2022,20.1879992491906
Spain,ESP,2021,19.8133822943511
Spain,ESP,2020,19.5596160856506
Spain,ESP,2019,19.3818276285973
Spain,ESP,2018,19.2023408408683
Spain,ESP,2017,18.9928200430073
Spain,ESP,2016,18.7673388766097
Spain,ESP,2015,18.5417546078088
Spain,ESP,2014,18.2556448430349
Spain,ESP,2013,17.850818523935
Sri Lanka,LKA,2023,11.7387099915518
Sri Lanka,LKA,2022,11.3824347880542
Sri Lanka,LKA,2021,11.0456449788576
Sri Lanka,LKA,2020,10.7157108470966
Sri Lanka,LKA,2019,10.3754608627101
Sri Lanka,LKA,2018,10.0359733858419
Sri Lanka,LKA,2017,9.69368587386127
Sri Lanka,LKA,2016,9.34550801437968
Sri Lanka,LKA,2015,8.99054561576392
Sri Lanka,LKA,2014,8.63567606310462
Sri Lanka,LKA,2013,8.29233506128403
St. Kitts and Nevis,KNA,2023,10.6965652936396
St. Kitts and Nevis,KNA,2022,10.2356051766771
St. Kitts and Nevis,KNA,2021,9.86570579304151
St. Kitts and Nevis,KNA,2020,9.43567313846811
St. Kitts and Nevis,KNA,2019,8.95605039242623
St. Kitts and Nevis,KNA,2018,8.52824489188126
St. Kitts and Nevis,KNA,2017,8.15187936366245
St. Kitts and Nevis,KNA,2016,7.84607377667314
St. Kitts and Nevis,KNA,2015,7.62091850278736
St. Kitts and Nevis,KNA,2014,7.48051561935909
St. Kitts and Nevis,KNA,2013,7.40189933926788
St. Lucia,LCA,2023,9.29807094310997
St. Lucia,LCA,2022,9.00319385169565
St. Lucia,LCA,2021,8.83336507545289
St. Lucia,LCA,2020,8.70909198010665
St. Lucia,LCA,2019,8.52717105281673
St. Lucia,LCA,2018,8.36586316568465
St. Lucia,LCA,2017,8.22379240339794
St. Lucia,LCA,2016,8.10009906288786
St. Lucia,LCA,2015,7.98807349153395
St. Lucia,LCA,2014,7.87677624419643
St. Lucia,LCA,2013,7.75948341249996
St. Martin (French part),MAF,2023,17.2036562539752
St. Martin (French part),MAF,2022,16.34540447862
St. Martin (French part),MAF,2021,15.8556122959848
St. Martin (French part),MAF,2020,18.1432077015038
St. Martin (French part),MAF,2019,16.2097091911926
St. Martin (French part),MAF,2018,10.2785182716872
St. Martin (French part),MAF,2017,8.11129962673906
St. Martin (French part),MAF,2016,7.55077336919973
St. Martin (French part),MAF,2015,7.0339051085124
St. Martin (French part),MAF,2014,6.63809561955114
St. Martin (French part),MAF,2013,6.31104934724802
St. Vincent and the Grenadines,VCT,2023,11.5630782896198
St. Vincent and the Grenadines,VCT,2022,11.2434588322913
St. Vincent and the Grenadines,VCT,2021,10.966929531996
St. Vincent and the Grenadines,VCT,2020,10.7774858489655
St. Vincent and the Grenadines,VCT,2019,10.5407662695479
St. Vincent and the Grenadines,VCT,2018,10.2353086937461
St. Vincent and the Grenadines,VCT,2017,9.97085072352669
St. Vincent and the Grenadines,VCT,2016,9.73826617206637
St. Vincent and the Grenadines,VCT,2015,9.52645848915482
St. Vincent and the Grenadines,VCT,2014,9.32068628818524
St. Vincent and the Grenadines,VCT,2013,9.13159878115882
Sudan,SDN,2023,3.21166042888835
Sudan,SDN,2022,3.12501104243737
Sudan,SDN,2021,3.05363725791981
Sudan,SDN,2020,2.98989739754432
Sudan,SDN,2019,2.9179533217527
Sudan,SDN,2018,2.84336548392882
Sudan,SDN,2017,2.77804346419624
Sudan,SDN,2016,2.72096931324978
Sudan,SDN,2015,2.67303734220435
Sudan,SDN,2014,2.63940603943228
Sudan,SDN,2013,2.61606008397562
Suriname,SUR,2023,7.62149260756322
Suriname,SUR,2022,7.3556078335719
Suriname,SUR,2021,7.164393360695
Suriname,SUR,2020,6.98356160580353
Suriname,SUR,2019,6.77123915426368
Suriname,SUR,2018,6.58676841600467
Suriname,SUR,2017,6.40865199178728
Suriname,SUR,2016,6.2495214859202
Suriname,SUR,2015,6.12626305174966
Suriname,SUR,2014,6.0403425256312
Suriname,SUR,2013,5.98590559207058
Sweden,SWE,2023,20.5364235623884
Sweden,SWE,2022,20.3419018248482
Sweden,SWE,2021,20.1967832299352
Sweden,SWE,2020,20.0599853974717
Sweden,SWE,2019,19.9506621429353
Sweden,SWE,2018,19.8625371600706
Sweden,SWE,2017,19.8018336203973
Sweden,SWE,2016,19.773834861054
Sweden,SWE,2015,19.6982615865952
Sweden,SWE,2014,19.5210692673755
Sweden,SWE,2013,19.2744218602549
Switzerland,CHE,2023,19.6113808360035
Switzerland,CHE,2022,19.2186649457438
Switzerland,CHE,2021,18.9280297681521
Switzerland,CHE,2020,18.75153888659
Switzerland,CHE,2019,18.582145616847
Switzerland,CHE,2018,18.3875840156537
Switzerland,CHE,2017,18.2004755827912
Switzerland,CHE,2016,18.0385893516831
Switzerland,CHE,2015,17.8893566752222
Switzerland,CHE,2014,17.7142281195699
Switzerland,CHE,2013,17.5205488628266
Syrian Arab Republic,SYR,2023,4.68683691195235
Syrian Arab Republic,SYR,2022,4.66656330771211
Syrian Arab Republic,SYR,2021,4.61846785630824
Syrian Arab Republic,SYR,2020,4.54759604167885
Syrian Arab Republic,SYR,2019,4.4946862790511
Syrian Arab Republic,SYR,2018,4.46661775083008
Syrian Arab Republic,SYR,2017,4.39669751384003
Syrian Arab Republic,SYR,2016,4.29243069134678
Syrian Arab Republic,SYR,2015,4.16985034145845
Syrian Arab Republic,SYR,2014,3.98945498688717
Syrian Arab Republic,SYR,2013,3.75405730879808
Tajikistan,TJK,2023,3.65005635094848
Tajikistan,TJK,2022,3.47287654894973
Tajikistan,TJK,2021,3.33981193867687
Tajikistan,TJK,2020,3.26006644264741
Tajikistan,TJK,2019,3.18626005591206
Tajikistan,TJK,2018,3.10246232728538
Tajikistan,TJK,2017,3.03561676461647
Tajikistan,TJK,2016,2.98491444094617
Tajikistan,TJK,2015,2.95521434917814
Tajikistan,TJK,2014,2.94940913070147
Tajikistan,TJK,2013,2.96639530343208
Tanzania,TZA,2023,3.04319999848689
Tanzania,TZA,2022,3.03504980952398
Tanzania,TZA,2021,3.02778931323895
Tanzania,TZA,2020,3.01899055886357
Tanzania,TZA,2019,3.00234097600619
Tanzania,TZA,2018,2.982650016663
Tanzania,TZA,2017,2.96645421288993
Tanzania,TZA,2016,2.95556650523252
Tanzania,TZA,2015,2.94766271335005
Tanzania,TZA,2014,2.93573510697886
Tanzania,TZA,2013,2.91360653780026
Thailand,THA,2023,14.7182560815403
Thailand,THA,2022,14.0967841661394
Thailand,THA,2021,13.4920297885888
Thailand,THA,2020,12.8979852852991
Thailand,THA,2019,12.3287535151114
Thailand,THA,2018,11.7833301811334
Thailand,THA,2017,11.2659962515276
Thailand,THA,2016,10.7814783921017
Thailand,THA,2015,10.3239727428364
Thailand,THA,2014,9.89422316519326
Thailand,THA,2013,9.50238115795486
Timor-Leste,TLS,2023,5.33415782576722
Timor-Leste,TLS,2022,5.40526131868541
Timor-Leste,TLS,2021,5.48117841243695
Timor-Leste,TLS,2020,5.53563638269497
Timor-Leste,TLS,2019,5.56015264294518
Timor-Leste,TLS,2018,5.54947298463352
Timor-Leste,TLS,2017,5.49459416490973
Timor-Leste,TLS,2016,5.38991941376434
Timor-Leste,TLS,2015,5.26079519123017
Timor-Leste,TLS,2014,5.13882901607449
Timor-Leste,TLS,2013,5.0146069500602
Togo,TGO,2023,3.60486876584568
Togo,TGO,2022,3.61433732873147
Togo,TGO,2021,3.57621857176555
Togo,TGO,2020,3.5890095266417
Togo,TGO,2019,3.63365781159263
Togo,TGO,2018,3.65692500314419
Togo,TGO,2017,3.60684158371773
Togo,TGO,2016,3.52480334358948
Togo,TGO,2015,3.4612448670735
Togo,TGO,2014,3.42702796511323
Togo,TGO,2013,3.42406537107463
Tonga,TON,2023,6.60245225746313
Tonga,TON,2022,6.50073304011729
Tonga,TON,2021,6.42196616724887
Tonga,TON,2020,6.3351733859333
Tonga,TON,2019,6.23547949029758
Tonga,TON,2018,6.14636271923385
Tonga,TON,2017,6.06850140714059
Tonga,TON,2016,6.02896023653387
Tonga,TON,2015,6.0082944530845
Tonga,TON,2014,5.99714845838531
Tonga,TON,2013,5.98538441782821
Trinidad and Tobago,TTO,2023,11.8539588437937
Trinidad and Tobago,TTO,2022,11.3581160508757
Trinidad and Tobago,TTO,2021,10.9155131938691
Trinidad and Tobago,TTO,2020,10.4441624322639
Trinidad and Tobago,TTO,2019,9.84595533418547
Trinidad and Tobago,TTO,2018,9.34493513682419
Trinidad and Tobago,TTO,2017,8.93160783125257
Trinidad and Tobago,TTO,2016,8.46355598298152
Trinidad and Tobago,TTO,2015,8.0072712591796
Trinidad and Tobago,TTO,2014,7.57604064085554
Trinidad and Tobago,TTO,2013,7.18056734385585
Tunisia,TUN,2023,9.16627453571107
Tunisia,TUN,2022,8.83897616977039
Tunisia,TUN,2021,8.55788701156501
Tunisia,TUN,2020,8.28177534147365
Tunisia,TUN,2019,7.94574369640089
Tunisia,TUN,2018,7.62598609691059
Tunisia,TUN,2017,7.37113523511462
Tunisia,TUN,2016,7.16166955374354
Tunisia,TUN,2015,6.96910280274163
Tunisia,TUN,2014,6.80776914692972
Tunisia,TUN,2013,6.70197324644508
Turkiye,TUR,2023,10.0010276668343
Turkiye,TUR,2022,9.71952040624191
Turkiye,TUR,2021,9.38495985854274
Turkiye,TUR,2020,8.96386441657962
Turkiye,TUR,2019,8.52263227141434
Turkiye,TUR,2018,8.17189463389264
Turkiye,TUR,2017,7.94642994912766
Turkiye,TUR,2016,7.75965087531105
Turkiye,TUR,2015,7.61843212730696
Turkiye,TUR,2014,7.52518633862966
Turkiye,TUR,2013,7.43312133781708
Turkmenistan,TKM,2023,4.27238303859711
Turkmenistan,TKM,2022,4.0446776455345
Turkmenistan,TKM,2021,3.88663013699789
Turkmenistan,TKM,2020,3.79772434528667
Turkmenistan,TKM,2019,3.72875616489817
Turkmenistan,TKM,2018,3.67195730944701
Turkmenistan,TKM,2017,3.62729809971045
Turkmenistan,TKM,2016,3.59089666245862
Turkmenistan,TKM,2015,3.56561616662135
Turkmenistan,TKM,2014,3.55647629912878
Turkmenistan,TKM,2013,3.56652362610599
Turks and Caicos Islands,TCA,2023,10.8987402052037
Turks and Caicos Islands,TCA,2022,10.6058127487867
Turks and Caicos Islands,TCA,2021,10.3307657453557
Turks and Caicos Islands,TCA,2020,10.077615437474
Turks and Caicos Islands,TCA,2019,9.8145509724201
Turks and Caicos Islands,TCA,2018,9.47218980473309
Turks and Caicos Islands,TCA,2017,9.08362041966802
Turks and Caicos Islands,TCA,2016,8.67806342163644
Turks and Caicos Islands,TCA,2015,8.25160497199836
Turks and Caicos Islands,TCA,2014,7.86875891583452
Turks and Caicos Islands,TCA,2013,7.55058984340178
Tuvalu,TUV,2023,6.27578829402476
Tuvalu,TUV,2022,5.88470776621297
Tuvalu,TUV,2021,5.75857163878942
Tuvalu,TUV,2020,5.72623683830953
Tuvalu,TUV,2019,5.61856157263019
Tuvalu,TUV,2018,5.49276777824287
Tuvalu,TUV,2017,5.40988131382832
Tuvalu,TUV,2016,5.4028089116611
Tuvalu,TUV,2015,5.41822493842926
Tuvalu,TUV,2014,5.41241806263656
Tuvalu,TUV,2013,5.37248306895141
Uganda,UGA,2023,2.15058279399148
Uganda,UGA,2022,2.11520498203448
Uganda,UGA,2021,2.08577565298721
Uganda,UGA,2020,2.06185944995015
Uganda,UGA,2019,2.0364020510638
Uganda,UGA,2018,2.00923927155456
Uganda,UGA,2017,1.98361700367381
Uganda,UGA,2016,1.95859435278379
Uganda,UGA,2015,1.93508400842168
Uganda,UGA,2014,1.91343232907517
Uganda,UGA,2013,1.90167020771009
Ukraine,UKR,2023,18.5575345907943
Ukraine,UKR,2022,17.8569387445167
Ukraine,UKR,2021,17.3880676697975
Ukraine,UKR,2020,17.0963250246931
Ukraine,UKR,2019,16.7162998851047
Ukraine,UKR,2018,16.3479433378029
Ukraine,UKR,2017,15.9568665329263
Ukraine,UKR,2016,15.5292217574425
Ukraine,UKR,2015,15.1544965833274
Ukraine,UKR,2014,14.7632446398985
Ukraine,UKR,2013,14.6216406939142
United Arab Emirates,ARE,2023,1.69563170962521
United Arab Emirates,ARE,2022,1.63973912932682
United Arab Emirates,ARE,2021,1.61923304492939
United Arab Emirates,ARE,2020,1.56409085694231
United Arab Emirates,ARE,2019,1.52798923207058
United Arab Emirates,ARE,2018,1.50109608885113
United Arab Emirates,ARE,2017,1.47888416773632
United Arab Emirates,ARE,2016,1.48522186061082
United Arab Emirates,ARE,2015,1.50462849552252
United Arab Emirates,ARE,2014,1.49656887451666
United Arab Emirates,ARE,2013,1.48322611511691
United Kingdom,GBR,2023,19.238129106618
United Kingdom,GBR,2022,18.9303147227989
United Kingdom,GBR,2021,18.7186487679579
United Kingdom,GBR,2020,18.6057953275723
United Kingdom,GBR,2019,18.457958087858
United Kingdom,GBR,2018,18.2557500676941
United Kingdom,GBR,2017,18.0734136212163
United Kingdom,GBR,2016,17.9162025708266
United Kingdom,GBR,2015,17.7699801979471
United Kingdom,GBR,2014,17.5840843935351
United Kingdom,GBR,2013,17.3279065798855
United States,USA,2023,17.4318194823539
United States,USA,2022,16.9196203896458
United States,USA,2021,16.4737700238047
United States,USA,2020,16.0719119439363
United States,USA,2019,15.6728852475003
United States,USA,2018,15.2914866245804
United States,USA,2017,14.9391233929999
United States,USA,2016,14.6147285118987
United States,USA,2015,14.3102247136795
United States,USA,2014,14.0089266008532
United States,USA,2013,13.7011927174869
Uruguay,URY,2023,15.8128179067764
Uruguay,URY,2022,15.6134055931249
Uruguay,URY,2021,15.4839800871112
Uruguay,URY,2020,15.3258430205874
Uruguay,URY,2019,15.1266239266362
Uruguay,URY,2018,14.9558820150277
Uruguay,URY,2017,14.8089200405792
Uruguay,URY,2016,14.6975112768004
Uruguay,URY,2015,14.6098431213382
Uruguay,URY,2014,14.5300028945268
Uruguay,URY,2013,14.4509058429689
Uzbekistan,UZB,2023,5.69504099692623
Uzbekistan,UZB,2022,5.54495683192361
Uzbekistan,UZB,2021,5.41000605498317
Uzbekistan,UZB,2020,5.30865465314325
Uzbekistan,UZB,2019,5.19811024525901
Uzbekistan,UZB,2018,5.06720768957552
Uzbekistan,UZB,2017,4.94336473656492
Uzbekistan,UZB,2016,4.83118545859416
Uzbekistan,UZB,2015,4.72878830124081
Uzbekistan,UZB,2014,4.67172948966819
Uzbekistan,UZB,2013,4.67240937603925
Vanuatu,VUT,2023,4.21820894264665
Vanuatu,VUT,2022,4.14986272007513
Vanuatu,VUT,2021,4.09620474158012
Vanuatu,VUT,2020,4.05961349601902
Vanuatu,VUT,2019,4.00620580886999
Vanuatu,VUT,2018,3.93748126699117
Vanuatu,VUT,2017,3.88715543954012
Vanuatu,VUT,2016,3.82507033608797
Vanuatu,VUT,2015,3.73749065204565
Vanuatu,VUT,2014,3.64164548425585
Vanuatu,VUT,2013,3.53580999834959
"Venezuela, RB",VEN,2023,9.33356816723623
"Venezuela, RB",VEN,2022,8.98203848567557
"Venezuela, RB",VEN,2021,8.63156214646269
"Venezuela, RB",VEN,2020,8.26505974749928
"Venezuela, RB",VEN,2019,7.84708794613938
"Venezuela, RB",VEN,2018,7.39106835600809
"Venezuela, RB",VEN,2017,7.00354275654894
"Venezuela, RB",VEN,2016,6.7356443025607
"Venezuela, RB",VEN,2015,6.53595483112237
"Venezuela, RB",VEN,2014,6.35919539973436
"Venezuela, RB",VEN,2013,6.19484064661514
Viet Nam,VNM,2023,8.62116598619573
Viet Nam,VNM,2022,8.23004774597438
Viet Nam,VNM,2021,7.88570347458642
Viet Nam,VNM,2020,7.56724481954587
Viet Nam,VNM,2019,7.25022977006795
Viet Nam,VNM,2018,6.98161953689909
Viet Nam,VNM,2017,6.76773963938779
Viet Nam,VNM,2016,6.60876308594788
Viet Nam,VNM,2015,6.45078979885794
Viet Nam,VNM,2014,6.28236039655418
Viet Nam,VNM,2013,6.1660567578649
Virgin Islands (U.S.),VIR,2023,22.2436144269028
Virgin Islands (U.S.),VIR,2022,21.8115297027986
Virgin Islands (U.S.),VIR,2021,21.4593627827523
Virgin Islands (U.S.),VIR,2020,21.1917018693027
Virgin Islands (U.S.),VIR,2019,20.6081288987105
Virgin Islands (U.S.),VIR,2018,19.7212396331587
Virgin Islands (U.S.),VIR,2017,18.8766525613058
Virgin Islands (U.S.),VIR,2016,18.0642621207318
Virgin Islands (U.S.),VIR,2015,17.2707548816679
Virgin Islands (U.S.),VIR,2014,16.5500811278487
Virgin Islands (U.S.),VIR,2013,15.8723311441243
West Bank and Gaza,PSE,2023,3.80247435781418
West Bank and Gaza,PSE,2022,3.70279929202472
West Bank and Gaza,PSE,2021,3.63026654688014
West Bank and Gaza,PSE,2020,3.57539471825902
West Bank and Gaza,PSE,2019,3.50508535292495
West Bank and Gaza,PSE,2018,3.4276431178253
West Bank and Gaza,PSE,2017,3.35569557065348
West Bank and Gaza,PSE,2016,3.28405075269727
West Bank and Gaza,PSE,2015,3.21502621326908
West Bank and Gaza,PSE,2014,3.14478547488197
West Bank and Gaza,PSE,2013,3.07821509269255
"Yemen, Rep.",YEM,2023,2.50752339397838
"Yemen, Rep.",YEM,2022,2.50407638745023
"Yemen, Rep.",YEM,2021,2.5188817823842
"Yemen, Rep.",YEM,2020,2.54660433406646
"Yemen, Rep.",YEM,2019,2.57211420533341
"Yemen, Rep.",YEM,2018,2.59535360556385
"Yemen, Rep.",YEM,2017,2.62395533469807
"Yemen, Rep.",YEM,2016,2.65747059781663
"Yemen, Rep.",YEM,2015,2.69658134072569
"Yemen, Rep.",YEM,2014,2.73033998295988
"Yemen, Rep.",YEM,2013,2.75006420370081
Zambia,ZMB,2023,1.89885236729554
Zambia,ZMB,2022,1.85608917171283
Zambia,ZMB,2021,1.82696220580829
Zambia,ZMB,2020,1.80827618085464
Zambia,ZMB,2019,1.78700911823288
Zambia,ZMB,2018,1.76725056665151
Zambia,ZMB,2017,1.75286336564157
Zambia,ZMB,2016,1.74344108575267
Zambia,ZMB,2015,1.73777036449312
Zambia,ZMB,2014,1.74239076105129
Zambia,ZMB,2013,1.76140692799667
Zimbabwe,ZWE,2023,3.61832175940481
Zimbabwe,ZWE,2022,3.6082270050035
Zimbabwe,ZWE,2021,3.59797394603224
Zimbabwe,ZWE,2020,3.58167381700461
Zimbabwe,ZWE,2019,3.53424144890757
Zimbabwe,ZWE,2018,3.46510135520736
Zimbabwe,ZWE,2017,3.38745728096075
Zimbabwe,ZWE,2016,3.30577932197804
Zimbabwe,ZWE,2015,3.22149163973947
Zimbabwe,ZWE,2014,3.13810621446626
Zimbabwe,ZWE,2013,3.09457989239685
