country_name,iso3,year,urban_population_pct
Africa Eastern and Southern,AFE,2023,37.7723012408349
Africa Eastern and Southern,AFE,2022,37.3605781096471
Africa Eastern and Southern,AFE,2021,36.9085426088518
Africa Eastern and Southern,AFE,2020,36.4883219609866
Africa Eastern and Southern,AFE,2019,36.0973307017698
Africa Eastern and Southern,AFE,2018,35.714718464725
Africa Eastern and Southern,AFE,2017,35.2829868326458
Africa Eastern and Southern,AFE,2016,34.8812106693274
Africa Eastern and Southern,AFE,2015,34.4906809355644
Africa Eastern and Southern,AFE,2014,34.0775774023013
Africa Eastern and Southern,AFE,2013,33.6673142772775
Africa Western and Central,AFW,2023,52.3021093132307
Africa Western and Central,AFW,2022,51.7001028474527
Africa Western and Central,AFW,2021,51.0894191806819
Africa Western and Central,AFW,2020,50.4923214842153
Africa Western and Central,AFW,2019,49.9054685471984
Africa Western and Central,AFW,2018,49.3326762524323
Africa Western and Central,AFW,2017,48.7610092648065
Africa Western and Central,AFW,2016,48.1862744131428
Africa Western and Central,AFW,2015,47.6135647497926
Africa Western and Central,AFW,2014,47.0323463433828
Africa Western and Central,AFW,2013,46.4556737847896
Arab World,ARB,2023,59.569940800309
Arab World,ARB,2022,59.3339325148117
Arab World,ARB,2021,59.112484714184
Arab World,ARB,2020,59.0899689866908
Arab World,ARB,2019,58.8962879377102
Arab World,ARB,2018,58.7847025324078
Arab World,ARB,2017,58.6808941601595
Arab World,ARB,2016,58.5622937950483
Arab World,ARB,2015,58.351712270484
Arab World,ARB,2014,58.0278238886845
Arab World,ARB,2013,57.5747135596837
Caribbean small states,CSS,2023,50.1020889305245
Caribbean small states,CSS,2022,50.1314448681558
Caribbean small states,CSS,2021,50.1235419064094
Caribbean small states,CSS,2020,50.1148273041796
Caribbean small states,CSS,2019,50.0613448862218
Caribbean small states,CSS,2018,50.095481721741
Caribbean small states,CSS,2017,50.1782963503998
Caribbean small states,CSS,2016,50.1731298812102
Caribbean small states,CSS,2015,50.1679113039414
Caribbean small states,CSS,2014,50.1596535005104
Caribbean small states,CSS,2013,50.1507539138983
Central Europe and the Baltics,CEB,2023,61.69707902806
Central Europe and the Baltics,CEB,2022,61.5935240282645
Central Europe and the Baltics,CEB,2021,61.5491099540844
Central Europe and the Baltics,CEB,2020,61.6318247679717
Central Europe and the Baltics,CEB,2019,61.7449526458334
Central Europe and the Baltics,CEB,2018,61.8111043373164
Central Europe and the Baltics,CEB,2017,61.871575661727
Central Europe and the Baltics,CEB,2016,61.9025261003991
Central Europe and the Baltics,CEB,2015,61.9708877552038
Central Europe and the Baltics,CEB,2014,61.9632949711014
Central Europe and the Baltics,CEB,2013,61.9617031095155
Early-demographic dividend,EAR,2023,47.0167430983708
Early-demographic dividend,EAR,2022,46.6969243405166
Early-demographic dividend,EAR,2021,46.3752600779412
Early-demographic dividend,EAR,2020,46.0812452315672
Early-demographic dividend,EAR,2019,45.7649596058874
Early-demographic dividend,EAR,2018,45.4349772935468
Early-demographic dividend,EAR,2017,45.1249360555588
Early-demographic dividend,EAR,2016,44.8097968515725
Early-demographic dividend,EAR,2015,44.4503233893376
Early-demographic dividend,EAR,2014,44.0073800418903
Early-demographic dividend,EAR,2013,43.5232298113552
East Asia & Pacific,EAS,2023,64.0244370902805
East Asia & Pacific,EAS,2022,63.6828244393002
East Asia & Pacific,EAS,2021,63.2351929830371
East Asia & Pacific,EAS,2020,62.3741418144863
East Asia & Pacific,EAS,2019,61.7435560127223
East Asia & Pacific,EAS,2018,60.8515259788814
East Asia & Pacific,EAS,2017,59.8037083838459
East Asia & Pacific,EAS,2016,58.7921942331022
East Asia & Pacific,EAS,2015,57.7233143419672
East Asia & Pacific,EAS,2014,56.6126794721138
East Asia & Pacific,EAS,2013,55.6959158950493
East Asia & Pacific (excluding high income),EAP,2023,61.2276463501262
East Asia & Pacific (excluding high income),EAP,2022,60.8593968560328
East Asia & Pacific (excluding high income),EAP,2021,60.3526131684329
East Asia & Pacific (excluding high income),EAP,2020,59.3705245555409
East Asia & Pacific (excluding high income),EAP,2019,58.6555692756585
East Asia & Pacific (excluding high income),EAP,2018,57.6502705350874
East Asia & Pacific (excluding high income),EAP,2017,56.4654638258327
East Asia & Pacific (excluding high income),EAP,2016,55.3186115241997
East Asia & Pacific (excluding high income),EAP,2015,54.1114656751357
East Asia & Pacific (excluding high income),EAP,2014,52.8565756064242
East Asia & Pacific (excluding high income),EAP,2013,51.8122190695644
East Asia & Pacific (IDA & IBRD countries),TEA,2023,61.1991011324118
East Asia & Pacific (IDA & IBRD countries),TEA,2022,60.8301827838521
East Asia & Pacific (IDA & IBRD countries),TEA,2021,60.3208754851698
East Asia & Pacific (IDA & IBRD countries),TEA,2020,59.3301997601025
East Asia & Pacific (IDA & IBRD countries),TEA,2019,58.6098141698239
East Asia & Pacific (IDA & IBRD countries),TEA,2018,57.595296727158
East Asia & Pacific (IDA & IBRD countries),TEA,2017,56.3988367330046
East Asia & Pacific (IDA & IBRD countries),TEA,2016,55.240567924451
East Asia & Pacific (IDA & IBRD countries),TEA,2015,54.0210877061728
East Asia & Pacific (IDA & IBRD countries),TEA,2014,52.7530227342422
East Asia & Pacific (IDA & IBRD countries),TEA,2013,51.6977521381035
Euro area,EMU,2023,77.211826995621
Euro area,EMU,2022,77.0874793664882
Euro area,EMU,2021,76.96550965754
Euro area,EMU,2020,76.856499971289
Euro area,EMU,2019,76.7497988367106
Euro area,EMU,2018,76.5823371318115
Euro area,EMU,2017,76.4140813562854
Euro area,EMU,2016,76.2867357539682
Euro area,EMU,2015,76.0229382546648
Euro area,EMU,2014,75.8133540817088
Euro area,EMU,2013,75.627532415858
Europe & Central Asia,ECS,2023,73.843585823465
Europe & Central Asia,ECS,2022,73.729597001213
Europe & Central Asia,ECS,2021,73.6225305947295
Europe & Central Asia,ECS,2020,73.4955944360825
Europe & Central Asia,ECS,2019,73.3626410452614
Europe & Central Asia,ECS,2018,73.1814390087833
Europe & Central Asia,ECS,2017,73.0395942866041
Europe & Central Asia,ECS,2016,72.930310614191
Europe & Central Asia,ECS,2015,72.6866596702429
Europe & Central Asia,ECS,2014,72.2373791056216
Europe & Central Asia,ECS,2013,71.6786349261689
Europe & Central Asia (excluding high income),ECA,2023,68.1622524490527
Europe & Central Asia (excluding high income),ECA,2022,68.1628939259503
Europe & Central Asia (excluding high income),ECA,2021,68.150425455559
Europe & Central Asia (excluding high income),ECA,2020,67.9547177892126
Europe & Central Asia (excluding high income),ECA,2019,67.7517086172661
Europe & Central Asia (excluding high income),ECA,2018,67.4464992918229
Europe & Central Asia (excluding high income),ECA,2017,67.2908425220823
Europe & Central Asia (excluding high income),ECA,2016,67.2028741800351
Europe & Central Asia (excluding high income),ECA,2015,66.8135844921441
Europe & Central Asia (excluding high income),ECA,2014,65.5655995922325
Europe & Central Asia (excluding high income),ECA,2013,63.8500039555659
Europe & Central Asia (IDA & IBRD countries),TEC,2023,68.9599808529652
Europe & Central Asia (IDA & IBRD countries),TEC,2022,68.9112783282391
Europe & Central Asia (IDA & IBRD countries),TEC,2021,68.8680370709709
Europe & Central Asia (IDA & IBRD countries),TEC,2020,68.7550754784278
Europe & Central Asia (IDA & IBRD countries),TEC,2019,68.6393881359924
Europe & Central Asia (IDA & IBRD countries),TEC,2018,68.4656324149256
Europe & Central Asia (IDA & IBRD countries),TEC,2017,68.3671996828986
Europe & Central Asia (IDA & IBRD countries),TEC,2016,68.2998664724156
Europe & Central Asia (IDA & IBRD countries),TEC,2015,68.0719889181919
Europe & Central Asia (IDA & IBRD countries),TEC,2014,67.3911891022885
Europe & Central Asia (IDA & IBRD countries),TEC,2013,66.4664633633165
European Union,EUU,2023,74.8943502719612
European Union,EUU,2022,74.7659682006806
European Union,EUU,2021,74.6469430900615
European Union,EUU,2020,74.5499802167242
European Union,EUU,2019,74.4596491524844
European Union,EUU,2018,74.3280995844319
European Union,EUU,2017,74.1940799110393
European Union,EUU,2016,74.089077283109
European Union,EUU,2015,73.8743742665848
European Union,EUU,2014,73.6983165180291
European Union,EUU,2013,73.5376776618371
Heavily indebted poor countries (HIPC),HPC,2023,37.3827611102379
Heavily indebted poor countries (HIPC),HPC,2022,36.9406309816039
Heavily indebted poor countries (HIPC),HPC,2021,36.4661763671202
Heavily indebted poor countries (HIPC),HPC,2020,36.0239709463492
Heavily indebted poor countries (HIPC),HPC,2019,35.60787726524
Heavily indebted poor countries (HIPC),HPC,2018,35.1902982941101
Heavily indebted poor countries (HIPC),HPC,2017,34.7436136608517
Heavily indebted poor countries (HIPC),HPC,2016,34.3061574682177
Heavily indebted poor countries (HIPC),HPC,2015,33.876402244952
Heavily indebted poor countries (HIPC),HPC,2014,33.4500793922766
Heavily indebted poor countries (HIPC),HPC,2013,33.0085325284937
High income,,2023,80.017512944144
High income,,2022,79.9047258563531
High income,,2021,79.808750690419
High income,,2020,79.7425183592538
High income,,2019,79.6868403779463
High income,,2018,79.6265084521732
High income,,2017,79.5646323222643
High income,,2016,79.4995336680827
High income,,2015,79.387375702382
High income,,2014,79.2816675807236
High income,,2013,79.1842530422909
IBRD only,IBD,2023,58.0307469598053
IBRD only,IBD,2022,57.7552337954716
IBRD only,IBD,2021,57.4187341409059
IBRD only,IBD,2020,56.8651715048446
IBRD only,IBD,2019,56.4284852445038
IBRD only,IBD,2018,55.8598392575292
IBRD only,IBD,2017,55.2222227935355
IBRD only,IBD,2016,54.6015207244718
IBRD only,IBD,2015,53.9332868281978
IBRD only,IBD,2014,53.1837216780098
IBRD only,IBD,2013,52.4999014352869
IDA & IBRD total,IBT,2023,53.0823484348401
IDA & IBRD total,IBT,2022,52.8163796983223
IDA & IBRD total,IBT,2021,52.5081681188004
IDA & IBRD total,IBT,2020,52.0454778410909
IDA & IBRD total,IBT,2019,51.6653910881874
IDA & IBRD total,IBT,2018,51.1832192304679
IDA & IBRD total,IBT,2017,50.6447335432842
IDA & IBRD total,IBT,2016,50.1171733804251
IDA & IBRD total,IBT,2015,49.5550964553733
IDA & IBRD total,IBT,2014,48.934439191868
IDA & IBRD total,IBT,2013,48.3523840418748
IDA blend,IDB,2023,48.1773673159897
IDA blend,IDB,2022,47.6330129185198
IDA blend,IDB,2021,47.0949322895637
IDA blend,IDB,2020,46.5685904859548
IDA blend,IDB,2019,46.0543233703288
IDA blend,IDB,2018,45.5767065281075
IDA blend,IDB,2017,45.1144259487283
IDA blend,IDB,2016,44.6500251183283
IDA blend,IDB,2015,44.1901706504123
IDA blend,IDB,2014,43.7524751266553
IDA blend,IDB,2013,43.3275756317313
IDA only,IDX,2023,35.9594486372929
IDA only,IDX,2022,35.5450909648779
IDA only,IDX,2021,35.1349266899544
IDA only,IDX,2020,34.7470118346024
IDA only,IDX,2019,34.3572845737014
IDA only,IDX,2018,33.9449607807614
IDA only,IDX,2017,33.5219118462806
IDA only,IDX,2016,33.1174714726553
IDA only,IDX,2015,32.7341136354124
IDA only,IDX,2014,32.3798094567338
IDA only,IDX,2013,31.9790558643189
IDA total,IDA,2023,40.2201100518451
IDA total,IDA,2022,39.7691797117658
IDA total,IDA,2021,39.3204218850565
IDA total,IDA,2020,38.8904386172881
IDA total,IDA,2019,38.4653846981284
IDA total,IDA,2018,38.0388916782972
IDA total,IDA,2017,37.609058115614
IDA total,IDA,2016,37.1903965759359
IDA total,IDA,2015,36.7864206452414
IDA total,IDA,2014,36.4051820747557
IDA total,IDA,2013,35.996332190864
Late-demographic dividend,LTE,2023,66.9097159245761
Late-demographic dividend,LTE,2022,66.577578734994
Late-demographic dividend,LTE,2021,66.1284355869503
Late-demographic dividend,LTE,2020,65.2628534044695
Late-demographic dividend,LTE,2019,64.6307387465605
Late-demographic dividend,LTE,2018,63.7579414927705
Late-demographic dividend,LTE,2017,62.7392997946222
Late-demographic dividend,LTE,2016,61.7622468361698
Late-demographic dividend,LTE,2015,60.7294578905785
Late-demographic dividend,LTE,2014,59.6576878869777
Late-demographic dividend,LTE,2013,58.7788304798318
Latin America & Caribbean,LCN,2023,81.0435031875464
Latin America & Caribbean,LCN,2022,80.8277330006255
Latin America & Caribbean,LCN,2021,80.6341875645003
Latin America & Caribbean,LCN,2020,80.4373918656823
Latin America & Caribbean,LCN,2019,80.2273019080141
Latin America & Caribbean,LCN,2018,80.019051151549
Latin America & Caribbean,LCN,2017,79.8285331741903
Latin America & Caribbean,LCN,2016,79.6161243552428
Latin America & Caribbean,LCN,2015,79.4004597252698
Latin America & Caribbean,LCN,2014,79.185365448744
Latin America & Caribbean,LCN,2013,78.9755056336712
Latin America & Caribbean (excluding high income),LAC,2023,80.9255861415046
Latin America & Caribbean (excluding high income),LAC,2022,80.7043500381091
Latin America & Caribbean (excluding high income),LAC,2021,80.5058130551037
Latin America & Caribbean (excluding high income),LAC,2020,80.3040110850269
Latin America & Caribbean (excluding high income),LAC,2019,80.0895983954183
Latin America & Caribbean (excluding high income),LAC,2018,79.8777853019987
Latin America & Caribbean (excluding high income),LAC,2017,79.6816524224664
Latin America & Caribbean (excluding high income),LAC,2016,79.4649263007294
Latin America & Caribbean (excluding high income),LAC,2015,79.2439673946642
Latin America & Caribbean (excluding high income),LAC,2014,79.0227573337338
Latin America & Caribbean (excluding high income),LAC,2013,78.8064966818605
Latin America & the Caribbean (IDA & IBRD countries),TLA,2023,81.0398075940594
Latin America & the Caribbean (IDA & IBRD countries),TLA,2022,80.8195255101746
Latin America & the Caribbean (IDA & IBRD countries),TLA,2021,80.621099914497
Latin America & the Caribbean (IDA & IBRD countries),TLA,2020,80.4192977316043
Latin America & the Caribbean (IDA & IBRD countries),TLA,2019,80.2043693016899
Latin America & the Caribbean (IDA & IBRD countries),TLA,2018,79.992282192881
Latin America & the Caribbean (IDA & IBRD countries),TLA,2017,79.7952284112037
Latin America & the Caribbean (IDA & IBRD countries),TLA,2016,79.5767193908271
Latin America & the Caribbean (IDA & IBRD countries),TLA,2015,79.3548258170168
Latin America & the Caribbean (IDA & IBRD countries),TLA,2014,79.1330503121854
Latin America & the Caribbean (IDA & IBRD countries),TLA,2013,78.9165836181544
Least developed countries: UN classification,LDC,2023,35.6888977222996
Least developed countries: UN classification,LDC,2022,35.2521934518586
Least developed countries: UN classification,LDC,2021,34.8106741074615
Least developed countries: UN classification,LDC,2020,34.3799933582931
Least developed countries: UN classification,LDC,2019,33.9542997559168
Least developed countries: UN classification,LDC,2018,33.5099096116646
Least developed countries: UN classification,LDC,2017,33.0338857488887
Least developed countries: UN classification,LDC,2016,32.5615637568186
Least developed countries: UN classification,LDC,2015,32.1000663267792
Least developed countries: UN classification,LDC,2014,31.6474007044254
Least developed countries: UN classification,LDC,2013,31.1964735168481
Low & middle income,LMY,2023,52.5071871488085
Low & middle income,LMY,2022,52.2288701723598
Low & middle income,LMY,2021,51.9053998647644
Low & middle income,LMY,2020,51.4188594538107
Low & middle income,LMY,2019,51.0178827228954
Low & middle income,LMY,2018,50.513558376457
Low & middle income,LMY,2017,49.9511508416674
Low & middle income,LMY,2016,49.4002817533326
Low & middle income,LMY,2015,48.8131137351494
Low & middle income,LMY,2014,48.164746904256
Low & middle income,LMY,2013,47.5558053161274
Low income,,2023,34.2895467257933
Low income,,2022,33.9116273369541
Low income,,2021,33.4763957965515
Low income,,2020,33.08213074864
Low income,,2019,32.6958821290116
Low income,,2018,32.3037160978336
Low income,,2017,31.9030612391146
Low income,,2016,31.5400399249211
Low income,,2015,31.2227026369501
Low income,,2014,30.9580301102549
Low income,,2013,30.6098031497852
Lower middle income,,2023,41.2024823337283
Lower middle income,,2022,40.7948368732016
Lower middle income,,2021,40.4037713212789
Lower middle income,,2020,40.0181811356754
Lower middle income,,2019,39.6454155985217
Lower middle income,,2018,39.2838199953492
Lower middle income,,2017,38.9231471210338
Lower middle income,,2016,38.5571311552537
Lower middle income,,2015,38.185025353104
Lower middle income,,2014,37.8093027168867
Lower middle income,,2013,37.4274790077421
"Middle East, North Africa, Afghanistan & Pakistan",MEA,2023,55.4304551226559
"Middle East, North Africa, Afghanistan & Pakistan",MEA,2022,55.12536380356
"Middle East, North Africa, Afghanistan & Pakistan",MEA,2021,54.8188568175474
"Middle East, North Africa, Afghanistan & Pakistan",MEA,2020,54.6812240122644
"Middle East, North Africa, Afghanistan & Pakistan",MEA,2019,54.4404080887212
"Middle East, North Africa, Afghanistan & Pakistan",MEA,2018,54.2444653262483
"Middle East, North Africa, Afghanistan & Pakistan",MEA,2017,54.0927613956461
"Middle East, North Africa, Afghanistan & Pakistan",MEA,2016,53.9026375690062
"Middle East, North Africa, Afghanistan & Pakistan",MEA,2015,53.6392632351358
"Middle East, North Africa, Afghanistan & Pakistan",MEA,2014,53.3224917392575
"Middle East, North Africa, Afghanistan & Pakistan",MEA,2013,52.9394246896376
"Middle East, North Africa, Afghanistan & Pakistan (excluding high income)",MNA,2023,52.4233912654293
"Middle East, North Africa, Afghanistan & Pakistan (excluding high income)",MNA,2022,52.1693289932022
"Middle East, North Africa, Afghanistan & Pakistan (excluding high income)",MNA,2021,51.9157887433595
"Middle East, North Africa, Afghanistan & Pakistan (excluding high income)",MNA,2020,51.6896857274925
"Middle East, North Africa, Afghanistan & Pakistan (excluding high income)",MNA,2019,51.461592912125
"Middle East, North Africa, Afghanistan & Pakistan (excluding high income)",MNA,2018,51.2278326304516
"Middle East, North Africa, Afghanistan & Pakistan (excluding high income)",MNA,2017,51.0212891329828
"Middle East, North Africa, Afghanistan & Pakistan (excluding high income)",MNA,2016,50.8273618824722
"Middle East, North Africa, Afghanistan & Pakistan (excluding high income)",MNA,2015,50.6192148296493
"Middle East, North Africa, Afghanistan & Pakistan (excluding high income)",MNA,2014,50.3756426552581
"Middle East, North Africa, Afghanistan & Pakistan (excluding high income)",MNA,2013,50.0190261281607
"Middle East, North Africa, Afghanistan & Pakistan (IDA & IBRD)",TMN,2023,52.1776709218643
"Middle East, North Africa, Afghanistan & Pakistan (IDA & IBRD)",TMN,2022,51.925275557204
"Middle East, North Africa, Afghanistan & Pakistan (IDA & IBRD)",TMN,2021,51.6735754616086
"Middle East, North Africa, Afghanistan & Pakistan (IDA & IBRD)",TMN,2020,51.4495362826798
"Middle East, North Africa, Afghanistan & Pakistan (IDA & IBRD)",TMN,2019,51.2234331146053
"Middle East, North Africa, Afghanistan & Pakistan (IDA & IBRD)",TMN,2018,50.9917156514723
"Middle East, North Africa, Afghanistan & Pakistan (IDA & IBRD)",TMN,2017,50.7866571436082
"Middle East, North Africa, Afghanistan & Pakistan (IDA & IBRD)",TMN,2016,50.5924176765155
"Middle East, North Africa, Afghanistan & Pakistan (IDA & IBRD)",TMN,2015,50.385107716384
"Middle East, North Africa, Afghanistan & Pakistan (IDA & IBRD)",TMN,2014,50.1424314222312
"Middle East, North Africa, Afghanistan & Pakistan (IDA & IBRD)",TMN,2013,49.7861078087819
Middle income,MIC,2023,54.7420083291234
Middle income,MIC,2022,54.4326887515123
Middle income,MIC,2021,54.0812947662006
Middle income,MIC,2020,53.543730448338
Middle income,MIC,2019,53.1016369485035
Middle income,MIC,2018,52.5468329848241
Middle income,MIC,2017,51.9320485360666
Middle income,MIC,2016,51.3297823323889
Middle income,MIC,2015,50.6857478753473
Middle income,MIC,2014,49.9726953069028
Middle income,MIC,2013,49.3147227686173
North America,NAC,2023,80.3357102611225
North America,NAC,2022,80.2779687115812
North America,NAC,2021,80.2350390902744
North America,NAC,2020,80.2018987822716
North America,NAC,2019,80.2981427760977
North America,NAC,2018,80.4126136678733
North America,NAC,2017,80.5059159293977
North America,NAC,2016,80.5816899364942
North America,NAC,2015,80.6417223720746
North America,NAC,2014,80.6863203799841
North America,NAC,2013,80.7164808734964
Not classified,,2023,
Not classified,,2022,
Not classified,,2021,
Not classified,,2020,
Not classified,,2019,
Not classified,,2018,
Not classified,,2017,
Not classified,,2016,
Not classified,,2015,
Not classified,,2014,
Not classified,,2013,
OECD members,OED,2023,81.0543158861621
OECD members,OED,2022,80.949627748444
OECD members,OED,2021,80.8557784895293
OECD members,OED,2020,80.7381377175693
OECD members,OED,2019,80.6506763352269
OECD members,OED,2018,80.5397753365218
OECD members,OED,2017,80.4525335528694
OECD members,OED,2016,80.3858291802831
OECD members,OED,2015,80.2234048818443
OECD members,OED,2014,79.9154420386729
OECD members,OED,2013,79.5300893668637
Other small states,OSS,2023,54.7413384725346
Other small states,OSS,2022,54.4367375147272
Other small states,OSS,2021,54.2199717949652
Other small states,OSS,2020,54.0599291555754
Other small states,OSS,2019,53.8727328667505
Other small states,OSS,2018,53.6519140670653
Other small states,OSS,2017,53.4441254377598
Other small states,OSS,2016,53.2560302540443
Other small states,OSS,2015,53.0938477646158
Other small states,OSS,2014,52.9439535683465
Other small states,OSS,2013,52.8229475994541
Pacific island small states,PSS,2023,40.2526358335376
Pacific island small states,PSS,2022,39.9427900823495
Pacific island small states,PSS,2021,39.6583318985728
Pacific island small states,PSS,2020,39.4509108653665
Pacific island small states,PSS,2019,39.2708800377762
Pacific island small states,PSS,2018,39.0330726122061
Pacific island small states,PSS,2017,38.8043513180851
Pacific island small states,PSS,2016,38.5106153371305
Pacific island small states,PSS,2015,38.2258875864973
Pacific island small states,PSS,2014,37.9658622454185
Pacific island small states,PSS,2013,37.7261145063194
Post-demographic dividend,PST,2023,81.0611822262698
Post-demographic dividend,PST,2022,80.9329132113806
Post-demographic dividend,PST,2021,80.8170398426815
Post-demographic dividend,PST,2020,80.7390351837835
Post-demographic dividend,PST,2019,80.7012981435582
Post-demographic dividend,PST,2018,80.6405983623246
Post-demographic dividend,PST,2017,80.5730252146896
Post-demographic dividend,PST,2016,80.5121378696177
Post-demographic dividend,PST,2015,80.4010549473574
Post-demographic dividend,PST,2014,80.2993772705531
Post-demographic dividend,PST,2013,80.1971413336001
Pre-demographic dividend,PRE,2023,44.944973511523
Pre-demographic dividend,PRE,2022,44.4496171500869
Pre-demographic dividend,PRE,2021,43.966697242761
Pre-demographic dividend,PRE,2020,43.4980819386669
Pre-demographic dividend,PRE,2019,43.0478017904088
Pre-demographic dividend,PRE,2018,42.6168705959194
Pre-demographic dividend,PRE,2017,42.1481736818509
Pre-demographic dividend,PRE,2016,41.6692983719903
Pre-demographic dividend,PRE,2015,41.1934386147893
Pre-demographic dividend,PRE,2014,40.696367549657
Pre-demographic dividend,PRE,2013,40.1809529696697
Small states,SST,2023,51.7493987022104
Small states,SST,2022,51.5222800598785
Small states,SST,2021,51.340072776001
Small states,SST,2020,51.2091700462085
Small states,SST,2019,51.0510007537325
Small states,SST,2018,50.8834075568435
Small states,SST,2017,50.740519957361
Small states,SST,2016,50.5823717773529
Small states,SST,2015,50.4432480596759
Small states,SST,2014,50.3145535848893
Small states,SST,2013,50.2078520957445
South Asia,SAS,2023,35.137165500664
South Asia,SAS,2022,34.8137520955194
South Asia,SAS,2021,34.5086968655354
South Asia,SAS,2020,34.2000653894608
South Asia,SAS,2019,33.8860664509609
South Asia,SAS,2018,33.5735795082406
South Asia,SAS,2017,33.2643876230047
South Asia,SAS,2016,32.9532139923473
South Asia,SAS,2015,32.6380348100917
South Asia,SAS,2014,32.3195810824512
South Asia,SAS,2013,32.0003773282425
South Asia (IDA & IBRD),TSA,2023,35.137165500664
South Asia (IDA & IBRD),TSA,2022,34.8137520955194
South Asia (IDA & IBRD),TSA,2021,34.5086968655354
South Asia (IDA & IBRD),TSA,2020,34.2000653894608
South Asia (IDA & IBRD),TSA,2019,33.8860664509609
South Asia (IDA & IBRD),TSA,2018,33.5735795082406
South Asia (IDA & IBRD),TSA,2017,33.2643876230047
South Asia (IDA & IBRD),TSA,2016,32.9532139923473
South Asia (IDA & IBRD),TSA,2015,32.6380348100917
South Asia (IDA & IBRD),TSA,2014,32.3195810824512
South Asia (IDA & IBRD),TSA,2013,32.0003773282425
Sub-Saharan Africa,SSF,2023,43.639562828921
Sub-Saharan Africa,SSF,2022,43.1558281440802
Sub-Saharan Africa,SSF,2021,42.6489634636483
Sub-Saharan Africa,SSF,2020,42.1670568799491
Sub-Saharan Africa,SSF,2019,41.7071031134135
Sub-Saharan Africa,SSF,2018,41.2566428447246
Sub-Saharan Africa,SSF,2017,40.7748446210958
Sub-Saharan Africa,SSF,2016,40.3035222705197
Sub-Saharan Africa,SSF,2015,39.8380952067264
Sub-Saharan Africa,SSF,2014,39.3567243486427
Sub-Saharan Africa,SSF,2013,38.8781029884112
Sub-Saharan Africa (excluding high income),SSA,2023,43.6394241334397
Sub-Saharan Africa (excluding high income),SSA,2022,43.15565683019
Sub-Saharan Africa (excluding high income),SSA,2021,42.6488015882409
Sub-Saharan Africa (excluding high income),SSA,2020,42.1668776172731
Sub-Saharan Africa (excluding high income),SSA,2019,41.7069060558369
Sub-Saharan Africa (excluding high income),SSA,2018,41.2564263036696
Sub-Saharan Africa (excluding high income),SSA,2017,40.7746030847625
Sub-Saharan Africa (excluding high income),SSA,2016,40.3032542736816
Sub-Saharan Africa (excluding high income),SSA,2015,39.8377982630079
Sub-Saharan Africa (excluding high income),SSA,2014,39.3563962352604
Sub-Saharan Africa (excluding high income),SSA,2013,38.8777381567093
Sub-Saharan Africa (IDA & IBRD countries),TSS,2023,43.6395628289209
Sub-Saharan Africa (IDA & IBRD countries),TSS,2022,43.1558281440802
Sub-Saharan Africa (IDA & IBRD countries),TSS,2021,42.6489634636483
Sub-Saharan Africa (IDA & IBRD countries),TSS,2020,42.1670568799491
Sub-Saharan Africa (IDA & IBRD countries),TSS,2019,41.7071031134135
Sub-Saharan Africa (IDA & IBRD countries),TSS,2018,41.2566428447246
Sub-Saharan Africa (IDA & IBRD countries),TSS,2017,40.7748446210958
Sub-Saharan Africa (IDA & IBRD countries),TSS,2016,40.3035222705197
Sub-Saharan Africa (IDA & IBRD countries),TSS,2015,39.8380952067264
Sub-Saharan Africa (IDA & IBRD countries),TSS,2014,39.3567243486427
Sub-Saharan Africa (IDA & IBRD countries),TSS,2013,38.8781029884112
Upper middle income,,2023,67.4481028683691
Upper middle income,,2022,67.0965136790125
Upper middle income,,2021,66.6600410441556
Upper middle income,,2020,65.8795028368007
Upper middle income,,2019,65.2798912322227
Upper middle income,,2018,64.4716330609836
Upper middle income,,2017,63.5572076005172
Upper middle income,,2016,62.6740874157133
Upper middle income,,2015,61.717389175657
Upper middle income,,2014,60.6395790567361
Upper middle income,,2013,59.6718490416384
World,WLD,2023,57.3116916082902
World,WLD,2022,57.0722541398634
World,WLD,2021,56.80922270108
World,WLD,2020,56.4441759386598
World,WLD,2019,56.1409825640469
World,WLD,2018,55.7520777819135
World,WLD,2017,55.319833918472
World,WLD,2016,54.894926437495
World,WLD,2015,54.4258474649377
World,WLD,2014,53.9090710066533
World,WLD,2013,53.4334012321388
Afghanistan,AFG,2023,25.4730529631167
Afghanistan,AFG,2022,25.3939250580909
Afghanistan,AFG,2021,25.3478620272481
Afghanistan,AFG,2020,25.2622103446137
Afghanistan,AFG,2019,25.1437258839803
Afghanistan,AFG,2018,24.9991645191406
Afghanistan,AFG,2017,24.8352821238871
Afghanistan,AFG,2016,24.6588345720126
Afghanistan,AFG,2015,24.4649118421568
Afghanistan,AFG,2014,24.1910166387726
Afghanistan,AFG,2013,23.8077136743646
Albania,ALB,2023,58.2106086137857
Albania,ALB,2022,57.8643477747383
Albania,ALB,2021,57.5077187031778
Albania,ALB,2020,57.1408592155544
Albania,ALB,2019,56.7639071287255
Albania,ALB,2018,56.377000259892
Albania,ALB,2017,55.980276426546
Albania,ALB,2016,55.5738734464276
Albania,ALB,2015,55.1579291374894
Albania,ALB,2014,54.7325813178673
Albania,ALB,2013,54.2979678058548
Algeria,DZA,2023,74.732808364138
Algeria,DZA,2022,74.1795862354514
Algeria,DZA,2021,73.6199218261573
Algeria,DZA,2020,73.0541126293395
Algeria,DZA,2019,72.4824561380175
Algeria,DZA,2018,71.905249845153
Algeria,DZA,2017,71.3227912436551
Algeria,DZA,2016,70.7353778263851
Algeria,DZA,2015,70.1433070861612
Algeria,DZA,2014,69.5468765157615
Algeria,DZA,2013,68.9463836079277
American Samoa,ASM,2023,81.3721542708222
American Samoa,ASM,2022,81.794797704649
American Samoa,ASM,2021,82.2127091544092
American Samoa,ASM,2020,82.6240780620716
American Samoa,ASM,2019,83.0542171797274
American Samoa,ASM,2018,83.4779973316097
American Samoa,ASM,2017,83.8890385422071
American Samoa,ASM,2016,84.2862824389061
American Samoa,ASM,2015,84.668670649093
American Samoa,ASM,2014,85.0351448001542
American Samoa,ASM,2013,85.3846465194761
Andorra,AND,2023,88.8201609217082
Andorra,AND,2022,88.7548766267286
Andorra,AND,2021,88.6627318165299
Andorra,AND,2020,88.5907780427517
Andorra,AND,2019,88.5391793666245
Andorra,AND,2018,88.5080998493791
Andorra,AND,2017,88.4977035522461
Andorra,AND,2016,88.5027454634853
Andorra,AND,2015,88.5180850122057
Andorra,AND,2014,88.544042920911
Andorra,AND,2013,88.5809399121053
Angola,AGO,2023,69.8515032220457
Angola,AGO,2022,69.0506188977513
Angola,AGO,2021,68.2524163556969
Angola,AGO,2020,67.4568270208187
Angola,AGO,2019,66.6637823180533
Angola,AGO,2018,65.8732136723372
Angola,AGO,2017,65.0850525086068
Angola,AGO,2016,64.2992302517989
Angola,AGO,2015,63.51567832685
Angola,AGO,2014,62.723115793241
Angola,AGO,2013,62.1333075212361
Antigua and Barbuda,ATG,2023,24.4500156687422
Antigua and Barbuda,ATG,2022,24.5114484000414
Antigua and Barbuda,ATG,2021,24.574983819566
Antigua and Barbuda,ATG,2020,24.6406156275043
Antigua and Barbuda,ATG,2019,24.708337524045
Antigua and Barbuda,ATG,2018,24.7781432093764
Antigua and Barbuda,ATG,2017,24.8500263836871
Antigua and Barbuda,ATG,2016,24.9239807471655
Antigua and Barbuda,ATG,2015,25.0
Antigua and Barbuda,ATG,2014,25.0899726107741
Antigua and Barbuda,ATG,2013,25.2475667667937
Argentina,ARG,2023,92.1945132257907
Argentina,ARG,2022,92.112838186126
Argentina,ARG,2021,92.0292776175651
Argentina,ARG,2020,91.9439026594897
Argentina,ARG,2019,91.8567844513802
Argentina,ARG,2018,91.7679941327998
Argentina,ARG,2017,91.6776028433824
Argentina,ARG,2016,91.5856817228217
Argentina,ARG,2015,91.4923019108628
Argentina,ARG,2014,91.3975345472954
Argentina,ARG,2013,91.3014507719473
Armenia,ARM,2023,65.6956882008852
Armenia,ARM,2022,65.5624462874485
Armenia,ARM,2021,65.3572875314441
Armenia,ARM,2020,65.174217253699
Armenia,ARM,2019,65.0047033570428
Armenia,ARM,2018,64.8502833795679
Armenia,ARM,2017,64.7124948593667
Armenia,ARM,2016,64.5928753345316
Armenia,ARM,2015,64.4929623431549
Armenia,ARM,2014,64.4142934233291
Armenia,ARM,2013,64.3584061131466
Aruba,ABW,2023,61.8351492675589
Aruba,ABW,2022,61.8811657924257
Aruba,ABW,2021,61.9275339886843
Aruba,ABW,2020,62.0028837566365
Aruba,ABW,2019,62.288276286885
Aruba,ABW,2018,62.5367636985996
Aruba,ABW,2017,62.7768488886109
Aruba,ABW,2016,63.0077880571142
Aruba,ABW,2015,63.2288374043053
Aruba,ABW,2014,63.4392531303795
Aruba,ABW,2013,63.6382914355326
Australia,AUS,2023,87.4866955653765
Australia,AUS,2022,87.3343268253813
Australia,AUS,2021,87.2353407632761
Australia,AUS,2020,87.2713470458985
Australia,AUS,2019,87.3019647888406
Australia,AUS,2018,87.2267680845925
Australia,AUS,2017,87.12809266445
Australia,AUS,2016,87.0166295249235
Australia,AUS,2015,86.8778642539361
Australia,AUS,2014,86.7221289343356
Australia,AUS,2013,86.5740515760243
Austria,AUT,2023,69.2265358276021
Austria,AUT,2022,68.998085127906
Austria,AUT,2021,68.773601700253
Austria,AUT,2020,68.5410177924001
Austria,AUT,2019,68.3176044750522
Austria,AUT,2018,68.1046787227623
Austria,AUT,2017,67.9051196052802
Austria,AUT,2016,67.7218061923556
Austria,AUT,2015,67.5576175537383
Austria,AUT,2014,67.4154327591781
Austria,AUT,2013,67.2981308784247
Azerbaijan,AZE,2023,58.5075350483702
Azerbaijan,AZE,2022,58.4382815854684
Azerbaijan,AZE,2021,58.3659969744818
Azerbaijan,AZE,2020,58.2934691761937
Azerbaijan,AZE,2019,58.1308191977779
Azerbaijan,AZE,2018,57.1841534654123
Azerbaijan,AZE,2017,56.4331887124691
Azerbaijan,AZE,2016,55.7574797205266
Azerbaijan,AZE,2015,55.1570486328276
Azerbaijan,AZE,2014,54.6319175926151
Azerbaijan,AZE,2013,54.1821087431318
"Bahamas, The",BHS,2023,81.3213799173676
"Bahamas, The",BHS,2022,81.3200717047725
"Bahamas, The",BHS,2021,81.4784235345083
"Bahamas, The",BHS,2020,81.6642600232849
"Bahamas, The",BHS,2019,81.8257463283204
"Bahamas, The",BHS,2018,81.9643158212241
"Bahamas, The",BHS,2017,82.0814018736052
"Bahamas, The",BHS,2016,82.1784378570728
"Bahamas, The",BHS,2015,82.2568571432361
"Bahamas, The",BHS,2014,82.3180931037043
"Bahamas, The",BHS,2013,82.3635791100868
Bahrain,BHR,2023,100.0
Bahrain,BHR,2022,100.0
Bahrain,BHR,2021,100.0
Bahrain,BHR,2020,100.0
Bahrain,BHR,2019,100.0
Bahrain,BHR,2018,100.0
Bahrain,BHR,2017,100.0
Bahrain,BHR,2016,100.0
Bahrain,BHR,2015,100.0
Bahrain,BHR,2014,100.0
Bahrain,BHR,2013,100.0
Bangladesh,BGD,2023,32.1578465036834
Bangladesh,BGD,2022,31.673734726234
Bangladesh,BGD,2021,31.3992156886061
Bangladesh,BGD,2020,31.1168927321524
Bangladesh,BGD,2019,30.8228396343012
Bangladesh,BGD,2018,30.5175656009959
Bangladesh,BGD,2017,30.2015798381799
Bangladesh,BGD,2016,29.8753915517965
Bangladesh,BGD,2015,29.5395099477892
Bangladesh,BGD,2014,29.1944442321013
Bangladesh,BGD,2013,28.8407036106763
Barbados,BRB,2023,59.4235740235775
Barbados,BRB,2022,59.3538514107686
Barbados,BRB,2021,59.3220365433819
Barbados,BRB,2020,59.3014583324011
Barbados,BRB,2019,59.2841140645486
Barbados,BRB,2018,59.270175311893
Barbados,BRB,2017,59.25926986892
Barbados,BRB,2016,59.2510255301153
Barbados,BRB,2015,59.2450700899645
Barbados,BRB,2014,59.2410313429534
Barbados,BRB,2013,59.2385370835674
Belarus,BLR,2023,78.8146420666327
Belarus,BLR,2022,78.4732787892908
Belarus,BLR,2021,78.131086803694
Belarus,BLR,2020,77.7890385790408
Belarus,BLR,2019,77.4550771852757
Belarus,BLR,2018,77.2132720947266
Belarus,BLR,2017,77.0208206176758
Belarus,BLR,2016,76.8458709716797
Belarus,BLR,2015,76.6263885498047
Belarus,BLR,2014,76.3405227661133
Belarus,BLR,2013,75.94970703125
Belgium,BEL,2023,87.551492636772
Belgium,BEL,2022,87.489200269855
Belgium,BEL,2021,87.4305564090635
Belgium,BEL,2020,87.2964994991269
Belgium,BEL,2019,87.0961631189222
Belgium,BEL,2018,86.8883449485575
Belgium,BEL,2017,86.6731739531869
Belgium,BEL,2016,86.4507790979645
Belgium,BEL,2015,86.2212893480444
Belgium,BEL,2014,85.9848336685807
Belgium,BEL,2013,85.7415410247275
Belize,BLZ,2023,41.9459437504976
Belize,BLZ,2022,42.1373251262137
Belize,BLZ,2021,42.3910809205294
Belize,BLZ,2020,42.649842440311
Belize,BLZ,2019,42.9077622153323
Belize,BLZ,2018,43.164848281502
Belize,BLZ,2017,43.4211086747287
Belize,BLZ,2016,43.6765514309211
Belize,BLZ,2015,43.931184585988
Belize,BLZ,2014,44.1850161758379
Belize,BLZ,2013,44.4380542363795
Benin,BEN,2023,51.7457922964593
Benin,BEN,2022,50.9627000010887
Benin,BEN,2021,50.1961807561354
Benin,BEN,2020,49.4461567219896
Benin,BEN,2019,48.7125500590248
Benin,BEN,2018,47.9952829275963
Benin,BEN,2017,47.2942774880391
Benin,BEN,2016,46.6094559006664
Benin,BEN,2015,45.9407403257663
Benin,BEN,2014,45.2880529235999
Benin,BEN,2013,44.6502883669319
Bermuda,BMU,2023,100.0
Bermuda,BMU,2022,100.0
Bermuda,BMU,2021,100.0
Bermuda,BMU,2020,100.0
Bermuda,BMU,2019,100.0
Bermuda,BMU,2018,100.0
Bermuda,BMU,2017,100.0
Bermuda,BMU,2016,100.0
Bermuda,BMU,2015,100.0
Bermuda,BMU,2014,100.0
Bermuda,BMU,2013,100.0
Bhutan,BTN,2023,41.7352457989939
Bhutan,BTN,2022,40.9365143617581
Bhutan,BTN,2021,40.3075199874379
Bhutan,BTN,2020,39.6888839873439
Bhutan,BTN,2019,39.0746823405146
Bhutan,BTN,2018,38.4661892776975
Bhutan,BTN,2017,37.8645544995016
Bhutan,BTN,2016,37.2745234641407
Bhutan,BTN,2015,36.6983375690037
Bhutan,BTN,2014,36.1326606084122
Bhutan,BTN,2013,35.5740003158589
Bolivia,BOL,2023,70.9151414044538
Bolivia,BOL,2022,70.6352598708131
Bolivia,BOL,2021,70.3450412826165
Bolivia,BOL,2020,70.0442635528254
Bolivia,BOL,2019,69.7334986708387
Bolivia,BOL,2018,69.4133879813999
Bolivia,BOL,2017,69.0838016274736
Bolivia,BOL,2016,68.7446327876947
Bolivia,BOL,2015,68.3958051297665
Bolivia,BOL,2014,68.037425413
Bolivia,BOL,2013,67.6697055519889
Bosnia and Herzegovina,BIH,2023,51.5657239834305
Bosnia and Herzegovina,BIH,2022,51.0215287060993
Bosnia and Herzegovina,BIH,2021,50.4899479477034
Bosnia and Herzegovina,BIH,2020,49.9710852122997
Bosnia and Herzegovina,BIH,2019,49.4650440037758
Bosnia and Herzegovina,BIH,2018,48.971927825824
Bosnia and Herzegovina,BIH,2017,48.4918401819106
Bosnia and Herzegovina,BIH,2016,48.0248845752382
Bosnia and Herzegovina,BIH,2015,47.5711645087011
Bosnia and Herzegovina,BIH,2014,47.130783484831
Bosnia and Herzegovina,BIH,2013,46.6954224739896
Botswana,BWA,2023,67.0212655349864
Botswana,BWA,2022,66.5889787170477
Botswana,BWA,2021,66.5182767068255
Botswana,BWA,2020,66.4488166494554
Botswana,BWA,2019,66.3271694845464
Botswana,BWA,2018,66.1579176461888
Botswana,BWA,2017,65.9456435684731
Botswana,BWA,2016,65.6949296854899
Botswana,BWA,2015,65.4103584313295
Botswana,BWA,2014,65.0965122400825
Botswana,BWA,2013,64.7579735458393
Brazil,BRA,2023,87.6159710235763
Brazil,BRA,2022,87.349556243881
Brazil,BRA,2021,87.1360781715439
Brazil,BRA,2020,86.9112186503004
Brazil,BRA,2019,86.6797991084296
Brazil,BRA,2018,86.4420719945072
Brazil,BRA,2017,86.1982897571091
Brazil,BRA,2016,85.9487048448108
Brazil,BRA,2015,85.6935697061881
Brazil,BRA,2014,85.4331367898168
Brazil,BRA,2013,85.1676585442726
British Virgin Islands,VGB,2023,55.6407774494219
British Virgin Islands,VGB,2022,54.795911692548
British Virgin Islands,VGB,2021,53.972618684518
British Virgin Islands,VGB,2020,53.1709074822645
British Virgin Islands,VGB,2019,52.3907871425786
British Virgin Islands,VGB,2018,51.6322667220883
British Virgin Islands,VGB,2017,50.8953552772346
British Virgin Islands,VGB,2016,50.1800618642422
British Virgin Islands,VGB,2015,49.4863955390847
British Virgin Islands,VGB,2014,48.8143653574427
British Virgin Islands,VGB,2013,48.1639803746541
Brunei Darussalam,BRN,2023,74.8199193881365
Brunei Darussalam,BRN,2022,74.7772642014221
Brunei Darussalam,BRN,2021,74.7667316936175
Brunei Darussalam,BRN,2020,74.7748108912151
Brunei Darussalam,BRN,2019,74.7923311783673
Brunei Darussalam,BRN,2018,74.8172471714305
Brunei Darussalam,BRN,2017,74.8476440654983
Brunei Darussalam,BRN,2016,74.8816070556641
Brunei Darussalam,BRN,2015,74.9484620568562
Brunei Darussalam,BRN,2014,75.0572639801502
Brunei Darussalam,BRN,2013,75.1756915148608
Bulgaria,BGR,2023,73.7322671584613
Bulgaria,BGR,2022,73.4799164005224
Bulgaria,BGR,2021,73.346765618041
Bulgaria,BGR,2020,73.3239898681641
Bulgaria,BGR,2019,73.7162322998047
Bulgaria,BGR,2018,73.600212097168
Bulgaria,BGR,2017,73.3904571533203
Bulgaria,BGR,2016,73.1750030517578
Bulgaria,BGR,2015,73.1030578613281
Bulgaria,BGR,2014,73.0844879150391
Bulgaria,BGR,2013,72.9632821572019
Burkina Faso,BFA,2023,27.7872478365158
Burkina Faso,BFA,2022,27.2791369742712
Burkina Faso,BFA,2021,26.8114307743017
Burkina Faso,BFA,2020,26.3578373628627
Burkina Faso,BFA,2019,26.1187254401157
Burkina Faso,BFA,2018,26.0832202154822
Burkina Faso,BFA,2017,25.9769918665632
Burkina Faso,BFA,2016,25.821510372001
Burkina Faso,BFA,2015,25.621432645225
Burkina Faso,BFA,2014,25.3814155996643
Burkina Faso,BFA,2013,25.106116148748
Burundi,BDI,2023,23.5534768372276
Burundi,BDI,2022,22.3202446002597
Burundi,BDI,2021,21.1108861865354
Burundi,BDI,2020,19.9309984273971
Burundi,BDI,2019,18.786178154187
Burundi,BDI,2018,17.6820221982475
Burundi,BDI,2017,16.6241273909209
Burundi,BDI,2016,15.6180905635494
Burundi,BDI,2015,14.6695085474754
Burundi,BDI,2014,13.7839781740413
Burundi,BDI,2013,12.9670962745892
Cabo Verde,CPV,2023,75.9064245753376
Cabo Verde,CPV,2022,75.033738060849
Cabo Verde,CPV,2021,74.1607930892827
Cabo Verde,CPV,2020,72.8838521558784
Cabo Verde,CPV,2019,71.6254285086577
Cabo Verde,CPV,2018,70.3970748844677
Cabo Verde,CPV,2017,69.1999988159713
Cabo Verde,CPV,2016,68.0354078358316
Cabo Verde,CPV,2015,66.9045094767116
Cabo Verde,CPV,2014,65.8085112712742
Cabo Verde,CPV,2013,64.7486207521826
Cambodia,KHM,2023,40.6290788072508
Cambodia,KHM,2022,40.374616187368
Cambodia,KHM,2021,40.1091858128847
Cambodia,KHM,2020,39.832658030922
Cambodia,KHM,2019,39.5830241256026
Cambodia,KHM,2018,37.6404336372742
Cambodia,KHM,2017,35.0127905056235
Cambodia,KHM,2016,32.4767436038024
Cambodia,KHM,2015,30.0669222549819
Cambodia,KHM,2014,27.8179557823331
Cambodia,KHM,2013,25.7644735090271
Cameroon,CMR,2023,55.1286878511388
Cameroon,CMR,2022,54.8458745688318
Cameroon,CMR,2021,54.5548664463635
Cameroon,CMR,2020,54.2557949164174
Cameroon,CMR,2019,53.9487914119331
Cameroon,CMR,2018,53.6339873660653
Cameroon,CMR,2017,53.3115142121504
Cameroon,CMR,2016,52.9815033836792
Cameroon,CMR,2015,52.6440863142742
Cameroon,CMR,2014,52.2993944376709
Cameroon,CMR,2013,51.9475591877024
Canada,CAN,2023,82.5250564408346
Canada,CAN,2022,82.3500897353968
Canada,CAN,2021,82.1779279079275
Canada,CAN,2020,81.9509888710566
Canada,CAN,2019,81.7363672047941
Canada,CAN,2018,81.5500341646653
Canada,CAN,2017,81.4018945832226
Canada,CAN,2016,81.3023011093703
Canada,CAN,2015,81.2465670276699
Canada,CAN,2014,81.211183161556
Canada,CAN,2013,81.183439957458
Cayman Islands,CYM,2023,100.0
Cayman Islands,CYM,2022,100.0
Cayman Islands,CYM,2021,100.0
Cayman Islands,CYM,2020,100.0
Cayman Islands,CYM,2019,100.0
Cayman Islands,CYM,2018,100.0
Cayman Islands,CYM,2017,100.0
Cayman Islands,CYM,2016,100.0
Cayman Islands,CYM,2015,100.0
Cayman Islands,CYM,2014,100.0
Cayman Islands,CYM,2013,100.0
Central African Republic,CAF,2023,43.6983692134165
Central African Republic,CAF,2022,43.2751967457285
Central African Republic,CAF,2021,42.8547782897949
Central African Republic,CAF,2020,42.3050785933463
Central African Republic,CAF,2019,41.7800430407332
Central African Republic,CAF,2018,41.2824666248606
Central African Republic,CAF,2017,40.8151443386334
Central African Republic,CAF,2016,40.3808711749566
Central African Republic,CAF,2015,39.9824421267351
Central African Republic,CAF,2014,39.6226521868738
Central African Republic,CAF,2013,39.3042963482777
Chad,TCD,2023,26.3305395171046
Chad,TCD,2022,25.7635558629694
Chad,TCD,2021,25.2312246423075
Chad,TCD,2020,24.7341921795416
Chad,TCD,2019,24.2731047386633
Chad,TCD,2018,23.8486084924975
Chad,TCD,2017,23.461349471105
Chad,TCD,2016,23.1119734707179
Chad,TCD,2015,22.8011258828974
Chad,TCD,2014,22.5294513486009
Chad,TCD,2013,22.2975929852391
Channel Islands,CHI,2023,32.7554337975051
Channel Islands,CHI,2022,32.7920439098264
Channel Islands,CHI,2021,32.8148141071941
Channel Islands,CHI,2020,32.8247184979451
Channel Islands,CHI,2019,32.8235411026876
Channel Islands,CHI,2018,32.8125991997971
Channel Islands,CHI,2017,32.7853219355631
Channel Islands,CHI,2016,32.7426259745361
Channel Islands,CHI,2015,32.6907784276403
Channel Islands,CHI,2014,32.6275595274837
Channel Islands,CHI,2013,32.5432251775809
Chile,CHL,2023,88.8158617217972
Chile,CHL,2022,88.6395352768685
Chile,CHL,2021,88.4660511664452
Chile,CHL,2020,88.2953490438375
Chile,CHL,2019,88.1273685623538
Chile,CHL,2018,87.9620493753008
Chile,CHL,2017,87.8000295757281
Chile,CHL,2016,87.6306290578181
Chile,CHL,2015,87.4653320342387
Chile,CHL,2014,87.3133701497978
Chile,CHL,2013,87.1827777654221
China,CHN,2023,65.5301448035523
China,CHN,2022,65.2176361083984
China,CHN,2021,64.721076965332
China,CHN,2020,63.5234230266258
China,CHN,2019,62.7099151611328
China,CHN,2018,61.5001983642578
China,CHN,2017,60.2402687072754
China,CHN,2016,58.8399238586426
China,CHN,2015,57.3297843933105
China,CHN,2014,55.7502555847168
China,CHN,2013,54.4900016784668
Colombia,COL,2023,78.275571579544
Colombia,COL,2022,78.0464633137335
Colombia,COL,2021,77.8339570326128
Colombia,COL,2020,77.6382533537045
Colombia,COL,2019,77.4595528518377
Colombia,COL,2018,77.2804816598084
Colombia,COL,2017,77.2245191706503
Colombia,COL,2016,77.2036266362166
Colombia,COL,2015,77.1636280538646
Colombia,COL,2014,77.1058449419909
Colombia,COL,2013,77.0315988189922
Comoros,COM,2023,33.1502180946901
Comoros,COM,2022,32.7746035528748
Comoros,COM,2021,32.4124444313246
Comoros,COM,2020,32.0638072194881
Comoros,COM,2019,31.7287584068243
Comoros,COM,2018,31.4073645195839
Comoros,COM,2017,31.0996559689293
Comoros,COM,2016,30.7305018169792
Comoros,COM,2015,30.3732008585112
Comoros,COM,2014,30.0302906552932
Comoros,COM,2013,29.7043482521482
"Congo, Dem. Rep.",COD,2023,44.3754734892194
"Congo, Dem. Rep.",COD,2022,44.003287663813
"Congo, Dem. Rep.",COD,2021,43.6290681792218
"Congo, Dem. Rep.",COD,2020,43.2528602500115
"Congo, Dem. Rep.",COD,2019,42.8747090907476
"Congo, Dem. Rep.",COD,2018,42.4946599159958
"Congo, Dem. Rep.",COD,2017,42.1127579403217
"Congo, Dem. Rep.",COD,2016,41.7290483782911
"Congo, Dem. Rep.",COD,2015,41.3435764444694
"Congo, Dem. Rep.",COD,2014,40.9563873534225
"Congo, Dem. Rep.",COD,2013,40.5675263197158
"Congo, Rep.",COG,2023,63.6626757615625
"Congo, Rep.",COG,2022,63.6422003342807
"Congo, Rep.",COG,2021,63.6179125824196
"Congo, Rep.",COG,2020,63.5760904494257
"Congo, Rep.",COG,2019,63.5176376123385
"Congo, Rep.",COG,2018,63.4434577481975
"Congo, Rep.",COG,2017,63.3544545340423
"Congo, Rep.",COG,2016,63.2515316469123
"Congo, Rep.",COG,2015,63.135592763847
"Congo, Rep.",COG,2014,63.0075415618859
"Congo, Rep.",COG,2013,62.8682817180686
Costa Rica,CRI,2023,78.8819393641702
Costa Rica,CRI,2022,78.4405687613972
Costa Rica,CRI,2021,77.9868940200009
Costa Rica,CRI,2020,77.5211537281257
Costa Rica,CRI,2019,77.0435864735963
Costa Rica,CRI,2018,76.5544308439668
Costa Rica,CRI,2017,76.0539254265608
Costa Rica,CRI,2016,75.5423088085047
Costa Rica,CRI,2015,75.0198195767549
Costa Rica,CRI,2014,74.4866963181212
Costa Rica,CRI,2013,73.9431776192863
Cote d'Ivoire,CIV,2023,53.4075201638704
Cote d'Ivoire,CIV,2022,52.8492549676673
Cote d'Ivoire,CIV,2021,52.3183461956059
Cote d'Ivoire,CIV,2020,51.8357660823651
Cote d'Ivoire,CIV,2019,51.3514799771241
Cote d'Ivoire,CIV,2018,50.8718477756395
Cote d'Ivoire,CIV,2017,50.3977309654344
Cote d'Ivoire,CIV,2016,49.929991034032
Cote d'Ivoire,CIV,2015,49.4694894689553
Cote d'Ivoire,CIV,2014,49.0173144557368
Cote d'Ivoire,CIV,2013,48.5702332186208
Croatia,HRV,2023,57.2431560672198
Croatia,HRV,2022,56.9977571733605
Croatia,HRV,2021,56.7683502560171
Croatia,HRV,2020,56.5284863367411
Croatia,HRV,2019,56.303247958306
Croatia,HRV,2018,56.093170097094
Croatia,HRV,2017,55.9009887365155
Croatia,HRV,2016,55.7294398599808
Croatia,HRV,2015,55.5812594509004
Croatia,HRV,2014,55.4591834926844
Croatia,HRV,2013,55.3659479687433
Cuba,CUB,2023,77.1259872296321
Cuba,CUB,2022,77.1056060791016
Cuba,CUB,2021,77.0987701416016
Cuba,CUB,2020,77.1080322265625
Cuba,CUB,2019,77.0728225708008
Cuba,CUB,2018,77.0156326293945
Cuba,CUB,2017,76.9603271484375
Cuba,CUB,2016,76.9115829467773
Cuba,CUB,2015,76.8702850341797
Cuba,CUB,2014,76.8442459106445
Cuba,CUB,2013,76.81640625
Curacao,CUW,2023,91.4080929292235
Curacao,CUW,2022,91.4007684350799
Curacao,CUW,2021,91.391865832772
Curacao,CUW,2020,91.3820881678218
Curacao,CUW,2019,91.3714918191305
Curacao,CUW,2018,91.3601331655991
Curacao,CUW,2017,91.3480685861287
Curacao,CUW,2016,91.3353544596205
Curacao,CUW,2015,91.3220471649755
Curacao,CUW,2014,91.3082030810948
Curacao,CUW,2013,91.2938785868797
Cyprus,CYP,2023,66.6739477522639
Cyprus,CYP,2022,66.6694829407584
Cyprus,CYP,2021,66.6718365394971
Cyprus,CYP,2020,66.7180443478713
Cyprus,CYP,2019,66.7677357070518
Cyprus,CYP,2018,66.8255530496405
Cyprus,CYP,2017,66.8907450570326
Cyprus,CYP,2016,66.9625604106231
Cyprus,CYP,2015,67.0402477918073
Cyprus,CYP,2014,67.1230558819804
Cyprus,CYP,2013,67.2102333625375
Czechia,CZE,2023,72.7352388396817
Czechia,CZE,2022,72.6967638379524
Czechia,CZE,2021,72.6810594374316
Czechia,CZE,2020,72.7254901604208
Czechia,CZE,2019,72.7876426709563
Czechia,CZE,2018,72.8498744351241
Czechia,CZE,2017,72.9121853567256
Czechia,CZE,2016,72.9745753395623
Czechia,CZE,2015,73.0370442874355
Czechia,CZE,2014,73.0995921041469
Czechia,CZE,2013,73.1622186934979
Denmark,DNK,2023,88.552638542867
Denmark,DNK,2022,88.3880239837703
Denmark,DNK,2021,88.2616449318149
Denmark,DNK,2020,88.2394485473632
Denmark,DNK,2019,88.2096490810669
Denmark,DNK,2018,88.1059762310689
Denmark,DNK,2017,88.0161943799509
Denmark,DNK,2016,87.6999969482422
Denmark,DNK,2015,87.7254056577329
Denmark,DNK,2014,87.6823985731907
Denmark,DNK,2013,87.5436524760432
Djibouti,DJI,2023,72.8408245988921
Djibouti,DJI,2022,72.6109938538856
Djibouti,DJI,2021,72.2882954556515
Djibouti,DJI,2020,71.9990170519895
Djibouti,DJI,2019,71.7418146554518
Djibouti,DJI,2018,71.5153442785902
Djibouti,DJI,2017,71.318261933957
Djibouti,DJI,2016,71.1492236341041
Djibouti,DJI,2015,71.0068853915837
Djibouti,DJI,2014,70.8899032189478
Djibouti,DJI,2013,70.7969331287484
Dominica,DMA,2023,73.1105011438027
Dominica,DMA,2022,72.682648635692
Dominica,DMA,2021,72.2613620044042
Dominica,DMA,2020,71.846576780589
Dominica,DMA,2019,71.4382284948964
Dominica,DMA,2018,71.0362526779762
Dominica,DMA,2017,70.6405848604787
Dominica,DMA,2016,70.2511605730541
Dominica,DMA,2015,69.8679153463528
Dominica,DMA,2014,69.4907847110252
Dominica,DMA,2013,69.119704197722
Dominican Republic,DOM,2023,72.3577991823338
Dominican Republic,DOM,2022,72.4203155643711
Dominican Republic,DOM,2021,72.9243347395035
Dominican Republic,DOM,2020,73.2643793773663
Dominican Republic,DOM,2019,73.5403464672933
Dominican Republic,DOM,2018,73.7589255716938
Dominican Republic,DOM,2017,73.926806252977
Dominican Republic,DOM,2016,74.0506780735522
Dominican Republic,DOM,2015,74.1372305958285
Dominican Republic,DOM,2014,74.1931533822153
Dominican Republic,DOM,2013,74.2251359951216
Ecuador,ECU,2023,63.1307729554263
Ecuador,ECU,2022,63.0901835932266
Ecuador,ECU,2021,63.0871268249117
Ecuador,ECU,2020,63.0773897782521
Ecuador,ECU,2019,63.0627139714638
Ecuador,ECU,2018,63.0433276812321
Ecuador,ECU,2017,63.0194591842425
Ecuador,ECU,2016,62.9913367571804
Ecuador,ECU,2015,62.959188676731
Ecuador,ECU,2014,62.9232432195799
Ecuador,ECU,2013,62.8837286624122
"Egypt, Arab Rep.",EGY,2023,42.7098115041919
"Egypt, Arab Rep.",EGY,2022,42.6325129008032
"Egypt, Arab Rep.",EGY,2021,42.5686062621468
"Egypt, Arab Rep.",EGY,2020,42.5181534630674
"Egypt, Arab Rep.",EGY,2019,42.4812027332648
"Egypt, Arab Rep.",EGY,2018,42.4577177449969
"Egypt, Arab Rep.",EGY,2017,42.4486008687179
"Egypt, Arab Rep.",EGY,2016,42.5210717266225
"Egypt, Arab Rep.",EGY,2015,42.6056314089048
"Egypt, Arab Rep.",EGY,2014,42.6825522284408
"Egypt, Arab Rep.",EGY,2013,42.7514277188751
El Salvador,SLV,2023,74.6080675149903
El Salvador,SLV,2022,74.1465021298679
El Salvador,SLV,2021,73.6838531494141
El Salvador,SLV,2020,73.0570220947266
El Salvador,SLV,2019,72.4148941040039
El Salvador,SLV,2018,71.7577209472656
El Salvador,SLV,2017,71.0856704711914
El Salvador,SLV,2016,70.3990173339844
El Salvador,SLV,2015,69.6982116699219
El Salvador,SLV,2014,68.9166664266223
El Salvador,SLV,2013,68.0878511957995
Equatorial Guinea,GNQ,2023,71.1290664883517
Equatorial Guinea,GNQ,2022,70.8910029445467
Equatorial Guinea,GNQ,2021,70.6431215020592
Equatorial Guinea,GNQ,2020,70.3853314193247
Equatorial Guinea,GNQ,2019,70.1175419547293
Equatorial Guinea,GNQ,2018,69.8396623666175
Equatorial Guinea,GNQ,2017,69.5516019132985
Equatorial Guinea,GNQ,2016,69.253269853051
Equatorial Guinea,GNQ,2015,68.951270615355
Equatorial Guinea,GNQ,2014,65.5593240167184
Equatorial Guinea,GNQ,2013,62.2120073583984
Eritrea,ERI,2023,34.696403503418
Eritrea,ERI,2022,34.8469276428223
Eritrea,ERI,2021,34.9871139526367
Eritrea,ERI,2020,35.116138458252
Eritrea,ERI,2019,35.2352333068848
Eritrea,ERI,2018,35.3451042175293
Eritrea,ERI,2017,35.4427146911621
Eritrea,ERI,2016,35.5254287719727
Eritrea,ERI,2015,35.591007232666
Eritrea,ERI,2014,35.639720916748
Eritrea,ERI,2013,35.6713333129883
Estonia,EST,2023,70.6770085523126
Estonia,EST,2022,70.4892333736738
Estonia,EST,2021,70.1777274135822
Estonia,EST,2020,69.8815778947665
Estonia,EST,2019,69.5787397662154
Estonia,EST,2018,69.2803532930133
Estonia,EST,2017,68.9931941915158
Estonia,EST,2016,68.724038178078
Estonia,EST,2015,68.4796609690553
Estonia,EST,2014,68.2668382808032
Estonia,EST,2013,68.0923458296768
Eswatini,SWZ,2023,25.8081878500755
Eswatini,SWZ,2022,25.396682918542
Eswatini,SWZ,2021,25.0156180525173
Eswatini,SWZ,2020,24.6652798922192
Eswatini,SWZ,2019,24.3459549517751
Eswatini,SWZ,2018,24.0579295404227
Eswatini,SWZ,2017,23.8052004963161
Eswatini,SWZ,2016,23.5278881746356
Eswatini,SWZ,2015,23.2660261759632
Eswatini,SWZ,2014,23.026850446568
Eswatini,SWZ,2013,22.8121644356992
Ethiopia,ETH,2023,23.0586471557617
Ethiopia,ETH,2022,22.7367687225342
Ethiopia,ETH,2021,22.1067085266113
Ethiopia,ETH,2020,21.6260051727295
Ethiopia,ETH,2019,21.2486705780029
Ethiopia,ETH,2018,20.7838096618652
Ethiopia,ETH,2017,20.3084850311279
Ethiopia,ETH,2016,19.8763618469238
Ethiopia,ETH,2015,19.451566696167
Ethiopia,ETH,2014,19.0262870788574
Ethiopia,ETH,2013,18.615514755249
Faroe Islands,FRO,2023,39.1975270123645
Faroe Islands,FRO,2022,38.9959824546757
Faroe Islands,FRO,2021,38.8083763122559
Faroe Islands,FRO,2020,38.6689987182617
Faroe Islands,FRO,2019,38.3945655822754
Faroe Islands,FRO,2018,38.4058837890625
Faroe Islands,FRO,2017,38.3324699401855
Faroe Islands,FRO,2016,38.3200225830078
Faroe Islands,FRO,2015,38.1431503295898
Faroe Islands,FRO,2014,37.9093894958496
Faroe Islands,FRO,2013,37.7414817810059
Fiji,FJI,2023,58.6069049738768
Fiji,FJI,2022,58.1352701465266
Fiji,FJI,2021,57.6618364761928
Fiji,FJI,2020,57.186684691874
Fiji,FJI,2019,56.70989552257
Fiji,FJI,2018,56.2328347385698
Fiji,FJI,2017,55.7408343449609
Fiji,FJI,2016,55.1734720973874
Fiji,FJI,2015,54.6234188083653
Fiji,FJI,2014,54.0838287543856
Fiji,FJI,2013,53.5552726299291
Finland,FIN,2023,74.0062548602828
Finland,FIN,2022,73.6967597835949
Finland,FIN,2021,73.3710215780329
Finland,FIN,2020,73.0849439791673
Finland,FIN,2019,72.7431214358314
Finland,FIN,2018,72.3423467740343
Finland,FIN,2017,71.9563038312956
Finland,FIN,2016,71.6158383428171
Finland,FIN,2015,71.3054930040604
Finland,FIN,2014,70.9879168940753
Finland,FIN,2013,70.6742118159277
France,FRA,2023,78.7804323126547
France,FRA,2022,78.7591921123356
France,FRA,2021,78.7364603392338
France,FRA,2020,78.7119131765249
France,FRA,2019,78.6890784549356
France,FRA,2018,78.6714432536599
France,FRA,2017,78.6467804026368
France,FRA,2016,78.5999114705779
France,FRA,2015,77.7610919150066
France,FRA,2014,77.3524296788613
France,FRA,2013,77.2440721470918
French Polynesia,PYF,2023,61.6967135028569
French Polynesia,PYF,2022,61.6913806937112
French Polynesia,PYF,2021,61.7399813226008
French Polynesia,PYF,2020,61.7673100921
French Polynesia,PYF,2019,61.7824142427508
French Polynesia,PYF,2018,61.7888025236875
French Polynesia,PYF,2017,61.7896941062846
French Polynesia,PYF,2016,61.7744381369651
French Polynesia,PYF,2015,61.7374742154907
French Polynesia,PYF,2014,61.6824807401268
French Polynesia,PYF,2013,61.6130486661995
Gabon,GAB,2023,91.6375962797313
Gabon,GAB,2022,91.2243355459988
Gabon,GAB,2021,90.7881967286967
Gabon,GAB,2020,90.3480750410147
Gabon,GAB,2019,89.9031850170394
Gabon,GAB,2018,89.4539949981866
Gabon,GAB,2017,89.0009733256896
Gabon,GAB,2016,88.5445883406178
Gabon,GAB,2015,88.085308383892
Gabon,GAB,2014,87.6236017962969
Gabon,GAB,2013,87.1482480671637
"Gambia, The",GMB,2023,63.8020182456108
"Gambia, The",GMB,2022,63.2869880996278
"Gambia, The",GMB,2021,62.7550706637859
"Gambia, The",GMB,2020,62.2069251698555
"Gambia, The",GMB,2019,61.643210849607
"Gambia, The",GMB,2018,61.0645869348107
"Gambia, The",GMB,2017,60.471712657237
"Gambia, The",GMB,2016,59.8652472486563
"Gambia, The",GMB,2015,59.2458499408388
"Gambia, The",GMB,2014,58.6141799655551
"Gambia, The",GMB,2013,57.970305611505
Georgia,GEO,2023,60.7523077799724
Georgia,GEO,2022,60.0101622679115
Georgia,GEO,2021,59.4293560618005
Georgia,GEO,2020,58.9990552763878
Georgia,GEO,2019,58.6304091780343
Georgia,GEO,2018,58.3038181862576
Georgia,GEO,2017,57.9996827205757
Georgia,GEO,2016,57.6984032005062
Georgia,GEO,2015,57.3803800455672
Georgia,GEO,2014,57.0237612994258
Georgia,GEO,2013,56.6182119019407
Germany,DEU,2023,81.9034366692129
Germany,DEU,2022,81.7867852780995
Germany,DEU,2021,81.6325870653934
Germany,DEU,2020,81.4700055002738
Germany,DEU,2019,81.3053991689039
Germany,DEU,2018,81.1423036204018
Germany,DEU,2017,80.9842544038853
Germany,DEU,2016,80.8347870684725
Germany,DEU,2015,80.6974371632814
Germany,DEU,2014,80.57574023743
Germany,DEU,2013,80.4732318400362
Ghana,GHA,2023,57.8074737774654
Ghana,GHA,2022,57.250609602871
Ghana,GHA,2021,56.6952556826536
Ghana,GHA,2020,56.2171613974837
Ghana,GHA,2019,55.7246279109161
Ghana,GHA,2018,55.218477566593
Ghana,GHA,2017,54.6991419779128
Ghana,GHA,2016,54.167052758274
Ghana,GHA,2015,53.6226415210752
Ghana,GHA,2014,53.0663398797148
Ghana,GHA,2013,52.4985794475913
Gibraltar,GIB,2023,100.0
Gibraltar,GIB,2022,100.0
Gibraltar,GIB,2021,100.0
Gibraltar,GIB,2020,100.0
Gibraltar,GIB,2019,100.0
Gibraltar,GIB,2018,100.0
Gibraltar,GIB,2017,100.0
Gibraltar,GIB,2016,100.0
Gibraltar,GIB,2015,100.0
Gibraltar,GIB,2014,100.0
Gibraltar,GIB,2013,100.0
Greece,GRC,2023,78.7746303842088
Greece,GRC,2022,78.5502190980809
Greece,GRC,2021,78.3884898647442
Greece,GRC,2020,78.3066842455552
Greece,GRC,2019,78.1888100466875
Greece,GRC,2018,78.0490656849874
Greece,GRC,2017,77.8895342613411
Greece,GRC,2016,77.7122988766348
Greece,GRC,2015,77.5194426317545
Greece,GRC,2014,77.3130486275866
Greece,GRC,2013,77.0951999650171
Greenland,GRL,2023,88.0631147749908
Greenland,GRL,2022,87.8049405256832
Greenland,GRL,2021,87.5452017613678
Greenland,GRL,2020,87.2840881978115
Greenland,GRL,2019,87.0217895507812
Greenland,GRL,2018,86.72509765625
Greenland,GRL,2017,86.3915557861328
Greenland,GRL,2016,86.2261047363281
Greenland,GRL,2015,86.046257019043
Greenland,GRL,2014,85.6772384643555
Greenland,GRL,2013,85.3725891113281
Grenada,GRD,2023,36.462128238584
Grenada,GRD,2022,36.3688840183487
Grenada,GRD,2021,36.2831603706908
Grenada,GRD,2020,36.2050502515788
Grenada,GRD,2019,36.1346465679904
Grenada,GRD,2018,36.0720421424532
Grenada,GRD,2017,36.0173296416579
Grenada,GRD,2016,35.9706014181883
Grenada,GRD,2015,35.9319491111708
Grenada,GRD,2014,35.9014624346562
Grenada,GRD,2013,35.8792242623778
Guam,GUM,2023,94.1349341638921
Guam,GUM,2022,94.1068261842046
Guam,GUM,2021,94.0884327694075
Guam,GUM,2020,94.0804991087801
Guam,GUM,2019,94.0799802498939
Guam,GUM,2018,94.079885002321
Guam,GUM,2017,94.0797139460527
Guam,GUM,2016,94.079467256407
Guam,GUM,2015,94.079145108702
Guam,GUM,2014,94.0787476782557
Guam,GUM,2013,94.0782751403862
Guatemala,GTM,2023,55.6082319565539
Guatemala,GTM,2022,55.2581228215265
Guatemala,GTM,2021,54.9047071553758
Guatemala,GTM,2020,54.5483167911628
Guatemala,GTM,2019,54.1882267267974
Guatemala,GTM,2018,53.845962303542
Guatemala,GTM,2017,53.7994723140017
Guatemala,GTM,2016,53.6609232857043
Guatemala,GTM,2015,53.4411050262961
Guatemala,GTM,2014,53.1458479013964
Guatemala,GTM,2013,52.7809822766245
Guinea,GIN,2023,37.6454083954705
Guinea,GIN,2022,37.2384967469106
Guinea,GIN,2021,36.8502178436256
Guinea,GIN,2020,36.4802208060551
Guinea,GIN,2019,36.1281547546387
Guinea,GIN,2018,35.8554382324219
Guinea,GIN,2017,35.5827331542969
Guinea,GIN,2016,35.3100280761719
Guinea,GIN,2015,35.0373191833496
Guinea,GIN,2014,34.8177920826682
Guinea,GIN,2013,34.5812741977122
Guinea-Bissau,GNB,2023,45.5923843383789
Guinea-Bissau,GNB,2022,45.1627159118652
Guinea-Bissau,GNB,2021,44.7334136962891
Guinea-Bissau,GNB,2020,44.3038330078125
Guinea-Bissau,GNB,2019,43.8745574951172
Guinea-Bissau,GNB,2018,43.4449081420898
Guinea-Bissau,GNB,2017,43.0155792236328
Guinea-Bissau,GNB,2016,42.586109161377
Guinea-Bissau,GNB,2015,42.1568145751953
Guinea-Bissau,GNB,2014,41.7271995544434
Guinea-Bissau,GNB,2013,41.2976379394531
Guyana,GUY,2023,26.4651457279878
Guyana,GUY,2022,26.4536735068183
Guyana,GUY,2021,26.443303961947
Guyana,GUY,2020,26.4340397353676
Guyana,GUY,2019,26.4258834773058
Guyana,GUY,2018,26.4188378517884
Guyana,GUY,2017,26.412905546573
Guyana,GUY,2016,26.4080892882899
Guyana,GUY,2015,26.4043918297579
Guyana,GUY,2014,26.4018152016157
Guyana,GUY,2013,26.4003891353669
Haiti,HTI,2023,54.4496819335618
Haiti,HTI,2022,53.8524949966907
Haiti,HTI,2021,53.2460637918026
Haiti,HTI,2020,52.6307476732151
Haiti,HTI,2019,52.0069059952475
Haiti,HTI,2018,51.374898112219
Haiti,HTI,2017,50.735083378449
Haiti,HTI,2016,50.087821148256
Haiti,HTI,2015,49.4334707759572
Haiti,HTI,2014,48.7723916158687
Haiti,HTI,2013,48.1049430223048
Honduras,HND,2023,58.3132392705102
Honduras,HND,2022,57.8364689017254
Honduras,HND,2021,57.3550236357547
Honduras,HND,2020,56.8691654042685
Honduras,HND,2019,56.3791561389766
Honduras,HND,2018,55.8852577716247
Honduras,HND,2017,55.3877322339915
Honduras,HND,2016,54.8868414578857
Honduras,HND,2015,54.3828473751434
Honduras,HND,2014,53.8768089124249
Honduras,HND,2013,53.356379133253
"Hong Kong SAR, China",HKG,2023,100.0
"Hong Kong SAR, China",HKG,2022,100.0
"Hong Kong SAR, China",HKG,2021,100.0
"Hong Kong SAR, China",HKG,2020,100.0
"Hong Kong SAR, China",HKG,2019,100.0
"Hong Kong SAR, China",HKG,2018,100.0
"Hong Kong SAR, China",HKG,2017,100.0
"Hong Kong SAR, China",HKG,2016,100.0
"Hong Kong SAR, China",HKG,2015,100.0
"Hong Kong SAR, China",HKG,2014,100.0
"Hong Kong SAR, China",HKG,2013,100.0
Hungary,HUN,2023,70.2923026891431
Hungary,HUN,2022,70.1585064243445
Hungary,HUN,2021,70.2059275331413
Hungary,HUN,2020,70.2917327880859
Hungary,HUN,2019,70.4565277099609
Hungary,HUN,2018,70.4711761474609
Hungary,HUN,2017,70.4542541503906
Hungary,HUN,2016,70.4733810424805
Hungary,HUN,2015,70.4847717285156
Hungary,HUN,2014,70.3071053512008
Hungary,HUN,2013,69.9277636266638
Iceland,ISL,2023,94.1518261784801
Iceland,ISL,2022,94.1787071228028
Iceland,ISL,2021,94.2108206403841
Iceland,ISL,2020,94.1367102874722
Iceland,ISL,2019,93.9770847416131
Iceland,ISL,2018,93.8526667025487
Iceland,ISL,2017,93.7718982310092
Iceland,ISL,2016,93.7822647094726
Iceland,ISL,2015,93.727919768566
Iceland,ISL,2014,93.6196716315805
Iceland,ISL,2013,93.6166725158692
India,IND,2023,35.0676918424186
India,IND,2022,34.7555673994206
India,IND,2021,34.4425517181304
India,IND,2020,34.1286726088333
India,IND,2019,33.8139578818147
India,IND,2018,33.4984353473598
India,IND,2017,33.1821328157539
India,IND,2016,32.8650780972823
India,IND,2015,32.5472990022299
India,IND,2014,32.2288233408821
India,IND,2013,31.9096789235237
Indonesia,IDN,2023,58.1179353397878
Indonesia,IDN,2022,57.4934704226599
Indonesia,IDN,2021,56.8761702464027
Indonesia,IDN,2020,56.2785287648768
Indonesia,IDN,2019,55.7382049560547
Indonesia,IDN,2018,55.0956840515137
Indonesia,IDN,2017,54.4541015625
Indonesia,IDN,2016,53.812557220459
Indonesia,IDN,2015,53.1720771789551
Indonesia,IDN,2014,52.5002136230469
Indonesia,IDN,2013,51.8307495117188
"Iran, Islamic Rep.",IRN,2023,76.6759567260742
"Iran, Islamic Rep.",IRN,2022,76.3342208862305
"Iran, Islamic Rep.",IRN,2021,75.9926376342773
"Iran, Islamic Rep.",IRN,2020,75.5986404418945
"Iran, Islamic Rep.",IRN,2019,75.2038879394531
"Iran, Islamic Rep.",IRN,2018,74.8034286499023
"Iran, Islamic Rep.",IRN,2017,74.4011840820312
"Iran, Islamic Rep.",IRN,2016,73.8796100096595
"Iran, Islamic Rep.",IRN,2015,73.3561403575949
"Iran, Islamic Rep.",IRN,2014,72.8324070385223
"Iran, Islamic Rep.",IRN,2013,72.3030873515412
Iraq,IRQ,2023,69.868278503418
Iraq,IRQ,2022,69.8682861328125
Iraq,IRQ,2021,69.8682708740234
Iraq,IRQ,2020,69.8683166503906
Iraq,IRQ,2019,69.8683395385742
Iraq,IRQ,2018,69.8765148865842
Iraq,IRQ,2017,69.8944511190753
Iraq,IRQ,2016,69.9123778259643
Iraq,IRQ,2015,69.920524597168
Iraq,IRQ,2014,69.6666641235352
Iraq,IRQ,2013,69.444450378418
Ireland,IRL,2023,64.1152082461268
Ireland,IRL,2022,63.8920250215059
Ireland,IRL,2021,63.6774229356985
Ireland,IRL,2020,63.4713366724915
Ireland,IRL,2019,63.2737009154127
Ireland,IRL,2018,63.0844503476779
Ireland,IRL,2017,62.9035196521232
Ireland,IRL,2016,62.7229399123734
Ireland,IRL,2015,62.6392123492764
Ireland,IRL,2014,62.535401730577
Ireland,IRL,2013,62.4047157756118
Isle of Man,IMN,2023,52.1832571730182
Isle of Man,IMN,2022,52.1955609162662
Isle of Man,IMN,2021,52.1999559660634
Isle of Man,IMN,2020,52.1909519786866
Isle of Man,IMN,2019,52.1789898247578
Isle of Man,IMN,2018,52.1651893864538
Isle of Man,IMN,2017,52.1498415744309
Isle of Man,IMN,2016,52.1331532169475
Isle of Man,IMN,2015,52.1164840474526
Isle of Man,IMN,2014,52.0997913403899
Isle of Man,IMN,2013,52.0804107092926
Israel,ISR,2023,91.5089569794505
Israel,ISR,2022,91.4979834273327
Israel,ISR,2021,91.5353517549466
Israel,ISR,2020,91.5788453228939
Israel,ISR,2019,91.6154002002652
Israel,ISR,2018,91.6456193546346
Israel,ISR,2017,91.6701057535759
Israel,ISR,2016,91.6894623646632
Israel,ISR,2015,91.7042921554705
Israel,ISR,2014,91.7151980935716
Israel,ISR,2013,91.7227831465406
Italy,ITA,2023,69.5381540123301
Italy,ITA,2022,69.4839779766539
Italy,ITA,2021,69.4812507629394
Italy,ITA,2020,69.5187492370606
Italy,ITA,2019,69.5050010681153
Italy,ITA,2018,69.4800033569336
Italy,ITA,2017,69.5180784259382
Italy,ITA,2016,69.5969232525286
Italy,ITA,2015,69.6100006103516
Italy,ITA,2014,69.5807638614879
Italy,ITA,2013,69.3073989916076
Jamaica,JAM,2023,58.4510149367429
Jamaica,JAM,2022,57.9879906034775
Jamaica,JAM,2021,57.5411017937226
Jamaica,JAM,2020,57.1103647563627
Jamaica,JAM,2019,56.6957957395074
Jamaica,JAM,2018,56.297410990325
Jamaica,JAM,2017,55.9152267548307
Jamaica,JAM,2016,55.549259277615
Jamaica,JAM,2015,55.1995248014924
Jamaica,JAM,2014,54.8660395670395
Jamaica,JAM,2013,54.548819811983
Japan,JPN,2023,92.0826903891473
Japan,JPN,2022,91.9776532428406
Japan,JPN,2021,91.8741049279527
Japan,JPN,2020,91.7809926267889
Japan,JPN,2019,91.7164207898107
Japan,JPN,2018,91.6377318609728
Japan,JPN,2017,91.5498419685883
Japan,JPN,2016,91.4541254852142
Japan,JPN,2015,91.3532644103625
Japan,JPN,2014,91.2548945132333
Japan,JPN,2013,91.1516595654317
Jordan,JOR,2023,92.682236868336
Jordan,JOR,2022,92.4048379066163
Jordan,JOR,2021,92.117972910453
Jordan,JOR,2020,91.8216722992319
Jordan,JOR,2019,91.515966492507
Jordan,JOR,2018,91.2008859099729
Jordan,JOR,2017,90.8764609714428
Jordan,JOR,2016,90.56272794707
Jordan,JOR,2015,89.8881391939133
Jordan,JOR,2014,88.0371754329978
Jordan,JOR,2013,86.4627110188335
Kazakhstan,KAZ,2023,61.7560919499181
Kazakhstan,KAZ,2022,61.444157327248
Kazakhstan,KAZ,2021,61.030254280267
Kazakhstan,KAZ,2020,59.9871193541692
Kazakhstan,KAZ,2019,59.0832474269546
Kazakhstan,KAZ,2018,58.2388038921695
Kazakhstan,KAZ,2017,57.4586448748837
Kazakhstan,KAZ,2016,56.7476265001667
Kazakhstan,KAZ,2015,56.1106048930882
Kazakhstan,KAZ,2014,55.5524361787178
Kazakhstan,KAZ,2013,55.0779764821252
Kenya,KEN,2023,31.6330340816429
Kenya,KEN,2022,31.4307820066946
Kenya,KEN,2021,31.2879334021971
Kenya,KEN,2020,31.2063494632616
Kenya,KEN,2019,31.1895566421135
Kenya,KEN,2018,31.3940041639796
Kenya,KEN,2017,31.5383650847102
Kenya,KEN,2016,31.6502520105647
Kenya,KEN,2015,31.7338026039958
Kenya,KEN,2014,31.7931545274563
Kenya,KEN,2013,31.8324454433988
Kiribati,KIR,2023,61.5244676194408
Kiribati,KIR,2022,60.5739126559419
Kiribati,KIR,2021,59.6364645301985
Kiribati,KIR,2020,58.4123714112748
Kiribati,KIR,2019,56.2846727145489
Kiribati,KIR,2018,54.5004023142497
Kiribati,KIR,2017,52.9734697275451
Kiribati,KIR,2016,51.7710553002321
Kiribati,KIR,2015,50.9541970402064
Kiribati,KIR,2014,50.3909308922385
Kiribati,KIR,2013,49.9687043258795
"Korea, Dem. People's Rep.",PRK,2023,63.5382165423021
"Korea, Dem. People's Rep.",PRK,2022,63.2274365906829
"Korea, Dem. People's Rep.",PRK,2021,62.926560562457
"Korea, Dem. People's Rep.",PRK,2020,62.6355140538495
"Korea, Dem. People's Rep.",PRK,2019,62.3542226611578
"Korea, Dem. People's Rep.",PRK,2018,62.0826119807623
"Korea, Dem. People's Rep.",PRK,2017,61.8206076091402
"Korea, Dem. People's Rep.",PRK,2016,61.5681351428803
"Korea, Dem. People's Rep.",PRK,2015,61.3247571174501
"Korea, Dem. People's Rep.",PRK,2014,61.0940947540873
"Korea, Dem. People's Rep.",PRK,2013,60.8843063158034
"Korea, Rep.",KOR,2023,81.1645551720421
"Korea, Rep.",KOR,2022,81.1624941626873
"Korea, Rep.",KOR,2021,81.1616526507785
"Korea, Rep.",KOR,2020,81.1759595622913
"Korea, Rep.",KOR,2019,81.2901063535619
"Korea, Rep.",KOR,2018,81.3823523035196
"Korea, Rep.",KOR,2017,81.471030429984
"Korea, Rep.",KOR,2016,81.5559241797057
"Korea, Rep.",KOR,2015,81.639489860678
"Korea, Rep.",KOR,2014,81.7315682816954
"Korea, Rep.",KOR,2013,81.8269383502703
Kosovo,XKX,2023,49.1105579101515
Kosovo,XKX,2022,47.8001996538455
Kosovo,XKX,2021,46.4995789423362
Kosovo,XKX,2020,45.2268625263391
Kosovo,XKX,2019,44.0002171565695
Kosovo,XKX,2018,42.8378095837429
Kosovo,XKX,2017,41.7578065585746
Kosovo,XKX,2016,40.7783748317802
Kosovo,XKX,2015,39.917681154075
Kosovo,XKX,2014,39.1938922761744
Kosovo,XKX,2013,38.6251749487938
Kuwait,KWT,2023,100.0
Kuwait,KWT,2022,100.0
Kuwait,KWT,2021,100.0
Kuwait,KWT,2020,100.0
Kuwait,KWT,2019,100.0
Kuwait,KWT,2018,100.0
Kuwait,KWT,2017,100.0
Kuwait,KWT,2016,100.0
Kuwait,KWT,2015,100.0
Kuwait,KWT,2014,100.0
Kuwait,KWT,2013,100.0
Kyrgyz Republic,KGZ,2023,34.706439175362
Kyrgyz Republic,KGZ,2022,34.7003053497743
Kyrgyz Republic,KGZ,2021,34.7521210171204
Kyrgyz Republic,KGZ,2020,34.8174315392111
Kyrgyz Republic,KGZ,2019,34.8805205758044
Kyrgyz Republic,KGZ,2018,34.9408997219466
Kyrgyz Republic,KGZ,2017,34.9980805726839
Kyrgyz Republic,KGZ,2016,35.0515747230627
Kyrgyz Republic,KGZ,2015,35.1008937681291
Kyrgyz Republic,KGZ,2014,35.1455493029297
Kyrgyz Republic,KGZ,2013,35.1850529225105
Lao PDR,LAO,2023,38.8070088517156
Lao PDR,LAO,2022,38.0682382805397
Lao PDR,LAO,2021,37.338778268357
Lao PDR,LAO,2020,36.6185033569111
Lao PDR,LAO,2019,35.9072880879451
Lao PDR,LAO,2018,35.2050070032013
Lao PDR,LAO,2017,34.5115346444216
Lao PDR,LAO,2016,33.8267455533474
Lao PDR,LAO,2015,33.1240204432199
Lao PDR,LAO,2014,32.6638235172635
Lao PDR,LAO,2013,32.2264033448341
Latvia,LVA,2023,68.3586316343061
Latvia,LVA,2022,68.2570218109034
Latvia,LVA,2021,68.1808791463693
Latvia,LVA,2020,68.1211222872228
Latvia,LVA,2019,68.066323694246
Latvia,LVA,2018,68.0160346376376
Latvia,LVA,2017,67.9706866054779
Latvia,LVA,2016,67.9307110858472
Latvia,LVA,2015,67.8965395668259
Latvia,LVA,2014,67.8686035364944
Latvia,LVA,2013,67.847334482933
Lebanon,LBN,2023,90.4524074197598
Lebanon,LBN,2022,90.206313713022
Lebanon,LBN,2021,89.965362045441
Lebanon,LBN,2020,89.729499798117
Lebanon,LBN,2019,89.4986743521503
Lebanon,LBN,2018,89.272833088641
Lebanon,LBN,2017,89.0519233886895
Lebanon,LBN,2016,88.835892633396
Lebanon,LBN,2015,88.6246882038608
Lebanon,LBN,2014,88.4182574811842
Lebanon,LBN,2013,88.2165478464663
Lesotho,LSO,2023,42.6781596804785
Lesotho,LSO,2022,41.6703965165322
Lesotho,LSO,2021,40.6551760851997
Lesotho,LSO,2020,39.6329305425532
Lesotho,LSO,2019,38.6040920446259
Lesotho,LSO,2018,37.569092747415
Lesotho,LSO,2017,36.5283648068846
Lesotho,LSO,2016,35.5077950709441
Lesotho,LSO,2015,34.0903875831861
Lesotho,LSO,2014,32.6404409096604
Lesotho,LSO,2013,31.2407460933407
Liberia,LBR,2023,54.997863482224
Liberia,LBR,2022,54.4591057083
Liberia,LBR,2021,53.9224618859098
Liberia,LBR,2020,53.3878685572381
Liberia,LBR,2019,52.85526226447
Liberia,LBR,2018,52.3245795497906
Liberia,LBR,2017,51.7957569553849
Liberia,LBR,2016,51.2687310234384
Liberia,LBR,2015,50.7434382961363
Liberia,LBR,2014,50.2198153156642
Liberia,LBR,2013,49.6977986242077
Libya,LBY,2023,87.8647197919848
Libya,LBY,2022,87.8486088593786
Libya,LBY,2021,87.8365018271835
Libya,LBY,2020,87.8278267096263
Libya,LBY,2019,87.8220115209342
Libya,LBY,2018,87.818484275334
Libya,LBY,2017,87.8166729870528
Libya,LBY,2016,87.8160056703177
Libya,LBY,2015,87.8159103393555
Libya,LBY,2014,88.0142059326172
Libya,LBY,2013,88.0451431274414
Liechtenstein,LIE,2023,14.6783761234077
Liechtenstein,LIE,2022,14.6923070071538
Liechtenstein,LIE,2021,14.6989159370696
Liechtenstein,LIE,2020,14.6666622853765
Liechtenstein,LIE,2019,14.6070830005951
Liechtenstein,LIE,2018,14.5565184941154
Liechtenstein,LIE,2017,14.5144332791067
Liechtenstein,LIE,2016,14.4802918687379
Liechtenstein,LIE,2015,14.4535587761782
Liechtenstein,LIE,2014,14.4336985145967
Liechtenstein,LIE,2013,14.4201755971624
Lithuania,LTU,2023,68.575454583199
Lithuania,LTU,2022,68.2866452426813
Lithuania,LTU,2021,68.1912117004395
Lithuania,LTU,2020,67.4254608154297
Lithuania,LTU,2019,67.245735168457
Lithuania,LTU,2018,67.1464742010457
Lithuania,LTU,2017,67.1012954711914
Lithuania,LTU,2016,67.1894226074219
Lithuania,LTU,2015,67.2282485961914
Lithuania,LTU,2014,67.1514937628023
Lithuania,LTU,2013,67.0092086791992
Luxembourg,LUX,2023,94.8015300320787
Luxembourg,LUX,2022,94.7605400940185
Luxembourg,LUX,2021,94.5861743396533
Luxembourg,LUX,2020,93.8600689970981
Luxembourg,LUX,2019,93.2589839734767
Luxembourg,LUX,2018,92.6709441899184
Luxembourg,LUX,2017,92.0963768119916
Luxembourg,LUX,2016,91.5357090052649
Luxembourg,LUX,2015,90.9893679353068
Luxembourg,LUX,2014,90.4577807676859
Luxembourg,LUX,2013,89.9413746679705
"Macao SAR, China",MAC,2023,100.0
"Macao SAR, China",MAC,2022,100.0
"Macao SAR, China",MAC,2021,100.0
"Macao SAR, China",MAC,2020,100.0
"Macao SAR, China",MAC,2019,100.0
"Macao SAR, China",MAC,2018,100.0
"Macao SAR, China",MAC,2017,100.0
"Macao SAR, China",MAC,2016,100.0
"Macao SAR, China",MAC,2015,100.0
"Macao SAR, China",MAC,2014,100.0
"Macao SAR, China",MAC,2013,100.0
Madagascar,MDG,2023,31.9799438860946
Madagascar,MDG,2022,31.5397813465886
Madagascar,MDG,2021,31.1137123216036
Madagascar,MDG,2020,30.7019474167548
Madagascar,MDG,2019,30.3046972370204
Madagascar,MDG,2018,29.9181125346909
Madagascar,MDG,2017,29.671033028335
Madagascar,MDG,2016,29.4239466316878
Madagascar,MDG,2015,29.1731079210354
Madagascar,MDG,2014,28.9185894345838
Madagascar,MDG,2013,28.6604637105393
Malawi,MWI,2023,16.9748746665356
Malawi,MWI,2022,16.7146031979436
Malawi,MWI,2021,16.4881925800694
Malawi,MWI,2020,16.2961471756409
Malawi,MWI,2019,16.1383746619001
Malawi,MWI,2018,16.0221486554255
Malawi,MWI,2017,15.9634281867266
Malawi,MWI,2016,15.899632938282
Malawi,MWI,2015,15.8338504946918
Malawi,MWI,2014,15.766154187056
Malawi,MWI,2013,15.6966173464742
Malaysia,MYS,2023,76.4434752105739
Malaysia,MYS,2022,75.9741357073003
Malaysia,MYS,2021,75.5088628191907
Malaysia,MYS,2020,75.0511895575672
Malaysia,MYS,2019,74.8377707734042
Malaysia,MYS,2018,74.5634625145296
Malaysia,MYS,2017,74.2354806421432
Malaysia,MYS,2016,73.8588978909614
Malaysia,MYS,2015,73.4387869957006
Malaysia,MYS,2014,72.9802206910773
Malaysia,MYS,2013,72.4882717118078
Maldives,MDV,2023,41.5096832933973
Maldives,MDV,2022,41.0641769690663
Maldives,MDV,2021,40.7398648710483
Maldives,MDV,2020,40.3985147902839
Maldives,MDV,2019,40.0492764783282
Maldives,MDV,2018,39.6923354428279
Maldives,MDV,2017,39.32787719143
Maldives,MDV,2016,38.9560872317815
Maldives,MDV,2015,38.5771510715291
Maldives,MDV,2014,38.1938859868107
Maldives,MDV,2013,37.8257075155926
Mali,MLI,2023,31.0031889023235
Mali,MLI,2022,30.4015705681899
Mali,MLI,2021,29.7049638253978
Mali,MLI,2020,29.0205972994693
Mali,MLI,2019,28.3520715749509
Mali,MLI,2018,27.6999185916288
Mali,MLI,2017,27.0646702892896
Mali,MLI,2016,26.4468586077195
Mali,MLI,2015,25.847015486705
Mali,MLI,2014,25.2656728660325
Mali,MLI,2013,24.7033626854883
Malta,MLT,2023,95.6272277147965
Malta,MLT,2022,95.6003155132879
Malta,MLT,2021,95.5145343617045
Malta,MLT,2020,95.1841082280263
Malta,MLT,2019,94.9332032524644
Malta,MLT,2018,94.7242373261706
Malta,MLT,2017,94.5691806330314
Malta,MLT,2016,94.4800033569336
Malta,MLT,2015,94.4387696268011
Malta,MLT,2014,94.412512773898
Malta,MLT,2013,94.3906567856206
Marshall Islands,MHL,2023,78.3593928884282
Marshall Islands,MHL,2022,77.9855966195187
Marshall Islands,MHL,2021,77.6163157431143
Marshall Islands,MHL,2020,77.285864607515
Marshall Islands,MHL,2019,76.9422712042154
Marshall Islands,MHL,2018,76.5886712229035
Marshall Islands,MHL,2017,76.2253071645634
Marshall Islands,MHL,2016,75.8524215301796
Marshall Islands,MHL,2015,75.4702568207363
Marshall Islands,MHL,2014,75.0790555372177
Marshall Islands,MHL,2013,74.6790601806083
Mauritania,MRT,2023,59.7142464747058
Mauritania,MRT,2022,58.8120996197226
Mauritania,MRT,2021,57.901535141641
Mauritania,MRT,2020,56.9836701058893
Mauritania,MRT,2019,56.0596215779146
Mauritania,MRT,2018,55.1305077000081
Mauritania,MRT,2017,54.1970448502004
Mauritania,MRT,2016,52.9185627319946
Mauritania,MRT,2015,51.6680350049622
Mauritania,MRT,2014,50.4694791226856
Mauritania,MRT,2013,49.3553973225913
Mauritius,MUS,2023,39.0039901092226
Mauritius,MUS,2022,39.0000125885784
Mauritius,MUS,2021,39.077147315722
Mauritius,MUS,2020,39.1607039074325
Mauritius,MUS,2019,39.2509492806955
Mauritius,MUS,2018,39.3474905591359
Mauritius,MUS,2017,39.4499348663789
Mauritius,MUS,2016,39.5578893260494
Mauritius,MUS,2015,39.6709610617726
Mauritius,MUS,2014,39.7887571971735
Mauritius,MUS,2013,39.9108848558771
Mexico,MEX,2023,79.4734935748046
Mexico,MEX,2022,79.199683215791
Mexico,MEX,2021,78.9324007418057
Mexico,MEX,2020,78.677960602824
Mexico,MEX,2019,78.355984332992
Mexico,MEX,2018,78.0271223924494
Mexico,MEX,2017,77.7206924598541
Mexico,MEX,2016,77.4405087351486
Mexico,MEX,2015,77.1903854182753
Mexico,MEX,2014,76.9741367091766
Mexico,MEX,2013,76.7955768077952
"Micronesia, Fed. Sts.",FSM,2023,22.4334012451903
"Micronesia, Fed. Sts.",FSM,2022,22.4122701819053
"Micronesia, Fed. Sts.",FSM,2021,22.3928762855411
"Micronesia, Fed. Sts.",FSM,2020,22.3752060036598
"Micronesia, Fed. Sts.",FSM,2019,22.359245777081
"Micronesia, Fed. Sts.",FSM,2018,22.3449820355433
"Micronesia, Fed. Sts.",FSM,2017,22.332401189542
"Micronesia, Fed. Sts.",FSM,2016,22.3214896137555
"Micronesia, Fed. Sts.",FSM,2015,22.3122336099411
"Micronesia, Fed. Sts.",FSM,2014,22.3046193122479
"Micronesia, Fed. Sts.",FSM,2013,22.2986323961146
Moldova,MDA,2023,43.0011825561523
Moldova,MDA,2022,42.4048843383789
Moldova,MDA,2021,41.8115425109863
Moldova,MDA,2020,41.3368530273438
Moldova,MDA,2019,40.772289276123
Moldova,MDA,2018,40.3258094787598
Moldova,MDA,2017,39.9736557006836
Moldova,MDA,2016,39.7373237609863
Moldova,MDA,2015,39.6954040527344
Moldova,MDA,2014,39.6298484802246
Moldova,MDA,2013,39.4275512695312
Monaco,MCO,2023,100.0
Monaco,MCO,2022,100.0
Monaco,MCO,2021,100.0
Monaco,MCO,2020,100.0
Monaco,MCO,2019,100.0
Monaco,MCO,2018,100.0
Monaco,MCO,2017,100.0
Monaco,MCO,2016,100.0
Monaco,MCO,2015,100.0
Monaco,MCO,2014,100.0
Monaco,MCO,2013,100.0
Mongolia,MNG,2023,70.4464492797852
Mongolia,MNG,2022,69.783805847168
Mongolia,MNG,2021,69.2153244018555
Mongolia,MNG,2020,68.0894771770775
Mongolia,MNG,2019,67.8277299551557
Mongolia,MNG,2018,67.8683444833372
Mongolia,MNG,2017,67.9260583223672
Mongolia,MNG,2016,67.9776754820979
Mongolia,MNG,2015,67.9999999906095
Mongolia,MNG,2014,67.9941357229626
Mongolia,MNG,2013,67.9776750055915
Montenegro,MNE,2023,65.4731667624849
Montenegro,MNE,2022,65.4012965440866
Montenegro,MNE,2021,65.3266031317675
Montenegro,MNE,2020,65.2490688418027
Montenegro,MNE,2019,65.1686759904159
Montenegro,MNE,2018,65.0854068937869
Montenegro,MNE,2017,64.9992438680584
Montenegro,MNE,2016,64.9101692293409
Montenegro,MNE,2015,64.8181652937171
Montenegro,MNE,2014,64.7232143772459
Montenegro,MNE,2013,64.6252987959653
Morocco,MAR,2023,62.673750838878
Morocco,MAR,2022,62.5118468550703
Morocco,MAR,2021,62.3173276600289
Morocco,MAR,2020,62.0933436005366
Morocco,MAR,2019,61.8430450233765
Morocco,MAR,2018,61.5695822753314
Morocco,MAR,2017,61.2761057031842
Morocco,MAR,2016,60.9657656537179
Morocco,MAR,2015,60.6417124737154
Morocco,MAR,2014,60.3030486171654
Morocco,MAR,2013,59.9083499302469
Mozambique,MOZ,2023,35.7149783148407
Mozambique,MOZ,2022,35.0536638047945
Mozambique,MOZ,2021,34.4499259401554
Mozambique,MOZ,2020,33.9044006416285
Mozambique,MOZ,2019,33.4177241517032
Mozambique,MOZ,2018,32.9902559073541
Mozambique,MOZ,2017,32.6274411492675
Mozambique,MOZ,2016,32.3819234395234
Mozambique,MOZ,2015,32.1372836259918
Mozambique,MOZ,2014,31.8972245802342
Mozambique,MOZ,2013,31.6619153976179
Myanmar,MMR,2023,30.3820718069466
Myanmar,MMR,2022,30.311095757938
Myanmar,MMR,2021,30.2368812529698
Myanmar,MMR,2020,30.1593049968842
Myanmar,MMR,2019,30.0782436945232
Myanmar,MMR,2018,29.993574050729
Myanmar,MMR,2017,29.9051727703437
Myanmar,MMR,2016,29.8129165582094
Myanmar,MMR,2015,29.7166821191682
Myanmar,MMR,2014,29.6164342116462
Myanmar,MMR,2013,29.5103946237239
Namibia,NAM,2023,49.9545837830821
Namibia,NAM,2022,49.5291037671807
Namibia,NAM,2021,49.0571881483796
Namibia,NAM,2020,48.547381745659
Namibia,NAM,2019,48.0019807724839
Namibia,NAM,2018,47.4232814423189
Namibia,NAM,2017,46.8135799686288
Namibia,NAM,2016,46.1751725648784
Namibia,NAM,2015,45.5103554445325
Namibia,NAM,2014,44.8214248210559
Namibia,NAM,2013,44.1106769079132
Naoero,NRU,2023,100.0
Naoero,NRU,2022,100.0
Naoero,NRU,2021,100.0
Naoero,NRU,2020,100.0
Naoero,NRU,2019,100.0
Naoero,NRU,2018,100.0
Naoero,NRU,2017,100.0
Naoero,NRU,2016,100.0
Naoero,NRU,2015,100.0
Naoero,NRU,2014,100.0
Naoero,NRU,2013,100.0
Nepal,NPL,2023,66.5432933453944
Nepal,NPL,2022,66.2992968721053
Nepal,NPL,2021,66.144235274522
Nepal,NPL,2020,66.1050886088505
Nepal,NPL,2019,65.9873929484157
Nepal,NPL,2018,65.8104229225551
Nepal,NPL,2017,65.5768928085184
Nepal,NPL,2016,65.2895168835553
Nepal,NPL,2015,64.9510094249155
Nepal,NPL,2014,64.5640847098488
Nepal,NPL,2013,64.1314570156048
Netherlands,NLD,2023,95.3221682092129
Netherlands,NLD,2022,94.9856177734136
Netherlands,NLD,2021,94.6294783220315
Netherlands,NLD,2020,94.2532277765935
Netherlands,NLD,2019,93.8898028856479
Netherlands,NLD,2018,92.6062472401044
Netherlands,NLD,2017,91.1219700676602
Netherlands,NLD,2016,90.5803239452777
Netherlands,NLD,2015,90.2787737214621
Netherlands,NLD,2014,89.8364787097165
Netherlands,NLD,2013,89.1749992370605
New Caledonia,NCL,2023,67.751522311337
New Caledonia,NCL,2022,67.5720305021282
New Caledonia,NCL,2021,67.4130776539646
New Caledonia,NCL,2020,67.2747261065933
New Caledonia,NCL,2019,67.1574673707832
New Caledonia,NCL,2018,67.0588809757675
New Caledonia,NCL,2017,66.9683393293094
New Caledonia,NCL,2016,66.8902054658406
New Caledonia,NCL,2015,66.8278045547803
New Caledonia,NCL,2014,66.7846387072769
New Caledonia,NCL,2013,66.7584127864925
New Zealand,NZL,2023,83.8898991461229
New Zealand,NZL,2022,83.8547305017812
New Zealand,NZL,2021,83.8299382585905
New Zealand,NZL,2020,83.8138977095908
New Zealand,NZL,2019,83.804965871667
New Zealand,NZL,2018,83.8017846685577
New Zealand,NZL,2017,84.1701025874108
New Zealand,NZL,2016,84.691365594
New Zealand,NZL,2015,85.1518763760531
New Zealand,NZL,2014,85.5076659530411
New Zealand,NZL,2013,85.7080129786455
Nicaragua,NIC,2023,59.1250953674316
Nicaragua,NIC,2022,58.9954376220703
Nicaragua,NIC,2021,58.8592529296875
Nicaragua,NIC,2020,58.7045922689128
Nicaragua,NIC,2019,58.5405671448072
Nicaragua,NIC,2018,58.3683858659405
Nicaragua,NIC,2017,58.1892567408822
Nicaragua,NIC,2016,58.0043880782023
Nicaragua,NIC,2015,57.8149881864705
Nicaragua,NIC,2014,57.6222653742564
Nicaragua,NIC,2013,57.4274279501299
Niger,NER,2023,17.7506873295237
Niger,NER,2022,17.477207007512
Niger,NER,2021,17.2295936666686
Niger,NER,2020,17.0081420003794
Niger,NER,2019,16.813146499685
Niger,NER,2018,16.6449011799221
Niger,NER,2017,16.5036987906896
Niger,NER,2016,16.3898280543236
Niger,NER,2015,16.3035606587493
Niger,NER,2014,16.2450424611665
Niger,NER,2013,16.2162595696064
Nigeria,NGA,2023,62.1746763155343
Nigeria,NGA,2022,61.3727650622225
Nigeria,NGA,2021,60.5698545383604
Nigeria,NGA,2020,59.7659654848781
Nigeria,NGA,2019,58.9611186427056
Nigeria,NGA,2018,58.1553347527729
Nigeria,NGA,2017,57.3486345560101
Nigeria,NGA,2016,56.541038793347
Nigeria,NGA,2015,55.7325682057138
Nigeria,NGA,2014,54.9232435340404
Nigeria,NGA,2013,54.1130855192568
North Macedonia,MKD,2023,62.2518322545779
North Macedonia,MKD,2022,61.9530566607267
North Macedonia,MKD,2021,61.6841975628139
North Macedonia,MKD,2020,61.1593302746435
North Macedonia,MKD,2019,60.6286848102132
North Macedonia,MKD,2018,60.1580316016216
North Macedonia,MKD,2017,59.7437719356273
North Macedonia,MKD,2016,59.3823070989891
North Macedonia,MKD,2015,59.0700383784659
North Macedonia,MKD,2014,58.8033670608162
North Macedonia,MKD,2013,58.578694432799
Northern Mariana Islands,MNP,2023,91.9754112887573
Northern Mariana Islands,MNP,2022,91.8785788645608
Northern Mariana Islands,MNP,2021,91.7842137303802
Northern Mariana Islands,MNP,2020,91.6908367362908
Northern Mariana Islands,MNP,2019,91.6162852134162
Northern Mariana Islands,MNP,2018,91.5444506155168
Northern Mariana Islands,MNP,2017,91.4720215898621
Northern Mariana Islands,MNP,2016,91.3990047853283
Northern Mariana Islands,MNP,2015,91.3254068507915
Northern Mariana Islands,MNP,2014,91.2512344351276
Northern Mariana Islands,MNP,2013,91.1764941872129
Norway,NOR,2023,83.0718560702166
Norway,NOR,2022,82.9563661816034
Norway,NOR,2021,82.8612877226956
Norway,NOR,2020,82.7029885700532
Norway,NOR,2019,82.4935894878281
Norway,NOR,2018,82.2452112401723
Norway,NOR,2017,81.9699745912375
Norway,NOR,2016,81.6800003051758
Norway,NOR,2015,81.2378240971353
Norway,NOR,2014,80.6117159535579
Norway,NOR,2013,79.9723980455359
Oman,OMN,2023,79.5702973228932
Oman,OMN,2022,80.0117053152301
Oman,OMN,2021,80.1239942103569
Oman,OMN,2020,80.0176378922722
Oman,OMN,2019,79.5780017545962
Oman,OMN,2018,78.9655839720276
Oman,OMN,2017,78.3142260040136
Oman,OMN,2016,77.7521362304688
Oman,OMN,2015,77.3025363037955
Oman,OMN,2014,76.8892576748951
Oman,OMN,2013,76.4914234214313
Pakistan,PAK,2023,38.8191861872791
Pakistan,PAK,2022,38.3740439760816
Pakistan,PAK,2021,37.9333395514173
Pakistan,PAK,2020,37.5080192948099
Pakistan,PAK,2019,37.1091631735769
Pakistan,PAK,2018,36.7478511550359
Pakistan,PAK,2017,36.4351548223399
Pakistan,PAK,2016,36.1597184900333
Pakistan,PAK,2015,35.9017325715342
Pakistan,PAK,2014,35.6595549759128
Pakistan,PAK,2013,35.4315352494366
Palau,PLW,2023,79.1531991438847
Palau,PLW,2022,79.1134831712956
Palau,PLW,2021,79.0890798782416
Palau,PLW,2020,79.0796884006264
Palau,PLW,2019,79.2803814152827
Palau,PLW,2018,79.5520868568744
Palau,PLW,2017,79.8284579022498
Palau,PLW,2016,80.1089335766065
Palau,PLW,2015,80.388246269234
Palau,PLW,2014,80.7338640362566
Palau,PLW,2013,81.0756895339142
Panama,PAN,2023,65.8601271176084
Panama,PAN,2022,65.8211343914956
Panama,PAN,2021,65.8092302689169
Panama,PAN,2020,65.7862999591993
Panama,PAN,2019,65.752985396379
Panama,PAN,2018,65.7099285144924
Panama,PAN,2017,65.6577712475758
Panama,PAN,2016,65.5971555296656
Panama,PAN,2015,65.5287232947981
Panama,PAN,2014,65.4531164770096
Panama,PAN,2013,65.3709770103365
Papua New Guinea,PNG,2023,15.0581017891206
Papua New Guinea,PNG,2022,14.7358658260841
Papua New Guinea,PNG,2021,14.4398342822353
Papua New Guinea,PNG,2020,14.1703677185729
Papua New Guinea,PNG,2019,13.9278267446947
Papua New Guinea,PNG,2018,13.7125720532162
Papua New Guinea,PNG,2017,13.5249644881888
Papua New Guinea,PNG,2016,13.3653651942392
Papua New Guinea,PNG,2015,13.2341359836319
Papua New Guinea,PNG,2014,13.1316404025265
Papua New Guinea,PNG,2013,13.0582475733094
Paraguay,PRY,2023,69.3466081733694
Paraguay,PRY,2022,68.6396537819458
Paraguay,PRY,2021,67.3058612772421
Paraguay,PRY,2020,66.116520986009
Paraguay,PRY,2019,64.9845298299929
Paraguay,PRY,2018,63.9248988239553
Paraguay,PRY,2017,62.9526389826574
Paraguay,PRY,2016,62.0827613208606
Paraguay,PRY,2015,61.3302768533263
Paraguay,PRY,2014,60.7101965948157
Paraguay,PRY,2013,60.2375315600901
Peru,PER,2023,84.7810255849745
Peru,PER,2022,84.3663554951194
Peru,PER,2021,83.9480118272361
Peru,PER,2020,83.5267437189637
Peru,PER,2019,83.1033003087105
Peru,PER,2018,82.6854929960921
Peru,PER,2017,82.1931650502403
Peru,PER,2016,81.4192362241943
Peru,PER,2015,80.698277662669
Peru,PER,2014,79.9945465682649
Peru,PER,2013,79.3105527820586
Philippines,PHL,2023,55.1242716168851
Philippines,PHL,2022,54.7902343568327
Philippines,PHL,2021,54.4504102510776
Philippines,PHL,2020,54.1077719895977
Philippines,PHL,2019,53.7157859948017
Philippines,PHL,2018,53.2088897464754
Philippines,PHL,2017,52.6010482354344
Philippines,PHL,2016,51.9114748151175
Philippines,PHL,2015,51.1549047745227
Philippines,PHL,2014,50.2392400212368
Philippines,PHL,2013,49.1313688766206
Poland,POL,2023,59.8859561370214
Poland,POL,2022,59.8315488048321
Poland,POL,2021,59.8096513205543
Poland,POL,2020,59.8738141138092
Poland,POL,2019,59.9626184068963
Poland,POL,2018,60.0533306480907
Poland,POL,2017,60.145888199417
Poland,POL,2016,60.2402284228997
Poland,POL,2015,60.3362886805635
Poland,POL,2014,60.4340063344328
Poland,POL,2013,60.5333187465323
Portugal,PRT,2023,61.2048652633664
Portugal,PRT,2022,61.1259255772782
Portugal,PRT,2021,61.0951249296597
Portugal,PRT,2020,61.1042566768691
Portugal,PRT,2019,61.114927250613
Portugal,PRT,2018,61.1233069673808
Portugal,PRT,2017,61.1296726507436
Portugal,PRT,2016,61.1343011242723
Portugal,PRT,2015,61.137469211538
Portugal,PRT,2014,61.1394537361116
Portugal,PRT,2013,61.1405315215642
Puerto Rico (US),PRI,2023,94.1774359275881
Puerto Rico (US),PRI,2022,94.1110923054937
Puerto Rico (US),PRI,2021,94.0550712597302
Puerto Rico (US),PRI,2020,94.0116144995587
Puerto Rico (US),PRI,2019,93.9519912222253
Puerto Rico (US),PRI,2018,93.8986961132283
Puerto Rico (US),PRI,2017,93.8561953815964
Puerto Rico (US),PRI,2016,93.8232738004303
Puerto Rico (US),PRI,2015,93.7987161428303
Puerto Rico (US),PRI,2014,93.7813071818968
Puerto Rico (US),PRI,2013,93.7698316907305
Qatar,QAT,2023,99.2835325193835
Qatar,QAT,2022,99.243997525719
Qatar,QAT,2021,99.203408908243
Qatar,QAT,2020,99.1617913833034
Qatar,QAT,2019,99.1191696672067
Qatar,QAT,2018,99.0755684762244
Qatar,QAT,2017,99.0310125265978
Qatar,QAT,2016,98.9855265345423
Qatar,QAT,2015,98.9382407681154
Qatar,QAT,2014,98.901627838826
Qatar,QAT,2013,98.8357621827901
Romania,ROU,2023,52.1645747011867
Romania,ROU,2022,52.1634832477272
Romania,ROU,2021,52.2321512130811
Romania,ROU,2020,52.611947245178
Romania,ROU,2019,52.8931835224862
Romania,ROU,2018,53.1445711571868
Romania,ROU,2017,53.3648643239046
Romania,ROU,2016,53.5528171972639
Romania,ROU,2015,53.7071839518893
Romania,ROU,2014,53.8267187624053
Romania,ROU,2013,53.9101758034365
Russian Federation,RUS,2023,74.9805047873279
Russian Federation,RUS,2022,74.8544893625017
Russian Federation,RUS,2021,74.7516840220252
Russian Federation,RUS,2020,74.6932216791674
Russian Federation,RUS,2019,74.6222859951926
Russian Federation,RUS,2018,74.5442926137992
Russian Federation,RUS,2017,74.460036813029
Russian Federation,RUS,2016,74.3703138709243
Russian Federation,RUS,2015,74.275919065527
Russian Federation,RUS,2014,74.1776476748791
Russian Federation,RUS,2013,74.0762949770228
Rwanda,RWA,2023,28.8555310645477
Rwanda,RWA,2022,27.7806702737761
Rwanda,RWA,2021,26.1049092762833
Rwanda,RWA,2020,24.5029761132966
Rwanda,RWA,2019,22.9711026997362
Rwanda,RWA,2018,21.5418444579064
Rwanda,RWA,2017,20.2477568101111
Rwanda,RWA,2016,19.1213951786548
Rwanda,RWA,2015,18.1953149858416
Rwanda,RWA,2014,17.5020716539756
Rwanda,RWA,2013,17.0742206053612
Samoa,WSM,2023,17.5012799804602
Samoa,WSM,2022,17.5007949951039
Samoa,WSM,2021,17.5672426452007
Samoa,WSM,2020,18.0516608994722
Samoa,WSM,2019,18.4147344481283
Samoa,WSM,2018,18.7241267935467
Samoa,WSM,2017,18.9657191879831
Samoa,WSM,2016,19.126462366749
Samoa,WSM,2015,19.2340105383551
Samoa,WSM,2014,19.3126679480432
Samoa,WSM,2013,19.3865949620667
San Marino,SMR,2023,97.1317310361655
San Marino,SMR,2022,97.1141889380465
San Marino,SMR,2021,97.1035668453272
San Marino,SMR,2020,97.0999984741211
San Marino,SMR,2019,97.0999984741211
San Marino,SMR,2018,97.0999984741211
San Marino,SMR,2017,97.0999984741211
San Marino,SMR,2016,97.0999984741211
San Marino,SMR,2015,97.0999984741211
San Marino,SMR,2014,97.0999984741211
San Marino,SMR,2013,97.0999984741211
Sao Tome and Principe,STP,2023,68.6043921103568
Sao Tome and Principe,STP,2022,68.3720919798341
Sao Tome and Principe,STP,2021,68.1738967895508
Sao Tome and Principe,STP,2020,68.0436706542969
Sao Tome and Principe,STP,2019,67.9129943847656
Sao Tome and Principe,STP,2018,67.7828826904297
Sao Tome and Principe,STP,2017,67.6520004272461
Sao Tome and Principe,STP,2016,67.5218887329102
Sao Tome and Principe,STP,2015,67.3915710449219
Sao Tome and Principe,STP,2014,67.2606735229492
Sao Tome and Principe,STP,2013,67.1306686401367
Saudi Arabia,SAU,2023,84.2962388315415
Saudi Arabia,SAU,2022,84.1349430023993
Saudi Arabia,SAU,2021,83.9716349986538
Saudi Arabia,SAU,2020,83.8064352851942
Saudi Arabia,SAU,2019,83.6394643268678
Saudi Arabia,SAU,2018,83.4708425884849
Saudi Arabia,SAU,2017,83.300690534822
Saudi Arabia,SAU,2016,83.129128630626
Saudi Arabia,SAU,2015,82.9562773406163
Saudi Arabia,SAU,2014,82.7822571294871
Saudi Arabia,SAU,2013,82.6071884619102
Senegal,SEN,2023,54.6992276190794
Senegal,SEN,2022,53.4435061024348
Senegal,SEN,2021,52.2260292191155
Senegal,SEN,2020,51.0562950093282
Senegal,SEN,2019,49.9443321273477
Senegal,SEN,2018,48.9001692274485
Senegal,SEN,2017,47.9338349639053
Senegal,SEN,2016,47.0553579909929
Senegal,SEN,2015,46.2747669629858
Senegal,SEN,2014,45.6020905341588
Senegal,SEN,2013,45.0398750539456
Serbia,SRB,2023,62.1434649229738
Serbia,SRB,2022,61.9013813540396
Serbia,SRB,2021,61.363899230957
Serbia,SRB,2020,61.223201751709
Serbia,SRB,2019,61.0492248535156
Serbia,SRB,2018,60.8433609008789
Serbia,SRB,2017,60.621208190918
Serbia,SRB,2016,60.3853870034026
Serbia,SRB,2015,60.1388092041016
Serbia,SRB,2014,59.8779373168945
Serbia,SRB,2013,59.6111068725586
Seychelles,SYC,2023,45.0971081321658
Seychelles,SYC,2022,44.9108209981157
Seychelles,SYC,2021,44.6026796065539
Seychelles,SYC,2020,44.2936147152263
Seychelles,SYC,2019,44.0049304031754
Seychelles,SYC,2018,43.7386669014459
Seychelles,SYC,2017,43.4968644410824
Seychelles,SYC,2016,43.2815632531296
Seychelles,SYC,2015,43.094803568632
Seychelles,SYC,2014,42.9386256186342
Seychelles,SYC,2013,42.815069634181
Sierra Leone,SLE,2023,44.809324991151
Sierra Leone,SLE,2022,44.2666343543487
Sierra Leone,SLE,2021,43.7345385973699
Sierra Leone,SLE,2020,43.2129659123546
Sierra Leone,SLE,2019,42.7018444914441
Sierra Leone,SLE,2018,42.2011025267803
Sierra Leone,SLE,2017,41.7106682105058
Sierra Leone,SLE,2016,41.229411538771
Sierra Leone,SLE,2015,40.7669565187099
Sierra Leone,SLE,2014,40.3272406886245
Sierra Leone,SLE,2013,39.8916422780075
Singapore,SGP,2023,100.0
Singapore,SGP,2022,100.0
Singapore,SGP,2021,100.0
Singapore,SGP,2020,100.0
Singapore,SGP,2019,100.0
Singapore,SGP,2018,100.0
Singapore,SGP,2017,100.0
Singapore,SGP,2016,100.0
Singapore,SGP,2015,100.0
Singapore,SGP,2014,100.0
Singapore,SGP,2013,100.0
Sint Maarten (Dutch part),SXM,2023,100.0
Sint Maarten (Dutch part),SXM,2022,100.0
Sint Maarten (Dutch part),SXM,2021,100.0
Sint Maarten (Dutch part),SXM,2020,100.0
Sint Maarten (Dutch part),SXM,2019,100.0
Sint Maarten (Dutch part),SXM,2018,100.0
Sint Maarten (Dutch part),SXM,2017,100.0
Sint Maarten (Dutch part),SXM,2016,100.0
Sint Maarten (Dutch part),SXM,2015,100.0
Sint Maarten (Dutch part),SXM,2014,100.0
Sint Maarten (Dutch part),SXM,2013,100.0
Slovak Republic,SVK,2023,53.190805019646
Slovak Republic,SVK,2022,53.1902831072528
Slovak Republic,SVK,2021,53.1901479870605
Slovak Republic,SVK,2020,53.2481998906526
Slovak Republic,SVK,2019,53.3666558664583
Slovak Republic,SVK,2018,53.4881496935559
Slovak Republic,SVK,2017,53.6126018237016
Slovak Republic,SVK,2016,53.7399327086517
Slovak Republic,SVK,2015,53.8700628001622
Slovak Republic,SVK,2014,54.0029125499893
Slovak Republic,SVK,2013,54.1384024098892
Slovenia,SVN,2023,55.5378927789875
Slovenia,SVN,2022,55.3377817873563
Slovenia,SVN,2021,55.3046289429588
Slovenia,SVN,2020,55.384391784668
Slovenia,SVN,2019,55.4523277282715
Slovenia,SVN,2018,55.1913430955675
Slovenia,SVN,2017,55.2451133728027
Slovenia,SVN,2016,53.647274017334
Slovenia,SVN,2015,53.6612160294144
Slovenia,SVN,2014,50.983470916748
Slovenia,SVN,2013,50.0466580754027
Solomon Islands,SLB,2023,30.0088821088389
Solomon Islands,SLB,2022,29.3511689856806
Solomon Islands,SLB,2021,28.6889396820578
Solomon Islands,SLB,2020,28.0327555150022
Solomon Islands,SLB,2019,27.275106750276
Solomon Islands,SLB,2018,26.2946826684302
Solomon Islands,SLB,2017,25.3830535769599
Solomon Islands,SLB,2016,24.5047424399707
Solomon Islands,SLB,2015,23.6630502067213
Solomon Islands,SLB,2014,22.8612778264703
Solomon Islands,SLB,2013,22.1027262484765
"Somalia, Fed. Rep.",SOM,2023,54.0714435506882
"Somalia, Fed. Rep.",SOM,2022,53.5010115886789
"Somalia, Fed. Rep.",SOM,2021,52.9060649733324
"Somalia, Fed. Rep.",SOM,2020,52.286318011754
"Somalia, Fed. Rep.",SOM,2019,51.6421170703225
"Somalia, Fed. Rep.",SOM,2018,50.9506215336872
"Somalia, Fed. Rep.",SOM,2017,48.3639630032265
"Somalia, Fed. Rep.",SOM,2016,45.942842729174
"Somalia, Fed. Rep.",SOM,2015,43.8618107408479
"Somalia, Fed. Rep.",SOM,2014,42.3515167236328
"Somalia, Fed. Rep.",SOM,2013,41.2593474250273
South Africa,ZAF,2023,63.5823705163545
South Africa,ZAF,2022,63.4766699210327
South Africa,ZAF,2021,63.4503925883909
South Africa,ZAF,2020,63.4373088310982
South Africa,ZAF,2019,63.4127255007908
South Africa,ZAF,2018,63.3771545246841
South Africa,ZAF,2017,63.3311078299936
South Africa,ZAF,2016,63.2750973439347
South Africa,ZAF,2015,63.2096349937231
South Africa,ZAF,2014,63.1352327065742
South Africa,ZAF,2013,63.0524024097034
South Sudan,SSD,2023,21.0737755279692
South Sudan,SSD,2022,20.7752121046616
South Sudan,SSD,2021,20.4811115270532
South Sudan,SSD,2020,20.1914565476286
South Sudan,SSD,2019,19.9062299188719
South Sudan,SSD,2018,19.6254143932663
South Sudan,SSD,2017,19.3489927232944
South Sudan,SSD,2016,19.0769476614377
South Sudan,SSD,2015,18.8092619601773
South Sudan,SSD,2014,18.5459183719929
South Sudan,SSD,2013,18.2868996493633
Spain,ESP,2023,80.128491001856
Spain,ESP,2022,79.9548794567814
Spain,ESP,2021,79.7846242983598
Spain,ESP,2020,79.6955674617799
Spain,ESP,2019,79.6349761108307
Spain,ESP,2018,79.5580057813361
Spain,ESP,2017,79.4663233085683
Spain,ESP,2016,79.3615955277997
Spain,ESP,2015,79.2454892743023
Spain,ESP,2014,79.1196713833488
Spain,ESP,2013,78.9858086902112
Sri Lanka,LKA,2023,20.1455348442463
Sri Lanka,LKA,2022,19.9877933196367
Sri Lanka,LKA,2021,19.8266275195269
Sri Lanka,LKA,2020,19.6621898312161
Sri Lanka,LKA,2019,19.4946326418437
Sri Lanka,LKA,2018,19.3241083384127
Sri Lanka,LKA,2017,19.1507693078088
Sri Lanka,LKA,2016,18.9747679368162
Sri Lanka,LKA,2015,18.796256612131
Sri Lanka,LKA,2014,18.6153877203724
Sri Lanka,LKA,2013,18.4323136480916
St. Kitts and Nevis,KNA,2023,31.7007809622822
St. Kitts and Nevis,KNA,2022,31.6156404983167
St. Kitts and Nevis,KNA,2021,31.5393525093972
St. Kitts and Nevis,KNA,2020,31.4716289738952
St. Kitts and Nevis,KNA,2019,31.4121818392285
St. Kitts and Nevis,KNA,2018,31.3607229995076
St. Kitts and Nevis,KNA,2017,31.3169642505921
St. Kitts and Nevis,KNA,2016,31.2806171906169
St. Kitts and Nevis,KNA,2015,31.2513929695583
St. Kitts and Nevis,KNA,2014,31.2290015317909
St. Kitts and Nevis,KNA,2013,31.2131485582887
St. Lucia,LCA,2023,29.0976313248036
St. Lucia,LCA,2022,29.097678526676
St. Lucia,LCA,2021,27.4443458949551
St. Lucia,LCA,2020,25.7524386560998
St. Lucia,LCA,2019,24.2476974658382
St. Lucia,LCA,2018,22.9261241055144
St. Lucia,LCA,2017,21.783720356472
St. Lucia,LCA,2016,20.8164880000551
St. Lucia,LCA,2015,20.0204288176073
St. Lucia,LCA,2014,19.3915445904726
St. Lucia,LCA,2013,18.9258370999948
St. Martin (French part),MAF,2023,100.0
St. Martin (French part),MAF,2022,100.0
St. Martin (French part),MAF,2021,100.0
St. Martin (French part),MAF,2020,100.0
St. Martin (French part),MAF,2019,100.0
St. Martin (French part),MAF,2018,100.0
St. Martin (French part),MAF,2017,100.0
St. Martin (French part),MAF,2016,100.0
St. Martin (French part),MAF,2015,100.0
St. Martin (French part),MAF,2014,100.0
St. Martin (French part),MAF,2013,100.0
St. Vincent and the Grenadines,VCT,2023,47.7169922340041
St. Vincent and the Grenadines,VCT,2022,47.585897833353
St. Vincent and the Grenadines,VCT,2021,47.4554100739049
St. Vincent and the Grenadines,VCT,2020,47.3255171858432
St. Vincent and the Grenadines,VCT,2019,47.1962073993512
St. Vincent and the Grenadines,VCT,2018,47.0674689446123
St. Vincent and the Grenadines,VCT,2017,46.9392900518098
St. Vincent and the Grenadines,VCT,2016,46.8116589511271
St. Vincent and the Grenadines,VCT,2015,46.6845638727475
St. Vincent and the Grenadines,VCT,2014,46.5579930468544
St. Vincent and the Grenadines,VCT,2013,46.4319347036311
Sudan,SDN,2023,34.7960076976764
Sudan,SDN,2022,34.7209852053086
Sudan,SDN,2021,34.6421563427994
Sudan,SDN,2020,34.5594433789246
Sudan,SDN,2019,34.4727685824236
Sudan,SDN,2018,34.382054222005
Sudan,SDN,2017,34.2872225663509
Sudan,SDN,2016,34.1881958841213
Sudan,SDN,2015,34.0914394628597
Sudan,SDN,2014,33.7624582408117
Sudan,SDN,2013,33.4264777958103
Suriname,SUR,2023,65.7562408447266
Suriname,SUR,2022,65.8985443115234
Suriname,SUR,2021,65.9853973388672
Suriname,SUR,2020,66.00830078125
Suriname,SUR,2019,66.0370492311305
Suriname,SUR,2018,66.0693060442846
Suriname,SUR,2017,66.1046467051207
Suriname,SUR,2016,66.1426466980469
Suriname,SUR,2015,66.1828815074718
Suriname,SUR,2014,66.2249266178037
Suriname,SUR,2013,66.2683575134509
Sweden,SWE,2023,88.631216160938
Sweden,SWE,2022,88.4038576504809
Sweden,SWE,2021,88.1741651958315
Sweden,SWE,2020,87.9424046895699
Sweden,SWE,2019,87.7088420242759
Sweden,SWE,2018,87.4737430925296
Sweden,SWE,2017,87.237373786911
Sweden,SWE,2016,87.0
Sweden,SWE,2015,86.6158654081858
Sweden,SWE,2014,86.2563838747314
Sweden,SWE,2013,85.9249771259894
Switzerland,CHE,2023,85.1854212679815
Switzerland,CHE,2022,84.9206266284521
Switzerland,CHE,2021,84.2006477608879
Switzerland,CHE,2020,82.3416838515457
Switzerland,CHE,2019,80.7792907322229
Switzerland,CHE,2018,79.2922201625844
Switzerland,CHE,2017,77.9126273688843
Switzerland,CHE,2016,76.6726675773771
Switzerland,CHE,2015,75.6044960143169
Switzerland,CHE,2014,74.7402679059582
Switzerland,CHE,2013,74.1121384785551
Syrian Arab Republic,SYR,2023,72.1673803143204
Syrian Arab Republic,SYR,2022,72.6124992370605
Syrian Arab Republic,SYR,2021,73.0125007629395
Syrian Arab Republic,SYR,2020,73.4125031102512
Syrian Arab Republic,SYR,2019,73.8248788261986
Syrian Arab Republic,SYR,2018,74.0612602381775
Syrian Arab Republic,SYR,2017,74.5395596323392
Syrian Arab Republic,SYR,2016,75.15400963398
Syrian Arab Republic,SYR,2015,75.7529067188542
Syrian Arab Republic,SYR,2014,76.0
Syrian Arab Republic,SYR,2013,73.0620491886137
Tajikistan,TJK,2023,26.1890127571429
Tajikistan,TJK,2022,26.1957126615618
Tajikistan,TJK,2021,26.1991525151375
Tajikistan,TJK,2020,26.1925442328719
Tajikistan,TJK,2019,26.1300735473633
Tajikistan,TJK,2018,26.2338752746582
Tajikistan,TJK,2017,26.2731513977051
Tajikistan,TJK,2016,26.3718509674072
Tajikistan,TJK,2015,26.478832244873
Tajikistan,TJK,2014,26.5633735656738
Tajikistan,TJK,2013,26.4883155822754
Tanzania,TZA,2023,35.4748019434954
Tanzania,TZA,2022,34.8234736377147
Tanzania,TZA,2021,34.3500111758619
Tanzania,TZA,2020,33.8547246036273
Tanzania,TZA,2019,33.3475258518752
Tanzania,TZA,2018,32.8287423010834
Tanzania,TZA,2017,32.2987013317296
Tanzania,TZA,2016,31.7577303242916
Tanzania,TZA,2015,31.2061566592472
Tanzania,TZA,2014,30.6443077170742
Tanzania,TZA,2013,30.0725108782502
Thailand,THA,2023,60.9341926574707
Thailand,THA,2022,59.742374420166
Thailand,THA,2021,58.5087776184082
Thailand,THA,2020,57.2358779907227
Thailand,THA,2019,55.9266166687012
Thailand,THA,2018,54.5843734741211
Thailand,THA,2017,49.2311973571777
Thailand,THA,2016,47.8801095551247
Thailand,THA,2015,46.9521043776171
Thailand,THA,2014,46.3138799467897
Thailand,THA,2013,45.8321343847773
Timor-Leste,TLS,2023,28.595471832952
Timor-Leste,TLS,2022,28.5857292288968
Timor-Leste,TLS,2021,28.7927371734472
Timor-Leste,TLS,2020,28.9619049897647
Timor-Leste,TLS,2019,29.1148755245217
Timor-Leste,TLS,2018,29.248617510057
Timor-Leste,TLS,2017,29.3600996787092
Timor-Leste,TLS,2016,29.4462907628171
Timor-Leste,TLS,2015,29.5043315008419
Timor-Leste,TLS,2014,29.5463092024041
Timor-Leste,TLS,2013,29.5836906253246
Togo,TGO,2023,43.2496853032436
Togo,TGO,2022,42.7332327975627
Togo,TGO,2021,42.3105904515122
Togo,TGO,2020,41.8781527268075
Togo,TGO,2019,41.445731197295
Togo,TGO,2018,41.013328267781
Togo,TGO,2017,40.5809463430719
Togo,TGO,2016,40.1485878279739
Togo,TGO,2015,39.7162551272934
Togo,TGO,2014,39.2839506458368
Togo,TGO,2013,38.8516767884103
Tonga,TON,2023,21.147944541337
Tonga,TON,2022,21.147219451842
Tonga,TON,2021,21.258003897665
Tonga,TON,2020,21.8766206823411
Tonga,TON,2019,22.3288155626206
Tonga,TON,2018,22.7017138925547
Tonga,TON,2017,22.9711300654966
Tonga,TON,2016,23.1277038505921
Tonga,TON,2015,23.2434422818439
Tonga,TON,2014,23.3431040935971
Tonga,TON,2013,23.4170795020344
Trinidad and Tobago,TTO,2023,53.9536842104572
Trinidad and Tobago,TTO,2022,53.9474037904998
Trinidad and Tobago,TTO,2021,53.9421278853848
Trinidad and Tobago,TTO,2020,53.9377689584806
Trinidad and Tobago,TTO,2019,53.9342394732739
Trinidad and Tobago,TTO,2018,53.9314518934907
Trinidad and Tobago,TTO,2017,53.9293186833833
Trinidad and Tobago,TTO,2016,53.9277523084951
Trinidad and Tobago,TTO,2015,53.926665238022
Trinidad and Tobago,TTO,2014,53.9259699537793
Trinidad and Tobago,TTO,2013,53.9255789963372
Tunisia,TUN,2023,70.0266686486584
Tunisia,TUN,2022,69.707138648303
Tunisia,TUN,2021,69.3997523770568
Tunisia,TUN,2020,69.1043166438476
Tunisia,TUN,2019,68.8206382576031
Tunisia,TUN,2018,68.5485240272509
Tunisia,TUN,2017,68.2877807617188
Tunisia,TUN,2016,68.0623356528248
Tunisia,TUN,2015,67.8807907104492
Tunisia,TUN,2014,67.7524643379101
Tunisia,TUN,2013,67.4999542236328
Turkiye,TUR,2023,89.0218446796121
Turkiye,TUR,2022,89.0381164550781
Turkiye,TUR,2021,89.1762048153239
Turkiye,TUR,2020,88.9303114965222
Turkiye,TUR,2019,88.6618152857124
Turkiye,TUR,2018,88.1655749576173
Turkiye,TUR,2017,88.0320472717286
Turkiye,TUR,2016,88.1020958581776
Turkiye,TUR,2015,87.2167107972537
Turkiye,TUR,2014,83.6024850744433
Turkiye,TUR,2013,78.5218368384696
Turkmenistan,TKM,2023,47.0678875054171
Turkmenistan,TKM,2022,47.0592103414926
Turkmenistan,TKM,2021,47.0581410301711
Turkmenistan,TKM,2020,47.0546961907259
Turkmenistan,TKM,2019,47.0494562466485
Turkmenistan,TKM,2018,47.0423948717765
Turkmenistan,TKM,2017,47.0334857399476
Turkmenistan,TKM,2016,47.0227025249994
Turkmenistan,TKM,2015,47.0100189007695
Turkmenistan,TKM,2014,46.9954085410955
Turkmenistan,TKM,2013,46.9788451198152
Turks and Caicos Islands,TCA,2023,93.9324513656818
Turks and Caicos Islands,TCA,2022,93.6922471653237
Turks and Caicos Islands,TCA,2021,93.4467025398547
Turks and Caicos Islands,TCA,2020,93.1960408439605
Turks and Caicos Islands,TCA,2019,92.9404854322845
Turks and Caicos Islands,TCA,2018,92.6802596594323
Turks and Caicos Islands,TCA,2017,92.4155868799755
Turks and Caicos Islands,TCA,2016,92.1466904484552
Turks and Caicos Islands,TCA,2015,91.8737937193851
Turks and Caicos Islands,TCA,2014,91.5971200472541
Turks and Caicos Islands,TCA,2013,91.3168927865286
Tuvalu,TUV,2023,64.0117206689787
Tuvalu,TUV,2022,63.3065768081154
Tuvalu,TUV,2021,62.6098296425994
Tuvalu,TUV,2020,61.9212610534937
Tuvalu,TUV,2019,61.2406529218636
Tuvalu,TUV,2018,60.5596409590777
Tuvalu,TUV,2017,59.9531274910912
Tuvalu,TUV,2016,59.4744768348285
Tuvalu,TUV,2015,58.9148502652344
Tuvalu,TUV,2014,58.2999596618832
Tuvalu,TUV,2013,57.6314336806359
Uganda,UGA,2023,30.6059359395495
Uganda,UGA,2022,29.9251969709665
Uganda,UGA,2021,29.2362957789022
Uganda,UGA,2020,28.5399752271502
Uganda,UGA,2019,27.8369781799403
Uganda,UGA,2018,27.1280475018884
Uganda,UGA,2017,26.4139260579546
Uganda,UGA,2016,25.6953567134098
Uganda,UGA,2015,24.9777856560427
Uganda,UGA,2014,24.1938503391826
Uganda,UGA,2013,22.7367659239271
Ukraine,UKR,2023,69.4754455027606
Ukraine,UKR,2022,69.42345912103
Ukraine,UKR,2021,69.4027032653896
Ukraine,UKR,2020,69.3839100516745
Ukraine,UKR,2019,69.3527648708735
Ukraine,UKR,2018,69.3157992777909
Ukraine,UKR,2017,69.2633108489282
Ukraine,UKR,2016,69.2102241609089
Ukraine,UKR,2015,69.1587317201337
Ukraine,UKR,2014,69.0554339301313
Ukraine,UKR,2013,68.9326288082226
United Arab Emirates,ARE,2023,85.6680699002526
United Arab Emirates,ARE,2022,85.5147347682487
United Arab Emirates,ARE,2021,85.3571908511355
United Arab Emirates,ARE,2020,85.1955255681984
United Arab Emirates,ARE,2019,85.0298263388195
United Arab Emirates,ARE,2018,84.8601805824625
United Arab Emirates,ARE,2017,84.686675718659
United Arab Emirates,ARE,2016,84.5093991669984
United Arab Emirates,ARE,2015,84.3284383471193
United Arab Emirates,ARE,2014,84.1438806787019
United Arab Emirates,ARE,2013,83.9558135814626
United Kingdom,GBR,2023,83.1601932891335
United Kingdom,GBR,2022,83.0753982997505
United Kingdom,GBR,2021,82.9886431523641
United Kingdom,GBR,2020,82.9000015258789
United Kingdom,GBR,2019,82.6699420738913
United Kingdom,GBR,2018,82.4465657551295
United Kingdom,GBR,2017,82.23065673273
United Kingdom,GBR,2016,82.0229991698295
United Kingdom,GBR,2015,81.8243772295647
United Kingdom,GBR,2014,81.6355750750722
United Kingdom,GBR,2013,81.4573768694887
United States,USA,2023,80.071561119178
United States,USA,2022,80.0324978239707
United States,USA,2021,80.0074765140272
United States,USA,2020,79.997451762548
United States,USA,2019,80.1304793353594
United States,USA,2018,80.2804567987377
United States,USA,2017,80.4018678392891
United States,USA,2016,80.4976645324131
United States,USA,2015,80.5707989535091
United States,USA,2014,80.6242231779766
United States,USA,2013,80.660889281215
Uruguay,URY,2023,95.5439605712891
Uruguay,URY,2022,95.4977416992188
Uruguay,URY,2021,95.4497146606445
Uruguay,URY,2020,95.3997650146484
Uruguay,URY,2019,95.3479309082031
Uruguay,URY,2018,95.2942581176758
Uruguay,URY,2017,95.2288235732042
Uruguay,URY,2016,95.1585424955685
Uruguay,URY,2015,95.0800002298303
Uruguay,URY,2014,94.9897821210514
Uruguay,URY,2013,94.8844735142936
Uzbekistan,UZB,2023,50.9964841114568
Uzbekistan,UZB,2022,50.9847412109375
Uzbekistan,UZB,2021,50.9269905090332
Uzbekistan,UZB,2020,50.7670402526855
Uzbekistan,UZB,2019,50.5920104980469
Uzbekistan,UZB,2018,50.5814971923828
Uzbekistan,UZB,2017,50.6787376403809
Uzbekistan,UZB,2016,50.6572189331055
Uzbekistan,UZB,2015,50.6597328186035
Uzbekistan,UZB,2014,50.8868713378906
Uzbekistan,UZB,2013,51.1276969909668
Vanuatu,VUT,2023,22.2651966823901
Vanuatu,VUT,2022,22.2541249733107
Vanuatu,VUT,2021,22.2501822422475
Vanuatu,VUT,2020,22.4186852094794
Vanuatu,VUT,2019,23.5024668917075
Vanuatu,VUT,2018,24.2729727045038
Vanuatu,VUT,2017,24.7644441456437
Vanuatu,VUT,2016,24.8654875642873
Vanuatu,VUT,2015,24.8626945764242
Vanuatu,VUT,2014,24.8549637694775
Vanuatu,VUT,2013,24.8407362750263
"Venezuela, RB",VEN,2023,89.249627620225
"Venezuela, RB",VEN,2022,89.2132204732836
"Venezuela, RB",VEN,2021,89.1766444746891
"Venezuela, RB",VEN,2020,89.1399056567545
"Venezuela, RB",VEN,2019,89.1030100517924
"Venezuela, RB",VEN,2018,89.0659636921159
"Venezuela, RB",VEN,2017,89.0287726100378
"Venezuela, RB",VEN,2016,88.9914428378712
"Venezuela, RB",VEN,2015,88.9539804079292
"Venezuela, RB",VEN,2014,88.9163913525251
"Venezuela, RB",VEN,2013,88.8786817039721
Viet Nam,VNM,2023,38.1298904418945
Viet Nam,VNM,2022,37.5478515625
Viet Nam,VNM,2021,36.6540656426603
Viet Nam,VNM,2020,35.5706676299742
Viet Nam,VNM,2019,34.6239134999511
Viet Nam,VNM,2018,33.9410227821412
Viet Nam,VNM,2017,33.3625963003742
Viet Nam,VNM,2016,32.8476189285136
Viet Nam,VNM,2015,32.3810945365679
Viet Nam,VNM,2014,31.9480269945454
Viet Nam,VNM,2013,31.5334201724543
Virgin Islands (U.S.),VIR,2023,95.2740790945924
Virgin Islands (U.S.),VIR,2022,95.2171514724412
Virgin Islands (U.S.),VIR,2021,95.1604310610968
Virgin Islands (U.S.),VIR,2020,95.0974024521293
Virgin Islands (U.S.),VIR,2019,95.0857481413049
Virgin Islands (U.S.),VIR,2018,95.0676784538999
Virgin Islands (U.S.),VIR,2017,95.0366785523929
Virgin Islands (U.S.),VIR,2016,94.9941093874829
Virgin Islands (U.S.),VIR,2015,94.9413319098685
Virgin Islands (U.S.),VIR,2014,94.8797070702488
Virgin Islands (U.S.),VIR,2013,94.8105958193224
West Bank and Gaza,PSE,2023,86.8576870415886
West Bank and Gaza,PSE,2022,86.5961423216016
West Bank and Gaza,PSE,2021,86.334956387337
West Bank and Gaza,PSE,2020,86.0741183743925
West Bank and Gaza,PSE,2019,85.8136174183656
West Bank and Gaza,PSE,2018,85.5351131070872
West Bank and Gaza,PSE,2017,85.3782255354
West Bank and Gaza,PSE,2016,85.3377390706351
West Bank and Gaza,PSE,2015,85.2182174537886
West Bank and Gaza,PSE,2014,85.0433335176723
West Bank and Gaza,PSE,2013,84.8178459889593
"Yemen, Rep.",YEM,2023,36.5707979836506
"Yemen, Rep.",YEM,2022,36.3226310308295
"Yemen, Rep.",YEM,2021,36.0704951256305
"Yemen, Rep.",YEM,2020,35.7025604580302
"Yemen, Rep.",YEM,2019,34.9067561732024
"Yemen, Rep.",YEM,2018,34.2106045810864
"Yemen, Rep.",YEM,2017,33.5586912522175
"Yemen, Rep.",YEM,2016,32.9512008005236
"Yemen, Rep.",YEM,2015,32.3883178702702
"Yemen, Rep.",YEM,2014,31.8626162180918
"Yemen, Rep.",YEM,2013,31.4427187944215
Zambia,ZMB,2023,45.0285853521585
Zambia,ZMB,2022,44.5988511178469
Zambia,ZMB,2021,44.2353731410926
Zambia,ZMB,2020,43.8644489410157
Zambia,ZMB,2019,43.4897864547552
Zambia,ZMB,2018,43.1114735233156
Zambia,ZMB,2017,42.7295979877011
Zambia,ZMB,2016,42.3442476889162
Zambia,ZMB,2015,41.9555104679652
Zambia,ZMB,2014,41.5634741658525
Zambia,ZMB,2013,41.1682266235825
Zimbabwe,ZWE,2023,39.2919370795795
Zimbabwe,ZWE,2022,38.7055207169041
Zimbabwe,ZWE,2021,37.8692058859373
Zimbabwe,ZWE,2020,37.0097671560802
Zimbabwe,ZWE,2019,36.1837638266364
Zimbabwe,ZWE,2018,35.4085538807905
Zimbabwe,ZWE,2017,34.7014953017273
Zimbabwe,ZWE,2016,34.0799460726314
Zimbabwe,ZWE,2015,33.5612641766874
Zimbabwe,ZWE,2014,33.1628075970801
Zimbabwe,ZWE,2013,32.9019343169941
