DATAFLOW,FREQ,REF_AREA,SECTOR,COUNTERPART_SECTOR,TRANSACTION,INSTR_ASSET,ACTIVITY,EXPENDITURE,UNIT_MEASURE,PRICE_BASE,TRANSFORMATION,TABLE_IDENTIFIER,TIME_PERIOD,OBS_VALUE,REF_YEAR_PRICE,CONF_STATUS,DECIMALS,OBS_STATUS,UNIT_MULT,CURRENCY
OECD.SDD.NAD:DSD_NAMAIN10@DF_TABLE5(1.0),A,FRA,S14,S1,P31DC,_Z,_Z,_T,XDC,V,N,T0117,2021,1271245,,F,1,A,6,EUR
OECD.SDD.NAD:DSD_NAMAIN10@DF_TABLE5(1.0),A,FIN,S14,S1,P31DC,_Z,_Z,CP054,XDC,V,N,T0117,2021,472,,F,1,A,6,EUR
OECD.SDD.NAD:DSD_NAMAIN10@DF_TABLE5(1.0),A,FIN,S14,S1,P31DC,_Z,_Z,CP053,XDC,V,N,T0117,2021,957,,F,1,A,6,EUR
OECD.SDD.NAD:DSD_NAMAIN10@DF_TABLE5(1.0),A,FIN,S14,S1,P31DC,_Z,_Z,CP023,XDC,V,N,T0117,2021,347,,F,1,A,6,EUR
OECD.SDD.NAD:DSD_NAMAIN10@DF_TABLE5(1.0),A,FIN,S14,S1,P31DC,_Z,_Z,CP07,XDC,V,N,T0117,2021,13099,,F,1,A,6,EUR
OECD.SDD.NAD:DSD_NAMAIN10@DF_TABLE5(1.0),A,FIN,S14,S1,P31DC,_Z,_Z,CP096,XDC,V,N,T0117,2021,549,,F,1,A,6,EUR
OECD.SDD.NAD:DSD_NAMAIN10@DF_TABLE5(1.0),A,FIN,S14,S1,P31DC,_Z,_Z,CP08,XDC,V,N,T0117,2021,2985,,F,1,A,6,EUR
OECD.SDD.NAD:DSD_NAMAIN10@DF_TABLE5(1.0),A,FIN,S14,S1,P31DC,_Z,_Z,CP094,XDC,V,N,T0117,2021,3815,,F,1,A,6,EUR
OECD.SDD.NAD:DSD_NAMAIN10@DF_TABLE5(1.0),A,FIN,S14,S1,P31DC,_Z,_Z,CP01,XDC,V,N,T0117,2021,14961,,F,1,A,6,EUR
OECD.SDD.NAD:DSD_NAMAIN10@DF_TABLE5(1.0),A,FIN,S14,S1,P31DC,_Z,_Z,CP123,XDC,V,N,T0117,2021,605,,F,1,A,6,EUR
OECD.SDD.NAD:DSD_NAMAIN10@DF_TABLE5(1.0),A,FIN,S14,S1,P31DC,_Z,_Z,CP071,XDC,V,N,T0117,2021,3860,,F,1,A,6,EUR
OECD.SDD.NAD:DSD_NAMAIN10@DF_TABLE5(1.0),A,FIN,S14,S1,P31DC,_Z,_Z,CP126,XDC,V,N,T0117,2021,3248,,F,1,A,6,EUR
OECD.SDD.NAD:DSD_NAMAIN10@DF_TABLE5(1.0),A,FIN,S14,S1,P31DC,_Z,_Z,CP073,XDC,V,N,T0117,2021,1415,,F,1,A,6,EUR
OECD.SDD.NAD:DSD_NAMAIN10@DF_TABLE5(1.0),A,FIN,S14,S1,P31DC,_Z,_Z,CP125,XDC,V,N,T0117,2021,3008,,F,1,A,6,EUR
OECD.SDD.NAD:DSD_NAMAIN10@DF_TABLE5(1.0),A,FIN,S14,S1,P31DC,_Z,_Z,CP055,XDC,V,N,T0117,2021,747,,F,1,A,6,EUR
OECD.SDD.NAD:DSD_NAMAIN10@DF_TABLE5(1.0),A,FIN,S14,S1,P31DC,_Z,_Z,CP11,XDC,V,N,T0117,2021,6223,,F,1,A,6,EUR
OECD.SDD.NAD:DSD_NAMAIN10@DF_TABLE5(1.0),A,FIN,S14,S1,P31DC,_Z,_Z,CP05,XDC,V,N,T0117,2021,5887,,F,1,A,6,EUR
OECD.SDD.NAD:DSD_NAMAIN10@DF_TABLE5(1.0),A,FIN,S14,S1,P31DC,_Z,_Z,CP10,XDC,V,N,T0117,2021,438,,F,1,A,6,EUR
OECD.SDD.NAD:DSD_NAMAIN10@DF_TABLE5(1.0),A,FIN,S14,S1,P31DC,_Z,_Z,CP124,XDC,V,N,T0117,2021,2481,,F,1,A,6,EUR
OECD.SDD.NAD:DSD_NAMAIN10@DF_TABLE5(1.0),A,FIN,S14,S1,P31DC,_Z,_Z,CP081,XDC,V,N,T0117,2021,122,,F,1,A,6,EUR
OECD.SDD.NAD:DSD_NAMAIN10@DF_TABLE5(1.0),A,FIN,S14,S1,P31DC,_Z,_Z,CP041,XDC,V,N,T0117,2021,8070,,F,1,A,6,EUR
OECD.SDD.NAD:DSD_NAMAIN10@DF_TABLE5(1.0),A,FIN,S14,S1,P31DC,_Z,_Z,CP061,XDC,V,N,T0117,2021,2027,,F,1,A,6,EUR
OECD.SDD.NAD:DSD_NAMAIN10@DF_TABLE5(1.0),A,FIN,S14,S1,P31DC,_Z,_Z,CP121,XDC,V,N,T0117,2021,2611,,F,1,A,6,EUR
OECD.SDD.NAD:DSD_NAMAIN10@DF_TABLE5(1.0),A,FIN,S14,S1,P31DC,_Z,_Z,CP031,XDC,V,N,T0117,2021,3880,,F,1,A,6,EUR
OECD.SDD.NAD:DSD_NAMAIN10@DF_TABLE5(1.0),A,FIN,S14,S1,P31DC,_Z,_Z,CP112,XDC,V,N,T0117,2021,513,,F,1,A,6,EUR
OECD.SDD.NAD:DSD_NAMAIN10@DF_TABLE5(1.0),A,FIN,S14,S1,P31DC,_Z,_Z,CP093,XDC,V,N,T0117,2021,3105,,F,1,A,6,EUR
OECD.SDD.NAD:DSD_NAMAIN10@DF_TABLE5(1.0),A,FIN,S14,S1,P31DC,_Z,_Z,CP043,XDC,V,N,T0117,2021,209,,F,1,A,6,EUR
OECD.SDD.NAD:DSD_NAMAIN10@DF_TABLE5(1.0),A,FIN,S14,S1,P31DC,_Z,_Z,CP021,XDC,V,N,T0117,2021,3801,,F,1,A,6,EUR
OECD.SDD.NAD:DSD_NAMAIN10@DF_TABLE5(1.0),A,FIN,S14,S1,P31DC,_Z,_Z,CP042,XDC,V,N,T0117,2021,22060,,F,1,A,6,EUR
OECD.SDD.NAD:DSD_NAMAIN10@DF_TABLE5(1.0),A,FIN,S14,S1,P31DC,_Z,_Z,CP062,XDC,V,N,T0117,2021,2571,,F,1,A,6,EUR
OECD.SDD.NAD:DSD_NAMAIN10@DF_TABLE5(1.0),A,FIN,S14,S1,P31DC,_Z,_Z,CP072,XDC,V,N,T0117,2021,7824,,F,1,A,6,EUR
OECD.SDD.NAD:DSD_NAMAIN10@DF_TABLE5(1.0),A,FIN,S14,S1,P31DC,_Z,_Z,CP122_127,XDC,V,N,T0117,2021,1348,,F,1,A,6,EUR
OECD.SDD.NAD:DSD_NAMAIN10@DF_TABLE5(1.0),A,FIN,S14,S1,P31DC,_Z,_Z,CP082,XDC,V,N,T0117,2021,478,,F,1,A,6,EUR
OECD.SDD.NAD:DSD_NAMAIN10@DF_TABLE5(1.0),A,FIN,S14,S1,P31DC,_Z,_Z,CP012,XDC,V,N,T0117,2021,1653,,F,1,A,6,EUR
OECD.SDD.NAD:DSD_NAMAIN10@DF_TABLE5(1.0),A,FIN,S14,S1,P31DC,_Z,_Z,CP04,XDC,V,N,T0117,2021,37085,,F,1,A,6,EUR
OECD.SDD.NAD:DSD_NAMAIN10@DF_TABLE5(1.0),A,FIN,S14,S1,P31DC,_Z,_Z,CP111,XDC,V,N,T0117,2021,5710,,F,1,A,6,EUR
OECD.SDD.NAD:DSD_NAMAIN10@DF_TABLE5(1.0),A,FIN,S14,S1,P31DC,_Z,_Z,CP063,XDC,V,N,T0117,2021,942,,F,1,A,6,EUR
OECD.SDD.NAD:DSD_NAMAIN10@DF_TABLE5(1.0),A,FIN,S14,S1,P31DC,_Z,_Z,CP022,XDC,V,N,T0117,2021,1803,,F,1,A,6,EUR
OECD.SDD.NAD:DSD_NAMAIN10@DF_TABLE5(1.0),A,FIN,S14,S1,P31DC,_Z,_Z,CP052,XDC,V,N,T0117,2021,542,,F,1,A,6,EUR
OECD.SDD.NAD:DSD_NAMAIN10@DF_TABLE5(1.0),A,FIN,S14,S1,P31DC,_Z,_Z,CP127,XDC,V,N,T0117,2021,1173,,F,1,A,6,EUR
OECD.SDD.NAD:DSD_NAMAIN10@DF_TABLE5(1.0),A,FIN,S14,S1,P31DC,_Z,_Z,_T,XDC,V,N,T0117,2021,121178,,F,1,A,6,EUR
OECD.SDD.NAD:DSD_NAMAIN10@DF_TABLE5(1.0),A,FIN,S14,S1,P31DC,_Z,_Z,CP06,XDC,V,N,T0117,2021,5540,,F,1,A,6,EUR
OECD.SDD.NAD:DSD_NAMAIN10@DF_TABLE5(1.0),A,FIN,S14,S1,P31DC,_Z,_Z,CP092,XDC,V,N,T0117,2021,963,,F,1,A,6,EUR
OECD.SDD.NAD:DSD_NAMAIN10@DF_TABLE5(1.0),A,FIN,S14,S1,P31DC,_Z,_Z,CP03,XDC,V,N,T0117,2021,4641,,F,1,A,6,EUR
OECD.SDD.NAD:DSD_NAMAIN10@DF_TABLE5(1.0),A,FIN,S14,S1,P31DC,_Z,_Z,CP045,XDC,V,N,T0117,2021,6039,,F,1,A,6,EUR
OECD.SDD.NAD:DSD_NAMAIN10@DF_TABLE5(1.0),A,FIN,S14,S1,P31DC,_Z,_Z,CP09,XDC,V,N,T0117,2021,11067,,F,1,A,6,EUR
OECD.SDD.NAD:DSD_NAMAIN10@DF_TABLE5(1.0),A,FIN,S14,S1,P31DC,_Z,_Z,CP091,XDC,V,N,T0117,2021,1389,,F,1,A,6,EUR
OECD.SDD.NAD:DSD_NAMAIN10@DF_TABLE5(1.0),A,FIN,S14,S1,P31DC,_Z,_Z,CP095,XDC,V,N,T0117,2021,1246,,F,1,A,6,EUR
OECD.SDD.NAD:DSD_NAMAIN10@DF_TABLE5(1.0),A,FIN,S14,S1,P31DC,_Z,_Z,CP044,XDC,V,N,T0117,2021,707,,F,1,A,6,EUR
OECD.SDD.NAD:DSD_NAMAIN10@DF_TABLE5(1.0),A,FIN,S14,S1,P31DC,_Z,_Z,CP056,XDC,V,N,T0117,2021,1313,,F,1,A,6,EUR
OECD.SDD.NAD:DSD_NAMAIN10@DF_TABLE5(1.0),A,FIN,S14,S1,P31DC,_Z,_Z,CP011,XDC,V,N,T0117,2021,13308,,F,1,A,6,EUR
OECD.SDD.NAD:DSD_NAMAIN10@DF_TABLE5(1.0),A,FIN,S14,S1,P31DC,_Z,_Z,CP122,XDC,V,N,T0117,2021,175,,F,1,A,6,EUR
OECD.SDD.NAD:DSD_NAMAIN10@DF_TABLE5(1.0),A,FIN,S14,S1,P31DC,_Z,_Z,CP105,XDC,V,N,T0117,2021,438,,F,1,A,6,EUR
OECD.SDD.NAD:DSD_NAMAIN10@DF_TABLE5(1.0),A,FIN,S14,S1,P31DC,_Z,_Z,CP12,XDC,V,N,T0117,2021,13301,,F,1,A,6,EUR
OECD.SDD.NAD:DSD_NAMAIN10@DF_TABLE5(1.0),A,FIN,S14,S1,P31DC,_Z,_Z,CP032,XDC,V,N,T0117,2021,761,,F,1,A,6,EUR
OECD.SDD.NAD:DSD_NAMAIN10@DF_TABLE5(1.0),A,FIN,S14,S1,P31DC,_Z,_Z,CP051,XDC,V,N,T0117,2021,1856,,F,1,A,6,EUR
OECD.SDD.NAD:DSD_NAMAIN10@DF_TABLE5(1.0),A,FIN,S14,S1,P31DC,_Z,_Z,CP02,XDC,V,N,T0117,2021,5951,,F,1,A,6,EUR
OECD.SDD.NAD:DSD_NAMAIN10@DF_TABLE5(1.0),A,FIN,S14,S1,P31DC,_Z,_Z,CP083,XDC,V,N,T0117,2021,2385,,F,1,A,6,EUR
OECD.SDD.NAD:DSD_NAMAIN10@DF_TABLE5(1.0),A,FIN,S14,S1,P31DC,_Z,_Z,CP012,XDC,V,N,T0117,2022,1807,,F,1,A,6,EUR
OECD.SDD.NAD:DSD_NAMAIN10@DF_TABLE5(1.0),A,FIN,S14,S1,P31DC,_Z,_Z,CP04,XDC,V,N,T0117,2022,39127,,F,1,A,6,EUR
OECD.SDD.NAD:DSD_NAMAIN10@DF_TABLE5(1.0),A,FIN,S14,S1,P31DC,_Z,_Z,CP111,XDC,V,N,T0117,2022,7430,,F,1,A,6,EUR
OECD.SDD.NAD:DSD_NAMAIN10@DF_TABLE5(1.0),A,FIN,S14,S1,P31DC,_Z,_Z,CP022,XDC,V,N,T0117,2022,1828,,F,1,A,6,EUR
OECD.SDD.NAD:DSD_NAMAIN10@DF_TABLE5(1.0),A,FIN,S14,S1,P31DC,_Z,_Z,CP052,XDC,V,N,T0117,2022,544,,F,1,A,6,EUR
OECD.SDD.NAD:DSD_NAMAIN10@DF_TABLE5(1.0),A,FIN,S14,S1,P31DC,_Z,_Z,CP127,XDC,V,N,T0117,2022,1272,,F,1,A,6,EUR
OECD.SDD.NAD:DSD_NAMAIN10@DF_TABLE5(1.0),A,FIN,S14,S1,P31DC,_Z,_Z,CP043,XDC,V,N,T0117,2022,219,,F,1,A,6,EUR
OECD.SDD.NAD:DSD_NAMAIN10@DF_TABLE5(1.0),A,FIN,S14,S1,P31DC,_Z,_Z,CP042,XDC,V,N,T0117,2022,22568,,F,1,A,6,EUR
OECD.SDD.NAD:DSD_NAMAIN10@DF_TABLE5(1.0),A,FIN,S14,S1,P31DC,_Z,_Z,CP122_127,XDC,V,N,T0117,2022,1450,,F,1,A,6,EUR
OECD.SDD.NAD:DSD_NAMAIN10@DF_TABLE5(1.0),A,FIN,S14,S1,P31DC,_Z,_Z,CP082,XDC,V,N,T0117,2022,510,,F,1,A,6,EUR
OECD.SDD.NAD:DSD_NAMAIN10@DF_TABLE5(1.0),A,FIN,S14,S1,P31DC,_Z,_Z,CP095,XDC,V,N,T0117,2022,1216,,F,1,A,6,EUR
OECD.SDD.NAD:DSD_NAMAIN10@DF_TABLE5(1.0),A,FIN,S14,S1,P31DC,_Z,_Z,CP044,XDC,V,N,T0117,2022,743,,F,1,A,6,EUR
OECD.SDD.NAD:DSD_NAMAIN10@DF_TABLE5(1.0),A,FIN,S14,S1,P31DC,_Z,_Z,CP091,XDC,V,N,T0117,2022,1308,,F,1,A,6,EUR
OECD.SDD.NAD:DSD_NAMAIN10@DF_TABLE5(1.0),A,FIN,S14,S1,P31DC,_Z,_Z,CP03,XDC,V,N,T0117,2022,4912,,F,1,A,6,EUR
OECD.SDD.NAD:DSD_NAMAIN10@DF_TABLE5(1.0),A,FIN,S14,S1,P31DC,_Z,_Z,CP045,XDC,V,N,T0117,2022,7344,,F,1,A,6,EUR
OECD.SDD.NAD:DSD_NAMAIN10@DF_TABLE5(1.0),A,FIN,S14,S1,P31DC,_Z,_Z,CP092,XDC,V,N,T0117,2022,972,,F,1,A,6,EUR
OECD.SDD.NAD:DSD_NAMAIN10@DF_TABLE5(1.0),A,FIN,S14,S1,P31DC,_Z,_Z,CP051,XDC,V,N,T0117,2022,1887,,F,1,A,6,EUR
OECD.SDD.NAD:DSD_NAMAIN10@DF_TABLE5(1.0),A,FIN,S14,S1,P31DC,_Z,_Z,CP083,XDC,V,N,T0117,2022,2466,,F,1,A,6,EUR
OECD.SDD.NAD:DSD_NAMAIN10@DF_TABLE5(1.0),A,FIN,S14,S1,P31DC,_Z,_Z,CP032,XDC,V,N,T0117,2022,967,,F,1,A,6,EUR
OECD.SDD.NAD:DSD_NAMAIN10@DF_TABLE5(1.0),A,FIN,S14,S1,P31DC,_Z,_Z,CP105,XDC,V,N,T0117,2022,452,,F,1,A,6,EUR
OECD.SDD.NAD:DSD_NAMAIN10@DF_TABLE5(1.0),A,FIN,S14,S1,P31DC,_Z,_Z,CP122,XDC,V,N,T0117,2022,178,,F,1,A,6,EUR
OECD.SDD.NAD:DSD_NAMAIN10@DF_TABLE5(1.0),A,FIN,S14,S1,P31DC,_Z,_Z,CP011,XDC,V,N,T0117,2022,13992,,F,1,A,6,EUR
OECD.SDD.NAD:DSD_NAMAIN10@DF_TABLE5(1.0),A,FIN,S14,S1,P31DC,_Z,_Z,CP096,XDC,V,N,T0117,2022,921,,F,1,A,6,EUR
OECD.SDD.NAD:DSD_NAMAIN10@DF_TABLE5(1.0),A,FIN,S14,S1,P31DC,_Z,_Z,CP12,XDC,V,N,T0117,2022,14337,,F,1,A,6,EUR
OECD.SDD.NAD:DSD_NAMAIN10@DF_TABLE5(1.0),A,FIN,S14,S1,P31DC,_Z,_Z,CP061,XDC,V,N,T0117,2022,2129,,F,1,A,6,EUR
OECD.SDD.NAD:DSD_NAMAIN10@DF_TABLE5(1.0),A,FIN,S14,S1,P31DC,_Z,_Z,CP112,XDC,V,N,T0117,2022,703,,F,1,A,6,EUR
OECD.SDD.NAD:DSD_NAMAIN10@DF_TABLE5(1.0),A,FIN,S14,S1,P31DC,_Z,_Z,CP041,XDC,V,N,T0117,2022,8253,,F,1,A,6,EUR
OECD.SDD.NAD:DSD_NAMAIN10@DF_TABLE5(1.0),A,FIN,S14,S1,P31DC,_Z,_Z,CP10,XDC,V,N,T0117,2022,452,,F,1,A,6,EUR
OECD.SDD.NAD:DSD_NAMAIN10@DF_TABLE5(1.0),A,FIN,S14,S1,P31DC,_Z,_Z,CP124,XDC,V,N,T0117,2022,2569,,F,1,A,6,EUR
OECD.SDD.NAD:DSD_NAMAIN10@DF_TABLE5(1.0),A,FIN,S14,S1,P31DC,_Z,_Z,CP081,XDC,V,N,T0117,2022,122,,F,1,A,6,EUR
OECD.SDD.NAD:DSD_NAMAIN10@DF_TABLE5(1.0),A,FIN,S14,S1,P31DC,_Z,_Z,CP121,XDC,V,N,T0117,2022,2748,,F,1,A,6,EUR
OECD.SDD.NAD:DSD_NAMAIN10@DF_TABLE5(1.0),A,FIN,S14,S1,P31DC,_Z,_Z,CP031,XDC,V,N,T0117,2022,3945,,F,1,A,6,EUR
OECD.SDD.NAD:DSD_NAMAIN10@DF_TABLE5(1.0),A,FIN,S14,S1,P31DC,_Z,_Z,CP023,XDC,V,N,T0117,2022,318,,F,1,A,6,EUR
OECD.SDD.NAD:DSD_NAMAIN10@DF_TABLE5(1.0),A,FIN,S14,S1,P31DC,_Z,_Z,CP01,XDC,V,N,T0117,2022,15799,,F,1,A,6,EUR
OECD.SDD.NAD:DSD_NAMAIN10@DF_TABLE5(1.0),A,FIN,S14,S1,P31DC,_Z,_Z,CP08,XDC,V,N,T0117,2022,3098,,F,1,A,6,EUR
OECD.SDD.NAD:DSD_NAMAIN10@DF_TABLE5(1.0),A,FIN,S14,S1,P31DC,_Z,_Z,CP054,XDC,V,N,T0117,2022,529,,F,1,A,6,EUR
OECD.SDD.NAD:DSD_NAMAIN10@DF_TABLE5(1.0),A,FIN,S14,S1,P31DC,_Z,_Z,CP053,XDC,V,N,T0117,2022,901,,F,1,A,6,EUR
OECD.SDD.NAD:DSD_NAMAIN10@DF_TABLE5(1.0),A,FIN,S14,S1,P31DC,_Z,_Z,CP071,XDC,V,N,T0117,2022,3622,,F,1,A,6,EUR
OECD.SDD.NAD:DSD_NAMAIN10@DF_TABLE5(1.0),A,FIN,S14,S1,P31DC,_Z,_Z,CP123,XDC,V,N,T0117,2022,634,,F,1,A,6,EUR
OECD.SDD.NAD:DSD_NAMAIN10@DF_TABLE5(1.0),A,FIN,S14,S1,P31DC,_Z,_Z,CP126,XDC,V,N,T0117,2022,3458,,F,1,A,6,EUR
OECD.SDD.NAD:DSD_NAMAIN10@DF_TABLE5(1.0),A,FIN,S14,S1,P31DC,_Z,_Z,CP11,XDC,V,N,T0117,2022,8133,,F,1,A,6,EUR
OECD.SDD.NAD:DSD_NAMAIN10@DF_TABLE5(1.0),A,FIN,S14,S1,P31DC,_Z,_Z,CP125,XDC,V,N,T0117,2022,3478,,F,1,A,6,EUR
OECD.SDD.NAD:DSD_NAMAIN10@DF_TABLE5(1.0),A,FIN,S14,S1,P31DC,_Z,_Z,CP055,XDC,V,N,T0117,2022,789,,F,1,A,6,EUR
OECD.SDD.NAD:DSD_NAMAIN10@DF_TABLE5(1.0),A,FIN,S14,S1,P31DC,_Z,_Z,CP122,XDC,V,N,T0117,2023,180,,F,1,A,6,EUR
OECD.SDD.NAD:DSD_NAMAIN10@DF_TABLE5(1.0),A,FIN,S14,S1,P31DC,_Z,_Z,CP045,XDC,V,N,T0117,2023,7582,,F,1,A,6,EUR
OECD.SDD.NAD:DSD_NAMAIN10@DF_TABLE5(1.0),A,FIN,S14,S1,P31DC,_Z,_Z,CP044,XDC,V,N,T0117,2023,798,,F,1,A,6,EUR
OECD.SDD.NAD:DSD_NAMAIN10@DF_TABLE5(1.0),A,FIN,S14,S1,P31DC,_Z,_Z,CP082,XDC,V,N,T0117,2023,511,,F,1,A,6,EUR
OECD.SDD.NAD:DSD_NAMAIN10@DF_TABLE5(1.0),A,FIN,S14,S1,P31DC,_Z,_Z,CP012,XDC,V,N,T0117,2023,1882,,F,1,A,6,EUR
OECD.SDD.NAD:DSD_NAMAIN10@DF_TABLE5(1.0),A,IRL,S14,S1,P31DC,_Z,_Z,CP091,XDC,V,N,T0117,2021,513.75,,F,1,A,6,EUR
OECD.SDD.NAD:DSD_NAMAIN10@DF_TABLE5(1.0),A,IRL,S14,S1,P31DC,_Z,_Z,CP02,XDC,V,N,T0117,2021,5938.978,,F,1,A,6,EUR
OECD.SDD.NAD:DSD_NAMAIN10@DF_TABLE5(1.0),A,IRL,S14,S1,P31DC,_Z,_Z,CP012,XDC,V,N,T0117,2021,1067.938,,F,1,A,6,EUR
OECD.SDD.NAD:DSD_NAMAIN10@DF_TABLE5(1.0),A,IRL,S14,S1,P31DC,_Z,_Z,CP122,XDC,V,N,T0117,2021,101.894,,F,1,A,6,EUR
OECD.SDD.NAD:DSD_NAMAIN10@DF_TABLE5(1.0),A,IRL,S14,S1,P31DC,_Z,_Z,CP123,XDC,V,N,T0117,2021,928.659,,F,1,A,6,EUR
OECD.SDD.NAD:DSD_NAMAIN10@DF_TABLE5(1.0),A,IRL,S14,S1,P31DC,_Z,_Z,CP07,XDC,V,N,T0117,2021,9736.127,,F,1,A,6,EUR
OECD.SDD.NAD:DSD_NAMAIN10@DF_TABLE5(1.0),A,IRL,S14,S1,P31DC,_Z,_Z,CP071,XDC,V,N,T0117,2021,3706.171,,F,1,A,6,EUR
OECD.SDD.NAD:DSD_NAMAIN10@DF_TABLE5(1.0),A,IRL,S14,S1,P31DC,_Z,_Z,CP055,XDC,V,N,T0117,2021,292.243,,F,1,A,6,EUR
OECD.SDD.NAD:DSD_NAMAIN10@DF_TABLE5(1.0),A,IRL,S14,S1,P31DC,_Z,_Z,CP105,XDC,V,N,T0117,2021,75.416,,F,1,A,6,EUR
OECD.SDD.NAD:DSD_NAMAIN10@DF_TABLE5(1.0),A,IRL,S14,S1,P31DC,_Z,_Z,CP045,XDC,V,N,T0117,2021,4271.709,,F,1,A,6,EUR
OECD.SDD.NAD:DSD_NAMAIN10@DF_TABLE5(1.0),A,IRL,S14,S1,P31DC,_Z,_Z,CP102,XDC,V,N,T0117,2021,186.374,,F,1,A,6,EUR
OECD.SDD.NAD:DSD_NAMAIN10@DF_TABLE5(1.0),A,IRL,S14,S1,P31DC,_Z,_Z,CP073,XDC,V,N,T0117,2021,1481.608,,F,1,A,6,EUR
OECD.SDD.NAD:DSD_NAMAIN10@DF_TABLE5(1.0),A,IRL,S14,S1,P31DC,_Z,_Z,CP126,XDC,V,N,T0117,2021,2830.926,,F,1,A,6,EUR
OECD.SDD.NAD:DSD_NAMAIN10@DF_TABLE5(1.0),A,IRL,S14,S1,P31DC,_Z,_Z,CP01,XDC,V,N,T0117,2021,10082.59,,F,1,A,6,EUR
OECD.SDD.NAD:DSD_NAMAIN10@DF_TABLE5(1.0),A,IRL,S14,S1,P31DC,_Z,_Z,CP092,XDC,V,N,T0117,2021,32.645,,F,1,A,6,EUR
OECD.SDD.NAD:DSD_NAMAIN10@DF_TABLE5(1.0),A,IRL,S14,S1,P31DC,_Z,_Z,CP03,XDC,V,N,T0117,2021,4904.225,,F,1,A,6,EUR
OECD.SDD.NAD:DSD_NAMAIN10@DF_TABLE5(1.0),A,IRL,S14,S1,P31DC,_Z,_Z,CP096,XDC,V,N,T0117,2021,554.242,,F,1,A,6,EUR
OECD.SDD.NAD:DSD_NAMAIN10@DF_TABLE5(1.0),A,IRL,S14,S1,P31DC,_Z,_Z,CP062,XDC,V,N,T0117,2021,1741.157,,F,1,A,6,EUR
OECD.SDD.NAD:DSD_NAMAIN10@DF_TABLE5(1.0),A,IRL,S14,S1,P31DC,_Z,_Z,CP031,XDC,V,N,T0117,2021,4010.152,,F,1,A,6,EUR
OECD.SDD.NAD:DSD_NAMAIN10@DF_TABLE5(1.0),A,IRL,S14,S1,P31DC,_Z,_Z,CP04,XDC,V,N,T0117,2021,27744.642,,F,1,A,6,EUR
OECD.SDD.NAD:DSD_NAMAIN10@DF_TABLE5(1.0),A,IRL,S14,S1,P31DC,_Z,_Z,CP083,XDC,V,N,T0117,2021,2440.264,,F,1,A,6,EUR
OECD.SDD.NAD:DSD_NAMAIN10@DF_TABLE5(1.0),A,IRL,S14,S1,P31DC,_Z,_Z,CP021,XDC,V,N,T0117,2021,2979.028,,F,1,A,6,EUR
OECD.SDD.NAD:DSD_NAMAIN10@DF_TABLE5(1.0),A,IRL,S14,S1,P31DC,_Z,_Z,CP053,XDC,V,N,T0117,2021,564.901,,F,1,A,6,EUR
OECD.SDD.NAD:DSD_NAMAIN10@DF_TABLE5(1.0),A,IRL,S14,S1,P31DC,_Z,_Z,CP054,XDC,V,N,T0117,2021,219.548,,F,1,A,6,EUR
OECD.SDD.NAD:DSD_NAMAIN10@DF_TABLE5(1.0),A,IRL,S14,S1,P31DC,_Z,_Z,CP06,XDC,V,N,T0117,2021,5424.008,,F,1,A,6,EUR
OECD.SDD.NAD:DSD_NAMAIN10@DF_TABLE5(1.0),A,IRL,S14,S1,P31DC,_Z,_Z,CP032,XDC,V,N,T0117,2021,894.073,,F,1,A,6,EUR
OECD.SDD.NAD:DSD_NAMAIN10@DF_TABLE5(1.0),A,IRL,S14,S1,P31DC,_Z,_Z,CP121,XDC,V,N,T0117,2021,2772.566,,F,1,A,6,EUR
OECD.SDD.NAD:DSD_NAMAIN10@DF_TABLE5(1.0),A,IRL,S14,S1,P31DC,_Z,_Z,CP122_127,XDC,V,N,T0117,2021,677.158,,F,1,A,6,EUR
OECD.SDD.NAD:DSD_NAMAIN10@DF_TABLE5(1.0),A,IRL,S14,S1,P31DC,_Z,_Z,CP044,XDC,V,N,T0117,2021,339.29,,F,1,A,6,EUR
OECD.SDD.NAD:DSD_NAMAIN10@DF_TABLE5(1.0),A,IRL,S14,S1,P31DC,_Z,_Z,CP023,XDC,V,N,T0117,2021,919.15,,F,1,A,6,EUR
OECD.SDD.NAD:DSD_NAMAIN10@DF_TABLE5(1.0),A,IRL,S14,S1,P31DC,_Z,_Z,CP081,XDC,V,N,T0117,2021,110.281,,F,1,A,6,EUR
OECD.SDD.NAD:DSD_NAMAIN10@DF_TABLE5(1.0),A,IRL,S14,S1,P31DC,_Z,_Z,CP112,XDC,V,N,T0117,2021,1667.019,,F,1,A,6,EUR
OECD.SDD.NAD:DSD_NAMAIN10@DF_TABLE5(1.0),A,IRL,S14,S1,P31DC,_Z,_Z,CP072,XDC,V,N,T0117,2021,4548.348,,F,1,A,6,EUR
OECD.SDD.NAD:DSD_NAMAIN10@DF_TABLE5(1.0),A,IRL,S14,S1,P31DC,_Z,_Z,CP061,XDC,V,N,T0117,2021,1059.184,,F,1,A,6,EUR
OECD.SDD.NAD:DSD_NAMAIN10@DF_TABLE5(1.0),A,IRL,S14,S1,P31DC,_Z,_Z,CP103,XDC,V,N,T0117,2021,13.086,,F,1,A,6,EUR
OECD.SDD.NAD:DSD_NAMAIN10@DF_TABLE5(1.0),A,IRL,S14,S1,P31DC,_Z,_Z,CP125,XDC,V,N,T0117,2021,2697.748,,F,1,A,6,EUR
OECD.SDD.NAD:DSD_NAMAIN10@DF_TABLE5(1.0),A,IRL,S14,S1,P31DC,_Z,_Z,CP043,XDC,V,N,T0117,2021,202.063,,F,1,A,6,EUR
OECD.SDD.NAD:DSD_NAMAIN10@DF_TABLE5(1.0),A,IRL,S14,S1,P31DC,_Z,_Z,CP022,XDC,V,N,T0117,2021,2040.799,,F,1,A,6,EUR
OECD.SDD.NAD:DSD_NAMAIN10@DF_TABLE5(1.0),A,IRL,S14,S1,P31DC,_Z,_Z,CP124,XDC,V,N,T0117,2021,907.134,,F,1,A,6,EUR
OECD.SDD.NAD:DSD_NAMAIN10@DF_TABLE5(1.0),A,IRL,S14,S1,P31DC,_Z,_Z,CP09,XDC,V,N,T0117,2021,6585.713,,F,1,A,6,EUR
OECD.SDD.NAD:DSD_NAMAIN10@DF_TABLE5(1.0),A,IRL,S14,S1,P31DC,_Z,_Z,CP10,XDC,V,N,T0117,2021,1747.018,,F,1,A,6,EUR
OECD.SDD.NAD:DSD_NAMAIN10@DF_TABLE5(1.0),A,IRL,S14,S1,P31DC,_Z,_Z,CP095,XDC,V,N,T0117,2021,777.036,,F,1,A,6,EUR
OECD.SDD.NAD:DSD_NAMAIN10@DF_TABLE5(1.0),A,IRL,S14,S1,P31DC,_Z,_Z,CP082,XDC,V,N,T0117,2021,260.765,,F,1,A,6,EUR
OECD.SDD.NAD:DSD_NAMAIN10@DF_TABLE5(1.0),A,IRL,S14,S1,P31DC,_Z,_Z,CP094,XDC,V,N,T0117,2021,3451.025,,F,1,A,6,EUR
OECD.SDD.NAD:DSD_NAMAIN10@DF_TABLE5(1.0),A,IRL,S14,S1,P31DC,_Z,_Z,CP063,XDC,V,N,T0117,2021,2623.667,,F,1,A,6,EUR
OECD.SDD.NAD:DSD_NAMAIN10@DF_TABLE5(1.0),A,IRL,S14,S1,P31DC,_Z,_Z,CP111,XDC,V,N,T0117,2021,11972.523,,F,1,A,6,EUR
OECD.SDD.NAD:DSD_NAMAIN10@DF_TABLE5(1.0),A,IRL,S14,S1,P31DC,_Z,_Z,CP101,XDC,V,N,T0117,2021,163.002,,F,1,A,6,EUR
OECD.SDD.NAD:DSD_NAMAIN10@DF_TABLE5(1.0),A,IRL,S14,S1,P31DC,_Z,_Z,CP127,XDC,V,N,T0117,2021,575.265,,F,1,A,6,EUR
OECD.SDD.NAD:DSD_NAMAIN10@DF_TABLE5(1.0),A,IRL,S14,S1,P31DC,_Z,_Z,CP041,XDC,V,N,T0117,2021,5696.454,,F,1,A,6,EUR
OECD.SDD.NAD:DSD_NAMAIN10@DF_TABLE5(1.0),A,IRL,S14,S1,P31DC,_Z,_Z,CP12,XDC,V,N,T0117,2021,10814.191,,F,1,A,6,EUR
OECD.SDD.NAD:DSD_NAMAIN10@DF_TABLE5(1.0),A,IRL,S14,S1,P31DC,_Z,_Z,CP052,XDC,V,N,T0117,2021,493.726,,F,1,A,6,EUR
OECD.SDD.NAD:DSD_NAMAIN10@DF_TABLE5(1.0),A,IRL,S14,S1,P31DC,_Z,_Z,CP05,XDC,V,N,T0117,2021,4771.446,,F,1,A,6,EUR
OECD.SDD.NAD:DSD_NAMAIN10@DF_TABLE5(1.0),A,IRL,S14,S1,P31DC,_Z,_Z,CP051,XDC,V,N,T0117,2021,1610.995,,F,1,A,6,EUR
OECD.SDD.NAD:DSD_NAMAIN10@DF_TABLE5(1.0),A,IRL,S14,S1,P31DC,_Z,_Z,CP042,XDC,V,N,T0117,2021,17235.127,,F,1,A,6,EUR
OECD.SDD.NAD:DSD_NAMAIN10@DF_TABLE5(1.0),A,IRL,S14,S1,P31DC,_Z,_Z,CP056,XDC,V,N,T0117,2021,1590.032,,F,1,A,6,EUR
OECD.SDD.NAD:DSD_NAMAIN10@DF_TABLE5(1.0),A,IRL,S14,S1,P31DC,_Z,_Z,CP011,XDC,V,N,T0117,2021,9014.652,,F,1,A,6,EUR
OECD.SDD.NAD:DSD_NAMAIN10@DF_TABLE5(1.0),A,IRL,S14,S1,P31DC,_Z,_Z,_T,XDC,V,N,T0117,2021,104199.79,,F,1,A,6,EUR
OECD.SDD.NAD:DSD_NAMAIN10@DF_TABLE5(1.0),A,IRL,S14,S1,P31DC,_Z,_Z,CP104,XDC,V,N,T0117,2021,1309.14,,F,1,A,6,EUR
OECD.SDD.NAD:DSD_NAMAIN10@DF_TABLE5(1.0),A,IRL,S14,S1,P31DC,_Z,_Z,CP08,XDC,V,N,T0117,2021,2811.31,,F,1,A,6,EUR
OECD.SDD.NAD:DSD_NAMAIN10@DF_TABLE5(1.0),A,IRL,S14,S1,P31DC,_Z,_Z,CP093,XDC,V,N,T0117,2021,1257.015,,F,1,A,6,EUR
OECD.SDD.NAD:DSD_NAMAIN10@DF_TABLE5(1.0),A,IRL,S14,S1,P31DC,_Z,_Z,CP11,XDC,V,N,T0117,2021,13639.542,,F,1,A,6,EUR
OECD.SDD.NAD:DSD_NAMAIN10@DF_TABLE5(1.0),A,IRL,S14,S1,P31DC,_Z,_Z,CP10,XDC,V,N,T0117,2022,1815.552,,F,1,A,6,EUR
OECD.SDD.NAD:DSD_NAMAIN10@DF_TABLE5(1.0),A,IRL,S14,S1,P31DC,_Z,_Z,CP095,XDC,V,N,T0117,2022,932.442,,F,1,A,6,EUR
OECD.SDD.NAD:DSD_NAMAIN10@DF_TABLE5(1.0),A,IRL,S14,S1,P31DC,_Z,_Z,CP082,XDC,V,N,T0117,2022,272.632,,F,1,A,6,EUR
OECD.SDD.NAD:DSD_NAMAIN10@DF_TABLE5(1.0),A,IRL,S14,S1,P31DC,_Z,_Z,CP022,XDC,V,N,T0117,2022,1802.776,,F,1,A,6,EUR
OECD.SDD.NAD:DSD_NAMAIN10@DF_TABLE5(1.0),A,IRL,S14,S1,P31DC,_Z,_Z,CP124,XDC,V,N,T0117,2022,1123.48,,F,1,A,6,EUR
OECD.SDD.NAD:DSD_NAMAIN10@DF_TABLE5(1.0),A,IRL,S14,S1,P31DC,_Z,_Z,CP09,XDC,V,N,T0117,2022,8953.913,,F,1,A,6,EUR
OECD.SDD.NAD:DSD_NAMAIN10@DF_TABLE5(1.0),A,IRL,S14,S1,P31DC,_Z,_Z,CP063,XDC,V,N,T0117,2022,2863.692,,F,1,A,6,EUR
OECD.SDD.NAD:DSD_NAMAIN10@DF_TABLE5(1.0),A,IRL,S14,S1,P31DC,_Z,_Z,CP094,XDC,V,N,T0117,2022,4149.023,,F,1,A,6,EUR
OECD.SDD.NAD:DSD_NAMAIN10@DF_TABLE5(1.0),A,IRL,S14,S1,P31DC,_Z,_Z,CP111,XDC,V,N,T0117,2022,16954.173,,F,1,A,6,EUR
OECD.SDD.NAD:DSD_NAMAIN10@DF_TABLE5(1.0),A,IRL,S14,S1,P31DC,_Z,_Z,CP101,XDC,V,N,T0117,2022,167.424,,F,1,A,6,EUR
OECD.SDD.NAD:DSD_NAMAIN10@DF_TABLE5(1.0),A,IRL,S14,S1,P31DC,_Z,_Z,CP127,XDC,V,N,T0117,2022,643.612,,F,1,A,6,EUR
OECD.SDD.NAD:DSD_NAMAIN10@DF_TABLE5(1.0),A,IRL,S14,S1,P31DC,_Z,_Z,CP12,XDC,V,N,T0117,2022,11495.617,,F,1,A,6,EUR
OECD.SDD.NAD:DSD_NAMAIN10@DF_TABLE5(1.0),A,IRL,S14,S1,P31DC,_Z,_Z,CP041,XDC,V,N,T0117,2022,6393.454,,F,1,A,6,EUR
OECD.SDD.NAD:DSD_NAMAIN10@DF_TABLE5(1.0),A,IRL,S14,S1,P31DC,_Z,_Z,CP125,XDC,V,N,T0117,2022,1686.888,,F,1,A,6,EUR
OECD.SDD.NAD:DSD_NAMAIN10@DF_TABLE5(1.0),A,IRL,S14,S1,P31DC,_Z,_Z,CP043,XDC,V,N,T0117,2022,201.073,,F,1,A,6,EUR
OECD.SDD.NAD:DSD_NAMAIN10@DF_TABLE5(1.0),A,IRL,S14,S1,P31DC,_Z,_Z,CP042,XDC,V,N,T0117,2022,18986.785,,F,1,A,6,EUR
OECD.SDD.NAD:DSD_NAMAIN10@DF_TABLE5(1.0),A,IRL,S14,S1,P31DC,_Z,_Z,CP056,XDC,V,N,T0117,2022,2138.117,,F,1,A,6,EUR
OECD.SDD.NAD:DSD_NAMAIN10@DF_TABLE5(1.0),A,IRL,S14,S1,P31DC,_Z,_Z,CP051,XDC,V,N,T0117,2022,2257.215,,F,1,A,6,EUR
OECD.SDD.NAD:DSD_NAMAIN10@DF_TABLE5(1.0),A,IRL,S14,S1,P31DC,_Z,_Z,CP05,XDC,V,N,T0117,2022,6105.501,,F,1,A,6,EUR
OECD.SDD.NAD:DSD_NAMAIN10@DF_TABLE5(1.0),A,IRL,S14,S1,P31DC,_Z,_Z,CP052,XDC,V,N,T0117,2022,536.227,,F,1,A,6,EUR
OECD.SDD.NAD:DSD_NAMAIN10@DF_TABLE5(1.0),A,IRL,S14,S1,P31DC,_Z,_Z,CP11,XDC,V,N,T0117,2022,19278.588,,F,1,A,6,EUR
OECD.SDD.NAD:DSD_NAMAIN10@DF_TABLE5(1.0),A,IRL,S14,S1,P31DC,_Z,_Z,CP093,XDC,V,N,T0117,2022,1679.564,,F,1,A,6,EUR
OECD.SDD.NAD:DSD_NAMAIN10@DF_TABLE5(1.0),A,IRL,S14,S1,P31DC,_Z,_Z,CP08,XDC,V,N,T0117,2022,2976.086,,F,1,A,6,EUR
OECD.SDD.NAD:DSD_NAMAIN10@DF_TABLE5(1.0),A,IRL,S14,S1,P31DC,_Z,_Z,CP011,XDC,V,N,T0117,2022,9534.645,,F,1,A,6,EUR
OECD.SDD.NAD:DSD_NAMAIN10@DF_TABLE5(1.0),A,IRL,S14,S1,P31DC,_Z,_Z,_T,XDC,V,N,T0117,2022,122915.053,,F,1,A,6,EUR
OECD.SDD.NAD:DSD_NAMAIN10@DF_TABLE5(1.0),A,IRL,S14,S1,P31DC,_Z,_Z,CP104,XDC,V,N,T0117,2022,1385.868,,F,1,A,6,EUR
OECD.SDD.NAD:DSD_NAMAIN10@DF_TABLE5(1.0),A,IRL,S14,S1,P31DC,_Z,_Z,CP103,XDC,V,N,T0117,2022,12.458,,F,1,A,6,EUR
OECD.SDD.NAD:DSD_NAMAIN10@DF_TABLE5(1.0),A,IRL,S14,S1,P31DC,_Z,_Z,CP112,XDC,V,N,T0117,2022,2324.414,,F,1,A,6,EUR
OECD.SDD.NAD:DSD_NAMAIN10@DF_TABLE5(1.0),A,IRL,S14,S1,P31DC,_Z,_Z,CP072,XDC,V,N,T0117,2022,6264.496,,F,1,A,6,EUR
OECD.SDD.NAD:DSD_NAMAIN10@DF_TABLE5(1.0),A,IRL,S14,S1,P31DC,_Z,_Z,CP061,XDC,V,N,T0117,2022,1124.811,,F,1,A,6,EUR
OECD.SDD.NAD:DSD_NAMAIN10@DF_TABLE5(1.0),A,IRL,S14,S1,P31DC,_Z,_Z,CP023,XDC,V,N,T0117,2022,928.661,,F,1,A,6,EUR
OECD.SDD.NAD:DSD_NAMAIN10@DF_TABLE5(1.0),A,IRL,S14,S1,P31DC,_Z,_Z,CP081,XDC,V,N,T0117,2022,117.852,,F,1,A,6,EUR
OECD.SDD.NAD:DSD_NAMAIN10@DF_TABLE5(1.0),A,IRL,S14,S1,P31DC,_Z,_Z,CP044,XDC,V,N,T0117,2022,357.285,,F,1,A,6,EUR
OECD.SDD.NAD:DSD_NAMAIN10@DF_TABLE5(1.0),A,IRL,S14,S1,P31DC,_Z,_Z,CP053,XDC,V,N,T0117,2022,617.849,,F,1,A,6,EUR
OECD.SDD.NAD:DSD_NAMAIN10@DF_TABLE5(1.0),A,IRL,S14,S1,P31DC,_Z,_Z,CP054,XDC,V,N,T0117,2022,239.564,,F,1,A,6,EUR
OECD.SDD.NAD:DSD_NAMAIN10@DF_TABLE5(1.0),A,IRL,S14,S1,P31DC,_Z,_Z,CP06,XDC,V,N,T0117,2022,5810.836,,F,1,A,6,EUR
OECD.SDD.NAD:DSD_NAMAIN10@DF_TABLE5(1.0),A,IRL,S14,S1,P31DC,_Z,_Z,CP083,XDC,V,N,T0117,2022,2585.603,,F,1,A,6,EUR
OECD.SDD.NAD:DSD_NAMAIN10@DF_TABLE5(1.0),A,IRL,S14,S1,P31DC,_Z,_Z,CP021,XDC,V,N,T0117,2022,2860.562,,F,1,A,6,EUR
OECD.SDD.NAD:DSD_NAMAIN10@DF_TABLE5(1.0),A,IRL,S14,S1,P31DC,_Z,_Z,CP032,XDC,V,N,T0117,2022,1112.714,,F,1,A,6,EUR
OECD.SDD.NAD:DSD_NAMAIN10@DF_TABLE5(1.0),A,IRL,S14,S1,P31DC,_Z,_Z,CP121,XDC,V,N,T0117,2022,3248.665,,F,1,A,6,EUR
OECD.SDD.NAD:DSD_NAMAIN10@DF_TABLE5(1.0),A,IRL,S14,S1,P31DC,_Z,_Z,CP122_127,XDC,V,N,T0117,2022,755.339,,F,1,A,6,EUR
OECD.SDD.NAD:DSD_NAMAIN10@DF_TABLE5(1.0),A,IRL,S14,S1,P31DC,_Z,_Z,CP07,XDC,V,N,T0117,2022,12391.542,,F,1,A,6,EUR
OECD.SDD.NAD:DSD_NAMAIN10@DF_TABLE5(1.0),A,IRL,S14,S1,P31DC,_Z,_Z,CP122,XDC,V,N,T0117,2022,111.727,,F,1,A,6,EUR
OECD.SDD.NAD:DSD_NAMAIN10@DF_TABLE5(1.0),A,IRL,S14,S1,P31DC,_Z,_Z,CP123,XDC,V,N,T0117,2022,1216.811,,F,1,A,6,EUR
OECD.SDD.NAD:DSD_NAMAIN10@DF_TABLE5(1.0),A,IRL,S14,S1,P31DC,_Z,_Z,CP105,XDC,V,N,T0117,2022,55.664,,F,1,A,6,EUR
OECD.SDD.NAD:DSD_NAMAIN10@DF_TABLE5(1.0),A,IRL,S14,S1,P31DC,_Z,_Z,CP045,XDC,V,N,T0117,2022,6459.487,,F,1,A,6,EUR
OECD.SDD.NAD:DSD_NAMAIN10@DF_TABLE5(1.0),A,IRL,S14,S1,P31DC,_Z,_Z,CP102,XDC,V,N,T0117,2022,194.138,,F,1,A,6,EUR
OECD.SDD.NAD:DSD_NAMAIN10@DF_TABLE5(1.0),A,IRL,S14,S1,P31DC,_Z,_Z,CP071,XDC,V,N,T0117,2022,3723.353,,F,1,A,6,EUR
OECD.SDD.NAD:DSD_NAMAIN10@DF_TABLE5(1.0),A,IRL,S14,S1,P31DC,_Z,_Z,CP055,XDC,V,N,T0117,2022,316.529,,F,1,A,6,EUR
OECD.SDD.NAD:DSD_NAMAIN10@DF_TABLE5(1.0),A,IRL,S14,S1,P31DC,_Z,_Z,CP012,XDC,V,N,T0117,2022,1094.764,,F,1,A,6,EUR
OECD.SDD.NAD:DSD_NAMAIN10@DF_TABLE5(1.0),A,IRL,S14,S1,P31DC,_Z,_Z,CP091,XDC,V,N,T0117,2022,725.196,,F,1,A,6,EUR
OECD.SDD.NAD:DSD_NAMAIN10@DF_TABLE5(1.0),A,IRL,S14,S1,P31DC,_Z,_Z,CP02,XDC,V,N,T0117,2022,5591.999,,F,1,A,6,EUR
OECD.SDD.NAD:DSD_NAMAIN10@DF_TABLE5(1.0),A,IRL,S14,S1,P31DC,_Z,_Z,CP03,XDC,V,N,T0117,2022,5467.925,,F,1,A,6,EUR
OECD.SDD.NAD:DSD_NAMAIN10@DF_TABLE5(1.0),A,IRL,S14,S1,P31DC,_Z,_Z,CP126,XDC,V,N,T0117,2022,3464.434,,F,1,A,6,EUR
OECD.SDD.NAD:DSD_NAMAIN10@DF_TABLE5(1.0),A,IRL,S14,S1,P31DC,_Z,_Z,CP01,XDC,V,N,T0117,2022,10629.41,,F,1,A,6,EUR
OECD.SDD.NAD:DSD_NAMAIN10@DF_TABLE5(1.0),A,IRL,S14,S1,P31DC,_Z,_Z,CP092,XDC,V,N,T0117,2022,31.312,,F,1,A,6,EUR
OECD.SDD.NAD:DSD_NAMAIN10@DF_TABLE5(1.0),A,IRL,S14,S1,P31DC,_Z,_Z,CP073,XDC,V,N,T0117,2022,2403.693,,F,1,A,6,EUR
OECD.SDD.NAD:DSD_NAMAIN10@DF_TABLE5(1.0),A,IRL,S14,S1,P31DC,_Z,_Z,CP062,XDC,V,N,T0117,2022,1822.334,,F,1,A,6,EUR
OECD.SDD.NAD:DSD_NAMAIN10@DF_TABLE5(1.0),A,IRL,S14,S1,P31DC,_Z,_Z,CP031,XDC,V,N,T0117,2022,4355.212,,F,1,A,6,EUR
OECD.SDD.NAD:DSD_NAMAIN10@DF_TABLE5(1.0),A,IRL,S14,S1,P31DC,_Z,_Z,CP04,XDC,V,N,T0117,2022,32398.083,,F,1,A,6,EUR
OECD.SDD.NAD:DSD_NAMAIN10@DF_TABLE5(1.0),A,IRL,S14,S1,P31DC,_Z,_Z,CP096,XDC,V,N,T0117,2022,1436.377,,F,1,A,6,EUR
OECD.SDD.NAD:DSD_NAMAIN10@DF_TABLE5(1.0),A,IRL,S14,S1,P31DC,_Z,_Z,CP011,XDC,V,N,T0117,2023,10405.193,,F,1,A,6,EUR
OECD.SDD.NAD:DSD_NAMAIN10@DF_TABLE5(1.0),A,IRL,S14,S1,P31DC,_Z,_Z,_T,XDC,V,N,T0117,2023,136200.136,,F,1,A,6,EUR
OECD.SDD.NAD:DSD_NAMAIN10@DF_TABLE5(1.0),A,IRL,S14,S1,P31DC,_Z,_Z,CP104,XDC,V,N,T0117,2023,1405.908,,F,1,A,6,EUR
OECD.SDD.NAD:DSD_NAMAIN10@DF_TABLE5(1.0),A,IRL,S14,S1,P31DC,_Z,_Z,CP11,XDC,V,N,T0117,2023,21994.525,,F,1,A,6,EUR
OECD.SDD.NAD:DSD_NAMAIN10@DF_TABLE5(1.0),A,IRL,S14,S1,P31DC,_Z,_Z,CP08,XDC,V,N,T0117,2023,3032.214,,F,1,A,6,EUR
OECD.SDD.NAD:DSD_NAMAIN10@DF_TABLE5(1.0),A,IRL,S14,S1,P31DC,_Z,_Z,CP093,XDC,V,N,T0117,2023,1626.354,,F,1,A,6,EUR
OECD.SDD.NAD:DSD_NAMAIN10@DF_TABLE5(1.0),A,IRL,S14,S1,P31DC,_Z,_Z,CP052,XDC,V,N,T0117,2023,494.837,,F,1,A,6,EUR
OECD.SDD.NAD:DSD_NAMAIN10@DF_TABLE5(1.0),A,IRL,S14,S1,P31DC,_Z,_Z,CP05,XDC,V,N,T0117,2023,5837.833,,F,1,A,6,EUR
OECD.SDD.NAD:DSD_NAMAIN10@DF_TABLE5(1.0),A,IRL,S14,S1,P31DC,_Z,_Z,CP051,XDC,V,N,T0117,2023,2103.172,,F,1,A,6,EUR
OECD.SDD.NAD:DSD_NAMAIN10@DF_TABLE5(1.0),A,IRL,S14,S1,P31DC,_Z,_Z,CP042,XDC,V,N,T0117,2023,20885.363,,F,1,A,6,EUR
OECD.SDD.NAD:DSD_NAMAIN10@DF_TABLE5(1.0),A,IRL,S14,S1,P31DC,_Z,_Z,CP056,XDC,V,N,T0117,2023,2081.335,,F,1,A,6,EUR
OECD.SDD.NAD:DSD_NAMAIN10@DF_TABLE5(1.0),A,IRL,S14,S1,P31DC,_Z,_Z,CP043,XDC,V,N,T0117,2023,215.504,,F,1,A,6,EUR
OECD.SDD.NAD:DSD_NAMAIN10@DF_TABLE5(1.0),A,IRL,S14,S1,P31DC,_Z,_Z,CP125,XDC,V,N,T0117,2023,2615.045,,F,1,A,6,EUR
OECD.SDD.NAD:DSD_NAMAIN10@DF_TABLE5(1.0),A,IRL,S14,S1,P31DC,_Z,_Z,CP094,XDC,V,N,T0117,2023,4253.548,,F,1,A,6,EUR
OECD.SDD.NAD:DSD_NAMAIN10@DF_TABLE5(1.0),A,IRL,S14,S1,P31DC,_Z,_Z,CP063,XDC,V,N,T0117,2023,3092.275,,F,1,A,6,EUR
OECD.SDD.NAD:DSD_NAMAIN10@DF_TABLE5(1.0),A,IRL,S14,S1,P31DC,_Z,_Z,CP127,XDC,V,N,T0117,2023,645.743,,F,1,A,6,EUR
OECD.SDD.NAD:DSD_NAMAIN10@DF_TABLE5(1.0),A,IRL,S14,S1,P31DC,_Z,_Z,CP041,XDC,V,N,T0117,2023,6967.245,,F,1,A,6,EUR
OECD.SDD.NAD:DSD_NAMAIN10@DF_TABLE5(1.0),A,IRL,S14,S1,P31DC,_Z,_Z,CP12,XDC,V,N,T0117,2023,15963.4,,F,1,A,6,EUR
OECD.SDD.NAD:DSD_NAMAIN10@DF_TABLE5(1.0),A,IRL,S14,S1,P31DC,_Z,_Z,CP101,XDC,V,N,T0117,2023,168,,F,1,A,6,EUR
OECD.SDD.NAD:DSD_NAMAIN10@DF_TABLE5(1.0),A,IRL,S14,S1,P31DC,_Z,_Z,CP111,XDC,V,N,T0117,2023,20070.853,,F,1,A,6,EUR
OECD.SDD.NAD:DSD_NAMAIN10@DF_TABLE5(1.0),A,IRL,S14,S1,P31DC,_Z,_Z,CP082,XDC,V,N,T0117,2023,276.166,,F,1,A,6,EUR
OECD.SDD.NAD:DSD_NAMAIN10@DF_TABLE5(1.0),A,IRL,S14,S1,P31DC,_Z,_Z,CP095,XDC,V,N,T0117,2023,988.26,,F,1,A,6,EUR
OECD.SDD.NAD:DSD_NAMAIN10@DF_TABLE5(1.0),A,IRL,S14,S1,P31DC,_Z,_Z,CP10,XDC,V,N,T0117,2023,1843.114,,F,1,A,6,EUR
OECD.SDD.NAD:DSD_NAMAIN10@DF_TABLE5(1.0),A,IRL,S14,S1,P31DC,_Z,_Z,CP124,XDC,V,N,T0117,2023,1022.323,,F,1,A,6,EUR
OECD.SDD.NAD:DSD_NAMAIN10@DF_TABLE5(1.0),A,IRL,S14,S1,P31DC,_Z,_Z,CP09,XDC,V,N,T0117,2023,9930.642,,F,1,A,6,EUR
OECD.SDD.NAD:DSD_NAMAIN10@DF_TABLE5(1.0),A,IRL,S14,S1,P31DC,_Z,_Z,CP022,XDC,V,N,T0117,2023,1572.758,,F,1,A,6,EUR
OECD.SDD.NAD:DSD_NAMAIN10@DF_TABLE5(1.0),A,IRL,S14,S1,P31DC,_Z,_Z,CP073,XDC,V,N,T0117,2023,2943.136,,F,1,A,6,EUR
OECD.SDD.NAD:DSD_NAMAIN10@DF_TABLE5(1.0),A,IRL,S14,S1,P31DC,_Z,_Z,CP126,XDC,V,N,T0117,2023,6535.185,,F,1,A,6,EUR
OECD.SDD.NAD:DSD_NAMAIN10@DF_TABLE5(1.0),A,IRL,S14,S1,P31DC,_Z,_Z,CP01,XDC,V,N,T0117,2023,11682.815,,F,1,A,6,EUR
OECD.SDD.NAD:DSD_NAMAIN10@DF_TABLE5(1.0),A,IRL,S14,S1,P31DC,_Z,_Z,CP092,XDC,V,N,T0117,2023,19.7,,F,1,A,6,EUR
OECD.SDD.NAD:DSD_NAMAIN10@DF_TABLE5(1.0),A,IRL,S14,S1,P31DC,_Z,_Z,CP03,XDC,V,N,T0117,2023,5354.759,,F,1,A,6,EUR
OECD.SDD.NAD:DSD_NAMAIN10@DF_TABLE5(1.0),A,IRL,S14,S1,P31DC,_Z,_Z,CP096,XDC,V,N,T0117,2023,2313.834,,F,1,A,6,EUR
OECD.SDD.NAD:DSD_NAMAIN10@DF_TABLE5(1.0),A,IRL,S14,S1,P31DC,_Z,_Z,CP04,XDC,V,N,T0117,2023,35793.336,,F,1,A,6,EUR
OECD.SDD.NAD:DSD_NAMAIN10@DF_TABLE5(1.0),A,IRL,S14,S1,P31DC,_Z,_Z,CP031,XDC,V,N,T0117,2023,4192.931,,F,1,A,6,EUR
OECD.SDD.NAD:DSD_NAMAIN10@DF_TABLE5(1.0),A,IRL,S14,S1,P31DC,_Z,_Z,CP062,XDC,V,N,T0117,2023,1938.823,,F,1,A,6,EUR
OECD.SDD.NAD:DSD_NAMAIN10@DF_TABLE5(1.0),A,IRL,S14,S1,P31DC,_Z,_Z,CP091,XDC,V,N,T0117,2023,728.945,,F,1,A,6,EUR
OECD.SDD.NAD:DSD_NAMAIN10@DF_TABLE5(1.0),A,IRL,S14,S1,P31DC,_Z,_Z,CP02,XDC,V,N,T0117,2023,5420.93,,F,1,A,6,EUR
OECD.SDD.NAD:DSD_NAMAIN10@DF_TABLE5(1.0),A,IRL,S14,S1,P31DC,_Z,_Z,CP012,XDC,V,N,T0117,2023,1277.622,,F,1,A,6,EUR
OECD.SDD.NAD:DSD_NAMAIN10@DF_TABLE5(1.0),A,IRL,S14,S1,P31DC,_Z,_Z,CP122,XDC,V,N,T0117,2023,122.964,,F,1,A,6,EUR
OECD.SDD.NAD:DSD_NAMAIN10@DF_TABLE5(1.0),A,IRL,S14,S1,P31DC,_Z,_Z,CP123,XDC,V,N,T0117,2023,1577.139,,F,1,A,6,EUR
OECD.SDD.NAD:DSD_NAMAIN10@DF_TABLE5(1.0),A,IRL,S14,S1,P31DC,_Z,_Z,CP07,XDC,V,N,T0117,2023,13120.896,,F,1,A,6,EUR
OECD.SDD.NAD:DSD_NAMAIN10@DF_TABLE5(1.0),A,IRL,S14,S1,P31DC,_Z,_Z,CP055,XDC,V,N,T0117,2023,302.08,,F,1,A,6,EUR
OECD.SDD.NAD:DSD_NAMAIN10@DF_TABLE5(1.0),A,IRL,S14,S1,P31DC,_Z,_Z,CP071,XDC,V,N,T0117,2023,4438.197,,F,1,A,6,EUR
OECD.SDD.NAD:DSD_NAMAIN10@DF_TABLE5(1.0),A,IRL,S14,S1,P31DC,_Z,_Z,CP102,XDC,V,N,T0117,2023,203.167,,F,1,A,6,EUR
OECD.SDD.NAD:DSD_NAMAIN10@DF_TABLE5(1.0),A,IRL,S14,S1,P31DC,_Z,_Z,CP105,XDC,V,N,T0117,2023,53.744,,F,1,A,6,EUR
OECD.SDD.NAD:DSD_NAMAIN10@DF_TABLE5(1.0),A,IRL,S14,S1,P31DC,_Z,_Z,CP045,XDC,V,N,T0117,2023,7361.212,,F,1,A,6,EUR
OECD.SDD.NAD:DSD_NAMAIN10@DF_TABLE5(1.0),A,IRL,S14,S1,P31DC,_Z,_Z,CP061,XDC,V,N,T0117,2023,1194.575,,F,1,A,6,EUR
OECD.SDD.NAD:DSD_NAMAIN10@DF_TABLE5(1.0),A,IRL,S14,S1,P31DC,_Z,_Z,CP112,XDC,V,N,T0117,2023,1923.672,,F,1,A,6,EUR
OECD.SDD.NAD:DSD_NAMAIN10@DF_TABLE5(1.0),A,IRL,S14,S1,P31DC,_Z,_Z,CP072,XDC,V,N,T0117,2023,5739.563,,F,1,A,6,EUR
OECD.SDD.NAD:DSD_NAMAIN10@DF_TABLE5(1.0),A,IRL,S14,S1,P31DC,_Z,_Z,CP044,XDC,V,N,T0117,2023,364.012,,F,1,A,6,EUR
OECD.SDD.NAD:DSD_NAMAIN10@DF_TABLE5(1.0),A,IRL,S14,S1,P31DC,_Z,_Z,CP023,XDC,V,N,T0117,2023,975.07,,F,1,A,6,EUR
OECD.SDD.NAD:DSD_NAMAIN10@DF_TABLE5(1.0),A,IRL,S14,S1,P31DC,_Z,_Z,CP081,XDC,V,N,T0117,2023,123.734,,F,1,A,6,EUR
OECD.SDD.NAD:DSD_NAMAIN10@DF_TABLE5(1.0),A,IRL,S14,S1,P31DC,_Z,_Z,CP103,XDC,V,N,T0117,2023,12.295,,F,1,A,6,EUR
OECD.SDD.NAD:DSD_NAMAIN10@DF_TABLE5(1.0),A,IRL,S14,S1,P31DC,_Z,_Z,CP122_127,XDC,V,N,T0117,2023,768.707,,F,1,A,6,EUR
OECD.SDD.NAD:DSD_NAMAIN10@DF_TABLE5(1.0),A,IRL,S14,S1,P31DC,_Z,_Z,CP032,XDC,V,N,T0117,2023,1161.828,,F,1,A,6,EUR
OECD.SDD.NAD:DSD_NAMAIN10@DF_TABLE5(1.0),A,IRL,S14,S1,P31DC,_Z,_Z,CP121,XDC,V,N,T0117,2023,3445.001,,F,1,A,6,EUR
OECD.SDD.NAD:DSD_NAMAIN10@DF_TABLE5(1.0),A,IRL,S14,S1,P31DC,_Z,_Z,CP021,XDC,V,N,T0117,2023,2873.103,,F,1,A,6,EUR
OECD.SDD.NAD:DSD_NAMAIN10@DF_TABLE5(1.0),A,IRL,S14,S1,P31DC,_Z,_Z,CP083,XDC,V,N,T0117,2023,2632.314,,F,1,A,6,EUR
OECD.SDD.NAD:DSD_NAMAIN10@DF_TABLE5(1.0),A,IRL,S14,S1,P31DC,_Z,_Z,CP06,XDC,V,N,T0117,2023,6225.672,,F,1,A,6,EUR
OECD.SDD.NAD:DSD_NAMAIN10@DF_TABLE5(1.0),A,IRL,S14,S1,P31DC,_Z,_Z,CP053,XDC,V,N,T0117,2023,613.266,,F,1,A,6,EUR
OECD.SDD.NAD:DSD_NAMAIN10@DF_TABLE5(1.0),A,IRL,S14,S1,P31DC,_Z,_Z,CP054,XDC,V,N,T0117,2023,243.143,,F,1,A,6,EUR
OECD.SDD.NAD:DSD_NAMAIN10@DF_TABLE5(1.0),A,LTU,S14,S1,P31DC,_Z,_Z,CP012,XDC,V,N,T0117,2021,496.067,,F,1,A,6,EUR
OECD.SDD.NAD:DSD_NAMAIN10@DF_TABLE5(1.0),A,LTU,S14,S1,P31DC,_Z,_Z,CP095,XDC,V,N,T0117,2021,223.965,,F,1,A,6,EUR
OECD.SDD.NAD:DSD_NAMAIN10@DF_TABLE5(1.0),A,LTU,S14,S1,P31DC,_Z,_Z,CP06,XDC,V,N,T0117,2021,1678.652,,F,1,A,6,EUR
OECD.SDD.NAD:DSD_NAMAIN10@DF_TABLE5(1.0),A,LTU,S14,S1,P31DC,_Z,_Z,CP062,XDC,V,N,T0117,2021,671.153,,F,1,A,6,EUR
OECD.SDD.NAD:DSD_NAMAIN10@DF_TABLE5(1.0),A,LTU,S14,S1,P31DC,_Z,_Z,CP125,XDC,V,N,T0117,2021,218.024,,F,1,A,6,EUR
OECD.SDD.NAD:DSD_NAMAIN10@DF_TABLE5(1.0),A,LTU,S14,S1,P31DC,_Z,_Z,CP054,XDC,V,N,T0117,2021,140.126,,F,1,A,6,EUR
OECD.SDD.NAD:DSD_NAMAIN10@DF_TABLE5(1.0),A,LTU,S14,S1,P31DC,_Z,_Z,CP01,XDC,V,N,T0117,2021,6451.209,,F,1,A,6,EUR
OECD.SDD.NAD:DSD_NAMAIN10@DF_TABLE5(1.0),A,LTU,S14,S1,P31DC,_Z,_Z,CP103,XDC,V,N,T0117,2021,0.281,,F,1,A,6,EUR
OECD.SDD.NAD:DSD_NAMAIN10@DF_TABLE5(1.0),A,LTU,S14,S1,P31DC,_Z,_Z,CP042,XDC,V,N,T0117,2021,2629.916,,F,1,A,6,EUR
OECD.SDD.NAD:DSD_NAMAIN10@DF_TABLE5(1.0),A,LTU,S14,S1,P31DC,_Z,_Z,CP045,XDC,V,N,T0117,2021,1159.963,,F,1,A,6,EUR
OECD.SDD.NAD:DSD_NAMAIN10@DF_TABLE5(1.0),A,LTU,S14,S1,P31DC,_Z,_Z,CP082,XDC,V,N,T0117,2021,158.706,,F,1,A,6,EUR
OECD.SDD.NAD:DSD_NAMAIN10@DF_TABLE5(1.0),A,LTU,S14,S1,P31DC,_Z,_Z,CP061,XDC,V,N,T0117,2021,958.276,,F,1,A,6,EUR
OECD.SDD.NAD:DSD_NAMAIN10@DF_TABLE5(1.0),A,LTU,S14,S1,P31DC,_Z,_Z,CP124,XDC,V,N,T0117,2021,127.114,,F,1,A,6,EUR
OECD.SDD.NAD:DSD_NAMAIN10@DF_TABLE5(1.0),A,LTU,S14,S1,P31DC,_Z,_Z,CP104,XDC,V,N,T0117,2021,99.752,,F,1,A,6,EUR
OECD.SDD.NAD:DSD_NAMAIN10@DF_TABLE5(1.0),A,LTU,S14,S1,P31DC,_Z,_Z,CP122,XDC,V,N,T0117,2021,52.431,,F,1,A,6,EUR
OECD.SDD.NAD:DSD_NAMAIN10@DF_TABLE5(1.0),A,LTU,S14,S1,P31DC,_Z,_Z,CP096,XDC,V,N,T0117,2021,137.885,,F,1,A,6,EUR
OECD.SDD.NAD:DSD_NAMAIN10@DF_TABLE5(1.0),A,LTU,S14,S1,P31DC,_Z,_Z,CP022,XDC,V,N,T0117,2021,658.856,,F,1,A,6,EUR
OECD.SDD.NAD:DSD_NAMAIN10@DF_TABLE5(1.0),A,LTU,S14,S1,P31DC,_Z,_Z,CP102,XDC,V,N,T0117,2021,27.23,,F,1,A,6,EUR
OECD.SDD.NAD:DSD_NAMAIN10@DF_TABLE5(1.0),A,LTU,S14,S1,P31DC,_Z,_Z,CP092,XDC,V,N,T0117,2021,20.777,,F,1,A,6,EUR
OECD.SDD.NAD:DSD_NAMAIN10@DF_TABLE5(1.0),A,LTU,S14,S1,P31DC,_Z,_Z,CP09,XDC,V,N,T0117,2021,2522.158,,F,1,A,6,EUR
OECD.SDD.NAD:DSD_NAMAIN10@DF_TABLE5(1.0),A,LTU,S14,S1,P31DC,_Z,_Z,CP043,XDC,V,N,T0117,2021,624.12,,F,1,A,6,EUR
OECD.SDD.NAD:DSD_NAMAIN10@DF_TABLE5(1.0),A,LTU,S14,S1,P31DC,_Z,_Z,CP12,XDC,V,N,T0117,2021,3280.47,,F,1,A,6,EUR
OECD.SDD.NAD:DSD_NAMAIN10@DF_TABLE5(1.0),A,LTU,S14,S1,P31DC,_Z,_Z,CP051,XDC,V,N,T0117,2021,678.152,,F,1,A,6,EUR
OECD.SDD.NAD:DSD_NAMAIN10@DF_TABLE5(1.0),A,LTU,S14,S1,P31DC,_Z,_Z,CP123,XDC,V,N,T0117,2021,522.807,,F,1,A,6,EUR
OECD.SDD.NAD:DSD_NAMAIN10@DF_TABLE5(1.0),A,LTU,S14,S1,P31DC,_Z,_Z,CP105,XDC,V,N,T0117,2021,15.118,,F,1,A,6,EUR
OECD.SDD.NAD:DSD_NAMAIN10@DF_TABLE5(1.0),A,LTU,S14,S1,P31DC,_Z,_Z,CP03,XDC,V,N,T0117,2021,1496.628,,F,1,A,6,EUR
OECD.SDD.NAD:DSD_NAMAIN10@DF_TABLE5(1.0),A,LTU,S14,S1,P31DC,_Z,_Z,CP094,XDC,V,N,T0117,2021,785.926,,F,1,A,6,EUR
OECD.SDD.NAD:DSD_NAMAIN10@DF_TABLE5(1.0),A,LTU,S14,S1,P31DC,_Z,_Z,CP032,XDC,V,N,T0117,2021,377.595,,F,1,A,6,EUR
OECD.SDD.NAD:DSD_NAMAIN10@DF_TABLE5(1.0),A,LTU,S14,S1,P31DC,_Z,_Z,CP053,XDC,V,N,T0117,2021,555.086,,F,1,A,6,EUR
OECD.SDD.NAD:DSD_NAMAIN10@DF_TABLE5(1.0),A,LTU,S14,S1,P31DC,_Z,_Z,CP02,XDC,V,N,T0117,2021,1882.245,,F,1,A,6,EUR
OECD.SDD.NAD:DSD_NAMAIN10@DF_TABLE5(1.0),A,LTU,S14,S1,P31DC,_Z,_Z,CP112,XDC,V,N,T0117,2021,150.481,,F,1,A,6,EUR
OECD.SDD.NAD:DSD_NAMAIN10@DF_TABLE5(1.0),A,LTU,S14,S1,P31DC,_Z,_Z,CP08,XDC,V,N,T0117,2021,811.114,,F,1,A,6,EUR
OECD.SDD.NAD:DSD_NAMAIN10@DF_TABLE5(1.0),A,LTU,S14,S1,P31DC,_Z,_Z,CP011,XDC,V,N,T0117,2021,5955.142,,F,1,A,6,EUR
OECD.SDD.NAD:DSD_NAMAIN10@DF_TABLE5(1.0),A,LTU,S14,S1,P31DC,_Z,_Z,CP055,XDC,V,N,T0117,2021,370.607,,F,1,A,6,EUR
OECD.SDD.NAD:DSD_NAMAIN10@DF_TABLE5(1.0),A,LTU,S14,S1,P31DC,_Z,_Z,CP07,XDC,V,N,T0117,2021,4788.88,,F,1,A,6,EUR
OECD.SDD.NAD:DSD_NAMAIN10@DF_TABLE5(1.0),A,LTU,S14,S1,P31DC,_Z,_Z,CP081,XDC,V,N,T0117,2021,12.374,,F,1,A,6,EUR
OECD.SDD.NAD:DSD_NAMAIN10@DF_TABLE5(1.0),A,LTU,S14,S1,P31DC,_Z,_Z,CP071,XDC,V,N,T0117,2021,1222.093,,F,1,A,6,EUR
OECD.SDD.NAD:DSD_NAMAIN10@DF_TABLE5(1.0),A,LTU,S14,S1,P31DC,_Z,_Z,CP044,XDC,V,N,T0117,2021,362.932,,F,1,A,6,EUR
OECD.SDD.NAD:DSD_NAMAIN10@DF_TABLE5(1.0),A,LTU,S14,S1,P31DC,_Z,_Z,CP122_127,XDC,V,N,T0117,2021,727.408,,F,1,A,6,EUR
OECD.SDD.NAD:DSD_NAMAIN10@DF_TABLE5(1.0),A,LTU,S14,S1,P31DC,_Z,_Z,CP073,XDC,V,N,T0117,2021,342.33,,F,1,A,6,EUR
OECD.SDD.NAD:DSD_NAMAIN10@DF_TABLE5(1.0),A,LTU,S14,S1,P31DC,_Z,_Z,CP093,XDC,V,N,T0117,2021,805.73,,F,1,A,6,EUR
OECD.SDD.NAD:DSD_NAMAIN10@DF_TABLE5(1.0),A,LTU,S14,S1,P31DC,_Z,_Z,CP11,XDC,V,N,T0117,2021,1284.21,,F,1,A,6,EUR
OECD.SDD.NAD:DSD_NAMAIN10@DF_TABLE5(1.0),A,LTU,S14,S1,P31DC,_Z,_Z,CP052,XDC,V,N,T0117,2021,87.286,,F,1,A,6,EUR
OECD.SDD.NAD:DSD_NAMAIN10@DF_TABLE5(1.0),A,LTU,S14,S1,P31DC,_Z,_Z,CP127,XDC,V,N,T0117,2021,674.977,,F,1,A,6,EUR
OECD.SDD.NAD:DSD_NAMAIN10@DF_TABLE5(1.0),A,LTU,S14,S1,P31DC,_Z,_Z,CP111,XDC,V,N,T0117,2021,1133.728,,F,1,A,6,EUR
OECD.SDD.NAD:DSD_NAMAIN10@DF_TABLE5(1.0),A,LTU,S14,S1,P31DC,_Z,_Z,CP023,XDC,V,N,T0117,2021,32.943,,F,1,A,6,EUR
OECD.SDD.NAD:DSD_NAMAIN10@DF_TABLE5(1.0),A,LTU,S14,S1,P31DC,_Z,_Z,CP031,XDC,V,N,T0117,2021,1119.032,,F,1,A,6,EUR
OECD.SDD.NAD:DSD_NAMAIN10@DF_TABLE5(1.0),A,LTU,S14,S1,P31DC,_Z,_Z,CP021,XDC,V,N,T0117,2021,1190.445,,F,1,A,6,EUR
OECD.SDD.NAD:DSD_NAMAIN10@DF_TABLE5(1.0),A,LTU,S14,S1,P31DC,_Z,_Z,CP083,XDC,V,N,T0117,2021,640.033,,F,1,A,6,EUR
OECD.SDD.NAD:DSD_NAMAIN10@DF_TABLE5(1.0),A,LTU,S14,S1,P31DC,_Z,_Z,CP072,XDC,V,N,T0117,2021,3224.458,,F,1,A,6,EUR
OECD.SDD.NAD:DSD_NAMAIN10@DF_TABLE5(1.0),A,LTU,S14,S1,P31DC,_Z,_Z,CP121,XDC,V,N,T0117,2021,960.387,,F,1,A,6,EUR
OECD.SDD.NAD:DSD_NAMAIN10@DF_TABLE5(1.0),A,LTU,S14,S1,P31DC,_Z,_Z,CP041,XDC,V,N,T0117,2021,309.749,,F,1,A,6,EUR
OECD.SDD.NAD:DSD_NAMAIN10@DF_TABLE5(1.0),A,LTU,S14,S1,P31DC,_Z,_Z,CP101,XDC,V,N,T0117,2021,58.9,,F,1,A,6,EUR
OECD.SDD.NAD:DSD_NAMAIN10@DF_TABLE5(1.0),A,LTU,S14,S1,P31DC,_Z,_Z,CP04,XDC,V,N,T0117,2021,5086.68,,F,1,A,6,EUR
OECD.SDD.NAD:DSD_NAMAIN10@DF_TABLE5(1.0),A,LTU,S14,S1,P31DC,_Z,_Z,CP063,XDC,V,N,T0117,2021,49.223,,F,1,A,6,EUR
OECD.SDD.NAD:DSD_NAMAIN10@DF_TABLE5(1.0),A,LTU,S14,S1,P31DC,_Z,_Z,CP10,XDC,V,N,T0117,2021,201.281,,F,1,A,6,EUR
OECD.SDD.NAD:DSD_NAMAIN10@DF_TABLE5(1.0),A,LTU,S14,S1,P31DC,_Z,_Z,CP126,XDC,V,N,T0117,2021,724.73,,F,1,A,6,EUR
OECD.SDD.NAD:DSD_NAMAIN10@DF_TABLE5(1.0),A,LTU,S14,S1,P31DC,_Z,_Z,CP056,XDC,V,N,T0117,2021,415.352,,F,1,A,6,EUR
OECD.SDD.NAD:DSD_NAMAIN10@DF_TABLE5(1.0),A,LTU,S14,S1,P31DC,_Z,_Z,CP05,XDC,V,N,T0117,2021,2246.608,,F,1,A,6,EUR
OECD.SDD.NAD:DSD_NAMAIN10@DF_TABLE5(1.0),A,LTU,S14,S1,P31DC,_Z,_Z,CP091,XDC,V,N,T0117,2021,547.874,,F,1,A,6,EUR
OECD.SDD.NAD:DSD_NAMAIN10@DF_TABLE5(1.0),A,LTU,S14,S1,P31DC,_Z,_Z,CP111,XDC,V,N,T0117,2022,1638.855,,F,1,A,6,EUR
OECD.SDD.NAD:DSD_NAMAIN10@DF_TABLE5(1.0),A,LTU,S14,S1,P31DC,_Z,_Z,CP044,XDC,V,N,T0117,2022,410.1,,F,1,A,6,EUR
OECD.SDD.NAD:DSD_NAMAIN10@DF_TABLE5(1.0),A,LTU,S14,S1,P31DC,_Z,_Z,CP122_127,XDC,V,N,T0117,2022,876.97,,F,1,A,6,EUR
OECD.SDD.NAD:DSD_NAMAIN10@DF_TABLE5(1.0),A,LTU,S14,S1,P31DC,_Z,_Z,CP073,XDC,V,N,T0117,2022,489.482,,F,1,A,6,EUR
OECD.SDD.NAD:DSD_NAMAIN10@DF_TABLE5(1.0),A,LTU,S14,S1,P31DC,_Z,_Z,CP093,XDC,V,N,T0117,2022,966.937,,F,1,A,6,EUR
OECD.SDD.NAD:DSD_NAMAIN10@DF_TABLE5(1.0),A,LTU,S14,S1,P31DC,_Z,_Z,CP11,XDC,V,N,T0117,2022,1833.414,,F,1,A,6,EUR
OECD.SDD.NAD:DSD_NAMAIN10@DF_TABLE5(1.0),A,LTU,S14,S1,P31DC,_Z,_Z,CP052,XDC,V,N,T0117,2022,126.051,,F,1,A,6,EUR
OECD.SDD.NAD:DSD_NAMAIN10@DF_TABLE5(1.0),A,LTU,S14,S1,P31DC,_Z,_Z,CP127,XDC,V,N,T0117,2022,822.324,,F,1,A,6,EUR
OECD.SDD.NAD:DSD_NAMAIN10@DF_TABLE5(1.0),A,LTU,S14,S1,P31DC,_Z,_Z,CP023,XDC,V,N,T0117,2022,38.181,,F,1,A,6,EUR
OECD.SDD.NAD:DSD_NAMAIN10@DF_TABLE5(1.0),A,LTU,S14,S1,P31DC,_Z,_Z,CP031,XDC,V,N,T0117,2022,1327.195,,F,1,A,6,EUR
OECD.SDD.NAD:DSD_NAMAIN10@DF_TABLE5(1.0),A,LTU,S14,S1,P31DC,_Z,_Z,CP021,XDC,V,N,T0117,2022,1333.189,,F,1,A,6,EUR
OECD.SDD.NAD:DSD_NAMAIN10@DF_TABLE5(1.0),A,LTU,S14,S1,P31DC,_Z,_Z,CP083,XDC,V,N,T0117,2022,691.277,,F,1,A,6,EUR
OECD.SDD.NAD:DSD_NAMAIN10@DF_TABLE5(1.0),A,LTU,S14,S1,P31DC,_Z,_Z,CP07,XDC,V,N,T0117,2022,6187.096,,F,1,A,6,EUR
OECD.SDD.NAD:DSD_NAMAIN10@DF_TABLE5(1.0),A,LTU,S14,S1,P31DC,_Z,_Z,CP081,XDC,V,N,T0117,2022,13.414,,F,1,A,6,EUR
OECD.SDD.NAD:DSD_NAMAIN10@DF_TABLE5(1.0),A,LTU,S14,S1,P31DC,_Z,_Z,CP071,XDC,V,N,T0117,2022,1494.679,,F,1,A,6,EUR
OECD.SDD.NAD:DSD_NAMAIN10@DF_TABLE5(1.0),A,LTU,S14,S1,P31DC,_Z,_Z,CP072,XDC,V,N,T0117,2022,4202.935,,F,1,A,6,EUR
OECD.SDD.NAD:DSD_NAMAIN10@DF_TABLE5(1.0),A,LTU,S14,S1,P31DC,_Z,_Z,CP056,XDC,V,N,T0117,2022,438.183,,F,1,A,6,EUR
OECD.SDD.NAD:DSD_NAMAIN10@DF_TABLE5(1.0),A,LTU,S14,S1,P31DC,_Z,_Z,CP05,XDC,V,N,T0117,2022,2462.784,,F,1,A,6,EUR
OECD.SDD.NAD:DSD_NAMAIN10@DF_TABLE5(1.0),A,LTU,S14,S1,P31DC,_Z,_Z,CP091,XDC,V,N,T0117,2022,645.092,,F,1,A,6,EUR
OECD.SDD.NAD:DSD_NAMAIN10@DF_TABLE5(1.0),A,LTU,S14,S1,P31DC,_Z,_Z,CP04,XDC,V,N,T0117,2022,6457.247,,F,1,A,6,EUR
OECD.SDD.NAD:DSD_NAMAIN10@DF_TABLE5(1.0),A,LTU,S14,S1,P31DC,_Z,_Z,CP063,XDC,V,N,T0117,2022,35.802,,F,1,A,6,EUR
OECD.SDD.NAD:DSD_NAMAIN10@DF_TABLE5(1.0),A,LTU,S14,S1,P31DC,_Z,_Z,CP126,XDC,V,N,T0117,2022,974.055,,F,1,A,6,EUR
OECD.SDD.NAD:DSD_NAMAIN10@DF_TABLE5(1.0),A,LTU,S14,S1,P31DC,_Z,_Z,CP10,XDC,V,N,T0117,2022,211.644,,F,1,A,6,EUR
OECD.SDD.NAD:DSD_NAMAIN10@DF_TABLE5(1.0),A,LTU,S14,S1,P31DC,_Z,_Z,CP121,XDC,V,N,T0117,2022,1155.677,,F,1,A,6,EUR
OECD.SDD.NAD:DSD_NAMAIN10@DF_TABLE5(1.0),A,LTU,S14,S1,P31DC,_Z,_Z,CP041,XDC,V,N,T0117,2022,389.029,,F,1,A,6,EUR
OECD.SDD.NAD:DSD_NAMAIN10@DF_TABLE5(1.0),A,LTU,S14,S1,P31DC,_Z,_Z,CP101,XDC,V,N,T0117,2022,54.669,,F,1,A,6,EUR
OECD.SDD.NAD:DSD_NAMAIN10@DF_TABLE5(1.0),A,LTU,S14,S1,P31DC,_Z,_Z,CP08,XDC,V,N,T0117,2022,869.732,,F,1,A,6,EUR
OECD.SDD.NAD:DSD_NAMAIN10@DF_TABLE5(1.0),A,LTU,S14,S1,P31DC,_Z,_Z,CP112,XDC,V,N,T0117,2022,194.559,,F,1,A,6,EUR
OECD.SDD.NAD:DSD_NAMAIN10@DF_TABLE5(1.0),A,LTU,S14,S1,P31DC,_Z,_Z,CP011,XDC,V,N,T0117,2022,6788.388,,F,1,A,6,EUR
OECD.SDD.NAD:DSD_NAMAIN10@DF_TABLE5(1.0),A,LTU,S14,S1,P31DC,_Z,_Z,CP055,XDC,V,N,T0117,2022,460.088,,F,1,A,6,EUR
OECD.SDD.NAD:DSD_NAMAIN10@DF_TABLE5(1.0),A,LTU,S14,S1,P31DC,_Z,_Z,CP053,XDC,V,N,T0117,2022,566.932,,F,1,A,6,EUR
OECD.SDD.NAD:DSD_NAMAIN10@DF_TABLE5(1.0),A,LTU,S14,S1,P31DC,_Z,_Z,CP02,XDC,V,N,T0117,2022,2138.569,,F,1,A,6,EUR
OECD.SDD.NAD:DSD_NAMAIN10@DF_TABLE5(1.0),A,LTU,S14,S1,P31DC,_Z,_Z,CP105,XDC,V,N,T0117,2022,18.191,,F,1,A,6,EUR
OECD.SDD.NAD:DSD_NAMAIN10@DF_TABLE5(1.0),A,LTU,S14,S1,P31DC,_Z,_Z,CP03,XDC,V,N,T0117,2022,1773.774,,F,1,A,6,EUR
OECD.SDD.NAD:DSD_NAMAIN10@DF_TABLE5(1.0),A,LTU,S14,S1,P31DC,_Z,_Z,CP094,XDC,V,N,T0117,2022,1109.183,,F,1,A,6,EUR
OECD.SDD.NAD:DSD_NAMAIN10@DF_TABLE5(1.0),A,LTU,S14,S1,P31DC,_Z,_Z,CP032,XDC,V,N,T0117,2022,446.579,,F,1,A,6,EUR
OECD.SDD.NAD:DSD_NAMAIN10@DF_TABLE5(1.0),A,LTU,S14,S1,P31DC,_Z,_Z,CP022,XDC,V,N,T0117,2022,767.199,,F,1,A,6,EUR
OECD.SDD.NAD:DSD_NAMAIN10@DF_TABLE5(1.0),A,LTU,S14,S1,P31DC,_Z,_Z,CP102,XDC,V,N,T0117,2022,33.6,,F,1,A,6,EUR
OECD.SDD.NAD:DSD_NAMAIN10@DF_TABLE5(1.0),A,LTU,S14,S1,P31DC,_Z,_Z,CP092,XDC,V,N,T0117,2022,21.39,,F,1,A,6,EUR
OECD.SDD.NAD:DSD_NAMAIN10@DF_TABLE5(1.0),A,LTU,S14,S1,P31DC,_Z,_Z,CP09,XDC,V,N,T0117,2022,3212.919,,F,1,A,6,EUR
OECD.SDD.NAD:DSD_NAMAIN10@DF_TABLE5(1.0),A,LTU,S14,S1,P31DC,_Z,_Z,CP043,XDC,V,N,T0117,2022,709.653,,F,1,A,6,EUR
OECD.SDD.NAD:DSD_NAMAIN10@DF_TABLE5(1.0),A,LTU,S14,S1,P31DC,_Z,_Z,CP12,XDC,V,N,T0117,2022,4063.196,,F,1,A,6,EUR
OECD.SDD.NAD:DSD_NAMAIN10@DF_TABLE5(1.0),A,LTU,S14,S1,P31DC,_Z,_Z,CP051,XDC,V,N,T0117,2022,700.773,,F,1,A,6,EUR
OECD.SDD.NAD:DSD_NAMAIN10@DF_TABLE5(1.0),A,LTU,S14,S1,P31DC,_Z,_Z,CP123,XDC,V,N,T0117,2022,626.577,,F,1,A,6,EUR
OECD.SDD.NAD:DSD_NAMAIN10@DF_TABLE5(1.0),A,LTU,S14,S1,P31DC,_Z,_Z,CP01,XDC,V,N,T0117,2022,7357.892,,F,1,A,6,EUR
OECD.SDD.NAD:DSD_NAMAIN10@DF_TABLE5(1.0),A,LTU,S14,S1,P31DC,_Z,_Z,CP103,XDC,V,N,T0117,2022,0.32,,F,1,A,6,EUR
OECD.SDD.NAD:DSD_NAMAIN10@DF_TABLE5(1.0),A,LTU,S14,S1,P31DC,_Z,_Z,CP042,XDC,V,N,T0117,2022,3156.168,,F,1,A,6,EUR
OECD.SDD.NAD:DSD_NAMAIN10@DF_TABLE5(1.0),A,LTU,S14,S1,P31DC,_Z,_Z,CP045,XDC,V,N,T0117,2022,1792.296,,F,1,A,6,EUR
OECD.SDD.NAD:DSD_NAMAIN10@DF_TABLE5(1.0),A,LTU,S14,S1,P31DC,_Z,_Z,CP082,XDC,V,N,T0117,2022,165.041,,F,1,A,6,EUR
OECD.SDD.NAD:DSD_NAMAIN10@DF_TABLE5(1.0),A,LTU,S14,S1,P31DC,_Z,_Z,CP061,XDC,V,N,T0117,2022,1178.573,,F,1,A,6,EUR
OECD.SDD.NAD:DSD_NAMAIN10@DF_TABLE5(1.0),A,LTU,S14,S1,P31DC,_Z,_Z,CP012,XDC,V,N,T0117,2022,569.504,,F,1,A,6,EUR
OECD.SDD.NAD:DSD_NAMAIN10@DF_TABLE5(1.0),A,LTU,S14,S1,P31DC,_Z,_Z,CP095,XDC,V,N,T0117,2022,199.404,,F,1,A,6,EUR
OECD.SDD.NAD:DSD_NAMAIN10@DF_TABLE5(1.0),A,LTU,S14,S1,P31DC,_Z,_Z,CP125,XDC,V,N,T0117,2022,275.426,,F,1,A,6,EUR
OECD.SDD.NAD:DSD_NAMAIN10@DF_TABLE5(1.0),A,LTU,S14,S1,P31DC,_Z,_Z,CP054,XDC,V,N,T0117,2022,170.759,,F,1,A,6,EUR
OECD.SDD.NAD:DSD_NAMAIN10@DF_TABLE5(1.0),A,LTU,S14,S1,P31DC,_Z,_Z,CP06,XDC,V,N,T0117,2022,1775.278,,F,1,A,6,EUR
OECD.SDD.NAD:DSD_NAMAIN10@DF_TABLE5(1.0),A,LTU,S14,S1,P31DC,_Z,_Z,CP062,XDC,V,N,T0117,2022,560.902,,F,1,A,6,EUR
OECD.SDD.NAD:DSD_NAMAIN10@DF_TABLE5(1.0),A,LTU,S14,S1,P31DC,_Z,_Z,CP124,XDC,V,N,T0117,2022,154.491,,F,1,A,6,EUR
OECD.SDD.NAD:DSD_NAMAIN10@DF_TABLE5(1.0),A,LTU,S14,S1,P31DC,_Z,_Z,CP104,XDC,V,N,T0117,2022,104.863,,F,1,A,6,EUR
OECD.SDD.NAD:DSD_NAMAIN10@DF_TABLE5(1.0),A,LTU,S14,S1,P31DC,_Z,_Z,CP122,XDC,V,N,T0117,2022,54.645,,F,1,A,6,EUR
OECD.SDD.NAD:DSD_NAMAIN10@DF_TABLE5(1.0),A,LTU,S14,S1,P31DC,_Z,_Z,CP096,XDC,V,N,T0117,2022,270.913,,F,1,A,6,EUR
OECD.SDD.NAD:DSD_NAMAIN10@DF_TABLE5(1.0),A,LTU,S14,S1,P31DC,_Z,_Z,CP121,XDC,V,N,T0117,2023,1300.382,,F,1,A,6,EUR
OECD.SDD.NAD:DSD_NAMAIN10@DF_TABLE5(1.0),A,LTU,S14,S1,P31DC,_Z,_Z,CP041,XDC,V,N,T0117,2023,462.212,,F,1,A,6,EUR
OECD.SDD.NAD:DSD_NAMAIN10@DF_TABLE5(1.0),A,LTU,S14,S1,P31DC,_Z,_Z,CP101,XDC,V,N,T0117,2023,64.332,,F,1,A,6,EUR
OECD.SDD.NAD:DSD_NAMAIN10@DF_TABLE5(1.0),A,LTU,S14,S1,P31DC,_Z,_Z,CP091,XDC,V,N,T0117,2023,651.608,,F,1,A,6,EUR
OECD.SDD.NAD:DSD_NAMAIN10@DF_TABLE5(1.0),A,LTU,S14,S1,P31DC,_Z,_Z,CP05,XDC,V,N,T0117,2023,2517.496,,F,1,A,6,EUR
OECD.SDD.NAD:DSD_NAMAIN10@DF_TABLE5(1.0),A,LTU,S14,S1,P31DC,_Z,_Z,CP056,XDC,V,N,T0117,2023,458.108,,F,1,A,6,EUR
OECD.SDD.NAD:DSD_NAMAIN10@DF_TABLE5(1.0),A,LTU,S14,S1,P31DC,_Z,_Z,CP10,XDC,V,N,T0117,2023,232.424,,F,1,A,6,EUR
OECD.SDD.NAD:DSD_NAMAIN10@DF_TABLE5(1.0),A,LTU,S14,S1,P31DC,_Z,_Z,CP126,XDC,V,N,T0117,2023,1535.975,,F,1,A,6,EUR
OECD.SDD.NAD:DSD_NAMAIN10@DF_TABLE5(1.0),A,LTU,S14,S1,P31DC,_Z,_Z,CP063,XDC,V,N,T0117,2023,45.05,,F,1,A,6,EUR
OECD.SDD.NAD:DSD_NAMAIN10@DF_TABLE5(1.0),A,LTU,S14,S1,P31DC,_Z,_Z,CP04,XDC,V,N,T0117,2023,6894.645,,F,1,A,6,EUR
OECD.SDD.NAD:DSD_NAMAIN10@DF_TABLE5(1.0),A,LTU,S14,S1,P31DC,_Z,_Z,CP072,XDC,V,N,T0117,2023,4047.418,,F,1,A,6,EUR
OECD.SDD.NAD:DSD_NAMAIN10@DF_TABLE5(1.0),A,LTU,S14,S1,P31DC,_Z,_Z,CP07,XDC,V,N,T0117,2023,6468.532,,F,1,A,6,EUR
OECD.SDD.NAD:DSD_NAMAIN10@DF_TABLE5(1.0),A,LTU,S14,S1,P31DC,_Z,_Z,CP071,XDC,V,N,T0117,2023,1664.646,,F,1,A,6,EUR
OECD.SDD.NAD:DSD_NAMAIN10@DF_TABLE5(1.0),A,LTU,S14,S1,P31DC,_Z,_Z,CP081,XDC,V,N,T0117,2023,14.755,,F,1,A,6,EUR
OECD.SDD.NAD:DSD_NAMAIN10@DF_TABLE5(1.0),A,LTU,S14,S1,P31DC,_Z,_Z,CP023,XDC,V,N,T0117,2023,38.754,,F,1,A,6,EUR
OECD.SDD.NAD:DSD_NAMAIN10@DF_TABLE5(1.0),A,LTU,S14,S1,P31DC,_Z,_Z,CP031,XDC,V,N,T0117,2023,1396.235,,F,1,A,6,EUR
OECD.SDD.NAD:DSD_NAMAIN10@DF_TABLE5(1.0),A,LTU,S14,S1,P31DC,_Z,_Z,CP021,XDC,V,N,T0117,2023,1405.324,,F,1,A,6,EUR
OECD.SDD.NAD:DSD_NAMAIN10@DF_TABLE5(1.0),A,LTU,S14,S1,P31DC,_Z,_Z,CP083,XDC,V,N,T0117,2023,769.617,,F,1,A,6,EUR
OECD.SDD.NAD:DSD_NAMAIN10@DF_TABLE5(1.0),A,LTU,S14,S1,P31DC,_Z,_Z,CP111,XDC,V,N,T0117,2023,1889.2,,F,1,A,6,EUR
OECD.SDD.NAD:DSD_NAMAIN10@DF_TABLE5(1.0),A,LTU,S14,S1,P31DC,_Z,_Z,CP11,XDC,V,N,T0117,2023,2126.261,,F,1,A,6,EUR
OECD.SDD.NAD:DSD_NAMAIN10@DF_TABLE5(1.0),A,LTU,S14,S1,P31DC,_Z,_Z,CP073,XDC,V,N,T0117,2023,756.468,,F,1,A,6,EUR
OECD.SDD.NAD:DSD_NAMAIN10@DF_TABLE5(1.0),A,LTU,S14,S1,P31DC,_Z,_Z,CP093,XDC,V,N,T0117,2023,1058.473,,F,1,A,6,EUR
OECD.SDD.NAD:DSD_NAMAIN10@DF_TABLE5(1.0),A,LTU,S14,S1,P31DC,_Z,_Z,CP122_127,XDC,V,N,T0117,2023,890.983,,F,1,A,6,EUR
OECD.SDD.NAD:DSD_NAMAIN10@DF_TABLE5(1.0),A,LTU,S14,S1,P31DC,_Z,_Z,CP044,XDC,V,N,T0117,2023,501.363,,F,1,A,6,EUR
OECD.SDD.NAD:DSD_NAMAIN10@DF_TABLE5(1.0),A,LTU,S14,S1,P31DC,_Z,_Z,CP052,XDC,V,N,T0117,2023,140.044,,F,1,A,6,EUR
OECD.SDD.NAD:DSD_NAMAIN10@DF_TABLE5(1.0),A,LTU,S14,S1,P31DC,_Z,_Z,CP127,XDC,V,N,T0117,2023,837.046,,F,1,A,6,EUR
OECD.SDD.NAD:DSD_NAMAIN10@DF_TABLE5(1.0),A,LTU,S14,S1,P31DC,_Z,_Z,CP122,XDC,V,N,T0117,2023,53.937,,F,1,A,6,EUR
OECD.SDD.NAD:DSD_NAMAIN10@DF_TABLE5(1.0),A,LTU,S14,S1,P31DC,_Z,_Z,CP124,XDC,V,N,T0117,2023,196.517,,F,1,A,6,EUR
OECD.SDD.NAD:DSD_NAMAIN10@DF_TABLE5(1.0),A,LTU,S14,S1,P31DC,_Z,_Z,CP104,XDC,V,N,T0117,2023,113.906,,F,1,A,6,EUR
OECD.SDD.NAD:DSD_NAMAIN10@DF_TABLE5(1.0),A,LTU,S14,S1,P31DC,_Z,_Z,CP096,XDC,V,N,T0117,2023,327.186,,F,1,A,6,EUR
OECD.SDD.NAD:DSD_NAMAIN10@DF_TABLE5(1.0),A,LTU,S14,S1,P31DC,_Z,_Z,CP062,XDC,V,N,T0117,2023,705.778,,F,1,A,6,EUR
OECD.SDD.NAD:DSD_NAMAIN10@DF_TABLE5(1.0),A,LTU,S14,S1,P31DC,_Z,_Z,CP06,XDC,V,N,T0117,2023,2030.817,,F,1,A,6,EUR
OECD.SDD.NAD:DSD_NAMAIN10@DF_TABLE5(1.0),A,LTU,S14,S1,P31DC,_Z,_Z,CP054,XDC,V,N,T0117,2023,182.302,,F,1,A,6,EUR
OECD.SDD.NAD:DSD_NAMAIN10@DF_TABLE5(1.0),A,LTU,S14,S1,P31DC,_Z,_Z,CP125,XDC,V,N,T0117,2023,363.395,,F,1,A,6,EUR
OECD.SDD.NAD:DSD_NAMAIN10@DF_TABLE5(1.0),A,LTU,S14,S1,P31DC,_Z,_Z,CP012,XDC,V,N,T0117,2023,614.992,,F,1,A,6,EUR
OECD.SDD.NAD:DSD_NAMAIN10@DF_TABLE5(1.0),A,LTU,S14,S1,P31DC,_Z,_Z,CP095,XDC,V,N,T0117,2023,216.298,,F,1,A,6,EUR
OECD.SDD.NAD:DSD_NAMAIN10@DF_TABLE5(1.0),A,LTU,S14,S1,P31DC,_Z,_Z,CP01,XDC,V,N,T0117,2023,7884.427,,F,1,A,6,EUR
OECD.SDD.NAD:DSD_NAMAIN10@DF_TABLE5(1.0),A,LTU,S14,S1,P31DC,_Z,_Z,CP045,XDC,V,N,T0117,2023,1686.81,,F,1,A,6,EUR
OECD.SDD.NAD:DSD_NAMAIN10@DF_TABLE5(1.0),A,LTU,S14,S1,P31DC,_Z,_Z,CP082,XDC,V,N,T0117,2023,167.132,,F,1,A,6,EUR
OECD.SDD.NAD:DSD_NAMAIN10@DF_TABLE5(1.0),A,LTU,S14,S1,P31DC,_Z,_Z,CP042,XDC,V,N,T0117,2023,3541.84,,F,1,A,6,EUR
OECD.SDD.NAD:DSD_NAMAIN10@DF_TABLE5(1.0),A,LTU,S14,S1,P31DC,_Z,_Z,CP103,XDC,V,N,T0117,2023,0.376,,F,1,A,6,EUR
OECD.SDD.NAD:DSD_NAMAIN10@DF_TABLE5(1.0),A,LTU,S14,S1,P31DC,_Z,_Z,CP061,XDC,V,N,T0117,2023,1279.99,,F,1,A,6,EUR
OECD.SDD.NAD:DSD_NAMAIN10@DF_TABLE5(1.0),A,LTU,S14,S1,P31DC,_Z,_Z,CP011,XDC,V,N,T0117,2023,7269.436,,F,1,A,6,EUR
OECD.SDD.NAD:DSD_NAMAIN10@DF_TABLE5(1.0),A,LTU,S14,S1,P31DC,_Z,_Z,CP055,XDC,V,N,T0117,2023,488.972,,F,1,A,6,EUR
OECD.SDD.NAD:DSD_NAMAIN10@DF_TABLE5(1.0),A,LTU,S14,S1,P31DC,_Z,_Z,CP08,XDC,V,N,T0117,2023,951.504,,F,1,A,6,EUR
OECD.SDD.NAD:DSD_NAMAIN10@DF_TABLE5(1.0),A,LTU,S14,S1,P31DC,_Z,_Z,CP112,XDC,V,N,T0117,2023,237.06,,F,1,A,6,EUR
OECD.SDD.NAD:DSD_NAMAIN10@DF_TABLE5(1.0),A,LTU,S14,S1,P31DC,_Z,_Z,CP105,XDC,V,N,T0117,2023,19.492,,F,1,A,6,EUR
OECD.SDD.NAD:DSD_NAMAIN10@DF_TABLE5(1.0),A,LTU,S14,S1,P31DC,_Z,_Z,CP03,XDC,V,N,T0117,2023,1849.526,,F,1,A,6,EUR
OECD.SDD.NAD:DSD_NAMAIN10@DF_TABLE5(1.0),A,LTU,S14,S1,P31DC,_Z,_Z,CP094,XDC,V,N,T0117,2023,1203.508,,F,1,A,6,EUR
OECD.SDD.NAD:DSD_NAMAIN10@DF_TABLE5(1.0),A,LTU,S14,S1,P31DC,_Z,_Z,CP032,XDC,V,N,T0117,2023,453.292,,F,1,A,6,EUR
OECD.SDD.NAD:DSD_NAMAIN10@DF_TABLE5(1.0),A,LTU,S14,S1,P31DC,_Z,_Z,CP053,XDC,V,N,T0117,2023,531.515,,F,1,A,6,EUR
OECD.SDD.NAD:DSD_NAMAIN10@DF_TABLE5(1.0),A,LTU,S14,S1,P31DC,_Z,_Z,CP02,XDC,V,N,T0117,2023,2237.072,,F,1,A,6,EUR
OECD.SDD.NAD:DSD_NAMAIN10@DF_TABLE5(1.0),A,LTU,S14,S1,P31DC,_Z,_Z,CP051,XDC,V,N,T0117,2023,716.556,,F,1,A,6,EUR
OECD.SDD.NAD:DSD_NAMAIN10@DF_TABLE5(1.0),A,LTU,S14,S1,P31DC,_Z,_Z,CP123,XDC,V,N,T0117,2023,705.872,,F,1,A,6,EUR
OECD.SDD.NAD:DSD_NAMAIN10@DF_TABLE5(1.0),A,LTU,S14,S1,P31DC,_Z,_Z,CP12,XDC,V,N,T0117,2023,4993.124,,F,1,A,6,EUR
OECD.SDD.NAD:DSD_NAMAIN10@DF_TABLE5(1.0),A,LTU,S14,S1,P31DC,_Z,_Z,CP043,XDC,V,N,T0117,2023,702.42,,F,1,A,6,EUR
OECD.SDD.NAD:DSD_NAMAIN10@DF_TABLE5(1.0),A,LTU,S14,S1,P31DC,_Z,_Z,CP09,XDC,V,N,T0117,2023,3479.29,,F,1,A,6,EUR
OECD.SDD.NAD:DSD_NAMAIN10@DF_TABLE5(1.0),A,LTU,S14,S1,P31DC,_Z,_Z,CP022,XDC,V,N,T0117,2023,792.993,,F,1,A,6,EUR
OECD.SDD.NAD:DSD_NAMAIN10@DF_TABLE5(1.0),A,LTU,S14,S1,P31DC,_Z,_Z,CP102,XDC,V,N,T0117,2023,34.319,,F,1,A,6,EUR
OECD.SDD.NAD:DSD_NAMAIN10@DF_TABLE5(1.0),A,LTU,S14,S1,P31DC,_Z,_Z,CP092,XDC,V,N,T0117,2023,22.218,,F,1,A,6,EUR
OECD.SDD.NAD:DSD_NAMAIN10@DF_TABLE5(1.0),A,SVN,S14,S1,P31DC,_Z,_Z,CP12,XDC,V,N,T0117,2021,2867.777,,F,1,A,6,EUR
OECD.SDD.NAD:DSD_NAMAIN10@DF_TABLE5(1.0),A,SVN,S14,S1,P31DC,_Z,_Z,CP051,XDC,V,N,T0117,2021,496.998,,F,1,A,6,EUR
OECD.SDD.NAD:DSD_NAMAIN10@DF_TABLE5(1.0),A,SVN,S14,S1,P31DC,_Z,_Z,CP083,XDC,V,N,T0117,2021,627.622,,F,1,A,6,EUR
OECD.SDD.NAD:DSD_NAMAIN10@DF_TABLE5(1.0),A,SVN,S14,S1,P31DC,_Z,_Z,CP111,XDC,V,N,T0117,2021,1263.969,,F,1,A,6,EUR
OECD.SDD.NAD:DSD_NAMAIN10@DF_TABLE5(1.0),A,SVN,S14,S1,P31DC,_Z,_Z,CP01,XDC,V,N,T0117,2021,3908.486,,F,1,A,6,EUR
OECD.SDD.NAD:DSD_NAMAIN10@DF_TABLE5(1.0),A,SVN,S14,S1,P31DC,_Z,_Z,CP094,XDC,V,N,T0117,2021,740.08,,F,1,A,6,EUR
OECD.SDD.NAD:DSD_NAMAIN10@DF_TABLE5(1.0),A,SVN,S14,S1,P31DC,_Z,_Z,CP045,XDC,V,N,T0117,2021,1456.301,,F,1,A,6,EUR
OECD.SDD.NAD:DSD_NAMAIN10@DF_TABLE5(1.0),A,SVN,S14,S1,P31DC,_Z,_Z,CP102,XDC,V,N,T0117,2021,26.582,,F,1,A,6,EUR
OECD.SDD.NAD:DSD_NAMAIN10@DF_TABLE5(1.0),A,SVN,S14,S1,P31DC,_Z,_Z,CP122_127,XDC,V,N,T0117,2021,379.79,,F,1,A,6,EUR
OECD.SDD.NAD:DSD_NAMAIN10@DF_TABLE5(1.0),A,SVN,S14,S1,P31DC,_Z,_Z,CP072,XDC,V,N,T0117,2021,2911.147,,F,1,A,6,EUR
OECD.SDD.NAD:DSD_NAMAIN10@DF_TABLE5(1.0),A,SVN,S14,S1,P31DC,_Z,_Z,CP104,XDC,V,N,T0117,2021,111.017,,F,1,A,6,EUR
OECD.SDD.NAD:DSD_NAMAIN10@DF_TABLE5(1.0),A,SVN,S14,S1,P31DC,_Z,_Z,CP032,XDC,V,N,T0117,2021,304.32,,F,1,A,6,EUR
OECD.SDD.NAD:DSD_NAMAIN10@DF_TABLE5(1.0),A,SVN,S14,S1,P31DC,_Z,_Z,CP03,XDC,V,N,T0117,2021,1520.185,,F,1,A,6,EUR
OECD.SDD.NAD:DSD_NAMAIN10@DF_TABLE5(1.0),A,SVN,S14,S1,P31DC,_Z,_Z,CP125,XDC,V,N,T0117,2021,749.762,,F,1,A,6,EUR
OECD.SDD.NAD:DSD_NAMAIN10@DF_TABLE5(1.0),A,SVN,S14,S1,P31DC,_Z,_Z,CP021,XDC,V,N,T0117,2021,426.611,,F,1,A,6,EUR
OECD.SDD.NAD:DSD_NAMAIN10@DF_TABLE5(1.0),A,SVN,S14,S1,P31DC,_Z,_Z,CP121,XDC,V,N,T0117,2021,659.148,,F,1,A,6,EUR
OECD.SDD.NAD:DSD_NAMAIN10@DF_TABLE5(1.0),A,SVN,S14,S1,P31DC,_Z,_Z,CP056,XDC,V,N,T0117,2021,283.174,,F,1,A,6,EUR
OECD.SDD.NAD:DSD_NAMAIN10@DF_TABLE5(1.0),A,SVN,S14,S1,P31DC,_Z,_Z,CP06,XDC,V,N,T0117,2021,1171.546,,F,1,A,6,EUR
OECD.SDD.NAD:DSD_NAMAIN10@DF_TABLE5(1.0),A,SVN,S14,S1,P31DC,_Z,_Z,CP095,XDC,V,N,T0117,2021,164.097,,F,1,A,6,EUR
OECD.SDD.NAD:DSD_NAMAIN10@DF_TABLE5(1.0),A,SVN,S14,S1,P31DC,_Z,_Z,CP04,XDC,V,N,T0117,2021,5229.876,,F,1,A,6,EUR
OECD.SDD.NAD:DSD_NAMAIN10@DF_TABLE5(1.0),A,SVN,S14,S1,P31DC,_Z,_Z,CP062,XDC,V,N,T0117,2021,515.042,,F,1,A,6,EUR
OECD.SDD.NAD:DSD_NAMAIN10@DF_TABLE5(1.0),A,SVN,S14,S1,P31DC,_Z,_Z,CP055,XDC,V,N,T0117,2021,203.192,,F,1,A,6,EUR
OECD.SDD.NAD:DSD_NAMAIN10@DF_TABLE5(1.0),A,SVN,S14,S1,P31DC,_Z,_Z,CP122,XDC,V,N,T0117,2021,99.205,,F,1,A,6,EUR
OECD.SDD.NAD:DSD_NAMAIN10@DF_TABLE5(1.0),A,SVN,S14,S1,P31DC,_Z,_Z,CP081,XDC,V,N,T0117,2021,21.244,,F,1,A,6,EUR
OECD.SDD.NAD:DSD_NAMAIN10@DF_TABLE5(1.0),A,SVN,S14,S1,P31DC,_Z,_Z,CP044,XDC,V,N,T0117,2021,672.803,,F,1,A,6,EUR
OECD.SDD.NAD:DSD_NAMAIN10@DF_TABLE5(1.0),A,SVN,S14,S1,P31DC,_Z,_Z,CP043,XDC,V,N,T0117,2021,108.176,,F,1,A,6,EUR
OECD.SDD.NAD:DSD_NAMAIN10@DF_TABLE5(1.0),A,SVN,S14,S1,P31DC,_Z,_Z,CP022,XDC,V,N,T0117,2021,724.511,,F,1,A,6,EUR
OECD.SDD.NAD:DSD_NAMAIN10@DF_TABLE5(1.0),A,SVN,S14,S1,P31DC,_Z,_Z,CP071,XDC,V,N,T0117,2021,1589.922,,F,1,A,6,EUR
OECD.SDD.NAD:DSD_NAMAIN10@DF_TABLE5(1.0),A,SVN,S14,S1,P31DC,_Z,_Z,CP124,XDC,V,N,T0117,2021,301.957,,F,1,A,6,EUR
OECD.SDD.NAD:DSD_NAMAIN10@DF_TABLE5(1.0),A,SVN,S14,S1,P31DC,_Z,_Z,_T,XDC,V,N,T0117,2021,27174.32,,F,1,A,6,EUR
OECD.SDD.NAD:DSD_NAMAIN10@DF_TABLE5(1.0),A,SVN,S14,S1,P31DC,_Z,_Z,CP101,XDC,V,N,T0117,2021,102.363,,F,1,A,6,EUR
OECD.SDD.NAD:DSD_NAMAIN10@DF_TABLE5(1.0),A,SVN,S14,S1,P31DC,_Z,_Z,CP08,XDC,V,N,T0117,2021,807.311,,F,1,A,6,EUR
OECD.SDD.NAD:DSD_NAMAIN10@DF_TABLE5(1.0),A,SVN,S14,S1,P31DC,_Z,_Z,CP052,XDC,V,N,T0117,2021,77.476,,F,1,A,6,EUR
OECD.SDD.NAD:DSD_NAMAIN10@DF_TABLE5(1.0),A,SVN,S14,S1,P31DC,_Z,_Z,CP091,XDC,V,N,T0117,2021,325.172,,F,1,A,6,EUR
OECD.SDD.NAD:DSD_NAMAIN10@DF_TABLE5(1.0),A,SVN,S14,S1,P31DC,_Z,_Z,CP05,XDC,V,N,T0117,2021,1515.673,,F,1,A,6,EUR
OECD.SDD.NAD:DSD_NAMAIN10@DF_TABLE5(1.0),A,SVN,S14,S1,P31DC,_Z,_Z,CP11,XDC,V,N,T0117,2021,1710.528,,F,1,A,6,EUR
OECD.SDD.NAD:DSD_NAMAIN10@DF_TABLE5(1.0),A,SVN,S14,S1,P31DC,_Z,_Z,CP123,XDC,V,N,T0117,2021,107.84,,F,1,A,6,EUR
OECD.SDD.NAD:DSD_NAMAIN10@DF_TABLE5(1.0),A,SVN,S14,S1,P31DC,_Z,_Z,CP07,XDC,V,N,T0117,2021,4659.072,,F,1,A,6,EUR
OECD.SDD.NAD:DSD_NAMAIN10@DF_TABLE5(1.0),A,SVN,S14,S1,P31DC,_Z,_Z,CP09,XDC,V,N,T0117,2021,2182.377,,F,1,A,6,EUR
OECD.SDD.NAD:DSD_NAMAIN10@DF_TABLE5(1.0),A,SVN,S14,S1,P31DC,_Z,_Z,CP02,XDC,V,N,T0117,2021,1268.893,,F,1,A,6,EUR
OECD.SDD.NAD:DSD_NAMAIN10@DF_TABLE5(1.0),A,SVN,S14,S1,P31DC,_Z,_Z,CP042,XDC,V,N,T0117,2021,2842.456,,F,1,A,6,EUR
OECD.SDD.NAD:DSD_NAMAIN10@DF_TABLE5(1.0),A,SVN,S14,S1,P31DC,_Z,_Z,CP10,XDC,V,N,T0117,2021,332.595,,F,1,A,6,EUR
OECD.SDD.NAD:DSD_NAMAIN10@DF_TABLE5(1.0),A,SVN,S14,S1,P31DC,_Z,_Z,CP093,XDC,V,N,T0117,2021,687.995,,F,1,A,6,EUR
OECD.SDD.NAD:DSD_NAMAIN10@DF_TABLE5(1.0),A,SVN,S14,S1,P31DC,_Z,_Z,CP082,XDC,V,N,T0117,2021,158.445,,F,1,A,6,EUR
OECD.SDD.NAD:DSD_NAMAIN10@DF_TABLE5(1.0),A,SVN,S14,S1,P31DC,_Z,_Z,CP103,XDC,V,N,T0117,2021,0,,F,1,A,6,EUR
OECD.SDD.NAD:DSD_NAMAIN10@DF_TABLE5(1.0),A,SVN,S14,S1,P31DC,_Z,_Z,CP041,XDC,V,N,T0117,2021,150.139,,F,1,A,6,EUR
OECD.SDD.NAD:DSD_NAMAIN10@DF_TABLE5(1.0),A,SVN,S14,S1,P31DC,_Z,_Z,CP061,XDC,V,N,T0117,2021,535.826,,F,1,A,6,EUR
OECD.SDD.NAD:DSD_NAMAIN10@DF_TABLE5(1.0),A,SVN,S14,S1,P31DC,_Z,_Z,CP012,XDC,V,N,T0117,2021,393.609,,F,1,A,6,EUR
OECD.SDD.NAD:DSD_NAMAIN10@DF_TABLE5(1.0),A,SVN,S14,S1,P31DC,_Z,_Z,CP105,XDC,V,N,T0117,2021,92.634,,F,1,A,6,EUR
OECD.SDD.NAD:DSD_NAMAIN10@DF_TABLE5(1.0),A,SVN,S14,S1,P31DC,_Z,_Z,CP112,XDC,V,N,T0117,2021,446.559,,F,1,A,6,EUR
OECD.SDD.NAD:DSD_NAMAIN10@DF_TABLE5(1.0),A,SVN,S14,S1,P31DC,_Z,_Z,CP023,XDC,V,N,T0117,2021,117.77,,F,1,A,6,EUR
OECD.SDD.NAD:DSD_NAMAIN10@DF_TABLE5(1.0),A,SVN,S14,S1,P31DC,_Z,_Z,CP092,XDC,V,N,T0117,2021,65.597,,F,1,A,6,EUR
OECD.SDD.NAD:DSD_NAMAIN10@DF_TABLE5(1.0),A,SVN,S14,S1,P31DC,_Z,_Z,CP011,XDC,V,N,T0117,2021,3514.877,,F,1,A,6,EUR
OECD.SDD.NAD:DSD_NAMAIN10@DF_TABLE5(1.0),A,SVN,S14,S1,P31DC,_Z,_Z,CP054,XDC,V,N,T0117,2021,113.52,,F,1,A,6,EUR
OECD.SDD.NAD:DSD_NAMAIN10@DF_TABLE5(1.0),A,SVN,S14,S1,P31DC,_Z,_Z,CP127,XDC,V,N,T0117,2021,280.586,,F,1,A,6,EUR
OECD.SDD.NAD:DSD_NAMAIN10@DF_TABLE5(1.0),A,SVN,S14,S1,P31DC,_Z,_Z,CP053,XDC,V,N,T0117,2021,341.314,,F,1,A,6,EUR
OECD.SDD.NAD:DSD_NAMAIN10@DF_TABLE5(1.0),A,SVN,S14,S1,P31DC,_Z,_Z,CP063,XDC,V,N,T0117,2021,120.677,,F,1,A,6,EUR
OECD.SDD.NAD:DSD_NAMAIN10@DF_TABLE5(1.0),A,SVN,S14,S1,P31DC,_Z,_Z,CP096,XDC,V,N,T0117,2021,199.436,,F,1,A,6,EUR
OECD.SDD.NAD:DSD_NAMAIN10@DF_TABLE5(1.0),A,SVN,S14,S1,P31DC,_Z,_Z,CP126,XDC,V,N,T0117,2021,669.28,,F,1,A,6,EUR
OECD.SDD.NAD:DSD_NAMAIN10@DF_TABLE5(1.0),A,SVN,S14,S1,P31DC,_Z,_Z,CP031,XDC,V,N,T0117,2021,1215.866,,F,1,A,6,EUR
OECD.SDD.NAD:DSD_NAMAIN10@DF_TABLE5(1.0),A,SVN,S14,S1,P31DC,_Z,_Z,CP073,XDC,V,N,T0117,2021,158.003,,F,1,A,6,EUR
OECD.SDD.NAD:DSD_NAMAIN10@DF_TABLE5(1.0),A,SVN,S14,S1,P31DC,_Z,_Z,CP10,XDC,V,N,T0117,2022,352.901,,F,1,A,6,EUR
OECD.SDD.NAD:DSD_NAMAIN10@DF_TABLE5(1.0),A,SVN,S14,S1,P31DC,_Z,_Z,CP093,XDC,V,N,T0117,2022,832.555,,F,1,A,6,EUR
OECD.SDD.NAD:DSD_NAMAIN10@DF_TABLE5(1.0),A,SVN,S14,S1,P31DC,_Z,_Z,CP082,XDC,V,N,T0117,2022,151.708,,F,1,A,6,EUR
OECD.SDD.NAD:DSD_NAMAIN10@DF_TABLE5(1.0),A,SVN,S14,S1,P31DC,_Z,_Z,CP103,XDC,V,N,T0117,2022,0,,F,1,A,6,EUR
OECD.SDD.NAD:DSD_NAMAIN10@DF_TABLE5(1.0),A,SVN,S14,S1,P31DC,_Z,_Z,CP041,XDC,V,N,T0117,2022,182.389,,F,1,A,6,EUR
OECD.SDD.NAD:DSD_NAMAIN10@DF_TABLE5(1.0),A,SVN,S14,S1,P31DC,_Z,_Z,CP061,XDC,V,N,T0117,2022,644.976,,F,1,A,6,EUR
OECD.SDD.NAD:DSD_NAMAIN10@DF_TABLE5(1.0),A,SVN,S14,S1,P31DC,_Z,_Z,CP012,XDC,V,N,T0117,2022,445.929,,F,1,A,6,EUR
OECD.SDD.NAD:DSD_NAMAIN10@DF_TABLE5(1.0),A,SVN,S14,S1,P31DC,_Z,_Z,CP105,XDC,V,N,T0117,2022,107.607,,F,1,A,6,EUR
OECD.SDD.NAD:DSD_NAMAIN10@DF_TABLE5(1.0),A,SVN,S14,S1,P31DC,_Z,_Z,CP112,XDC,V,N,T0117,2022,654.991,,F,1,A,6,EUR
OECD.SDD.NAD:DSD_NAMAIN10@DF_TABLE5(1.0),A,SVN,S14,S1,P31DC,_Z,_Z,CP023,XDC,V,N,T0117,2022,115.926,,F,1,A,6,EUR
OECD.SDD.NAD:DSD_NAMAIN10@DF_TABLE5(1.0),A,SVN,S14,S1,P31DC,_Z,_Z,CP063,XDC,V,N,T0117,2022,153.96,,F,1,A,6,EUR
OECD.SDD.NAD:DSD_NAMAIN10@DF_TABLE5(1.0),A,SVN,S14,S1,P31DC,_Z,_Z,CP096,XDC,V,N,T0117,2022,465.584,,F,1,A,6,EUR
OECD.SDD.NAD:DSD_NAMAIN10@DF_TABLE5(1.0),A,SVN,S14,S1,P31DC,_Z,_Z,CP126,XDC,V,N,T0117,2022,786.476,,F,1,A,6,EUR
OECD.SDD.NAD:DSD_NAMAIN10@DF_TABLE5(1.0),A,SVN,S14,S1,P31DC,_Z,_Z,CP031,XDC,V,N,T0117,2022,1401.485,,F,1,A,6,EUR
OECD.SDD.NAD:DSD_NAMAIN10@DF_TABLE5(1.0),A,SVN,S14,S1,P31DC,_Z,_Z,CP073,XDC,V,N,T0117,2022,237.79,,F,1,A,6,EUR
OECD.SDD.NAD:DSD_NAMAIN10@DF_TABLE5(1.0),A,SVN,S14,S1,P31DC,_Z,_Z,CP092,XDC,V,N,T0117,2022,73.294,,F,1,A,6,EUR
OECD.SDD.NAD:DSD_NAMAIN10@DF_TABLE5(1.0),A,SVN,S14,S1,P31DC,_Z,_Z,CP011,XDC,V,N,T0117,2022,3980.789,,F,1,A,6,EUR
OECD.SDD.NAD:DSD_NAMAIN10@DF_TABLE5(1.0),A,SVN,S14,S1,P31DC,_Z,_Z,CP054,XDC,V,N,T0117,2022,127.506,,F,1,A,6,EUR
OECD.SDD.NAD:DSD_NAMAIN10@DF_TABLE5(1.0),A,SVN,S14,S1,P31DC,_Z,_Z,CP127,XDC,V,N,T0117,2022,330.812,,F,1,A,6,EUR
OECD.SDD.NAD:DSD_NAMAIN10@DF_TABLE5(1.0),A,SVN,S14,S1,P31DC,_Z,_Z,CP053,XDC,V,N,T0117,2022,376.96,,F,1,A,6,EUR
OECD.SDD.NAD:DSD_NAMAIN10@DF_TABLE5(1.0),A,SVN,S14,S1,P31DC,_Z,_Z,CP091,XDC,V,N,T0117,2022,333.005,,F,1,A,6,EUR
OECD.SDD.NAD:DSD_NAMAIN10@DF_TABLE5(1.0),A,SVN,S14,S1,P31DC,_Z,_Z,CP11,XDC,V,N,T0117,2022,2459.892,,F,1,A,6,EUR
OECD.SDD.NAD:DSD_NAMAIN10@DF_TABLE5(1.0),A,SVN,S14,S1,P31DC,_Z,_Z,CP05,XDC,V,N,T0117,2022,1593.343,,F,1,A,6,EUR
OECD.SDD.NAD:DSD_NAMAIN10@DF_TABLE5(1.0),A,SVN,S14,S1,P31DC,_Z,_Z,CP123,XDC,V,N,T0117,2022,124.647,,F,1,A,6,EUR
OECD.SDD.NAD:DSD_NAMAIN10@DF_TABLE5(1.0),A,SVN,S14,S1,P31DC,_Z,_Z,CP07,XDC,V,N,T0117,2022,5537.714,,F,1,A,6,EUR
OECD.SDD.NAD:DSD_NAMAIN10@DF_TABLE5(1.0),A,SVN,S14,S1,P31DC,_Z,_Z,CP09,XDC,V,N,T0117,2022,2817.447,,F,1,A,6,EUR
OECD.SDD.NAD:DSD_NAMAIN10@DF_TABLE5(1.0),A,SVN,S14,S1,P31DC,_Z,_Z,CP02,XDC,V,N,T0117,2022,1427.134,,F,1,A,6,EUR
OECD.SDD.NAD:DSD_NAMAIN10@DF_TABLE5(1.0),A,SVN,S14,S1,P31DC,_Z,_Z,CP042,XDC,V,N,T0117,2022,3205.235,,F,1,A,6,EUR
OECD.SDD.NAD:DSD_NAMAIN10@DF_TABLE5(1.0),A,SVN,S14,S1,P31DC,_Z,_Z,CP101,XDC,V,N,T0117,2022,105.827,,F,1,A,6,EUR
OECD.SDD.NAD:DSD_NAMAIN10@DF_TABLE5(1.0),A,SVN,S14,S1,P31DC,_Z,_Z,CP08,XDC,V,N,T0117,2022,783.568,,F,1,A,6,EUR
OECD.SDD.NAD:DSD_NAMAIN10@DF_TABLE5(1.0),A,SVN,S14,S1,P31DC,_Z,_Z,CP052,XDC,V,N,T0117,2022,87.737,,F,1,A,6,EUR
OECD.SDD.NAD:DSD_NAMAIN10@DF_TABLE5(1.0),A,SVN,S14,S1,P31DC,_Z,_Z,CP071,XDC,V,N,T0117,2022,1638.945,,F,1,A,6,EUR
OECD.SDD.NAD:DSD_NAMAIN10@DF_TABLE5(1.0),A,SVN,S14,S1,P31DC,_Z,_Z,CP124,XDC,V,N,T0117,2022,295.093,,F,1,A,6,EUR
OECD.SDD.NAD:DSD_NAMAIN10@DF_TABLE5(1.0),A,SVN,S14,S1,P31DC,_Z,_Z,_T,XDC,V,N,T0117,2022,31689.171,,F,1,A,6,EUR
OECD.SDD.NAD:DSD_NAMAIN10@DF_TABLE5(1.0),A,SVN,S14,S1,P31DC,_Z,_Z,CP111,XDC,V,N,T0117,2022,1804.901,,F,1,A,6,EUR
OECD.SDD.NAD:DSD_NAMAIN10@DF_TABLE5(1.0),A,SVN,S14,S1,P31DC,_Z,_Z,CP01,XDC,V,N,T0117,2022,4426.718,,F,1,A,6,EUR
OECD.SDD.NAD:DSD_NAMAIN10@DF_TABLE5(1.0),A,SVN,S14,S1,P31DC,_Z,_Z,CP094,XDC,V,N,T0117,2022,913.55,,F,1,A,6,EUR
OECD.SDD.NAD:DSD_NAMAIN10@DF_TABLE5(1.0),A,SVN,S14,S1,P31DC,_Z,_Z,CP045,XDC,V,N,T0117,2022,1741.176,,F,1,A,6,EUR
OECD.SDD.NAD:DSD_NAMAIN10@DF_TABLE5(1.0),A,SVN,S14,S1,P31DC,_Z,_Z,CP12,XDC,V,N,T0117,2022,3220.217,,F,1,A,6,EUR
OECD.SDD.NAD:DSD_NAMAIN10@DF_TABLE5(1.0),A,SVN,S14,S1,P31DC,_Z,_Z,CP051,XDC,V,N,T0117,2022,462.962,,F,1,A,6,EUR
OECD.SDD.NAD:DSD_NAMAIN10@DF_TABLE5(1.0),A,SVN,S14,S1,P31DC,_Z,_Z,CP083,XDC,V,N,T0117,2022,612.069,,F,1,A,6,EUR
OECD.SDD.NAD:DSD_NAMAIN10@DF_TABLE5(1.0),A,SVN,S14,S1,P31DC,_Z,_Z,CP102,XDC,V,N,T0117,2022,27.203,,F,1,A,6,EUR
OECD.SDD.NAD:DSD_NAMAIN10@DF_TABLE5(1.0),A,SVN,S14,S1,P31DC,_Z,_Z,CP122_127,XDC,V,N,T0117,2022,413.497,,F,1,A,6,EUR
OECD.SDD.NAD:DSD_NAMAIN10@DF_TABLE5(1.0),A,SVN,S14,S1,P31DC,_Z,_Z,CP072,XDC,V,N,T0117,2022,3660.979,,F,1,A,6,EUR
OECD.SDD.NAD:DSD_NAMAIN10@DF_TABLE5(1.0),A,SVN,S14,S1,P31DC,_Z,_Z,CP104,XDC,V,N,T0117,2022,112.264,,F,1,A,6,EUR
OECD.SDD.NAD:DSD_NAMAIN10@DF_TABLE5(1.0),A,SVN,S14,S1,P31DC,_Z,_Z,CP032,XDC,V,N,T0117,2022,348.751,,F,1,A,6,EUR
OECD.SDD.NAD:DSD_NAMAIN10@DF_TABLE5(1.0),A,SVN,S14,S1,P31DC,_Z,_Z,CP03,XDC,V,N,T0117,2022,1750.237,,F,1,A,6,EUR
OECD.SDD.NAD:DSD_NAMAIN10@DF_TABLE5(1.0),A,SVN,S14,S1,P31DC,_Z,_Z,CP125,XDC,V,N,T0117,2022,824.034,,F,1,A,6,EUR
OECD.SDD.NAD:DSD_NAMAIN10@DF_TABLE5(1.0),A,SVN,S14,S1,P31DC,_Z,_Z,CP021,XDC,V,N,T0117,2022,461.672,,F,1,A,6,EUR
OECD.SDD.NAD:DSD_NAMAIN10@DF_TABLE5(1.0),A,SVN,S14,S1,P31DC,_Z,_Z,CP121,XDC,V,N,T0117,2022,776.469,,F,1,A,6,EUR
OECD.SDD.NAD:DSD_NAMAIN10@DF_TABLE5(1.0),A,SVN,S14,S1,P31DC,_Z,_Z,CP056,XDC,V,N,T0117,2022,330.096,,F,1,A,6,EUR
OECD.SDD.NAD:DSD_NAMAIN10@DF_TABLE5(1.0),A,SVN,S14,S1,P31DC,_Z,_Z,CP06,XDC,V,N,T0117,2022,1345.214,,F,1,A,6,EUR
OECD.SDD.NAD:DSD_NAMAIN10@DF_TABLE5(1.0),A,SVN,S14,S1,P31DC,_Z,_Z,CP095,XDC,V,N,T0117,2022,199.458,,F,1,A,6,EUR
OECD.SDD.NAD:DSD_NAMAIN10@DF_TABLE5(1.0),A,SVN,S14,S1,P31DC,_Z,_Z,CP04,XDC,V,N,T0117,2022,5974.787,,F,1,A,6,EUR
OECD.SDD.NAD:DSD_NAMAIN10@DF_TABLE5(1.0),A,SVN,S14,S1,P31DC,_Z,_Z,CP062,XDC,V,N,T0117,2022,546.279,,F,1,A,6,EUR
OECD.SDD.NAD:DSD_NAMAIN10@DF_TABLE5(1.0),A,SVN,S14,S1,P31DC,_Z,_Z,CP055,XDC,V,N,T0117,2022,208.08,,F,1,A,6,EUR
OECD.SDD.NAD:DSD_NAMAIN10@DF_TABLE5(1.0),A,SVN,S14,S1,P31DC,_Z,_Z,CP122,XDC,V,N,T0117,2022,82.685,,F,1,A,6,EUR
OECD.SDD.NAD:DSD_NAMAIN10@DF_TABLE5(1.0),A,SVN,S14,S1,P31DC,_Z,_Z,CP081,XDC,V,N,T0117,2022,19.791,,F,1,A,6,EUR
OECD.SDD.NAD:DSD_NAMAIN10@DF_TABLE5(1.0),A,SVN,S14,S1,P31DC,_Z,_Z,CP044,XDC,V,N,T0117,2022,720.481,,F,1,A,6,EUR
OECD.SDD.NAD:DSD_NAMAIN10@DF_TABLE5(1.0),A,SVN,S14,S1,P31DC,_Z,_Z,CP022,XDC,V,N,T0117,2022,849.535,,F,1,A,6,EUR
OECD.SDD.NAD:DSD_NAMAIN10@DF_TABLE5(1.0),A,SVN,S14,S1,P31DC,_Z,_Z,CP043,XDC,V,N,T0117,2022,125.507,,F,1,A,6,EUR
OECD.SDD.NAD:DSD_NAMAIN10@DF_TABLE5(1.0),A,SVK,S14,S1,P31DC,_Z,_Z,CP091,XDC,V,N,T0117,2021,958.254,,F,1,A,6,EUR
OECD.SDD.NAD:DSD_NAMAIN10@DF_TABLE5(1.0),A,SVK,S14,S1,P31DC,_Z,_Z,CP10,XDC,V,N,T0117,2021,729.929,,F,1,A,6,EUR
OECD.SDD.NAD:DSD_NAMAIN10@DF_TABLE5(1.0),A,SVK,S14,S1,P31DC,_Z,_Z,CP127,XDC,V,N,T0117,2021,84.768,,F,1,A,6,EUR
OECD.SDD.NAD:DSD_NAMAIN10@DF_TABLE5(1.0),A,SVK,S14,S1,P31DC,_Z,_Z,CP11,XDC,V,N,T0117,2021,2843.768,,F,1,A,6,EUR
OECD.SDD.NAD:DSD_NAMAIN10@DF_TABLE5(1.0),A,SVK,S14,S1,P31DC,_Z,_Z,CP121,XDC,V,N,T0117,2021,2371.748,,F,1,A,6,EUR
OECD.SDD.NAD:DSD_NAMAIN10@DF_TABLE5(1.0),A,SVK,S14,S1,P31DC,_Z,_Z,CP04,XDC,V,N,T0117,2021,16421.844,,F,1,A,6,EUR
OECD.SDD.NAD:DSD_NAMAIN10@DF_TABLE5(1.0),A,SVK,S14,S1,P31DC,_Z,_Z,CP011,XDC,V,N,T0117,2021,9982.878,,F,1,A,6,EUR
OECD.SDD.NAD:DSD_NAMAIN10@DF_TABLE5(1.0),A,SVK,S14,S1,P31DC,_Z,_Z,CP062,XDC,V,N,T0117,2021,506.6,,F,1,A,6,EUR
OECD.SDD.NAD:DSD_NAMAIN10@DF_TABLE5(1.0),A,SVK,S14,S1,P31DC,_Z,_Z,CP08,XDC,V,N,T0117,2021,1721.115,,F,1,A,6,EUR
OECD.SDD.NAD:DSD_NAMAIN10@DF_TABLE5(1.0),A,SVK,S14,S1,P31DC,_Z,_Z,CP082,XDC,V,N,T0117,2021,16.036,,F,1,A,6,EUR
OECD.SDD.NAD:DSD_NAMAIN10@DF_TABLE5(1.0),A,SVK,S14,S1,P31DC,_Z,_Z,CP063,XDC,V,N,T0117,2021,142.837,,F,1,A,6,EUR
OECD.SDD.NAD:DSD_NAMAIN10@DF_TABLE5(1.0),A,SVK,S14,S1,P31DC,_Z,_Z,CP06,XDC,V,N,T0117,2021,1556.753,,F,1,A,6,EUR
OECD.SDD.NAD:DSD_NAMAIN10@DF_TABLE5(1.0),A,SVK,S14,S1,P31DC,_Z,_Z,CP051,XDC,V,N,T0117,2021,987.279,,F,1,A,6,EUR
OECD.SDD.NAD:DSD_NAMAIN10@DF_TABLE5(1.0),A,SVK,S14,S1,P31DC,_Z,_Z,CP111,XDC,V,N,T0117,2021,2652.364,,F,1,A,6,EUR
OECD.SDD.NAD:DSD_NAMAIN10@DF_TABLE5(1.0),A,SVK,S14,S1,P31DC,_Z,_Z,CP072,XDC,V,N,T0117,2021,1790.336,,F,1,A,6,EUR
OECD.SDD.NAD:DSD_NAMAIN10@DF_TABLE5(1.0),A,SVK,S14,S1,P31DC,_Z,_Z,CP041,XDC,V,N,T0117,2021,958.15,,F,1,A,6,EUR
OECD.SDD.NAD:DSD_NAMAIN10@DF_TABLE5(1.0),A,SVK,S14,S1,P31DC,_Z,_Z,CP126,XDC,V,N,T0117,2021,1169.229,,F,1,A,6,EUR
OECD.SDD.NAD:DSD_NAMAIN10@DF_TABLE5(1.0),A,SVK,S14,S1,P31DC,_Z,_Z,CP122,XDC,V,N,T0117,2021,47.68,,F,1,A,6,EUR
OECD.SDD.NAD:DSD_NAMAIN10@DF_TABLE5(1.0),A,SVK,S14,S1,P31DC,_Z,_Z,CP105,XDC,V,N,T0117,2021,416.093,,F,1,A,6,EUR
OECD.SDD.NAD:DSD_NAMAIN10@DF_TABLE5(1.0),A,SVK,S14,S1,P31DC,_Z,_Z,CP02,XDC,V,N,T0117,2021,2881.037,,F,1,A,6,EUR
OECD.SDD.NAD:DSD_NAMAIN10@DF_TABLE5(1.0),A,SVK,S14,S1,P31DC,_Z,_Z,CP055,XDC,V,N,T0117,2021,196.852,,F,1,A,6,EUR
OECD.SDD.NAD:DSD_NAMAIN10@DF_TABLE5(1.0),A,SVK,S14,S1,P31DC,_Z,_Z,CP031,XDC,V,N,T0117,2021,1684.765,,F,1,A,6,EUR
OECD.SDD.NAD:DSD_NAMAIN10@DF_TABLE5(1.0),A,SVK,S14,S1,P31DC,_Z,_Z,CP042,XDC,V,N,T0117,2021,9196.906,,F,1,A,6,EUR
OECD.SDD.NAD:DSD_NAMAIN10@DF_TABLE5(1.0),A,SVK,S14,S1,P31DC,_Z,_Z,CP07,XDC,V,N,T0117,2021,2872.159,,F,1,A,6,EUR
OECD.SDD.NAD:DSD_NAMAIN10@DF_TABLE5(1.0),A,SVK,S14,S1,P31DC,_Z,_Z,CP101,XDC,V,N,T0117,2021,89.607,,F,1,A,6,EUR
OECD.SDD.NAD:DSD_NAMAIN10@DF_TABLE5(1.0),A,SVK,S14,S1,P31DC,_Z,_Z,CP054,XDC,V,N,T0117,2021,258.877,,F,1,A,6,EUR
OECD.SDD.NAD:DSD_NAMAIN10@DF_TABLE5(1.0),A,SVK,S14,S1,P31DC,_Z,_Z,CP122_127,XDC,V,N,T0117,2021,132.448,,F,1,A,6,EUR
OECD.SDD.NAD:DSD_NAMAIN10@DF_TABLE5(1.0),A,SVK,S14,S1,P31DC,_Z,_Z,CP01,XDC,V,N,T0117,2021,10832.243,,F,1,A,6,EUR
OECD.SDD.NAD:DSD_NAMAIN10@DF_TABLE5(1.0),A,SVK,S14,S1,P31DC,_Z,_Z,CP03,XDC,V,N,T0117,2021,2377.589,,F,1,A,6,EUR
OECD.SDD.NAD:DSD_NAMAIN10@DF_TABLE5(1.0),A,SVK,S14,S1,P31DC,_Z,_Z,CP05,XDC,V,N,T0117,2021,3518.347,,F,1,A,6,EUR
OECD.SDD.NAD:DSD_NAMAIN10@DF_TABLE5(1.0),A,SVK,S14,S1,P31DC,_Z,_Z,CP071,XDC,V,N,T0117,2021,639.278,,F,1,A,6,EUR
OECD.SDD.NAD:DSD_NAMAIN10@DF_TABLE5(1.0),A,SVK,S14,S1,P31DC,_Z,_Z,CP081,XDC,V,N,T0117,2021,146.97,,F,1,A,6,EUR
OECD.SDD.NAD:DSD_NAMAIN10@DF_TABLE5(1.0),A,SVK,S14,S1,P31DC,_Z,_Z,CP053,XDC,V,N,T0117,2021,813.845,,F,1,A,6,EUR
OECD.SDD.NAD:DSD_NAMAIN10@DF_TABLE5(1.0),A,SVK,S14,S1,P31DC,_Z,_Z,CP061,XDC,V,N,T0117,2021,907.316,,F,1,A,6,EUR
OECD.SDD.NAD:DSD_NAMAIN10@DF_TABLE5(1.0),A,SVK,S14,S1,P31DC,_Z,_Z,CP094,XDC,V,N,T0117,2021,1610.141,,F,1,A,6,EUR
OECD.SDD.NAD:DSD_NAMAIN10@DF_TABLE5(1.0),A,SVK,S14,S1,P31DC,_Z,_Z,CP012,XDC,V,N,T0117,2021,849.365,,F,1,A,6,EUR
OECD.SDD.NAD:DSD_NAMAIN10@DF_TABLE5(1.0),A,SVK,S14,S1,P31DC,_Z,_Z,CP045,XDC,V,N,T0117,2021,4707.952,,F,1,A,6,EUR
OECD.SDD.NAD:DSD_NAMAIN10@DF_TABLE5(1.0),A,SVK,S14,S1,P31DC,_Z,_Z,CP123,XDC,V,N,T0117,2021,244.315,,F,1,A,6,EUR
OECD.SDD.NAD:DSD_NAMAIN10@DF_TABLE5(1.0),A,SVK,S14,S1,P31DC,_Z,_Z,CP056,XDC,V,N,T0117,2021,1085.32,,F,1,A,6,EUR
OECD.SDD.NAD:DSD_NAMAIN10@DF_TABLE5(1.0),A,SVK,S14,S1,P31DC,_Z,_Z,CP092,XDC,V,N,T0117,2021,12.186,,F,1,A,6,EUR
OECD.SDD.NAD:DSD_NAMAIN10@DF_TABLE5(1.0),A,SVK,S14,S1,P31DC,_Z,_Z,CP093,XDC,V,N,T0117,2021,642.792,,F,1,A,6,EUR
OECD.SDD.NAD:DSD_NAMAIN10@DF_TABLE5(1.0),A,SVK,S14,S1,P31DC,_Z,_Z,CP124,XDC,V,N,T0117,2021,120.066,,F,1,A,6,EUR
OECD.SDD.NAD:DSD_NAMAIN10@DF_TABLE5(1.0),A,SVK,S14,S1,P31DC,_Z,_Z,CP095,XDC,V,N,T0117,2021,1042.976,,F,1,A,6,EUR
OECD.SDD.NAD:DSD_NAMAIN10@DF_TABLE5(1.0),A,SVK,S14,S1,P31DC,_Z,_Z,CP021,XDC,V,N,T0117,2021,1348.084,,F,1,A,6,EUR
OECD.SDD.NAD:DSD_NAMAIN10@DF_TABLE5(1.0),A,SVK,S14,S1,P31DC,_Z,_Z,CP102,XDC,V,N,T0117,2021,98.716,,F,1,A,6,EUR
OECD.SDD.NAD:DSD_NAMAIN10@DF_TABLE5(1.0),A,SVK,S14,S1,P31DC,_Z,_Z,CP052,XDC,V,N,T0117,2021,176.174,,F,1,A,6,EUR
OECD.SDD.NAD:DSD_NAMAIN10@DF_TABLE5(1.0),A,SVK,S14,S1,P31DC,_Z,_Z,CP073,XDC,V,N,T0117,2021,442.545,,F,1,A,6,EUR
OECD.SDD.NAD:DSD_NAMAIN10@DF_TABLE5(1.0),A,SVK,S14,S1,P31DC,_Z,_Z,CP023,XDC,V,N,T0117,2021,354.501,,F,1,A,6,EUR
OECD.SDD.NAD:DSD_NAMAIN10@DF_TABLE5(1.0),A,SVK,S14,S1,P31DC,_Z,_Z,CP083,XDC,V,N,T0117,2021,1558.109,,F,1,A,6,EUR
OECD.SDD.NAD:DSD_NAMAIN10@DF_TABLE5(1.0),A,SVK,S14,S1,P31DC,_Z,_Z,CP112,XDC,V,N,T0117,2021,191.404,,F,1,A,6,EUR
OECD.SDD.NAD:DSD_NAMAIN10@DF_TABLE5(1.0),A,SVK,S14,S1,P31DC,_Z,_Z,CP043,XDC,V,N,T0117,2021,449.251,,F,1,A,6,EUR
OECD.SDD.NAD:DSD_NAMAIN10@DF_TABLE5(1.0),A,SVK,S14,S1,P31DC,_Z,_Z,CP022,XDC,V,N,T0117,2021,1178.452,,F,1,A,6,EUR
OECD.SDD.NAD:DSD_NAMAIN10@DF_TABLE5(1.0),A,SVK,S14,S1,P31DC,_Z,_Z,CP103,XDC,V,N,T0117,2021,7.767,,F,1,A,6,EUR
OECD.SDD.NAD:DSD_NAMAIN10@DF_TABLE5(1.0),A,SVK,S14,S1,P31DC,_Z,_Z,CP044,XDC,V,N,T0117,2021,1109.585,,F,1,A,6,EUR
OECD.SDD.NAD:DSD_NAMAIN10@DF_TABLE5(1.0),A,SVK,S14,S1,P31DC,_Z,_Z,CP032,XDC,V,N,T0117,2021,692.824,,F,1,A,6,EUR
OECD.SDD.NAD:DSD_NAMAIN10@DF_TABLE5(1.0),A,SVK,S14,S1,P31DC,_Z,_Z,CP096,XDC,V,N,T0117,2021,186.105,,F,1,A,6,EUR
OECD.SDD.NAD:DSD_NAMAIN10@DF_TABLE5(1.0),A,SVK,S14,S1,P31DC,_Z,_Z,CP09,XDC,V,N,T0117,2021,4452.454,,F,1,A,6,EUR
OECD.SDD.NAD:DSD_NAMAIN10@DF_TABLE5(1.0),A,SVK,S14,S1,P31DC,_Z,_Z,CP104,XDC,V,N,T0117,2021,117.746,,F,1,A,6,EUR
OECD.SDD.NAD:DSD_NAMAIN10@DF_TABLE5(1.0),A,SVK,S14,S1,P31DC,_Z,_Z,CP101,XDC,V,N,T0117,2022,139.568,,F,1,A,6,EUR
OECD.SDD.NAD:DSD_NAMAIN10@DF_TABLE5(1.0),A,SVK,S14,S1,P31DC,_Z,_Z,CP054,XDC,V,N,T0117,2022,363.575,,F,1,A,6,EUR
OECD.SDD.NAD:DSD_NAMAIN10@DF_TABLE5(1.0),A,SVK,S14,S1,P31DC,_Z,_Z,CP042,XDC,V,N,T0117,2022,10539.061,,F,1,A,6,EUR
OECD.SDD.NAD:DSD_NAMAIN10@DF_TABLE5(1.0),A,SVK,S14,S1,P31DC,_Z,_Z,CP125,XDC,V,N,T0117,2022,1148.58,,F,1,A,6,EUR
OECD.SDD.NAD:DSD_NAMAIN10@DF_TABLE5(1.0),A,SVK,S14,S1,P31DC,_Z,_Z,CP07,XDC,V,N,T0117,2022,3591.651,,F,1,A,6,EUR
OECD.SDD.NAD:DSD_NAMAIN10@DF_TABLE5(1.0),A,SVK,S14,S1,P31DC,_Z,_Z,CP122_127,XDC,V,N,T0117,2022,136.201,,F,1,A,6,EUR
OECD.SDD.NAD:DSD_NAMAIN10@DF_TABLE5(1.0),A,SVK,S14,S1,P31DC,_Z,_Z,CP01,XDC,V,N,T0117,2022,11731.367,,F,1,A,6,EUR
OECD.SDD.NAD:DSD_NAMAIN10@DF_TABLE5(1.0),A,SVK,S14,S1,P31DC,_Z,_Z,CP03,XDC,V,N,T0117,2022,2607.593,,F,1,A,6,EUR
OECD.SDD.NAD:DSD_NAMAIN10@DF_TABLE5(1.0),A,SVK,S14,S1,P31DC,_Z,_Z,CP05,XDC,V,N,T0117,2022,4539.798,,F,1,A,6,EUR
OECD.SDD.NAD:DSD_NAMAIN10@DF_TABLE5(1.0),A,SVK,S14,S1,P31DC,_Z,_Z,CP071,XDC,V,N,T0117,2022,731.498,,F,1,A,6,EUR
OECD.SDD.NAD:DSD_NAMAIN10@DF_TABLE5(1.0),A,SVK,S14,S1,P31DC,_Z,_Z,CP081,XDC,V,N,T0117,2022,150.339,,F,1,A,6,EUR
OECD.SDD.NAD:DSD_NAMAIN10@DF_TABLE5(1.0),A,SVK,S14,S1,P31DC,_Z,_Z,CP053,XDC,V,N,T0117,2022,1063.805,,F,1,A,6,EUR
OECD.SDD.NAD:DSD_NAMAIN10@DF_TABLE5(1.0),A,SVK,S14,S1,P31DC,_Z,_Z,CP061,XDC,V,N,T0117,2022,971.378,,F,1,A,6,EUR
OECD.SDD.NAD:DSD_NAMAIN10@DF_TABLE5(1.0),A,SVK,S14,S1,P31DC,_Z,_Z,CP094,XDC,V,N,T0117,2022,2337.876,,F,1,A,6,EUR
OECD.SDD.NAD:DSD_NAMAIN10@DF_TABLE5(1.0),A,SVK,S14,S1,P31DC,_Z,_Z,CP012,XDC,V,N,T0117,2022,912.013,,F,1,A,6,EUR
OECD.SDD.NAD:DSD_NAMAIN10@DF_TABLE5(1.0),A,SVK,S14,S1,P31DC,_Z,_Z,CP045,XDC,V,N,T0117,2022,5209.959,,F,1,A,6,EUR
OECD.SDD.NAD:DSD_NAMAIN10@DF_TABLE5(1.0),A,SVK,S14,S1,P31DC,_Z,_Z,CP123,XDC,V,N,T0117,2022,244.075,,F,1,A,6,EUR
OECD.SDD.NAD:DSD_NAMAIN10@DF_TABLE5(1.0),A,SVK,S14,S1,P31DC,_Z,_Z,CP093,XDC,V,N,T0117,2022,773.313,,F,1,A,6,EUR
OECD.SDD.NAD:DSD_NAMAIN10@DF_TABLE5(1.0),A,SVK,S14,S1,P31DC,_Z,_Z,CP124,XDC,V,N,T0117,2022,124.585,,F,1,A,6,EUR
OECD.SDD.NAD:DSD_NAMAIN10@DF_TABLE5(1.0),A,SVK,S14,S1,P31DC,_Z,_Z,CP092,XDC,V,N,T0117,2022,23.689,,F,1,A,6,EUR
OECD.SDD.NAD:DSD_NAMAIN10@DF_TABLE5(1.0),A,SVK,S14,S1,P31DC,_Z,_Z,CP095,XDC,V,N,T0117,2022,1245.28,,F,1,A,6,EUR
OECD.SDD.NAD:DSD_NAMAIN10@DF_TABLE5(1.0),A,SVK,S14,S1,P31DC,_Z,_Z,CP021,XDC,V,N,T0117,2022,1552.114,,F,1,A,6,EUR
OECD.SDD.NAD:DSD_NAMAIN10@DF_TABLE5(1.0),A,SVK,S14,S1,P31DC,_Z,_Z,CP102,XDC,V,N,T0117,2022,153.756,,F,1,A,6,EUR
OECD.SDD.NAD:DSD_NAMAIN10@DF_TABLE5(1.0),A,SVK,S14,S1,P31DC,_Z,_Z,CP052,XDC,V,N,T0117,2022,225.082,,F,1,A,6,EUR
OECD.SDD.NAD:DSD_NAMAIN10@DF_TABLE5(1.0),A,SVK,S14,S1,P31DC,_Z,_Z,CP073,XDC,V,N,T0117,2022,640.007,,F,1,A,6,EUR
OECD.SDD.NAD:DSD_NAMAIN10@DF_TABLE5(1.0),A,SVK,S14,S1,P31DC,_Z,_Z,CP023,XDC,V,N,T0117,2022,367.793,,F,1,A,6,EUR
OECD.SDD.NAD:DSD_NAMAIN10@DF_TABLE5(1.0),A,SVK,S14,S1,P31DC,_Z,_Z,CP043,XDC,V,N,T0117,2022,613.739,,F,1,A,6,EUR
OECD.SDD.NAD:DSD_NAMAIN10@DF_TABLE5(1.0),A,SVK,S14,S1,P31DC,_Z,_Z,CP022,XDC,V,N,T0117,2022,1293.579,,F,1,A,6,EUR
OECD.SDD.NAD:DSD_NAMAIN10@DF_TABLE5(1.0),A,SVK,S14,S1,P31DC,_Z,_Z,CP103,XDC,V,N,T0117,2022,12.098,,F,1,A,6,EUR
OECD.SDD.NAD:DSD_NAMAIN10@DF_TABLE5(1.0),A,SVK,S14,S1,P31DC,_Z,_Z,CP044,XDC,V,N,T0117,2022,1252.023,,F,1,A,6,EUR
OECD.SDD.NAD:DSD_NAMAIN10@DF_TABLE5(1.0),A,SVK,S14,S1,P31DC,_Z,_Z,CP032,XDC,V,N,T0117,2022,796.582,,F,1,A,6,EUR
OECD.SDD.NAD:DSD_NAMAIN10@DF_TABLE5(1.0),A,SVK,S14,S1,P31DC,_Z,_Z,CP096,XDC,V,N,T0117,2022,430.831,,F,1,A,6,EUR
OECD.SDD.NAD:DSD_NAMAIN10@DF_TABLE5(1.0),A,SVK,S14,S1,P31DC,_Z,_Z,CP09,XDC,V,N,T0117,2022,5976.076,,F,1,A,6,EUR
OECD.SDD.NAD:DSD_NAMAIN10@DF_TABLE5(1.0),A,SVK,S14,S1,P31DC,_Z,_Z,CP104,XDC,V,N,T0117,2022,131.766,,F,1,A,6,EUR
OECD.SDD.NAD:DSD_NAMAIN10@DF_TABLE5(1.0),A,SVK,S14,S1,P31DC,_Z,_Z,CP083,XDC,V,N,T0117,2022,1647.427,,F,1,A,6,EUR
OECD.SDD.NAD:DSD_NAMAIN10@DF_TABLE5(1.0),A,SVK,S14,S1,P31DC,_Z,_Z,CP112,XDC,V,N,T0117,2022,344.133,,F,1,A,6,EUR
OECD.SDD.NAD:DSD_NAMAIN10@DF_TABLE5(1.0),A,SVK,S14,S1,P31DC,_Z,_Z,CP105,XDC,V,N,T0117,2022,403.484,,F,1,A,6,EUR
OECD.SDD.NAD:DSD_NAMAIN10@DF_TABLE5(1.0),A,SVK,S14,S1,P31DC,_Z,_Z,CP02,XDC,V,N,T0117,2022,3213.486,,F,1,A,6,EUR
OECD.SDD.NAD:DSD_NAMAIN10@DF_TABLE5(1.0),A,SVK,S14,S1,P31DC,_Z,_Z,CP055,XDC,V,N,T0117,2022,250.981,,F,1,A,6,EUR
OECD.SDD.NAD:DSD_NAMAIN10@DF_TABLE5(1.0),A,SVK,S14,S1,P31DC,_Z,_Z,CP031,XDC,V,N,T0117,2022,1811.011,,F,1,A,6,EUR
OECD.SDD.NAD:DSD_NAMAIN10@DF_TABLE5(1.0),A,SVK,S14,S1,P31DC,_Z,_Z,CP041,XDC,V,N,T0117,2022,1038.792,,F,1,A,6,EUR
OECD.SDD.NAD:DSD_NAMAIN10@DF_TABLE5(1.0),A,SVK,S14,S1,P31DC,_Z,_Z,CP126,XDC,V,N,T0117,2022,1308.234,,F,1,A,6,EUR
OECD.SDD.NAD:DSD_NAMAIN10@DF_TABLE5(1.0),A,SVK,S14,S1,P31DC,_Z,_Z,CP122,XDC,V,N,T0117,2022,48.731,,F,1,A,6,EUR
OECD.SDD.NAD:DSD_NAMAIN10@DF_TABLE5(1.0),A,SVK,S14,S1,P31DC,_Z,_Z,CP06,XDC,V,N,T0117,2022,1677.744,,F,1,A,6,EUR
OECD.SDD.NAD:DSD_NAMAIN10@DF_TABLE5(1.0),A,SVK,S14,S1,P31DC,_Z,_Z,CP051,XDC,V,N,T0117,2022,1317.869,,F,1,A,6,EUR
OECD.SDD.NAD:DSD_NAMAIN10@DF_TABLE5(1.0),A,SVK,S14,S1,P31DC,_Z,_Z,CP072,XDC,V,N,T0117,2022,2220.146,,F,1,A,6,EUR
OECD.SDD.NAD:DSD_NAMAIN10@DF_TABLE5(1.0),A,SVK,S14,S1,P31DC,_Z,_Z,CP10,XDC,V,N,T0117,2022,840.672,,F,1,A,6,EUR
OECD.SDD.NAD:DSD_NAMAIN10@DF_TABLE5(1.0),A,SVK,S14,S1,P31DC,_Z,_Z,CP127,XDC,V,N,T0117,2022,87.47,,F,1,A,6,EUR
OECD.SDD.NAD:DSD_NAMAIN10@DF_TABLE5(1.0),A,SVK,S14,S1,P31DC,_Z,_Z,CP121,XDC,V,N,T0117,2022,2659.877,,F,1,A,6,EUR
OECD.SDD.NAD:DSD_NAMAIN10@DF_TABLE5(1.0),A,SVK,S14,S1,P31DC,_Z,_Z,CP04,XDC,V,N,T0117,2022,18653.574,,F,1,A,6,EUR
OECD.SDD.NAD:DSD_NAMAIN10@DF_TABLE5(1.0),A,SVK,S14,S1,P31DC,_Z,_Z,CP091,XDC,V,N,T0117,2022,1165.087,,F,1,A,6,EUR
OECD.SDD.NAD:DSD_NAMAIN10@DF_TABLE5(1.0),A,SVK,S14,S1,P31DC,_Z,_Z,CP062,XDC,V,N,T0117,2022,552.216,,F,1,A,6,EUR
OECD.SDD.NAD:DSD_NAMAIN10@DF_TABLE5(1.0),A,SVK,S14,S1,P31DC,_Z,_Z,CP011,XDC,V,N,T0117,2022,10819.354,,F,1,A,6,EUR
OECD.SDD.NAD:DSD_NAMAIN10@DF_TABLE5(1.0),A,SVK,S14,S1,P31DC,_Z,_Z,CP12,XDC,V,N,T0117,2022,5621.552,,F,1,A,6,EUR
OECD.SDD.NAD:DSD_NAMAIN10@DF_TABLE5(1.0),A,SVK,S14,S1,P31DC,_Z,_Z,CP08,XDC,V,N,T0117,2022,1813.685,,F,1,A,6,EUR
OECD.SDD.NAD:DSD_NAMAIN10@DF_TABLE5(1.0),A,SVK,S14,S1,P31DC,_Z,_Z,CP082,XDC,V,N,T0117,2022,15.919,,F,1,A,6,EUR
OECD.SDD.NAD:DSD_NAMAIN10@DF_TABLE5(1.0),A,SVK,S14,S1,P31DC,_Z,_Z,CP063,XDC,V,N,T0117,2022,154.15,,F,1,A,6,EUR
OECD.SDD.NAD:DSD_NAMAIN10@DF_TABLE5(1.0),A,SVK,S14,S1,P31DC,_Z,_Z,CP056,XDC,V,N,T0117,2022,1318.486,,F,1,A,6,EUR
OECD.SDD.NAD:DSD_NAMAIN10@DF_TABLE5(1.0),A,SVK,S14,S1,P31DC,_Z,_Z,CP072,XDC,V,N,T0117,2023,2125.94,,F,1,A,6,EUR
OECD.SDD.NAD:DSD_NAMAIN10@DF_TABLE5(1.0),A,SVK,S14,S1,P31DC,_Z,_Z,CP051,XDC,V,N,T0117,2023,1286.891,,F,1,A,6,EUR
OECD.SDD.NAD:DSD_NAMAIN10@DF_TABLE5(1.0),A,SVK,S14,S1,P31DC,_Z,_Z,CP122,XDC,V,N,T0117,2023,48.187,,F,1,A,6,EUR
OECD.SDD.NAD:DSD_NAMAIN10@DF_TABLE5(1.0),A,SVK,S14,S1,P31DC,_Z,_Z,CP031,XDC,V,N,T0117,2023,1841.859,,F,1,A,6,EUR
OECD.SDD.NAD:DSD_NAMAIN10@DF_TABLE5(1.0),A,SVK,S14,S1,P31DC,_Z,_Z,CP055,XDC,V,N,T0117,2023,242.329,,F,1,A,6,EUR
OECD.SDD.NAD:DSD_NAMAIN10@DF_TABLE5(1.0),A,SVK,S14,S1,P31DC,_Z,_Z,CP02,XDC,V,N,T0117,2023,3408.445,,F,1,A,6,EUR
OECD.SDD.NAD:DSD_NAMAIN10@DF_TABLE5(1.0),A,SVK,S14,S1,P31DC,_Z,_Z,CP105,XDC,V,N,T0117,2023,431.883,,F,1,A,6,EUR
OECD.SDD.NAD:DSD_NAMAIN10@DF_TABLE5(1.0),A,SVK,S14,S1,P31DC,_Z,_Z,CP091,XDC,V,N,T0117,2023,1103.228,,F,1,A,6,EUR
OECD.SDD.NAD:DSD_NAMAIN10@DF_TABLE5(1.0),A,SVK,S14,S1,P31DC,_Z,_Z,CP10,XDC,V,N,T0117,2023,942.352,,F,1,A,6,EUR
OECD.SDD.NAD:DSD_NAMAIN10@DF_TABLE5(1.0),A,SVK,S14,S1,P31DC,_Z,_Z,CP127,XDC,V,N,T0117,2023,89.643,,F,1,A,6,EUR
OECD.SDD.NAD:DSD_NAMAIN10@DF_TABLE5(1.0),A,SVK,S14,S1,P31DC,_Z,_Z,CP082,XDC,V,N,T0117,2023,16.021,,F,1,A,6,EUR
OECD.SDD.NAD:DSD_NAMAIN10@DF_TABLE5(1.0),A,SVK,S14,S1,P31DC,_Z,_Z,CP056,XDC,V,N,T0117,2023,1355.95,,F,1,A,6,EUR
OECD.SDD.NAD:DSD_NAMAIN10@DF_TABLE5(1.0),A,SVK,S14,S1,P31DC,_Z,_Z,CP08,XDC,V,N,T0117,2023,1960.15,,F,1,A,6,EUR
OECD.SDD.NAD:DSD_NAMAIN10@DF_TABLE5(1.0),A,SVK,S14,S1,P31DC,_Z,_Z,CP012,XDC,V,N,T0117,2023,987.805,,F,1,A,6,EUR
OECD.SDD.NAD:DSD_NAMAIN10@DF_TABLE5(1.0),A,SVK,S14,S1,P31DC,_Z,_Z,CP053,XDC,V,N,T0117,2023,1029.7,,F,1,A,6,EUR
OECD.SDD.NAD:DSD_NAMAIN10@DF_TABLE5(1.0),A,SVK,S14,S1,P31DC,_Z,_Z,CP081,XDC,V,N,T0117,2023,155.441,,F,1,A,6,EUR
OECD.SDD.NAD:DSD_NAMAIN10@DF_TABLE5(1.0),A,SVK,S14,S1,P31DC,_Z,_Z,CP05,XDC,V,N,T0117,2023,4513.705,,F,1,A,6,EUR
OECD.SDD.NAD:DSD_NAMAIN10@DF_TABLE5(1.0),A,SVK,S14,S1,P31DC,_Z,_Z,CP03,XDC,V,N,T0117,2023,2643.035,,F,1,A,6,EUR
OECD.SDD.NAD:DSD_NAMAIN10@DF_TABLE5(1.0),A,SVK,S14,S1,P31DC,_Z,_Z,CP122_127,XDC,V,N,T0117,2023,137.83,,F,1,A,6,EUR
OECD.SDD.NAD:DSD_NAMAIN10@DF_TABLE5(1.0),A,SVK,S14,S1,P31DC,_Z,_Z,CP054,XDC,V,N,T0117,2023,366.873,,F,1,A,6,EUR
OECD.SDD.NAD:DSD_NAMAIN10@DF_TABLE5(1.0),A,SVK,S14,S1,P31DC,_Z,_Z,CP101,XDC,V,N,T0117,2023,171.283,,F,1,A,6,EUR
OECD.SDD.NAD:DSD_NAMAIN10@DF_TABLE5(1.0),A,SVK,S14,S1,P31DC,_Z,_Z,CP023,XDC,V,N,T0117,2023,389.926,,F,1,A,6,EUR
OECD.SDD.NAD:DSD_NAMAIN10@DF_TABLE5(1.0),A,SVK,S14,S1,P31DC,_Z,_Z,CP052,XDC,V,N,T0117,2023,231.962,,F,1,A,6,EUR
OECD.SDD.NAD:DSD_NAMAIN10@DF_TABLE5(1.0),A,SVK,S14,S1,P31DC,_Z,_Z,CP102,XDC,V,N,T0117,2023,188.695,,F,1,A,6,EUR
OECD.SDD.NAD:DSD_NAMAIN10@DF_TABLE5(1.0),A,SVK,S14,S1,P31DC,_Z,_Z,CP095,XDC,V,N,T0117,2023,1222.31,,F,1,A,6,EUR
OECD.SDD.NAD:DSD_NAMAIN10@DF_TABLE5(1.0),A,SVK,S14,S1,P31DC,_Z,_Z,CP021,XDC,V,N,T0117,2023,1649.24,,F,1,A,6,EUR
OECD.SDD.NAD:DSD_NAMAIN10@DF_TABLE5(1.0),A,SVK,S14,S1,P31DC,_Z,_Z,CP124,XDC,V,N,T0117,2023,133.979,,F,1,A,6,EUR
OECD.SDD.NAD:DSD_NAMAIN10@DF_TABLE5(1.0),A,SVK,S14,S1,P31DC,_Z,_Z,CP093,XDC,V,N,T0117,2023,822.859,,F,1,A,6,EUR
OECD.SDD.NAD:DSD_NAMAIN10@DF_TABLE5(1.0),A,SVK,S14,S1,P31DC,_Z,_Z,CP092,XDC,V,N,T0117,2023,24.689,,F,1,A,6,EUR
OECD.SDD.NAD:DSD_NAMAIN10@DF_TABLE5(1.0),A,SVK,S14,S1,P31DC,_Z,_Z,CP123,XDC,V,N,T0117,2023,244.295,,F,1,A,6,EUR
OECD.SDD.NAD:DSD_NAMAIN10@DF_TABLE5(1.0),A,SVK,S14,S1,P31DC,_Z,_Z,CP104,XDC,V,N,T0117,2023,135.644,,F,1,A,6,EUR
OECD.SDD.NAD:DSD_NAMAIN10@DF_TABLE5(1.0),A,SVK,S14,S1,P31DC,_Z,_Z,CP032,XDC,V,N,T0117,2023,801.176,,F,1,A,6,EUR
OECD.SDD.NAD:DSD_NAMAIN10@DF_TABLE5(1.0),A,SVK,S14,S1,P31DC,_Z,_Z,CP096,XDC,V,N,T0117,2023,574.335,,F,1,A,6,EUR
OECD.SDD.NAD:DSD_NAMAIN10@DF_TABLE5(1.0),A,SVK,S14,S1,P31DC,_Z,_Z,CP022,XDC,V,N,T0117,2023,1369.279,,F,1,A,6,EUR
OECD.SDD.NAD:DSD_NAMAIN10@DF_TABLE5(1.0),A,SVK,S14,S1,P31DC,_Z,_Z,CP103,XDC,V,N,T0117,2023,14.847,,F,1,A,6,EUR
OECD.SDD.NAD:DSD_NAMAIN10@DF_TABLE5(1.0),A,SVK,S14,S1,P31DC,_Z,_Z,CP083,XDC,V,N,T0117,2023,1788.688,,F,1,A,6,EUR
OECD.SDD.NAD:DSD_NAMAIN10@DF_TABLE5(1.0),A,HRV,S14,S1,P31DC,_Z,_Z,CP081,XDC,V,N,T0117,2021,46.32,,F,1,A,6,EUR
OECD.SDD.NAD:DSD_NAMAIN10@DF_TABLE5(1.0),A,HRV,S14,S1,P31DC,_Z,_Z,CP063,XDC,V,N,T0117,2021,142.642,,F,1,A,6,EUR
OECD.SDD.NAD:DSD_NAMAIN10@DF_TABLE5(1.0),A,HRV,S14,S1,P31DC,_Z,_Z,CP122,XDC,V,N,T0117,2021,169.429,,F,1,A,6,EUR
OECD.SDD.NAD:DSD_NAMAIN10@DF_TABLE5(1.0),A,HRV,S14,S1,P31DC,_Z,_Z,CP012,XDC,V,N,T0117,2021,1279.83,,F,1,A,6,EUR
OECD.SDD.NAD:DSD_NAMAIN10@DF_TABLE5(1.0),A,HRV,S14,S1,P31DC,_Z,_Z,CP021,XDC,V,N,T0117,2021,1479.721,,F,1,A,6,EUR
OECD.SDD.NAD:DSD_NAMAIN10@DF_TABLE5(1.0),A,HRV,S14,S1,P31DC,_Z,_Z,CP073,XDC,V,N,T0117,2021,660.289,,F,1,A,6,EUR
OECD.SDD.NAD:DSD_NAMAIN10@DF_TABLE5(1.0),A,HRV,S14,S1,P31DC,_Z,_Z,CP121,XDC,V,N,T0117,2021,1405.128,,F,1,A,6,EUR
OECD.SDD.NAD:DSD_NAMAIN10@DF_TABLE5(1.0),A,HRV,S14,S1,P31DC,_Z,_Z,CP112,XDC,V,N,T0117,2021,2999.784,,F,1,A,6,EUR
OECD.SDD.NAD:DSD_NAMAIN10@DF_TABLE5(1.0),A,HRV,S14,S1,P31DC,_Z,_Z,CP01,XDC,V,N,T0117,2021,7870.413,,F,1,A,6,EUR
OECD.SDD.NAD:DSD_NAMAIN10@DF_TABLE5(1.0),A,HRV,S14,S1,P31DC,_Z,_Z,CP111,XDC,V,N,T0117,2021,2240.458,,F,1,A,6,EUR
OECD.SDD.NAD:DSD_NAMAIN10@DF_TABLE5(1.0),A,HRV,S14,S1,P31DC,_Z,_Z,CP127,XDC,V,N,T0117,2021,89.577,,F,1,A,6,EUR
OECD.SDD.NAD:DSD_NAMAIN10@DF_TABLE5(1.0),A,HRV,S14,S1,P31DC,_Z,_Z,CP101,XDC,V,N,T0117,2021,122.676,,F,1,A,6,EUR
OECD.SDD.NAD:DSD_NAMAIN10@DF_TABLE5(1.0),A,HRV,S14,S1,P31DC,_Z,_Z,CP061,XDC,V,N,T0117,2021,966.984,,F,1,A,6,EUR
OECD.SDD.NAD:DSD_NAMAIN10@DF_TABLE5(1.0),A,HRV,S14,S1,P31DC,_Z,_Z,CP102,XDC,V,N,T0117,2021,23.339,,F,1,A,6,EUR
OECD.SDD.NAD:DSD_NAMAIN10@DF_TABLE5(1.0),A,HRV,S14,S1,P31DC,_Z,_Z,CP042,XDC,V,N,T0117,2021,3552.495,,F,1,A,6,EUR
OECD.SDD.NAD:DSD_NAMAIN10@DF_TABLE5(1.0),A,HRV,S14,S1,P31DC,_Z,_Z,CP051,XDC,V,N,T0117,2021,579.151,,F,1,A,6,EUR
OECD.SDD.NAD:DSD_NAMAIN10@DF_TABLE5(1.0),A,HRV,S14,S1,P31DC,_Z,_Z,CP125,XDC,V,N,T0117,2021,430.784,,F,1,A,6,EUR
OECD.SDD.NAD:DSD_NAMAIN10@DF_TABLE5(1.0),A,HRV,S14,S1,P31DC,_Z,_Z,CP082,XDC,V,N,T0117,2021,304.622,,F,1,A,6,EUR
OECD.SDD.NAD:DSD_NAMAIN10@DF_TABLE5(1.0),A,HRV,S14,S1,P31DC,_Z,_Z,_T,XDC,V,N,T0117,2021,41346.76,,F,1,A,6,EUR
OECD.SDD.NAD:DSD_NAMAIN10@DF_TABLE5(1.0),A,HRV,S14,S1,P31DC,_Z,_Z,CP041,XDC,V,N,T0117,2021,183.486,,F,1,A,6,EUR
OECD.SDD.NAD:DSD_NAMAIN10@DF_TABLE5(1.0),A,HRV,S14,S1,P31DC,_Z,_Z,CP07,XDC,V,N,T0117,2021,3212.111,,F,1,A,6,EUR
OECD.SDD.NAD:DSD_NAMAIN10@DF_TABLE5(1.0),A,HRV,S14,S1,P31DC,_Z,_Z,CP124,XDC,V,N,T0117,2021,309.718,,F,1,A,6,EUR
OECD.SDD.NAD:DSD_NAMAIN10@DF_TABLE5(1.0),A,HRV,S14,S1,P31DC,_Z,_Z,CP083,XDC,V,N,T0117,2021,1439.748,,F,1,A,6,EUR
OECD.SDD.NAD:DSD_NAMAIN10@DF_TABLE5(1.0),A,HRV,S14,S1,P31DC,_Z,_Z,CP126,XDC,V,N,T0117,2021,729.099,,F,1,A,6,EUR
OECD.SDD.NAD:DSD_NAMAIN10@DF_TABLE5(1.0),A,HRV,S14,S1,P31DC,_Z,_Z,CP094,XDC,V,N,T0117,2021,1572.796,,F,1,A,6,EUR
OECD.SDD.NAD:DSD_NAMAIN10@DF_TABLE5(1.0),A,HRV,S14,S1,P31DC,_Z,_Z,CP095,XDC,V,N,T0117,2021,724.64,,F,1,A,6,EUR
OECD.SDD.NAD:DSD_NAMAIN10@DF_TABLE5(1.0),A,HRV,S14,S1,P31DC,_Z,_Z,CP122_127,XDC,V,N,T0117,2021,259.006,,F,1,A,6,EUR
OECD.SDD.NAD:DSD_NAMAIN10@DF_TABLE5(1.0),A,HRV,S14,S1,P31DC,_Z,_Z,CP071,XDC,V,N,T0117,2021,626.375,,F,1,A,6,EUR
OECD.SDD.NAD:DSD_NAMAIN10@DF_TABLE5(1.0),A,HRV,S14,S1,P31DC,_Z,_Z,CP054,XDC,V,N,T0117,2021,215.403,,F,1,A,6,EUR
OECD.SDD.NAD:DSD_NAMAIN10@DF_TABLE5(1.0),A,HRV,S14,S1,P31DC,_Z,_Z,CP093,XDC,V,N,T0117,2021,395.158,,F,1,A,6,EUR
OECD.SDD.NAD:DSD_NAMAIN10@DF_TABLE5(1.0),A,HRV,S14,S1,P31DC,_Z,_Z,CP044,XDC,V,N,T0117,2021,863.513,,F,1,A,6,EUR
OECD.SDD.NAD:DSD_NAMAIN10@DF_TABLE5(1.0),A,HRV,S14,S1,P31DC,_Z,_Z,CP056,XDC,V,N,T0117,2021,622.997,,F,1,A,6,EUR
OECD.SDD.NAD:DSD_NAMAIN10@DF_TABLE5(1.0),A,HRV,S14,S1,P31DC,_Z,_Z,CP043,XDC,V,N,T0117,2021,74.575,,F,1,A,6,EUR
OECD.SDD.NAD:DSD_NAMAIN10@DF_TABLE5(1.0),A,HRV,S14,S1,P31DC,_Z,_Z,CP091,XDC,V,N,T0117,2021,623.495,,F,1,A,6,EUR
OECD.SDD.NAD:DSD_NAMAIN10@DF_TABLE5(1.0),A,HRV,S14,S1,P31DC,_Z,_Z,CP10,XDC,V,N,T0117,2021,358.061,,F,1,A,6,EUR
OECD.SDD.NAD:DSD_NAMAIN10@DF_TABLE5(1.0),A,HRV,S14,S1,P31DC,_Z,_Z,CP055,XDC,V,N,T0117,2021,336.59,,F,1,A,6,EUR
OECD.SDD.NAD:DSD_NAMAIN10@DF_TABLE5(1.0),A,HRV,S14,S1,P31DC,_Z,_Z,CP06,XDC,V,N,T0117,2021,2059.103,,F,1,A,6,EUR
OECD.SDD.NAD:DSD_NAMAIN10@DF_TABLE5(1.0),A,HRV,S14,S1,P31DC,_Z,_Z,CP092,XDC,V,N,T0117,2021,196.187,,F,1,A,6,EUR
OECD.SDD.NAD:DSD_NAMAIN10@DF_TABLE5(1.0),A,HRV,S14,S1,P31DC,_Z,_Z,CP123,XDC,V,N,T0117,2021,90.489,,F,1,A,6,EUR
OECD.SDD.NAD:DSD_NAMAIN10@DF_TABLE5(1.0),A,HRV,S14,S1,P31DC,_Z,_Z,CP031,XDC,V,N,T0117,2021,1394.805,,F,1,A,6,EUR
OECD.SDD.NAD:DSD_NAMAIN10@DF_TABLE5(1.0),A,HRV,S14,S1,P31DC,_Z,_Z,CP02,XDC,V,N,T0117,2021,3252.035,,F,1,A,6,EUR
OECD.SDD.NAD:DSD_NAMAIN10@DF_TABLE5(1.0),A,HRV,S14,S1,P31DC,_Z,_Z,CP045,XDC,V,N,T0117,2021,2089.546,,F,1,A,6,EUR
OECD.SDD.NAD:DSD_NAMAIN10@DF_TABLE5(1.0),A,HRV,S14,S1,P31DC,_Z,_Z,CP03,XDC,V,N,T0117,2021,1824.584,,F,1,A,6,EUR
OECD.SDD.NAD:DSD_NAMAIN10@DF_TABLE5(1.0),A,HRV,S14,S1,P31DC,_Z,_Z,CP104,XDC,V,N,T0117,2021,150.428,,F,1,A,6,EUR
OECD.SDD.NAD:DSD_NAMAIN10@DF_TABLE5(1.0),A,HRV,S14,S1,P31DC,_Z,_Z,CP105,XDC,V,N,T0117,2021,32.349,,F,1,A,6,EUR
OECD.SDD.NAD:DSD_NAMAIN10@DF_TABLE5(1.0),A,HRV,S14,S1,P31DC,_Z,_Z,CP022,XDC,V,N,T0117,2021,1520.706,,F,1,A,6,EUR
OECD.SDD.NAD:DSD_NAMAIN10@DF_TABLE5(1.0),A,HRV,S14,S1,P31DC,_Z,_Z,CP062,XDC,V,N,T0117,2021,949.476,,F,1,A,6,EUR
OECD.SDD.NAD:DSD_NAMAIN10@DF_TABLE5(1.0),A,HRV,S14,S1,P31DC,_Z,_Z,CP032,XDC,V,N,T0117,2021,429.778,,F,1,A,6,EUR
OECD.SDD.NAD:DSD_NAMAIN10@DF_TABLE5(1.0),A,HRV,S14,S1,P31DC,_Z,_Z,CP072,XDC,V,N,T0117,2021,1925.447,,F,1,A,6,EUR
OECD.SDD.NAD:DSD_NAMAIN10@DF_TABLE5(1.0),A,HRV,S14,S1,P31DC,_Z,_Z,CP103,XDC,V,N,T0117,2021,29.268,,F,1,A,6,EUR
OECD.SDD.NAD:DSD_NAMAIN10@DF_TABLE5(1.0),A,HRV,S14,S1,P31DC,_Z,_Z,CP052,XDC,V,N,T0117,2021,75.446,,F,1,A,6,EUR
OECD.SDD.NAD:DSD_NAMAIN10@DF_TABLE5(1.0),A,HRV,S14,S1,P31DC,_Z,_Z,CP09,XDC,V,N,T0117,2021,3702.452,,F,1,A,6,EUR
OECD.SDD.NAD:DSD_NAMAIN10@DF_TABLE5(1.0),A,HRV,S14,S1,P31DC,_Z,_Z,CP04,XDC,V,N,T0117,2021,6763.614,,F,1,A,6,EUR
OECD.SDD.NAD:DSD_NAMAIN10@DF_TABLE5(1.0),A,HRV,S14,S1,P31DC,_Z,_Z,CP08,XDC,V,N,T0117,2021,1790.69,,F,1,A,6,EUR
OECD.SDD.NAD:DSD_NAMAIN10@DF_TABLE5(1.0),A,HRV,S14,S1,P31DC,_Z,_Z,CP11,XDC,V,N,T0117,2021,5240.241,,F,1,A,6,EUR
OECD.SDD.NAD:DSD_NAMAIN10@DF_TABLE5(1.0),A,HRV,S14,S1,P31DC,_Z,_Z,CP096,XDC,V,N,T0117,2021,190.176,,F,1,A,6,EUR
OECD.SDD.NAD:DSD_NAMAIN10@DF_TABLE5(1.0),A,HRV,S14,S1,P31DC,_Z,_Z,CP011,XDC,V,N,T0117,2021,6590.583,,F,1,A,6,EUR
OECD.SDD.NAD:DSD_NAMAIN10@DF_TABLE5(1.0),A,HRV,S14,S1,P31DC,_Z,_Z,CP12,XDC,V,N,T0117,2021,3224.224,,F,1,A,6,EUR
OECD.SDD.NAD:DSD_NAMAIN10@DF_TABLE5(1.0),A,HRV,S14,S1,P31DC,_Z,_Z,CP053,XDC,V,N,T0117,2021,219.646,,F,1,A,6,EUR
OECD.SDD.NAD:DSD_NAMAIN10@DF_TABLE5(1.0),A,HRV,S14,S1,P31DC,_Z,_Z,CP05,XDC,V,N,T0117,2021,2049.232,,F,1,A,6,EUR
OECD.SDD.NAD:DSD_NAMAIN10@DF_TABLE5(1.0),A,HRV,S14,S1,P31DC,_Z,_Z,CP023,XDC,V,N,T0117,2021,251.608,,F,1,A,6,EUR
OECD.SDD.NAD:DSD_NAMAIN10@DF_TABLE5(1.0),A,HRV,S14,S1,P31DC,_Z,_Z,CP093,XDC,V,N,T0117,2022,523.289,,F,1,A,6,EUR
OECD.SDD.NAD:DSD_NAMAIN10@DF_TABLE5(1.0),A,HRV,S14,S1,P31DC,_Z,_Z,CP044,XDC,V,N,T0117,2022,959.645,,F,1,A,6,EUR
OECD.SDD.NAD:DSD_NAMAIN10@DF_TABLE5(1.0),A,HRV,S14,S1,P31DC,_Z,_Z,CP056,XDC,V,N,T0117,2022,733.693,,F,1,A,6,EUR
OECD.SDD.NAD:DSD_NAMAIN10@DF_TABLE5(1.0),A,HRV,S14,S1,P31DC,_Z,_Z,CP043,XDC,V,N,T0117,2022,108.953,,F,1,A,6,EUR
OECD.SDD.NAD:DSD_NAMAIN10@DF_TABLE5(1.0),A,HRV,S14,S1,P31DC,_Z,_Z,CP091,XDC,V,N,T0117,2022,731.614,,F,1,A,6,EUR
OECD.SDD.NAD:DSD_NAMAIN10@DF_TABLE5(1.0),A,HRV,S14,S1,P31DC,_Z,_Z,CP10,XDC,V,N,T0117,2022,384.055,,F,1,A,6,EUR
OECD.SDD.NAD:DSD_NAMAIN10@DF_TABLE5(1.0),A,HRV,S14,S1,P31DC,_Z,_Z,CP055,XDC,V,N,T0117,2022,338.92,,F,1,A,6,EUR
OECD.SDD.NAD:DSD_NAMAIN10@DF_TABLE5(1.0),A,HRV,S14,S1,P31DC,_Z,_Z,CP06,XDC,V,N,T0117,2022,2645.765,,F,1,A,6,EUR
OECD.SDD.NAD:DSD_NAMAIN10@DF_TABLE5(1.0),A,HRV,S14,S1,P31DC,_Z,_Z,CP092,XDC,V,N,T0117,2022,261.632,,F,1,A,6,EUR
OECD.SDD.NAD:DSD_NAMAIN10@DF_TABLE5(1.0),A,HRV,S14,S1,P31DC,_Z,_Z,CP123,XDC,V,N,T0117,2022,95.532,,F,1,A,6,EUR
OECD.SDD.NAD:DSD_NAMAIN10@DF_TABLE5(1.0),A,HRV,S14,S1,P31DC,_Z,_Z,CP031,XDC,V,N,T0117,2022,1788.784,,F,1,A,6,EUR
OECD.SDD.NAD:DSD_NAMAIN10@DF_TABLE5(1.0),A,HRV,S14,S1,P31DC,_Z,_Z,CP02,XDC,V,N,T0117,2022,3833.443,,F,1,A,6,EUR
OECD.SDD.NAD:DSD_NAMAIN10@DF_TABLE5(1.0),A,HRV,S14,S1,P31DC,_Z,_Z,CP045,XDC,V,N,T0117,2022,2423.109,,F,1,A,6,EUR
OECD.SDD.NAD:DSD_NAMAIN10@DF_TABLE5(1.0),A,HRV,S14,S1,P31DC,_Z,_Z,CP03,XDC,V,N,T0117,2022,2301.264,,F,1,A,6,EUR
OECD.SDD.NAD:DSD_NAMAIN10@DF_TABLE5(1.0),A,HRV,S14,S1,P31DC,_Z,_Z,CP104,XDC,V,N,T0117,2022,161.282,,F,1,A,6,EUR
OECD.SDD.NAD:DSD_NAMAIN10@DF_TABLE5(1.0),A,HRV,S14,S1,P31DC,_Z,_Z,CP105,XDC,V,N,T0117,2022,34.717,,F,1,A,6,EUR
OECD.SDD.NAD:DSD_NAMAIN10@DF_TABLE5(1.0),A,HRV,S14,S1,P31DC,_Z,_Z,CP022,XDC,V,N,T0117,2022,1871.14,,F,1,A,6,EUR
OECD.SDD.NAD:DSD_NAMAIN10@DF_TABLE5(1.0),A,HRV,S14,S1,P31DC,_Z,_Z,CP062,XDC,V,N,T0117,2022,1126.769,,F,1,A,6,EUR
OECD.SDD.NAD:DSD_NAMAIN10@DF_TABLE5(1.0),A,HRV,S14,S1,P31DC,_Z,_Z,CP032,XDC,V,N,T0117,2022,512.48,,F,1,A,6,EUR
OECD.SDD.NAD:DSD_NAMAIN10@DF_TABLE5(1.0),A,HRV,S14,S1,P31DC,_Z,_Z,CP072,XDC,V,N,T0117,2022,2540.594,,F,1,A,6,EUR
OECD.SDD.NAD:DSD_NAMAIN10@DF_TABLE5(1.0),A,HRV,S14,S1,P31DC,_Z,_Z,CP103,XDC,V,N,T0117,2022,31.41,,F,1,A,6,EUR
OECD.SDD.NAD:DSD_NAMAIN10@DF_TABLE5(1.0),A,HRV,S14,S1,P31DC,_Z,_Z,CP052,XDC,V,N,T0117,2022,83.722,,F,1,A,6,EUR
OECD.SDD.NAD:DSD_NAMAIN10@DF_TABLE5(1.0),A,HRV,S14,S1,P31DC,_Z,_Z,CP09,XDC,V,N,T0117,2022,4388.955,,F,1,A,6,EUR
OECD.SDD.NAD:DSD_NAMAIN10@DF_TABLE5(1.0),A,HRV,S14,S1,P31DC,_Z,_Z,CP04,XDC,V,N,T0117,2022,7608.601,,F,1,A,6,EUR
OECD.SDD.NAD:DSD_NAMAIN10@DF_TABLE5(1.0),A,HRV,S14,S1,P31DC,_Z,_Z,CP08,XDC,V,N,T0117,2022,1955.112,,F,1,A,6,EUR
OECD.SDD.NAD:DSD_NAMAIN10@DF_TABLE5(1.0),A,HRV,S14,S1,P31DC,_Z,_Z,CP11,XDC,V,N,T0117,2022,8296.353,,F,1,A,6,EUR
OECD.SDD.NAD:DSD_NAMAIN10@DF_TABLE5(1.0),A,HRV,S14,S1,P31DC,_Z,_Z,CP096,XDC,V,N,T0117,2022,293.378,,F,1,A,6,EUR
OECD.SDD.NAD:DSD_NAMAIN10@DF_TABLE5(1.0),A,HRV,S14,S1,P31DC,_Z,_Z,CP011,XDC,V,N,T0117,2022,7763.034,,F,1,A,6,EUR
OECD.SDD.NAD:DSD_NAMAIN10@DF_TABLE5(1.0),A,HRV,S14,S1,P31DC,_Z,_Z,CP12,XDC,V,N,T0117,2022,3568.657,,F,1,A,6,EUR
OECD.SDD.NAD:DSD_NAMAIN10@DF_TABLE5(1.0),A,HRV,S14,S1,P31DC,_Z,_Z,CP053,XDC,V,N,T0117,2022,280.628,,F,1,A,6,EUR
OECD.SDD.NAD:DSD_NAMAIN10@DF_TABLE5(1.0),A,HRV,S14,S1,P31DC,_Z,_Z,CP05,XDC,V,N,T0117,2022,2418.736,,F,1,A,6,EUR
OECD.SDD.NAD:DSD_NAMAIN10@DF_TABLE5(1.0),A,HRV,S14,S1,P31DC,_Z,_Z,CP023,XDC,V,N,T0117,2022,253.785,,F,1,A,6,EUR
OECD.SDD.NAD:DSD_NAMAIN10@DF_TABLE5(1.0),A,HRV,S14,S1,P31DC,_Z,_Z,CP081,XDC,V,N,T0117,2022,50.288,,F,1,A,6,EUR
OECD.SDD.NAD:DSD_NAMAIN10@DF_TABLE5(1.0),A,HRV,S14,S1,P31DC,_Z,_Z,CP063,XDC,V,N,T0117,2022,182.295,,F,1,A,6,EUR
OECD.SDD.NAD:DSD_NAMAIN10@DF_TABLE5(1.0),A,HRV,S14,S1,P31DC,_Z,_Z,CP122,XDC,V,N,T0117,2022,221.992,,F,1,A,6,EUR
OECD.SDD.NAD:DSD_NAMAIN10@DF_TABLE5(1.0),A,HRV,S14,S1,P31DC,_Z,_Z,CP012,XDC,V,N,T0117,2022,1423.631,,F,1,A,6,EUR
OECD.SDD.NAD:DSD_NAMAIN10@DF_TABLE5(1.0),A,HRV,S14,S1,P31DC,_Z,_Z,CP021,XDC,V,N,T0117,2022,1708.518,,F,1,A,6,EUR
OECD.SDD.NAD:DSD_NAMAIN10@DF_TABLE5(1.0),A,HRV,S14,S1,P31DC,_Z,_Z,CP073,XDC,V,N,T0117,2022,895.731,,F,1,A,6,EUR
OECD.SDD.NAD:DSD_NAMAIN10@DF_TABLE5(1.0),A,HRV,S14,S1,P31DC,_Z,_Z,CP121,XDC,V,N,T0117,2022,1603.919,,F,1,A,6,EUR
OECD.SDD.NAD:DSD_NAMAIN10@DF_TABLE5(1.0),A,HRV,S14,S1,P31DC,_Z,_Z,CP111,XDC,V,N,T0117,2022,3591.415,,F,1,A,6,EUR
OECD.SDD.NAD:DSD_NAMAIN10@DF_TABLE5(1.0),A,HRV,S14,S1,P31DC,_Z,_Z,CP042,XDC,V,N,T0117,2022,3770.978,,F,1,A,6,EUR
OECD.SDD.NAD:DSD_NAMAIN10@DF_TABLE5(1.0),A,HRV,S14,S1,P31DC,_Z,_Z,CP051,XDC,V,N,T0117,2022,731.522,,F,1,A,6,EUR
OECD.SDD.NAD:DSD_NAMAIN10@DF_TABLE5(1.0),A,HRV,S14,S1,P31DC,_Z,_Z,CP125,XDC,V,N,T0117,2022,426.353,,F,1,A,6,EUR
OECD.SDD.NAD:DSD_NAMAIN10@DF_TABLE5(1.0),A,HRV,S14,S1,P31DC,_Z,_Z,CP082,XDC,V,N,T0117,2022,377.718,,F,1,A,6,EUR
OECD.SDD.NAD:DSD_NAMAIN10@DF_TABLE5(1.0),A,HRV,S14,S1,P31DC,_Z,_Z,_T,XDC,V,N,T0117,2022,50731.294,,F,1,A,6,EUR
OECD.SDD.NAD:DSD_NAMAIN10@DF_TABLE5(1.0),A,HRV,S14,S1,P31DC,_Z,_Z,CP041,XDC,V,N,T0117,2022,345.916,,F,1,A,6,EUR
OECD.SDD.NAD:DSD_NAMAIN10@DF_TABLE5(1.0),A,HRV,S14,S1,P31DC,_Z,_Z,CP07,XDC,V,N,T0117,2022,4143.687,,F,1,A,6,EUR
OECD.SDD.NAD:DSD_NAMAIN10@DF_TABLE5(1.0),A,HRV,S14,S1,P31DC,_Z,_Z,CP124,XDC,V,N,T0117,2022,339.923,,F,1,A,6,EUR
OECD.SDD.NAD:DSD_NAMAIN10@DF_TABLE5(1.0),A,HRV,S14,S1,P31DC,_Z,_Z,CP126,XDC,V,N,T0117,2022,790.888,,F,1,A,6,EUR
OECD.SDD.NAD:DSD_NAMAIN10@DF_TABLE5(1.0),A,HRV,S14,S1,P31DC,_Z,_Z,CP083,XDC,V,N,T0117,2022,1527.105,,F,1,A,6,EUR
OECD.SDD.NAD:DSD_NAMAIN10@DF_TABLE5(1.0),A,HRV,S14,S1,P31DC,_Z,_Z,CP094,XDC,V,N,T0117,2022,1731.78,,F,1,A,6,EUR
OECD.SDD.NAD:DSD_NAMAIN10@DF_TABLE5(1.0),A,HRV,S14,S1,P31DC,_Z,_Z,CP095,XDC,V,N,T0117,2022,847.261,,F,1,A,6,EUR
OECD.SDD.NAD:DSD_NAMAIN10@DF_TABLE5(1.0),A,HRV,S14,S1,P31DC,_Z,_Z,CP122_127,XDC,V,N,T0117,2022,312.043,,F,1,A,6,EUR
OECD.SDD.NAD:DSD_NAMAIN10@DF_TABLE5(1.0),A,HRV,S14,S1,P31DC,_Z,_Z,CP071,XDC,V,N,T0117,2022,707.362,,F,1,A,6,EUR
OECD.SDD.NAD:DSD_NAMAIN10@DF_TABLE5(1.0),A,HRV,S14,S1,P31DC,_Z,_Z,CP054,XDC,V,N,T0117,2022,250.251,,F,1,A,6,EUR
OECD.SDD.NAD:DSD_NAMAIN10@DF_TABLE5(1.0),A,HRV,S14,S1,P31DC,_Z,_Z,CP112,XDC,V,N,T0117,2022,4704.938,,F,1,A,6,EUR
OECD.SDD.NAD:DSD_NAMAIN10@DF_TABLE5(1.0),A,HRV,S14,S1,P31DC,_Z,_Z,CP01,XDC,V,N,T0117,2022,9186.665,,F,1,A,6,EUR
OECD.SDD.NAD:DSD_NAMAIN10@DF_TABLE5(1.0),A,HRV,S14,S1,P31DC,_Z,_Z,CP127,XDC,V,N,T0117,2022,90.05,,F,1,A,6,EUR
OECD.SDD.NAD:DSD_NAMAIN10@DF_TABLE5(1.0),A,HRV,S14,S1,P31DC,_Z,_Z,CP101,XDC,V,N,T0117,2022,131.527,,F,1,A,6,EUR
OECD.SDD.NAD:DSD_NAMAIN10@DF_TABLE5(1.0),A,HRV,S14,S1,P31DC,_Z,_Z,CP061,XDC,V,N,T0117,2022,1336.701,,F,1,A,6,EUR
OECD.SDD.NAD:DSD_NAMAIN10@DF_TABLE5(1.0),A,HRV,S14,S1,P31DC,_Z,_Z,CP102,XDC,V,N,T0117,2022,25.12,,F,1,A,6,EUR
OECD.SDD.NAD:DSD_NAMAIN10@DF_TABLE5(1.0),A,LVA,S14,S1,P31DC,_Z,_Z,CP122,XDC,V,N,T0117,2021,28.765,,F,1,A,6,EUR
OECD.SDD.NAD:DSD_NAMAIN10@DF_TABLE5(1.0),A,LVA,S14,S1,P31DC,_Z,_Z,CP06,XDC,V,N,T0117,2021,945.417,,F,1,A,6,EUR
OECD.SDD.NAD:DSD_NAMAIN10@DF_TABLE5(1.0),A,LVA,S14,S1,P31DC,_Z,_Z,CP053,XDC,V,N,T0117,2021,153.226,,F,1,A,6,EUR
OECD.SDD.NAD:DSD_NAMAIN10@DF_TABLE5(1.0),A,LVA,S14,S1,P31DC,_Z,_Z,CP121,XDC,V,N,T0117,2021,453.088,,F,1,A,6,EUR
OECD.SDD.NAD:DSD_NAMAIN10@DF_TABLE5(1.0),A,LVA,S14,S1,P31DC,_Z,_Z,CP127,XDC,V,N,T0117,2021,124.319,,F,1,A,6,EUR
OECD.SDD.NAD:DSD_NAMAIN10@DF_TABLE5(1.0),A,LVA,S14,S1,P31DC,_Z,_Z,CP11,XDC,V,N,T0117,2021,852.185,,F,1,A,6,EUR
OECD.SDD.NAD:DSD_NAMAIN10@DF_TABLE5(1.0),A,LVA,S14,S1,P31DC,_Z,_Z,_T,XDC,V,N,T0117,2021,18689.503,,F,1,A,6,EUR
OECD.SDD.NAD:DSD_NAMAIN10@DF_TABLE5(1.0),A,LVA,S14,S1,P31DC,_Z,_Z,CP073,XDC,V,N,T0117,2021,289.979,,F,1,A,6,EUR
OECD.SDD.NAD:DSD_NAMAIN10@DF_TABLE5(1.0),A,LVA,S14,S1,P31DC,_Z,_Z,CP043,XDC,V,N,T0117,2021,61.419,,F,1,A,6,EUR
OECD.SDD.NAD:DSD_NAMAIN10@DF_TABLE5(1.0),A,LVA,S14,S1,P31DC,_Z,_Z,CP011,XDC,V,N,T0117,2021,3356.105,,F,1,A,6,EUR
OECD.SDD.NAD:DSD_NAMAIN10@DF_TABLE5(1.0),A,LVA,S14,S1,P31DC,_Z,_Z,CP101,XDC,V,N,T0117,2021,65.172,,F,1,A,6,EUR
OECD.SDD.NAD:DSD_NAMAIN10@DF_TABLE5(1.0),A,LVA,S14,S1,P31DC,_Z,_Z,CP032,XDC,V,N,T0117,2021,232.183,,F,1,A,6,EUR
OECD.SDD.NAD:DSD_NAMAIN10@DF_TABLE5(1.0),A,LVA,S14,S1,P31DC,_Z,_Z,CP12,XDC,V,N,T0117,2021,1249.173,,F,1,A,6,EUR
OECD.SDD.NAD:DSD_NAMAIN10@DF_TABLE5(1.0),A,LVA,S14,S1,P31DC,_Z,_Z,CP061,XDC,V,N,T0117,2021,199.306,,F,1,A,6,EUR
OECD.SDD.NAD:DSD_NAMAIN10@DF_TABLE5(1.0),A,LVA,S14,S1,P31DC,_Z,_Z,CP052,XDC,V,N,T0117,2021,44.191,,F,1,A,6,EUR
OECD.SDD.NAD:DSD_NAMAIN10@DF_TABLE5(1.0),A,LVA,S14,S1,P31DC,_Z,_Z,CP082,XDC,V,N,T0117,2021,85.279,,F,1,A,6,EUR
OECD.SDD.NAD:DSD_NAMAIN10@DF_TABLE5(1.0),A,LVA,S14,S1,P31DC,_Z,_Z,CP094,XDC,V,N,T0117,2021,493.807,,F,1,A,6,EUR
OECD.SDD.NAD:DSD_NAMAIN10@DF_TABLE5(1.0),A,LVA,S14,S1,P31DC,_Z,_Z,CP031,XDC,V,N,T0117,2021,758.826,,F,1,A,6,EUR
OECD.SDD.NAD:DSD_NAMAIN10@DF_TABLE5(1.0),A,LVA,S14,S1,P31DC,_Z,_Z,CP072,XDC,V,N,T0117,2021,1306.058,,F,1,A,6,EUR
OECD.SDD.NAD:DSD_NAMAIN10@DF_TABLE5(1.0),A,LVA,S14,S1,P31DC,_Z,_Z,CP092,XDC,V,N,T0117,2021,9.288,,F,1,A,6,EUR
OECD.SDD.NAD:DSD_NAMAIN10@DF_TABLE5(1.0),A,LVA,S14,S1,P31DC,_Z,_Z,CP102,XDC,V,N,T0117,2021,66.685,,F,1,A,6,EUR
OECD.SDD.NAD:DSD_NAMAIN10@DF_TABLE5(1.0),A,LVA,S14,S1,P31DC,_Z,_Z,CP05,XDC,V,N,T0117,2021,834.473,,F,1,A,6,EUR
OECD.SDD.NAD:DSD_NAMAIN10@DF_TABLE5(1.0),A,LVA,S14,S1,P31DC,_Z,_Z,CP095,XDC,V,N,T0117,2021,220.114,,F,1,A,6,EUR
OECD.SDD.NAD:DSD_NAMAIN10@DF_TABLE5(1.0),A,LVA,S14,S1,P31DC,_Z,_Z,CP125,XDC,V,N,T0117,2021,253.972,,F,1,A,6,EUR
OECD.SDD.NAD:DSD_NAMAIN10@DF_TABLE5(1.0),A,LVA,S14,S1,P31DC,_Z,_Z,CP021,XDC,V,N,T0117,2021,855.771,,F,1,A,6,EUR
OECD.SDD.NAD:DSD_NAMAIN10@DF_TABLE5(1.0),A,LVA,S14,S1,P31DC,_Z,_Z,CP054,XDC,V,N,T0117,2021,98.059,,F,1,A,6,EUR
OECD.SDD.NAD:DSD_NAMAIN10@DF_TABLE5(1.0),A,LVA,S14,S1,P31DC,_Z,_Z,CP112,XDC,V,N,T0117,2021,127.966,,F,1,A,6,EUR
OECD.SDD.NAD:DSD_NAMAIN10@DF_TABLE5(1.0),A,LVA,S14,S1,P31DC,_Z,_Z,CP122_127,XDC,V,N,T0117,2021,153.084,,F,1,A,6,EUR
OECD.SDD.NAD:DSD_NAMAIN10@DF_TABLE5(1.0),A,LVA,S14,S1,P31DC,_Z,_Z,CP02,XDC,V,N,T0117,2021,1409.987,,F,1,A,6,EUR
OECD.SDD.NAD:DSD_NAMAIN10@DF_TABLE5(1.0),A,LVA,S14,S1,P31DC,_Z,_Z,CP124,XDC,V,N,T0117,2021,32.036,,F,1,A,6,EUR
OECD.SDD.NAD:DSD_NAMAIN10@DF_TABLE5(1.0),A,LVA,S14,S1,P31DC,_Z,_Z,CP056,XDC,V,N,T0117,2021,225.344,,F,1,A,6,EUR
OECD.SDD.NAD:DSD_NAMAIN10@DF_TABLE5(1.0),A,LVA,S14,S1,P31DC,_Z,_Z,CP103,XDC,V,N,T0117,2021,28.474,,F,1,A,6,EUR
OECD.SDD.NAD:DSD_NAMAIN10@DF_TABLE5(1.0),A,LVA,S14,S1,P31DC,_Z,_Z,CP08,XDC,V,N,T0117,2021,480.778,,F,1,A,6,EUR
OECD.SDD.NAD:DSD_NAMAIN10@DF_TABLE5(1.0),A,LVA,S14,S1,P31DC,_Z,_Z,CP105,XDC,V,N,T0117,2021,73.064,,F,1,A,6,EUR
OECD.SDD.NAD:DSD_NAMAIN10@DF_TABLE5(1.0),A,LVA,S14,S1,P31DC,_Z,_Z,CP123,XDC,V,N,T0117,2021,108.967,,F,1,A,6,EUR
OECD.SDD.NAD:DSD_NAMAIN10@DF_TABLE5(1.0),A,LVA,S14,S1,P31DC,_Z,_Z,CP044,XDC,V,N,T0117,2021,197.342,,F,1,A,6,EUR
OECD.SDD.NAD:DSD_NAMAIN10@DF_TABLE5(1.0),A,LVA,S14,S1,P31DC,_Z,_Z,CP096,XDC,V,N,T0117,2021,170.188,,F,1,A,6,EUR
OECD.SDD.NAD:DSD_NAMAIN10@DF_TABLE5(1.0),A,LVA,S14,S1,P31DC,_Z,_Z,CP022,XDC,V,N,T0117,2021,506.965,,F,1,A,6,EUR
OECD.SDD.NAD:DSD_NAMAIN10@DF_TABLE5(1.0),A,LVA,S14,S1,P31DC,_Z,_Z,CP041,XDC,V,N,T0117,2021,207.84,,F,1,A,6,EUR
OECD.SDD.NAD:DSD_NAMAIN10@DF_TABLE5(1.0),A,LVA,S14,S1,P31DC,_Z,_Z,CP126,XDC,V,N,T0117,2021,248.025,,F,1,A,6,EUR
OECD.SDD.NAD:DSD_NAMAIN10@DF_TABLE5(1.0),A,LVA,S14,S1,P31DC,_Z,_Z,CP03,XDC,V,N,T0117,2021,991.009,,F,1,A,6,EUR
OECD.SDD.NAD:DSD_NAMAIN10@DF_TABLE5(1.0),A,LVA,S14,S1,P31DC,_Z,_Z,CP081,XDC,V,N,T0117,2021,18.333,,F,1,A,6,EUR
OECD.SDD.NAD:DSD_NAMAIN10@DF_TABLE5(1.0),A,LVA,S14,S1,P31DC,_Z,_Z,CP023,XDC,V,N,T0117,2021,47.25,,F,1,A,6,EUR
OECD.SDD.NAD:DSD_NAMAIN10@DF_TABLE5(1.0),A,LVA,S14,S1,P31DC,_Z,_Z,CP055,XDC,V,N,T0117,2021,56.453,,F,1,A,6,EUR
OECD.SDD.NAD:DSD_NAMAIN10@DF_TABLE5(1.0),A,LVA,S14,S1,P31DC,_Z,_Z,CP045,XDC,V,N,T0117,2021,997.976,,F,1,A,6,EUR
OECD.SDD.NAD:DSD_NAMAIN10@DF_TABLE5(1.0),A,LVA,S14,S1,P31DC,_Z,_Z,CP091,XDC,V,N,T0117,2021,341.337,,F,1,A,6,EUR
OECD.SDD.NAD:DSD_NAMAIN10@DF_TABLE5(1.0),A,LVA,S14,S1,P31DC,_Z,_Z,CP083,XDC,V,N,T0117,2021,377.166,,F,1,A,6,EUR
OECD.SDD.NAD:DSD_NAMAIN10@DF_TABLE5(1.0),A,LVA,S14,S1,P31DC,_Z,_Z,CP012,XDC,V,N,T0117,2021,374.182,,F,1,A,6,EUR
OECD.SDD.NAD:DSD_NAMAIN10@DF_TABLE5(1.0),A,LVA,S14,S1,P31DC,_Z,_Z,CP062,XDC,V,N,T0117,2021,603.602,,F,1,A,6,EUR
OECD.SDD.NAD:DSD_NAMAIN10@DF_TABLE5(1.0),A,LVA,S14,S1,P31DC,_Z,_Z,CP111,XDC,V,N,T0117,2021,724.219,,F,1,A,6,EUR
OECD.SDD.NAD:DSD_NAMAIN10@DF_TABLE5(1.0),A,LVA,S14,S1,P31DC,_Z,_Z,CP01,XDC,V,N,T0117,2021,3730.287,,F,1,A,6,EUR
OECD.SDD.NAD:DSD_NAMAIN10@DF_TABLE5(1.0),A,LVA,S14,S1,P31DC,_Z,_Z,CP07,XDC,V,N,T0117,2021,2067.471,,F,1,A,6,EUR
OECD.SDD.NAD:DSD_NAMAIN10@DF_TABLE5(1.0),A,LVA,S14,S1,P31DC,_Z,_Z,CP09,XDC,V,N,T0117,2021,1621.017,,F,1,A,6,EUR
OECD.SDD.NAD:DSD_NAMAIN10@DF_TABLE5(1.0),A,LVA,S14,S1,P31DC,_Z,_Z,CP042,XDC,V,N,T0117,2021,2770.159,,F,1,A,6,EUR
OECD.SDD.NAD:DSD_NAMAIN10@DF_TABLE5(1.0),A,LVA,S14,S1,P31DC,_Z,_Z,CP093,XDC,V,N,T0117,2021,386.283,,F,1,A,6,EUR
OECD.SDD.NAD:DSD_NAMAIN10@DF_TABLE5(1.0),A,LVA,S14,S1,P31DC,_Z,_Z,CP063,XDC,V,N,T0117,2021,142.509,,F,1,A,6,EUR
OECD.SDD.NAD:DSD_NAMAIN10@DF_TABLE5(1.0),A,LVA,S14,S1,P31DC,_Z,_Z,CP04,XDC,V,N,T0117,2021,4234.736,,F,1,A,6,EUR
OECD.SDD.NAD:DSD_NAMAIN10@DF_TABLE5(1.0),A,LVA,S14,S1,P31DC,_Z,_Z,CP10,XDC,V,N,T0117,2021,272.97,,F,1,A,6,EUR
OECD.SDD.NAD:DSD_NAMAIN10@DF_TABLE5(1.0),A,LVA,S14,S1,P31DC,_Z,_Z,CP104,XDC,V,N,T0117,2021,39.575,,F,1,A,6,EUR
OECD.SDD.NAD:DSD_NAMAIN10@DF_TABLE5(1.0),A,LVA,S14,S1,P31DC,_Z,_Z,CP071,XDC,V,N,T0117,2021,471.433,,F,1,A,6,EUR
OECD.SDD.NAD:DSD_NAMAIN10@DF_TABLE5(1.0),A,LVA,S14,S1,P31DC,_Z,_Z,CP051,XDC,V,N,T0117,2021,257.201,,F,1,A,6,EUR
OECD.SDD.NAD:DSD_NAMAIN10@DF_TABLE5(1.0),A,LVA,S14,S1,P31DC,_Z,_Z,CP111,XDC,V,N,T0117,2022,1219.242,,F,1,A,6,EUR
OECD.SDD.NAD:DSD_NAMAIN10@DF_TABLE5(1.0),A,LVA,S14,S1,P31DC,_Z,_Z,CP062,XDC,V,N,T0117,2022,479.714,,F,1,A,6,EUR
OECD.SDD.NAD:DSD_NAMAIN10@DF_TABLE5(1.0),A,LVA,S14,S1,P31DC,_Z,_Z,CP01,XDC,V,N,T0117,2022,4515.146,,F,1,A,6,EUR
OECD.SDD.NAD:DSD_NAMAIN10@DF_TABLE5(1.0),A,LVA,S14,S1,P31DC,_Z,_Z,CP07,XDC,V,N,T0117,2022,2603.374,,F,1,A,6,EUR
OECD.SDD.NAD:DSD_NAMAIN10@DF_TABLE5(1.0),A,LVA,S14,S1,P31DC,_Z,_Z,CP09,XDC,V,N,T0117,2022,2238.094,,F,1,A,6,EUR
OECD.SDD.NAD:DSD_NAMAIN10@DF_TABLE5(1.0),A,LVA,S14,S1,P31DC,_Z,_Z,CP042,XDC,V,N,T0117,2022,2861.25,,F,1,A,6,EUR
OECD.SDD.NAD:DSD_NAMAIN10@DF_TABLE5(1.0),A,LVA,S14,S1,P31DC,_Z,_Z,CP093,XDC,V,N,T0117,2022,429.037,,F,1,A,6,EUR
OECD.SDD.NAD:DSD_NAMAIN10@DF_TABLE5(1.0),A,LVA,S14,S1,P31DC,_Z,_Z,CP071,XDC,V,N,T0117,2022,440.54,,F,1,A,6,EUR
OECD.SDD.NAD:DSD_NAMAIN10@DF_TABLE5(1.0),A,LVA,S14,S1,P31DC,_Z,_Z,CP051,XDC,V,N,T0117,2022,270.525,,F,1,A,6,EUR
OECD.SDD.NAD:DSD_NAMAIN10@DF_TABLE5(1.0),A,LVA,S14,S1,P31DC,_Z,_Z,CP04,XDC,V,N,T0117,2022,4888.837,,F,1,A,6,EUR
OECD.SDD.NAD:DSD_NAMAIN10@DF_TABLE5(1.0),A,LVA,S14,S1,P31DC,_Z,_Z,CP063,XDC,V,N,T0117,2022,127.803,,F,1,A,6,EUR
OECD.SDD.NAD:DSD_NAMAIN10@DF_TABLE5(1.0),A,LVA,S14,S1,P31DC,_Z,_Z,CP10,XDC,V,N,T0117,2022,347.514,,F,1,A,6,EUR
OECD.SDD.NAD:DSD_NAMAIN10@DF_TABLE5(1.0),A,LVA,S14,S1,P31DC,_Z,_Z,CP104,XDC,V,N,T0117,2022,163.163,,F,1,A,6,EUR
OECD.SDD.NAD:DSD_NAMAIN10@DF_TABLE5(1.0),A,LVA,S14,S1,P31DC,_Z,_Z,CP126,XDC,V,N,T0117,2022,375.607,,F,1,A,6,EUR
OECD.SDD.NAD:DSD_NAMAIN10@DF_TABLE5(1.0),A,LVA,S14,S1,P31DC,_Z,_Z,CP03,XDC,V,N,T0117,2022,1219.166,,F,1,A,6,EUR
OECD.SDD.NAD:DSD_NAMAIN10@DF_TABLE5(1.0),A,LVA,S14,S1,P31DC,_Z,_Z,CP081,XDC,V,N,T0117,2022,20.787,,F,1,A,6,EUR
OECD.SDD.NAD:DSD_NAMAIN10@DF_TABLE5(1.0),A,LVA,S14,S1,P31DC,_Z,_Z,CP012,XDC,V,N,T0117,2022,454.393,,F,1,A,6,EUR
OECD.SDD.NAD:DSD_NAMAIN10@DF_TABLE5(1.0),A,LVA,S14,S1,P31DC,_Z,_Z,CP023,XDC,V,N,T0117,2022,47.25,,F,1,A,6,EUR
OECD.SDD.NAD:DSD_NAMAIN10@DF_TABLE5(1.0),A,LVA,S14,S1,P31DC,_Z,_Z,CP055,XDC,V,N,T0117,2022,65.267,,F,1,A,6,EUR
OECD.SDD.NAD:DSD_NAMAIN10@DF_TABLE5(1.0),A,LVA,S14,S1,P31DC,_Z,_Z,CP045,XDC,V,N,T0117,2022,1515.011,,F,1,A,6,EUR
OECD.SDD.NAD:DSD_NAMAIN10@DF_TABLE5(1.0),A,LVA,S14,S1,P31DC,_Z,_Z,CP091,XDC,V,N,T0117,2022,360.066,,F,1,A,6,EUR
OECD.SDD.NAD:DSD_NAMAIN10@DF_TABLE5(1.0),A,LVA,S14,S1,P31DC,_Z,_Z,CP083,XDC,V,N,T0117,2022,458.732,,F,1,A,6,EUR
OECD.SDD.NAD:DSD_NAMAIN10@DF_TABLE5(1.0),A,LVA,S14,S1,P31DC,_Z,_Z,CP022,XDC,V,N,T0117,2022,532.105,,F,1,A,6,EUR
OECD.SDD.NAD:DSD_NAMAIN10@DF_TABLE5(1.0),A,LVA,S14,S1,P31DC,_Z,_Z,CP041,XDC,V,N,T0117,2022,214.774,,F,1,A,6,EUR
OECD.SDD.NAD:DSD_NAMAIN10@DF_TABLE5(1.0),A,LVA,S14,S1,P31DC,_Z,_Z,CP02,XDC,V,N,T0117,2022,1632.455,,F,1,A,6,EUR
OECD.SDD.NAD:DSD_NAMAIN10@DF_TABLE5(1.0),A,LVA,S14,S1,P31DC,_Z,_Z,CP124,XDC,V,N,T0117,2022,38.5,,F,1,A,6,EUR
OECD.SDD.NAD:DSD_NAMAIN10@DF_TABLE5(1.0),A,LVA,S14,S1,P31DC,_Z,_Z,CP056,XDC,V,N,T0117,2022,269.371,,F,1,A,6,EUR
OECD.SDD.NAD:DSD_NAMAIN10@DF_TABLE5(1.0),A,LVA,S14,S1,P31DC,_Z,_Z,CP103,XDC,V,N,T0117,2022,19.577,,F,1,A,6,EUR
OECD.SDD.NAD:DSD_NAMAIN10@DF_TABLE5(1.0),A,LVA,S14,S1,P31DC,_Z,_Z,CP096,XDC,V,N,T0117,2022,321.281,,F,1,A,6,EUR
OECD.SDD.NAD:DSD_NAMAIN10@DF_TABLE5(1.0),A,LVA,S14,S1,P31DC,_Z,_Z,CP08,XDC,V,N,T0117,2022,573.983,,F,1,A,6,EUR
OECD.SDD.NAD:DSD_NAMAIN10@DF_TABLE5(1.0),A,LVA,S14,S1,P31DC,_Z,_Z,CP105,XDC,V,N,T0117,2022,62.52,,F,1,A,6,EUR
OECD.SDD.NAD:DSD_NAMAIN10@DF_TABLE5(1.0),A,LVA,S14,S1,P31DC,_Z,_Z,CP123,XDC,V,N,T0117,2022,131.387,,F,1,A,6,EUR
OECD.SDD.NAD:DSD_NAMAIN10@DF_TABLE5(1.0),A,LVA,S14,S1,P31DC,_Z,_Z,CP044,XDC,V,N,T0117,2022,221.917,,F,1,A,6,EUR
OECD.SDD.NAD:DSD_NAMAIN10@DF_TABLE5(1.0),A,LVA,S14,S1,P31DC,_Z,_Z,CP127,XDC,V,N,T0117,2022,139.651,,F,1,A,6,EUR
OECD.SDD.NAD:DSD_NAMAIN10@DF_TABLE5(1.0),A,LVA,S14,S1,P31DC,_Z,_Z,CP11,XDC,V,N,T0117,2022,1466.902,,F,1,A,6,EUR
OECD.SDD.NAD:DSD_NAMAIN10@DF_TABLE5(1.0),A,LVA,S14,S1,P31DC,_Z,_Z,CP06,XDC,V,N,T0117,2022,1034.9,,F,1,A,6,EUR
OECD.SDD.NAD:DSD_NAMAIN10@DF_TABLE5(1.0),A,LVA,S14,S1,P31DC,_Z,_Z,CP053,XDC,V,N,T0117,2022,166.275,,F,1,A,6,EUR
OECD.SDD.NAD:DSD_NAMAIN10@DF_TABLE5(1.0),A,LVA,S14,S1,P31DC,_Z,_Z,CP121,XDC,V,N,T0117,2022,542.587,,F,1,A,6,EUR
OECD.SDD.NAD:DSD_NAMAIN10@DF_TABLE5(1.0),A,LVA,S14,S1,P31DC,_Z,_Z,CP122,XDC,V,N,T0117,2022,28.765,,F,1,A,6,EUR
OECD.SDD.NAD:DSD_NAMAIN10@DF_TABLE5(1.0),A,LVA,S14,S1,P31DC,_Z,_Z,CP052,XDC,V,N,T0117,2022,51.091,,F,1,A,6,EUR
OECD.SDD.NAD:DSD_NAMAIN10@DF_TABLE5(1.0),A,LVA,S14,S1,P31DC,_Z,_Z,CP061,XDC,V,N,T0117,2022,427.382,,F,1,A,6,EUR
OECD.SDD.NAD:DSD_NAMAIN10@DF_TABLE5(1.0),A,LVA,S14,S1,P31DC,_Z,_Z,CP032,XDC,V,N,T0117,2022,287.412,,F,1,A,6,EUR
OECD.SDD.NAD:DSD_NAMAIN10@DF_TABLE5(1.0),A,LVA,S14,S1,P31DC,_Z,_Z,CP12,XDC,V,N,T0117,2022,1506.921,,F,1,A,6,EUR
OECD.SDD.NAD:DSD_NAMAIN10@DF_TABLE5(1.0),A,LVA,S14,S1,P31DC,_Z,_Z,CP101,XDC,V,N,T0117,2022,86.296,,F,1,A,6,EUR
OECD.SDD.NAD:DSD_NAMAIN10@DF_TABLE5(1.0),A,LVA,S14,S1,P31DC,_Z,_Z,_T,XDC,V,N,T0117,2022,22963.192,,F,1,A,6,EUR
OECD.SDD.NAD:DSD_NAMAIN10@DF_TABLE5(1.0),A,LVA,S14,S1,P31DC,_Z,_Z,CP073,XDC,V,N,T0117,2022,486.536,,F,1,A,6,EUR
OECD.SDD.NAD:DSD_NAMAIN10@DF_TABLE5(1.0),A,LVA,S14,S1,P31DC,_Z,_Z,CP011,XDC,V,N,T0117,2022,4060.753,,F,1,A,6,EUR
OECD.SDD.NAD:DSD_NAMAIN10@DF_TABLE5(1.0),A,LVA,S14,S1,P31DC,_Z,_Z,CP043,XDC,V,N,T0117,2022,75.884,,F,1,A,6,EUR
OECD.SDD.NAD:DSD_NAMAIN10@DF_TABLE5(1.0),A,LVA,S14,S1,P31DC,_Z,_Z,CP021,XDC,V,N,T0117,2022,1053.1,,F,1,A,6,EUR
OECD.SDD.NAD:DSD_NAMAIN10@DF_TABLE5(1.0),A,LVA,S14,S1,P31DC,_Z,_Z,CP054,XDC,V,N,T0117,2022,113.371,,F,1,A,6,EUR
OECD.SDD.NAD:DSD_NAMAIN10@DF_TABLE5(1.0),A,LVA,S14,S1,P31DC,_Z,_Z,CP112,XDC,V,N,T0117,2022,247.659,,F,1,A,6,EUR
OECD.SDD.NAD:DSD_NAMAIN10@DF_TABLE5(1.0),A,LVA,S14,S1,P31DC,_Z,_Z,CP122_127,XDC,V,N,T0117,2022,168.416,,F,1,A,6,EUR
OECD.SDD.NAD:DSD_NAMAIN10@DF_TABLE5(1.0),A,LVA,S14,S1,P31DC,_Z,_Z,CP082,XDC,V,N,T0117,2022,94.463,,F,1,A,6,EUR
OECD.SDD.NAD:DSD_NAMAIN10@DF_TABLE5(1.0),A,LVA,S14,S1,P31DC,_Z,_Z,CP094,XDC,V,N,T0117,2022,849.05,,F,1,A,6,EUR
OECD.SDD.NAD:DSD_NAMAIN10@DF_TABLE5(1.0),A,LVA,S14,S1,P31DC,_Z,_Z,CP031,XDC,V,N,T0117,2022,931.754,,F,1,A,6,EUR
OECD.SDD.NAD:DSD_NAMAIN10@DF_TABLE5(1.0),A,LVA,S14,S1,P31DC,_Z,_Z,CP092,XDC,V,N,T0117,2022,9.288,,F,1,A,6,EUR
OECD.SDD.NAD:DSD_NAMAIN10@DF_TABLE5(1.0),A,LVA,S14,S1,P31DC,_Z,_Z,CP072,XDC,V,N,T0117,2022,1676.299,,F,1,A,6,EUR
OECD.SDD.NAD:DSD_NAMAIN10@DF_TABLE5(1.0),A,LVA,S14,S1,P31DC,_Z,_Z,CP05,XDC,V,N,T0117,2022,935.9,,F,1,A,6,EUR
OECD.SDD.NAD:DSD_NAMAIN10@DF_TABLE5(1.0),A,LVA,S14,S1,P31DC,_Z,_Z,CP095,XDC,V,N,T0117,2022,269.374,,F,1,A,6,EUR
OECD.SDD.NAD:DSD_NAMAIN10@DF_TABLE5(1.0),A,LVA,S14,S1,P31DC,_Z,_Z,CP125,XDC,V,N,T0117,2022,250.424,,F,1,A,6,EUR
OECD.SDD.NAD:DSD_NAMAIN10@DF_TABLE5(1.0),A,LVA,S14,S1,P31DC,_Z,_Z,CP102,XDC,V,N,T0117,2022,15.958,,F,1,A,6,EUR
OECD.SDD.NAD:DSD_NAMAIN10@DF_TABLE5(1.0),A,EST,S14,S1,P31DC,_Z,_Z,CP092,XDC,V,N,T0117,2021,13.92,,F,1,A,6,EUR
OECD.SDD.NAD:DSD_NAMAIN10@DF_TABLE5(1.0),A,EST,S14,S1,P31DC,_Z,_Z,CP096,XDC,V,N,T0117,2021,57.19,,F,1,A,6,EUR
OECD.SDD.NAD:DSD_NAMAIN10@DF_TABLE5(1.0),A,EST,S14,S1,P31DC,_Z,_Z,CP06,XDC,V,N,T0117,2021,559.65,,F,1,A,6,EUR
OECD.SDD.NAD:DSD_NAMAIN10@DF_TABLE5(1.0),A,EST,S14,S1,P31DC,_Z,_Z,CP083,XDC,V,N,T0117,2021,279.95,,F,1,A,6,EUR
OECD.SDD.NAD:DSD_NAMAIN10@DF_TABLE5(1.0),A,EST,S14,S1,P31DC,_Z,_Z,CP056,XDC,V,N,T0117,2021,87.45,,F,1,A,6,EUR
OECD.SDD.NAD:DSD_NAMAIN10@DF_TABLE5(1.0),A,EST,S14,S1,P31DC,_Z,_Z,_T,XDC,V,N,T0117,2021,14991.4,,F,1,A,6,EUR
OECD.SDD.NAD:DSD_NAMAIN10@DF_TABLE5(1.0),A,EST,S14,S1,P31DC,_Z,_Z,CP04,XDC,V,N,T0117,2021,3133.06,,F,1,A,6,EUR
OECD.SDD.NAD:DSD_NAMAIN10@DF_TABLE5(1.0),A,EST,S14,S1,P31DC,_Z,_Z,CP103,XDC,V,N,T0117,2021,1.15,,F,1,A,6,EUR
OECD.SDD.NAD:DSD_NAMAIN10@DF_TABLE5(1.0),A,EST,S14,S1,P31DC,_Z,_Z,CP05,XDC,V,N,T0117,2021,763.71,,F,1,A,6,EUR
OECD.SDD.NAD:DSD_NAMAIN10@DF_TABLE5(1.0),A,EST,S14,S1,P31DC,_Z,_Z,CP062,XDC,V,N,T0117,2021,196.94,,F,1,A,6,EUR
OECD.SDD.NAD:DSD_NAMAIN10@DF_TABLE5(1.0),A,EST,S14,S1,P31DC,_Z,_Z,CP082,XDC,V,N,T0117,2021,55.9,,F,1,A,6,EUR
OECD.SDD.NAD:DSD_NAMAIN10@DF_TABLE5(1.0),A,EST,S14,S1,P31DC,_Z,_Z,CP127,XDC,V,N,T0117,2021,107.23,,F,1,A,6,EUR
OECD.SDD.NAD:DSD_NAMAIN10@DF_TABLE5(1.0),A,EST,S14,S1,P31DC,_Z,_Z,CP041,XDC,V,N,T0117,2021,616.9,,F,1,A,6,EUR
OECD.SDD.NAD:DSD_NAMAIN10@DF_TABLE5(1.0),A,EST,S14,S1,P31DC,_Z,_Z,CP081,XDC,V,N,T0117,2021,52.71,,F,1,A,6,EUR
OECD.SDD.NAD:DSD_NAMAIN10@DF_TABLE5(1.0),A,EST,S14,S1,P31DC,_Z,_Z,CP102,XDC,V,N,T0117,2021,5.16,,F,1,A,6,EUR
OECD.SDD.NAD:DSD_NAMAIN10@DF_TABLE5(1.0),A,EST,S14,S1,P31DC,_Z,_Z,CP03,XDC,V,N,T0117,2021,917.55,,F,1,A,6,EUR
OECD.SDD.NAD:DSD_NAMAIN10@DF_TABLE5(1.0),A,EST,S14,S1,P31DC,_Z,_Z,CP094,XDC,V,N,T0117,2021,456.62,,F,1,A,6,EUR
OECD.SDD.NAD:DSD_NAMAIN10@DF_TABLE5(1.0),A,EST,S14,S1,P31DC,_Z,_Z,CP011,XDC,V,N,T0117,2021,2708.5,,F,1,A,6,EUR
OECD.SDD.NAD:DSD_NAMAIN10@DF_TABLE5(1.0),A,EST,S14,S1,P31DC,_Z,_Z,CP123,XDC,V,N,T0117,2021,152.41,,F,1,A,6,EUR
OECD.SDD.NAD:DSD_NAMAIN10@DF_TABLE5(1.0),A,EST,S14,S1,P31DC,_Z,_Z,CP122_127,XDC,V,N,T0117,2021,110.67,,F,1,A,6,EUR
OECD.SDD.NAD:DSD_NAMAIN10@DF_TABLE5(1.0),A,EST,S14,S1,P31DC,_Z,_Z,CP022,XDC,V,N,T0117,2021,386.12,,F,1,A,6,EUR
OECD.SDD.NAD:DSD_NAMAIN10@DF_TABLE5(1.0),A,EST,S14,S1,P31DC,_Z,_Z,CP07,XDC,V,N,T0117,2021,1523.84,,F,1,A,6,EUR
OECD.SDD.NAD:DSD_NAMAIN10@DF_TABLE5(1.0),A,EST,S14,S1,P31DC,_Z,_Z,CP11,XDC,V,N,T0117,2021,849.05,,F,1,A,6,EUR
OECD.SDD.NAD:DSD_NAMAIN10@DF_TABLE5(1.0),A,EST,S14,S1,P31DC,_Z,_Z,CP043,XDC,V,N,T0117,2021,34.49,,F,1,A,6,EUR
OECD.SDD.NAD:DSD_NAMAIN10@DF_TABLE5(1.0),A,EST,S14,S1,P31DC,_Z,_Z,CP023,XDC,V,N,T0117,2021,52.28,,F,1,A,6,EUR
OECD.SDD.NAD:DSD_NAMAIN10@DF_TABLE5(1.0),A,EST,S14,S1,P31DC,_Z,_Z,CP045,XDC,V,N,T0117,2021,754.64,,F,1,A,6,EUR
OECD.SDD.NAD:DSD_NAMAIN10@DF_TABLE5(1.0),A,EST,S14,S1,P31DC,_Z,_Z,CP052,XDC,V,N,T0117,2021,72.03,,F,1,A,6,EUR
OECD.SDD.NAD:DSD_NAMAIN10@DF_TABLE5(1.0),A,EST,S14,S1,P31DC,_Z,_Z,CP061,XDC,V,N,T0117,2021,287.58,,F,1,A,6,EUR
OECD.SDD.NAD:DSD_NAMAIN10@DF_TABLE5(1.0),A,EST,S14,S1,P31DC,_Z,_Z,CP091,XDC,V,N,T0117,2021,260.78,,F,1,A,6,EUR
OECD.SDD.NAD:DSD_NAMAIN10@DF_TABLE5(1.0),A,EST,S14,S1,P31DC,_Z,_Z,CP101,XDC,V,N,T0117,2021,30.38,,F,1,A,6,EUR
OECD.SDD.NAD:DSD_NAMAIN10@DF_TABLE5(1.0),A,EST,S14,S1,P31DC,_Z,_Z,CP08,XDC,V,N,T0117,2021,388.55,,F,1,A,6,EUR
OECD.SDD.NAD:DSD_NAMAIN10@DF_TABLE5(1.0),A,EST,S14,S1,P31DC,_Z,_Z,CP105,XDC,V,N,T0117,2021,28.79,,F,1,A,6,EUR
OECD.SDD.NAD:DSD_NAMAIN10@DF_TABLE5(1.0),A,EST,S14,S1,P31DC,_Z,_Z,CP055,XDC,V,N,T0117,2021,67.44,,F,1,A,6,EUR
OECD.SDD.NAD:DSD_NAMAIN10@DF_TABLE5(1.0),A,EST,S14,S1,P31DC,_Z,_Z,CP12,XDC,V,N,T0117,2021,1372.5,,F,1,A,6,EUR
OECD.SDD.NAD:DSD_NAMAIN10@DF_TABLE5(1.0),A,EST,S14,S1,P31DC,_Z,_Z,CP01,XDC,V,N,T0117,2021,2934.73,,F,1,A,6,EUR
OECD.SDD.NAD:DSD_NAMAIN10@DF_TABLE5(1.0),A,EST,S14,S1,P31DC,_Z,_Z,CP031,XDC,V,N,T0117,2021,736.77,,F,1,A,6,EUR
OECD.SDD.NAD:DSD_NAMAIN10@DF_TABLE5(1.0),A,EST,S14,S1,P31DC,_Z,_Z,CP126,XDC,V,N,T0117,2021,444.48,,F,1,A,6,EUR
OECD.SDD.NAD:DSD_NAMAIN10@DF_TABLE5(1.0),A,EST,S14,S1,P31DC,_Z,_Z,CP044,XDC,V,N,T0117,2021,156.9,,F,1,A,6,EUR
OECD.SDD.NAD:DSD_NAMAIN10@DF_TABLE5(1.0),A,EST,S14,S1,P31DC,_Z,_Z,CP071,XDC,V,N,T0117,2021,306.44,,F,1,A,6,EUR
OECD.SDD.NAD:DSD_NAMAIN10@DF_TABLE5(1.0),A,EST,S14,S1,P31DC,_Z,_Z,CP121,XDC,V,N,T0117,2021,466.35,,F,1,A,6,EUR
OECD.SDD.NAD:DSD_NAMAIN10@DF_TABLE5(1.0),A,EST,S14,S1,P31DC,_Z,_Z,CP051,XDC,V,N,T0117,2021,275.42,,F,1,A,6,EUR
OECD.SDD.NAD:DSD_NAMAIN10@DF_TABLE5(1.0),A,EST,S14,S1,P31DC,_Z,_Z,CP02,XDC,V,N,T0117,2021,1143.65,,F,1,A,6,EUR
OECD.SDD.NAD:DSD_NAMAIN10@DF_TABLE5(1.0),A,EST,S14,S1,P31DC,_Z,_Z,CP09,XDC,V,N,T0117,2021,1322.69,,F,1,A,6,EUR
OECD.SDD.NAD:DSD_NAMAIN10@DF_TABLE5(1.0),A,EST,S14,S1,P31DC,_Z,_Z,CP112,XDC,V,N,T0117,2021,145.11,,F,1,A,6,EUR
OECD.SDD.NAD:DSD_NAMAIN10@DF_TABLE5(1.0),A,EST,S14,S1,P31DC,_Z,_Z,CP10,XDC,V,N,T0117,2021,82.42,,F,1,A,6,EUR
OECD.SDD.NAD:DSD_NAMAIN10@DF_TABLE5(1.0),A,EST,S14,S1,P31DC,_Z,_Z,CP063,XDC,V,N,T0117,2021,75.12,,F,1,A,6,EUR
OECD.SDD.NAD:DSD_NAMAIN10@DF_TABLE5(1.0),A,EST,S14,S1,P31DC,_Z,_Z,CP054,XDC,V,N,T0117,2021,69.11,,F,1,A,6,EUR
OECD.SDD.NAD:DSD_NAMAIN10@DF_TABLE5(1.0),A,EST,S14,S1,P31DC,_Z,_Z,CP093,XDC,V,N,T0117,2021,360.55,,F,1,A,6,EUR
OECD.SDD.NAD:DSD_NAMAIN10@DF_TABLE5(1.0),A,EST,S14,S1,P31DC,_Z,_Z,CP111,XDC,V,N,T0117,2021,703.93,,F,1,A,6,EUR
OECD.SDD.NAD:DSD_NAMAIN10@DF_TABLE5(1.0),A,EST,S14,S1,P31DC,_Z,_Z,CP053,XDC,V,N,T0117,2021,192.25,,F,1,A,6,EUR
OECD.SDD.NAD:DSD_NAMAIN10@DF_TABLE5(1.0),A,EST,S14,S1,P31DC,_Z,_Z,CP032,XDC,V,N,T0117,2021,180.79,,F,1,A,6,EUR
OECD.SDD.NAD:DSD_NAMAIN10@DF_TABLE5(1.0),A,EST,S14,S1,P31DC,_Z,_Z,CP021,XDC,V,N,T0117,2021,705.25,,F,1,A,6,EUR
OECD.SDD.NAD:DSD_NAMAIN10@DF_TABLE5(1.0),A,EST,S14,S1,P31DC,_Z,_Z,CP012,XDC,V,N,T0117,2021,226.23,,F,1,A,6,EUR
OECD.SDD.NAD:DSD_NAMAIN10@DF_TABLE5(1.0),A,EST,S14,S1,P31DC,_Z,_Z,CP095,XDC,V,N,T0117,2021,173.63,,F,1,A,6,EUR
OECD.SDD.NAD:DSD_NAMAIN10@DF_TABLE5(1.0),A,EST,S14,S1,P31DC,_Z,_Z,CP042,XDC,V,N,T0117,2021,1570.13,,F,1,A,6,EUR
OECD.SDD.NAD:DSD_NAMAIN10@DF_TABLE5(1.0),A,EST,S14,S1,P31DC,_Z,_Z,CP073,XDC,V,N,T0117,2021,208.08,,F,1,A,6,EUR
OECD.SDD.NAD:DSD_NAMAIN10@DF_TABLE5(1.0),A,EST,S14,S1,P31DC,_Z,_Z,CP104,XDC,V,N,T0117,2021,16.94,,F,1,A,6,EUR
OECD.SDD.NAD:DSD_NAMAIN10@DF_TABLE5(1.0),A,EST,S14,S1,P31DC,_Z,_Z,CP072,XDC,V,N,T0117,2021,1009.31,,F,1,A,6,EUR
OECD.SDD.NAD:DSD_NAMAIN10@DF_TABLE5(1.0),A,EST,S14,S1,P31DC,_Z,_Z,CP122,XDC,V,N,T0117,2021,3.45,,F,1,A,6,EUR
OECD.SDD.NAD:DSD_NAMAIN10@DF_TABLE5(1.0),A,EST,S14,S1,P31DC,_Z,_Z,CP124,XDC,V,N,T0117,2021,121.4,,F,1,A,6,EUR
OECD.SDD.NAD:DSD_NAMAIN10@DF_TABLE5(1.0),A,EST,S14,S1,P31DC,_Z,_Z,CP125,XDC,V,N,T0117,2021,77.19,,F,1,A,6,EUR
OECD.SDD.NAD:DSD_NAMAIN10@DF_TABLE5(1.0),A,EST,S14,S1,P31DC,_Z,_Z,CP054,XDC,V,N,T0117,2022,76.17,,F,1,A,6,EUR
OECD.SDD.NAD:DSD_NAMAIN10@DF_TABLE5(1.0),A,EST,S14,S1,P31DC,_Z,_Z,CP112,XDC,V,N,T0117,2022,287.56,,F,1,A,6,EUR
OECD.SDD.NAD:DSD_NAMAIN10@DF_TABLE5(1.0),A,EST,S14,S1,P31DC,_Z,_Z,CP10,XDC,V,N,T0117,2022,84.14,,F,1,A,6,EUR
OECD.SDD.NAD:DSD_NAMAIN10@DF_TABLE5(1.0),A,EST,S14,S1,P31DC,_Z,_Z,CP063,XDC,V,N,T0117,2022,76.58,,F,1,A,6,EUR
OECD.SDD.NAD:DSD_NAMAIN10@DF_TABLE5(1.0),A,EST,S14,S1,P31DC,_Z,_Z,CP02,XDC,V,N,T0117,2022,1253.68,,F,1,A,6,EUR
OECD.SDD.NAD:DSD_NAMAIN10@DF_TABLE5(1.0),A,EST,S14,S1,P31DC,_Z,_Z,CP09,XDC,V,N,T0117,2022,1610.33,,F,1,A,6,EUR
OECD.SDD.NAD:DSD_NAMAIN10@DF_TABLE5(1.0),A,EST,S14,S1,P31DC,_Z,_Z,CP093,XDC,V,N,T0117,2022,405.25,,F,1,A,6,EUR
OECD.SDD.NAD:DSD_NAMAIN10@DF_TABLE5(1.0),A,EST,S14,S1,P31DC,_Z,_Z,CP111,XDC,V,N,T0117,2022,1007.66,,F,1,A,6,EUR
OECD.SDD.NAD:DSD_NAMAIN10@DF_TABLE5(1.0),A,EST,S14,S1,P31DC,_Z,_Z,CP053,XDC,V,N,T0117,2022,212.67,,F,1,A,6,EUR
OECD.SDD.NAD:DSD_NAMAIN10@DF_TABLE5(1.0),A,EST,S14,S1,P31DC,_Z,_Z,CP032,XDC,V,N,T0117,2022,207.84,,F,1,A,6,EUR
OECD.SDD.NAD:DSD_NAMAIN10@DF_TABLE5(1.0),A,EST,S14,S1,P31DC,_Z,_Z,CP021,XDC,V,N,T0117,2022,762.84,,F,1,A,6,EUR
OECD.SDD.NAD:DSD_NAMAIN10@DF_TABLE5(1.0),A,EST,S14,S1,P31DC,_Z,_Z,CP073,XDC,V,N,T0117,2022,317.91,,F,1,A,6,EUR
OECD.SDD.NAD:DSD_NAMAIN10@DF_TABLE5(1.0),A,EST,S14,S1,P31DC,_Z,_Z,CP042,XDC,V,N,T0117,2022,1887.32,,F,1,A,6,EUR
OECD.SDD.NAD:DSD_NAMAIN10@DF_TABLE5(1.0),A,EST,S14,S1,P31DC,_Z,_Z,CP012,XDC,V,N,T0117,2022,253.66,,F,1,A,6,EUR
OECD.SDD.NAD:DSD_NAMAIN10@DF_TABLE5(1.0),A,EST,S14,S1,P31DC,_Z,_Z,CP095,XDC,V,N,T0117,2022,191.72,,F,1,A,6,EUR
OECD.SDD.NAD:DSD_NAMAIN10@DF_TABLE5(1.0),A,EST,S14,S1,P31DC,_Z,_Z,CP124,XDC,V,N,T0117,2022,133.77,,F,1,A,6,EUR
OECD.SDD.NAD:DSD_NAMAIN10@DF_TABLE5(1.0),A,EST,S14,S1,P31DC,_Z,_Z,CP125,XDC,V,N,T0117,2022,75.59,,F,1,A,6,EUR
OECD.SDD.NAD:DSD_NAMAIN10@DF_TABLE5(1.0),A,EST,S14,S1,P31DC,_Z,_Z,CP122,XDC,V,N,T0117,2022,5.58,,F,1,A,6,EUR
OECD.SDD.NAD:DSD_NAMAIN10@DF_TABLE5(1.0),A,EST,S14,S1,P31DC,_Z,_Z,CP104,XDC,V,N,T0117,2022,18.01,,F,1,A,6,EUR
OECD.SDD.NAD:DSD_NAMAIN10@DF_TABLE5(1.0),A,EST,S14,S1,P31DC,_Z,_Z,CP072,XDC,V,N,T0117,2022,1344.98,,F,1,A,6,EUR
OECD.SDD.NAD:DSD_NAMAIN10@DF_TABLE5(1.0),A,EST,S14,S1,P31DC,_Z,_Z,CP01,XDC,V,N,T0117,2022,3455.47,,F,1,A,6,EUR
OECD.SDD.NAD:DSD_NAMAIN10@DF_TABLE5(1.0),A,EST,S14,S1,P31DC,_Z,_Z,CP044,XDC,V,N,T0117,2022,165.31,,F,1,A,6,EUR
OECD.SDD.NAD:DSD_NAMAIN10@DF_TABLE5(1.0),A,EST,S14,S1,P31DC,_Z,_Z,CP071,XDC,V,N,T0117,2022,345.86,,F,1,A,6,EUR
OECD.SDD.NAD:DSD_NAMAIN10@DF_TABLE5(1.0),A,EST,S14,S1,P31DC,_Z,_Z,CP126,XDC,V,N,T0117,2022,427.18,,F,1,A,6,EUR
OECD.SDD.NAD:DSD_NAMAIN10@DF_TABLE5(1.0),A,EST,S14,S1,P31DC,_Z,_Z,CP031,XDC,V,N,T0117,2022,857.46,,F,1,A,6,EUR
OECD.SDD.NAD:DSD_NAMAIN10@DF_TABLE5(1.0),A,EST,S14,S1,P31DC,_Z,_Z,CP051,XDC,V,N,T0117,2022,304.63,,F,1,A,6,EUR
OECD.SDD.NAD:DSD_NAMAIN10@DF_TABLE5(1.0),A,EST,S14,S1,P31DC,_Z,_Z,CP121,XDC,V,N,T0117,2022,518.92,,F,1,A,6,EUR
OECD.SDD.NAD:DSD_NAMAIN10@DF_TABLE5(1.0),A,EST,S14,S1,P31DC,_Z,_Z,CP055,XDC,V,N,T0117,2022,74.56,,F,1,A,6,EUR
OECD.SDD.NAD:DSD_NAMAIN10@DF_TABLE5(1.0),A,EST,S14,S1,P31DC,_Z,_Z,CP12,XDC,V,N,T0117,2022,1449.71,,F,1,A,6,EUR
OECD.SDD.NAD:DSD_NAMAIN10@DF_TABLE5(1.0),A,EST,S14,S1,P31DC,_Z,_Z,CP08,XDC,V,N,T0117,2022,405.04,,F,1,A,6,EUR
OECD.SDD.NAD:DSD_NAMAIN10@DF_TABLE5(1.0),A,EST,S14,S1,P31DC,_Z,_Z,CP105,XDC,V,N,T0117,2022,29.67,,F,1,A,6,EUR
OECD.SDD.NAD:DSD_NAMAIN10@DF_TABLE5(1.0),A,EST,S14,S1,P31DC,_Z,_Z,CP091,XDC,V,N,T0117,2022,281.84,,F,1,A,6,EUR
OECD.SDD.NAD:DSD_NAMAIN10@DF_TABLE5(1.0),A,EST,S14,S1,P31DC,_Z,_Z,CP101,XDC,V,N,T0117,2022,30.58,,F,1,A,6,EUR
OECD.SDD.NAD:DSD_NAMAIN10@DF_TABLE5(1.0),A,EST,S14,S1,P31DC,_Z,_Z,CP061,XDC,V,N,T0117,2022,305.7,,F,1,A,6,EUR
OECD.SDD.NAD:DSD_NAMAIN10@DF_TABLE5(1.0),A,EST,S14,S1,P31DC,_Z,_Z,CP056,XDC,V,N,T0117,2022,98.29,,F,1,A,6,EUR
OECD.SDD.NAD:DSD_NAMAIN10@DF_TABLE5(1.0),A,EST,S14,S1,P31DC,_Z,_Z,_T,XDC,V,N,T0117,2022,18126.7,,F,1,A,6,EUR
OECD.SDD.NAD:DSD_NAMAIN10@DF_TABLE5(1.0),A,EST,S14,S1,P31DC,_Z,_Z,CP06,XDC,V,N,T0117,2022,583.67,,F,1,A,6,EUR
OECD.SDD.NAD:DSD_NAMAIN10@DF_TABLE5(1.0),A,EST,S14,S1,P31DC,_Z,_Z,CP083,XDC,V,N,T0117,2022,291.33,,F,1,A,6,EUR
OECD.SDD.NAD:DSD_NAMAIN10@DF_TABLE5(1.0),A,EST,S14,S1,P31DC,_Z,_Z,CP092,XDC,V,N,T0117,2022,15.37,,F,1,A,6,EUR
OECD.SDD.NAD:DSD_NAMAIN10@DF_TABLE5(1.0),A,EST,S14,S1,P31DC,_Z,_Z,CP096,XDC,V,N,T0117,2022,145.04,,F,1,A,6,EUR
OECD.SDD.NAD:DSD_NAMAIN10@DF_TABLE5(1.0),A,EST,S14,S1,P31DC,_Z,_Z,CP094,XDC,V,N,T0117,2022,571.11,,F,1,A,6,EUR
OECD.SDD.NAD:DSD_NAMAIN10@DF_TABLE5(1.0),A,EST,S14,S1,P31DC,_Z,_Z,CP011,XDC,V,N,T0117,2022,3201.81,,F,1,A,6,EUR
OECD.SDD.NAD:DSD_NAMAIN10@DF_TABLE5(1.0),A,EST,S14,S1,P31DC,_Z,_Z,CP123,XDC,V,N,T0117,2022,168.43,,F,1,A,6,EUR
OECD.SDD.NAD:DSD_NAMAIN10@DF_TABLE5(1.0),A,EST,S14,S1,P31DC,_Z,_Z,CP122_127,XDC,V,N,T0117,2022,125.81,,F,1,A,6,EUR
OECD.SDD.NAD:DSD_NAMAIN10@DF_TABLE5(1.0),A,EST,S14,S1,P31DC,_Z,_Z,CP03,XDC,V,N,T0117,2022,1065.3,,F,1,A,6,EUR
OECD.SDD.NAD:DSD_NAMAIN10@DF_TABLE5(1.0),A,EST,S14,S1,P31DC,_Z,_Z,CP081,XDC,V,N,T0117,2022,52.15,,F,1,A,6,EUR
OECD.SDD.NAD:DSD_NAMAIN10@DF_TABLE5(1.0),A,EST,S14,S1,P31DC,_Z,_Z,CP102,XDC,V,N,T0117,2022,4.73,,F,1,A,6,EUR
OECD.SDD.NAD:DSD_NAMAIN10@DF_TABLE5(1.0),A,EST,S14,S1,P31DC,_Z,_Z,CP127,XDC,V,N,T0117,2022,120.23,,F,1,A,6,EUR
OECD.SDD.NAD:DSD_NAMAIN10@DF_TABLE5(1.0),A,EST,S14,S1,P31DC,_Z,_Z,CP041,XDC,V,N,T0117,2022,696.6,,F,1,A,6,EUR
OECD.SDD.NAD:DSD_NAMAIN10@DF_TABLE5(1.0),A,EST,S14,S1,P31DC,_Z,_Z,CP082,XDC,V,N,T0117,2022,61.57,,F,1,A,6,EUR
OECD.SDD.NAD:DSD_NAMAIN10@DF_TABLE5(1.0),A,EST,S14,S1,P31DC,_Z,_Z,CP062,XDC,V,N,T0117,2022,201.39,,F,1,A,6,EUR
OECD.SDD.NAD:DSD_NAMAIN10@DF_TABLE5(1.0),A,EST,S14,S1,P31DC,_Z,_Z,CP05,XDC,V,N,T0117,2022,845.58,,F,1,A,6,EUR
OECD.SDD.NAD:DSD_NAMAIN10@DF_TABLE5(1.0),A,EST,S14,S1,P31DC,_Z,_Z,CP103,XDC,V,N,T0117,2022,1.14,,F,1,A,6,EUR
OECD.SDD.NAD:DSD_NAMAIN10@DF_TABLE5(1.0),A,EST,S14,S1,P31DC,_Z,_Z,CP04,XDC,V,N,T0117,2022,4069.79,,F,1,A,6,EUR
OECD.SDD.NAD:DSD_NAMAIN10@DF_TABLE5(1.0),A,EST,S14,S1,P31DC,_Z,_Z,CP045,XDC,V,N,T0117,2022,1280.92,,F,1,A,6,EUR
OECD.SDD.NAD:DSD_NAMAIN10@DF_TABLE5(1.0),A,EST,S14,S1,P31DC,_Z,_Z,CP052,XDC,V,N,T0117,2022,79.26,,F,1,A,6,EUR
OECD.SDD.NAD:DSD_NAMAIN10@DF_TABLE5(1.0),A,EST,S14,S1,P31DC,_Z,_Z,CP022,XDC,V,N,T0117,2022,432.02,,F,1,A,6,EUR
OECD.SDD.NAD:DSD_NAMAIN10@DF_TABLE5(1.0),A,EST,S14,S1,P31DC,_Z,_Z,CP07,XDC,V,N,T0117,2022,2008.76,,F,1,A,6,EUR
OECD.SDD.NAD:DSD_NAMAIN10@DF_TABLE5(1.0),A,EST,S14,S1,P31DC,_Z,_Z,CP023,XDC,V,N,T0117,2022,58.82,,F,1,A,6,EUR
OECD.SDD.NAD:DSD_NAMAIN10@DF_TABLE5(1.0),A,EST,S14,S1,P31DC,_Z,_Z,CP11,XDC,V,N,T0117,2022,1295.23,,F,1,A,6,EUR
OECD.SDD.NAD:DSD_NAMAIN10@DF_TABLE5(1.0),A,EST,S14,S1,P31DC,_Z,_Z,CP043,XDC,V,N,T0117,2022,39.63,,F,1,A,6,EUR
OECD.SDD.NAD:DSD_NAMAIN10@DF_TABLE5(1.0),A,AUT,S14,S1,P31DC,_Z,_Z,CP094,XDC,V,N,T0117,2021,5642.38,,F,1,A,6,EUR
OECD.SDD.NAD:DSD_NAMAIN10@DF_TABLE5(1.0),A,AUT,S14,S1,P31DC,_Z,_Z,CP082,XDC,V,N,T0117,2021,811.79,,F,1,A,6,EUR
OECD.SDD.NAD:DSD_NAMAIN10@DF_TABLE5(1.0),A,AUT,S14,S1,P31DC,_Z,_Z,CP043,XDC,V,N,T0117,2021,2500.28,,F,1,A,6,EUR
OECD.SDD.NAD:DSD_NAMAIN10@DF_TABLE5(1.0),A,AUT,S14,S1,P31DC,_Z,_Z,CP125,XDC,V,N,T0117,2021,6283.83,,F,1,A,6,EUR
OECD.SDD.NAD:DSD_NAMAIN10@DF_TABLE5(1.0),A,AUT,S14,S1,P31DC,_Z,_Z,CP093,XDC,V,N,T0117,2021,5408.22,,F,1,A,6,EUR
OECD.SDD.NAD:DSD_NAMAIN10@DF_TABLE5(1.0),A,AUT,S14,S1,P31DC,_Z,_Z,CP122_127,XDC,V,N,T0117,2021,2243.91,,F,1,A,6,EUR
OECD.SDD.NAD:DSD_NAMAIN10@DF_TABLE5(1.0),A,AUT,S14,S1,P31DC,_Z,_Z,CP012,XDC,V,N,T0117,2021,2277.62,,F,1,A,6,EUR
OECD.SDD.NAD:DSD_NAMAIN10@DF_TABLE5(1.0),A,AUT,S14,S1,P31DC,_Z,_Z,CP07,XDC,V,N,T0117,2021,22327.91,,F,1,A,6,EUR
OECD.SDD.NAD:DSD_NAMAIN10@DF_TABLE5(1.0),A,AUT,S14,S1,P31DC,_Z,_Z,CP011,XDC,V,N,T0117,2021,18769.47,,F,1,A,6,EUR
OECD.SDD.NAD:DSD_NAMAIN10@DF_TABLE5(1.0),A,AUT,S14,S1,P31DC,_Z,_Z,CP09,XDC,V,N,T0117,2021,17520.8,,F,1,A,6,EUR
OECD.SDD.NAD:DSD_NAMAIN10@DF_TABLE5(1.0),A,AUT,S14,S1,P31DC,_Z,_Z,CP022,XDC,V,N,T0117,2021,3914.85,,F,1,A,6,EUR
OECD.SDD.NAD:DSD_NAMAIN10@DF_TABLE5(1.0),A,AUT,S14,S1,P31DC,_Z,_Z,CP05,XDC,V,N,T0117,2021,14197.45,,F,1,A,6,EUR
OECD.SDD.NAD:DSD_NAMAIN10@DF_TABLE5(1.0),A,AUT,S14,S1,P31DC,_Z,_Z,CP04,XDC,V,N,T0117,2021,49928.64,,F,1,A,6,EUR
OECD.SDD.NAD:DSD_NAMAIN10@DF_TABLE5(1.0),A,AUT,S14,S1,P31DC,_Z,_Z,CP101,XDC,V,N,T0117,2021,296.56,,F,1,A,6,EUR
OECD.SDD.NAD:DSD_NAMAIN10@DF_TABLE5(1.0),A,AUT,S14,S1,P31DC,_Z,_Z,CP10,XDC,V,N,T0117,2021,1851.42,,F,1,A,6,EUR
OECD.SDD.NAD:DSD_NAMAIN10@DF_TABLE5(1.0),A,AUT,S14,S1,P31DC,_Z,_Z,CP03,XDC,V,N,T0117,2021,9762.8,,F,1,A,6,EUR
OECD.SDD.NAD:DSD_NAMAIN10@DF_TABLE5(1.0),A,AUT,S14,S1,P31DC,_Z,_Z,CP123,XDC,V,N,T0117,2021,1741.62,,F,1,A,6,EUR
OECD.SDD.NAD:DSD_NAMAIN10@DF_TABLE5(1.0),A,AUT,S14,S1,P31DC,_Z,_Z,CP045,XDC,V,N,T0117,2021,8414.81,,F,1,A,6,EUR
OECD.SDD.NAD:DSD_NAMAIN10@DF_TABLE5(1.0),A,AUT,S14,S1,P31DC,_Z,_Z,CP053,XDC,V,N,T0117,2021,2246.71,,F,1,A,6,EUR
OECD.SDD.NAD:DSD_NAMAIN10@DF_TABLE5(1.0),A,AUT,S14,S1,P31DC,_Z,_Z,CP092,XDC,V,N,T0117,2021,221.46,,F,1,A,6,EUR
OECD.SDD.NAD:DSD_NAMAIN10@DF_TABLE5(1.0),A,AUT,S14,S1,P31DC,_Z,_Z,CP023,XDC,V,N,T0117,2021,369.21,,F,1,A,6,EUR
OECD.SDD.NAD:DSD_NAMAIN10@DF_TABLE5(1.0),A,AUT,S14,S1,P31DC,_Z,_Z,CP021,XDC,V,N,T0117,2021,3299.74,,F,1,A,6,EUR
OECD.SDD.NAD:DSD_NAMAIN10@DF_TABLE5(1.0),A,AUT,S14,S1,P31DC,_Z,_Z,_T,XDC,V,N,T0117,2021,194235.88,,F,1,A,6,EUR
OECD.SDD.NAD:DSD_NAMAIN10@DF_TABLE5(1.0),A,AUT,S14,S1,P31DC,_Z,_Z,CP01,XDC,V,N,T0117,2021,21047.09,,F,1,A,6,EUR
OECD.SDD.NAD:DSD_NAMAIN10@DF_TABLE5(1.0),A,AUT,S14,S1,P31DC,_Z,_Z,CP062,XDC,V,N,T0117,2021,2969.76,,F,1,A,6,EUR
OECD.SDD.NAD:DSD_NAMAIN10@DF_TABLE5(1.0),A,AUT,S14,S1,P31DC,_Z,_Z,CP051,XDC,V,N,T0117,2021,5767.64,,F,1,A,6,EUR
OECD.SDD.NAD:DSD_NAMAIN10@DF_TABLE5(1.0),A,AUT,S14,S1,P31DC,_Z,_Z,CP055,XDC,V,N,T0117,2021,994.92,,F,1,A,6,EUR
OECD.SDD.NAD:DSD_NAMAIN10@DF_TABLE5(1.0),A,AUT,S14,S1,P31DC,_Z,_Z,CP111,XDC,V,N,T0117,2021,13986.8,,F,1,A,6,EUR
OECD.SDD.NAD:DSD_NAMAIN10@DF_TABLE5(1.0),A,AUT,S14,S1,P31DC,_Z,_Z,CP061,XDC,V,N,T0117,2021,3418.72,,F,1,A,6,EUR
OECD.SDD.NAD:DSD_NAMAIN10@DF_TABLE5(1.0),A,AUT,S14,S1,P31DC,_Z,_Z,CP044,XDC,V,N,T0117,2021,5778.05,,F,1,A,6,EUR
OECD.SDD.NAD:DSD_NAMAIN10@DF_TABLE5(1.0),A,AUT,S14,S1,P31DC,_Z,_Z,CP105,XDC,V,N,T0117,2021,791.41,,F,1,A,6,EUR
OECD.SDD.NAD:DSD_NAMAIN10@DF_TABLE5(1.0),A,AUT,S14,S1,P31DC,_Z,_Z,CP126,XDC,V,N,T0117,2021,1851.91,,F,1,A,6,EUR
OECD.SDD.NAD:DSD_NAMAIN10@DF_TABLE5(1.0),A,AUT,S14,S1,P31DC,_Z,_Z,CP063,XDC,V,N,T0117,2021,1535,,F,1,A,6,EUR
OECD.SDD.NAD:DSD_NAMAIN10@DF_TABLE5(1.0),A,AUT,S14,S1,P31DC,_Z,_Z,CP042,XDC,V,N,T0117,2021,24593.38,,F,1,A,6,EUR
OECD.SDD.NAD:DSD_NAMAIN10@DF_TABLE5(1.0),A,AUT,S14,S1,P31DC,_Z,_Z,CP081,XDC,V,N,T0117,2021,229.75,,F,1,A,6,EUR
OECD.SDD.NAD:DSD_NAMAIN10@DF_TABLE5(1.0),A,AUT,S14,S1,P31DC,_Z,_Z,CP073,XDC,V,N,T0117,2021,3033.31,,F,1,A,6,EUR
OECD.SDD.NAD:DSD_NAMAIN10@DF_TABLE5(1.0),A,AUT,S14,S1,P31DC,_Z,_Z,CP071,XDC,V,N,T0117,2021,6318.59,,F,1,A,6,EUR
OECD.SDD.NAD:DSD_NAMAIN10@DF_TABLE5(1.0),A,AUT,S14,S1,P31DC,_Z,_Z,CP121,XDC,V,N,T0117,2021,5189.87,,F,1,A,6,EUR
OECD.SDD.NAD:DSD_NAMAIN10@DF_TABLE5(1.0),A,AUT,S14,S1,P31DC,_Z,_Z,CP052,XDC,V,N,T0117,2021,1068.56,,F,1,A,6,EUR
OECD.SDD.NAD:DSD_NAMAIN10@DF_TABLE5(1.0),A,AUT,S14,S1,P31DC,_Z,_Z,CP083,XDC,V,N,T0117,2021,2928.91,,F,1,A,6,EUR
OECD.SDD.NAD:DSD_NAMAIN10@DF_TABLE5(1.0),A,AUT,S14,S1,P31DC,_Z,_Z,CP08,XDC,V,N,T0117,2021,3970.46,,F,1,A,6,EUR
OECD.SDD.NAD:DSD_NAMAIN10@DF_TABLE5(1.0),A,AUT,S14,S1,P31DC,_Z,_Z,CP103,XDC,V,N,T0117,2021,0,,F,1,A,6,EUR
OECD.SDD.NAD:DSD_NAMAIN10@DF_TABLE5(1.0),A,AUT,S14,S1,P31DC,_Z,_Z,CP095,XDC,V,N,T0117,2021,2110.87,,F,1,A,6,EUR
OECD.SDD.NAD:DSD_NAMAIN10@DF_TABLE5(1.0),A,AUT,S14,S1,P31DC,_Z,_Z,CP091,XDC,V,N,T0117,2021,3111.07,,F,1,A,6,EUR
OECD.SDD.NAD:DSD_NAMAIN10@DF_TABLE5(1.0),A,AUT,S14,S1,P31DC,_Z,_Z,CP11,XDC,V,N,T0117,2021,18114.6,,F,1,A,6,EUR
OECD.SDD.NAD:DSD_NAMAIN10@DF_TABLE5(1.0),A,AUT,S14,S1,P31DC,_Z,_Z,CP104,XDC,V,N,T0117,2021,311.39,,F,1,A,6,EUR
OECD.SDD.NAD:DSD_NAMAIN10@DF_TABLE5(1.0),A,AUT,S14,S1,P31DC,_Z,_Z,CP031,XDC,V,N,T0117,2021,7857.04,,F,1,A,6,EUR
OECD.SDD.NAD:DSD_NAMAIN10@DF_TABLE5(1.0),A,AUT,S14,S1,P31DC,_Z,_Z,CP041,XDC,V,N,T0117,2021,8642.12,,F,1,A,6,EUR
OECD.SDD.NAD:DSD_NAMAIN10@DF_TABLE5(1.0),A,AUT,S14,S1,P31DC,_Z,_Z,CP032,XDC,V,N,T0117,2021,1905.76,,F,1,A,6,EUR
OECD.SDD.NAD:DSD_NAMAIN10@DF_TABLE5(1.0),A,AUT,S14,S1,P31DC,_Z,_Z,CP06,XDC,V,N,T0117,2021,7923.48,,F,1,A,6,EUR
OECD.SDD.NAD:DSD_NAMAIN10@DF_TABLE5(1.0),A,AUT,S14,S1,P31DC,_Z,_Z,CP056,XDC,V,N,T0117,2021,3342.34,,F,1,A,6,EUR
OECD.SDD.NAD:DSD_NAMAIN10@DF_TABLE5(1.0),A,AUT,S14,S1,P31DC,_Z,_Z,CP112,XDC,V,N,T0117,2021,4127.79,,F,1,A,6,EUR
OECD.SDD.NAD:DSD_NAMAIN10@DF_TABLE5(1.0),A,AUT,S14,S1,P31DC,_Z,_Z,CP124,XDC,V,N,T0117,2021,2696.29,,F,1,A,6,EUR
OECD.SDD.NAD:DSD_NAMAIN10@DF_TABLE5(1.0),A,AUT,S14,S1,P31DC,_Z,_Z,CP12,XDC,V,N,T0117,2021,20007.44,,F,1,A,6,EUR
OECD.SDD.NAD:DSD_NAMAIN10@DF_TABLE5(1.0),A,AUT,S14,S1,P31DC,_Z,_Z,CP054,XDC,V,N,T0117,2021,777.27,,F,1,A,6,EUR
OECD.SDD.NAD:DSD_NAMAIN10@DF_TABLE5(1.0),A,AUT,S14,S1,P31DC,_Z,_Z,CP102,XDC,V,N,T0117,2021,452.06,,F,1,A,6,EUR
OECD.SDD.NAD:DSD_NAMAIN10@DF_TABLE5(1.0),A,AUT,S14,S1,P31DC,_Z,_Z,CP072,XDC,V,N,T0117,2021,12976.02,,F,1,A,6,EUR
OECD.SDD.NAD:DSD_NAMAIN10@DF_TABLE5(1.0),A,AUT,S14,S1,P31DC,_Z,_Z,CP096,XDC,V,N,T0117,2021,1026.81,,F,1,A,6,EUR
OECD.SDD.NAD:DSD_NAMAIN10@DF_TABLE5(1.0),A,AUT,S14,S1,P31DC,_Z,_Z,CP02,XDC,V,N,T0117,2021,7583.8,,F,1,A,6,EUR
OECD.SDD.NAD:DSD_NAMAIN10@DF_TABLE5(1.0),A,AUT,S14,S1,P31DC,_Z,_Z,CP11,XDC,V,N,T0117,2022,29562.13,,F,1,A,6,EUR
OECD.SDD.NAD:DSD_NAMAIN10@DF_TABLE5(1.0),A,AUT,S14,S1,P31DC,_Z,_Z,CP104,XDC,V,N,T0117,2022,329.79,,F,1,A,6,EUR
OECD.SDD.NAD:DSD_NAMAIN10@DF_TABLE5(1.0),A,AUT,S14,S1,P31DC,_Z,_Z,CP031,XDC,V,N,T0117,2022,9279.36,,F,1,A,6,EUR
OECD.SDD.NAD:DSD_NAMAIN10@DF_TABLE5(1.0),A,AUT,S14,S1,P31DC,_Z,_Z,CP041,XDC,V,N,T0117,2022,8879.17,,F,1,A,6,EUR
OECD.SDD.NAD:DSD_NAMAIN10@DF_TABLE5(1.0),A,AUT,S14,S1,P31DC,_Z,_Z,CP032,XDC,V,N,T0117,2022,2186.62,,F,1,A,6,EUR
OECD.SDD.NAD:DSD_NAMAIN10@DF_TABLE5(1.0),A,AUT,S14,S1,P31DC,_Z,_Z,CP06,XDC,V,N,T0117,2022,8347.13,,F,1,A,6,EUR
OECD.SDD.NAD:DSD_NAMAIN10@DF_TABLE5(1.0),A,AUT,S14,S1,P31DC,_Z,_Z,CP056,XDC,V,N,T0117,2022,3606.38,,F,1,A,6,EUR
OECD.SDD.NAD:DSD_NAMAIN10@DF_TABLE5(1.0),A,AUT,S14,S1,P31DC,_Z,_Z,CP112,XDC,V,N,T0117,2022,7656.94,,F,1,A,6,EUR
OECD.SDD.NAD:DSD_NAMAIN10@DF_TABLE5(1.0),A,AUT,S14,S1,P31DC,_Z,_Z,CP102,XDC,V,N,T0117,2022,489.68,,F,1,A,6,EUR
OECD.SDD.NAD:DSD_NAMAIN10@DF_TABLE5(1.0),A,AUT,S14,S1,P31DC,_Z,_Z,CP072,XDC,V,N,T0117,2022,15560.72,,F,1,A,6,EUR
OECD.SDD.NAD:DSD_NAMAIN10@DF_TABLE5(1.0),A,AUT,S14,S1,P31DC,_Z,_Z,CP096,XDC,V,N,T0117,2022,2050.34,,F,1,A,6,EUR
OECD.SDD.NAD:DSD_NAMAIN10@DF_TABLE5(1.0),A,AUT,S14,S1,P31DC,_Z,_Z,CP02,XDC,V,N,T0117,2022,7659.94,,F,1,A,6,EUR
OECD.SDD.NAD:DSD_NAMAIN10@DF_TABLE5(1.0),A,AUT,S14,S1,P31DC,_Z,_Z,CP124,XDC,V,N,T0117,2022,2813.6,,F,1,A,6,EUR
OECD.SDD.NAD:DSD_NAMAIN10@DF_TABLE5(1.0),A,AUT,S14,S1,P31DC,_Z,_Z,CP12,XDC,V,N,T0117,2022,21528.85,,F,1,A,6,EUR
OECD.SDD.NAD:DSD_NAMAIN10@DF_TABLE5(1.0),A,AUT,S14,S1,P31DC,_Z,_Z,CP054,XDC,V,N,T0117,2022,814.97,,F,1,A,6,EUR
OECD.SDD.NAD:DSD_NAMAIN10@DF_TABLE5(1.0),A,AUT,S14,S1,P31DC,_Z,_Z,CP105,XDC,V,N,T0117,2022,959.93,,F,1,A,6,EUR
OECD.SDD.NAD:DSD_NAMAIN10@DF_TABLE5(1.0),A,AUT,S14,S1,P31DC,_Z,_Z,CP126,XDC,V,N,T0117,2022,2136.89,,F,1,A,6,EUR
OECD.SDD.NAD:DSD_NAMAIN10@DF_TABLE5(1.0),A,AUT,S14,S1,P31DC,_Z,_Z,CP063,XDC,V,N,T0117,2022,1776.22,,F,1,A,6,EUR
OECD.SDD.NAD:DSD_NAMAIN10@DF_TABLE5(1.0),A,AUT,S14,S1,P31DC,_Z,_Z,CP042,XDC,V,N,T0117,2022,25680.52,,F,1,A,6,EUR
OECD.SDD.NAD:DSD_NAMAIN10@DF_TABLE5(1.0),A,AUT,S14,S1,P31DC,_Z,_Z,CP073,XDC,V,N,T0117,2022,4452.75,,F,1,A,6,EUR
OECD.SDD.NAD:DSD_NAMAIN10@DF_TABLE5(1.0),A,AUT,S14,S1,P31DC,_Z,_Z,CP081,XDC,V,N,T0117,2022,222.37,,F,1,A,6,EUR
OECD.SDD.NAD:DSD_NAMAIN10@DF_TABLE5(1.0),A,AUT,S14,S1,P31DC,_Z,_Z,CP071,XDC,V,N,T0117,2022,6671.68,,F,1,A,6,EUR
OECD.SDD.NAD:DSD_NAMAIN10@DF_TABLE5(1.0),A,AUT,S14,S1,P31DC,_Z,_Z,CP121,XDC,V,N,T0117,2022,5947.36,,F,1,A,6,EUR
OECD.SDD.NAD:DSD_NAMAIN10@DF_TABLE5(1.0),A,AUT,S14,S1,P31DC,_Z,_Z,CP052,XDC,V,N,T0117,2022,1135.48,,F,1,A,6,EUR
OECD.SDD.NAD:DSD_NAMAIN10@DF_TABLE5(1.0),A,AUT,S14,S1,P31DC,_Z,_Z,CP083,XDC,V,N,T0117,2022,3134.77,,F,1,A,6,EUR
OECD.SDD.NAD:DSD_NAMAIN10@DF_TABLE5(1.0),A,AUT,S14,S1,P31DC,_Z,_Z,CP103,XDC,V,N,T0117,2022,0,,F,1,A,6,EUR
OECD.SDD.NAD:DSD_NAMAIN10@DF_TABLE5(1.0),A,AUT,S14,S1,P31DC,_Z,_Z,CP08,XDC,V,N,T0117,2022,4216.05,,F,1,A,6,EUR
OECD.SDD.NAD:DSD_NAMAIN10@DF_TABLE5(1.0),A,AUT,S14,S1,P31DC,_Z,_Z,CP095,XDC,V,N,T0117,2022,2273.26,,F,1,A,6,EUR
OECD.SDD.NAD:DSD_NAMAIN10@DF_TABLE5(1.0),A,AUT,S14,S1,P31DC,_Z,_Z,CP091,XDC,V,N,T0117,2022,3357.43,,F,1,A,6,EUR
OECD.SDD.NAD:DSD_NAMAIN10@DF_TABLE5(1.0),A,AUT,S14,S1,P31DC,_Z,_Z,CP094,XDC,V,N,T0117,2022,8379.21,,F,1,A,6,EUR
OECD.SDD.NAD:DSD_NAMAIN10@DF_TABLE5(1.0),A,AUT,S14,S1,P31DC,_Z,_Z,CP082,XDC,V,N,T0117,2022,858.91,,F,1,A,6,EUR
OECD.SDD.NAD:DSD_NAMAIN10@DF_TABLE5(1.0),A,AUT,S14,S1,P31DC,_Z,_Z,CP043,XDC,V,N,T0117,2022,2649.67,,F,1,A,6,EUR
OECD.SDD.NAD:DSD_NAMAIN10@DF_TABLE5(1.0),A,AUT,S14,S1,P31DC,_Z,_Z,CP125,XDC,V,N,T0117,2022,6154.28,,F,1,A,6,EUR
OECD.SDD.NAD:DSD_NAMAIN10@DF_TABLE5(1.0),A,AUT,S14,S1,P31DC,_Z,_Z,CP093,XDC,V,N,T0117,2022,6038.55,,F,1,A,6,EUR
OECD.SDD.NAD:DSD_NAMAIN10@DF_TABLE5(1.0),A,AUT,S14,S1,P31DC,_Z,_Z,CP122_127,XDC,V,N,T0117,2022,2458.33,,F,1,A,6,EUR
OECD.SDD.NAD:DSD_NAMAIN10@DF_TABLE5(1.0),A,AUT,S14,S1,P31DC,_Z,_Z,CP012,XDC,V,N,T0117,2022,2471.46,,F,1,A,6,EUR
OECD.SDD.NAD:DSD_NAMAIN10@DF_TABLE5(1.0),A,AUT,S14,S1,P31DC,_Z,_Z,CP07,XDC,V,N,T0117,2022,26685.15,,F,1,A,6,EUR
OECD.SDD.NAD:DSD_NAMAIN10@DF_TABLE5(1.0),A,AUT,S14,S1,P31DC,_Z,_Z,CP011,XDC,V,N,T0117,2022,20092.65,,F,1,A,6,EUR
OECD.SDD.NAD:DSD_NAMAIN10@DF_TABLE5(1.0),A,AUT,S14,S1,P31DC,_Z,_Z,CP09,XDC,V,N,T0117,2022,22343.75,,F,1,A,6,EUR
OECD.SDD.NAD:DSD_NAMAIN10@DF_TABLE5(1.0),A,AUT,S14,S1,P31DC,_Z,_Z,CP022,XDC,V,N,T0117,2022,4037.22,,F,1,A,6,EUR
OECD.SDD.NAD:DSD_NAMAIN10@DF_TABLE5(1.0),A,AUT,S14,S1,P31DC,_Z,_Z,CP05,XDC,V,N,T0117,2022,15084.72,,F,1,A,6,EUR
OECD.SDD.NAD:DSD_NAMAIN10@DF_TABLE5(1.0),A,AUT,S14,S1,P31DC,_Z,_Z,CP04,XDC,V,N,T0117,2022,54378.5,,F,1,A,6,EUR
OECD.SDD.NAD:DSD_NAMAIN10@DF_TABLE5(1.0),A,AUT,S14,S1,P31DC,_Z,_Z,CP101,XDC,V,N,T0117,2022,338.04,,F,1,A,6,EUR
OECD.SDD.NAD:DSD_NAMAIN10@DF_TABLE5(1.0),A,AUT,S14,S1,P31DC,_Z,_Z,CP10,XDC,V,N,T0117,2022,2117.45,,F,1,A,6,EUR
OECD.SDD.NAD:DSD_NAMAIN10@DF_TABLE5(1.0),A,AUT,S14,S1,P31DC,_Z,_Z,CP03,XDC,V,N,T0117,2022,11465.98,,F,1,A,6,EUR
OECD.SDD.NAD:DSD_NAMAIN10@DF_TABLE5(1.0),A,AUT,S14,S1,P31DC,_Z,_Z,CP123,XDC,V,N,T0117,2022,2018.39,,F,1,A,6,EUR
OECD.SDD.NAD:DSD_NAMAIN10@DF_TABLE5(1.0),A,AUT,S14,S1,P31DC,_Z,_Z,CP051,XDC,V,N,T0117,2022,6056.56,,F,1,A,6,EUR
OECD.SDD.NAD:DSD_NAMAIN10@DF_TABLE5(1.0),A,AUT,S14,S1,P31DC,_Z,_Z,CP055,XDC,V,N,T0117,2022,1077.71,,F,1,A,6,EUR
OECD.SDD.NAD:DSD_NAMAIN10@DF_TABLE5(1.0),A,AUT,S14,S1,P31DC,_Z,_Z,CP111,XDC,V,N,T0117,2022,21905.2,,F,1,A,6,EUR
OECD.SDD.NAD:DSD_NAMAIN10@DF_TABLE5(1.0),A,AUT,S14,S1,P31DC,_Z,_Z,CP061,XDC,V,N,T0117,2022,3544.96,,F,1,A,6,EUR
OECD.SDD.NAD:DSD_NAMAIN10@DF_TABLE5(1.0),A,AUT,S14,S1,P31DC,_Z,_Z,CP044,XDC,V,N,T0117,2022,6480.96,,F,1,A,6,EUR
OECD.SDD.NAD:DSD_NAMAIN10@DF_TABLE5(1.0),A,AUT,S14,S1,P31DC,_Z,_Z,CP092,XDC,V,N,T0117,2022,244.97,,F,1,A,6,EUR
OECD.SDD.NAD:DSD_NAMAIN10@DF_TABLE5(1.0),A,AUT,S14,S1,P31DC,_Z,_Z,CP023,XDC,V,N,T0117,2022,371.67,,F,1,A,6,EUR
OECD.SDD.NAD:DSD_NAMAIN10@DF_TABLE5(1.0),A,AUT,S14,S1,P31DC,_Z,_Z,CP021,XDC,V,N,T0117,2022,3251.05,,F,1,A,6,EUR
OECD.SDD.NAD:DSD_NAMAIN10@DF_TABLE5(1.0),A,AUT,S14,S1,P31DC,_Z,_Z,CP045,XDC,V,N,T0117,2022,10688.18,,F,1,A,6,EUR
OECD.SDD.NAD:DSD_NAMAIN10@DF_TABLE5(1.0),A,AUT,S14,S1,P31DC,_Z,_Z,CP053,XDC,V,N,T0117,2022,2393.63,,F,1,A,6,EUR
OECD.SDD.NAD:DSD_NAMAIN10@DF_TABLE5(1.0),A,AUT,S14,S1,P31DC,_Z,_Z,_T,XDC,V,N,T0117,2022,225953.75,,F,1,A,6,EUR
OECD.SDD.NAD:DSD_NAMAIN10@DF_TABLE5(1.0),A,AUT,S14,S1,P31DC,_Z,_Z,CP01,XDC,V,N,T0117,2022,22564.11,,F,1,A,6,EUR
OECD.SDD.NAD:DSD_NAMAIN10@DF_TABLE5(1.0),A,AUT,S14,S1,P31DC,_Z,_Z,CP062,XDC,V,N,T0117,2022,3025.95,,F,1,A,6,EUR
OECD.SDD.NAD:DSD_NAMAIN10@DF_TABLE5(1.0),A,AUT,S14,S1,P31DC,_Z,_Z,_T,XDC,V,N,T0117,2023,243825.77,,F,1,A,6,EUR
OECD.SDD.NAD:DSD_NAMAIN10@DF_TABLE5(1.0),A,ITA,S14,S1,P31DC,_Z,_Z,CP102,XDC,V,N,T0117,2021,1626.4,,F,1,A,6,EUR
OECD.SDD.NAD:DSD_NAMAIN10@DF_TABLE5(1.0),A,ITA,S14,S1,P31DC,_Z,_Z,CP123,XDC,V,N,T0117,2021,11686.3,,F,1,A,6,EUR
OECD.SDD.NAD:DSD_NAMAIN10@DF_TABLE5(1.0),A,ITA,S14,S1,P31DC,_Z,_Z,CP103,XDC,V,N,T0117,2021,119.5,,F,1,A,6,EUR
OECD.SDD.NAD:DSD_NAMAIN10@DF_TABLE5(1.0),A,ITA,S14,S1,P31DC,_Z,_Z,CP053,XDC,V,N,T0117,2021,8491.2,,F,1,A,6,EUR
OECD.SDD.NAD:DSD_NAMAIN10@DF_TABLE5(1.0),A,ITA,S14,S1,P31DC,_Z,_Z,_T,XDC,V,N,T0117,2021,1035958.5,,F,1,A,6,EUR
OECD.SDD.NAD:DSD_NAMAIN10@DF_TABLE5(1.0),A,ITA,S14,S1,P31DC,_Z,_Z,CP09,XDC,V,N,T0117,2021,65828.8,,F,1,A,6,EUR
OECD.SDD.NAD:DSD_NAMAIN10@DF_TABLE5(1.0),A,ITA,S14,S1,P31DC,_Z,_Z,CP093,XDC,V,N,T0117,2021,16362.5,,F,1,A,6,EUR
OECD.SDD.NAD:DSD_NAMAIN10@DF_TABLE5(1.0),A,ITA,S14,S1,P31DC,_Z,_Z,CP041,XDC,V,N,T0117,2021,24629.8,,F,1,A,6,EUR
OECD.SDD.NAD:DSD_NAMAIN10@DF_TABLE5(1.0),A,ITA,S14,S1,P31DC,_Z,_Z,CP071,XDC,V,N,T0117,2021,33899.5,,F,1,A,6,EUR
OECD.SDD.NAD:DSD_NAMAIN10@DF_TABLE5(1.0),A,ITA,S14,S1,P31DC,_Z,_Z,CP092,XDC,V,N,T0117,2021,3252.7,,F,1,A,6,EUR
OECD.SDD.NAD:DSD_NAMAIN10@DF_TABLE5(1.0),A,ITA,S14,S1,P31DC,_Z,_Z,CP12,XDC,V,N,T0117,2021,111664.7,,F,1,A,6,EUR
OECD.SDD.NAD:DSD_NAMAIN10@DF_TABLE5(1.0),A,ITA,S14,S1,P31DC,_Z,_Z,CP056,XDC,V,N,T0117,2021,26743.7,,F,1,A,6,EUR
OECD.SDD.NAD:DSD_NAMAIN10@DF_TABLE5(1.0),A,ITA,S14,S1,P31DC,_Z,_Z,CP043,XDC,V,N,T0117,2021,7902.9,,F,1,A,6,EUR
OECD.SDD.NAD:DSD_NAMAIN10@DF_TABLE5(1.0),A,ITA,S14,S1,P31DC,_Z,_Z,CP05,XDC,V,N,T0117,2021,67948.3,,F,1,A,6,EUR
OECD.SDD.NAD:DSD_NAMAIN10@DF_TABLE5(1.0),A,ITA,S14,S1,P31DC,_Z,_Z,CP055,XDC,V,N,T0117,2021,2969,,F,1,A,6,EUR
OECD.SDD.NAD:DSD_NAMAIN10@DF_TABLE5(1.0),A,ITA,S14,S1,P31DC,_Z,_Z,CP044,XDC,V,N,T0117,2021,22371,,F,1,A,6,EUR
OECD.SDD.NAD:DSD_NAMAIN10@DF_TABLE5(1.0),A,ITA,S14,S1,P31DC,_Z,_Z,CP051,XDC,V,N,T0117,2021,22026.3,,F,1,A,6,EUR
OECD.SDD.NAD:DSD_NAMAIN10@DF_TABLE5(1.0),A,ITA,S14,S1,P31DC,_Z,_Z,CP03,XDC,V,N,T0117,2021,55288.8,,F,1,A,6,EUR
OECD.SDD.NAD:DSD_NAMAIN10@DF_TABLE5(1.0),A,ITA,S14,S1,P31DC,_Z,_Z,CP032,XDC,V,N,T0117,2021,9061.9,,F,1,A,6,EUR
OECD.SDD.NAD:DSD_NAMAIN10@DF_TABLE5(1.0),A,ITA,S14,S1,P31DC,_Z,_Z,CP012,XDC,V,N,T0117,2021,12881.9,,F,1,A,6,EUR
OECD.SDD.NAD:DSD_NAMAIN10@DF_TABLE5(1.0),A,ITA,S14,S1,P31DC,_Z,_Z,CP011,XDC,V,N,T0117,2021,147073.1,,F,1,A,6,EUR
OECD.SDD.NAD:DSD_NAMAIN10@DF_TABLE5(1.0),A,ITA,S14,S1,P31DC,_Z,_Z,CP122_127,XDC,V,N,T0117,2021,21958.8,,F,1,A,6,EUR
OECD.SDD.NAD:DSD_NAMAIN10@DF_TABLE5(1.0),A,ITA,S14,S1,P31DC,_Z,_Z,CP023,XDC,V,N,T0117,2021,15480.5,,F,1,A,6,EUR
OECD.SDD.NAD:DSD_NAMAIN10@DF_TABLE5(1.0),A,ITA,S14,S1,P31DC,_Z,_Z,CP082,XDC,V,N,T0117,2021,7668.4,,F,1,A,6,EUR
OECD.SDD.NAD:DSD_NAMAIN10@DF_TABLE5(1.0),A,ITA,S14,S1,P31DC,_Z,_Z,CP091,XDC,V,N,T0117,2021,11224.8,,F,1,A,6,EUR
OECD.SDD.NAD:DSD_NAMAIN10@DF_TABLE5(1.0),A,ITA,S14,S1,P31DC,_Z,_Z,CP111,XDC,V,N,T0117,2021,65338.8,,F,1,A,6,EUR
OECD.SDD.NAD:DSD_NAMAIN10@DF_TABLE5(1.0),A,ITA,S14,S1,P31DC,_Z,_Z,CP04,XDC,V,N,T0117,2021,249562.3,,F,1,A,6,EUR
OECD.SDD.NAD:DSD_NAMAIN10@DF_TABLE5(1.0),A,ITA,S14,S1,P31DC,_Z,_Z,CP07,XDC,V,N,T0117,2021,125216.6,,F,1,A,6,EUR
OECD.SDD.NAD:DSD_NAMAIN10@DF_TABLE5(1.0),A,ITA,S14,S1,P31DC,_Z,_Z,CP101,XDC,V,N,T0117,2021,2707.1,,F,1,A,6,EUR
OECD.SDD.NAD:DSD_NAMAIN10@DF_TABLE5(1.0),A,ITA,S14,S1,P31DC,_Z,_Z,CP052,XDC,V,N,T0117,2021,3010.2,,F,1,A,6,EUR
OECD.SDD.NAD:DSD_NAMAIN10@DF_TABLE5(1.0),A,ITA,S14,S1,P31DC,_Z,_Z,CP042,XDC,V,N,T0117,2021,157114,,F,1,A,6,EUR
OECD.SDD.NAD:DSD_NAMAIN10@DF_TABLE5(1.0),A,ITA,S14,S1,P31DC,_Z,_Z,CP063,XDC,V,N,T0117,2021,5490.2,,F,1,A,6,EUR
OECD.SDD.NAD:DSD_NAMAIN10@DF_TABLE5(1.0),A,ITA,S14,S1,P31DC,_Z,_Z,CP01,XDC,V,N,T0117,2021,159955,,F,1,A,6,EUR
OECD.SDD.NAD:DSD_NAMAIN10@DF_TABLE5(1.0),A,ITA,S14,S1,P31DC,_Z,_Z,CP081,XDC,V,N,T0117,2021,610.4,,F,1,A,6,EUR
OECD.SDD.NAD:DSD_NAMAIN10@DF_TABLE5(1.0),A,ITA,S14,S1,P31DC,_Z,_Z,CP072,XDC,V,N,T0117,2021,79342.1,,F,1,A,6,EUR
OECD.SDD.NAD:DSD_NAMAIN10@DF_TABLE5(1.0),A,ITA,S14,S1,P31DC,_Z,_Z,CP08,XDC,V,N,T0117,2021,22321.1,,F,1,A,6,EUR
OECD.SDD.NAD:DSD_NAMAIN10@DF_TABLE5(1.0),A,ITA,S14,S1,P31DC,_Z,_Z,CP121,XDC,V,N,T0117,2021,27687.1,,F,1,A,6,EUR
OECD.SDD.NAD:DSD_NAMAIN10@DF_TABLE5(1.0),A,ITA,S14,S1,P31DC,_Z,_Z,CP124,XDC,V,N,T0117,2021,6975.5,,F,1,A,6,EUR
OECD.SDD.NAD:DSD_NAMAIN10@DF_TABLE5(1.0),A,ITA,S14,S1,P31DC,_Z,_Z,CP02,XDC,V,N,T0117,2021,45577.2,,F,1,A,6,EUR
OECD.SDD.NAD:DSD_NAMAIN10@DF_TABLE5(1.0),A,ITA,S14,S1,P31DC,_Z,_Z,CP104,XDC,V,N,T0117,2021,3384.8,,F,1,A,6,EUR
OECD.SDD.NAD:DSD_NAMAIN10@DF_TABLE5(1.0),A,ITA,S14,S1,P31DC,_Z,_Z,CP061,XDC,V,N,T0117,2021,14990.8,,F,1,A,6,EUR
OECD.SDD.NAD:DSD_NAMAIN10@DF_TABLE5(1.0),A,ITA,S14,S1,P31DC,_Z,_Z,CP10,XDC,V,N,T0117,2021,9460.9,,F,1,A,6,EUR
OECD.SDD.NAD:DSD_NAMAIN10@DF_TABLE5(1.0),A,ITA,S14,S1,P31DC,_Z,_Z,CP105,XDC,V,N,T0117,2021,1623.1,,F,1,A,6,EUR
OECD.SDD.NAD:DSD_NAMAIN10@DF_TABLE5(1.0),A,ITA,S14,S1,P31DC,_Z,_Z,CP062,XDC,V,N,T0117,2021,20416.5,,F,1,A,6,EUR
OECD.SDD.NAD:DSD_NAMAIN10@DF_TABLE5(1.0),A,ITA,S14,S1,P31DC,_Z,_Z,CP11,XDC,V,N,T0117,2021,82237.4,,F,1,A,6,EUR
OECD.SDD.NAD:DSD_NAMAIN10@DF_TABLE5(1.0),A,ITA,S14,S1,P31DC,_Z,_Z,CP094,XDC,V,N,T0117,2021,23404.4,,F,1,A,6,EUR
OECD.SDD.NAD:DSD_NAMAIN10@DF_TABLE5(1.0),A,ITA,S14,S1,P31DC,_Z,_Z,CP112,XDC,V,N,T0117,2021,16898.6,,F,1,A,6,EUR
OECD.SDD.NAD:DSD_NAMAIN10@DF_TABLE5(1.0),A,ITA,S14,S1,P31DC,_Z,_Z,CP126,XDC,V,N,T0117,2021,18494,,F,1,A,6,EUR
OECD.SDD.NAD:DSD_NAMAIN10@DF_TABLE5(1.0),A,ITA,S14,S1,P31DC,_Z,_Z,CP096,XDC,V,N,T0117,2021,2058.8,,F,1,A,6,EUR
OECD.SDD.NAD:DSD_NAMAIN10@DF_TABLE5(1.0),A,ITA,S14,S1,P31DC,_Z,_Z,CP045,XDC,V,N,T0117,2021,37544.6,,F,1,A,6,EUR
OECD.SDD.NAD:DSD_NAMAIN10@DF_TABLE5(1.0),A,ITA,S14,S1,P31DC,_Z,_Z,CP021,XDC,V,N,T0117,2021,10040.3,,F,1,A,6,EUR
OECD.SDD.NAD:DSD_NAMAIN10@DF_TABLE5(1.0),A,ITA,S14,S1,P31DC,_Z,_Z,CP083,XDC,V,N,T0117,2021,14042.3,,F,1,A,6,EUR
OECD.SDD.NAD:DSD_NAMAIN10@DF_TABLE5(1.0),A,ITA,S14,S1,P31DC,_Z,_Z,CP031,XDC,V,N,T0117,2021,46226.9,,F,1,A,6,EUR
OECD.SDD.NAD:DSD_NAMAIN10@DF_TABLE5(1.0),A,ITA,S14,S1,P31DC,_Z,_Z,CP125,XDC,V,N,T0117,2021,24863,,F,1,A,6,EUR
OECD.SDD.NAD:DSD_NAMAIN10@DF_TABLE5(1.0),A,ITA,S14,S1,P31DC,_Z,_Z,CP095,XDC,V,N,T0117,2021,9525.7,,F,1,A,6,EUR
OECD.SDD.NAD:DSD_NAMAIN10@DF_TABLE5(1.0),A,ITA,S14,S1,P31DC,_Z,_Z,CP022,XDC,V,N,T0117,2021,20056.4,,F,1,A,6,EUR
OECD.SDD.NAD:DSD_NAMAIN10@DF_TABLE5(1.0),A,ITA,S14,S1,P31DC,_Z,_Z,CP054,XDC,V,N,T0117,2021,4707.9,,F,1,A,6,EUR
OECD.SDD.NAD:DSD_NAMAIN10@DF_TABLE5(1.0),A,ITA,S14,S1,P31DC,_Z,_Z,CP06,XDC,V,N,T0117,2021,40897.5,,F,1,A,6,EUR
OECD.SDD.NAD:DSD_NAMAIN10@DF_TABLE5(1.0),A,ITA,S14,S1,P31DC,_Z,_Z,CP073,XDC,V,N,T0117,2021,11975,,F,1,A,6,EUR
OECD.SDD.NAD:DSD_NAMAIN10@DF_TABLE5(1.0),A,ITA,S14,S1,P31DC,_Z,_Z,CP08,XDC,V,N,T0117,2022,22870.3,,F,1,A,6,EUR
OECD.SDD.NAD:DSD_NAMAIN10@DF_TABLE5(1.0),A,ITA,S14,S1,P31DC,_Z,_Z,CP121,XDC,V,N,T0117,2022,30314,,F,1,A,6,EUR
OECD.SDD.NAD:DSD_NAMAIN10@DF_TABLE5(1.0),A,ITA,S14,S1,P31DC,_Z,_Z,CP124,XDC,V,N,T0117,2022,7102.3,,F,1,A,6,EUR
OECD.SDD.NAD:DSD_NAMAIN10@DF_TABLE5(1.0),A,ITA,S14,S1,P31DC,_Z,_Z,CP01,XDC,V,N,T0117,2022,169376,,F,1,A,6,EUR
OECD.SDD.NAD:DSD_NAMAIN10@DF_TABLE5(1.0),A,ITA,S14,S1,P31DC,_Z,_Z,CP081,XDC,V,N,T0117,2022,613.7,,F,1,A,6,EUR
OECD.SDD.NAD:DSD_NAMAIN10@DF_TABLE5(1.0),A,ITA,S14,S1,P31DC,_Z,_Z,CP072,XDC,V,N,T0117,2022,96771.3,,F,1,A,6,EUR
OECD.SDD.NAD:DSD_NAMAIN10@DF_TABLE5(1.0),A,ITA,S14,S1,P31DC,_Z,_Z,CP02,XDC,V,N,T0117,2022,46994.7,,F,1,A,6,EUR
OECD.SDD.NAD:DSD_NAMAIN10@DF_TABLE5(1.0),A,ITA,S14,S1,P31DC,_Z,_Z,CP07,XDC,V,N,T0117,2022,144636.1,,F,1,A,6,EUR
OECD.SDD.NAD:DSD_NAMAIN10@DF_TABLE5(1.0),A,ITA,S14,S1,P31DC,_Z,_Z,CP101,XDC,V,N,T0117,2022,2653.2,,F,1,A,6,EUR
OECD.SDD.NAD:DSD_NAMAIN10@DF_TABLE5(1.0),A,ITA,S14,S1,P31DC,_Z,_Z,CP052,XDC,V,N,T0117,2022,3493.1,,F,1,A,6,EUR
OECD.SDD.NAD:DSD_NAMAIN10@DF_TABLE5(1.0),A,ITA,S14,S1,P31DC,_Z,_Z,CP042,XDC,V,N,T0117,2022,160770.8,,F,1,A,6,EUR
OECD.SDD.NAD:DSD_NAMAIN10@DF_TABLE5(1.0),A,ITA,S14,S1,P31DC,_Z,_Z,CP063,XDC,V,N,T0117,2022,5616,,F,1,A,6,EUR
OECD.SDD.NAD:DSD_NAMAIN10@DF_TABLE5(1.0),A,ITA,S14,S1,P31DC,_Z,_Z,CP083,XDC,V,N,T0117,2022,13575.4,,F,1,A,6,EUR
OECD.SDD.NAD:DSD_NAMAIN10@DF_TABLE5(1.0),A,ITA,S14,S1,P31DC,_Z,_Z,CP096,XDC,V,N,T0117,2022,3674.9,,F,1,A,6,EUR
OECD.SDD.NAD:DSD_NAMAIN10@DF_TABLE5(1.0),A,ITA,S14,S1,P31DC,_Z,_Z,CP045,XDC,V,N,T0117,2022,65498.7,,F,1,A,6,EUR
OECD.SDD.NAD:DSD_NAMAIN10@DF_TABLE5(1.0),A,ITA,S14,S1,P31DC,_Z,_Z,CP021,XDC,V,N,T0117,2022,10090.8,,F,1,A,6,EUR
OECD.SDD.NAD:DSD_NAMAIN10@DF_TABLE5(1.0),A,ITA,S14,S1,P31DC,_Z,_Z,CP126,XDC,V,N,T0117,2022,20402.4,,F,1,A,6,EUR
OECD.SDD.NAD:DSD_NAMAIN10@DF_TABLE5(1.0),A,ITA,S14,S1,P31DC,_Z,_Z,CP062,XDC,V,N,T0117,2022,21123.6,,F,1,A,6,EUR
OECD.SDD.NAD:DSD_NAMAIN10@DF_TABLE5(1.0),A,ITA,S14,S1,P31DC,_Z,_Z,CP11,XDC,V,N,T0117,2022,109092.9,,F,1,A,6,EUR
OECD.SDD.NAD:DSD_NAMAIN10@DF_TABLE5(1.0),A,ITA,S14,S1,P31DC,_Z,_Z,CP094,XDC,V,N,T0117,2022,30272.9,,F,1,A,6,EUR
OECD.SDD.NAD:DSD_NAMAIN10@DF_TABLE5(1.0),A,ITA,S14,S1,P31DC,_Z,_Z,CP112,XDC,V,N,T0117,2022,27193.7,,F,1,A,6,EUR
OECD.SDD.NAD:DSD_NAMAIN10@DF_TABLE5(1.0),A,ITA,S14,S1,P31DC,_Z,_Z,CP061,XDC,V,N,T0117,2022,15491.2,,F,1,A,6,EUR
OECD.SDD.NAD:DSD_NAMAIN10@DF_TABLE5(1.0),A,ITA,S14,S1,P31DC,_Z,_Z,CP10,XDC,V,N,T0117,2022,9502.2,,F,1,A,6,EUR
OECD.SDD.NAD:DSD_NAMAIN10@DF_TABLE5(1.0),A,ITA,S14,S1,P31DC,_Z,_Z,CP105,XDC,V,N,T0117,2022,1745.3,,F,1,A,6,EUR
OECD.SDD.NAD:DSD_NAMAIN10@DF_TABLE5(1.0),A,ITA,S14,S1,P31DC,_Z,_Z,CP104,XDC,V,N,T0117,2022,3360.8,,F,1,A,6,EUR
OECD.SDD.NAD:DSD_NAMAIN10@DF_TABLE5(1.0),A,ITA,S14,S1,P31DC,_Z,_Z,CP054,XDC,V,N,T0117,2022,5917.7,,F,1,A,6,EUR
OECD.SDD.NAD:DSD_NAMAIN10@DF_TABLE5(1.0),A,ITA,S14,S1,P31DC,_Z,_Z,CP06,XDC,V,N,T0117,2022,42230.8,,F,1,A,6,EUR
OECD.SDD.NAD:DSD_NAMAIN10@DF_TABLE5(1.0),A,ITA,S14,S1,P31DC,_Z,_Z,CP073,XDC,V,N,T0117,2022,18115,,F,1,A,6,EUR
OECD.SDD.NAD:DSD_NAMAIN10@DF_TABLE5(1.0),A,ITA,S14,S1,P31DC,_Z,_Z,CP031,XDC,V,N,T0117,2022,56572,,F,1,A,6,EUR
OECD.SDD.NAD:DSD_NAMAIN10@DF_TABLE5(1.0),A,ITA,S14,S1,P31DC,_Z,_Z,CP125,XDC,V,N,T0117,2022,31801.4,,F,1,A,6,EUR
OECD.SDD.NAD:DSD_NAMAIN10@DF_TABLE5(1.0),A,ITA,S14,S1,P31DC,_Z,_Z,CP095,XDC,V,N,T0117,2022,10127,,F,1,A,6,EUR
OECD.SDD.NAD:DSD_NAMAIN10@DF_TABLE5(1.0),A,ITA,S14,S1,P31DC,_Z,_Z,CP022,XDC,V,N,T0117,2022,20551.2,,F,1,A,6,EUR
OECD.SDD.NAD:DSD_NAMAIN10@DF_TABLE5(1.0),A,ITA,S14,S1,P31DC,_Z,_Z,CP082,XDC,V,N,T0117,2022,8681.2,,F,1,A,6,EUR
OECD.SDD.NAD:DSD_NAMAIN10@DF_TABLE5(1.0),A,ITA,S14,S1,P31DC,_Z,_Z,CP091,XDC,V,N,T0117,2022,13249.4,,F,1,A,6,EUR
OECD.SDD.NAD:DSD_NAMAIN10@DF_TABLE5(1.0),A,ITA,S14,S1,P31DC,_Z,_Z,CP111,XDC,V,N,T0117,2022,81899.1,,F,1,A,6,EUR
OECD.SDD.NAD:DSD_NAMAIN10@DF_TABLE5(1.0),A,ITA,S14,S1,P31DC,_Z,_Z,CP04,XDC,V,N,T0117,2022,283869,,F,1,A,6,EUR
OECD.SDD.NAD:DSD_NAMAIN10@DF_TABLE5(1.0),A,ITA,S14,S1,P31DC,_Z,_Z,CP023,XDC,V,N,T0117,2022,16352.6,,F,1,A,6,EUR
OECD.SDD.NAD:DSD_NAMAIN10@DF_TABLE5(1.0),A,ITA,S14,S1,P31DC,_Z,_Z,CP122_127,XDC,V,N,T0117,2022,22842.8,,F,1,A,6,EUR
OECD.SDD.NAD:DSD_NAMAIN10@DF_TABLE5(1.0),A,ITA,S14,S1,P31DC,_Z,_Z,CP051,XDC,V,N,T0117,2022,26243.9,,F,1,A,6,EUR
OECD.SDD.NAD:DSD_NAMAIN10@DF_TABLE5(1.0),A,ITA,S14,S1,P31DC,_Z,_Z,CP03,XDC,V,N,T0117,2022,67387.6,,F,1,A,6,EUR
OECD.SDD.NAD:DSD_NAMAIN10@DF_TABLE5(1.0),A,ITA,S14,S1,P31DC,_Z,_Z,CP032,XDC,V,N,T0117,2022,10815.6,,F,1,A,6,EUR
OECD.SDD.NAD:DSD_NAMAIN10@DF_TABLE5(1.0),A,ITA,S14,S1,P31DC,_Z,_Z,CP012,XDC,V,N,T0117,2022,13577.2,,F,1,A,6,EUR
OECD.SDD.NAD:DSD_NAMAIN10@DF_TABLE5(1.0),A,ITA,S14,S1,P31DC,_Z,_Z,CP011,XDC,V,N,T0117,2022,155798.7,,F,1,A,6,EUR
OECD.SDD.NAD:DSD_NAMAIN10@DF_TABLE5(1.0),A,ITA,S14,S1,P31DC,_Z,_Z,CP09,XDC,V,N,T0117,2022,79846.4,,F,1,A,6,EUR
OECD.SDD.NAD:DSD_NAMAIN10@DF_TABLE5(1.0),A,ITA,S14,S1,P31DC,_Z,_Z,CP041,XDC,V,N,T0117,2022,25140.2,,F,1,A,6,EUR
OECD.SDD.NAD:DSD_NAMAIN10@DF_TABLE5(1.0),A,ITA,S14,S1,P31DC,_Z,_Z,CP093,XDC,V,N,T0117,2022,18933.9,,F,1,A,6,EUR
OECD.SDD.NAD:DSD_NAMAIN10@DF_TABLE5(1.0),A,ITA,S14,S1,P31DC,_Z,_Z,CP102,XDC,V,N,T0117,2022,1621.9,,F,1,A,6,EUR
OECD.SDD.NAD:DSD_NAMAIN10@DF_TABLE5(1.0),A,ITA,S14,S1,P31DC,_Z,_Z,CP123,XDC,V,N,T0117,2022,14266.1,,F,1,A,6,EUR
OECD.SDD.NAD:DSD_NAMAIN10@DF_TABLE5(1.0),A,ITA,S14,S1,P31DC,_Z,_Z,CP103,XDC,V,N,T0117,2022,121,,F,1,A,6,EUR
OECD.SDD.NAD:DSD_NAMAIN10@DF_TABLE5(1.0),A,ITA,S14,S1,P31DC,_Z,_Z,CP053,XDC,V,N,T0117,2022,9877.7,,F,1,A,6,EUR
OECD.SDD.NAD:DSD_NAMAIN10@DF_TABLE5(1.0),A,ITA,S14,S1,P31DC,_Z,_Z,_T,XDC,V,N,T0117,2022,1179567.5,,F,1,A,6,EUR
OECD.SDD.NAD:DSD_NAMAIN10@DF_TABLE5(1.0),A,ITA,S14,S1,P31DC,_Z,_Z,CP071,XDC,V,N,T0117,2022,29749.9,,F,1,A,6,EUR
OECD.SDD.NAD:DSD_NAMAIN10@DF_TABLE5(1.0),A,ITA,S14,S1,P31DC,_Z,_Z,CP092,XDC,V,N,T0117,2022,3588.3,,F,1,A,6,EUR
OECD.SDD.NAD:DSD_NAMAIN10@DF_TABLE5(1.0),A,ITA,S14,S1,P31DC,_Z,_Z,CP12,XDC,V,N,T0117,2022,126729.1,,F,1,A,6,EUR
OECD.SDD.NAD:DSD_NAMAIN10@DF_TABLE5(1.0),A,ITA,S14,S1,P31DC,_Z,_Z,CP056,XDC,V,N,T0117,2022,27796.5,,F,1,A,6,EUR
OECD.SDD.NAD:DSD_NAMAIN10@DF_TABLE5(1.0),A,ITA,S14,S1,P31DC,_Z,_Z,CP043,XDC,V,N,T0117,2022,9129.2,,F,1,A,6,EUR
OECD.SDD.NAD:DSD_NAMAIN10@DF_TABLE5(1.0),A,ITA,S14,S1,P31DC,_Z,_Z,CP05,XDC,V,N,T0117,2022,77032.6,,F,1,A,6,EUR
OECD.SDD.NAD:DSD_NAMAIN10@DF_TABLE5(1.0),A,ITA,S14,S1,P31DC,_Z,_Z,CP055,XDC,V,N,T0117,2022,3703.7,,F,1,A,6,EUR
OECD.SDD.NAD:DSD_NAMAIN10@DF_TABLE5(1.0),A,ITA,S14,S1,P31DC,_Z,_Z,CP044,XDC,V,N,T0117,2022,23330,,F,1,A,6,EUR
OECD.SDD.NAD:DSD_NAMAIN10@DF_TABLE5(1.0),A,ITA,S14,S1,P31DC,_Z,_Z,CP06,XDC,V,N,T0117,2023,43039.7,,F,1,A,6,EUR
OECD.SDD.NAD:DSD_NAMAIN10@DF_TABLE5(1.0),A,ITA,S14,S1,P31DC,_Z,_Z,CP10,XDC,V,N,T0117,2023,9705.2,,F,1,A,6,EUR
OECD.SDD.NAD:DSD_NAMAIN10@DF_TABLE5(1.0),A,ITA,S14,S1,P31DC,_Z,_Z,CP11,XDC,V,N,T0117,2023,123473.2,,F,1,A,6,EUR
OECD.SDD.NAD:DSD_NAMAIN10@DF_TABLE5(1.0),A,ITA,S14,S1,P31DC,_Z,_Z,CP07,XDC,V,N,T0117,2023,160263.7,,F,1,A,6,EUR
OECD.SDD.NAD:DSD_NAMAIN10@DF_TABLE5(1.0),A,ITA,S14,S1,P31DC,_Z,_Z,CP02,XDC,V,N,T0117,2023,47849,,F,1,A,6,EUR
OECD.SDD.NAD:DSD_NAMAIN10@DF_TABLE5(1.0),A,ITA,S14,S1,P31DC,_Z,_Z,CP08,XDC,V,N,T0117,2023,23376,,F,1,A,6,EUR
OECD.SDD.NAD:DSD_NAMAIN10@DF_TABLE5(1.0),A,ITA,S14,S1,P31DC,_Z,_Z,CP01,XDC,V,N,T0117,2023,184853.1,,F,1,A,6,EUR
OECD.SDD.NAD:DSD_NAMAIN10@DF_TABLE5(1.0),A,ITA,S14,S1,P31DC,_Z,_Z,CP12,XDC,V,N,T0117,2023,149771.5,,F,1,A,6,EUR
OECD.SDD.NAD:DSD_NAMAIN10@DF_TABLE5(1.0),A,ITA,S14,S1,P31DC,_Z,_Z,CP05,XDC,V,N,T0117,2023,76595.5,,F,1,A,6,EUR
OECD.SDD.NAD:DSD_NAMAIN10@DF_TABLE5(1.0),A,ITA,S14,S1,P31DC,_Z,_Z,_T,XDC,V,N,T0117,2023,1257106,,F,1,A,6,EUR
OECD.SDD.NAD:DSD_NAMAIN10@DF_TABLE5(1.0),A,ITA,S14,S1,P31DC,_Z,_Z,CP09,XDC,V,N,T0117,2023,85658.5,,F,1,A,6,EUR
OECD.SDD.NAD:DSD_NAMAIN10@DF_TABLE5(1.0),A,ITA,S14,S1,P31DC,_Z,_Z,CP04,XDC,V,N,T0117,2023,286910.4,,F,1,A,6,EUR
OECD.SDD.NAD:DSD_NAMAIN10@DF_TABLE5(1.0),A,ITA,S14,S1,P31DC,_Z,_Z,CP03,XDC,V,N,T0117,2023,65610,,F,1,A,6,EUR
OECD.SDD.NAD:DSD_NAMAIN10@DF_TABLE5(1.0),A,GRC,S14,S1,P31DC,_Z,_Z,CP041,XDC,V,N,T0117,2021,7232.955,,F,1,A,6,EUR
OECD.SDD.NAD:DSD_NAMAIN10@DF_TABLE5(1.0),A,GRC,S14,S1,P31DC,_Z,_Z,CP123,XDC,V,N,T0117,2021,425.285,,F,1,A,6,EUR
OECD.SDD.NAD:DSD_NAMAIN10@DF_TABLE5(1.0),A,GRC,S14,S1,P31DC,_Z,_Z,CP08,XDC,V,N,T0117,2021,5493.031,,F,1,A,6,EUR
OECD.SDD.NAD:DSD_NAMAIN10@DF_TABLE5(1.0),A,GRC,S14,S1,P31DC,_Z,_Z,CP073,XDC,V,N,T0117,2021,5026.53,,F,1,A,6,EUR
OECD.SDD.NAD:DSD_NAMAIN10@DF_TABLE5(1.0),A,GRC,S14,S1,P31DC,_Z,_Z,CP032,XDC,V,N,T0117,2021,1449.121,,F,1,A,6,EUR
OECD.SDD.NAD:DSD_NAMAIN10@DF_TABLE5(1.0),A,GRC,S14,S1,P31DC,_Z,_Z,CP103,XDC,V,N,T0117,2021,140.749,,F,1,A,6,EUR
OECD.SDD.NAD:DSD_NAMAIN10@DF_TABLE5(1.0),A,GRC,S14,S1,P31DC,_Z,_Z,CP102,XDC,V,N,T0117,2021,1148.439,,F,1,A,6,EUR
OECD.SDD.NAD:DSD_NAMAIN10@DF_TABLE5(1.0),A,GRC,S14,S1,P31DC,_Z,_Z,CP05,XDC,V,N,T0117,2021,3937.524,,F,1,A,6,EUR
OECD.SDD.NAD:DSD_NAMAIN10@DF_TABLE5(1.0),A,GRC,S14,S1,P31DC,_Z,_Z,_T,XDC,V,N,T0117,2021,133088.147,,F,1,A,6,EUR
OECD.SDD.NAD:DSD_NAMAIN10@DF_TABLE5(1.0),A,GRC,S14,S1,P31DC,_Z,_Z,CP082,XDC,V,N,T0117,2021,128.053,,F,1,A,6,EUR
OECD.SDD.NAD:DSD_NAMAIN10@DF_TABLE5(1.0),A,GRC,S14,S1,P31DC,_Z,_Z,CP104,XDC,V,N,T0117,2021,265.402,,F,1,A,6,EUR
OECD.SDD.NAD:DSD_NAMAIN10@DF_TABLE5(1.0),A,GRC,S14,S1,P31DC,_Z,_Z,CP012,XDC,V,N,T0117,2021,1472.776,,F,1,A,6,EUR
OECD.SDD.NAD:DSD_NAMAIN10@DF_TABLE5(1.0),A,GRC,S14,S1,P31DC,_Z,_Z,CP125,XDC,V,N,T0117,2021,1436.028,,F,1,A,6,EUR
OECD.SDD.NAD:DSD_NAMAIN10@DF_TABLE5(1.0),A,GRC,S14,S1,P31DC,_Z,_Z,CP083,XDC,V,N,T0117,2021,5277.143,,F,1,A,6,EUR
OECD.SDD.NAD:DSD_NAMAIN10@DF_TABLE5(1.0),A,GRC,S14,S1,P31DC,_Z,_Z,CP044,XDC,V,N,T0117,2021,1914.353,,F,1,A,6,EUR
OECD.SDD.NAD:DSD_NAMAIN10@DF_TABLE5(1.0),A,GRC,S14,S1,P31DC,_Z,_Z,CP111,XDC,V,N,T0117,2021,12361.005,,F,1,A,6,EUR
OECD.SDD.NAD:DSD_NAMAIN10@DF_TABLE5(1.0),A,GRC,S14,S1,P31DC,_Z,_Z,CP071,XDC,V,N,T0117,2021,4332.087,,F,1,A,6,EUR
OECD.SDD.NAD:DSD_NAMAIN10@DF_TABLE5(1.0),A,GRC,S14,S1,P31DC,_Z,_Z,CP031,XDC,V,N,T0117,2021,3355.457,,F,1,A,6,EUR
OECD.SDD.NAD:DSD_NAMAIN10@DF_TABLE5(1.0),A,GRC,S14,S1,P31DC,_Z,_Z,CP052,XDC,V,N,T0117,2021,230.549,,F,1,A,6,EUR
OECD.SDD.NAD:DSD_NAMAIN10@DF_TABLE5(1.0),A,GRC,S14,S1,P31DC,_Z,_Z,CP06,XDC,V,N,T0117,2021,6054.167,,F,1,A,6,EUR
OECD.SDD.NAD:DSD_NAMAIN10@DF_TABLE5(1.0),A,GRC,S14,S1,P31DC,_Z,_Z,CP02,XDC,V,N,T0117,2021,6288.29,,F,1,A,6,EUR
OECD.SDD.NAD:DSD_NAMAIN10@DF_TABLE5(1.0),A,GRC,S14,S1,P31DC,_Z,_Z,CP121,XDC,V,N,T0117,2021,3313.079,,F,1,A,6,EUR
OECD.SDD.NAD:DSD_NAMAIN10@DF_TABLE5(1.0),A,GRC,S14,S1,P31DC,_Z,_Z,CP091,XDC,V,N,T0117,2021,1122.016,,F,1,A,6,EUR
OECD.SDD.NAD:DSD_NAMAIN10@DF_TABLE5(1.0),A,GRC,S14,S1,P31DC,_Z,_Z,CP056,XDC,V,N,T0117,2021,2277.364,,F,1,A,6,EUR
OECD.SDD.NAD:DSD_NAMAIN10@DF_TABLE5(1.0),A,GRC,S14,S1,P31DC,_Z,_Z,CP112,XDC,V,N,T0117,2021,3797.478,,F,1,A,6,EUR
OECD.SDD.NAD:DSD_NAMAIN10@DF_TABLE5(1.0),A,GRC,S14,S1,P31DC,_Z,_Z,CP053,XDC,V,N,T0117,2021,603.551,,F,1,A,6,EUR
OECD.SDD.NAD:DSD_NAMAIN10@DF_TABLE5(1.0),A,GRC,S14,S1,P31DC,_Z,_Z,CP127,XDC,V,N,T0117,2021,1235.006,,F,1,A,6,EUR
OECD.SDD.NAD:DSD_NAMAIN10@DF_TABLE5(1.0),A,GRC,S14,S1,P31DC,_Z,_Z,CP03,XDC,V,N,T0117,2021,4804.578,,F,1,A,6,EUR
OECD.SDD.NAD:DSD_NAMAIN10@DF_TABLE5(1.0),A,GRC,S14,S1,P31DC,_Z,_Z,CP11,XDC,V,N,T0117,2021,16158.483,,F,1,A,6,EUR
OECD.SDD.NAD:DSD_NAMAIN10@DF_TABLE5(1.0),A,GRC,S14,S1,P31DC,_Z,_Z,CP124,XDC,V,N,T0117,2021,227.144,,F,1,A,6,EUR
OECD.SDD.NAD:DSD_NAMAIN10@DF_TABLE5(1.0),A,GRC,S14,S1,P31DC,_Z,_Z,CP045,XDC,V,N,T0117,2021,5925.934,,F,1,A,6,EUR
OECD.SDD.NAD:DSD_NAMAIN10@DF_TABLE5(1.0),A,GRC,S14,S1,P31DC,_Z,_Z,CP095,XDC,V,N,T0117,2021,676.446,,F,1,A,6,EUR
OECD.SDD.NAD:DSD_NAMAIN10@DF_TABLE5(1.0),A,GRC,S14,S1,P31DC,_Z,_Z,CP01,XDC,V,N,T0117,2021,23111.928,,F,1,A,6,EUR
OECD.SDD.NAD:DSD_NAMAIN10@DF_TABLE5(1.0),A,GRC,S14,S1,P31DC,_Z,_Z,CP092,XDC,V,N,T0117,2021,565.916,,F,1,A,6,EUR
OECD.SDD.NAD:DSD_NAMAIN10@DF_TABLE5(1.0),A,GRC,S14,S1,P31DC,_Z,_Z,CP081,XDC,V,N,T0117,2021,87.835,,F,1,A,6,EUR
OECD.SDD.NAD:DSD_NAMAIN10@DF_TABLE5(1.0),A,GRC,S14,S1,P31DC,_Z,_Z,CP022,XDC,V,N,T0117,2021,4080.445,,F,1,A,6,EUR
OECD.SDD.NAD:DSD_NAMAIN10@DF_TABLE5(1.0),A,GRC,S14,S1,P31DC,_Z,_Z,CP04,XDC,V,N,T0117,2021,32706.417,,F,1,A,6,EUR
OECD.SDD.NAD:DSD_NAMAIN10@DF_TABLE5(1.0),A,GRC,S14,S1,P31DC,_Z,_Z,CP055,XDC,V,N,T0117,2021,236.726,,F,1,A,6,EUR
OECD.SDD.NAD:DSD_NAMAIN10@DF_TABLE5(1.0),A,GRC,S14,S1,P31DC,_Z,_Z,CP096,XDC,V,N,T0117,2021,277.05,,F,1,A,6,EUR
OECD.SDD.NAD:DSD_NAMAIN10@DF_TABLE5(1.0),A,GRC,S14,S1,P31DC,_Z,_Z,CP122_127,XDC,V,N,T0117,2021,2040.856,,F,1,A,6,EUR
OECD.SDD.NAD:DSD_NAMAIN10@DF_TABLE5(1.0),A,GRC,S14,S1,P31DC,_Z,_Z,CP011,XDC,V,N,T0117,2021,21639.152,,F,1,A,6,EUR
OECD.SDD.NAD:DSD_NAMAIN10@DF_TABLE5(1.0),A,GRC,S14,S1,P31DC,_Z,_Z,CP062,XDC,V,N,T0117,2021,1541.069,,F,1,A,6,EUR
OECD.SDD.NAD:DSD_NAMAIN10@DF_TABLE5(1.0),A,GRC,S14,S1,P31DC,_Z,_Z,CP021,XDC,V,N,T0117,2021,1564.105,,F,1,A,6,EUR
OECD.SDD.NAD:DSD_NAMAIN10@DF_TABLE5(1.0),A,GRC,S14,S1,P31DC,_Z,_Z,CP12,XDC,V,N,T0117,2021,10680.989,,F,1,A,6,EUR
OECD.SDD.NAD:DSD_NAMAIN10@DF_TABLE5(1.0),A,GRC,S14,S1,P31DC,_Z,_Z,CP126,XDC,V,N,T0117,2021,3238.597,,F,1,A,6,EUR
OECD.SDD.NAD:DSD_NAMAIN10@DF_TABLE5(1.0),A,GRC,S14,S1,P31DC,_Z,_Z,CP054,XDC,V,N,T0117,2021,229.493,,F,1,A,6,EUR
OECD.SDD.NAD:DSD_NAMAIN10@DF_TABLE5(1.0),A,GRC,S14,S1,P31DC,_Z,_Z,CP051,XDC,V,N,T0117,2021,359.841,,F,1,A,6,EUR
OECD.SDD.NAD:DSD_NAMAIN10@DF_TABLE5(1.0),A,GRC,S14,S1,P31DC,_Z,_Z,CP061,XDC,V,N,T0117,2021,2661.06,,F,1,A,6,EUR
OECD.SDD.NAD:DSD_NAMAIN10@DF_TABLE5(1.0),A,GRC,S14,S1,P31DC,_Z,_Z,CP122,XDC,V,N,T0117,2021,805.85,,F,1,A,6,EUR
OECD.SDD.NAD:DSD_NAMAIN10@DF_TABLE5(1.0),A,GRC,S14,S1,P31DC,_Z,_Z,CP07,XDC,V,N,T0117,2021,14825.515,,F,1,A,6,EUR
OECD.SDD.NAD:DSD_NAMAIN10@DF_TABLE5(1.0),A,GRC,S14,S1,P31DC,_Z,_Z,CP101,XDC,V,N,T0117,2021,746.674,,F,1,A,6,EUR
OECD.SDD.NAD:DSD_NAMAIN10@DF_TABLE5(1.0),A,GRC,S14,S1,P31DC,_Z,_Z,CP094,XDC,V,N,T0117,2021,2991.947,,F,1,A,6,EUR
OECD.SDD.NAD:DSD_NAMAIN10@DF_TABLE5(1.0),A,GRC,S14,S1,P31DC,_Z,_Z,CP093,XDC,V,N,T0117,2021,838.442,,F,1,A,6,EUR
OECD.SDD.NAD:DSD_NAMAIN10@DF_TABLE5(1.0),A,GRC,S14,S1,P31DC,_Z,_Z,CP042,XDC,V,N,T0117,2021,17442.365,,F,1,A,6,EUR
OECD.SDD.NAD:DSD_NAMAIN10@DF_TABLE5(1.0),A,GRC,S14,S1,P31DC,_Z,_Z,CP063,XDC,V,N,T0117,2021,1852.039,,F,1,A,6,EUR
OECD.SDD.NAD:DSD_NAMAIN10@DF_TABLE5(1.0),A,GRC,S14,S1,P31DC,_Z,_Z,CP10,XDC,V,N,T0117,2021,2555.407,,F,1,A,6,EUR
OECD.SDD.NAD:DSD_NAMAIN10@DF_TABLE5(1.0),A,GRC,S14,S1,P31DC,_Z,_Z,CP09,XDC,V,N,T0117,2021,6471.818,,F,1,A,6,EUR
OECD.SDD.NAD:DSD_NAMAIN10@DF_TABLE5(1.0),A,GRC,S14,S1,P31DC,_Z,_Z,CP072,XDC,V,N,T0117,2021,5466.897,,F,1,A,6,EUR
OECD.SDD.NAD:DSD_NAMAIN10@DF_TABLE5(1.0),A,GRC,S14,S1,P31DC,_Z,_Z,CP023,XDC,V,N,T0117,2021,643.74,,F,1,A,6,EUR
OECD.SDD.NAD:DSD_NAMAIN10@DF_TABLE5(1.0),A,GRC,S14,S1,P31DC,_Z,_Z,CP043,XDC,V,N,T0117,2021,190.809,,F,1,A,6,EUR
OECD.SDD.NAD:DSD_NAMAIN10@DF_TABLE5(1.0),A,GRC,S14,S1,P31DC,_Z,_Z,CP105,XDC,V,N,T0117,2021,254.143,,F,1,A,6,EUR
OECD.SDD.NAD:DSD_NAMAIN10@DF_TABLE5(1.0),A,ESP,S14,S1,P31DC,_Z,_Z,CP082,XDC,V,N,T0117,2021,1832,,F,1,A,6,EUR
OECD.SDD.NAD:DSD_NAMAIN10@DF_TABLE5(1.0),A,ESP,S14,S1,P31DC,_Z,_Z,CP062,XDC,V,N,T0117,2021,12836,,F,1,A,6,EUR
OECD.SDD.NAD:DSD_NAMAIN10@DF_TABLE5(1.0),A,ESP,S14,S1,P31DC,_Z,_Z,CP011,XDC,V,N,T0117,2021,88719,,F,1,A,6,EUR
OECD.SDD.NAD:DSD_NAMAIN10@DF_TABLE5(1.0),A,ESP,S14,S1,P31DC,_Z,_Z,CP043,XDC,V,N,T0117,2021,6044,,F,1,A,6,EUR
OECD.SDD.NAD:DSD_NAMAIN10@DF_TABLE5(1.0),A,ESP,S14,S1,P31DC,_Z,_Z,CP072,XDC,V,N,T0117,2021,47766,,F,1,A,6,EUR
OECD.SDD.NAD:DSD_NAMAIN10@DF_TABLE5(1.0),A,ESP,S14,S1,P31DC,_Z,_Z,CP124,XDC,V,N,T0117,2021,7177,,F,1,A,6,EUR
OECD.SDD.NAD:DSD_NAMAIN10@DF_TABLE5(1.0),A,ESP,S14,S1,P31DC,_Z,_Z,CP071,XDC,V,N,T0117,2021,21524,,F,1,A,6,EUR
OECD.SDD.NAD:DSD_NAMAIN10@DF_TABLE5(1.0),A,ESP,S14,S1,P31DC,_Z,_Z,CP101,XDC,V,N,T0117,2021,1778,,F,1,A,6,EUR
OECD.SDD.NAD:DSD_NAMAIN10@DF_TABLE5(1.0),A,ESP,S14,S1,P31DC,_Z,_Z,CP096,XDC,V,N,T0117,2021,4658,,F,1,A,6,EUR
OECD.SDD.NAD:DSD_NAMAIN10@DF_TABLE5(1.0),A,ESP,S14,S1,P31DC,_Z,_Z,CP07,XDC,V,N,T0117,2021,78436,,F,1,A,6,EUR
OECD.SDD.NAD:DSD_NAMAIN10@DF_TABLE5(1.0),A,ESP,S14,S1,P31DC,_Z,_Z,CP11,XDC,V,N,T0117,2021,82781,,F,1,A,6,EUR
OECD.SDD.NAD:DSD_NAMAIN10@DF_TABLE5(1.0),A,ESP,S14,S1,P31DC,_Z,_Z,CP126,XDC,V,N,T0117,2021,25074,,F,1,A,6,EUR
OECD.SDD.NAD:DSD_NAMAIN10@DF_TABLE5(1.0),A,ESP,S14,S1,P31DC,_Z,_Z,CP08,XDC,V,N,T0117,2021,18283,,F,1,A,6,EUR
OECD.SDD.NAD:DSD_NAMAIN10@DF_TABLE5(1.0),A,ESP,S14,S1,P31DC,_Z,_Z,CP094,XDC,V,N,T0117,2021,21891,,F,1,A,6,EUR
OECD.SDD.NAD:DSD_NAMAIN10@DF_TABLE5(1.0),A,ESP,S14,S1,P31DC,_Z,_Z,CP102,XDC,V,N,T0117,2021,1403,,F,1,A,6,EUR
OECD.SDD.NAD:DSD_NAMAIN10@DF_TABLE5(1.0),A,ESP,S14,S1,P31DC,_Z,_Z,CP125,XDC,V,N,T0117,2021,9613,,F,1,A,6,EUR
OECD.SDD.NAD:DSD_NAMAIN10@DF_TABLE5(1.0),A,ESP,S14,S1,P31DC,_Z,_Z,CP03,XDC,V,N,T0117,2021,24388,,F,1,A,6,EUR
OECD.SDD.NAD:DSD_NAMAIN10@DF_TABLE5(1.0),A,ESP,S14,S1,P31DC,_Z,_Z,CP061,XDC,V,N,T0117,2021,13321,,F,1,A,6,EUR
OECD.SDD.NAD:DSD_NAMAIN10@DF_TABLE5(1.0),A,ESP,S14,S1,P31DC,_Z,_Z,CP081,XDC,V,N,T0117,2021,148,,F,1,A,6,EUR
OECD.SDD.NAD:DSD_NAMAIN10@DF_TABLE5(1.0),A,ESP,S14,S1,P31DC,_Z,_Z,CP044,XDC,V,N,T0117,2021,17066,,F,1,A,6,EUR
OECD.SDD.NAD:DSD_NAMAIN10@DF_TABLE5(1.0),A,ESP,S14,S1,P31DC,_Z,_Z,CP053,XDC,V,N,T0117,2021,5083,,F,1,A,6,EUR
OECD.SDD.NAD:DSD_NAMAIN10@DF_TABLE5(1.0),A,ESP,S14,S1,P31DC,_Z,_Z,CP12,XDC,V,N,T0117,2021,70934,,F,1,A,6,EUR
OECD.SDD.NAD:DSD_NAMAIN10@DF_TABLE5(1.0),A,ESP,S14,S1,P31DC,_Z,_Z,CP09,XDC,V,N,T0117,2021,45402,,F,1,A,6,EUR
OECD.SDD.NAD:DSD_NAMAIN10@DF_TABLE5(1.0),A,ESP,S14,S1,P31DC,_Z,_Z,CP105,XDC,V,N,T0117,2021,3492,,F,1,A,6,EUR
OECD.SDD.NAD:DSD_NAMAIN10@DF_TABLE5(1.0),A,ESP,S14,S1,P31DC,_Z,_Z,CP093,XDC,V,N,T0117,2021,8958,,F,1,A,6,EUR
OECD.SDD.NAD:DSD_NAMAIN10@DF_TABLE5(1.0),A,ESP,S14,S1,P31DC,_Z,_Z,CP104,XDC,V,N,T0117,2021,3024,,F,1,A,6,EUR
OECD.SDD.NAD:DSD_NAMAIN10@DF_TABLE5(1.0),A,ESP,S14,S1,P31DC,_Z,_Z,CP092,XDC,V,N,T0117,2021,668,,F,1,A,6,EUR
OECD.SDD.NAD:DSD_NAMAIN10@DF_TABLE5(1.0),A,ESP,S14,S1,P31DC,_Z,_Z,CP122_127,XDC,V,N,T0117,2021,8402,,F,1,A,6,EUR
OECD.SDD.NAD:DSD_NAMAIN10@DF_TABLE5(1.0),A,ESP,S14,S1,P31DC,_Z,_Z,CP121,XDC,V,N,T0117,2021,17619,,F,1,A,6,EUR
OECD.SDD.NAD:DSD_NAMAIN10@DF_TABLE5(1.0),A,ESP,S14,S1,P31DC,_Z,_Z,CP06,XDC,V,N,T0117,2021,30287,,F,1,A,6,EUR
OECD.SDD.NAD:DSD_NAMAIN10@DF_TABLE5(1.0),A,ESP,S14,S1,P31DC,_Z,_Z,CP023,XDC,V,N,T0117,2021,7434,,F,1,A,6,EUR
OECD.SDD.NAD:DSD_NAMAIN10@DF_TABLE5(1.0),A,ESP,S14,S1,P31DC,_Z,_Z,CP041,XDC,V,N,T0117,2021,20403,,F,1,A,6,EUR
OECD.SDD.NAD:DSD_NAMAIN10@DF_TABLE5(1.0),A,ESP,S14,S1,P31DC,_Z,_Z,CP052,XDC,V,N,T0117,2021,2488,,F,1,A,6,EUR
OECD.SDD.NAD:DSD_NAMAIN10@DF_TABLE5(1.0),A,ESP,S14,S1,P31DC,_Z,_Z,CP031,XDC,V,N,T0117,2021,18082,,F,1,A,6,EUR
OECD.SDD.NAD:DSD_NAMAIN10@DF_TABLE5(1.0),A,ESP,S14,S1,P31DC,_Z,_Z,CP012,XDC,V,N,T0117,2021,8926,,F,1,A,6,EUR
OECD.SDD.NAD:DSD_NAMAIN10@DF_TABLE5(1.0),A,ESP,S14,S1,P31DC,_Z,_Z,CP10,XDC,V,N,T0117,2021,9880,,F,1,A,6,EUR
OECD.SDD.NAD:DSD_NAMAIN10@DF_TABLE5(1.0),A,ESP,S14,S1,P31DC,_Z,_Z,CP05,XDC,V,N,T0117,2021,33649,,F,1,A,6,EUR
OECD.SDD.NAD:DSD_NAMAIN10@DF_TABLE5(1.0),A,ESP,S14,S1,P31DC,_Z,_Z,CP073,XDC,V,N,T0117,2021,9146,,F,1,A,6,EUR
OECD.SDD.NAD:DSD_NAMAIN10@DF_TABLE5(1.0),A,ESP,S14,S1,P31DC,_Z,_Z,CP04,XDC,V,N,T0117,2021,167800,,F,1,A,6,EUR
OECD.SDD.NAD:DSD_NAMAIN10@DF_TABLE5(1.0),A,ESP,S14,S1,P31DC,_Z,_Z,CP051,XDC,V,N,T0117,2021,8210,,F,1,A,6,EUR
OECD.SDD.NAD:DSD_NAMAIN10@DF_TABLE5(1.0),A,ESP,S14,S1,P31DC,_Z,_Z,CP111,XDC,V,N,T0117,2021,73521,,F,1,A,6,EUR
OECD.SDD.NAD:DSD_NAMAIN10@DF_TABLE5(1.0),A,ESP,S14,S1,P31DC,_Z,_Z,CP032,XDC,V,N,T0117,2021,6306,,F,1,A,6,EUR
OECD.SDD.NAD:DSD_NAMAIN10@DF_TABLE5(1.0),A,ESP,S14,S1,P31DC,_Z,_Z,CP042,XDC,V,N,T0117,2021,96885,,F,1,A,6,EUR
OECD.SDD.NAD:DSD_NAMAIN10@DF_TABLE5(1.0),A,ESP,S14,S1,P31DC,_Z,_Z,CP02,XDC,V,N,T0117,2021,30146,,F,1,A,6,EUR
OECD.SDD.NAD:DSD_NAMAIN10@DF_TABLE5(1.0),A,ESP,S14,S1,P31DC,_Z,_Z,CP103,XDC,V,N,T0117,2021,183,,F,1,A,6,EUR
OECD.SDD.NAD:DSD_NAMAIN10@DF_TABLE5(1.0),A,ESP,S14,S1,P31DC,_Z,_Z,CP01,XDC,V,N,T0117,2021,97645,,F,1,A,6,EUR
OECD.SDD.NAD:DSD_NAMAIN10@DF_TABLE5(1.0),A,ESP,S14,S1,P31DC,_Z,_Z,CP095,XDC,V,N,T0117,2021,3785,,F,1,A,6,EUR
OECD.SDD.NAD:DSD_NAMAIN10@DF_TABLE5(1.0),A,ESP,S14,S1,P31DC,_Z,_Z,CP054,XDC,V,N,T0117,2021,1409,,F,1,A,6,EUR
OECD.SDD.NAD:DSD_NAMAIN10@DF_TABLE5(1.0),A,ESP,S14,S1,P31DC,_Z,_Z,CP021,XDC,V,N,T0117,2021,10011,,F,1,A,6,EUR
OECD.SDD.NAD:DSD_NAMAIN10@DF_TABLE5(1.0),A,ESP,S14,S1,P31DC,_Z,_Z,CP063,XDC,V,N,T0117,2021,4130,,F,1,A,6,EUR
OECD.SDD.NAD:DSD_NAMAIN10@DF_TABLE5(1.0),A,ESP,S14,S1,P31DC,_Z,_Z,CP123,XDC,V,N,T0117,2021,3049,,F,1,A,6,EUR
OECD.SDD.NAD:DSD_NAMAIN10@DF_TABLE5(1.0),A,ESP,S14,S1,P31DC,_Z,_Z,CP045,XDC,V,N,T0117,2021,27402,,F,1,A,6,EUR
OECD.SDD.NAD:DSD_NAMAIN10@DF_TABLE5(1.0),A,ESP,S14,S1,P31DC,_Z,_Z,CP055,XDC,V,N,T0117,2021,2369,,F,1,A,6,EUR
OECD.SDD.NAD:DSD_NAMAIN10@DF_TABLE5(1.0),A,ESP,S14,S1,P31DC,_Z,_Z,CP091,XDC,V,N,T0117,2021,5442,,F,1,A,6,EUR
OECD.SDD.NAD:DSD_NAMAIN10@DF_TABLE5(1.0),A,ESP,S14,S1,P31DC,_Z,_Z,CP112,XDC,V,N,T0117,2021,9260,,F,1,A,6,EUR
OECD.SDD.NAD:DSD_NAMAIN10@DF_TABLE5(1.0),A,ESP,S14,S1,P31DC,_Z,_Z,_T,XDC,V,N,T0117,2021,689631,,F,1,A,6,EUR
OECD.SDD.NAD:DSD_NAMAIN10@DF_TABLE5(1.0),A,ESP,S14,S1,P31DC,_Z,_Z,CP083,XDC,V,N,T0117,2021,16303,,F,1,A,6,EUR
OECD.SDD.NAD:DSD_NAMAIN10@DF_TABLE5(1.0),A,ESP,S14,S1,P31DC,_Z,_Z,CP022,XDC,V,N,T0117,2021,12701,,F,1,A,6,EUR
OECD.SDD.NAD:DSD_NAMAIN10@DF_TABLE5(1.0),A,ESP,S14,S1,P31DC,_Z,_Z,CP056,XDC,V,N,T0117,2021,14090,,F,1,A,6,EUR
OECD.SDD.NAD:DSD_NAMAIN10@DF_TABLE5(1.0),A,ESP,S14,S1,P31DC,_Z,_Z,CP031,XDC,V,N,T0117,2022,20771,,F,1,A,6,EUR
OECD.SDD.NAD:DSD_NAMAIN10@DF_TABLE5(1.0),A,ESP,S14,S1,P31DC,_Z,_Z,CP052,XDC,V,N,T0117,2022,2282,,F,1,A,6,EUR
OECD.SDD.NAD:DSD_NAMAIN10@DF_TABLE5(1.0),A,ESP,S14,S1,P31DC,_Z,_Z,CP012,XDC,V,N,T0117,2022,9899,,F,1,A,6,EUR
OECD.SDD.NAD:DSD_NAMAIN10@DF_TABLE5(1.0),A,ESP,S14,S1,P31DC,_Z,_Z,CP10,XDC,V,N,T0117,2022,10046,,F,1,A,6,EUR
OECD.SDD.NAD:DSD_NAMAIN10@DF_TABLE5(1.0),A,ESP,S14,S1,P31DC,_Z,_Z,CP05,XDC,V,N,T0117,2022,34928,,F,1,A,6,EUR
OECD.SDD.NAD:DSD_NAMAIN10@DF_TABLE5(1.0),A,ESP,S14,S1,P31DC,_Z,_Z,CP073,XDC,V,N,T0117,2022,13745,,F,1,A,6,EUR
OECD.SDD.NAD:DSD_NAMAIN10@DF_TABLE5(1.0),A,ESP,S14,S1,P31DC,_Z,_Z,CP04,XDC,V,N,T0117,2022,176784,,F,1,A,6,EUR
OECD.SDD.NAD:DSD_NAMAIN10@DF_TABLE5(1.0),A,ESP,S14,S1,P31DC,_Z,_Z,CP051,XDC,V,N,T0117,2022,9261,,F,1,A,6,EUR
OECD.SDD.NAD:DSD_NAMAIN10@DF_TABLE5(1.0),A,ESP,S14,S1,P31DC,_Z,_Z,CP111,XDC,V,N,T0117,2022,100844,,F,1,A,6,EUR
OECD.SDD.NAD:DSD_NAMAIN10@DF_TABLE5(1.0),A,ESP,S14,S1,P31DC,_Z,_Z,CP032,XDC,V,N,T0117,2022,6866,,F,1,A,6,EUR
OECD.SDD.NAD:DSD_NAMAIN10@DF_TABLE5(1.0),A,ESP,S14,S1,P31DC,_Z,_Z,CP042,XDC,V,N,T0117,2022,98785,,F,1,A,6,EUR
OECD.SDD.NAD:DSD_NAMAIN10@DF_TABLE5(1.0),A,ESP,S14,S1,P31DC,_Z,_Z,CP02,XDC,V,N,T0117,2022,32227,,F,1,A,6,EUR
OECD.SDD.NAD:DSD_NAMAIN10@DF_TABLE5(1.0),A,ESP,S14,S1,P31DC,_Z,_Z,CP103,XDC,V,N,T0117,2022,198,,F,1,A,6,EUR
OECD.SDD.NAD:DSD_NAMAIN10@DF_TABLE5(1.0),A,ESP,S14,S1,P31DC,_Z,_Z,CP054,XDC,V,N,T0117,2022,1272,,F,1,A,6,EUR
OECD.SDD.NAD:DSD_NAMAIN10@DF_TABLE5(1.0),A,ESP,S14,S1,P31DC,_Z,_Z,CP021,XDC,V,N,T0117,2022,10601,,F,1,A,6,EUR
OECD.SDD.NAD:DSD_NAMAIN10@DF_TABLE5(1.0),A,ESP,S14,S1,P31DC,_Z,_Z,CP01,XDC,V,N,T0117,2022,103548,,F,1,A,6,EUR
OECD.SDD.NAD:DSD_NAMAIN10@DF_TABLE5(1.0),A,ESP,S14,S1,P31DC,_Z,_Z,CP095,XDC,V,N,T0117,2022,4074,,F,1,A,6,EUR
OECD.SDD.NAD:DSD_NAMAIN10@DF_TABLE5(1.0),A,ESP,S14,S1,P31DC,_Z,_Z,CP063,XDC,V,N,T0117,2022,4500,,F,1,A,6,EUR
OECD.SDD.NAD:DSD_NAMAIN10@DF_TABLE5(1.0),A,ESP,S14,S1,P31DC,_Z,_Z,CP123,XDC,V,N,T0117,2022,3823,,F,1,A,6,EUR
OECD.SDD.NAD:DSD_NAMAIN10@DF_TABLE5(1.0),A,ESP,S14,S1,P31DC,_Z,_Z,CP045,XDC,V,N,T0117,2022,32773,,F,1,A,6,EUR
OECD.SDD.NAD:DSD_NAMAIN10@DF_TABLE5(1.0),A,ESP,S14,S1,P31DC,_Z,_Z,CP112,XDC,V,N,T0117,2022,17157,,F,1,A,6,EUR
OECD.SDD.NAD:DSD_NAMAIN10@DF_TABLE5(1.0),A,ESP,S14,S1,P31DC,_Z,_Z,_T,XDC,V,N,T0117,2022,793600,,F,1,A,6,EUR
OECD.SDD.NAD:DSD_NAMAIN10@DF_TABLE5(1.0),A,ESP,S14,S1,P31DC,_Z,_Z,CP083,XDC,V,N,T0117,2022,16306,,F,1,A,6,EUR
OECD.SDD.NAD:DSD_NAMAIN10@DF_TABLE5(1.0),A,ESP,S14,S1,P31DC,_Z,_Z,CP022,XDC,V,N,T0117,2022,13404,,F,1,A,6,EUR
OECD.SDD.NAD:DSD_NAMAIN10@DF_TABLE5(1.0),A,ESP,S14,S1,P31DC,_Z,_Z,CP056,XDC,V,N,T0117,2022,14326,,F,1,A,6,EUR
OECD.SDD.NAD:DSD_NAMAIN10@DF_TABLE5(1.0),A,ESP,S14,S1,P31DC,_Z,_Z,CP055,XDC,V,N,T0117,2022,2246,,F,1,A,6,EUR
OECD.SDD.NAD:DSD_NAMAIN10@DF_TABLE5(1.0),A,ESP,S14,S1,P31DC,_Z,_Z,CP091,XDC,V,N,T0117,2022,6002,,F,1,A,6,EUR
OECD.SDD.NAD:DSD_NAMAIN10@DF_TABLE5(1.0),A,ESP,S14,S1,P31DC,_Z,_Z,CP121,XDC,V,N,T0117,2022,19693,,F,1,A,6,EUR
OECD.SDD.NAD:DSD_NAMAIN10@DF_TABLE5(1.0),A,ESP,S14,S1,P31DC,_Z,_Z,CP06,XDC,V,N,T0117,2022,31532,,F,1,A,6,EUR
OECD.SDD.NAD:DSD_NAMAIN10@DF_TABLE5(1.0),A,ESP,S14,S1,P31DC,_Z,_Z,CP023,XDC,V,N,T0117,2022,8222,,F,1,A,6,EUR
OECD.SDD.NAD:DSD_NAMAIN10@DF_TABLE5(1.0),A,ESP,S14,S1,P31DC,_Z,_Z,CP041,XDC,V,N,T0117,2022,22219,,F,1,A,6,EUR
OECD.SDD.NAD:DSD_NAMAIN10@DF_TABLE5(1.0),A,ESP,S14,S1,P31DC,_Z,_Z,CP093,XDC,V,N,T0117,2022,9592,,F,1,A,6,EUR
OECD.SDD.NAD:DSD_NAMAIN10@DF_TABLE5(1.0),A,ESP,S14,S1,P31DC,_Z,_Z,CP104,XDC,V,N,T0117,2022,3010,,F,1,A,6,EUR
OECD.SDD.NAD:DSD_NAMAIN10@DF_TABLE5(1.0),A,ESP,S14,S1,P31DC,_Z,_Z,CP122_127,XDC,V,N,T0117,2022,8875,,F,1,A,6,EUR
OECD.SDD.NAD:DSD_NAMAIN10@DF_TABLE5(1.0),A,ESP,S14,S1,P31DC,_Z,_Z,CP092,XDC,V,N,T0117,2022,786,,F,1,A,6,EUR
OECD.SDD.NAD:DSD_NAMAIN10@DF_TABLE5(1.0),A,ESP,S14,S1,P31DC,_Z,_Z,CP061,XDC,V,N,T0117,2022,14287,,F,1,A,6,EUR
OECD.SDD.NAD:DSD_NAMAIN10@DF_TABLE5(1.0),A,ESP,S14,S1,P31DC,_Z,_Z,CP081,XDC,V,N,T0117,2022,137,,F,1,A,6,EUR
OECD.SDD.NAD:DSD_NAMAIN10@DF_TABLE5(1.0),A,ESP,S14,S1,P31DC,_Z,_Z,CP044,XDC,V,N,T0117,2022,17820,,F,1,A,6,EUR
OECD.SDD.NAD:DSD_NAMAIN10@DF_TABLE5(1.0),A,ESP,S14,S1,P31DC,_Z,_Z,CP12,XDC,V,N,T0117,2022,81653,,F,1,A,6,EUR
OECD.SDD.NAD:DSD_NAMAIN10@DF_TABLE5(1.0),A,ESP,S14,S1,P31DC,_Z,_Z,CP053,XDC,V,N,T0117,2022,5541,,F,1,A,6,EUR
OECD.SDD.NAD:DSD_NAMAIN10@DF_TABLE5(1.0),A,ESP,S14,S1,P31DC,_Z,_Z,CP09,XDC,V,N,T0117,2022,63671,,F,1,A,6,EUR
OECD.SDD.NAD:DSD_NAMAIN10@DF_TABLE5(1.0),A,ESP,S14,S1,P31DC,_Z,_Z,CP105,XDC,V,N,T0117,2022,3652,,F,1,A,6,EUR
OECD.SDD.NAD:DSD_NAMAIN10@DF_TABLE5(1.0),A,ESP,S14,S1,P31DC,_Z,_Z,CP124,XDC,V,N,T0117,2022,7590,,F,1,A,6,EUR
OECD.SDD.NAD:DSD_NAMAIN10@DF_TABLE5(1.0),A,ESP,S14,S1,P31DC,_Z,_Z,CP071,XDC,V,N,T0117,2022,22962,,F,1,A,6,EUR
OECD.SDD.NAD:DSD_NAMAIN10@DF_TABLE5(1.0),A,ESP,S14,S1,P31DC,_Z,_Z,CP101,XDC,V,N,T0117,2022,1771,,F,1,A,6,EUR
OECD.SDD.NAD:DSD_NAMAIN10@DF_TABLE5(1.0),A,ESP,S14,S1,P31DC,_Z,_Z,CP082,XDC,V,N,T0117,2022,2353,,F,1,A,6,EUR
OECD.SDD.NAD:DSD_NAMAIN10@DF_TABLE5(1.0),A,ESP,S14,S1,P31DC,_Z,_Z,CP062,XDC,V,N,T0117,2022,12745,,F,1,A,6,EUR
OECD.SDD.NAD:DSD_NAMAIN10@DF_TABLE5(1.0),A,ESP,S14,S1,P31DC,_Z,_Z,CP011,XDC,V,N,T0117,2022,93649,,F,1,A,6,EUR
OECD.SDD.NAD:DSD_NAMAIN10@DF_TABLE5(1.0),A,ESP,S14,S1,P31DC,_Z,_Z,CP043,XDC,V,N,T0117,2022,5187,,F,1,A,6,EUR
OECD.SDD.NAD:DSD_NAMAIN10@DF_TABLE5(1.0),A,ESP,S14,S1,P31DC,_Z,_Z,CP072,XDC,V,N,T0117,2022,58070,,F,1,A,6,EUR
OECD.SDD.NAD:DSD_NAMAIN10@DF_TABLE5(1.0),A,ESP,S14,S1,P31DC,_Z,_Z,CP096,XDC,V,N,T0117,2022,10473,,F,1,A,6,EUR
OECD.SDD.NAD:DSD_NAMAIN10@DF_TABLE5(1.0),A,ESP,S14,S1,P31DC,_Z,_Z,CP07,XDC,V,N,T0117,2022,94777,,F,1,A,6,EUR
OECD.SDD.NAD:DSD_NAMAIN10@DF_TABLE5(1.0),A,ESP,S14,S1,P31DC,_Z,_Z,CP11,XDC,V,N,T0117,2022,118001,,F,1,A,6,EUR
OECD.SDD.NAD:DSD_NAMAIN10@DF_TABLE5(1.0),A,ESP,S14,S1,P31DC,_Z,_Z,CP126,XDC,V,N,T0117,2022,27496,,F,1,A,6,EUR
OECD.SDD.NAD:DSD_NAMAIN10@DF_TABLE5(1.0),A,ESP,S14,S1,P31DC,_Z,_Z,CP094,XDC,V,N,T0117,2022,32744,,F,1,A,6,EUR
OECD.SDD.NAD:DSD_NAMAIN10@DF_TABLE5(1.0),A,ESP,S14,S1,P31DC,_Z,_Z,CP08,XDC,V,N,T0117,2022,18796,,F,1,A,6,EUR
OECD.SDD.NAD:DSD_NAMAIN10@DF_TABLE5(1.0),A,ESP,S14,S1,P31DC,_Z,_Z,CP102,XDC,V,N,T0117,2022,1415,,F,1,A,6,EUR
OECD.SDD.NAD:DSD_NAMAIN10@DF_TABLE5(1.0),A,ESP,S14,S1,P31DC,_Z,_Z,CP125,XDC,V,N,T0117,2022,14176,,F,1,A,6,EUR
OECD.SDD.NAD:DSD_NAMAIN10@DF_TABLE5(1.0),A,ESP,S14,S1,P31DC,_Z,_Z,CP03,XDC,V,N,T0117,2022,27637,,F,1,A,6,EUR
OECD.SDD.NAD:DSD_NAMAIN10@DF_TABLE5(1.0),A,BEL,S14,S1,P31DC,_Z,_Z,CP053,XDC,V,N,T0117,2021,2373,,F,1,A,6,EUR
OECD.SDD.NAD:DSD_NAMAIN10@DF_TABLE5(1.0),A,BEL,S14,S1,P31DC,_Z,_Z,CP121,XDC,V,N,T0117,2021,4683.5,,F,1,A,6,EUR
OECD.SDD.NAD:DSD_NAMAIN10@DF_TABLE5(1.0),A,BEL,S14,S1,P31DC,_Z,_Z,CP122_127,XDC,V,N,T0117,2021,6467,,F,1,A,6,EUR
OECD.SDD.NAD:DSD_NAMAIN10@DF_TABLE5(1.0),A,BEL,S14,S1,P31DC,_Z,_Z,CP03,XDC,V,N,T0117,2021,10199.6,,F,1,A,6,EUR
OECD.SDD.NAD:DSD_NAMAIN10@DF_TABLE5(1.0),A,BEL,S14,S1,P31DC,_Z,_Z,CP051,XDC,V,N,T0117,2021,5557.8,,F,1,A,6,EUR
OECD.SDD.NAD:DSD_NAMAIN10@DF_TABLE5(1.0),A,BEL,S14,S1,P31DC,_Z,_Z,CP125,XDC,V,N,T0117,2021,8657.2,,F,1,A,6,EUR
OECD.SDD.NAD:DSD_NAMAIN10@DF_TABLE5(1.0),A,BEL,S14,S1,P31DC,_Z,_Z,CP081,XDC,V,N,T0117,2021,277.3,,F,1,A,6,EUR
OECD.SDD.NAD:DSD_NAMAIN10@DF_TABLE5(1.0),A,BEL,S14,S1,P31DC,_Z,_Z,CP08,XDC,V,N,T0117,2021,5533.8,,F,1,A,6,EUR
OECD.SDD.NAD:DSD_NAMAIN10@DF_TABLE5(1.0),A,BEL,S14,S1,P31DC,_Z,_Z,CP02,XDC,V,N,T0117,2021,10163.7,,F,1,A,6,EUR
OECD.SDD.NAD:DSD_NAMAIN10@DF_TABLE5(1.0),A,BEL,S14,S1,P31DC,_Z,_Z,CP01,XDC,V,N,T0117,2021,31353.8,,F,1,A,6,EUR
OECD.SDD.NAD:DSD_NAMAIN10@DF_TABLE5(1.0),A,BEL,S14,S1,P31DC,_Z,_Z,CP045,XDC,V,N,T0117,2021,12391.2,,F,1,A,6,EUR
OECD.SDD.NAD:DSD_NAMAIN10@DF_TABLE5(1.0),A,BEL,S14,S1,P31DC,_Z,_Z,CP101,XDC,V,N,T0117,2021,82.9,,F,1,A,6,EUR
OECD.SDD.NAD:DSD_NAMAIN10@DF_TABLE5(1.0),A,BEL,S14,S1,P31DC,_Z,_Z,CP042,XDC,V,N,T0117,2021,28782.4,,F,1,A,6,EUR
OECD.SDD.NAD:DSD_NAMAIN10@DF_TABLE5(1.0),A,BEL,S14,S1,P31DC,_Z,_Z,CP021,XDC,V,N,T0117,2021,3862.8,,F,1,A,6,EUR
OECD.SDD.NAD:DSD_NAMAIN10@DF_TABLE5(1.0),A,BEL,S14,S1,P31DC,_Z,_Z,CP023,XDC,V,N,T0117,2021,646.8,,F,1,A,6,EUR
OECD.SDD.NAD:DSD_NAMAIN10@DF_TABLE5(1.0),A,BEL,S14,S1,P31DC,_Z,_Z,CP127,XDC,V,N,T0117,2021,5366,,F,1,A,6,EUR
OECD.SDD.NAD:DSD_NAMAIN10@DF_TABLE5(1.0),A,BEL,S14,S1,P31DC,_Z,_Z,CP05,XDC,V,N,T0117,2021,15708.1,,F,1,A,6,EUR
OECD.SDD.NAD:DSD_NAMAIN10@DF_TABLE5(1.0),A,BEL,S14,S1,P31DC,_Z,_Z,CP06,XDC,V,N,T0117,2021,16204.2,,F,1,A,6,EUR
OECD.SDD.NAD:DSD_NAMAIN10@DF_TABLE5(1.0),A,BEL,S14,S1,P31DC,_Z,_Z,CP052,XDC,V,N,T0117,2021,956.4,,F,1,A,6,EUR
OECD.SDD.NAD:DSD_NAMAIN10@DF_TABLE5(1.0),A,BEL,S14,S1,P31DC,_Z,_Z,CP112,XDC,V,N,T0117,2021,1153,,F,1,A,6,EUR
OECD.SDD.NAD:DSD_NAMAIN10@DF_TABLE5(1.0),A,BEL,S14,S1,P31DC,_Z,_Z,CP031,XDC,V,N,T0117,2021,8594.7,,F,1,A,6,EUR
OECD.SDD.NAD:DSD_NAMAIN10@DF_TABLE5(1.0),A,BEL,S14,S1,P31DC,_Z,_Z,CP012,XDC,V,N,T0117,2021,2344.2,,F,1,A,6,EUR
OECD.SDD.NAD:DSD_NAMAIN10@DF_TABLE5(1.0),A,BEL,S14,S1,P31DC,_Z,_Z,CP091,XDC,V,N,T0117,2021,2763,,F,1,A,6,EUR
OECD.SDD.NAD:DSD_NAMAIN10@DF_TABLE5(1.0),A,BEL,S14,S1,P31DC,_Z,_Z,CP126,XDC,V,N,T0117,2021,8758.3,,F,1,A,6,EUR
OECD.SDD.NAD:DSD_NAMAIN10@DF_TABLE5(1.0),A,BEL,S14,S1,P31DC,_Z,_Z,CP071,XDC,V,N,T0117,2021,6082.1,,F,1,A,6,EUR
OECD.SDD.NAD:DSD_NAMAIN10@DF_TABLE5(1.0),A,BEL,S14,S1,P31DC,_Z,_Z,CP032,XDC,V,N,T0117,2021,1604.9,,F,1,A,6,EUR
OECD.SDD.NAD:DSD_NAMAIN10@DF_TABLE5(1.0),A,BEL,S14,S1,P31DC,_Z,_Z,CP041,XDC,V,N,T0117,2021,14308,,F,1,A,6,EUR
OECD.SDD.NAD:DSD_NAMAIN10@DF_TABLE5(1.0),A,BEL,S14,S1,P31DC,_Z,_Z,CP10,XDC,V,N,T0117,2021,875.5,,F,1,A,6,EUR
OECD.SDD.NAD:DSD_NAMAIN10@DF_TABLE5(1.0),A,BEL,S14,S1,P31DC,_Z,_Z,CP04,XDC,V,N,T0117,2021,59726,,F,1,A,6,EUR
OECD.SDD.NAD:DSD_NAMAIN10@DF_TABLE5(1.0),A,BEL,S14,S1,P31DC,_Z,_Z,CP054,XDC,V,N,T0117,2021,1164.2,,F,1,A,6,EUR
OECD.SDD.NAD:DSD_NAMAIN10@DF_TABLE5(1.0),A,BEL,S14,S1,P31DC,_Z,_Z,CP104,XDC,V,N,T0117,2021,219.6,,F,1,A,6,EUR
OECD.SDD.NAD:DSD_NAMAIN10@DF_TABLE5(1.0),A,BEL,S14,S1,P31DC,_Z,_Z,CP011,XDC,V,N,T0117,2021,29009.6,,F,1,A,6,EUR
OECD.SDD.NAD:DSD_NAMAIN10@DF_TABLE5(1.0),A,BEL,S14,S1,P31DC,_Z,_Z,CP123,XDC,V,N,T0117,2021,1326.2,,F,1,A,6,EUR
OECD.SDD.NAD:DSD_NAMAIN10@DF_TABLE5(1.0),A,BEL,S14,S1,P31DC,_Z,_Z,CP083,XDC,V,N,T0117,2021,4928.3,,F,1,A,6,EUR
OECD.SDD.NAD:DSD_NAMAIN10@DF_TABLE5(1.0),A,BEL,S14,S1,P31DC,_Z,_Z,CP09,XDC,V,N,T0117,2021,17981.6,,F,1,A,6,EUR
OECD.SDD.NAD:DSD_NAMAIN10@DF_TABLE5(1.0),A,BEL,S14,S1,P31DC,_Z,_Z,CP12,XDC,V,N,T0117,2021,32924,,F,1,A,6,EUR
OECD.SDD.NAD:DSD_NAMAIN10@DF_TABLE5(1.0),A,BEL,S14,S1,P31DC,_Z,_Z,CP094,XDC,V,N,T0117,2021,6104.3,,F,1,A,6,EUR
OECD.SDD.NAD:DSD_NAMAIN10@DF_TABLE5(1.0),A,BEL,S14,S1,P31DC,_Z,_Z,CP022,XDC,V,N,T0117,2021,5654.1,,F,1,A,6,EUR
OECD.SDD.NAD:DSD_NAMAIN10@DF_TABLE5(1.0),A,BEL,S14,S1,P31DC,_Z,_Z,CP056,XDC,V,N,T0117,2021,4288.5,,F,1,A,6,EUR
OECD.SDD.NAD:DSD_NAMAIN10@DF_TABLE5(1.0),A,BEL,S14,S1,P31DC,_Z,_Z,CP111,XDC,V,N,T0117,2021,11463.9,,F,1,A,6,EUR
OECD.SDD.NAD:DSD_NAMAIN10@DF_TABLE5(1.0),A,BEL,S14,S1,P31DC,_Z,_Z,CP103,XDC,V,N,T0117,2021,329.5,,F,1,A,6,EUR
OECD.SDD.NAD:DSD_NAMAIN10@DF_TABLE5(1.0),A,BEL,S14,S1,P31DC,_Z,_Z,CP082,XDC,V,N,T0117,2021,328.2,,F,1,A,6,EUR
OECD.SDD.NAD:DSD_NAMAIN10@DF_TABLE5(1.0),A,BEL,S14,S1,P31DC,_Z,_Z,CP095,XDC,V,N,T0117,2021,2303.4,,F,1,A,6,EUR
OECD.SDD.NAD:DSD_NAMAIN10@DF_TABLE5(1.0),A,BEL,S14,S1,P31DC,_Z,_Z,CP124,XDC,V,N,T0117,2021,3031.8,,F,1,A,6,EUR
OECD.SDD.NAD:DSD_NAMAIN10@DF_TABLE5(1.0),A,BEL,S14,S1,P31DC,_Z,_Z,CP11,XDC,V,N,T0117,2021,12616.9,,F,1,A,6,EUR
OECD.SDD.NAD:DSD_NAMAIN10@DF_TABLE5(1.0),A,BEL,S14,S1,P31DC,_Z,_Z,CP092,XDC,V,N,T0117,2021,975.8,,F,1,A,6,EUR
OECD.SDD.NAD:DSD_NAMAIN10@DF_TABLE5(1.0),A,BEL,S14,S1,P31DC,_Z,_Z,CP093,XDC,V,N,T0117,2021,4903.7,,F,1,A,6,EUR
OECD.SDD.NAD:DSD_NAMAIN10@DF_TABLE5(1.0),A,BEL,S14,S1,P31DC,_Z,_Z,CP07,XDC,V,N,T0117,2021,23214.5,,F,1,A,6,EUR
OECD.SDD.NAD:DSD_NAMAIN10@DF_TABLE5(1.0),A,BEL,S14,S1,P31DC,_Z,_Z,CP043,XDC,V,N,T0117,2021,807.5,,F,1,A,6,EUR
OECD.SDD.NAD:DSD_NAMAIN10@DF_TABLE5(1.0),A,BEL,S14,S1,P31DC,_Z,_Z,CP105,XDC,V,N,T0117,2021,59.7,,F,1,A,6,EUR
OECD.SDD.NAD:DSD_NAMAIN10@DF_TABLE5(1.0),A,BEL,S14,S1,P31DC,_Z,_Z,CP061,XDC,V,N,T0117,2021,4194.5,,F,1,A,6,EUR
OECD.SDD.NAD:DSD_NAMAIN10@DF_TABLE5(1.0),A,BEL,S14,S1,P31DC,_Z,_Z,CP073,XDC,V,N,T0117,2021,1582.3,,F,1,A,6,EUR
OECD.SDD.NAD:DSD_NAMAIN10@DF_TABLE5(1.0),A,BEL,S14,S1,P31DC,_Z,_Z,CP096,XDC,V,N,T0117,2021,931.4,,F,1,A,6,EUR
OECD.SDD.NAD:DSD_NAMAIN10@DF_TABLE5(1.0),A,BEL,S14,S1,P31DC,_Z,_Z,CP063,XDC,V,N,T0117,2021,8112.8,,F,1,A,6,EUR
OECD.SDD.NAD:DSD_NAMAIN10@DF_TABLE5(1.0),A,BEL,S14,S1,P31DC,_Z,_Z,CP072,XDC,V,N,T0117,2021,15550.1,,F,1,A,6,EUR
OECD.SDD.NAD:DSD_NAMAIN10@DF_TABLE5(1.0),A,BEL,S14,S1,P31DC,_Z,_Z,CP055,XDC,V,N,T0117,2021,1368.2,,F,1,A,6,EUR
OECD.SDD.NAD:DSD_NAMAIN10@DF_TABLE5(1.0),A,BEL,S14,S1,P31DC,_Z,_Z,CP122,XDC,V,N,T0117,2021,1101,,F,1,A,6,EUR
OECD.SDD.NAD:DSD_NAMAIN10@DF_TABLE5(1.0),A,BEL,S14,S1,P31DC,_Z,_Z,CP062,XDC,V,N,T0117,2021,3896.9,,F,1,A,6,EUR
OECD.SDD.NAD:DSD_NAMAIN10@DF_TABLE5(1.0),A,BEL,S14,S1,P31DC,_Z,_Z,_T,XDC,V,N,T0117,2021,236501.7,,F,1,A,6,EUR
OECD.SDD.NAD:DSD_NAMAIN10@DF_TABLE5(1.0),A,BEL,S14,S1,P31DC,_Z,_Z,CP044,XDC,V,N,T0117,2021,3436.9,,F,1,A,6,EUR
OECD.SDD.NAD:DSD_NAMAIN10@DF_TABLE5(1.0),A,BEL,S14,S1,P31DC,_Z,_Z,CP102,XDC,V,N,T0117,2021,183.8,,F,1,A,6,EUR
OECD.SDD.NAD:DSD_NAMAIN10@DF_TABLE5(1.0),A,PRT,S14,S1,P31DC,_Z,_Z,CP095,XDC,V,N,T0117,2021,921.776,,F,1,A,6,EUR
OECD.SDD.NAD:DSD_NAMAIN10@DF_TABLE5(1.0),A,PRT,S14,S1,P31DC,_Z,_Z,CP053,XDC,V,N,T0117,2021,1454.977,,F,1,A,6,EUR
OECD.SDD.NAD:DSD_NAMAIN10@DF_TABLE5(1.0),A,PRT,S14,S1,P31DC,_Z,_Z,CP104,XDC,V,N,T0117,2021,754.575,,F,1,A,6,EUR
OECD.SDD.NAD:DSD_NAMAIN10@DF_TABLE5(1.0),A,PRT,S14,S1,P31DC,_Z,_Z,CP021,XDC,V,N,T0117,2021,2092.399,,F,1,A,6,EUR
OECD.SDD.NAD:DSD_NAMAIN10@DF_TABLE5(1.0),A,PRT,S14,S1,P31DC,_Z,_Z,CP083,XDC,V,N,T0117,2021,3139.221,,F,1,A,6,EUR
OECD.SDD.NAD:DSD_NAMAIN10@DF_TABLE5(1.0),A,PRT,S14,S1,P31DC,_Z,_Z,CP091,XDC,V,N,T0117,2021,1074.356,,F,1,A,6,EUR
OECD.SDD.NAD:DSD_NAMAIN10@DF_TABLE5(1.0),A,PRT,S14,S1,P31DC,_Z,_Z,CP127,XDC,V,N,T0117,2021,1747.642,,F,1,A,6,EUR
OECD.SDD.NAD:DSD_NAMAIN10@DF_TABLE5(1.0),A,PRT,S14,S1,P31DC,_Z,_Z,CP111,XDC,V,N,T0117,2021,11084.899,,F,1,A,6,EUR
OECD.SDD.NAD:DSD_NAMAIN10@DF_TABLE5(1.0),A,PRT,S14,S1,P31DC,_Z,_Z,CP023,XDC,V,N,T0117,2021,199.635,,F,1,A,6,EUR
OECD.SDD.NAD:DSD_NAMAIN10@DF_TABLE5(1.0),A,PRT,S14,S1,P31DC,_Z,_Z,CP081,XDC,V,N,T0117,2021,92.136,,F,1,A,6,EUR
OECD.SDD.NAD:DSD_NAMAIN10@DF_TABLE5(1.0),A,PRT,S14,S1,P31DC,_Z,_Z,CP11,XDC,V,N,T0117,2021,15685.795,,F,1,A,6,EUR
OECD.SDD.NAD:DSD_NAMAIN10@DF_TABLE5(1.0),A,PRT,S14,S1,P31DC,_Z,_Z,CP042,XDC,V,N,T0117,2021,16309.573,,F,1,A,6,EUR
OECD.SDD.NAD:DSD_NAMAIN10@DF_TABLE5(1.0),A,PRT,S14,S1,P31DC,_Z,_Z,CP062,XDC,V,N,T0117,2021,5455.953,,F,1,A,6,EUR
OECD.SDD.NAD:DSD_NAMAIN10@DF_TABLE5(1.0),A,PRT,S14,S1,P31DC,_Z,_Z,CP041,XDC,V,N,T0117,2021,4537.064,,F,1,A,6,EUR
OECD.SDD.NAD:DSD_NAMAIN10@DF_TABLE5(1.0),A,PRT,S14,S1,P31DC,_Z,_Z,CP101,XDC,V,N,T0117,2021,589.575,,F,1,A,6,EUR
OECD.SDD.NAD:DSD_NAMAIN10@DF_TABLE5(1.0),A,PRT,S14,S1,P31DC,_Z,_Z,CP055,XDC,V,N,T0117,2021,403.743,,F,1,A,6,EUR
OECD.SDD.NAD:DSD_NAMAIN10@DF_TABLE5(1.0),A,PRT,S14,S1,P31DC,_Z,_Z,CP04,XDC,V,N,T0117,2021,26897.766,,F,1,A,6,EUR
OECD.SDD.NAD:DSD_NAMAIN10@DF_TABLE5(1.0),A,PRT,S14,S1,P31DC,_Z,_Z,CP073,XDC,V,N,T0117,2021,1773.611,,F,1,A,6,EUR
OECD.SDD.NAD:DSD_NAMAIN10@DF_TABLE5(1.0),A,PRT,S14,S1,P31DC,_Z,_Z,CP082,XDC,V,N,T0117,2021,178.52,,F,1,A,6,EUR
OECD.SDD.NAD:DSD_NAMAIN10@DF_TABLE5(1.0),A,PRT,S14,S1,P31DC,_Z,_Z,CP07,XDC,V,N,T0117,2021,16682.719,,F,1,A,6,EUR
OECD.SDD.NAD:DSD_NAMAIN10@DF_TABLE5(1.0),A,PRT,S14,S1,P31DC,_Z,_Z,CP072,XDC,V,N,T0117,2021,9357.216,,F,1,A,6,EUR
OECD.SDD.NAD:DSD_NAMAIN10@DF_TABLE5(1.0),A,PRT,S14,S1,P31DC,_Z,_Z,CP06,XDC,V,N,T0117,2021,8400.156,,F,1,A,6,EUR
OECD.SDD.NAD:DSD_NAMAIN10@DF_TABLE5(1.0),A,PRT,S14,S1,P31DC,_Z,_Z,CP03,XDC,V,N,T0117,2021,7722.484,,F,1,A,6,EUR
OECD.SDD.NAD:DSD_NAMAIN10@DF_TABLE5(1.0),A,PRT,S14,S1,P31DC,_Z,_Z,CP112,XDC,V,N,T0117,2021,4600.896,,F,1,A,6,EUR
OECD.SDD.NAD:DSD_NAMAIN10@DF_TABLE5(1.0),A,PRT,S14,S1,P31DC,_Z,_Z,CP105,XDC,V,N,T0117,2021,595.523,,F,1,A,6,EUR
OECD.SDD.NAD:DSD_NAMAIN10@DF_TABLE5(1.0),A,PRT,S14,S1,P31DC,_Z,_Z,CP123,XDC,V,N,T0117,2021,1335.997,,F,1,A,6,EUR
OECD.SDD.NAD:DSD_NAMAIN10@DF_TABLE5(1.0),A,PRT,S14,S1,P31DC,_Z,_Z,CP02,XDC,V,N,T0117,2021,4678.447,,F,1,A,6,EUR
OECD.SDD.NAD:DSD_NAMAIN10@DF_TABLE5(1.0),A,PRT,S14,S1,P31DC,_Z,_Z,CP093,XDC,V,N,T0117,2021,1740.397,,F,1,A,6,EUR
OECD.SDD.NAD:DSD_NAMAIN10@DF_TABLE5(1.0),A,PRT,S14,S1,P31DC,_Z,_Z,CP10,XDC,V,N,T0117,2021,2145.98,,F,1,A,6,EUR
OECD.SDD.NAD:DSD_NAMAIN10@DF_TABLE5(1.0),A,PRT,S14,S1,P31DC,_Z,_Z,CP045,XDC,V,N,T0117,2021,4320.026,,F,1,A,6,EUR
OECD.SDD.NAD:DSD_NAMAIN10@DF_TABLE5(1.0),A,PRT,S14,S1,P31DC,_Z,_Z,CP011,XDC,V,N,T0117,2021,23762.547,,F,1,A,6,EUR
OECD.SDD.NAD:DSD_NAMAIN10@DF_TABLE5(1.0),A,PRT,S14,S1,P31DC,_Z,_Z,CP071,XDC,V,N,T0117,2021,5551.892,,F,1,A,6,EUR
OECD.SDD.NAD:DSD_NAMAIN10@DF_TABLE5(1.0),A,PRT,S14,S1,P31DC,_Z,_Z,CP012,XDC,V,N,T0117,2021,1480.675,,F,1,A,6,EUR
OECD.SDD.NAD:DSD_NAMAIN10@DF_TABLE5(1.0),A,PRT,S14,S1,P31DC,_Z,_Z,CP125,XDC,V,N,T0117,2021,2723.684,,F,1,A,6,EUR
OECD.SDD.NAD:DSD_NAMAIN10@DF_TABLE5(1.0),A,PRT,S14,S1,P31DC,_Z,_Z,CP05,XDC,V,N,T0117,2021,7179.983,,F,1,A,6,EUR
OECD.SDD.NAD:DSD_NAMAIN10@DF_TABLE5(1.0),A,PRT,S14,S1,P31DC,_Z,_Z,CP01,XDC,V,N,T0117,2021,25243.222,,F,1,A,6,EUR
OECD.SDD.NAD:DSD_NAMAIN10@DF_TABLE5(1.0),A,PRT,S14,S1,P31DC,_Z,_Z,CP052,XDC,V,N,T0117,2021,580.186,,F,1,A,6,EUR
OECD.SDD.NAD:DSD_NAMAIN10@DF_TABLE5(1.0),A,PRT,S14,S1,P31DC,_Z,_Z,CP044,XDC,V,N,T0117,2021,1487.709,,F,1,A,6,EUR
OECD.SDD.NAD:DSD_NAMAIN10@DF_TABLE5(1.0),A,PRT,S14,S1,P31DC,_Z,_Z,CP09,XDC,V,N,T0117,2021,7137.797,,F,1,A,6,EUR
OECD.SDD.NAD:DSD_NAMAIN10@DF_TABLE5(1.0),A,PRT,S14,S1,P31DC,_Z,_Z,CP12,XDC,V,N,T0117,2021,14636.848,,F,1,A,6,EUR
OECD.SDD.NAD:DSD_NAMAIN10@DF_TABLE5(1.0),A,PRT,S14,S1,P31DC,_Z,_Z,CP102,XDC,V,N,T0117,2021,200.99,,F,1,A,6,EUR
OECD.SDD.NAD:DSD_NAMAIN10@DF_TABLE5(1.0),A,PRT,S14,S1,P31DC,_Z,_Z,CP056,XDC,V,N,T0117,2021,2472.156,,F,1,A,6,EUR
OECD.SDD.NAD:DSD_NAMAIN10@DF_TABLE5(1.0),A,PRT,S14,S1,P31DC,_Z,_Z,CP122,XDC,V,N,T0117,2021,634,,F,1,A,6,EUR
OECD.SDD.NAD:DSD_NAMAIN10@DF_TABLE5(1.0),A,PRT,S14,S1,P31DC,_Z,_Z,CP094,XDC,V,N,T0117,2021,2942.687,,F,1,A,6,EUR
OECD.SDD.NAD:DSD_NAMAIN10@DF_TABLE5(1.0),A,PRT,S14,S1,P31DC,_Z,_Z,CP08,XDC,V,N,T0117,2021,3409.877,,F,1,A,6,EUR
OECD.SDD.NAD:DSD_NAMAIN10@DF_TABLE5(1.0),A,PRT,S14,S1,P31DC,_Z,_Z,CP063,XDC,V,N,T0117,2021,436.328,,F,1,A,6,EUR
OECD.SDD.NAD:DSD_NAMAIN10@DF_TABLE5(1.0),A,PRT,S14,S1,P31DC,_Z,_Z,CP051,XDC,V,N,T0117,2021,1950.029,,F,1,A,6,EUR
OECD.SDD.NAD:DSD_NAMAIN10@DF_TABLE5(1.0),A,PRT,S14,S1,P31DC,_Z,_Z,CP054,XDC,V,N,T0117,2021,318.892,,F,1,A,6,EUR
OECD.SDD.NAD:DSD_NAMAIN10@DF_TABLE5(1.0),A,PRT,S14,S1,P31DC,_Z,_Z,CP121,XDC,V,N,T0117,2021,2935.498,,F,1,A,6,EUR
OECD.SDD.NAD:DSD_NAMAIN10@DF_TABLE5(1.0),A,PRT,S14,S1,P31DC,_Z,_Z,CP022,XDC,V,N,T0117,2021,2386.413,,F,1,A,6,EUR
OECD.SDD.NAD:DSD_NAMAIN10@DF_TABLE5(1.0),A,PRT,S14,S1,P31DC,_Z,_Z,CP043,XDC,V,N,T0117,2021,243.394,,F,1,A,6,EUR
OECD.SDD.NAD:DSD_NAMAIN10@DF_TABLE5(1.0),A,PRT,S14,S1,P31DC,_Z,_Z,CP061,XDC,V,N,T0117,2021,2507.875,,F,1,A,6,EUR
OECD.SDD.NAD:DSD_NAMAIN10@DF_TABLE5(1.0),A,PRT,S14,S1,P31DC,_Z,_Z,CP103,XDC,V,N,T0117,2021,5.317,,F,1,A,6,EUR
OECD.SDD.NAD:DSD_NAMAIN10@DF_TABLE5(1.0),A,PRT,S14,S1,P31DC,_Z,_Z,CP031,XDC,V,N,T0117,2021,6106.535,,F,1,A,6,EUR
OECD.SDD.NAD:DSD_NAMAIN10@DF_TABLE5(1.0),A,PRT,S14,S1,P31DC,_Z,_Z,CP126,XDC,V,N,T0117,2021,3132.408,,F,1,A,6,EUR
OECD.SDD.NAD:DSD_NAMAIN10@DF_TABLE5(1.0),A,PRT,S14,S1,P31DC,_Z,_Z,CP122_127,XDC,V,N,T0117,2021,2381.642,,F,1,A,6,EUR
OECD.SDD.NAD:DSD_NAMAIN10@DF_TABLE5(1.0),A,PRT,S14,S1,P31DC,_Z,_Z,_T,XDC,V,N,T0117,2021,139821.074,,F,1,A,6,EUR
OECD.SDD.NAD:DSD_NAMAIN10@DF_TABLE5(1.0),A,PRT,S14,S1,P31DC,_Z,_Z,CP096,XDC,V,N,T0117,2021,280.376,,F,1,A,6,EUR
OECD.SDD.NAD:DSD_NAMAIN10@DF_TABLE5(1.0),A,PRT,S14,S1,P31DC,_Z,_Z,CP092,XDC,V,N,T0117,2021,178.205,,F,1,A,6,EUR
OECD.SDD.NAD:DSD_NAMAIN10@DF_TABLE5(1.0),A,PRT,S14,S1,P31DC,_Z,_Z,CP032,XDC,V,N,T0117,2021,1615.949,,F,1,A,6,EUR
OECD.SDD.NAD:DSD_NAMAIN10@DF_TABLE5(1.0),A,PRT,S14,S1,P31DC,_Z,_Z,CP124,XDC,V,N,T0117,2021,2127.619,,F,1,A,6,EUR
OECD.SDD.NAD:DSD_NAMAIN10@DF_TABLE5(1.0),A,EA20,S14,S1,P31DC,_Z,_Z,CP053,XDC,V,N,T0117,2021,54976.699,,F,1,A,6,EUR
OECD.SDD.NAD:DSD_NAMAIN10@DF_TABLE5(1.0),A,EA20,S14,S1,P31DC,_Z,_Z,CP10,XDC,V,N,T0117,2021,55470.972,,F,1,A,6,EUR
OECD.SDD.NAD:DSD_NAMAIN10@DF_TABLE5(1.0),A,EA20,S14,S1,P31DC,_Z,_Z,CP08,XDC,V,N,T0117,2021,152161.995,,F,1,A,6,EUR
OECD.SDD.NAD:DSD_NAMAIN10@DF_TABLE5(1.0),A,EA20,S14,S1,P31DC,_Z,_Z,CP083,XDC,V,N,T0117,2021,117754.463,,F,1,A,6,EUR
OECD.SDD.NAD:DSD_NAMAIN10@DF_TABLE5(1.0),A,EA20,S14,S1,P31DC,_Z,_Z,CP073,XDC,V,N,T0117,2021,95008.707,,F,1,A,6,EUR
OECD.SDD.NAD:DSD_NAMAIN10@DF_TABLE5(1.0),A,EA20,S14,S1,P31DC,_Z,_Z,CP122_127,XDC,V,N,T0117,2021,101750.19,,F,1,A,6,EUR
OECD.SDD.NAD:DSD_NAMAIN10@DF_TABLE5(1.0),A,EA20,S14,S1,P31DC,_Z,_Z,CP081,XDC,V,N,T0117,2021,7801.158,,F,1,A,6,EUR
OECD.SDD.NAD:DSD_NAMAIN10@DF_TABLE5(1.0),A,EA20,S14,S1,P31DC,_Z,_Z,CP062,XDC,V,N,T0117,2021,118129.653,,F,1,A,6,EUR
OECD.SDD.NAD:DSD_NAMAIN10@DF_TABLE5(1.0),A,EA20,S14,S1,P31DC,_Z,_Z,CP096,XDC,V,N,T0117,2021,25955.435,,F,1,A,6,EUR
OECD.SDD.NAD:DSD_NAMAIN10@DF_TABLE5(1.0),A,EA20,S14,S1,P31DC,_Z,_Z,_T,XDC,V,N,T0117,2021,6223862.483,,F,1,A,6,EUR
OECD.SDD.NAD:DSD_NAMAIN10@DF_TABLE5(1.0),A,EA20,S14,S1,P31DC,_Z,_Z,CP054,XDC,V,N,T0117,2021,34283.326,,F,1,A,6,EUR
OECD.SDD.NAD:DSD_NAMAIN10@DF_TABLE5(1.0),A,EA20,S14,S1,P31DC,_Z,_Z,CP044,XDC,V,N,T0117,2021,123776.79,,F,1,A,6,EUR
OECD.SDD.NAD:DSD_NAMAIN10@DF_TABLE5(1.0),A,EA20,S14,S1,P31DC,_Z,_Z,CP011,XDC,V,N,T0117,2021,765741.401,,F,1,A,6,EUR
OECD.SDD.NAD:DSD_NAMAIN10@DF_TABLE5(1.0),A,EA20,S14,S1,P31DC,_Z,_Z,CP042,XDC,V,N,T0117,2021,822052.535,,F,1,A,6,EUR
OECD.SDD.NAD:DSD_NAMAIN10@DF_TABLE5(1.0),A,EA20,S14,S1,P31DC,_Z,_Z,CP032,XDC,V,N,T0117,2021,48830.926,,F,1,A,6,EUR
OECD.SDD.NAD:DSD_NAMAIN10@DF_TABLE5(1.0),A,EA20,S14,S1,P31DC,_Z,_Z,CP05,XDC,V,N,T0117,2021,374806.692,,F,1,A,6,EUR
OECD.SDD.NAD:DSD_NAMAIN10@DF_TABLE5(1.0),A,EA20,S14,S1,P31DC,_Z,_Z,CP09,XDC,V,N,T0117,2021,486839.883,,F,1,A,6,EUR
OECD.SDD.NAD:DSD_NAMAIN10@DF_TABLE5(1.0),A,EA20,S14,S1,P31DC,_Z,_Z,CP091,XDC,V,N,T0117,2021,80907.879,,F,1,A,6,EUR
OECD.SDD.NAD:DSD_NAMAIN10@DF_TABLE5(1.0),A,EA20,S14,S1,P31DC,_Z,_Z,CP126,XDC,V,N,T0117,2021,130234.65,,F,1,A,6,EUR
OECD.SDD.NAD:DSD_NAMAIN10@DF_TABLE5(1.0),A,EA20,S14,S1,P31DC,_Z,_Z,CP021,XDC,V,N,T0117,2021,98989.956,,F,1,A,6,EUR
OECD.SDD.NAD:DSD_NAMAIN10@DF_TABLE5(1.0),A,EA20,S14,S1,P31DC,_Z,_Z,CP055,XDC,V,N,T0117,2021,29576.815,,F,1,A,6,EUR
OECD.SDD.NAD:DSD_NAMAIN10@DF_TABLE5(1.0),A,EA20,S14,S1,P31DC,_Z,_Z,CP112,XDC,V,N,T0117,2021,83536.492,,F,1,A,6,EUR
OECD.SDD.NAD:DSD_NAMAIN10@DF_TABLE5(1.0),A,EA20,S14,S1,P31DC,_Z,_Z,CP092,XDC,V,N,T0117,2021,20720.783,,F,1,A,6,EUR
OECD.SDD.NAD:DSD_NAMAIN10@DF_TABLE5(1.0),A,EA20,S14,S1,P31DC,_Z,_Z,CP023,XDC,V,N,T0117,2021,37728.759,,F,1,A,6,EUR
OECD.SDD.NAD:DSD_NAMAIN10@DF_TABLE5(1.0),A,EA20,S14,S1,P31DC,_Z,_Z,CP04,XDC,V,N,T0117,2021,1577933.935,,F,1,A,6,EUR
OECD.SDD.NAD:DSD_NAMAIN10@DF_TABLE5(1.0),A,EA20,S14,S1,P31DC,_Z,_Z,CP061,XDC,V,N,T0117,2021,120070.286,,F,1,A,6,EUR
OECD.SDD.NAD:DSD_NAMAIN10@DF_TABLE5(1.0),A,EA20,S14,S1,P31DC,_Z,_Z,CP095,XDC,V,N,T0117,2021,68507.72,,F,1,A,6,EUR
OECD.SDD.NAD:DSD_NAMAIN10@DF_TABLE5(1.0),A,EA20,S14,S1,P31DC,_Z,_Z,CP093,XDC,V,N,T0117,2021,135662.705,,F,1,A,6,EUR
OECD.SDD.NAD:DSD_NAMAIN10@DF_TABLE5(1.0),A,EA20,S14,S1,P31DC,_Z,_Z,CP03,XDC,V,N,T0117,2021,257935.735,,F,1,A,6,EUR
OECD.SDD.NAD:DSD_NAMAIN10@DF_TABLE5(1.0),A,EA20,S14,S1,P31DC,_Z,_Z,CP01,XDC,V,N,T0117,2021,845956.815,,F,1,A,6,EUR
OECD.SDD.NAD:DSD_NAMAIN10@DF_TABLE5(1.0),A,EA20,S14,S1,P31DC,_Z,_Z,CP071,XDC,V,N,T0117,2021,219296.483,,F,1,A,6,EUR
OECD.SDD.NAD:DSD_NAMAIN10@DF_TABLE5(1.0),A,EA20,S14,S1,P31DC,_Z,_Z,CP045,XDC,V,N,T0117,2021,267845.996,,F,1,A,6,EUR
OECD.SDD.NAD:DSD_NAMAIN10@DF_TABLE5(1.0),A,EA20,S14,S1,P31DC,_Z,_Z,CP111,XDC,V,N,T0117,2021,350400.124,,F,1,A,6,EUR
OECD.SDD.NAD:DSD_NAMAIN10@DF_TABLE5(1.0),A,EA20,S14,S1,P31DC,_Z,_Z,CP094,XDC,V,N,T0117,2021,155085.361,,F,1,A,6,EUR
OECD.SDD.NAD:DSD_NAMAIN10@DF_TABLE5(1.0),A,EA20,S14,S1,P31DC,_Z,_Z,CP125,XDC,V,N,T0117,2021,204234.302,,F,1,A,6,EUR
OECD.SDD.NAD:DSD_NAMAIN10@DF_TABLE5(1.0),A,EA20,S14,S1,P31DC,_Z,_Z,CP043,XDC,V,N,T0117,2021,59180.833,,F,1,A,6,EUR
OECD.SDD.NAD:DSD_NAMAIN10@DF_TABLE5(1.0),A,EA20,S14,S1,P31DC,_Z,_Z,CP051,XDC,V,N,T0117,2021,128018.627,,F,1,A,6,EUR
OECD.SDD.NAD:DSD_NAMAIN10@DF_TABLE5(1.0),A,EA20,S14,S1,P31DC,_Z,_Z,CP121,XDC,V,N,T0117,2021,149718.643,,F,1,A,6,EUR
OECD.SDD.NAD:DSD_NAMAIN10@DF_TABLE5(1.0),A,EA20,S14,S1,P31DC,_Z,_Z,CP02,XDC,V,N,T0117,2021,257169.114,,F,1,A,6,EUR
OECD.SDD.NAD:DSD_NAMAIN10@DF_TABLE5(1.0),A,EA20,S14,S1,P31DC,_Z,_Z,CP124,XDC,V,N,T0117,2021,101927.238,,F,1,A,6,EUR
OECD.SDD.NAD:DSD_NAMAIN10@DF_TABLE5(1.0),A,EA20,S14,S1,P31DC,_Z,_Z,CP063,XDC,V,N,T0117,2021,54542.23,,F,1,A,6,EUR
OECD.SDD.NAD:DSD_NAMAIN10@DF_TABLE5(1.0),A,EA20,S14,S1,P31DC,_Z,_Z,CP031,XDC,V,N,T0117,2021,209104.81,,F,1,A,6,EUR
OECD.SDD.NAD:DSD_NAMAIN10@DF_TABLE5(1.0),A,EA20,S14,S1,P31DC,_Z,_Z,CP082,XDC,V,N,T0117,2021,26606.374,,F,1,A,6,EUR
OECD.SDD.NAD:DSD_NAMAIN10@DF_TABLE5(1.0),A,EA20,S14,S1,P31DC,_Z,_Z,CP056,XDC,V,N,T0117,2021,101863.583,,F,1,A,6,EUR
OECD.SDD.NAD:DSD_NAMAIN10@DF_TABLE5(1.0),A,EA20,S14,S1,P31DC,_Z,_Z,CP06,XDC,V,N,T0117,2021,292742.169,,F,1,A,6,EUR
OECD.SDD.NAD:DSD_NAMAIN10@DF_TABLE5(1.0),A,EA20,S14,S1,P31DC,_Z,_Z,CP012,XDC,V,N,T0117,2021,80215.414,,F,1,A,6,EUR
OECD.SDD.NAD:DSD_NAMAIN10@DF_TABLE5(1.0),A,EA20,S14,S1,P31DC,_Z,_Z,CP041,XDC,V,N,T0117,2021,305077.781,,F,1,A,6,EUR
OECD.SDD.NAD:DSD_NAMAIN10@DF_TABLE5(1.0),A,EA20,S14,S1,P31DC,_Z,_Z,CP123,XDC,V,N,T0117,2021,50462.009,,F,1,A,6,EUR
OECD.SDD.NAD:DSD_NAMAIN10@DF_TABLE5(1.0),A,EA20,S14,S1,P31DC,_Z,_Z,CP072,XDC,V,N,T0117,2021,436276.335,,F,1,A,6,EUR
OECD.SDD.NAD:DSD_NAMAIN10@DF_TABLE5(1.0),A,EA20,S14,S1,P31DC,_Z,_Z,CP022,XDC,V,N,T0117,2021,120450.399,,F,1,A,6,EUR
OECD.SDD.NAD:DSD_NAMAIN10@DF_TABLE5(1.0),A,EA20,S14,S1,P31DC,_Z,_Z,CP052,XDC,V,N,T0117,2021,26087.642,,F,1,A,6,EUR
OECD.SDD.NAD:DSD_NAMAIN10@DF_TABLE5(1.0),A,EA20,S14,S1,P31DC,_Z,_Z,CP12,XDC,V,N,T0117,2021,738327.032,,F,1,A,6,EUR
OECD.SDD.NAD:DSD_NAMAIN10@DF_TABLE5(1.0),A,EA20,S14,S1,P31DC,_Z,_Z,CP07,XDC,V,N,T0117,2021,750581.525,,F,1,A,6,EUR
OECD.SDD.NAD:DSD_NAMAIN10@DF_TABLE5(1.0),A,EA20,S14,S1,P31DC,_Z,_Z,CP11,XDC,V,N,T0117,2021,433936.616,,F,1,A,6,EUR
OECD.SDD.NAD:DSD_NAMAIN10@DF_TABLE5(1.0),A,EA20,S14,S1,P31DC,_Z,_Z,CP045,XDC,V,N,T0117,2022,344678.554,,F,1,A,6,EUR
OECD.SDD.NAD:DSD_NAMAIN10@DF_TABLE5(1.0),A,EA20,S14,S1,P31DC,_Z,_Z,CP111,XDC,V,N,T0117,2022,490125.093,,F,1,A,6,EUR
OECD.SDD.NAD:DSD_NAMAIN10@DF_TABLE5(1.0),A,EA20,S14,S1,P31DC,_Z,_Z,CP094,XDC,V,N,T0117,2022,206325.31,,F,1,A,6,EUR
OECD.SDD.NAD:DSD_NAMAIN10@DF_TABLE5(1.0),A,EA20,S14,S1,P31DC,_Z,_Z,CP125,XDC,V,N,T0117,2022,209584.145,,F,1,A,6,EUR
OECD.SDD.NAD:DSD_NAMAIN10@DF_TABLE5(1.0),A,EA20,S14,S1,P31DC,_Z,_Z,CP043,XDC,V,N,T0117,2022,63165.44,,F,1,A,6,EUR
OECD.SDD.NAD:DSD_NAMAIN10@DF_TABLE5(1.0),A,EA20,S14,S1,P31DC,_Z,_Z,CP051,XDC,V,N,T0117,2022,139068.387,,F,1,A,6,EUR
OECD.SDD.NAD:DSD_NAMAIN10@DF_TABLE5(1.0),A,EA20,S14,S1,P31DC,_Z,_Z,CP121,XDC,V,N,T0117,2022,165958.474,,F,1,A,6,EUR
OECD.SDD.NAD:DSD_NAMAIN10@DF_TABLE5(1.0),A,EA20,S14,S1,P31DC,_Z,_Z,CP02,XDC,V,N,T0117,2022,261051.835,,F,1,A,6,EUR
OECD.SDD.NAD:DSD_NAMAIN10@DF_TABLE5(1.0),A,EA20,S14,S1,P31DC,_Z,_Z,CP124,XDC,V,N,T0117,2022,107459.285,,F,1,A,6,EUR
OECD.SDD.NAD:DSD_NAMAIN10@DF_TABLE5(1.0),A,EA20,S14,S1,P31DC,_Z,_Z,CP063,XDC,V,N,T0117,2022,57817.595,,F,1,A,6,EUR
OECD.SDD.NAD:DSD_NAMAIN10@DF_TABLE5(1.0),A,EA20,S14,S1,P31DC,_Z,_Z,CP031,XDC,V,N,T0117,2022,239998.88,,F,1,A,6,EUR
OECD.SDD.NAD:DSD_NAMAIN10@DF_TABLE5(1.0),A,EA20,S14,S1,P31DC,_Z,_Z,CP082,XDC,V,N,T0117,2022,28968.373,,F,1,A,6,EUR
OECD.SDD.NAD:DSD_NAMAIN10@DF_TABLE5(1.0),A,EA20,S14,S1,P31DC,_Z,_Z,CP056,XDC,V,N,T0117,2022,107367.772,,F,1,A,6,EUR
OECD.SDD.NAD:DSD_NAMAIN10@DF_TABLE5(1.0),A,EA20,S14,S1,P31DC,_Z,_Z,CP06,XDC,V,N,T0117,2022,305912.869,,F,1,A,6,EUR
OECD.SDD.NAD:DSD_NAMAIN10@DF_TABLE5(1.0),A,EA20,S14,S1,P31DC,_Z,_Z,CP012,XDC,V,N,T0117,2022,85766.659,,F,1,A,6,EUR
OECD.SDD.NAD:DSD_NAMAIN10@DF_TABLE5(1.0),A,EA20,S14,S1,P31DC,_Z,_Z,CP041,XDC,V,N,T0117,2022,314835.135,,F,1,A,6,EUR
OECD.SDD.NAD:DSD_NAMAIN10@DF_TABLE5(1.0),A,EA20,S14,S1,P31DC,_Z,_Z,CP123,XDC,V,N,T0117,2022,58003.218,,F,1,A,6,EUR
OECD.SDD.NAD:DSD_NAMAIN10@DF_TABLE5(1.0),A,EA20,S14,S1,P31DC,_Z,_Z,CP072,XDC,V,N,T0117,2022,524796.576,,F,1,A,6,EUR
OECD.SDD.NAD:DSD_NAMAIN10@DF_TABLE5(1.0),A,EA20,S14,S1,P31DC,_Z,_Z,CP022,XDC,V,N,T0117,2022,119934.3,,F,1,A,6,EUR
OECD.SDD.NAD:DSD_NAMAIN10@DF_TABLE5(1.0),A,EA20,S14,S1,P31DC,_Z,_Z,CP052,XDC,V,N,T0117,2022,28036.046,,F,1,A,6,EUR
OECD.SDD.NAD:DSD_NAMAIN10@DF_TABLE5(1.0),A,EA20,S14,S1,P31DC,_Z,_Z,CP12,XDC,V,N,T0117,2022,803949.235,,F,1,A,6,EUR
OECD.SDD.NAD:DSD_NAMAIN10@DF_TABLE5(1.0),A,EA20,S14,S1,P31DC,_Z,_Z,CP07,XDC,V,N,T0117,2022,878170.633,,F,1,A,6,EUR
OECD.SDD.NAD:DSD_NAMAIN10@DF_TABLE5(1.0),A,EA20,S14,S1,P31DC,_Z,_Z,CP11,XDC,V,N,T0117,2022,629097.173,,F,1,A,6,EUR
OECD.SDD.NAD:DSD_NAMAIN10@DF_TABLE5(1.0),A,EA20,S14,S1,P31DC,_Z,_Z,CP023,XDC,V,N,T0117,2022,40402.293,,F,1,A,6,EUR
OECD.SDD.NAD:DSD_NAMAIN10@DF_TABLE5(1.0),A,EA20,S14,S1,P31DC,_Z,_Z,CP04,XDC,V,N,T0117,2022,1699106.29,,F,1,A,6,EUR
OECD.SDD.NAD:DSD_NAMAIN10@DF_TABLE5(1.0),A,EA20,S14,S1,P31DC,_Z,_Z,CP095,XDC,V,N,T0117,2022,71608.49,,F,1,A,6,EUR
OECD.SDD.NAD:DSD_NAMAIN10@DF_TABLE5(1.0),A,EA20,S14,S1,P31DC,_Z,_Z,CP061,XDC,V,N,T0117,2022,126151.163,,F,1,A,6,EUR
OECD.SDD.NAD:DSD_NAMAIN10@DF_TABLE5(1.0),A,EA20,S14,S1,P31DC,_Z,_Z,CP093,XDC,V,N,T0117,2022,146197.539,,F,1,A,6,EUR
OECD.SDD.NAD:DSD_NAMAIN10@DF_TABLE5(1.0),A,EA20,S14,S1,P31DC,_Z,_Z,CP03,XDC,V,N,T0117,2022,295124.585,,F,1,A,6,EUR
OECD.SDD.NAD:DSD_NAMAIN10@DF_TABLE5(1.0),A,EA20,S14,S1,P31DC,_Z,_Z,CP01,XDC,V,N,T0117,2022,901841.793,,F,1,A,6,EUR
OECD.SDD.NAD:DSD_NAMAIN10@DF_TABLE5(1.0),A,EA20,S14,S1,P31DC,_Z,_Z,CP071,XDC,V,N,T0117,2022,218044.103,,F,1,A,6,EUR
OECD.SDD.NAD:DSD_NAMAIN10@DF_TABLE5(1.0),A,EA20,S14,S1,P31DC,_Z,_Z,CP044,XDC,V,N,T0117,2022,129350.491,,F,1,A,6,EUR
OECD.SDD.NAD:DSD_NAMAIN10@DF_TABLE5(1.0),A,EA20,S14,S1,P31DC,_Z,_Z,CP042,XDC,V,N,T0117,2022,847076.67,,F,1,A,6,EUR
OECD.SDD.NAD:DSD_NAMAIN10@DF_TABLE5(1.0),A,EA20,S14,S1,P31DC,_Z,_Z,CP011,XDC,V,N,T0117,2022,816075.134,,F,1,A,6,EUR
OECD.SDD.NAD:DSD_NAMAIN10@DF_TABLE5(1.0),A,EA20,S14,S1,P31DC,_Z,_Z,CP126,XDC,V,N,T0117,2022,152998.317,,F,1,A,6,EUR
OECD.SDD.NAD:DSD_NAMAIN10@DF_TABLE5(1.0),A,EA20,S14,S1,P31DC,_Z,_Z,CP091,XDC,V,N,T0117,2022,84745.671,,F,1,A,6,EUR
OECD.SDD.NAD:DSD_NAMAIN10@DF_TABLE5(1.0),A,EA20,S14,S1,P31DC,_Z,_Z,CP09,XDC,V,N,T0117,2022,584406.644,,F,1,A,6,EUR
OECD.SDD.NAD:DSD_NAMAIN10@DF_TABLE5(1.0),A,EA20,S14,S1,P31DC,_Z,_Z,CP05,XDC,V,N,T0117,2022,399802.652,,F,1,A,6,EUR
OECD.SDD.NAD:DSD_NAMAIN10@DF_TABLE5(1.0),A,EA20,S14,S1,P31DC,_Z,_Z,CP032,XDC,V,N,T0117,2022,55125.706,,F,1,A,6,EUR
OECD.SDD.NAD:DSD_NAMAIN10@DF_TABLE5(1.0),A,EA20,S14,S1,P31DC,_Z,_Z,CP021,XDC,V,N,T0117,2022,100715.242,,F,1,A,6,EUR
OECD.SDD.NAD:DSD_NAMAIN10@DF_TABLE5(1.0),A,EA20,S14,S1,P31DC,_Z,_Z,CP055,XDC,V,N,T0117,2022,31166.893,,F,1,A,6,EUR
OECD.SDD.NAD:DSD_NAMAIN10@DF_TABLE5(1.0),A,EA20,S14,S1,P31DC,_Z,_Z,CP112,XDC,V,N,T0117,2022,138972.08,,F,1,A,6,EUR
OECD.SDD.NAD:DSD_NAMAIN10@DF_TABLE5(1.0),A,EA20,S14,S1,P31DC,_Z,_Z,CP092,XDC,V,N,T0117,2022,22281.083,,F,1,A,6,EUR
OECD.SDD.NAD:DSD_NAMAIN10@DF_TABLE5(1.0),A,EA20,S14,S1,P31DC,_Z,_Z,CP10,XDC,V,N,T0117,2022,57978.293,,F,1,A,6,EUR
OECD.SDD.NAD:DSD_NAMAIN10@DF_TABLE5(1.0),A,EA20,S14,S1,P31DC,_Z,_Z,CP053,XDC,V,N,T0117,2022,58179.562,,F,1,A,6,EUR
OECD.SDD.NAD:DSD_NAMAIN10@DF_TABLE5(1.0),A,EA20,S14,S1,P31DC,_Z,_Z,CP08,XDC,V,N,T0117,2022,157920.922,,F,1,A,6,EUR
OECD.SDD.NAD:DSD_NAMAIN10@DF_TABLE5(1.0),A,EA20,S14,S1,P31DC,_Z,_Z,CP083,XDC,V,N,T0117,2022,121126.217,,F,1,A,6,EUR
OECD.SDD.NAD:DSD_NAMAIN10@DF_TABLE5(1.0),A,EA20,S14,S1,P31DC,_Z,_Z,CP073,XDC,V,N,T0117,2022,135329.953,,F,1,A,6,EUR
OECD.SDD.NAD:DSD_NAMAIN10@DF_TABLE5(1.0),A,EA20,S14,S1,P31DC,_Z,_Z,CP122_127,XDC,V,N,T0117,2022,109945.797,,F,1,A,6,EUR
OECD.SDD.NAD:DSD_NAMAIN10@DF_TABLE5(1.0),A,EA20,S14,S1,P31DC,_Z,_Z,CP081,XDC,V,N,T0117,2022,7826.332,,F,1,A,6,EUR
OECD.SDD.NAD:DSD_NAMAIN10@DF_TABLE5(1.0),A,EA20,S14,S1,P31DC,_Z,_Z,CP096,XDC,V,N,T0117,2022,53248.55,,F,1,A,6,EUR
OECD.SDD.NAD:DSD_NAMAIN10@DF_TABLE5(1.0),A,EA20,S14,S1,P31DC,_Z,_Z,CP062,XDC,V,N,T0117,2022,121944.111,,F,1,A,6,EUR
OECD.SDD.NAD:DSD_NAMAIN10@DF_TABLE5(1.0),A,EA20,S14,S1,P31DC,_Z,_Z,_T,XDC,V,N,T0117,2022,6974362.924,,F,1,A,6,EUR
OECD.SDD.NAD:DSD_NAMAIN10@DF_TABLE5(1.0),A,EA20,S14,S1,P31DC,_Z,_Z,CP054,XDC,V,N,T0117,2022,35983.993,,F,1,A,6,EUR
OECD.SDD.NAD:DSD_NAMAIN10@DF_TABLE5(1.0),A,EU27_2020,S14,S1,P31DC,_Z,_Z,CP083,XDC,V,N,T0117,2021,142067.48,,F,1,A,6,EUR
OECD.SDD.NAD:DSD_NAMAIN10@DF_TABLE5(1.0),A,EU27_2020,S14,S1,P31DC,_Z,_Z,CP095,XDC,V,N,T0117,2021,77223.669,,F,1,A,6,EUR
OECD.SDD.NAD:DSD_NAMAIN10@DF_TABLE5(1.0),A,EU27_2020,S14,S1,P31DC,_Z,_Z,CP022,XDC,V,N,T0117,2021,147651.117,,F,1,A,6,EUR
OECD.SDD.NAD:DSD_NAMAIN10@DF_TABLE5(1.0),A,EU27_2020,S14,S1,P31DC,_Z,_Z,CP071,XDC,V,N,T0117,2021,262660.517,,F,1,A,6,EUR
OECD.SDD.NAD:DSD_NAMAIN10@DF_TABLE5(1.0),A,EU27_2020,S14,S1,P31DC,_Z,_Z,CP052,XDC,V,N,T0117,2021,32478.062,,F,1,A,6,EUR
OECD.SDD.NAD:DSD_NAMAIN10@DF_TABLE5(1.0),A,EU27_2020,S14,S1,P31DC,_Z,_Z,CP081,XDC,V,N,T0117,2021,8615.808,,F,1,A,6,EUR
OECD.SDD.NAD:DSD_NAMAIN10@DF_TABLE5(1.0),A,EU27_2020,S14,S1,P31DC,_Z,_Z,CP031,XDC,V,N,T0117,2021,245693.969,,F,1,A,6,EUR
OECD.SDD.NAD:DSD_NAMAIN10@DF_TABLE5(1.0),A,EU27_2020,S14,S1,P31DC,_Z,_Z,CP111,XDC,V,N,T0117,2021,392701.245,,F,1,A,6,EUR
OECD.SDD.NAD:DSD_NAMAIN10@DF_TABLE5(1.0),A,EU27_2020,S14,S1,P31DC,_Z,_Z,CP11,XDC,V,N,T0117,2021,485542.066,,F,1,A,6,EUR
OECD.SDD.NAD:DSD_NAMAIN10@DF_TABLE5(1.0),A,EU27_2020,S14,S1,P31DC,_Z,_Z,CP021,XDC,V,N,T0117,2021,128661.497,,F,1,A,6,EUR
OECD.SDD.NAD:DSD_NAMAIN10@DF_TABLE5(1.0),A,EU27_2020,S14,S1,P31DC,_Z,_Z,CP041,XDC,V,N,T0117,2021,345849.218,,F,1,A,6,EUR
OECD.SDD.NAD:DSD_NAMAIN10@DF_TABLE5(1.0),A,EU27_2020,S14,S1,P31DC,_Z,_Z,CP055,XDC,V,N,T0117,2021,35504.641,,F,1,A,6,EUR
OECD.SDD.NAD:DSD_NAMAIN10@DF_TABLE5(1.0),A,EU27_2020,S14,S1,P31DC,_Z,_Z,CP07,XDC,V,N,T0117,2021,878499.599,,F,1,A,6,EUR
OECD.SDD.NAD:DSD_NAMAIN10@DF_TABLE5(1.0),A,EU27_2020,S14,S1,P31DC,_Z,_Z,CP092,XDC,V,N,T0117,2021,24491.93,,F,1,A,6,EUR
OECD.SDD.NAD:DSD_NAMAIN10@DF_TABLE5(1.0),A,EU27_2020,S14,S1,P31DC,_Z,_Z,CP091,XDC,V,N,T0117,2021,97779.946,,F,1,A,6,EUR
OECD.SDD.NAD:DSD_NAMAIN10@DF_TABLE5(1.0),A,EU27_2020,S14,S1,P31DC,_Z,_Z,CP054,XDC,V,N,T0117,2021,42016.74,,F,1,A,6,EUR
OECD.SDD.NAD:DSD_NAMAIN10@DF_TABLE5(1.0),A,EU27_2020,S14,S1,P31DC,_Z,_Z,CP126,XDC,V,N,T0117,2021,163657.694,,F,1,A,6,EUR
OECD.SDD.NAD:DSD_NAMAIN10@DF_TABLE5(1.0),A,EU27_2020,S14,S1,P31DC,_Z,_Z,CP061,XDC,V,N,T0117,2021,152783.673,,F,1,A,6,EUR
OECD.SDD.NAD:DSD_NAMAIN10@DF_TABLE5(1.0),A,EU27_2020,S14,S1,P31DC,_Z,_Z,CP093,XDC,V,N,T0117,2021,154371.483,,F,1,A,6,EUR
OECD.SDD.NAD:DSD_NAMAIN10@DF_TABLE5(1.0),A,EU27_2020,S14,S1,P31DC,_Z,_Z,CP044,XDC,V,N,T0117,2021,142072.654,,F,1,A,6,EUR
OECD.SDD.NAD:DSD_NAMAIN10@DF_TABLE5(1.0),A,EU27_2020,S14,S1,P31DC,_Z,_Z,CP056,XDC,V,N,T0117,2021,116121.775,,F,1,A,6,EUR
OECD.SDD.NAD:DSD_NAMAIN10@DF_TABLE5(1.0),A,EU27_2020,S14,S1,P31DC,_Z,_Z,CP01,XDC,V,N,T0117,2021,1029814.385,,F,1,A,6,EUR
OECD.SDD.NAD:DSD_NAMAIN10@DF_TABLE5(1.0),A,EU27_2020,S14,S1,P31DC,_Z,_Z,CP073,XDC,V,N,T0117,2021,111812.569,,F,1,A,6,EUR
OECD.SDD.NAD:DSD_NAMAIN10@DF_TABLE5(1.0),A,EU27_2020,S14,S1,P31DC,_Z,_Z,CP124,XDC,V,N,T0117,2021,111415.033,,F,1,A,6,EUR
OECD.SDD.NAD:DSD_NAMAIN10@DF_TABLE5(1.0),A,EU27_2020,S14,S1,P31DC,_Z,_Z,CP011,XDC,V,N,T0117,2021,929980.251,,F,1,A,6,EUR
OECD.SDD.NAD:DSD_NAMAIN10@DF_TABLE5(1.0),A,EU27_2020,S14,S1,P31DC,_Z,_Z,CP072,XDC,V,N,T0117,2021,504026.513,,F,1,A,6,EUR
OECD.SDD.NAD:DSD_NAMAIN10@DF_TABLE5(1.0),A,EU27_2020,S14,S1,P31DC,_Z,_Z,CP04,XDC,V,N,T0117,2021,1822279.874,,F,1,A,6,EUR
OECD.SDD.NAD:DSD_NAMAIN10@DF_TABLE5(1.0),A,EU27_2020,S14,S1,P31DC,_Z,_Z,CP063,XDC,V,N,T0117,2021,56917.947,,F,1,A,6,EUR
OECD.SDD.NAD:DSD_NAMAIN10@DF_TABLE5(1.0),A,EU27_2020,S14,S1,P31DC,_Z,_Z,CP12,XDC,V,N,T0117,2021,844208.233,,F,1,A,6,EUR
OECD.SDD.NAD:DSD_NAMAIN10@DF_TABLE5(1.0),A,EU27_2020,S14,S1,P31DC,_Z,_Z,CP123,XDC,V,N,T0117,2021,57633.31,,F,1,A,6,EUR
OECD.SDD.NAD:DSD_NAMAIN10@DF_TABLE5(1.0),A,EU27_2020,S14,S1,P31DC,_Z,_Z,CP122_127,XDC,V,N,T0117,2021,117494.536,,F,1,A,6,EUR
OECD.SDD.NAD:DSD_NAMAIN10@DF_TABLE5(1.0),A,EU27_2020,S14,S1,P31DC,_Z,_Z,CP06,XDC,V,N,T0117,2021,345649.419,,F,1,A,6,EUR
OECD.SDD.NAD:DSD_NAMAIN10@DF_TABLE5(1.0),A,EU27_2020,S14,S1,P31DC,_Z,_Z,CP045,XDC,V,N,T0117,2021,330103.343,,F,1,A,6,EUR
OECD.SDD.NAD:DSD_NAMAIN10@DF_TABLE5(1.0),A,EU27_2020,S14,S1,P31DC,_Z,_Z,_T,XDC,V,N,T0117,2021,7291922.637,,F,1,A,6,EUR
OECD.SDD.NAD:DSD_NAMAIN10@DF_TABLE5(1.0),A,EU27_2020,S14,S1,P31DC,_Z,_Z,CP112,XDC,V,N,T0117,2021,92840.821,,F,1,A,6,EUR
OECD.SDD.NAD:DSD_NAMAIN10@DF_TABLE5(1.0),A,EU27_2020,S14,S1,P31DC,_Z,_Z,CP023,XDC,V,N,T0117,2021,41807.305,,F,1,A,6,EUR
OECD.SDD.NAD:DSD_NAMAIN10@DF_TABLE5(1.0),A,EU27_2020,S14,S1,P31DC,_Z,_Z,CP03,XDC,V,N,T0117,2021,305881.387,,F,1,A,6,EUR
OECD.SDD.NAD:DSD_NAMAIN10@DF_TABLE5(1.0),A,EU27_2020,S14,S1,P31DC,_Z,_Z,CP10,XDC,V,N,T0117,2021,64197.5,,F,1,A,6,EUR
OECD.SDD.NAD:DSD_NAMAIN10@DF_TABLE5(1.0),A,EU27_2020,S14,S1,P31DC,_Z,_Z,CP053,XDC,V,N,T0117,2021,65696.624,,F,1,A,6,EUR
OECD.SDD.NAD:DSD_NAMAIN10@DF_TABLE5(1.0),A,EU27_2020,S14,S1,P31DC,_Z,_Z,CP09,XDC,V,N,T0117,2021,575532.903,,F,1,A,6,EUR
OECD.SDD.NAD:DSD_NAMAIN10@DF_TABLE5(1.0),A,EU27_2020,S14,S1,P31DC,_Z,_Z,CP096,XDC,V,N,T0117,2021,32501.112,,F,1,A,6,EUR
OECD.SDD.NAD:DSD_NAMAIN10@DF_TABLE5(1.0),A,EU27_2020,S14,S1,P31DC,_Z,_Z,CP032,XDC,V,N,T0117,2021,60187.417,,F,1,A,6,EUR
OECD.SDD.NAD:DSD_NAMAIN10@DF_TABLE5(1.0),A,EU27_2020,S14,S1,P31DC,_Z,_Z,CP121,XDC,V,N,T0117,2021,175253.242,,F,1,A,6,EUR
OECD.SDD.NAD:DSD_NAMAIN10@DF_TABLE5(1.0),A,EU27_2020,S14,S1,P31DC,_Z,_Z,CP08,XDC,V,N,T0117,2021,182646.611,,F,1,A,6,EUR
OECD.SDD.NAD:DSD_NAMAIN10@DF_TABLE5(1.0),A,EU27_2020,S14,S1,P31DC,_Z,_Z,CP094,XDC,V,N,T0117,2021,189164.762,,F,1,A,6,EUR
OECD.SDD.NAD:DSD_NAMAIN10@DF_TABLE5(1.0),A,EU27_2020,S14,S1,P31DC,_Z,_Z,CP082,XDC,V,N,T0117,2021,31963.323,,F,1,A,6,EUR
OECD.SDD.NAD:DSD_NAMAIN10@DF_TABLE5(1.0),A,EU27_2020,S14,S1,P31DC,_Z,_Z,CP062,XDC,V,N,T0117,2021,135947.799,,F,1,A,6,EUR
OECD.SDD.NAD:DSD_NAMAIN10@DF_TABLE5(1.0),A,EU27_2020,S14,S1,P31DC,_Z,_Z,CP02,XDC,V,N,T0117,2021,318119.918,,F,1,A,6,EUR
OECD.SDD.NAD:DSD_NAMAIN10@DF_TABLE5(1.0),A,EU27_2020,S14,S1,P31DC,_Z,_Z,CP05,XDC,V,N,T0117,2021,439550.741,,F,1,A,6,EUR
OECD.SDD.NAD:DSD_NAMAIN10@DF_TABLE5(1.0),A,EU27_2020,S14,S1,P31DC,_Z,_Z,CP051,XDC,V,N,T0117,2021,147732.899,,F,1,A,6,EUR
OECD.SDD.NAD:DSD_NAMAIN10@DF_TABLE5(1.0),A,EU27_2020,S14,S1,P31DC,_Z,_Z,CP042,XDC,V,N,T0117,2021,927257.362,,F,1,A,6,EUR
OECD.SDD.NAD:DSD_NAMAIN10@DF_TABLE5(1.0),A,EU27_2020,S14,S1,P31DC,_Z,_Z,CP043,XDC,V,N,T0117,2021,76997.298,,F,1,A,6,EUR
OECD.SDD.NAD:DSD_NAMAIN10@DF_TABLE5(1.0),A,EU27_2020,S14,S1,P31DC,_Z,_Z,CP012,XDC,V,N,T0117,2021,99834.134,,F,1,A,6,EUR
OECD.SDD.NAD:DSD_NAMAIN10@DF_TABLE5(1.0),A,EU27_2020,S14,S1,P31DC,_Z,_Z,CP125,XDC,V,N,T0117,2021,218754.419,,F,1,A,6,EUR
OECD.SDD.NAD:DSD_NAMAIN10@DF_TABLE5(1.0),A,EU27_2020,S14,S1,P31DC,_Z,_Z,CP112,XDC,V,N,T0117,2022,152764.671,,F,1,A,6,EUR
OECD.SDD.NAD:DSD_NAMAIN10@DF_TABLE5(1.0),A,EU27_2020,S14,S1,P31DC,_Z,_Z,CP023,XDC,V,N,T0117,2022,44455.279,,F,1,A,6,EUR
OECD.SDD.NAD:DSD_NAMAIN10@DF_TABLE5(1.0),A,EU27_2020,S14,S1,P31DC,_Z,_Z,CP03,XDC,V,N,T0117,2022,350254.319,,F,1,A,6,EUR
OECD.SDD.NAD:DSD_NAMAIN10@DF_TABLE5(1.0),A,EU27_2020,S14,S1,P31DC,_Z,_Z,CP10,XDC,V,N,T0117,2022,67614.007,,F,1,A,6,EUR
OECD.SDD.NAD:DSD_NAMAIN10@DF_TABLE5(1.0),A,EU27_2020,S14,S1,P31DC,_Z,_Z,CP09,XDC,V,N,T0117,2022,685542.299,,F,1,A,6,EUR
OECD.SDD.NAD:DSD_NAMAIN10@DF_TABLE5(1.0),A,EU27_2020,S14,S1,P31DC,_Z,_Z,CP053,XDC,V,N,T0117,2022,70204.306,,F,1,A,6,EUR
OECD.SDD.NAD:DSD_NAMAIN10@DF_TABLE5(1.0),A,EU27_2020,S14,S1,P31DC,_Z,_Z,CP096,XDC,V,N,T0117,2022,64386.827,,F,1,A,6,EUR
OECD.SDD.NAD:DSD_NAMAIN10@DF_TABLE5(1.0),A,EU27_2020,S14,S1,P31DC,_Z,_Z,CP032,XDC,V,N,T0117,2022,68212.551,,F,1,A,6,EUR
OECD.SDD.NAD:DSD_NAMAIN10@DF_TABLE5(1.0),A,EU27_2020,S14,S1,P31DC,_Z,_Z,CP121,XDC,V,N,T0117,2022,194778.069,,F,1,A,6,EUR
OECD.SDD.NAD:DSD_NAMAIN10@DF_TABLE5(1.0),A,EU27_2020,S14,S1,P31DC,_Z,_Z,CP094,XDC,V,N,T0117,2022,245979.954,,F,1,A,6,EUR
OECD.SDD.NAD:DSD_NAMAIN10@DF_TABLE5(1.0),A,EU27_2020,S14,S1,P31DC,_Z,_Z,CP08,XDC,V,N,T0117,2022,189740.508,,F,1,A,6,EUR
OECD.SDD.NAD:DSD_NAMAIN10@DF_TABLE5(1.0),A,EU27_2020,S14,S1,P31DC,_Z,_Z,CP082,XDC,V,N,T0117,2022,34420.057,,F,1,A,6,EUR
OECD.SDD.NAD:DSD_NAMAIN10@DF_TABLE5(1.0),A,EU27_2020,S14,S1,P31DC,_Z,_Z,CP02,XDC,V,N,T0117,2022,327331.252,,F,1,A,6,EUR
OECD.SDD.NAD:DSD_NAMAIN10@DF_TABLE5(1.0),A,EU27_2020,S14,S1,P31DC,_Z,_Z,CP062,XDC,V,N,T0117,2022,142206.873,,F,1,A,6,EUR
OECD.SDD.NAD:DSD_NAMAIN10@DF_TABLE5(1.0),A,EU27_2020,S14,S1,P31DC,_Z,_Z,CP05,XDC,V,N,T0117,2022,471052.457,,F,1,A,6,EUR
OECD.SDD.NAD:DSD_NAMAIN10@DF_TABLE5(1.0),A,EU27_2020,S14,S1,P31DC,_Z,_Z,CP051,XDC,V,N,T0117,2022,160165.604,,F,1,A,6,EUR
OECD.SDD.NAD:DSD_NAMAIN10@DF_TABLE5(1.0),A,EU27_2020,S14,S1,P31DC,_Z,_Z,CP042,XDC,V,N,T0117,2022,962928.699,,F,1,A,6,EUR
OECD.SDD.NAD:DSD_NAMAIN10@DF_TABLE5(1.0),A,EU27_2020,S14,S1,P31DC,_Z,_Z,CP043,XDC,V,N,T0117,2022,82786.176,,F,1,A,6,EUR
OECD.SDD.NAD:DSD_NAMAIN10@DF_TABLE5(1.0),A,EU27_2020,S14,S1,P31DC,_Z,_Z,CP012,XDC,V,N,T0117,2022,107417.407,,F,1,A,6,EUR
OECD.SDD.NAD:DSD_NAMAIN10@DF_TABLE5(1.0),A,EU27_2020,S14,S1,P31DC,_Z,_Z,CP125,XDC,V,N,T0117,2022,225515.98,,F,1,A,6,EUR
OECD.SDD.NAD:DSD_NAMAIN10@DF_TABLE5(1.0),A,EU27_2020,S14,S1,P31DC,_Z,_Z,CP122_127,XDC,V,N,T0117,2022,127119.84,,F,1,A,6,EUR
OECD.SDD.NAD:DSD_NAMAIN10@DF_TABLE5(1.0),A,EU27_2020,S14,S1,P31DC,_Z,_Z,CP06,XDC,V,N,T0117,2022,365856.749,,F,1,A,6,EUR
OECD.SDD.NAD:DSD_NAMAIN10@DF_TABLE5(1.0),A,EU27_2020,S14,S1,P31DC,_Z,_Z,CP045,XDC,V,N,T0117,2022,419848.687,,F,1,A,6,EUR
OECD.SDD.NAD:DSD_NAMAIN10@DF_TABLE5(1.0),A,EU27_2020,S14,S1,P31DC,_Z,_Z,_T,XDC,V,N,T0117,2022,8188879.351,,F,1,A,6,EUR
OECD.SDD.NAD:DSD_NAMAIN10@DF_TABLE5(1.0),A,EU27_2020,S14,S1,P31DC,_Z,_Z,CP124,XDC,V,N,T0117,2022,117160.718,,F,1,A,6,EUR
OECD.SDD.NAD:DSD_NAMAIN10@DF_TABLE5(1.0),A,EU27_2020,S14,S1,P31DC,_Z,_Z,CP011,XDC,V,N,T0117,2022,1002799.279,,F,1,A,6,EUR
OECD.SDD.NAD:DSD_NAMAIN10@DF_TABLE5(1.0),A,EU27_2020,S14,S1,P31DC,_Z,_Z,CP072,XDC,V,N,T0117,2022,603174.369,,F,1,A,6,EUR
OECD.SDD.NAD:DSD_NAMAIN10@DF_TABLE5(1.0),A,EU27_2020,S14,S1,P31DC,_Z,_Z,CP04,XDC,V,N,T0117,2022,1971574.007,,F,1,A,6,EUR
OECD.SDD.NAD:DSD_NAMAIN10@DF_TABLE5(1.0),A,EU27_2020,S14,S1,P31DC,_Z,_Z,CP063,XDC,V,N,T0117,2022,60464.057,,F,1,A,6,EUR
OECD.SDD.NAD:DSD_NAMAIN10@DF_TABLE5(1.0),A,EU27_2020,S14,S1,P31DC,_Z,_Z,CP12,XDC,V,N,T0117,2022,926337.033,,F,1,A,6,EUR
OECD.SDD.NAD:DSD_NAMAIN10@DF_TABLE5(1.0),A,EU27_2020,S14,S1,P31DC,_Z,_Z,CP123,XDC,V,N,T0117,2022,66040.871,,F,1,A,6,EUR
OECD.SDD.NAD:DSD_NAMAIN10@DF_TABLE5(1.0),A,EU27_2020,S14,S1,P31DC,_Z,_Z,CP083,XDC,V,N,T0117,2022,146621.426,,F,1,A,6,EUR
OECD.SDD.NAD:DSD_NAMAIN10@DF_TABLE5(1.0),A,EU27_2020,S14,S1,P31DC,_Z,_Z,CP095,XDC,V,N,T0117,2022,81203.234,,F,1,A,6,EUR
OECD.SDD.NAD:DSD_NAMAIN10@DF_TABLE5(1.0),A,EU27_2020,S14,S1,P31DC,_Z,_Z,CP022,XDC,V,N,T0117,2022,149438.437,,F,1,A,6,EUR
OECD.SDD.NAD:DSD_NAMAIN10@DF_TABLE5(1.0),A,EU27_2020,S14,S1,P31DC,_Z,_Z,CP071,XDC,V,N,T0117,2022,265166.354,,F,1,A,6,EUR
OECD.SDD.NAD:DSD_NAMAIN10@DF_TABLE5(1.0),A,EU27_2020,S14,S1,P31DC,_Z,_Z,CP052,XDC,V,N,T0117,2022,34964.298,,F,1,A,6,EUR
OECD.SDD.NAD:DSD_NAMAIN10@DF_TABLE5(1.0),A,EU27_2020,S14,S1,P31DC,_Z,_Z,CP081,XDC,V,N,T0117,2022,8699.025,,F,1,A,6,EUR
OECD.SDD.NAD:DSD_NAMAIN10@DF_TABLE5(1.0),A,EU27_2020,S14,S1,P31DC,_Z,_Z,CP031,XDC,V,N,T0117,2022,282041.768,,F,1,A,6,EUR
OECD.SDD.NAD:DSD_NAMAIN10@DF_TABLE5(1.0),A,EU27_2020,S14,S1,P31DC,_Z,_Z,CP111,XDC,V,N,T0117,2022,544798.24,,F,1,A,6,EUR
OECD.SDD.NAD:DSD_NAMAIN10@DF_TABLE5(1.0),A,EU27_2020,S14,S1,P31DC,_Z,_Z,CP11,XDC,V,N,T0117,2022,697562.912,,F,1,A,6,EUR
OECD.SDD.NAD:DSD_NAMAIN10@DF_TABLE5(1.0),A,EU27_2020,S14,S1,P31DC,_Z,_Z,CP021,XDC,V,N,T0117,2022,133437.536,,F,1,A,6,EUR
OECD.SDD.NAD:DSD_NAMAIN10@DF_TABLE5(1.0),A,EU27_2020,S14,S1,P31DC,_Z,_Z,CP041,XDC,V,N,T0117,2022,357220.499,,F,1,A,6,EUR
OECD.SDD.NAD:DSD_NAMAIN10@DF_TABLE5(1.0),A,EU27_2020,S14,S1,P31DC,_Z,_Z,CP055,XDC,V,N,T0117,2022,37487.403,,F,1,A,6,EUR
OECD.SDD.NAD:DSD_NAMAIN10@DF_TABLE5(1.0),A,EU27_2020,S14,S1,P31DC,_Z,_Z,CP07,XDC,V,N,T0117,2022,1025797.123,,F,1,A,6,EUR
OECD.SDD.NAD:DSD_NAMAIN10@DF_TABLE5(1.0),A,EU27_2020,S14,S1,P31DC,_Z,_Z,CP092,XDC,V,N,T0117,2022,25816.073,,F,1,A,6,EUR
OECD.SDD.NAD:DSD_NAMAIN10@DF_TABLE5(1.0),A,EU27_2020,S14,S1,P31DC,_Z,_Z,CP091,XDC,V,N,T0117,2022,102409.096,,F,1,A,6,EUR
OECD.SDD.NAD:DSD_NAMAIN10@DF_TABLE5(1.0),A,EU27_2020,S14,S1,P31DC,_Z,_Z,CP054,XDC,V,N,T0117,2022,44550.718,,F,1,A,6,EUR
OECD.SDD.NAD:DSD_NAMAIN10@DF_TABLE5(1.0),A,EU27_2020,S14,S1,P31DC,_Z,_Z,CP126,XDC,V,N,T0117,2022,195721.554,,F,1,A,6,EUR
OECD.SDD.NAD:DSD_NAMAIN10@DF_TABLE5(1.0),A,EU27_2020,S14,S1,P31DC,_Z,_Z,CP061,XDC,V,N,T0117,2022,163185.818,,F,1,A,6,EUR
OECD.SDD.NAD:DSD_NAMAIN10@DF_TABLE5(1.0),A,EU27_2020,S14,S1,P31DC,_Z,_Z,CP093,XDC,V,N,T0117,2022,165747.115,,F,1,A,6,EUR
OECD.SDD.NAD:DSD_NAMAIN10@DF_TABLE5(1.0),A,EU27_2020,S14,S1,P31DC,_Z,_Z,CP056,XDC,V,N,T0117,2022,123680.128,,F,1,A,6,EUR
OECD.SDD.NAD:DSD_NAMAIN10@DF_TABLE5(1.0),A,EU27_2020,S14,S1,P31DC,_Z,_Z,CP044,XDC,V,N,T0117,2022,148789.947,,F,1,A,6,EUR
OECD.SDD.NAD:DSD_NAMAIN10@DF_TABLE5(1.0),A,EU27_2020,S14,S1,P31DC,_Z,_Z,CP01,XDC,V,N,T0117,2022,1110216.686,,F,1,A,6,EUR
OECD.SDD.NAD:DSD_NAMAIN10@DF_TABLE5(1.0),A,EU27_2020,S14,S1,P31DC,_Z,_Z,CP073,XDC,V,N,T0117,2022,157456.4,,F,1,A,6,EUR
OECD.SDD.NAD:DSD_NAMAIN10@DF_TABLE5(1.0),A,NLD,S14,S1,P31DC,_Z,_Z,_T,XDC,V,N,T0117,2021,376093,,F,1,A,6,EUR
OECD.SDD.NAD:DSD_NAMAIN10@DF_TABLE5(1.0),A,NLD,S14,S1,P31DC,_Z,_Z,_T,XDC,V,N,T0117,2022,427768,,F,1,A,6,EUR
OECD.SDD.NAD:DSD_NAMAIN10@DF_TABLE5(1.0),A,NLD,S14,S1,P31DC,_Z,_Z,_T,XDC,V,N,T0117,2023,462416,,F,1,A,6,EUR
OECD.SDD.NAD:DSD_NAMAIN10@DF_TABLE5(1.0),A,LUX,S14,S1,P31DC,_Z,_Z,CP103,XDC,V,N,T0117,2021,0,,F,1,A,6,EUR
OECD.SDD.NAD:DSD_NAMAIN10@DF_TABLE5(1.0),A,LUX,S14,S1,P31DC,_Z,_Z,CP042,XDC,V,N,T0117,2021,2848.283,,F,1,A,6,EUR
OECD.SDD.NAD:DSD_NAMAIN10@DF_TABLE5(1.0),A,LUX,S14,S1,P31DC,_Z,_Z,CP022,XDC,V,N,T0117,2021,1427.071,,F,1,A,6,EUR
OECD.SDD.NAD:DSD_NAMAIN10@DF_TABLE5(1.0),A,LUX,S14,S1,P31DC,_Z,_Z,CP103,XDC,V,N,T0117,2022,0,,F,1,A,6,EUR
OECD.SDD.NAD:DSD_NAMAIN10@DF_TABLE5(1.0),A,LUX,S14,S1,P31DC,_Z,_Z,CP042,XDC,V,N,T0117,2022,2913.993,,F,1,A,6,EUR
OECD.SDD.NAD:DSD_NAMAIN10@DF_TABLE5(1.0),A,LUX,S14,S1,P31DC,_Z,_Z,CP022,XDC,V,N,T0117,2022,1705.996,,F,1,A,6,EUR
OECD.SDD.NAD:DSD_NAMAIN10@DF_TABLE5(1.0),A,MEX,S14,S1,P31DC,_Z,_Z,CP073,XDC,V,N,T0117,2021,884185.812,,F,1,A,6,MXN
OECD.SDD.NAD:DSD_NAMAIN10@DF_TABLE5(1.0),A,MEX,S14,S1,P31DC,_Z,_Z,CP124,XDC,V,N,T0117,2021,19088.308,,F,1,A,6,MXN
OECD.SDD.NAD:DSD_NAMAIN10@DF_TABLE5(1.0),A,MEX,S14,S1,P31DC,_Z,_Z,CP045,XDC,V,N,T0117,2021,820533.907,,F,1,A,6,MXN
OECD.SDD.NAD:DSD_NAMAIN10@DF_TABLE5(1.0),A,MEX,S14,S1,P31DC,_Z,_Z,CP03,XDC,V,N,T0117,2021,380534.44,,F,1,A,6,MXN
OECD.SDD.NAD:DSD_NAMAIN10@DF_TABLE5(1.0),A,MEX,S14,S1,P31DC,_Z,_Z,CP022,XDC,V,N,T0117,2021,118658.777,,F,1,A,6,MXN
OECD.SDD.NAD:DSD_NAMAIN10@DF_TABLE5(1.0),A,MEX,S14,S1,P31DC,_Z,_Z,CP127,XDC,V,N,T0117,2021,259264.514,,F,1,A,6,MXN
OECD.SDD.NAD:DSD_NAMAIN10@DF_TABLE5(1.0),A,MEX,S14,S1,P31DC,_Z,_Z,CP083,XDC,V,N,T0117,2021,417231.859,,F,1,A,6,MXN
OECD.SDD.NAD:DSD_NAMAIN10@DF_TABLE5(1.0),A,MEX,S14,S1,P31DC,_Z,_Z,CP02,XDC,V,N,T0117,2021,415259.61,,F,1,A,6,MXN
OECD.SDD.NAD:DSD_NAMAIN10@DF_TABLE5(1.0),A,MEX,S14,S1,P31DC,_Z,_Z,CP06,XDC,V,N,T0117,2021,578544.697,,F,1,A,6,MXN
OECD.SDD.NAD:DSD_NAMAIN10@DF_TABLE5(1.0),A,MEX,S14,S1,P31DC,_Z,_Z,CP082,XDC,V,N,T0117,2021,290.024,,F,1,A,6,MXN
OECD.SDD.NAD:DSD_NAMAIN10@DF_TABLE5(1.0),A,MEX,S14,S1,P31DC,_Z,_Z,CP092,XDC,V,N,T0117,2021,14496.229,,F,1,A,6,MXN
OECD.SDD.NAD:DSD_NAMAIN10@DF_TABLE5(1.0),A,MEX,S14,S1,P31DC,_Z,_Z,CP081,XDC,V,N,T0117,2021,39783.55,,F,1,A,6,MXN
OECD.SDD.NAD:DSD_NAMAIN10@DF_TABLE5(1.0),A,MEX,S14,S1,P31DC,_Z,_Z,CP12,XDC,V,N,T0117,2021,1861098.437,,F,1,A,6,MXN
OECD.SDD.NAD:DSD_NAMAIN10@DF_TABLE5(1.0),A,MEX,S14,S1,P31DC,_Z,_Z,CP112,XDC,V,N,T0117,2021,342531.648,,F,1,A,6,MXN
OECD.SDD.NAD:DSD_NAMAIN10@DF_TABLE5(1.0),A,MEX,S14,S1,P31DC,_Z,_Z,CP096,XDC,V,N,T0117,2021,24667.929,,F,1,A,6,MXN
OECD.SDD.NAD:DSD_NAMAIN10@DF_TABLE5(1.0),A,MEX,S14,S1,P31DC,_Z,_Z,CP021,XDC,V,N,T0117,2021,296600.833,,F,1,A,6,MXN
OECD.SDD.NAD:DSD_NAMAIN10@DF_TABLE5(1.0),A,MEX,S14,S1,P31DC,_Z,_Z,CP11,XDC,V,N,T0117,2021,892487.311,,F,1,A,6,MXN
OECD.SDD.NAD:DSD_NAMAIN10@DF_TABLE5(1.0),A,MEX,S14,S1,P31DC,_Z,_Z,CP104,XDC,V,N,T0117,2021,101553.848,,F,1,A,6,MXN
OECD.SDD.NAD:DSD_NAMAIN10@DF_TABLE5(1.0),A,MEX,S14,S1,P31DC,_Z,_Z,CP011,XDC,V,N,T0117,2021,4395492.108,,F,1,A,6,MXN
OECD.SDD.NAD:DSD_NAMAIN10@DF_TABLE5(1.0),A,MEX,S14,S1,P31DC,_Z,_Z,CP10,XDC,V,N,T0117,2021,246231.2,,F,1,A,6,MXN
OECD.SDD.NAD:DSD_NAMAIN10@DF_TABLE5(1.0),A,MEX,S14,S1,P31DC,_Z,_Z,CP094,XDC,V,N,T0117,2021,236953.046,,F,1,A,6,MXN
OECD.SDD.NAD:DSD_NAMAIN10@DF_TABLE5(1.0),A,MEX,S14,S1,P31DC,_Z,_Z,CP07,XDC,V,N,T0117,2021,3326194.192,,F,1,A,6,MXN
OECD.SDD.NAD:DSD_NAMAIN10@DF_TABLE5(1.0),A,MEX,S14,S1,P31DC,_Z,_Z,CP042,XDC,V,N,T0117,2021,1780739.354,,F,1,A,6,MXN
OECD.SDD.NAD:DSD_NAMAIN10@DF_TABLE5(1.0),A,MEX,S14,S1,P31DC,_Z,_Z,CP103,XDC,V,N,T0117,2021,888.466,,F,1,A,6,MXN
OECD.SDD.NAD:DSD_NAMAIN10@DF_TABLE5(1.0),A,MEX,S14,S1,P31DC,_Z,_Z,CP031,XDC,V,N,T0117,2021,281337.708,,F,1,A,6,MXN
OECD.SDD.NAD:DSD_NAMAIN10@DF_TABLE5(1.0),A,MEX,S14,S1,P31DC,_Z,_Z,CP095,XDC,V,N,T0117,2021,38920.237,,F,1,A,6,MXN
OECD.SDD.NAD:DSD_NAMAIN10@DF_TABLE5(1.0),A,MEX,S14,S1,P31DC,_Z,_Z,_T,XDC,V,N,T0117,2021,18534845.331,,F,1,A,6,MXN
OECD.SDD.NAD:DSD_NAMAIN10@DF_TABLE5(1.0),A,MEX,S14,S1,P31DC,_Z,_Z,CP123,XDC,V,N,T0117,2021,160822.142,,F,1,A,6,MXN
OECD.SDD.NAD:DSD_NAMAIN10@DF_TABLE5(1.0),A,MEX,S14,S1,P31DC,_Z,_Z,CP056,XDC,V,N,T0117,2021,494097.387,,F,1,A,6,MXN
OECD.SDD.NAD:DSD_NAMAIN10@DF_TABLE5(1.0),A,MEX,S14,S1,P31DC,_Z,_Z,CP01,XDC,V,N,T0117,2021,4902570.254,,F,1,A,6,MXN
OECD.SDD.NAD:DSD_NAMAIN10@DF_TABLE5(1.0),A,MEX,S14,S1,P31DC,_Z,_Z,CP125,XDC,V,N,T0117,2021,194032.225,,F,1,A,6,MXN
OECD.SDD.NAD:DSD_NAMAIN10@DF_TABLE5(1.0),A,MEX,S14,S1,P31DC,_Z,_Z,CP091,XDC,V,N,T0117,2021,314272.498,,F,1,A,6,MXN
OECD.SDD.NAD:DSD_NAMAIN10@DF_TABLE5(1.0),A,MEX,S14,S1,P31DC,_Z,_Z,CP102,XDC,V,N,T0117,2021,76369.961,,F,1,A,6,MXN
OECD.SDD.NAD:DSD_NAMAIN10@DF_TABLE5(1.0),A,MEX,S14,S1,P31DC,_Z,_Z,CP051,XDC,V,N,T0117,2021,167465.809,,F,1,A,6,MXN
OECD.SDD.NAD:DSD_NAMAIN10@DF_TABLE5(1.0),A,MEX,S14,S1,P31DC,_Z,_Z,CP111,XDC,V,N,T0117,2021,549955.663,,F,1,A,6,MXN
OECD.SDD.NAD:DSD_NAMAIN10@DF_TABLE5(1.0),A,MEX,S14,S1,P31DC,_Z,_Z,CP041,XDC,V,N,T0117,2021,552842.793,,F,1,A,6,MXN
OECD.SDD.NAD:DSD_NAMAIN10@DF_TABLE5(1.0),A,MEX,S14,S1,P31DC,_Z,_Z,CP054,XDC,V,N,T0117,2021,118444.806,,F,1,A,6,MXN
OECD.SDD.NAD:DSD_NAMAIN10@DF_TABLE5(1.0),A,MEX,S14,S1,P31DC,_Z,_Z,CP071,XDC,V,N,T0117,2021,497659.251,,F,1,A,6,MXN
OECD.SDD.NAD:DSD_NAMAIN10@DF_TABLE5(1.0),A,MEX,S14,S1,P31DC,_Z,_Z,CP061,XDC,V,N,T0117,2021,318773.488,,F,1,A,6,MXN
OECD.SDD.NAD:DSD_NAMAIN10@DF_TABLE5(1.0),A,MEX,S14,S1,P31DC,_Z,_Z,CP012,XDC,V,N,T0117,2021,507078.146,,F,1,A,6,MXN
OECD.SDD.NAD:DSD_NAMAIN10@DF_TABLE5(1.0),A,MEX,S14,S1,P31DC,_Z,_Z,CP072,XDC,V,N,T0117,2021,1944349.129,,F,1,A,6,MXN
OECD.SDD.NAD:DSD_NAMAIN10@DF_TABLE5(1.0),A,MEX,S14,S1,P31DC,_Z,_Z,CP122_127,XDC,V,N,T0117,2021,1671325.088,,F,1,A,6,MXN
OECD.SDD.NAD:DSD_NAMAIN10@DF_TABLE5(1.0),A,MEX,S14,S1,P31DC,_Z,_Z,CP043,XDC,V,N,T0117,2021,188603.688,,F,1,A,6,MXN
OECD.SDD.NAD:DSD_NAMAIN10@DF_TABLE5(1.0),A,MEX,S14,S1,P31DC,_Z,_Z,CP055,XDC,V,N,T0117,2021,94501.088,,F,1,A,6,MXN
OECD.SDD.NAD:DSD_NAMAIN10@DF_TABLE5(1.0),A,MEX,S14,S1,P31DC,_Z,_Z,CP044,XDC,V,N,T0117,2021,55623.775,,F,1,A,6,MXN
OECD.SDD.NAD:DSD_NAMAIN10@DF_TABLE5(1.0),A,MEX,S14,S1,P31DC,_Z,_Z,CP063,XDC,V,N,T0117,2021,116243.518,,F,1,A,6,MXN
OECD.SDD.NAD:DSD_NAMAIN10@DF_TABLE5(1.0),A,MEX,S14,S1,P31DC,_Z,_Z,CP09,XDC,V,N,T0117,2021,846841.358,,F,1,A,6,MXN
OECD.SDD.NAD:DSD_NAMAIN10@DF_TABLE5(1.0),A,MEX,S14,S1,P31DC,_Z,_Z,CP101,XDC,V,N,T0117,2021,65000.873,,F,1,A,6,MXN
OECD.SDD.NAD:DSD_NAMAIN10@DF_TABLE5(1.0),A,MEX,S14,S1,P31DC,_Z,_Z,CP04,XDC,V,N,T0117,2021,3398343.517,,F,1,A,6,MXN
OECD.SDD.NAD:DSD_NAMAIN10@DF_TABLE5(1.0),A,MEX,S14,S1,P31DC,_Z,_Z,CP052,XDC,V,N,T0117,2021,56886.045,,F,1,A,6,MXN
OECD.SDD.NAD:DSD_NAMAIN10@DF_TABLE5(1.0),A,MEX,S14,S1,P31DC,_Z,_Z,CP05,XDC,V,N,T0117,2021,1229434.882,,F,1,A,6,MXN
OECD.SDD.NAD:DSD_NAMAIN10@DF_TABLE5(1.0),A,MEX,S14,S1,P31DC,_Z,_Z,CP08,XDC,V,N,T0117,2021,457305.433,,F,1,A,6,MXN
OECD.SDD.NAD:DSD_NAMAIN10@DF_TABLE5(1.0),A,MEX,S14,S1,P31DC,_Z,_Z,CP062,XDC,V,N,T0117,2021,143527.691,,F,1,A,6,MXN
OECD.SDD.NAD:DSD_NAMAIN10@DF_TABLE5(1.0),A,MEX,S14,S1,P31DC,_Z,_Z,CP053,XDC,V,N,T0117,2021,298039.747,,F,1,A,6,MXN
OECD.SDD.NAD:DSD_NAMAIN10@DF_TABLE5(1.0),A,MEX,S14,S1,P31DC,_Z,_Z,CP105,XDC,V,N,T0117,2021,2418.052,,F,1,A,6,MXN
OECD.SDD.NAD:DSD_NAMAIN10@DF_TABLE5(1.0),A,MEX,S14,S1,P31DC,_Z,_Z,CP032,XDC,V,N,T0117,2021,99196.732,,F,1,A,6,MXN
OECD.SDD.NAD:DSD_NAMAIN10@DF_TABLE5(1.0),A,MEX,S14,S1,P31DC,_Z,_Z,CP093,XDC,V,N,T0117,2021,217531.419,,F,1,A,6,MXN
OECD.SDD.NAD:DSD_NAMAIN10@DF_TABLE5(1.0),A,MEX,S14,S1,P31DC,_Z,_Z,CP126,XDC,V,N,T0117,2021,1038117.899,,F,1,A,6,MXN
OECD.SDD.NAD:DSD_NAMAIN10@DF_TABLE5(1.0),A,MEX,S14,S1,P31DC,_Z,_Z,CP121,XDC,V,N,T0117,2021,189773.349,,F,1,A,6,MXN
OECD.SDD.NAD:DSD_NAMAIN10@DF_TABLE5(1.0),A,HUN,S14,S1,P31DC,_Z,_Z,CP08,XDC,V,N,T0117,2021,713923,,F,1,A,6,HUF
OECD.SDD.NAD:DSD_NAMAIN10@DF_TABLE5(1.0),A,HUN,S14,S1,P31DC,_Z,_Z,CP044,XDC,V,N,T0117,2021,308156,,F,1,A,6,HUF
OECD.SDD.NAD:DSD_NAMAIN10@DF_TABLE5(1.0),A,HUN,S14,S1,P31DC,_Z,_Z,CP101,XDC,V,N,T0117,2021,25032,,F,1,A,6,HUF
OECD.SDD.NAD:DSD_NAMAIN10@DF_TABLE5(1.0),A,HUN,S14,S1,P31DC,_Z,_Z,CP055,XDC,V,N,T0117,2021,87405,,F,1,A,6,HUF
OECD.SDD.NAD:DSD_NAMAIN10@DF_TABLE5(1.0),A,HUN,S14,S1,P31DC,_Z,_Z,CP073,XDC,V,N,T0117,2021,224625,,F,1,A,6,HUF
OECD.SDD.NAD:DSD_NAMAIN10@DF_TABLE5(1.0),A,HUN,S14,S1,P31DC,_Z,_Z,CP01,XDC,V,N,T0117,2021,4742676,,F,1,A,6,HUF
OECD.SDD.NAD:DSD_NAMAIN10@DF_TABLE5(1.0),A,HUN,S14,S1,P31DC,_Z,_Z,CP121,XDC,V,N,T0117,2021,488284,,F,1,A,6,HUF
OECD.SDD.NAD:DSD_NAMAIN10@DF_TABLE5(1.0),A,HUN,S14,S1,P31DC,_Z,_Z,CP043,XDC,V,N,T0117,2021,91842,,F,1,A,6,HUF
OECD.SDD.NAD:DSD_NAMAIN10@DF_TABLE5(1.0),A,HUN,S14,S1,P31DC,_Z,_Z,CP09,XDC,V,N,T0117,2021,1961712,,F,1,A,6,HUF
OECD.SDD.NAD:DSD_NAMAIN10@DF_TABLE5(1.0),A,HUN,S14,S1,P31DC,_Z,_Z,CP011,XDC,V,N,T0117,2021,4095052,,F,1,A,6,HUF
OECD.SDD.NAD:DSD_NAMAIN10@DF_TABLE5(1.0),A,HUN,S14,S1,P31DC,_Z,_Z,CP072,XDC,V,N,T0117,2021,2039020,,F,1,A,6,HUF
OECD.SDD.NAD:DSD_NAMAIN10@DF_TABLE5(1.0),A,HUN,S14,S1,P31DC,_Z,_Z,CP054,XDC,V,N,T0117,2021,138525,,F,1,A,6,HUF
OECD.SDD.NAD:DSD_NAMAIN10@DF_TABLE5(1.0),A,HUN,S14,S1,P31DC,_Z,_Z,CP112,XDC,V,N,T0117,2021,265515,,F,1,A,6,HUF
OECD.SDD.NAD:DSD_NAMAIN10@DF_TABLE5(1.0),A,HUN,S14,S1,P31DC,_Z,_Z,CP04,XDC,V,N,T0117,2021,5878230,,F,1,A,6,HUF
OECD.SDD.NAD:DSD_NAMAIN10@DF_TABLE5(1.0),A,HUN,S14,S1,P31DC,_Z,_Z,CP103,XDC,V,N,T0117,2021,24213,,F,1,A,6,HUF
OECD.SDD.NAD:DSD_NAMAIN10@DF_TABLE5(1.0),A,HUN,S14,S1,P31DC,_Z,_Z,CP056,XDC,V,N,T0117,2021,287083,,F,1,A,6,HUF
OECD.SDD.NAD:DSD_NAMAIN10@DF_TABLE5(1.0),A,HUN,S14,S1,P31DC,_Z,_Z,CP123,XDC,V,N,T0117,2021,119196,,F,1,A,6,HUF
OECD.SDD.NAD:DSD_NAMAIN10@DF_TABLE5(1.0),A,HUN,S14,S1,P31DC,_Z,_Z,CP032,XDC,V,N,T0117,2021,210143,,F,1,A,6,HUF
OECD.SDD.NAD:DSD_NAMAIN10@DF_TABLE5(1.0),A,HUN,S14,S1,P31DC,_Z,_Z,CP127,XDC,V,N,T0117,2021,114640,,F,1,A,6,HUF
OECD.SDD.NAD:DSD_NAMAIN10@DF_TABLE5(1.0),A,HUN,S14,S1,P31DC,_Z,_Z,CP091,XDC,V,N,T0117,2021,227196,,F,1,A,6,HUF
OECD.SDD.NAD:DSD_NAMAIN10@DF_TABLE5(1.0),A,HUN,S14,S1,P31DC,_Z,_Z,CP125,XDC,V,N,T0117,2021,326009,,F,1,A,6,HUF
OECD.SDD.NAD:DSD_NAMAIN10@DF_TABLE5(1.0),A,HUN,S14,S1,P31DC,_Z,_Z,CP11,XDC,V,N,T0117,2021,1883390,,F,1,A,6,HUF
OECD.SDD.NAD:DSD_NAMAIN10@DF_TABLE5(1.0),A,HUN,S14,S1,P31DC,_Z,_Z,CP052,XDC,V,N,T0117,2021,134074,,F,1,A,6,HUF
OECD.SDD.NAD:DSD_NAMAIN10@DF_TABLE5(1.0),A,HUN,S14,S1,P31DC,_Z,_Z,CP071,XDC,V,N,T0117,2021,793355,,F,1,A,6,HUF
OECD.SDD.NAD:DSD_NAMAIN10@DF_TABLE5(1.0),A,HUN,S14,S1,P31DC,_Z,_Z,CP10,XDC,V,N,T0117,2021,446575,,F,1,A,6,HUF
OECD.SDD.NAD:DSD_NAMAIN10@DF_TABLE5(1.0),A,HUN,S14,S1,P31DC,_Z,_Z,CP051,XDC,V,N,T0117,2021,397926,,F,1,A,6,HUF
OECD.SDD.NAD:DSD_NAMAIN10@DF_TABLE5(1.0),A,HUN,S14,S1,P31DC,_Z,_Z,CP022,XDC,V,N,T0117,2021,1045977,,F,1,A,6,HUF
OECD.SDD.NAD:DSD_NAMAIN10@DF_TABLE5(1.0),A,HUN,S14,S1,P31DC,_Z,_Z,CP021,XDC,V,N,T0117,2021,727203,,F,1,A,6,HUF
OECD.SDD.NAD:DSD_NAMAIN10@DF_TABLE5(1.0),A,HUN,S14,S1,P31DC,_Z,_Z,CP041,XDC,V,N,T0117,2021,231111,,F,1,A,6,HUF
OECD.SDD.NAD:DSD_NAMAIN10@DF_TABLE5(1.0),A,HUN,S14,S1,P31DC,_Z,_Z,CP081,XDC,V,N,T0117,2021,11484,,F,1,A,6,HUF
OECD.SDD.NAD:DSD_NAMAIN10@DF_TABLE5(1.0),A,HUN,S14,S1,P31DC,_Z,_Z,CP124,XDC,V,N,T0117,2021,127599,,F,1,A,6,HUF
OECD.SDD.NAD:DSD_NAMAIN10@DF_TABLE5(1.0),A,HUN,S14,S1,P31DC,_Z,_Z,CP06,XDC,V,N,T0117,2021,1058936,,F,1,A,6,HUF
OECD.SDD.NAD:DSD_NAMAIN10@DF_TABLE5(1.0),A,HUN,S14,S1,P31DC,_Z,_Z,CP083,XDC,V,N,T0117,2021,601568,,F,1,A,6,HUF
OECD.SDD.NAD:DSD_NAMAIN10@DF_TABLE5(1.0),A,HUN,S14,S1,P31DC,_Z,_Z,CP03,XDC,V,N,T0117,2021,870412,,F,1,A,6,HUF
OECD.SDD.NAD:DSD_NAMAIN10@DF_TABLE5(1.0),A,HUN,S14,S1,P31DC,_Z,_Z,_T,XDC,V,N,T0117,2021,26318190,,F,1,A,6,HUF
OECD.SDD.NAD:DSD_NAMAIN10@DF_TABLE5(1.0),A,HUN,S14,S1,P31DC,_Z,_Z,CP045,XDC,V,N,T0117,2021,1054355,,F,1,A,6,HUF
OECD.SDD.NAD:DSD_NAMAIN10@DF_TABLE5(1.0),A,HUN,S14,S1,P31DC,_Z,_Z,CP122,XDC,V,N,T0117,2021,131298,,F,1,A,6,HUF
OECD.SDD.NAD:DSD_NAMAIN10@DF_TABLE5(1.0),A,HUN,S14,S1,P31DC,_Z,_Z,CP095,XDC,V,N,T0117,2021,183361,,F,1,A,6,HUF
OECD.SDD.NAD:DSD_NAMAIN10@DF_TABLE5(1.0),A,HUN,S14,S1,P31DC,_Z,_Z,CP042,XDC,V,N,T0117,2021,4192766,,F,1,A,6,HUF
OECD.SDD.NAD:DSD_NAMAIN10@DF_TABLE5(1.0),A,HUN,S14,S1,P31DC,_Z,_Z,CP122_127,XDC,V,N,T0117,2021,245938,,F,1,A,6,HUF
OECD.SDD.NAD:DSD_NAMAIN10@DF_TABLE5(1.0),A,HUN,S14,S1,P31DC,_Z,_Z,CP023,XDC,V,N,T0117,2021,219728,,F,1,A,6,HUF
OECD.SDD.NAD:DSD_NAMAIN10@DF_TABLE5(1.0),A,HUN,S14,S1,P31DC,_Z,_Z,CP104,XDC,V,N,T0117,2021,110167,,F,1,A,6,HUF
OECD.SDD.NAD:DSD_NAMAIN10@DF_TABLE5(1.0),A,HUN,S14,S1,P31DC,_Z,_Z,CP053,XDC,V,N,T0117,2021,355468,,F,1,A,6,HUF
OECD.SDD.NAD:DSD_NAMAIN10@DF_TABLE5(1.0),A,HUN,S14,S1,P31DC,_Z,_Z,CP082,XDC,V,N,T0117,2021,100871,,F,1,A,6,HUF
OECD.SDD.NAD:DSD_NAMAIN10@DF_TABLE5(1.0),A,HUN,S14,S1,P31DC,_Z,_Z,CP063,XDC,V,N,T0117,2021,66235,,F,1,A,6,HUF
OECD.SDD.NAD:DSD_NAMAIN10@DF_TABLE5(1.0),A,HUN,S14,S1,P31DC,_Z,_Z,CP092,XDC,V,N,T0117,2021,3625,,F,1,A,6,HUF
OECD.SDD.NAD:DSD_NAMAIN10@DF_TABLE5(1.0),A,HUN,S14,S1,P31DC,_Z,_Z,CP031,XDC,V,N,T0117,2021,660269,,F,1,A,6,HUF
OECD.SDD.NAD:DSD_NAMAIN10@DF_TABLE5(1.0),A,HUN,S14,S1,P31DC,_Z,_Z,CP126,XDC,V,N,T0117,2021,1004921,,F,1,A,6,HUF
OECD.SDD.NAD:DSD_NAMAIN10@DF_TABLE5(1.0),A,HUN,S14,S1,P31DC,_Z,_Z,CP096,XDC,V,N,T0117,2021,72859,,F,1,A,6,HUF
OECD.SDD.NAD:DSD_NAMAIN10@DF_TABLE5(1.0),A,HUN,S14,S1,P31DC,_Z,_Z,CP094,XDC,V,N,T0117,2021,830532,,F,1,A,6,HUF
OECD.SDD.NAD:DSD_NAMAIN10@DF_TABLE5(1.0),A,HUN,S14,S1,P31DC,_Z,_Z,CP012,XDC,V,N,T0117,2021,647624,,F,1,A,6,HUF
OECD.SDD.NAD:DSD_NAMAIN10@DF_TABLE5(1.0),A,HUN,S14,S1,P31DC,_Z,_Z,CP093,XDC,V,N,T0117,2021,644139,,F,1,A,6,HUF
OECD.SDD.NAD:DSD_NAMAIN10@DF_TABLE5(1.0),A,HUN,S14,S1,P31DC,_Z,_Z,CP102,XDC,V,N,T0117,2021,103652,,F,1,A,6,HUF
OECD.SDD.NAD:DSD_NAMAIN10@DF_TABLE5(1.0),A,HUN,S14,S1,P31DC,_Z,_Z,CP062,XDC,V,N,T0117,2021,450885,,F,1,A,6,HUF
OECD.SDD.NAD:DSD_NAMAIN10@DF_TABLE5(1.0),A,HUN,S14,S1,P31DC,_Z,_Z,CP111,XDC,V,N,T0117,2021,1617875,,F,1,A,6,HUF
OECD.SDD.NAD:DSD_NAMAIN10@DF_TABLE5(1.0),A,HUN,S14,S1,P31DC,_Z,_Z,CP105,XDC,V,N,T0117,2021,183511,,F,1,A,6,HUF
OECD.SDD.NAD:DSD_NAMAIN10@DF_TABLE5(1.0),A,HUN,S14,S1,P31DC,_Z,_Z,CP05,XDC,V,N,T0117,2021,1400481,,F,1,A,6,HUF
OECD.SDD.NAD:DSD_NAMAIN10@DF_TABLE5(1.0),A,HUN,S14,S1,P31DC,_Z,_Z,CP02,XDC,V,N,T0117,2021,1992908,,F,1,A,6,HUF
OECD.SDD.NAD:DSD_NAMAIN10@DF_TABLE5(1.0),A,HUN,S14,S1,P31DC,_Z,_Z,CP07,XDC,V,N,T0117,2021,3057000,,F,1,A,6,HUF
OECD.SDD.NAD:DSD_NAMAIN10@DF_TABLE5(1.0),A,HUN,S14,S1,P31DC,_Z,_Z,CP061,XDC,V,N,T0117,2021,541816,,F,1,A,6,HUF
OECD.SDD.NAD:DSD_NAMAIN10@DF_TABLE5(1.0),A,HUN,S14,S1,P31DC,_Z,_Z,CP12,XDC,V,N,T0117,2021,2311947,,F,1,A,6,HUF
OECD.SDD.NAD:DSD_NAMAIN10@DF_TABLE5(1.0),A,HUN,S14,S1,P31DC,_Z,_Z,CP042,XDC,V,N,T0117,2022,5367812,,F,1,A,6,HUF
OECD.SDD.NAD:DSD_NAMAIN10@DF_TABLE5(1.0),A,HUN,S14,S1,P31DC,_Z,_Z,CP03,XDC,V,N,T0117,2022,986771,,F,1,A,6,HUF
OECD.SDD.NAD:DSD_NAMAIN10@DF_TABLE5(1.0),A,HUN,S14,S1,P31DC,_Z,_Z,CP045,XDC,V,N,T0117,2022,1237304,,F,1,A,6,HUF
OECD.SDD.NAD:DSD_NAMAIN10@DF_TABLE5(1.0),A,HUN,S14,S1,P31DC,_Z,_Z,_T,XDC,V,N,T0117,2022,32675481,,F,1,A,6,HUF
OECD.SDD.NAD:DSD_NAMAIN10@DF_TABLE5(1.0),A,HUN,S14,S1,P31DC,_Z,_Z,CP095,XDC,V,N,T0117,2022,223353,,F,1,A,6,HUF
OECD.SDD.NAD:DSD_NAMAIN10@DF_TABLE5(1.0),A,HUN,S14,S1,P31DC,_Z,_Z,CP122,XDC,V,N,T0117,2022,157750,,F,1,A,6,HUF
OECD.SDD.NAD:DSD_NAMAIN10@DF_TABLE5(1.0),A,HUN,S14,S1,P31DC,_Z,_Z,CP122_127,XDC,V,N,T0117,2022,285526,,F,1,A,6,HUF
OECD.SDD.NAD:DSD_NAMAIN10@DF_TABLE5(1.0),A,HUN,S14,S1,P31DC,_Z,_Z,CP104,XDC,V,N,T0117,2022,101611,,F,1,A,6,HUF
OECD.SDD.NAD:DSD_NAMAIN10@DF_TABLE5(1.0),A,HUN,S14,S1,P31DC,_Z,_Z,CP023,XDC,V,N,T0117,2022,247422,,F,1,A,6,HUF
OECD.SDD.NAD:DSD_NAMAIN10@DF_TABLE5(1.0),A,HUN,S14,S1,P31DC,_Z,_Z,CP053,XDC,V,N,T0117,2022,408085,,F,1,A,6,HUF
OECD.SDD.NAD:DSD_NAMAIN10@DF_TABLE5(1.0),A,HUN,S14,S1,P31DC,_Z,_Z,CP082,XDC,V,N,T0117,2022,112057,,F,1,A,6,HUF
OECD.SDD.NAD:DSD_NAMAIN10@DF_TABLE5(1.0),A,HUN,S14,S1,P31DC,_Z,_Z,CP063,XDC,V,N,T0117,2022,76951,,F,1,A,6,HUF
OECD.SDD.NAD:DSD_NAMAIN10@DF_TABLE5(1.0),A,HUN,S14,S1,P31DC,_Z,_Z,CP092,XDC,V,N,T0117,2022,2597,,F,1,A,6,HUF
OECD.SDD.NAD:DSD_NAMAIN10@DF_TABLE5(1.0),A,HUN,S14,S1,P31DC,_Z,_Z,CP06,XDC,V,N,T0117,2022,1214700,,F,1,A,6,HUF
OECD.SDD.NAD:DSD_NAMAIN10@DF_TABLE5(1.0),A,HUN,S14,S1,P31DC,_Z,_Z,CP124,XDC,V,N,T0117,2022,142840,,F,1,A,6,HUF
OECD.SDD.NAD:DSD_NAMAIN10@DF_TABLE5(1.0),A,HUN,S14,S1,P31DC,_Z,_Z,CP083,XDC,V,N,T0117,2022,616442,,F,1,A,6,HUF
OECD.SDD.NAD:DSD_NAMAIN10@DF_TABLE5(1.0),A,HUN,S14,S1,P31DC,_Z,_Z,CP102,XDC,V,N,T0117,2022,116790,,F,1,A,6,HUF
OECD.SDD.NAD:DSD_NAMAIN10@DF_TABLE5(1.0),A,HUN,S14,S1,P31DC,_Z,_Z,CP093,XDC,V,N,T0117,2022,775675,,F,1,A,6,HUF
OECD.SDD.NAD:DSD_NAMAIN10@DF_TABLE5(1.0),A,HUN,S14,S1,P31DC,_Z,_Z,CP096,XDC,V,N,T0117,2022,160790,,F,1,A,6,HUF
OECD.SDD.NAD:DSD_NAMAIN10@DF_TABLE5(1.0),A,HUN,S14,S1,P31DC,_Z,_Z,CP094,XDC,V,N,T0117,2022,1017978,,F,1,A,6,HUF
OECD.SDD.NAD:DSD_NAMAIN10@DF_TABLE5(1.0),A,HUN,S14,S1,P31DC,_Z,_Z,CP012,XDC,V,N,T0117,2022,787098,,F,1,A,6,HUF
OECD.SDD.NAD:DSD_NAMAIN10@DF_TABLE5(1.0),A,HUN,S14,S1,P31DC,_Z,_Z,CP126,XDC,V,N,T0117,2022,1716437,,F,1,A,6,HUF
OECD.SDD.NAD:DSD_NAMAIN10@DF_TABLE5(1.0),A,HUN,S14,S1,P31DC,_Z,_Z,CP031,XDC,V,N,T0117,2022,757590,,F,1,A,6,HUF
OECD.SDD.NAD:DSD_NAMAIN10@DF_TABLE5(1.0),A,HUN,S14,S1,P31DC,_Z,_Z,CP12,XDC,V,N,T0117,2022,3133949,,F,1,A,6,HUF
OECD.SDD.NAD:DSD_NAMAIN10@DF_TABLE5(1.0),A,HUN,S14,S1,P31DC,_Z,_Z,CP02,XDC,V,N,T0117,2022,2280068,,F,1,A,6,HUF
OECD.SDD.NAD:DSD_NAMAIN10@DF_TABLE5(1.0),A,HUN,S14,S1,P31DC,_Z,_Z,CP07,XDC,V,N,T0117,2022,3864933,,F,1,A,6,HUF
OECD.SDD.NAD:DSD_NAMAIN10@DF_TABLE5(1.0),A,HUN,S14,S1,P31DC,_Z,_Z,CP061,XDC,V,N,T0117,2022,602646,,F,1,A,6,HUF
OECD.SDD.NAD:DSD_NAMAIN10@DF_TABLE5(1.0),A,HUN,S14,S1,P31DC,_Z,_Z,CP111,XDC,V,N,T0117,2022,2532765,,F,1,A,6,HUF
OECD.SDD.NAD:DSD_NAMAIN10@DF_TABLE5(1.0),A,HUN,S14,S1,P31DC,_Z,_Z,CP062,XDC,V,N,T0117,2022,535103,,F,1,A,6,HUF
OECD.SDD.NAD:DSD_NAMAIN10@DF_TABLE5(1.0),A,HUN,S14,S1,P31DC,_Z,_Z,CP105,XDC,V,N,T0117,2022,212883,,F,1,A,6,HUF
OECD.SDD.NAD:DSD_NAMAIN10@DF_TABLE5(1.0),A,HUN,S14,S1,P31DC,_Z,_Z,CP05,XDC,V,N,T0117,2022,1628934,,F,1,A,6,HUF
OECD.SDD.NAD:DSD_NAMAIN10@DF_TABLE5(1.0),A,HUN,S14,S1,P31DC,_Z,_Z,CP021,XDC,V,N,T0117,2022,823600,,F,1,A,6,HUF
OECD.SDD.NAD:DSD_NAMAIN10@DF_TABLE5(1.0),A,HUN,S14,S1,P31DC,_Z,_Z,CP041,XDC,V,N,T0117,2022,395596,,F,1,A,6,HUF
OECD.SDD.NAD:DSD_NAMAIN10@DF_TABLE5(1.0),A,HUN,S14,S1,P31DC,_Z,_Z,CP081,XDC,V,N,T0117,2022,12097,,F,1,A,6,HUF
OECD.SDD.NAD:DSD_NAMAIN10@DF_TABLE5(1.0),A,HUN,S14,S1,P31DC,_Z,_Z,CP052,XDC,V,N,T0117,2022,144875,,F,1,A,6,HUF
OECD.SDD.NAD:DSD_NAMAIN10@DF_TABLE5(1.0),A,HUN,S14,S1,P31DC,_Z,_Z,CP071,XDC,V,N,T0117,2022,870079,,F,1,A,6,HUF
OECD.SDD.NAD:DSD_NAMAIN10@DF_TABLE5(1.0),A,HUN,S14,S1,P31DC,_Z,_Z,CP10,XDC,V,N,T0117,2022,485402,,F,1,A,6,HUF
OECD.SDD.NAD:DSD_NAMAIN10@DF_TABLE5(1.0),A,HUN,S14,S1,P31DC,_Z,_Z,CP022,XDC,V,N,T0117,2022,1209046,,F,1,A,6,HUF
OECD.SDD.NAD:DSD_NAMAIN10@DF_TABLE5(1.0),A,HUN,S14,S1,P31DC,_Z,_Z,CP051,XDC,V,N,T0117,2022,490303,,F,1,A,6,HUF
OECD.SDD.NAD:DSD_NAMAIN10@DF_TABLE5(1.0),A,HUN,S14,S1,P31DC,_Z,_Z,CP11,XDC,V,N,T0117,2022,3040528,,F,1,A,6,HUF
OECD.SDD.NAD:DSD_NAMAIN10@DF_TABLE5(1.0),A,HUN,S14,S1,P31DC,_Z,_Z,CP125,XDC,V,N,T0117,2022,343483,,F,1,A,6,HUF
OECD.SDD.NAD:DSD_NAMAIN10@DF_TABLE5(1.0),A,HUN,S14,S1,P31DC,_Z,_Z,CP091,XDC,V,N,T0117,2022,265935,,F,1,A,6,HUF
OECD.SDD.NAD:DSD_NAMAIN10@DF_TABLE5(1.0),A,HUN,S14,S1,P31DC,_Z,_Z,CP103,XDC,V,N,T0117,2022,27373,,F,1,A,6,HUF
OECD.SDD.NAD:DSD_NAMAIN10@DF_TABLE5(1.0),A,HUN,S14,S1,P31DC,_Z,_Z,CP054,XDC,V,N,T0117,2022,162583,,F,1,A,6,HUF
OECD.SDD.NAD:DSD_NAMAIN10@DF_TABLE5(1.0),A,HUN,S14,S1,P31DC,_Z,_Z,CP072,XDC,V,N,T0117,2022,2633872,,F,1,A,6,HUF
OECD.SDD.NAD:DSD_NAMAIN10@DF_TABLE5(1.0),A,HUN,S14,S1,P31DC,_Z,_Z,CP09,XDC,V,N,T0117,2022,2446328,,F,1,A,6,HUF
OECD.SDD.NAD:DSD_NAMAIN10@DF_TABLE5(1.0),A,HUN,S14,S1,P31DC,_Z,_Z,CP011,XDC,V,N,T0117,2022,4672863,,F,1,A,6,HUF
OECD.SDD.NAD:DSD_NAMAIN10@DF_TABLE5(1.0),A,HUN,S14,S1,P31DC,_Z,_Z,CP112,XDC,V,N,T0117,2022,507763,,F,1,A,6,HUF
OECD.SDD.NAD:DSD_NAMAIN10@DF_TABLE5(1.0),A,HUN,S14,S1,P31DC,_Z,_Z,CP04,XDC,V,N,T0117,2022,7393311,,F,1,A,6,HUF
OECD.SDD.NAD:DSD_NAMAIN10@DF_TABLE5(1.0),A,HUN,S14,S1,P31DC,_Z,_Z,CP123,XDC,V,N,T0117,2022,145154,,F,1,A,6,HUF
OECD.SDD.NAD:DSD_NAMAIN10@DF_TABLE5(1.0),A,HUN,S14,S1,P31DC,_Z,_Z,CP032,XDC,V,N,T0117,2022,229181,,F,1,A,6,HUF
OECD.SDD.NAD:DSD_NAMAIN10@DF_TABLE5(1.0),A,HUN,S14,S1,P31DC,_Z,_Z,CP056,XDC,V,N,T0117,2022,316463,,F,1,A,6,HUF
OECD.SDD.NAD:DSD_NAMAIN10@DF_TABLE5(1.0),A,HUN,S14,S1,P31DC,_Z,_Z,CP127,XDC,V,N,T0117,2022,127776,,F,1,A,6,HUF
OECD.SDD.NAD:DSD_NAMAIN10@DF_TABLE5(1.0),A,HUN,S14,S1,P31DC,_Z,_Z,CP101,XDC,V,N,T0117,2022,26745,,F,1,A,6,HUF
OECD.SDD.NAD:DSD_NAMAIN10@DF_TABLE5(1.0),A,HUN,S14,S1,P31DC,_Z,_Z,CP055,XDC,V,N,T0117,2022,106625,,F,1,A,6,HUF
OECD.SDD.NAD:DSD_NAMAIN10@DF_TABLE5(1.0),A,HUN,S14,S1,P31DC,_Z,_Z,CP044,XDC,V,N,T0117,2022,292905,,F,1,A,6,HUF
OECD.SDD.NAD:DSD_NAMAIN10@DF_TABLE5(1.0),A,HUN,S14,S1,P31DC,_Z,_Z,CP08,XDC,V,N,T0117,2022,740596,,F,1,A,6,HUF
OECD.SDD.NAD:DSD_NAMAIN10@DF_TABLE5(1.0),A,HUN,S14,S1,P31DC,_Z,_Z,CP073,XDC,V,N,T0117,2022,360982,,F,1,A,6,HUF
OECD.SDD.NAD:DSD_NAMAIN10@DF_TABLE5(1.0),A,HUN,S14,S1,P31DC,_Z,_Z,CP121,XDC,V,N,T0117,2022,500509,,F,1,A,6,HUF
OECD.SDD.NAD:DSD_NAMAIN10@DF_TABLE5(1.0),A,HUN,S14,S1,P31DC,_Z,_Z,CP01,XDC,V,N,T0117,2022,5459961,,F,1,A,6,HUF
OECD.SDD.NAD:DSD_NAMAIN10@DF_TABLE5(1.0),A,HUN,S14,S1,P31DC,_Z,_Z,CP043,XDC,V,N,T0117,2022,99694,,F,1,A,6,HUF
OECD.SDD.NAD:DSD_NAMAIN10@DF_TABLE5(1.0),A,SWE,S14,S1,P31DC,_Z,_Z,CP053,XDC,V,N,T0117,2021,16183,,F,1,A,6,SEK
OECD.SDD.NAD:DSD_NAMAIN10@DF_TABLE5(1.0),A,SWE,S14,S1,P31DC,_Z,_Z,CP11,XDC,V,N,T0117,2021,134130,,F,1,A,6,SEK
OECD.SDD.NAD:DSD_NAMAIN10@DF_TABLE5(1.0),A,SWE,S14,S1,P31DC,_Z,_Z,CP04,XDC,V,N,T0117,2021,597644,,F,1,A,6,SEK
OECD.SDD.NAD:DSD_NAMAIN10@DF_TABLE5(1.0),A,SWE,S14,S1,P31DC,_Z,_Z,CP10,XDC,V,N,T0117,2021,7105,,F,1,A,6,SEK
OECD.SDD.NAD:DSD_NAMAIN10@DF_TABLE5(1.0),A,SWE,S14,S1,P31DC,_Z,_Z,CP021,XDC,V,N,T0117,2021,50335,,F,1,A,6,SEK
OECD.SDD.NAD:DSD_NAMAIN10@DF_TABLE5(1.0),A,SWE,S14,S1,P31DC,_Z,_Z,CP111,XDC,V,N,T0117,2021,115853,,F,1,A,6,SEK
OECD.SDD.NAD:DSD_NAMAIN10@DF_TABLE5(1.0),A,SWE,S14,S1,P31DC,_Z,_Z,CP09,XDC,V,N,T0117,2021,265456,,F,1,A,6,SEK
OECD.SDD.NAD:DSD_NAMAIN10@DF_TABLE5(1.0),A,SWE,S14,S1,P31DC,_Z,_Z,CP122,XDC,V,N,T0117,2021,768,,F,1,A,6,SEK
OECD.SDD.NAD:DSD_NAMAIN10@DF_TABLE5(1.0),A,SWE,S14,S1,P31DC,_Z,_Z,CP07,XDC,V,N,T0117,2021,277985,,F,1,A,6,SEK
OECD.SDD.NAD:DSD_NAMAIN10@DF_TABLE5(1.0),A,SWE,S14,S1,P31DC,_Z,_Z,CP051,XDC,V,N,T0117,2021,56103,,F,1,A,6,SEK
OECD.SDD.NAD:DSD_NAMAIN10@DF_TABLE5(1.0),A,SWE,S14,S1,P31DC,_Z,_Z,CP094,XDC,V,N,T0117,2021,110391,,F,1,A,6,SEK
OECD.SDD.NAD:DSD_NAMAIN10@DF_TABLE5(1.0),A,SWE,S14,S1,P31DC,_Z,_Z,CP123,XDC,V,N,T0117,2021,17189,,F,1,A,6,SEK
OECD.SDD.NAD:DSD_NAMAIN10@DF_TABLE5(1.0),A,SWE,S14,S1,P31DC,_Z,_Z,CP012,XDC,V,N,T0117,2021,33370,,F,1,A,6,SEK
OECD.SDD.NAD:DSD_NAMAIN10@DF_TABLE5(1.0),A,SWE,S14,S1,P31DC,_Z,_Z,CP093,XDC,V,N,T0117,2021,68620,,F,1,A,6,SEK
OECD.SDD.NAD:DSD_NAMAIN10@DF_TABLE5(1.0),A,SWE,S14,S1,P31DC,_Z,_Z,CP06,XDC,V,N,T0117,2021,70860,,F,1,A,6,SEK
OECD.SDD.NAD:DSD_NAMAIN10@DF_TABLE5(1.0),A,SWE,S14,S1,P31DC,_Z,_Z,CP045,XDC,V,N,T0117,2021,137565,,F,1,A,6,SEK
OECD.SDD.NAD:DSD_NAMAIN10@DF_TABLE5(1.0),A,SWE,S14,S1,P31DC,_Z,_Z,CP011,XDC,V,N,T0117,2021,264795,,F,1,A,6,SEK
OECD.SDD.NAD:DSD_NAMAIN10@DF_TABLE5(1.0),A,SWE,S14,S1,P31DC,_Z,_Z,CP032,XDC,V,N,T0117,2021,14590,,F,1,A,6,SEK
OECD.SDD.NAD:DSD_NAMAIN10@DF_TABLE5(1.0),A,SWE,S14,S1,P31DC,_Z,_Z,CP091,XDC,V,N,T0117,2021,41248,,F,1,A,6,SEK
OECD.SDD.NAD:DSD_NAMAIN10@DF_TABLE5(1.0),A,SWE,S14,S1,P31DC,_Z,_Z,CP055,XDC,V,N,T0117,2021,18652,,F,1,A,6,SEK
OECD.SDD.NAD:DSD_NAMAIN10@DF_TABLE5(1.0),A,SWE,S14,S1,P31DC,_Z,_Z,CP083,XDC,V,N,T0117,2021,50653,,F,1,A,6,SEK
OECD.SDD.NAD:DSD_NAMAIN10@DF_TABLE5(1.0),A,SWE,S14,S1,P31DC,_Z,_Z,CP112,XDC,V,N,T0117,2021,18277,,F,1,A,6,SEK
OECD.SDD.NAD:DSD_NAMAIN10@DF_TABLE5(1.0),A,SWE,S14,S1,P31DC,_Z,_Z,CP126,XDC,V,N,T0117,2021,84796,,F,1,A,6,SEK
OECD.SDD.NAD:DSD_NAMAIN10@DF_TABLE5(1.0),A,SWE,S14,S1,P31DC,_Z,_Z,CP082,XDC,V,N,T0117,2021,22117,,F,1,A,6,SEK
OECD.SDD.NAD:DSD_NAMAIN10@DF_TABLE5(1.0),A,SWE,S14,S1,P31DC,_Z,_Z,CP096,XDC,V,N,T0117,2021,3176,,F,1,A,6,SEK
OECD.SDD.NAD:DSD_NAMAIN10@DF_TABLE5(1.0),A,SWE,S14,S1,P31DC,_Z,_Z,CP08,XDC,V,N,T0117,2021,74855,,F,1,A,6,SEK
OECD.SDD.NAD:DSD_NAMAIN10@DF_TABLE5(1.0),A,SWE,S14,S1,P31DC,_Z,_Z,CP122_127,XDC,V,N,T0117,2021,19502,,F,1,A,6,SEK
OECD.SDD.NAD:DSD_NAMAIN10@DF_TABLE5(1.0),A,SWE,S14,S1,P31DC,_Z,_Z,CP056,XDC,V,N,T0117,2021,30416,,F,1,A,6,SEK
OECD.SDD.NAD:DSD_NAMAIN10@DF_TABLE5(1.0),A,SWE,S14,S1,P31DC,_Z,_Z,CP072,XDC,V,N,T0117,2021,145765,,F,1,A,6,SEK
OECD.SDD.NAD:DSD_NAMAIN10@DF_TABLE5(1.0),A,SWE,S14,S1,P31DC,_Z,_Z,CP031,XDC,V,N,T0117,2021,79644,,F,1,A,6,SEK
OECD.SDD.NAD:DSD_NAMAIN10@DF_TABLE5(1.0),A,SWE,S14,S1,P31DC,_Z,_Z,_T,XDC,V,N,T0117,2021,2319456,,F,1,A,6,SEK
OECD.SDD.NAD:DSD_NAMAIN10@DF_TABLE5(1.0),A,SWE,S14,S1,P31DC,_Z,_Z,CP03,XDC,V,N,T0117,2021,94234,,F,1,A,6,SEK
OECD.SDD.NAD:DSD_NAMAIN10@DF_TABLE5(1.0),A,SWE,S14,S1,P31DC,_Z,_Z,CP101,XDC,V,N,T0117,2021,7105,,F,1,A,6,SEK
OECD.SDD.NAD:DSD_NAMAIN10@DF_TABLE5(1.0),A,SWE,S14,S1,P31DC,_Z,_Z,CP041,XDC,V,N,T0117,2021,212100,,F,1,A,6,SEK
OECD.SDD.NAD:DSD_NAMAIN10@DF_TABLE5(1.0),A,SWE,S14,S1,P31DC,_Z,_Z,CP095,XDC,V,N,T0117,2021,23099,,F,1,A,6,SEK
OECD.SDD.NAD:DSD_NAMAIN10@DF_TABLE5(1.0),A,SWE,S14,S1,P31DC,_Z,_Z,CP063,XDC,V,N,T0117,2021,1991,,F,1,A,6,SEK
OECD.SDD.NAD:DSD_NAMAIN10@DF_TABLE5(1.0),A,SWE,S14,S1,P31DC,_Z,_Z,CP02,XDC,V,N,T0117,2021,79261,,F,1,A,6,SEK
OECD.SDD.NAD:DSD_NAMAIN10@DF_TABLE5(1.0),A,SWE,S14,S1,P31DC,_Z,_Z,CP052,XDC,V,N,T0117,2021,16686,,F,1,A,6,SEK
OECD.SDD.NAD:DSD_NAMAIN10@DF_TABLE5(1.0),A,SWE,S14,S1,P31DC,_Z,_Z,CP121,XDC,V,N,T0117,2021,57074,,F,1,A,6,SEK
OECD.SDD.NAD:DSD_NAMAIN10@DF_TABLE5(1.0),A,SWE,S14,S1,P31DC,_Z,_Z,CP092,XDC,V,N,T0117,2021,18922,,F,1,A,6,SEK
OECD.SDD.NAD:DSD_NAMAIN10@DF_TABLE5(1.0),A,SWE,S14,S1,P31DC,_Z,_Z,CP054,XDC,V,N,T0117,2021,22548,,F,1,A,6,SEK
OECD.SDD.NAD:DSD_NAMAIN10@DF_TABLE5(1.0),A,SWE,S14,S1,P31DC,_Z,_Z,CP071,XDC,V,N,T0117,2021,93419,,F,1,A,6,SEK
OECD.SDD.NAD:DSD_NAMAIN10@DF_TABLE5(1.0),A,SWE,S14,S1,P31DC,_Z,_Z,CP01,XDC,V,N,T0117,2021,298165,,F,1,A,6,SEK
OECD.SDD.NAD:DSD_NAMAIN10@DF_TABLE5(1.0),A,SWE,S14,S1,P31DC,_Z,_Z,CP05,XDC,V,N,T0117,2021,160588,,F,1,A,6,SEK
OECD.SDD.NAD:DSD_NAMAIN10@DF_TABLE5(1.0),A,SWE,S14,S1,P31DC,_Z,_Z,CP061,XDC,V,N,T0117,2021,35262,,F,1,A,6,SEK
OECD.SDD.NAD:DSD_NAMAIN10@DF_TABLE5(1.0),A,SWE,S14,S1,P31DC,_Z,_Z,CP043,XDC,V,N,T0117,2021,13172,,F,1,A,6,SEK
OECD.SDD.NAD:DSD_NAMAIN10@DF_TABLE5(1.0),A,SWE,S14,S1,P31DC,_Z,_Z,CP125,XDC,V,N,T0117,2021,30363,,F,1,A,6,SEK
OECD.SDD.NAD:DSD_NAMAIN10@DF_TABLE5(1.0),A,SWE,S14,S1,P31DC,_Z,_Z,CP124,XDC,V,N,T0117,2021,50249,,F,1,A,6,SEK
OECD.SDD.NAD:DSD_NAMAIN10@DF_TABLE5(1.0),A,SWE,S14,S1,P31DC,_Z,_Z,CP127,XDC,V,N,T0117,2021,18734,,F,1,A,6,SEK
OECD.SDD.NAD:DSD_NAMAIN10@DF_TABLE5(1.0),A,SWE,S14,S1,P31DC,_Z,_Z,CP073,XDC,V,N,T0117,2021,38801,,F,1,A,6,SEK
OECD.SDD.NAD:DSD_NAMAIN10@DF_TABLE5(1.0),A,SWE,S14,S1,P31DC,_Z,_Z,CP042,XDC,V,N,T0117,2021,234807,,F,1,A,6,SEK
OECD.SDD.NAD:DSD_NAMAIN10@DF_TABLE5(1.0),A,SWE,S14,S1,P31DC,_Z,_Z,CP12,XDC,V,N,T0117,2021,259173,,F,1,A,6,SEK
OECD.SDD.NAD:DSD_NAMAIN10@DF_TABLE5(1.0),A,SWE,S14,S1,P31DC,_Z,_Z,CP062,XDC,V,N,T0117,2021,33607,,F,1,A,6,SEK
OECD.SDD.NAD:DSD_NAMAIN10@DF_TABLE5(1.0),A,SWE,S14,S1,P31DC,_Z,_Z,CP081,XDC,V,N,T0117,2021,2085,,F,1,A,6,SEK
OECD.SDD.NAD:DSD_NAMAIN10@DF_TABLE5(1.0),A,SWE,S14,S1,P31DC,_Z,_Z,CP023,XDC,V,N,T0117,2021,1874,,F,1,A,6,SEK
OECD.SDD.NAD:DSD_NAMAIN10@DF_TABLE5(1.0),A,SWE,S14,S1,P31DC,_Z,_Z,CP022,XDC,V,N,T0117,2021,27052,,F,1,A,6,SEK
OECD.SDD.NAD:DSD_NAMAIN10@DF_TABLE5(1.0),A,SWE,S14,S1,P31DC,_Z,_Z,CP092,XDC,V,N,T0117,2022,17115,,F,1,A,6,SEK
OECD.SDD.NAD:DSD_NAMAIN10@DF_TABLE5(1.0),A,SWE,S14,S1,P31DC,_Z,_Z,CP054,XDC,V,N,T0117,2022,22847,,F,1,A,6,SEK
OECD.SDD.NAD:DSD_NAMAIN10@DF_TABLE5(1.0),A,SWE,S14,S1,P31DC,_Z,_Z,CP071,XDC,V,N,T0117,2022,106381,,F,1,A,6,SEK
OECD.SDD.NAD:DSD_NAMAIN10@DF_TABLE5(1.0),A,SWE,S14,S1,P31DC,_Z,_Z,CP01,XDC,V,N,T0117,2022,323144,,F,1,A,6,SEK
OECD.SDD.NAD:DSD_NAMAIN10@DF_TABLE5(1.0),A,SWE,S14,S1,P31DC,_Z,_Z,CP061,XDC,V,N,T0117,2022,37072,,F,1,A,6,SEK
OECD.SDD.NAD:DSD_NAMAIN10@DF_TABLE5(1.0),A,SWE,S14,S1,P31DC,_Z,_Z,CP05,XDC,V,N,T0117,2022,164161,,F,1,A,6,SEK
OECD.SDD.NAD:DSD_NAMAIN10@DF_TABLE5(1.0),A,SWE,S14,S1,P31DC,_Z,_Z,CP073,XDC,V,N,T0117,2022,54389,,F,1,A,6,SEK
OECD.SDD.NAD:DSD_NAMAIN10@DF_TABLE5(1.0),A,SWE,S14,S1,P31DC,_Z,_Z,CP042,XDC,V,N,T0117,2022,241983,,F,1,A,6,SEK
OECD.SDD.NAD:DSD_NAMAIN10@DF_TABLE5(1.0),A,SWE,S14,S1,P31DC,_Z,_Z,CP12,XDC,V,N,T0117,2022,273906,,F,1,A,6,SEK
OECD.SDD.NAD:DSD_NAMAIN10@DF_TABLE5(1.0),A,SWE,S14,S1,P31DC,_Z,_Z,CP062,XDC,V,N,T0117,2022,34173,,F,1,A,6,SEK
OECD.SDD.NAD:DSD_NAMAIN10@DF_TABLE5(1.0),A,SWE,S14,S1,P31DC,_Z,_Z,CP081,XDC,V,N,T0117,2022,1963,,F,1,A,6,SEK
OECD.SDD.NAD:DSD_NAMAIN10@DF_TABLE5(1.0),A,SWE,S14,S1,P31DC,_Z,_Z,CP023,XDC,V,N,T0117,2022,1874,,F,1,A,6,SEK
OECD.SDD.NAD:DSD_NAMAIN10@DF_TABLE5(1.0),A,SWE,S14,S1,P31DC,_Z,_Z,CP022,XDC,V,N,T0117,2022,28361,,F,1,A,6,SEK
OECD.SDD.NAD:DSD_NAMAIN10@DF_TABLE5(1.0),A,SWE,S14,S1,P31DC,_Z,_Z,CP043,XDC,V,N,T0117,2022,13063,,F,1,A,6,SEK
OECD.SDD.NAD:DSD_NAMAIN10@DF_TABLE5(1.0),A,SWE,S14,S1,P31DC,_Z,_Z,CP125,XDC,V,N,T0117,2022,35351,,F,1,A,6,SEK
OECD.SDD.NAD:DSD_NAMAIN10@DF_TABLE5(1.0),A,SWE,S14,S1,P31DC,_Z,_Z,CP127,XDC,V,N,T0117,2022,19336,,F,1,A,6,SEK
OECD.SDD.NAD:DSD_NAMAIN10@DF_TABLE5(1.0),A,SWE,S14,S1,P31DC,_Z,_Z,CP124,XDC,V,N,T0117,2022,50996,,F,1,A,6,SEK
OECD.SDD.NAD:DSD_NAMAIN10@DF_TABLE5(1.0),A,SWE,S14,S1,P31DC,_Z,_Z,CP052,XDC,V,N,T0117,2022,16713,,F,1,A,6,SEK
OECD.SDD.NAD:DSD_NAMAIN10@DF_TABLE5(1.0),A,SWE,S14,S1,P31DC,_Z,_Z,CP121,XDC,V,N,T0117,2022,60905,,F,1,A,6,SEK
OECD.SDD.NAD:DSD_NAMAIN10@DF_TABLE5(1.0),A,SWE,S14,S1,P31DC,_Z,_Z,CP063,XDC,V,N,T0117,2022,2180,,F,1,A,6,SEK
OECD.SDD.NAD:DSD_NAMAIN10@DF_TABLE5(1.0),A,SWE,S14,S1,P31DC,_Z,_Z,CP02,XDC,V,N,T0117,2022,79588,,F,1,A,6,SEK
OECD.SDD.NAD:DSD_NAMAIN10@DF_TABLE5(1.0),A,SWE,S14,S1,P31DC,_Z,_Z,CP101,XDC,V,N,T0117,2022,7318,,F,1,A,6,SEK
OECD.SDD.NAD:DSD_NAMAIN10@DF_TABLE5(1.0),A,SWE,S14,S1,P31DC,_Z,_Z,CP041,XDC,V,N,T0117,2022,217218,,F,1,A,6,SEK
OECD.SDD.NAD:DSD_NAMAIN10@DF_TABLE5(1.0),A,SWE,S14,S1,P31DC,_Z,_Z,CP095,XDC,V,N,T0117,2022,24013,,F,1,A,6,SEK
OECD.SDD.NAD:DSD_NAMAIN10@DF_TABLE5(1.0),A,SWE,S14,S1,P31DC,_Z,_Z,CP051,XDC,V,N,T0117,2022,55747,,F,1,A,6,SEK
OECD.SDD.NAD:DSD_NAMAIN10@DF_TABLE5(1.0),A,SWE,S14,S1,P31DC,_Z,_Z,CP123,XDC,V,N,T0117,2022,18690,,F,1,A,6,SEK
OECD.SDD.NAD:DSD_NAMAIN10@DF_TABLE5(1.0),A,SWE,S14,S1,P31DC,_Z,_Z,CP094,XDC,V,N,T0117,2022,128445,,F,1,A,6,SEK
OECD.SDD.NAD:DSD_NAMAIN10@DF_TABLE5(1.0),A,SWE,S14,S1,P31DC,_Z,_Z,CP053,XDC,V,N,T0117,2022,16587,,F,1,A,6,SEK
OECD.SDD.NAD:DSD_NAMAIN10@DF_TABLE5(1.0),A,SWE,S14,S1,P31DC,_Z,_Z,CP11,XDC,V,N,T0117,2022,176910,,F,1,A,6,SEK
OECD.SDD.NAD:DSD_NAMAIN10@DF_TABLE5(1.0),A,SWE,S14,S1,P31DC,_Z,_Z,CP04,XDC,V,N,T0117,2022,639411,,F,1,A,6,SEK
OECD.SDD.NAD:DSD_NAMAIN10@DF_TABLE5(1.0),A,SWE,S14,S1,P31DC,_Z,_Z,CP10,XDC,V,N,T0117,2022,7318,,F,1,A,6,SEK
OECD.SDD.NAD:DSD_NAMAIN10@DF_TABLE5(1.0),A,SWE,S14,S1,P31DC,_Z,_Z,CP021,XDC,V,N,T0117,2022,49353,,F,1,A,6,SEK
OECD.SDD.NAD:DSD_NAMAIN10@DF_TABLE5(1.0),A,SWE,S14,S1,P31DC,_Z,_Z,CP111,XDC,V,N,T0117,2022,146823,,F,1,A,6,SEK
OECD.SDD.NAD:DSD_NAMAIN10@DF_TABLE5(1.0),A,SWE,S14,S1,P31DC,_Z,_Z,CP09,XDC,V,N,T0117,2022,291973,,F,1,A,6,SEK
OECD.SDD.NAD:DSD_NAMAIN10@DF_TABLE5(1.0),A,SWE,S14,S1,P31DC,_Z,_Z,CP122,XDC,V,N,T0117,2022,833,,F,1,A,6,SEK
OECD.SDD.NAD:DSD_NAMAIN10@DF_TABLE5(1.0),A,SWE,S14,S1,P31DC,_Z,_Z,CP07,XDC,V,N,T0117,2022,322372,,F,1,A,6,SEK
OECD.SDD.NAD:DSD_NAMAIN10@DF_TABLE5(1.0),A,SWE,S14,S1,P31DC,_Z,_Z,CP012,XDC,V,N,T0117,2022,35264,,F,1,A,6,SEK
OECD.SDD.NAD:DSD_NAMAIN10@DF_TABLE5(1.0),A,SWE,S14,S1,P31DC,_Z,_Z,CP093,XDC,V,N,T0117,2022,69691,,F,1,A,6,SEK
OECD.SDD.NAD:DSD_NAMAIN10@DF_TABLE5(1.0),A,SWE,S14,S1,P31DC,_Z,_Z,CP06,XDC,V,N,T0117,2022,73425,,F,1,A,6,SEK
OECD.SDD.NAD:DSD_NAMAIN10@DF_TABLE5(1.0),A,SWE,S14,S1,P31DC,_Z,_Z,CP045,XDC,V,N,T0117,2022,167147,,F,1,A,6,SEK
OECD.SDD.NAD:DSD_NAMAIN10@DF_TABLE5(1.0),A,SWE,S14,S1,P31DC,_Z,_Z,CP055,XDC,V,N,T0117,2022,18935,,F,1,A,6,SEK
OECD.SDD.NAD:DSD_NAMAIN10@DF_TABLE5(1.0),A,SWE,S14,S1,P31DC,_Z,_Z,CP011,XDC,V,N,T0117,2022,287880,,F,1,A,6,SEK
OECD.SDD.NAD:DSD_NAMAIN10@DF_TABLE5(1.0),A,SWE,S14,S1,P31DC,_Z,_Z,CP032,XDC,V,N,T0117,2022,14811,,F,1,A,6,SEK
OECD.SDD.NAD:DSD_NAMAIN10@DF_TABLE5(1.0),A,SWE,S14,S1,P31DC,_Z,_Z,CP091,XDC,V,N,T0117,2022,41164,,F,1,A,6,SEK
OECD.SDD.NAD:DSD_NAMAIN10@DF_TABLE5(1.0),A,SWE,S14,S1,P31DC,_Z,_Z,CP083,XDC,V,N,T0117,2022,51241,,F,1,A,6,SEK
OECD.SDD.NAD:DSD_NAMAIN10@DF_TABLE5(1.0),A,SWE,S14,S1,P31DC,_Z,_Z,CP126,XDC,V,N,T0117,2022,87795,,F,1,A,6,SEK
OECD.SDD.NAD:DSD_NAMAIN10@DF_TABLE5(1.0),A,SWE,S14,S1,P31DC,_Z,_Z,CP112,XDC,V,N,T0117,2022,30087,,F,1,A,6,SEK
OECD.SDD.NAD:DSD_NAMAIN10@DF_TABLE5(1.0),A,SWE,S14,S1,P31DC,_Z,_Z,CP096,XDC,V,N,T0117,2022,11545,,F,1,A,6,SEK
OECD.SDD.NAD:DSD_NAMAIN10@DF_TABLE5(1.0),A,SWE,S14,S1,P31DC,_Z,_Z,CP082,XDC,V,N,T0117,2022,23688,,F,1,A,6,SEK
OECD.SDD.NAD:DSD_NAMAIN10@DF_TABLE5(1.0),A,SWE,S14,S1,P31DC,_Z,_Z,CP08,XDC,V,N,T0117,2022,76892,,F,1,A,6,SEK
OECD.SDD.NAD:DSD_NAMAIN10@DF_TABLE5(1.0),A,SWE,S14,S1,P31DC,_Z,_Z,CP122_127,XDC,V,N,T0117,2022,20169,,F,1,A,6,SEK
OECD.SDD.NAD:DSD_NAMAIN10@DF_TABLE5(1.0),A,SWE,S14,S1,P31DC,_Z,_Z,CP056,XDC,V,N,T0117,2022,33332,,F,1,A,6,SEK
OECD.SDD.NAD:DSD_NAMAIN10@DF_TABLE5(1.0),A,SWE,S14,S1,P31DC,_Z,_Z,CP072,XDC,V,N,T0117,2022,161602,,F,1,A,6,SEK
OECD.SDD.NAD:DSD_NAMAIN10@DF_TABLE5(1.0),A,SWE,S14,S1,P31DC,_Z,_Z,_T,XDC,V,N,T0117,2022,2528924,,F,1,A,6,SEK
OECD.SDD.NAD:DSD_NAMAIN10@DF_TABLE5(1.0),A,SWE,S14,S1,P31DC,_Z,_Z,CP03,XDC,V,N,T0117,2022,99824,,F,1,A,6,SEK
OECD.SDD.NAD:DSD_NAMAIN10@DF_TABLE5(1.0),A,SWE,S14,S1,P31DC,_Z,_Z,CP031,XDC,V,N,T0117,2022,85013,,F,1,A,6,SEK
OECD.SDD.NAD:DSD_NAMAIN10@DF_TABLE5(1.0),A,POL,S14,S1,P31DC,_Z,_Z,CP096,XDC,V,N,T0117,2021,13183.2,,F,1,A,6,PLN
OECD.SDD.NAD:DSD_NAMAIN10@DF_TABLE5(1.0),A,POL,S14,S1,P31DC,_Z,_Z,CP122_127,XDC,V,N,T0117,2021,42307.9,,F,1,A,6,PLN
OECD.SDD.NAD:DSD_NAMAIN10@DF_TABLE5(1.0),A,POL,S14,S1,P31DC,_Z,_Z,CP094,XDC,V,N,T0117,2021,34343.2,,F,1,A,6,PLN
OECD.SDD.NAD:DSD_NAMAIN10@DF_TABLE5(1.0),A,POL,S14,S1,P31DC,_Z,_Z,CP09,XDC,V,N,T0117,2021,88745.2,,F,1,A,6,PLN
OECD.SDD.NAD:DSD_NAMAIN10@DF_TABLE5(1.0),A,POL,S14,S1,P31DC,_Z,_Z,CP091,XDC,V,N,T0117,2021,17194.9,,F,1,A,6,PLN
OECD.SDD.NAD:DSD_NAMAIN10@DF_TABLE5(1.0),A,POL,S14,S1,P31DC,_Z,_Z,CP125,XDC,V,N,T0117,2021,16189.9,,F,1,A,6,PLN
OECD.SDD.NAD:DSD_NAMAIN10@DF_TABLE5(1.0),A,POL,S14,S1,P31DC,_Z,_Z,CP041,XDC,V,N,T0117,2021,24369.3,,F,1,A,6,PLN
OECD.SDD.NAD:DSD_NAMAIN10@DF_TABLE5(1.0),A,POL,S14,S1,P31DC,_Z,_Z,CP01,XDC,V,N,T0117,2021,276218.7,,F,1,A,6,PLN
OECD.SDD.NAD:DSD_NAMAIN10@DF_TABLE5(1.0),A,POL,S14,S1,P31DC,_Z,_Z,CP062,XDC,V,N,T0117,2021,32270.8,,F,1,A,6,PLN
OECD.SDD.NAD:DSD_NAMAIN10@DF_TABLE5(1.0),A,POL,S14,S1,P31DC,_Z,_Z,CP12,XDC,V,N,T0117,2021,173387.9,,F,1,A,6,PLN
OECD.SDD.NAD:DSD_NAMAIN10@DF_TABLE5(1.0),A,POL,S14,S1,P31DC,_Z,_Z,CP102,XDC,V,N,T0117,2021,2634.3,,F,1,A,6,PLN
OECD.SDD.NAD:DSD_NAMAIN10@DF_TABLE5(1.0),A,POL,S14,S1,P31DC,_Z,_Z,CP11,XDC,V,N,T0117,2021,52544.2,,F,1,A,6,PLN
OECD.SDD.NAD:DSD_NAMAIN10@DF_TABLE5(1.0),A,POL,S14,S1,P31DC,_Z,_Z,CP06,XDC,V,N,T0117,2021,101170.2,,F,1,A,6,PLN
OECD.SDD.NAD:DSD_NAMAIN10@DF_TABLE5(1.0),A,POL,S14,S1,P31DC,_Z,_Z,CP08,XDC,V,N,T0117,2021,34877.7,,F,1,A,6,PLN
OECD.SDD.NAD:DSD_NAMAIN10@DF_TABLE5(1.0),A,POL,S14,S1,P31DC,_Z,_Z,CP05,XDC,V,N,T0117,2021,74716.6,,F,1,A,6,PLN
OECD.SDD.NAD:DSD_NAMAIN10@DF_TABLE5(1.0),A,POL,S14,S1,P31DC,_Z,_Z,CP012,XDC,V,N,T0117,2021,35608.6,,F,1,A,6,PLN
OECD.SDD.NAD:DSD_NAMAIN10@DF_TABLE5(1.0),A,POL,S14,S1,P31DC,_Z,_Z,CP111,XDC,V,N,T0117,2021,40577,,F,1,A,6,PLN
OECD.SDD.NAD:DSD_NAMAIN10@DF_TABLE5(1.0),A,POL,S14,S1,P31DC,_Z,_Z,CP10,XDC,V,N,T0117,2021,11419.4,,F,1,A,6,PLN
OECD.SDD.NAD:DSD_NAMAIN10@DF_TABLE5(1.0),A,POL,S14,S1,P31DC,_Z,_Z,CP056,XDC,V,N,T0117,2021,18949.9,,F,1,A,6,PLN
OECD.SDD.NAD:DSD_NAMAIN10@DF_TABLE5(1.0),A,POL,S14,S1,P31DC,_Z,_Z,CP03,XDC,V,N,T0117,2021,69699.6,,F,1,A,6,PLN
OECD.SDD.NAD:DSD_NAMAIN10@DF_TABLE5(1.0),A,POL,S14,S1,P31DC,_Z,_Z,CP021,XDC,V,N,T0117,2021,53075.3,,F,1,A,6,PLN
OECD.SDD.NAD:DSD_NAMAIN10@DF_TABLE5(1.0),A,POL,S14,S1,P31DC,_Z,_Z,CP101,XDC,V,N,T0117,2021,1829.9,,F,1,A,6,PLN
OECD.SDD.NAD:DSD_NAMAIN10@DF_TABLE5(1.0),A,POL,S14,S1,P31DC,_Z,_Z,CP053,XDC,V,N,T0117,2021,12784.9,,F,1,A,6,PLN
OECD.SDD.NAD:DSD_NAMAIN10@DF_TABLE5(1.0),A,POL,S14,S1,P31DC,_Z,_Z,CP126,XDC,V,N,T0117,2021,56631.5,,F,1,A,6,PLN
OECD.SDD.NAD:DSD_NAMAIN10@DF_TABLE5(1.0),A,POL,S14,S1,P31DC,_Z,_Z,CP104,XDC,V,N,T0117,2021,4607.9,,F,1,A,6,PLN
OECD.SDD.NAD:DSD_NAMAIN10@DF_TABLE5(1.0),A,POL,S14,S1,P31DC,_Z,_Z,CP121,XDC,V,N,T0117,2021,43900.3,,F,1,A,6,PLN
OECD.SDD.NAD:DSD_NAMAIN10@DF_TABLE5(1.0),A,POL,S14,S1,P31DC,_Z,_Z,CP02,XDC,V,N,T0117,2021,95213.1,,F,1,A,6,PLN
OECD.SDD.NAD:DSD_NAMAIN10@DF_TABLE5(1.0),A,POL,S14,S1,P31DC,_Z,_Z,CP045,XDC,V,N,T0117,2021,107651,,F,1,A,6,PLN
OECD.SDD.NAD:DSD_NAMAIN10@DF_TABLE5(1.0),A,POL,S14,S1,P31DC,_Z,_Z,CP052,XDC,V,N,T0117,2021,7541,,F,1,A,6,PLN
OECD.SDD.NAD:DSD_NAMAIN10@DF_TABLE5(1.0),A,POL,S14,S1,P31DC,_Z,_Z,CP044,XDC,V,N,T0117,2021,40302,,F,1,A,6,PLN
OECD.SDD.NAD:DSD_NAMAIN10@DF_TABLE5(1.0),A,POL,S14,S1,P31DC,_Z,_Z,CP083,XDC,V,N,T0117,2021,33484.6,,F,1,A,6,PLN
OECD.SDD.NAD:DSD_NAMAIN10@DF_TABLE5(1.0),A,POL,S14,S1,P31DC,_Z,_Z,CP112,XDC,V,N,T0117,2021,11967.2,,F,1,A,6,PLN
OECD.SDD.NAD:DSD_NAMAIN10@DF_TABLE5(1.0),A,POL,S14,S1,P31DC,_Z,_Z,CP04,XDC,V,N,T0117,2021,308360.3,,F,1,A,6,PLN
OECD.SDD.NAD:DSD_NAMAIN10@DF_TABLE5(1.0),A,POL,S14,S1,P31DC,_Z,_Z,CP031,XDC,V,N,T0117,2021,56547.8,,F,1,A,6,PLN
OECD.SDD.NAD:DSD_NAMAIN10@DF_TABLE5(1.0),A,POL,S14,S1,P31DC,_Z,_Z,CP082,XDC,V,N,T0117,2021,1256.5,,F,1,A,6,PLN
OECD.SDD.NAD:DSD_NAMAIN10@DF_TABLE5(1.0),A,POL,S14,S1,P31DC,_Z,_Z,CP054,XDC,V,N,T0117,2021,8834.4,,F,1,A,6,PLN
OECD.SDD.NAD:DSD_NAMAIN10@DF_TABLE5(1.0),A,POL,S14,S1,P31DC,_Z,_Z,CP105,XDC,V,N,T0117,2021,1905.3,,F,1,A,6,PLN
OECD.SDD.NAD:DSD_NAMAIN10@DF_TABLE5(1.0),A,POL,S14,S1,P31DC,_Z,_Z,CP124,XDC,V,N,T0117,2021,2826,,F,1,A,6,PLN
OECD.SDD.NAD:DSD_NAMAIN10@DF_TABLE5(1.0),A,POL,S14,S1,P31DC,_Z,_Z,CP092,XDC,V,N,T0117,2021,1319.9,,F,1,A,6,PLN
OECD.SDD.NAD:DSD_NAMAIN10@DF_TABLE5(1.0),A,POL,S14,S1,P31DC,_Z,_Z,CP043,XDC,V,N,T0117,2021,58599,,F,1,A,6,PLN
OECD.SDD.NAD:DSD_NAMAIN10@DF_TABLE5(1.0),A,POL,S14,S1,P31DC,_Z,_Z,CP081,XDC,V,N,T0117,2021,136.6,,F,1,A,6,PLN
OECD.SDD.NAD:DSD_NAMAIN10@DF_TABLE5(1.0),A,POL,S14,S1,P31DC,_Z,_Z,CP095,XDC,V,N,T0117,2021,13175.9,,F,1,A,6,PLN
OECD.SDD.NAD:DSD_NAMAIN10@DF_TABLE5(1.0),A,POL,S14,S1,P31DC,_Z,_Z,CP061,XDC,V,N,T0117,2021,66308.3,,F,1,A,6,PLN
OECD.SDD.NAD:DSD_NAMAIN10@DF_TABLE5(1.0),A,POL,S14,S1,P31DC,_Z,_Z,CP042,XDC,V,N,T0117,2021,77439.1,,F,1,A,6,PLN
OECD.SDD.NAD:DSD_NAMAIN10@DF_TABLE5(1.0),A,POL,S14,S1,P31DC,_Z,_Z,CP063,XDC,V,N,T0117,2021,2591.1,,F,1,A,6,PLN
OECD.SDD.NAD:DSD_NAMAIN10@DF_TABLE5(1.0),A,POL,S14,S1,P31DC,_Z,_Z,CP011,XDC,V,N,T0117,2021,240610.1,,F,1,A,6,PLN
OECD.SDD.NAD:DSD_NAMAIN10@DF_TABLE5(1.0),A,POL,S14,S1,P31DC,_Z,_Z,CP051,XDC,V,N,T0117,2021,24794.6,,F,1,A,6,PLN
OECD.SDD.NAD:DSD_NAMAIN10@DF_TABLE5(1.0),A,POL,S14,S1,P31DC,_Z,_Z,CP055,XDC,V,N,T0117,2021,1811.7,,F,1,A,6,PLN
OECD.SDD.NAD:DSD_NAMAIN10@DF_TABLE5(1.0),A,POL,S14,S1,P31DC,_Z,_Z,CP073,XDC,V,N,T0117,2021,21075.8,,F,1,A,6,PLN
OECD.SDD.NAD:DSD_NAMAIN10@DF_TABLE5(1.0),A,POL,S14,S1,P31DC,_Z,_Z,CP07,XDC,V,N,T0117,2021,196455.5,,F,1,A,6,PLN
OECD.SDD.NAD:DSD_NAMAIN10@DF_TABLE5(1.0),A,POL,S14,S1,P31DC,_Z,_Z,CP032,XDC,V,N,T0117,2021,13151.9,,F,1,A,6,PLN
OECD.SDD.NAD:DSD_NAMAIN10@DF_TABLE5(1.0),A,POL,S14,S1,P31DC,_Z,_Z,CP093,XDC,V,N,T0117,2021,9528.1,,F,1,A,6,PLN
OECD.SDD.NAD:DSD_NAMAIN10@DF_TABLE5(1.0),A,POL,S14,S1,P31DC,_Z,_Z,CP072,XDC,V,N,T0117,2021,105990.1,,F,1,A,6,PLN
OECD.SDD.NAD:DSD_NAMAIN10@DF_TABLE5(1.0),A,POL,S14,S1,P31DC,_Z,_Z,CP103,XDC,V,N,T0117,2021,442.1,,F,1,A,6,PLN
OECD.SDD.NAD:DSD_NAMAIN10@DF_TABLE5(1.0),A,POL,S14,S1,P31DC,_Z,_Z,CP071,XDC,V,N,T0117,2021,69389.6,,F,1,A,6,PLN
OECD.SDD.NAD:DSD_NAMAIN10@DF_TABLE5(1.0),A,POL,S14,S1,P31DC,_Z,_Z,_T,XDC,V,N,T0117,2021,1482808.4,,F,1,A,6,PLN
OECD.SDD.NAD:DSD_NAMAIN10@DF_TABLE5(1.0),A,POL,S14,S1,P31DC,_Z,_Z,CP123,XDC,V,N,T0117,2021,11532.3,,F,1,A,6,PLN
OECD.SDD.NAD:DSD_NAMAIN10@DF_TABLE5(1.0),A,POL,S14,S1,P31DC,_Z,_Z,CP04,XDC,V,N,T0117,2022,363001,,F,1,A,6,PLN
OECD.SDD.NAD:DSD_NAMAIN10@DF_TABLE5(1.0),A,POL,S14,S1,P31DC,_Z,_Z,CP031,XDC,V,N,T0117,2022,70136.4,,F,1,A,6,PLN
OECD.SDD.NAD:DSD_NAMAIN10@DF_TABLE5(1.0),A,POL,S14,S1,P31DC,_Z,_Z,CP052,XDC,V,N,T0117,2022,9068.8,,F,1,A,6,PLN
OECD.SDD.NAD:DSD_NAMAIN10@DF_TABLE5(1.0),A,POL,S14,S1,P31DC,_Z,_Z,CP044,XDC,V,N,T0117,2022,49983.3,,F,1,A,6,PLN
OECD.SDD.NAD:DSD_NAMAIN10@DF_TABLE5(1.0),A,POL,S14,S1,P31DC,_Z,_Z,CP083,XDC,V,N,T0117,2022,32931.8,,F,1,A,6,PLN
OECD.SDD.NAD:DSD_NAMAIN10@DF_TABLE5(1.0),A,POL,S14,S1,P31DC,_Z,_Z,CP112,XDC,V,N,T0117,2022,15254.4,,F,1,A,6,PLN
OECD.SDD.NAD:DSD_NAMAIN10@DF_TABLE5(1.0),A,POL,S14,S1,P31DC,_Z,_Z,CP082,XDC,V,N,T0117,2022,745.4,,F,1,A,6,PLN
OECD.SDD.NAD:DSD_NAMAIN10@DF_TABLE5(1.0),A,POL,S14,S1,P31DC,_Z,_Z,CP054,XDC,V,N,T0117,2022,10183.8,,F,1,A,6,PLN
OECD.SDD.NAD:DSD_NAMAIN10@DF_TABLE5(1.0),A,POL,S14,S1,P31DC,_Z,_Z,CP105,XDC,V,N,T0117,2022,2227.6,,F,1,A,6,PLN
OECD.SDD.NAD:DSD_NAMAIN10@DF_TABLE5(1.0),A,POL,S14,S1,P31DC,_Z,_Z,CP124,XDC,V,N,T0117,2022,5823.4,,F,1,A,6,PLN
OECD.SDD.NAD:DSD_NAMAIN10@DF_TABLE5(1.0),A,POL,S14,S1,P31DC,_Z,_Z,CP092,XDC,V,N,T0117,2022,1536.4,,F,1,A,6,PLN
OECD.SDD.NAD:DSD_NAMAIN10@DF_TABLE5(1.0),A,POL,S14,S1,P31DC,_Z,_Z,CP043,XDC,V,N,T0117,2022,67593.7,,F,1,A,6,PLN
OECD.SDD.NAD:DSD_NAMAIN10@DF_TABLE5(1.0),A,POL,S14,S1,P31DC,_Z,_Z,CP081,XDC,V,N,T0117,2022,154.9,,F,1,A,6,PLN
OECD.SDD.NAD:DSD_NAMAIN10@DF_TABLE5(1.0),A,POL,S14,S1,P31DC,_Z,_Z,CP095,XDC,V,N,T0117,2022,16745.3,,F,1,A,6,PLN
OECD.SDD.NAD:DSD_NAMAIN10@DF_TABLE5(1.0),A,POL,S14,S1,P31DC,_Z,_Z,CP061,XDC,V,N,T0117,2022,77713,,F,1,A,6,PLN
OECD.SDD.NAD:DSD_NAMAIN10@DF_TABLE5(1.0),A,POL,S14,S1,P31DC,_Z,_Z,CP042,XDC,V,N,T0117,2022,81552.7,,F,1,A,6,PLN
OECD.SDD.NAD:DSD_NAMAIN10@DF_TABLE5(1.0),A,POL,S14,S1,P31DC,_Z,_Z,CP063,XDC,V,N,T0117,2022,2290.7,,F,1,A,6,PLN
OECD.SDD.NAD:DSD_NAMAIN10@DF_TABLE5(1.0),A,POL,S14,S1,P31DC,_Z,_Z,CP011,XDC,V,N,T0117,2022,288413.6,,F,1,A,6,PLN
OECD.SDD.NAD:DSD_NAMAIN10@DF_TABLE5(1.0),A,POL,S14,S1,P31DC,_Z,_Z,CP051,XDC,V,N,T0117,2022,29691.4,,F,1,A,6,PLN
OECD.SDD.NAD:DSD_NAMAIN10@DF_TABLE5(1.0),A,POL,S14,S1,P31DC,_Z,_Z,CP07,XDC,V,N,T0117,2022,235926.1,,F,1,A,6,PLN
OECD.SDD.NAD:DSD_NAMAIN10@DF_TABLE5(1.0),A,POL,S14,S1,P31DC,_Z,_Z,CP055,XDC,V,N,T0117,2022,1473,,F,1,A,6,PLN
OECD.SDD.NAD:DSD_NAMAIN10@DF_TABLE5(1.0),A,POL,S14,S1,P31DC,_Z,_Z,CP073,XDC,V,N,T0117,2022,24065.8,,F,1,A,6,PLN
OECD.SDD.NAD:DSD_NAMAIN10@DF_TABLE5(1.0),A,POL,S14,S1,P31DC,_Z,_Z,CP032,XDC,V,N,T0117,2022,17566.8,,F,1,A,6,PLN
OECD.SDD.NAD:DSD_NAMAIN10@DF_TABLE5(1.0),A,POL,S14,S1,P31DC,_Z,_Z,CP072,XDC,V,N,T0117,2022,132737.4,,F,1,A,6,PLN
OECD.SDD.NAD:DSD_NAMAIN10@DF_TABLE5(1.0),A,POL,S14,S1,P31DC,_Z,_Z,CP103,XDC,V,N,T0117,2022,395.2,,F,1,A,6,PLN
OECD.SDD.NAD:DSD_NAMAIN10@DF_TABLE5(1.0),A,POL,S14,S1,P31DC,_Z,_Z,CP071,XDC,V,N,T0117,2022,79122.9,,F,1,A,6,PLN
OECD.SDD.NAD:DSD_NAMAIN10@DF_TABLE5(1.0),A,POL,S14,S1,P31DC,_Z,_Z,_T,XDC,V,N,T0117,2022,1776720.8,,F,1,A,6,PLN
OECD.SDD.NAD:DSD_NAMAIN10@DF_TABLE5(1.0),A,POL,S14,S1,P31DC,_Z,_Z,CP123,XDC,V,N,T0117,2022,14436.6,,F,1,A,6,PLN
OECD.SDD.NAD:DSD_NAMAIN10@DF_TABLE5(1.0),A,POL,S14,S1,P31DC,_Z,_Z,CP093,XDC,V,N,T0117,2022,9021.7,,F,1,A,6,PLN
OECD.SDD.NAD:DSD_NAMAIN10@DF_TABLE5(1.0),A,POL,S14,S1,P31DC,_Z,_Z,CP045,XDC,V,N,T0117,2022,134842.4,,F,1,A,6,PLN
OECD.SDD.NAD:DSD_NAMAIN10@DF_TABLE5(1.0),A,POL,S14,S1,P31DC,_Z,_Z,CP053,XDC,V,N,T0117,2022,15914.5,,F,1,A,6,PLN
OECD.SDD.NAD:DSD_NAMAIN10@DF_TABLE5(1.0),A,POL,S14,S1,P31DC,_Z,_Z,CP104,XDC,V,N,T0117,2022,4875.4,,F,1,A,6,PLN
OECD.SDD.NAD:DSD_NAMAIN10@DF_TABLE5(1.0),A,POL,S14,S1,P31DC,_Z,_Z,CP126,XDC,V,N,T0117,2022,89479.3,,F,1,A,6,PLN
OECD.SDD.NAD:DSD_NAMAIN10@DF_TABLE5(1.0),A,POL,S14,S1,P31DC,_Z,_Z,CP121,XDC,V,N,T0117,2022,54004,,F,1,A,6,PLN
OECD.SDD.NAD:DSD_NAMAIN10@DF_TABLE5(1.0),A,POL,S14,S1,P31DC,_Z,_Z,CP02,XDC,V,N,T0117,2022,108440,,F,1,A,6,PLN
OECD.SDD.NAD:DSD_NAMAIN10@DF_TABLE5(1.0),A,POL,S14,S1,P31DC,_Z,_Z,CP056,XDC,V,N,T0117,2022,22564.9,,F,1,A,6,PLN
OECD.SDD.NAD:DSD_NAMAIN10@DF_TABLE5(1.0),A,POL,S14,S1,P31DC,_Z,_Z,CP03,XDC,V,N,T0117,2022,87703.2,,F,1,A,6,PLN
OECD.SDD.NAD:DSD_NAMAIN10@DF_TABLE5(1.0),A,POL,S14,S1,P31DC,_Z,_Z,CP021,XDC,V,N,T0117,2022,61919.4,,F,1,A,6,PLN
OECD.SDD.NAD:DSD_NAMAIN10@DF_TABLE5(1.0),A,POL,S14,S1,P31DC,_Z,_Z,CP101,XDC,V,N,T0117,2022,2540.5,,F,1,A,6,PLN
OECD.SDD.NAD:DSD_NAMAIN10@DF_TABLE5(1.0),A,POL,S14,S1,P31DC,_Z,_Z,CP091,XDC,V,N,T0117,2022,20136.2,,F,1,A,6,PLN
OECD.SDD.NAD:DSD_NAMAIN10@DF_TABLE5(1.0),A,POL,S14,S1,P31DC,_Z,_Z,CP125,XDC,V,N,T0117,2022,20196.3,,F,1,A,6,PLN
OECD.SDD.NAD:DSD_NAMAIN10@DF_TABLE5(1.0),A,POL,S14,S1,P31DC,_Z,_Z,CP041,XDC,V,N,T0117,2022,29028.8,,F,1,A,6,PLN
OECD.SDD.NAD:DSD_NAMAIN10@DF_TABLE5(1.0),A,POL,S14,S1,P31DC,_Z,_Z,CP01,XDC,V,N,T0117,2022,328159.4,,F,1,A,6,PLN
OECD.SDD.NAD:DSD_NAMAIN10@DF_TABLE5(1.0),A,POL,S14,S1,P31DC,_Z,_Z,CP096,XDC,V,N,T0117,2022,14505.9,,F,1,A,6,PLN
OECD.SDD.NAD:DSD_NAMAIN10@DF_TABLE5(1.0),A,POL,S14,S1,P31DC,_Z,_Z,CP122_127,XDC,V,N,T0117,2022,46208.1,,F,1,A,6,PLN
OECD.SDD.NAD:DSD_NAMAIN10@DF_TABLE5(1.0),A,POL,S14,S1,P31DC,_Z,_Z,CP094,XDC,V,N,T0117,2022,39657.3,,F,1,A,6,PLN
OECD.SDD.NAD:DSD_NAMAIN10@DF_TABLE5(1.0),A,POL,S14,S1,P31DC,_Z,_Z,CP09,XDC,V,N,T0117,2022,101602.8,,F,1,A,6,PLN
OECD.SDD.NAD:DSD_NAMAIN10@DF_TABLE5(1.0),A,POL,S14,S1,P31DC,_Z,_Z,CP062,XDC,V,N,T0117,2022,36160.5,,F,1,A,6,PLN
OECD.SDD.NAD:DSD_NAMAIN10@DF_TABLE5(1.0),A,POL,S14,S1,P31DC,_Z,_Z,CP12,XDC,V,N,T0117,2022,230147.6,,F,1,A,6,PLN
OECD.SDD.NAD:DSD_NAMAIN10@DF_TABLE5(1.0),A,POL,S14,S1,P31DC,_Z,_Z,CP102,XDC,V,N,T0117,2022,3000.9,,F,1,A,6,PLN
OECD.SDD.NAD:DSD_NAMAIN10@DF_TABLE5(1.0),A,POL,S14,S1,P31DC,_Z,_Z,CP11,XDC,V,N,T0117,2022,69808.4,,F,1,A,6,PLN
OECD.SDD.NAD:DSD_NAMAIN10@DF_TABLE5(1.0),A,POL,S14,S1,P31DC,_Z,_Z,CP08,XDC,V,N,T0117,2022,33832.1,,F,1,A,6,PLN
OECD.SDD.NAD:DSD_NAMAIN10@DF_TABLE5(1.0),A,POL,S14,S1,P31DC,_Z,_Z,CP06,XDC,V,N,T0117,2022,116164.1,,F,1,A,6,PLN
OECD.SDD.NAD:DSD_NAMAIN10@DF_TABLE5(1.0),A,POL,S14,S1,P31DC,_Z,_Z,CP05,XDC,V,N,T0117,2022,88896.3,,F,1,A,6,PLN
OECD.SDD.NAD:DSD_NAMAIN10@DF_TABLE5(1.0),A,POL,S14,S1,P31DC,_Z,_Z,CP012,XDC,V,N,T0117,2022,39745.9,,F,1,A,6,PLN
OECD.SDD.NAD:DSD_NAMAIN10@DF_TABLE5(1.0),A,POL,S14,S1,P31DC,_Z,_Z,CP111,XDC,V,N,T0117,2022,54554,,F,1,A,6,PLN
OECD.SDD.NAD:DSD_NAMAIN10@DF_TABLE5(1.0),A,POL,S14,S1,P31DC,_Z,_Z,CP10,XDC,V,N,T0117,2022,13039.8,,F,1,A,6,PLN
OECD.SDD.NAD:DSD_NAMAIN10@DF_TABLE5(1.0),A,POL,S14,S1,P31DC,_Z,_Z,CP093,XDC,V,N,T0117,2023,10356.1,,F,1,A,6,PLN
OECD.SDD.NAD:DSD_NAMAIN10@DF_TABLE5(1.0),A,POL,S14,S1,P31DC,_Z,_Z,CP072,XDC,V,N,T0117,2023,139502.8,,F,1,A,6,PLN
OECD.SDD.NAD:DSD_NAMAIN10@DF_TABLE5(1.0),A,POL,S14,S1,P31DC,_Z,_Z,CP103,XDC,V,N,T0117,2023,395.2,,F,1,A,6,PLN
OECD.SDD.NAD:DSD_NAMAIN10@DF_TABLE5(1.0),A,POL,S14,S1,P31DC,_Z,_Z,CP071,XDC,V,N,T0117,2023,83592.3,,F,1,A,6,PLN
OECD.SDD.NAD:DSD_NAMAIN10@DF_TABLE5(1.0),A,POL,S14,S1,P31DC,_Z,_Z,_T,XDC,V,N,T0117,2023,1932637.7,,F,1,A,6,PLN
OECD.SDD.NAD:DSD_NAMAIN10@DF_TABLE5(1.0),A,POL,S14,S1,P31DC,_Z,_Z,CP123,XDC,V,N,T0117,2023,13886.3,,F,1,A,6,PLN
OECD.SDD.NAD:DSD_NAMAIN10@DF_TABLE5(1.0),A,POL,S14,S1,P31DC,_Z,_Z,CP011,XDC,V,N,T0117,2023,318183.9,,F,1,A,6,PLN
OECD.SDD.NAD:DSD_NAMAIN10@DF_TABLE5(1.0),A,POL,S14,S1,P31DC,_Z,_Z,CP051,XDC,V,N,T0117,2023,30385.3,,F,1,A,6,PLN
OECD.SDD.NAD:DSD_NAMAIN10@DF_TABLE5(1.0),A,POL,S14,S1,P31DC,_Z,_Z,CP055,XDC,V,N,T0117,2023,1484.1,,F,1,A,6,PLN
OECD.SDD.NAD:DSD_NAMAIN10@DF_TABLE5(1.0),A,POL,S14,S1,P31DC,_Z,_Z,CP073,XDC,V,N,T0117,2023,27143.2,,F,1,A,6,PLN
OECD.SDD.NAD:DSD_NAMAIN10@DF_TABLE5(1.0),A,POL,S14,S1,P31DC,_Z,_Z,CP07,XDC,V,N,T0117,2023,250238.3,,F,1,A,6,PLN
OECD.SDD.NAD:DSD_NAMAIN10@DF_TABLE5(1.0),A,POL,S14,S1,P31DC,_Z,_Z,CP032,XDC,V,N,T0117,2023,18801.8,,F,1,A,6,PLN
OECD.SDD.NAD:DSD_NAMAIN10@DF_TABLE5(1.0),A,POL,S14,S1,P31DC,_Z,_Z,CP04,XDC,V,N,T0117,2023,402610.7,,F,1,A,6,PLN
OECD.SDD.NAD:DSD_NAMAIN10@DF_TABLE5(1.0),A,POL,S14,S1,P31DC,_Z,_Z,CP031,XDC,V,N,T0117,2023,68556.5,,F,1,A,6,PLN
OECD.SDD.NAD:DSD_NAMAIN10@DF_TABLE5(1.0),A,POL,S14,S1,P31DC,_Z,_Z,CP052,XDC,V,N,T0117,2023,9413.1,,F,1,A,6,PLN
OECD.SDD.NAD:DSD_NAMAIN10@DF_TABLE5(1.0),A,POL,S14,S1,P31DC,_Z,_Z,CP044,XDC,V,N,T0117,2023,56420.3,,F,1,A,6,PLN
OECD.SDD.NAD:DSD_NAMAIN10@DF_TABLE5(1.0),A,POL,S14,S1,P31DC,_Z,_Z,CP083,XDC,V,N,T0117,2023,35387,,F,1,A,6,PLN
OECD.SDD.NAD:DSD_NAMAIN10@DF_TABLE5(1.0),A,POL,S14,S1,P31DC,_Z,_Z,CP112,XDC,V,N,T0117,2023,17962.6,,F,1,A,6,PLN
OECD.SDD.NAD:DSD_NAMAIN10@DF_TABLE5(1.0),A,POL,S14,S1,P31DC,_Z,_Z,CP082,XDC,V,N,T0117,2023,647.5,,F,1,A,6,PLN
OECD.SDD.NAD:DSD_NAMAIN10@DF_TABLE5(1.0),A,POL,S14,S1,P31DC,_Z,_Z,CP054,XDC,V,N,T0117,2023,10737.9,,F,1,A,6,PLN
OECD.SDD.NAD:DSD_NAMAIN10@DF_TABLE5(1.0),A,POL,S14,S1,P31DC,_Z,_Z,CP105,XDC,V,N,T0117,2023,1851.2,,F,1,A,6,PLN
OECD.SDD.NAD:DSD_NAMAIN10@DF_TABLE5(1.0),A,POL,S14,S1,P31DC,_Z,_Z,CP124,XDC,V,N,T0117,2023,5860.5,,F,1,A,6,PLN
OECD.SDD.NAD:DSD_NAMAIN10@DF_TABLE5(1.0),A,POL,S14,S1,P31DC,_Z,_Z,CP092,XDC,V,N,T0117,2023,1913.4,,F,1,A,6,PLN
OECD.SDD.NAD:DSD_NAMAIN10@DF_TABLE5(1.0),A,POL,S14,S1,P31DC,_Z,_Z,CP043,XDC,V,N,T0117,2023,79292.2,,F,1,A,6,PLN
OECD.SDD.NAD:DSD_NAMAIN10@DF_TABLE5(1.0),A,POL,S14,S1,P31DC,_Z,_Z,CP081,XDC,V,N,T0117,2023,100.2,,F,1,A,6,PLN
OECD.SDD.NAD:DSD_NAMAIN10@DF_TABLE5(1.0),A,POL,S14,S1,P31DC,_Z,_Z,CP095,XDC,V,N,T0117,2023,16436.7,,F,1,A,6,PLN
OECD.SDD.NAD:DSD_NAMAIN10@DF_TABLE5(1.0),A,POL,S14,S1,P31DC,_Z,_Z,CP061,XDC,V,N,T0117,2023,80146,,F,1,A,6,PLN
OECD.SDD.NAD:DSD_NAMAIN10@DF_TABLE5(1.0),A,POL,S14,S1,P31DC,_Z,_Z,CP042,XDC,V,N,T0117,2023,88621.1,,F,1,A,6,PLN
OECD.SDD.NAD:DSD_NAMAIN10@DF_TABLE5(1.0),A,POL,S14,S1,P31DC,_Z,_Z,CP063,XDC,V,N,T0117,2023,2339.2,,F,1,A,6,PLN
OECD.SDD.NAD:DSD_NAMAIN10@DF_TABLE5(1.0),A,POL,S14,S1,P31DC,_Z,_Z,CP062,XDC,V,N,T0117,2023,37147.3,,F,1,A,6,PLN
OECD.SDD.NAD:DSD_NAMAIN10@DF_TABLE5(1.0),A,POL,S14,S1,P31DC,_Z,_Z,CP12,XDC,V,N,T0117,2023,252609.2,,F,1,A,6,PLN
OECD.SDD.NAD:DSD_NAMAIN10@DF_TABLE5(1.0),A,POL,S14,S1,P31DC,_Z,_Z,CP11,XDC,V,N,T0117,2023,81608.3,,F,1,A,6,PLN
OECD.SDD.NAD:DSD_NAMAIN10@DF_TABLE5(1.0),A,POL,S14,S1,P31DC,_Z,_Z,CP102,XDC,V,N,T0117,2023,3230,,F,1,A,6,PLN
OECD.SDD.NAD:DSD_NAMAIN10@DF_TABLE5(1.0),A,POL,S14,S1,P31DC,_Z,_Z,CP111,XDC,V,N,T0117,2023,63645.7,,F,1,A,6,PLN
OECD.SDD.NAD:DSD_NAMAIN10@DF_TABLE5(1.0),A,POL,S14,S1,P31DC,_Z,_Z,CP10,XDC,V,N,T0117,2023,13620.3,,F,1,A,6,PLN
OECD.SDD.NAD:DSD_NAMAIN10@DF_TABLE5(1.0),A,POL,S14,S1,P31DC,_Z,_Z,CP012,XDC,V,N,T0117,2023,44229.2,,F,1,A,6,PLN
OECD.SDD.NAD:DSD_NAMAIN10@DF_TABLE5(1.0),A,POL,S14,S1,P31DC,_Z,_Z,CP05,XDC,V,N,T0117,2023,91943.6,,F,1,A,6,PLN
OECD.SDD.NAD:DSD_NAMAIN10@DF_TABLE5(1.0),A,POL,S14,S1,P31DC,_Z,_Z,CP06,XDC,V,N,T0117,2023,119632.5,,F,1,A,6,PLN
OECD.SDD.NAD:DSD_NAMAIN10@DF_TABLE5(1.0),A,POL,S14,S1,P31DC,_Z,_Z,CP08,XDC,V,N,T0117,2023,36134.8,,F,1,A,6,PLN
OECD.SDD.NAD:DSD_NAMAIN10@DF_TABLE5(1.0),A,POL,S14,S1,P31DC,_Z,_Z,CP091,XDC,V,N,T0117,2023,22438.1,,F,1,A,6,PLN
OECD.SDD.NAD:DSD_NAMAIN10@DF_TABLE5(1.0),A,POL,S14,S1,P31DC,_Z,_Z,CP125,XDC,V,N,T0117,2023,15958.2,,F,1,A,6,PLN
OECD.SDD.NAD:DSD_NAMAIN10@DF_TABLE5(1.0),A,POL,S14,S1,P31DC,_Z,_Z,CP041,XDC,V,N,T0117,2023,29783.4,,F,1,A,6,PLN
OECD.SDD.NAD:DSD_NAMAIN10@DF_TABLE5(1.0),A,POL,S14,S1,P31DC,_Z,_Z,CP01,XDC,V,N,T0117,2023,362413.1,,F,1,A,6,PLN
OECD.SDD.NAD:DSD_NAMAIN10@DF_TABLE5(1.0),A,POL,S14,S1,P31DC,_Z,_Z,CP096,XDC,V,N,T0117,2023,19215.2,,F,1,A,6,PLN
OECD.SDD.NAD:DSD_NAMAIN10@DF_TABLE5(1.0),A,POL,S14,S1,P31DC,_Z,_Z,CP094,XDC,V,N,T0117,2023,48113.1,,F,1,A,6,PLN
OECD.SDD.NAD:DSD_NAMAIN10@DF_TABLE5(1.0),A,POL,S14,S1,P31DC,_Z,_Z,CP122_127,XDC,V,N,T0117,2023,51172.7,,F,1,A,6,PLN
OECD.SDD.NAD:DSD_NAMAIN10@DF_TABLE5(1.0),A,POL,S14,S1,P31DC,_Z,_Z,CP09,XDC,V,N,T0117,2023,118472.6,,F,1,A,6,PLN
OECD.SDD.NAD:DSD_NAMAIN10@DF_TABLE5(1.0),A,POL,S14,S1,P31DC,_Z,_Z,CP045,XDC,V,N,T0117,2023,148493.7,,F,1,A,6,PLN
OECD.SDD.NAD:DSD_NAMAIN10@DF_TABLE5(1.0),A,POL,S14,S1,P31DC,_Z,_Z,CP053,XDC,V,N,T0117,2023,16449.8,,F,1,A,6,PLN
OECD.SDD.NAD:DSD_NAMAIN10@DF_TABLE5(1.0),A,POL,S14,S1,P31DC,_Z,_Z,CP104,XDC,V,N,T0117,2023,5549.4,,F,1,A,6,PLN
OECD.SDD.NAD:DSD_NAMAIN10@DF_TABLE5(1.0),A,POL,S14,S1,P31DC,_Z,_Z,CP126,XDC,V,N,T0117,2023,105333.9,,F,1,A,6,PLN
OECD.SDD.NAD:DSD_NAMAIN10@DF_TABLE5(1.0),A,POL,S14,S1,P31DC,_Z,_Z,CP121,XDC,V,N,T0117,2023,60397.6,,F,1,A,6,PLN
OECD.SDD.NAD:DSD_NAMAIN10@DF_TABLE5(1.0),A,POL,S14,S1,P31DC,_Z,_Z,CP02,XDC,V,N,T0117,2023,115996,,F,1,A,6,PLN
OECD.SDD.NAD:DSD_NAMAIN10@DF_TABLE5(1.0),A,POL,S14,S1,P31DC,_Z,_Z,CP03,XDC,V,N,T0117,2023,87358.3,,F,1,A,6,PLN
OECD.SDD.NAD:DSD_NAMAIN10@DF_TABLE5(1.0),A,POL,S14,S1,P31DC,_Z,_Z,CP056,XDC,V,N,T0117,2023,23473.4,,F,1,A,6,PLN
OECD.SDD.NAD:DSD_NAMAIN10@DF_TABLE5(1.0),A,POL,S14,S1,P31DC,_Z,_Z,CP021,XDC,V,N,T0117,2023,66081.3,,F,1,A,6,PLN
OECD.SDD.NAD:DSD_NAMAIN10@DF_TABLE5(1.0),A,POL,S14,S1,P31DC,_Z,_Z,CP101,XDC,V,N,T0117,2023,2594.4,,F,1,A,6,PLN
OECD.SDD.NAD:DSD_NAMAIN10@DF_TABLE5(1.0),A,ISL,S14,S1,P31DC,_Z,_Z,CP042,XDC,V,N,T0117,2021,254803.916,,F,1,A,6,ISK
OECD.SDD.NAD:DSD_NAMAIN10@DF_TABLE5(1.0),A,ISL,S14,S1,P31DC,_Z,_Z,CP082,XDC,V,N,T0117,2021,1355.51,,F,1,A,6,ISK
OECD.SDD.NAD:DSD_NAMAIN10@DF_TABLE5(1.0),A,ISL,S14,S1,P31DC,_Z,_Z,CP105,XDC,V,N,T0117,2021,4968.913,,F,1,A,6,ISK
OECD.SDD.NAD:DSD_NAMAIN10@DF_TABLE5(1.0),A,ISL,S14,S1,P31DC,_Z,_Z,CP044,XDC,V,N,T0117,2021,18767.047,,F,1,A,6,ISK
OECD.SDD.NAD:DSD_NAMAIN10@DF_TABLE5(1.0),A,ISL,S14,S1,P31DC,_Z,_Z,CP063,XDC,V,N,T0117,2021,705.797,,F,1,A,6,ISK
OECD.SDD.NAD:DSD_NAMAIN10@DF_TABLE5(1.0),A,ISL,S14,S1,P31DC,_Z,_Z,CP102,XDC,V,N,T0117,2021,1941.373,,F,1,A,6,ISK
OECD.SDD.NAD:DSD_NAMAIN10@DF_TABLE5(1.0),A,ISL,S14,S1,P31DC,_Z,_Z,CP11,XDC,V,N,T0117,2021,173068.678,,F,1,A,6,ISK
OECD.SDD.NAD:DSD_NAMAIN10@DF_TABLE5(1.0),A,ISL,S14,S1,P31DC,_Z,_Z,CP04,XDC,V,N,T0117,2021,415557.056,,F,1,A,6,ISK
OECD.SDD.NAD:DSD_NAMAIN10@DF_TABLE5(1.0),A,ISL,S14,S1,P31DC,_Z,_Z,CP127,XDC,V,N,T0117,2021,7334.765,,F,1,A,6,ISK
OECD.SDD.NAD:DSD_NAMAIN10@DF_TABLE5(1.0),A,ISL,S14,S1,P31DC,_Z,_Z,CP112,XDC,V,N,T0117,2021,35721.59,,F,1,A,6,ISK
OECD.SDD.NAD:DSD_NAMAIN10@DF_TABLE5(1.0),A,ISL,S14,S1,P31DC,_Z,_Z,CP083,XDC,V,N,T0117,2021,49816.864,,F,1,A,6,ISK
OECD.SDD.NAD:DSD_NAMAIN10@DF_TABLE5(1.0),A,ISL,S14,S1,P31DC,_Z,_Z,CP124,XDC,V,N,T0117,2021,91.09,,F,1,A,6,ISK
OECD.SDD.NAD:DSD_NAMAIN10@DF_TABLE5(1.0),A,ISL,S14,S1,P31DC,_Z,_Z,CP10,XDC,V,N,T0117,2021,17031.993,,F,1,A,6,ISK
OECD.SDD.NAD:DSD_NAMAIN10@DF_TABLE5(1.0),A,ISL,S14,S1,P31DC,_Z,_Z,CP045,XDC,V,N,T0117,2021,34694.953,,F,1,A,6,ISK
OECD.SDD.NAD:DSD_NAMAIN10@DF_TABLE5(1.0),A,ISL,S14,S1,P31DC,_Z,_Z,CP111,XDC,V,N,T0117,2021,137347.088,,F,1,A,6,ISK
OECD.SDD.NAD:DSD_NAMAIN10@DF_TABLE5(1.0),A,ISL,S14,S1,P31DC,_Z,_Z,CP041,XDC,V,N,T0117,2021,94721.346,,F,1,A,6,ISK
OECD.SDD.NAD:DSD_NAMAIN10@DF_TABLE5(1.0),A,ISL,S14,S1,P31DC,_Z,_Z,CP104,XDC,V,N,T0117,2021,2920.961,,F,1,A,6,ISK
OECD.SDD.NAD:DSD_NAMAIN10@DF_TABLE5(1.0),A,ISL,S14,S1,P31DC,_Z,_Z,CP103,XDC,V,N,T0117,2021,1562.534,,F,1,A,6,ISK
OECD.SDD.NAD:DSD_NAMAIN10@DF_TABLE5(1.0),A,ISL,S14,S1,P31DC,_Z,_Z,CP101,XDC,V,N,T0117,2021,5638.212,,F,1,A,6,ISK
OECD.SDD.NAD:DSD_NAMAIN10@DF_TABLE5(1.0),A,ISL,S14,S1,P31DC,_Z,_Z,CP062,XDC,V,N,T0117,2021,24426.542,,F,1,A,6,ISK
OECD.SDD.NAD:DSD_NAMAIN10@DF_TABLE5(1.0),A,ISL,S14,S1,P31DC,_Z,_Z,CP072,XDC,V,N,T0117,2021,145466.446,,F,1,A,6,ISK
OECD.SDD.NAD:DSD_NAMAIN10@DF_TABLE5(1.0),A,ISL,S14,S1,P31DC,_Z,_Z,CP096,XDC,V,N,T0117,2021,15871.284,,F,1,A,6,ISK
OECD.SDD.NAD:DSD_NAMAIN10@DF_TABLE5(1.0),A,ISL,S14,S1,P31DC,_Z,_Z,CP043,XDC,V,N,T0117,2021,12569.795,,F,1,A,6,ISK
OECD.SDD.NAD:DSD_NAMAIN10@DF_TABLE5(1.0),A,ISL,S14,S1,P31DC,_Z,_Z,CP096,XDC,V,N,T0117,2022,26160.665,,F,1,A,6,ISK
OECD.SDD.NAD:DSD_NAMAIN10@DF_TABLE5(1.0),A,ISL,S14,S1,P31DC,_Z,_Z,CP043,XDC,V,N,T0117,2022,14024.447,,F,1,A,6,ISK
OECD.SDD.NAD:DSD_NAMAIN10@DF_TABLE5(1.0),A,ISL,S14,S1,P31DC,_Z,_Z,CP062,XDC,V,N,T0117,2022,26326.448,,F,1,A,6,ISK
OECD.SDD.NAD:DSD_NAMAIN10@DF_TABLE5(1.0),A,ISL,S14,S1,P31DC,_Z,_Z,CP072,XDC,V,N,T0117,2022,178078.56,,F,1,A,6,ISK
OECD.SDD.NAD:DSD_NAMAIN10@DF_TABLE5(1.0),A,ISL,S14,S1,P31DC,_Z,_Z,CP103,XDC,V,N,T0117,2022,1622.419,,F,1,A,6,ISK
OECD.SDD.NAD:DSD_NAMAIN10@DF_TABLE5(1.0),A,ISL,S14,S1,P31DC,_Z,_Z,CP101,XDC,V,N,T0117,2022,5881.627,,F,1,A,6,ISK
OECD.SDD.NAD:DSD_NAMAIN10@DF_TABLE5(1.0),A,ISL,S14,S1,P31DC,_Z,_Z,CP104,XDC,V,N,T0117,2022,3038.313,,F,1,A,6,ISK
OECD.SDD.NAD:DSD_NAMAIN10@DF_TABLE5(1.0),A,ISL,S14,S1,P31DC,_Z,_Z,CP041,XDC,V,N,T0117,2022,102385.427,,F,1,A,6,ISK
OECD.SDD.NAD:DSD_NAMAIN10@DF_TABLE5(1.0),A,ISL,S14,S1,P31DC,_Z,_Z,CP111,XDC,V,N,T0117,2022,194795.855,,F,1,A,6,ISK
OECD.SDD.NAD:DSD_NAMAIN10@DF_TABLE5(1.0),A,ISL,S14,S1,P31DC,_Z,_Z,CP082,XDC,V,N,T0117,2022,913.904,,F,1,A,6,ISK
OECD.SDD.NAD:DSD_NAMAIN10@DF_TABLE5(1.0),A,ISL,S14,S1,P31DC,_Z,_Z,CP105,XDC,V,N,T0117,2022,5175.981,,F,1,A,6,ISK
OECD.SDD.NAD:DSD_NAMAIN10@DF_TABLE5(1.0),A,ISL,S14,S1,P31DC,_Z,_Z,CP042,XDC,V,N,T0117,2022,275420.577,,F,1,A,6,ISK
OECD.SDD.NAD:DSD_NAMAIN10@DF_TABLE5(1.0),A,ISL,S14,S1,P31DC,_Z,_Z,CP11,XDC,V,N,T0117,2022,272171.849,,F,1,A,6,ISK
OECD.SDD.NAD:DSD_NAMAIN10@DF_TABLE5(1.0),A,ISL,S14,S1,P31DC,_Z,_Z,CP04,XDC,V,N,T0117,2022,449708.437,,F,1,A,6,ISK
OECD.SDD.NAD:DSD_NAMAIN10@DF_TABLE5(1.0),A,ISL,S14,S1,P31DC,_Z,_Z,CP102,XDC,V,N,T0117,2022,2019.384,,F,1,A,6,ISK
OECD.SDD.NAD:DSD_NAMAIN10@DF_TABLE5(1.0),A,ISL,S14,S1,P31DC,_Z,_Z,CP063,XDC,V,N,T0117,2022,733.993,,F,1,A,6,ISK
OECD.SDD.NAD:DSD_NAMAIN10@DF_TABLE5(1.0),A,ISL,S14,S1,P31DC,_Z,_Z,CP044,XDC,V,N,T0117,2022,20573.736,,F,1,A,6,ISK
OECD.SDD.NAD:DSD_NAMAIN10@DF_TABLE5(1.0),A,ISL,S14,S1,P31DC,_Z,_Z,CP045,XDC,V,N,T0117,2022,37304.25,,F,1,A,6,ISK
OECD.SDD.NAD:DSD_NAMAIN10@DF_TABLE5(1.0),A,ISL,S14,S1,P31DC,_Z,_Z,CP127,XDC,V,N,T0117,2022,8948.946,,F,1,A,6,ISK
OECD.SDD.NAD:DSD_NAMAIN10@DF_TABLE5(1.0),A,ISL,S14,S1,P31DC,_Z,_Z,CP083,XDC,V,N,T0117,2022,52989.785,,F,1,A,6,ISK
OECD.SDD.NAD:DSD_NAMAIN10@DF_TABLE5(1.0),A,ISL,S14,S1,P31DC,_Z,_Z,CP112,XDC,V,N,T0117,2022,77375.994,,F,1,A,6,ISK
OECD.SDD.NAD:DSD_NAMAIN10@DF_TABLE5(1.0),A,ISL,S14,S1,P31DC,_Z,_Z,CP124,XDC,V,N,T0117,2022,97.692,,F,1,A,6,ISK
OECD.SDD.NAD:DSD_NAMAIN10@DF_TABLE5(1.0),A,ISL,S14,S1,P31DC,_Z,_Z,CP10,XDC,V,N,T0117,2022,17737.723,,F,1,A,6,ISK
OECD.SDD.NAD:DSD_NAMAIN10@DF_TABLE5(1.0),A,ISL,S14,S1,P31DC,_Z,_Z,CP072,XDC,V,N,T0117,2023,197913.224,,F,1,A,6,ISK
OECD.SDD.NAD:DSD_NAMAIN10@DF_TABLE5(1.0),A,ISL,S14,S1,P31DC,_Z,_Z,CP062,XDC,V,N,T0117,2023,28921.978,,F,1,A,6,ISK
OECD.SDD.NAD:DSD_NAMAIN10@DF_TABLE5(1.0),A,ISL,S14,S1,P31DC,_Z,_Z,CP041,XDC,V,N,T0117,2023,113494.114,,F,1,A,6,ISK
OECD.SDD.NAD:DSD_NAMAIN10@DF_TABLE5(1.0),A,ISL,S14,S1,P31DC,_Z,_Z,CP103,XDC,V,N,T0117,2023,1707.911,,F,1,A,6,ISK
OECD.SDD.NAD:DSD_NAMAIN10@DF_TABLE5(1.0),A,ISL,S14,S1,P31DC,_Z,_Z,CP101,XDC,V,N,T0117,2023,6222.148,,F,1,A,6,ISK
OECD.SDD.NAD:DSD_NAMAIN10@DF_TABLE5(1.0),A,ISL,S14,S1,P31DC,_Z,_Z,CP096,XDC,V,N,T0117,2023,30233.238,,F,1,A,6,ISK
OECD.SDD.NAD:DSD_NAMAIN10@DF_TABLE5(1.0),A,ISL,S14,S1,P31DC,_Z,_Z,CP043,XDC,V,N,T0117,2023,15622.776,,F,1,A,6,ISK
OECD.SDD.NAD:DSD_NAMAIN10@DF_TABLE5(1.0),A,ISL,S14,S1,P31DC,_Z,_Z,CP124,XDC,V,N,T0117,2023,109.502,,F,1,A,6,ISK
OECD.SDD.NAD:DSD_NAMAIN10@DF_TABLE5(1.0),A,ISL,S14,S1,P31DC,_Z,_Z,CP083,XDC,V,N,T0117,2023,51026.552,,F,1,A,6,ISK
OECD.SDD.NAD:DSD_NAMAIN10@DF_TABLE5(1.0),A,ISL,S14,S1,P31DC,_Z,_Z,CP112,XDC,V,N,T0117,2023,106245.34,,F,1,A,6,ISK
OECD.SDD.NAD:DSD_NAMAIN10@DF_TABLE5(1.0),A,ISL,S14,S1,P31DC,_Z,_Z,CP127,XDC,V,N,T0117,2023,10110.458,,F,1,A,6,ISK
OECD.SDD.NAD:DSD_NAMAIN10@DF_TABLE5(1.0),A,ISL,S14,S1,P31DC,_Z,_Z,CP045,XDC,V,N,T0117,2023,40369.069,,F,1,A,6,ISK
OECD.SDD.NAD:DSD_NAMAIN10@DF_TABLE5(1.0),A,ISL,S14,S1,P31DC,_Z,_Z,CP044,XDC,V,N,T0117,2023,22208.144,,F,1,A,6,ISK
OECD.SDD.NAD:DSD_NAMAIN10@DF_TABLE5(1.0),A,ISL,S14,S1,P31DC,_Z,_Z,CP063,XDC,V,N,T0117,2023,777.046,,F,1,A,6,ISK
OECD.SDD.NAD:DSD_NAMAIN10@DF_TABLE5(1.0),A,ISL,S14,S1,P31DC,_Z,_Z,CP102,XDC,V,N,T0117,2023,2127.87,,F,1,A,6,ISK
OECD.SDD.NAD:DSD_NAMAIN10@DF_TABLE5(1.0),A,ISL,S14,S1,P31DC,_Z,_Z,CP04,XDC,V,N,T0117,2023,496997.459,,F,1,A,6,ISK
OECD.SDD.NAD:DSD_NAMAIN10@DF_TABLE5(1.0),A,ISL,S14,S1,P31DC,_Z,_Z,CP042,XDC,V,N,T0117,2023,305303.355,,F,1,A,6,ISK
OECD.SDD.NAD:DSD_NAMAIN10@DF_TABLE5(1.0),A,ISL,S14,S1,P31DC,_Z,_Z,CP082,XDC,V,N,T0117,2023,955.934,,F,1,A,6,ISK
OECD.SDD.NAD:DSD_NAMAIN10@DF_TABLE5(1.0),A,ISL,S14,S1,P31DC,_Z,_Z,CP105,XDC,V,N,T0117,2023,5466.99,,F,1,A,6,ISK
OECD.SDD.NAD:DSD_NAMAIN10@DF_TABLE5(1.0),A,AUS,S14,S1,P31DC,_Z,_Z,CP041,XDC,V,N,T0117,2021,53497,,F,1,A,6,AUD
OECD.SDD.NAD:DSD_NAMAIN10@DF_TABLE5(1.0),A,AUS,S14,S1,P31DC,_Z,_Z,CP06,XDC,V,N,T0117,2021,80653,,F,1,A,6,AUD
OECD.SDD.NAD:DSD_NAMAIN10@DF_TABLE5(1.0),A,AUS,S14,S1,P31DC,_Z,_Z,CP021,XDC,V,N,T0117,2021,25930,,F,1,A,6,AUD
OECD.SDD.NAD:DSD_NAMAIN10@DF_TABLE5(1.0),A,AUS,S14,S1,P31DC,_Z,_Z,CP05,XDC,V,N,T0117,2021,58341,,F,1,A,6,AUD
OECD.SDD.NAD:DSD_NAMAIN10@DF_TABLE5(1.0),A,AUS,S14,S1,P31DC,_Z,_Z,CP095,XDC,V,N,T0117,2021,7285,,F,1,A,6,AUD
OECD.SDD.NAD:DSD_NAMAIN10@DF_TABLE5(1.0),A,AUS,S14,S1,P31DC,_Z,_Z,CP03,XDC,V,N,T0117,2021,42145,,F,1,A,6,AUD
OECD.SDD.NAD:DSD_NAMAIN10@DF_TABLE5(1.0),A,AUS,S14,S1,P31DC,_Z,_Z,CP10,XDC,V,N,T0117,2021,41287,,F,1,A,6,AUD
OECD.SDD.NAD:DSD_NAMAIN10@DF_TABLE5(1.0),A,AUS,S14,S1,P31DC,_Z,_Z,CP044,XDC,V,N,T0117,2021,12090,,F,1,A,6,AUD
OECD.SDD.NAD:DSD_NAMAIN10@DF_TABLE5(1.0),A,AUS,S14,S1,P31DC,_Z,_Z,CP02,XDC,V,N,T0117,2021,47765,,F,1,A,6,AUD
OECD.SDD.NAD:DSD_NAMAIN10@DF_TABLE5(1.0),A,AUS,S14,S1,P31DC,_Z,_Z,CP07,XDC,V,N,T0117,2021,99226,,F,1,A,6,AUD
OECD.SDD.NAD:DSD_NAMAIN10@DF_TABLE5(1.0),A,AUS,S14,S1,P31DC,_Z,_Z,CP111,XDC,V,N,T0117,2021,58782,,F,1,A,6,AUD
OECD.SDD.NAD:DSD_NAMAIN10@DF_TABLE5(1.0),A,AUS,S14,S1,P31DC,_Z,_Z,CP01,XDC,V,N,T0117,2021,117703,,F,1,A,6,AUD
OECD.SDD.NAD:DSD_NAMAIN10@DF_TABLE5(1.0),A,AUS,S14,S1,P31DC,_Z,_Z,CP042,XDC,V,N,T0117,2021,182132,,F,1,A,6,AUD
OECD.SDD.NAD:DSD_NAMAIN10@DF_TABLE5(1.0),A,AUS,S14,S1,P31DC,_Z,_Z,CP022,XDC,V,N,T0117,2021,21835,,F,1,A,6,AUD
OECD.SDD.NAD:DSD_NAMAIN10@DF_TABLE5(1.0),A,AUS,S14,S1,P31DC,_Z,_Z,CP071,XDC,V,N,T0117,2021,28981,,F,1,A,6,AUD
OECD.SDD.NAD:DSD_NAMAIN10@DF_TABLE5(1.0),A,AUS,S14,S1,P31DC,_Z,_Z,CP073,XDC,V,N,T0117,2021,17020,,F,1,A,6,AUD
OECD.SDD.NAD:DSD_NAMAIN10@DF_TABLE5(1.0),A,AUS,S14,S1,P31DC,_Z,_Z,CP072,XDC,V,N,T0117,2021,53225,,F,1,A,6,AUD
OECD.SDD.NAD:DSD_NAMAIN10@DF_TABLE5(1.0),A,ISR,S14,S1,P31DC,_Z,_Z,CP125,XDC,V,N,T0117,2021,15012.83,,F,1,A,6,ILS
OECD.SDD.NAD:DSD_NAMAIN10@DF_TABLE5(1.0),A,ISR,S14,S1,P31DC,_Z,_Z,CP08,XDC,V,N,T0117,2021,19124.702,,F,1,A,6,ILS
OECD.SDD.NAD:DSD_NAMAIN10@DF_TABLE5(1.0),A,ISR,S14,S1,P31DC,_Z,_Z,CP083,XDC,V,N,T0117,2021,11659.909,,F,1,A,6,ILS
OECD.SDD.NAD:DSD_NAMAIN10@DF_TABLE5(1.0),A,ISR,S14,S1,P31DC,_Z,_Z,CP081,XDC,V,N,T0117,2021,663.813,,F,1,A,6,ILS
OECD.SDD.NAD:DSD_NAMAIN10@DF_TABLE5(1.0),A,ISR,S14,S1,P31DC,_Z,_Z,CP043,XDC,V,N,T0117,2021,1211.392,,F,1,A,6,ILS
OECD.SDD.NAD:DSD_NAMAIN10@DF_TABLE5(1.0),A,ISR,S14,S1,P31DC,_Z,_Z,CP112,XDC,V,N,T0117,2021,7910.495,,F,1,A,6,ILS
OECD.SDD.NAD:DSD_NAMAIN10@DF_TABLE5(1.0),A,ISR,S14,S1,P31DC,_Z,_Z,CP041,XDC,V,N,T0117,2021,37619.88,,F,1,A,6,ILS
OECD.SDD.NAD:DSD_NAMAIN10@DF_TABLE5(1.0),A,ISR,S14,S1,P31DC,_Z,_Z,CP042,XDC,V,N,T0117,2021,120343.41,,F,1,A,6,ILS
OECD.SDD.NAD:DSD_NAMAIN10@DF_TABLE5(1.0),A,ISR,S14,S1,P31DC,_Z,_Z,CP082,XDC,V,N,T0117,2021,6800.98,,F,1,A,6,ILS
OECD.SDD.NAD:DSD_NAMAIN10@DF_TABLE5(1.0),A,ISR,S14,S1,P31DC,_Z,_Z,CP044,XDC,V,N,T0117,2021,22184.232,,F,1,A,6,ILS
OECD.SDD.NAD:DSD_NAMAIN10@DF_TABLE5(1.0),A,ISR,S14,S1,P31DC,_Z,_Z,CP126,XDC,V,N,T0117,2021,22589.936,,F,1,A,6,ILS
OECD.SDD.NAD:DSD_NAMAIN10@DF_TABLE5(1.0),A,ISR,S14,S1,P31DC,_Z,_Z,CP082,XDC,V,N,T0117,2022,6153.249,,F,1,A,6,ILS
OECD.SDD.NAD:DSD_NAMAIN10@DF_TABLE5(1.0),A,ISR,S14,S1,P31DC,_Z,_Z,CP126,XDC,V,N,T0117,2022,26794.319,,F,1,A,6,ILS
OECD.SDD.NAD:DSD_NAMAIN10@DF_TABLE5(1.0),A,ISR,S14,S1,P31DC,_Z,_Z,CP041,XDC,V,N,T0117,2022,40477.827,,F,1,A,6,ILS
OECD.SDD.NAD:DSD_NAMAIN10@DF_TABLE5(1.0),A,ISR,S14,S1,P31DC,_Z,_Z,CP043,XDC,V,N,T0117,2022,1451.348,,F,1,A,6,ILS
OECD.SDD.NAD:DSD_NAMAIN10@DF_TABLE5(1.0),A,ISR,S14,S1,P31DC,_Z,_Z,CP112,XDC,V,N,T0117,2022,11932.739,,F,1,A,6,ILS
OECD.SDD.NAD:DSD_NAMAIN10@DF_TABLE5(1.0),A,ISR,S14,S1,P31DC,_Z,_Z,CP125,XDC,V,N,T0117,2022,15632.862,,F,1,A,6,ILS
OECD.SDD.NAD:DSD_NAMAIN10@DF_TABLE5(1.0),A,ISR,S14,S1,P31DC,_Z,_Z,CP083,XDC,V,N,T0117,2022,12114.725,,F,1,A,6,ILS
OECD.SDD.NAD:DSD_NAMAIN10@DF_TABLE5(1.0),A,ISR,S14,S1,P31DC,_Z,_Z,CP081,XDC,V,N,T0117,2022,699.019,,F,1,A,6,ILS
OECD.SDD.NAD:DSD_NAMAIN10@DF_TABLE5(1.0),A,ISR,S14,S1,P31DC,_Z,_Z,CP08,XDC,V,N,T0117,2022,18966.993,,F,1,A,6,ILS
OECD.SDD.NAD:DSD_NAMAIN10@DF_TABLE5(1.0),A,GBR,S14,S1,P31DC,_Z,_Z,CP102,XDC,V,N,T0117,2021,4632,,F,1,A,6,GBP
OECD.SDD.NAD:DSD_NAMAIN10@DF_TABLE5(1.0),A,GBR,S14,S1,P31DC,_Z,_Z,CP103,XDC,V,N,T0117,2021,2022,,F,1,A,6,GBP
OECD.SDD.NAD:DSD_NAMAIN10@DF_TABLE5(1.0),A,GBR,S14,S1,P31DC,_Z,_Z,CP125,XDC,V,N,T0117,2021,20546,,F,1,A,6,GBP
OECD.SDD.NAD:DSD_NAMAIN10@DF_TABLE5(1.0),A,GBR,S14,S1,P31DC,_Z,_Z,CP101,XDC,V,N,T0117,2021,3639,,F,1,A,6,GBP
OECD.SDD.NAD:DSD_NAMAIN10@DF_TABLE5(1.0),A,GBR,S14,S1,P31DC,_Z,_Z,CP105,XDC,V,N,T0117,2021,410,,F,1,A,6,GBP
OECD.SDD.NAD:DSD_NAMAIN10@DF_TABLE5(1.0),A,GBR,S14,S1,P31DC,_Z,_Z,CP101,XDC,V,N,T0117,2022,3834,,F,1,A,6,GBP
OECD.SDD.NAD:DSD_NAMAIN10@DF_TABLE5(1.0),A,GBR,S14,S1,P31DC,_Z,_Z,CP102,XDC,V,N,T0117,2022,5075,,F,1,A,6,GBP
OECD.SDD.NAD:DSD_NAMAIN10@DF_TABLE5(1.0),A,GBR,S14,S1,P31DC,_Z,_Z,CP102,XDC,V,N,T0117,2023,5381,,F,1,A,6,GBP
OECD.SDD.NAD:DSD_NAMAIN10@DF_TABLE5(1.0),A,CHL,S14,S1,P31DC,_Z,_Z,CP09,XDC,V,N,T0117,2021,11174923.677,,F,1,A,6,CLP
OECD.SDD.NAD:DSD_NAMAIN10@DF_TABLE5(1.0),A,CHL,S14,S1,P31DC,_Z,_Z,CP08,XDC,V,N,T0117,2021,6177355.626,,F,1,A,6,CLP
OECD.SDD.NAD:DSD_NAMAIN10@DF_TABLE5(1.0),A,CHL,S14,S1,P31DC,_Z,_Z,CP01,XDC,V,N,T0117,2021,29185983.958,,F,1,A,6,CLP
OECD.SDD.NAD:DSD_NAMAIN10@DF_TABLE5(1.0),A,CHL,S14,S1,P31DC,_Z,_Z,CP05,XDC,V,N,T0117,2021,10783635.715,,F,1,A,6,CLP
OECD.SDD.NAD:DSD_NAMAIN10@DF_TABLE5(1.0),A,CHL,S14,S1,P31DC,_Z,_Z,CP10,XDC,V,N,T0117,2021,4847447.929,,F,1,A,6,CLP
OECD.SDD.NAD:DSD_NAMAIN10@DF_TABLE5(1.0),A,CHL,S14,S1,P31DC,_Z,_Z,CP02,XDC,V,N,T0117,2021,5395926.215,,F,1,A,6,CLP
OECD.SDD.NAD:DSD_NAMAIN10@DF_TABLE5(1.0),A,CHL,S14,S1,P31DC,_Z,_Z,CP03,XDC,V,N,T0117,2021,7023037.536,,F,1,A,6,CLP
OECD.SDD.NAD:DSD_NAMAIN10@DF_TABLE5(1.0),A,CHL,S14,S1,P31DC,_Z,_Z,CP11,XDC,V,N,T0117,2021,7128210.679,,F,1,A,6,CLP
OECD.SDD.NAD:DSD_NAMAIN10@DF_TABLE5(1.0),A,CHL,S14,S1,P31DC,_Z,_Z,CP12,XDC,V,N,T0117,2021,16831468.994,,F,1,A,6,CLP
OECD.SDD.NAD:DSD_NAMAIN10@DF_TABLE5(1.0),A,CHL,S14,S1,P31DC,_Z,_Z,CP06,XDC,V,N,T0117,2021,12490839.575,,F,1,A,6,CLP
OECD.SDD.NAD:DSD_NAMAIN10@DF_TABLE5(1.0),A,CHL,S14,S1,P31DC,_Z,_Z,CP07,XDC,V,N,T0117,2021,14562400.265,,F,1,A,6,CLP
OECD.SDD.NAD:DSD_NAMAIN10@DF_TABLE5(1.0),A,HKG,S14,S1,P31DC,_Z,_Z,_T,XDC,V,N,T0117,2021,1855700,,F,1,A,6,HKD
OECD.SDD.NAD:DSD_NAMAIN10@DF_TABLE5(1.0),A,SEN,S14,S1,P31DC,_Z,_Z,_T,XDC,V,N,T0117,2021,10131437,,F,1,A,6,XOF
OECD.SDD.NAD:DSD_NAMAIN10@DF_TABLE5(1.0),A,CZE,S14,S1,P31DC,_Z,_Z,CP032,XDC,V,N,T0117,2021,23903,,F,1,A,6,CZK
OECD.SDD.NAD:DSD_NAMAIN10@DF_TABLE5(1.0),A,CZE,S14,S1,P31DC,_Z,_Z,CP056,XDC,V,N,T0117,2021,31297,,F,1,A,6,CZK
OECD.SDD.NAD:DSD_NAMAIN10@DF_TABLE5(1.0),A,CZE,S14,S1,P31DC,_Z,_Z,CP023,XDC,V,N,T0117,2021,10036,,F,1,A,6,CZK
OECD.SDD.NAD:DSD_NAMAIN10@DF_TABLE5(1.0),A,CZE,S14,S1,P31DC,_Z,_Z,CP096,XDC,V,N,T0117,2021,30136,,F,1,A,6,CZK
OECD.SDD.NAD:DSD_NAMAIN10@DF_TABLE5(1.0),A,CZE,S14,S1,P31DC,_Z,_Z,CP055,XDC,V,N,T0117,2021,9983,,F,1,A,6,CZK
OECD.SDD.NAD:DSD_NAMAIN10@DF_TABLE5(1.0),A,CZE,S14,S1,P31DC,_Z,_Z,CP092,XDC,V,N,T0117,2021,4138,,F,1,A,6,CZK
OECD.SDD.NAD:DSD_NAMAIN10@DF_TABLE5(1.0),A,CZE,S14,S1,P31DC,_Z,_Z,CP063,XDC,V,N,T0117,2021,5481,,F,1,A,6,CZK
OECD.SDD.NAD:DSD_NAMAIN10@DF_TABLE5(1.0),A,CZE,S14,S1,P31DC,_Z,_Z,CP082,XDC,V,N,T0117,2021,8908,,F,1,A,6,CZK
OECD.SDD.NAD:DSD_NAMAIN10@DF_TABLE5(1.0),A,CZE,S14,S1,P31DC,_Z,_Z,CP123,XDC,V,N,T0117,2021,14384,,F,1,A,6,CZK
OECD.SDD.NAD:DSD_NAMAIN10@DF_TABLE5(1.0),A,CZE,S14,S1,P31DC,_Z,_Z,CP041,XDC,V,N,T0117,2021,81789,,F,1,A,6,CZK
OECD.SDD.NAD:DSD_NAMAIN10@DF_TABLE5(1.0),A,CZE,S14,S1,P31DC,_Z,_Z,CP05,XDC,V,N,T0117,2021,157571,,F,1,A,6,CZK
OECD.SDD.NAD:DSD_NAMAIN10@DF_TABLE5(1.0),A,CZE,S14,S1,P31DC,_Z,_Z,CP095,XDC,V,N,T0117,2021,16700,,F,1,A,6,CZK
OECD.SDD.NAD:DSD_NAMAIN10@DF_TABLE5(1.0),A,CZE,S14,S1,P31DC,_Z,_Z,CP105,XDC,V,N,T0117,2021,6066,,F,1,A,6,CZK
OECD.SDD.NAD:DSD_NAMAIN10@DF_TABLE5(1.0),A,CZE,S14,S1,P31DC,_Z,_Z,CP054,XDC,V,N,T0117,2021,10871,,F,1,A,6,CZK
OECD.SDD.NAD:DSD_NAMAIN10@DF_TABLE5(1.0),A,CZE,S14,S1,P31DC,_Z,_Z,CP042,XDC,V,N,T0117,2021,423926,,F,1,A,6,CZK
OECD.SDD.NAD:DSD_NAMAIN10@DF_TABLE5(1.0),A,CZE,S14,S1,P31DC,_Z,_Z,CP124,XDC,V,N,T0117,2021,17578,,F,1,A,6,CZK
OECD.SDD.NAD:DSD_NAMAIN10@DF_TABLE5(1.0),A,CZE,S14,S1,P31DC,_Z,_Z,CP126,XDC,V,N,T0117,2021,46082,,F,1,A,6,CZK
OECD.SDD.NAD:DSD_NAMAIN10@DF_TABLE5(1.0),A,CZE,S14,S1,P31DC,_Z,_Z,CP073,XDC,V,N,T0117,2021,28780,,F,1,A,6,CZK
OECD.SDD.NAD:DSD_NAMAIN10@DF_TABLE5(1.0),A,CZE,S14,S1,P31DC,_Z,_Z,CP122,XDC,V,N,T0117,2021,847,,F,1,A,6,CZK
OECD.SDD.NAD:DSD_NAMAIN10@DF_TABLE5(1.0),A,CZE,S14,S1,P31DC,_Z,_Z,_T,XDC,V,N,T0117,2021,2739482,,F,1,A,6,CZK
OECD.SDD.NAD:DSD_NAMAIN10@DF_TABLE5(1.0),A,CZE,S14,S1,P31DC,_Z,_Z,CP072,XDC,V,N,T0117,2021,124520,,F,1,A,6,CZK
OECD.SDD.NAD:DSD_NAMAIN10@DF_TABLE5(1.0),A,CZE,S14,S1,P31DC,_Z,_Z,CP10,XDC,V,N,T0117,2021,14188,,F,1,A,6,CZK
OECD.SDD.NAD:DSD_NAMAIN10@DF_TABLE5(1.0),A,CZE,S14,S1,P31DC,_Z,_Z,CP031,XDC,V,N,T0117,2021,75881,,F,1,A,6,CZK
OECD.SDD.NAD:DSD_NAMAIN10@DF_TABLE5(1.0),A,CZE,S14,S1,P31DC,_Z,_Z,CP012,XDC,V,N,T0117,2021,43962,,F,1,A,6,CZK
OECD.SDD.NAD:DSD_NAMAIN10@DF_TABLE5(1.0),A,CZE,S14,S1,P31DC,_Z,_Z,CP022,XDC,V,N,T0117,2021,118624,,F,1,A,6,CZK
OECD.SDD.NAD:DSD_NAMAIN10@DF_TABLE5(1.0),A,CZE,S14,S1,P31DC,_Z,_Z,CP071,XDC,V,N,T0117,2021,107552,,F,1,A,6,CZK
OECD.SDD.NAD:DSD_NAMAIN10@DF_TABLE5(1.0),A,CZE,S14,S1,P31DC,_Z,_Z,CP043,XDC,V,N,T0117,2021,36039,,F,1,A,6,CZK
OECD.SDD.NAD:DSD_NAMAIN10@DF_TABLE5(1.0),A,CZE,S14,S1,P31DC,_Z,_Z,CP081,XDC,V,N,T0117,2021,2588,,F,1,A,6,CZK
OECD.SDD.NAD:DSD_NAMAIN10@DF_TABLE5(1.0),A,CZE,S14,S1,P31DC,_Z,_Z,CP112,XDC,V,N,T0117,2021,28345,,F,1,A,6,CZK
OECD.SDD.NAD:DSD_NAMAIN10@DF_TABLE5(1.0),A,CZE,S14,S1,P31DC,_Z,_Z,CP09,XDC,V,N,T0117,2021,223088,,F,1,A,6,CZK
OECD.SDD.NAD:DSD_NAMAIN10@DF_TABLE5(1.0),A,CZE,S14,S1,P31DC,_Z,_Z,CP011,XDC,V,N,T0117,2021,410083,,F,1,A,6,CZK
OECD.SDD.NAD:DSD_NAMAIN10@DF_TABLE5(1.0),A,CZE,S14,S1,P31DC,_Z,_Z,CP125,XDC,V,N,T0117,2021,58919,,F,1,A,6,CZK
OECD.SDD.NAD:DSD_NAMAIN10@DF_TABLE5(1.0),A,CZE,S14,S1,P31DC,_Z,_Z,CP093,XDC,V,N,T0117,2021,44960,,F,1,A,6,CZK
OECD.SDD.NAD:DSD_NAMAIN10@DF_TABLE5(1.0),A,CZE,S14,S1,P31DC,_Z,_Z,CP091,XDC,V,N,T0117,2021,33853,,F,1,A,6,CZK
OECD.SDD.NAD:DSD_NAMAIN10@DF_TABLE5(1.0),A,CZE,S14,S1,P31DC,_Z,_Z,CP03,XDC,V,N,T0117,2021,99784,,F,1,A,6,CZK
OECD.SDD.NAD:DSD_NAMAIN10@DF_TABLE5(1.0),A,CZE,S14,S1,P31DC,_Z,_Z,CP104,XDC,V,N,T0117,2021,4339,,F,1,A,6,CZK
OECD.SDD.NAD:DSD_NAMAIN10@DF_TABLE5(1.0),A,CZE,S14,S1,P31DC,_Z,_Z,CP103,XDC,V,N,T0117,2021,84,,F,1,A,6,CZK
OECD.SDD.NAD:DSD_NAMAIN10@DF_TABLE5(1.0),A,CZE,S14,S1,P31DC,_Z,_Z,CP021,XDC,V,N,T0117,2021,99668,,F,1,A,6,CZK
OECD.SDD.NAD:DSD_NAMAIN10@DF_TABLE5(1.0),A,CZE,S14,S1,P31DC,_Z,_Z,CP122_127,XDC,V,N,T0117,2021,9102,,F,1,A,6,CZK
OECD.SDD.NAD:DSD_NAMAIN10@DF_TABLE5(1.0),A,CZE,S14,S1,P31DC,_Z,_Z,CP061,XDC,V,N,T0117,2021,43177,,F,1,A,6,CZK
OECD.SDD.NAD:DSD_NAMAIN10@DF_TABLE5(1.0),A,CZE,S14,S1,P31DC,_Z,_Z,CP045,XDC,V,N,T0117,2021,168232,,F,1,A,6,CZK
OECD.SDD.NAD:DSD_NAMAIN10@DF_TABLE5(1.0),A,CZE,S14,S1,P31DC,_Z,_Z,CP06,XDC,V,N,T0117,2021,75297,,F,1,A,6,CZK
OECD.SDD.NAD:DSD_NAMAIN10@DF_TABLE5(1.0),A,CZE,S14,S1,P31DC,_Z,_Z,CP12,XDC,V,N,T0117,2021,216834,,F,1,A,6,CZK
OECD.SDD.NAD:DSD_NAMAIN10@DF_TABLE5(1.0),A,CZE,S14,S1,P31DC,_Z,_Z,CP04,XDC,V,N,T0117,2021,766794,,F,1,A,6,CZK
OECD.SDD.NAD:DSD_NAMAIN10@DF_TABLE5(1.0),A,CZE,S14,S1,P31DC,_Z,_Z,CP052,XDC,V,N,T0117,2021,17001,,F,1,A,6,CZK
OECD.SDD.NAD:DSD_NAMAIN10@DF_TABLE5(1.0),A,CZE,S14,S1,P31DC,_Z,_Z,CP121,XDC,V,N,T0117,2021,70769,,F,1,A,6,CZK
OECD.SDD.NAD:DSD_NAMAIN10@DF_TABLE5(1.0),A,CZE,S14,S1,P31DC,_Z,_Z,CP02,XDC,V,N,T0117,2021,228328,,F,1,A,6,CZK
OECD.SDD.NAD:DSD_NAMAIN10@DF_TABLE5(1.0),A,CZE,S14,S1,P31DC,_Z,_Z,CP07,XDC,V,N,T0117,2021,260852,,F,1,A,6,CZK
OECD.SDD.NAD:DSD_NAMAIN10@DF_TABLE5(1.0),A,CZE,S14,S1,P31DC,_Z,_Z,CP111,XDC,V,N,T0117,2021,128281,,F,1,A,6,CZK
OECD.SDD.NAD:DSD_NAMAIN10@DF_TABLE5(1.0),A,CZE,S14,S1,P31DC,_Z,_Z,CP11,XDC,V,N,T0117,2021,156626,,F,1,A,6,CZK
OECD.SDD.NAD:DSD_NAMAIN10@DF_TABLE5(1.0),A,CZE,S14,S1,P31DC,_Z,_Z,CP083,XDC,V,N,T0117,2021,74579,,F,1,A,6,CZK
OECD.SDD.NAD:DSD_NAMAIN10@DF_TABLE5(1.0),A,CZE,S14,S1,P31DC,_Z,_Z,CP127,XDC,V,N,T0117,2021,8255,,F,1,A,6,CZK
OECD.SDD.NAD:DSD_NAMAIN10@DF_TABLE5(1.0),A,CZE,S14,S1,P31DC,_Z,_Z,CP08,XDC,V,N,T0117,2021,86075,,F,1,A,6,CZK
OECD.SDD.NAD:DSD_NAMAIN10@DF_TABLE5(1.0),A,CZE,S14,S1,P31DC,_Z,_Z,CP094,XDC,V,N,T0117,2021,93301,,F,1,A,6,CZK
OECD.SDD.NAD:DSD_NAMAIN10@DF_TABLE5(1.0),A,CZE,S14,S1,P31DC,_Z,_Z,CP062,XDC,V,N,T0117,2021,26639,,F,1,A,6,CZK
OECD.SDD.NAD:DSD_NAMAIN10@DF_TABLE5(1.0),A,CZE,S14,S1,P31DC,_Z,_Z,CP101,XDC,V,N,T0117,2021,2879,,F,1,A,6,CZK
OECD.SDD.NAD:DSD_NAMAIN10@DF_TABLE5(1.0),A,CZE,S14,S1,P31DC,_Z,_Z,CP051,XDC,V,N,T0117,2021,57843,,F,1,A,6,CZK
OECD.SDD.NAD:DSD_NAMAIN10@DF_TABLE5(1.0),A,CZE,S14,S1,P31DC,_Z,_Z,CP053,XDC,V,N,T0117,2021,30576,,F,1,A,6,CZK
OECD.SDD.NAD:DSD_NAMAIN10@DF_TABLE5(1.0),A,CZE,S14,S1,P31DC,_Z,_Z,CP102,XDC,V,N,T0117,2021,820,,F,1,A,6,CZK
OECD.SDD.NAD:DSD_NAMAIN10@DF_TABLE5(1.0),A,CZE,S14,S1,P31DC,_Z,_Z,CP01,XDC,V,N,T0117,2021,454045,,F,1,A,6,CZK
OECD.SDD.NAD:DSD_NAMAIN10@DF_TABLE5(1.0),A,CZE,S14,S1,P31DC,_Z,_Z,CP044,XDC,V,N,T0117,2021,56808,,F,1,A,6,CZK
OECD.SDD.NAD:DSD_NAMAIN10@DF_TABLE5(1.0),A,CZE,S14,S1,P31DC,_Z,_Z,CP111,XDC,V,N,T0117,2022,185951,,F,1,A,6,CZK
OECD.SDD.NAD:DSD_NAMAIN10@DF_TABLE5(1.0),A,CZE,S14,S1,P31DC,_Z,_Z,CP121,XDC,V,N,T0117,2022,77846,,F,1,A,6,CZK
OECD.SDD.NAD:DSD_NAMAIN10@DF_TABLE5(1.0),A,CZE,S14,S1,P31DC,_Z,_Z,CP07,XDC,V,N,T0117,2022,316282,,F,1,A,6,CZK
OECD.SDD.NAD:DSD_NAMAIN10@DF_TABLE5(1.0),A,CZE,S14,S1,P31DC,_Z,_Z,CP02,XDC,V,N,T0117,2022,245676,,F,1,A,6,CZK
OECD.SDD.NAD:DSD_NAMAIN10@DF_TABLE5(1.0),A,CZE,S14,S1,P31DC,_Z,_Z,CP11,XDC,V,N,T0117,2022,235041,,F,1,A,6,CZK
OECD.SDD.NAD:DSD_NAMAIN10@DF_TABLE5(1.0),A,CZE,S14,S1,P31DC,_Z,_Z,CP08,XDC,V,N,T0117,2022,88487,,F,1,A,6,CZK
OECD.SDD.NAD:DSD_NAMAIN10@DF_TABLE5(1.0),A,CZE,S14,S1,P31DC,_Z,_Z,CP094,XDC,V,N,T0117,2022,122247,,F,1,A,6,CZK
OECD.SDD.NAD:DSD_NAMAIN10@DF_TABLE5(1.0),A,CZE,S14,S1,P31DC,_Z,_Z,CP062,XDC,V,N,T0117,2022,31377,,F,1,A,6,CZK
OECD.SDD.NAD:DSD_NAMAIN10@DF_TABLE5(1.0),A,CZE,S14,S1,P31DC,_Z,_Z,CP083,XDC,V,N,T0117,2022,76261,,F,1,A,6,CZK
OECD.SDD.NAD:DSD_NAMAIN10@DF_TABLE5(1.0),A,CZE,S14,S1,P31DC,_Z,_Z,CP127,XDC,V,N,T0117,2022,13797,,F,1,A,6,CZK
OECD.SDD.NAD:DSD_NAMAIN10@DF_TABLE5(1.0),A,CZE,S14,S1,P31DC,_Z,_Z,CP044,XDC,V,N,T0117,2022,55101,,F,1,A,6,CZK
OECD.SDD.NAD:DSD_NAMAIN10@DF_TABLE5(1.0),A,CZE,S14,S1,P31DC,_Z,_Z,CP01,XDC,V,N,T0117,2022,499104,,F,1,A,6,CZK
OECD.SDD.NAD:DSD_NAMAIN10@DF_TABLE5(1.0),A,CZE,S14,S1,P31DC,_Z,_Z,CP102,XDC,V,N,T0117,2022,1527,,F,1,A,6,CZK
OECD.SDD.NAD:DSD_NAMAIN10@DF_TABLE5(1.0),A,CZE,S14,S1,P31DC,_Z,_Z,CP053,XDC,V,N,T0117,2022,36395,,F,1,A,6,CZK
OECD.SDD.NAD:DSD_NAMAIN10@DF_TABLE5(1.0),A,CZE,S14,S1,P31DC,_Z,_Z,CP051,XDC,V,N,T0117,2022,64288,,F,1,A,6,CZK
OECD.SDD.NAD:DSD_NAMAIN10@DF_TABLE5(1.0),A,CZE,S14,S1,P31DC,_Z,_Z,CP101,XDC,V,N,T0117,2022,4485,,F,1,A,6,CZK
OECD.SDD.NAD:DSD_NAMAIN10@DF_TABLE5(1.0),A,CZE,S14,S1,P31DC,_Z,_Z,CP104,XDC,V,N,T0117,2022,4821,,F,1,A,6,CZK
OECD.SDD.NAD:DSD_NAMAIN10@DF_TABLE5(1.0),A,CZE,S14,S1,P31DC,_Z,_Z,CP03,XDC,V,N,T0117,2022,131963,,F,1,A,6,CZK
OECD.SDD.NAD:DSD_NAMAIN10@DF_TABLE5(1.0),A,CZE,S14,S1,P31DC,_Z,_Z,CP122_127,XDC,V,N,T0117,2022,14714,,F,1,A,6,CZK
OECD.SDD.NAD:DSD_NAMAIN10@DF_TABLE5(1.0),A,CZE,S14,S1,P31DC,_Z,_Z,CP021,XDC,V,N,T0117,2022,108798,,F,1,A,6,CZK
OECD.SDD.NAD:DSD_NAMAIN10@DF_TABLE5(1.0),A,CZE,S14,S1,P31DC,_Z,_Z,CP103,XDC,V,N,T0117,2022,87,,F,1,A,6,CZK
OECD.SDD.NAD:DSD_NAMAIN10@DF_TABLE5(1.0),A,CZE,S14,S1,P31DC,_Z,_Z,CP04,XDC,V,N,T0117,2022,821297,,F,1,A,6,CZK
OECD.SDD.NAD:DSD_NAMAIN10@DF_TABLE5(1.0),A,CZE,S14,S1,P31DC,_Z,_Z,CP052,XDC,V,N,T0117,2022,18885,,F,1,A,6,CZK
OECD.SDD.NAD:DSD_NAMAIN10@DF_TABLE5(1.0),A,CZE,S14,S1,P31DC,_Z,_Z,CP12,XDC,V,N,T0117,2022,252846,,F,1,A,6,CZK
OECD.SDD.NAD:DSD_NAMAIN10@DF_TABLE5(1.0),A,CZE,S14,S1,P31DC,_Z,_Z,CP06,XDC,V,N,T0117,2022,86152,,F,1,A,6,CZK
OECD.SDD.NAD:DSD_NAMAIN10@DF_TABLE5(1.0),A,CZE,S14,S1,P31DC,_Z,_Z,CP061,XDC,V,N,T0117,2022,48624,,F,1,A,6,CZK
OECD.SDD.NAD:DSD_NAMAIN10@DF_TABLE5(1.0),A,CZE,S14,S1,P31DC,_Z,_Z,CP045,XDC,V,N,T0117,2022,193636,,F,1,A,6,CZK
OECD.SDD.NAD:DSD_NAMAIN10@DF_TABLE5(1.0),A,CZE,S14,S1,P31DC,_Z,_Z,CP093,XDC,V,N,T0117,2022,50415,,F,1,A,6,CZK
OECD.SDD.NAD:DSD_NAMAIN10@DF_TABLE5(1.0),A,CZE,S14,S1,P31DC,_Z,_Z,CP091,XDC,V,N,T0117,2022,36062,,F,1,A,6,CZK
OECD.SDD.NAD:DSD_NAMAIN10@DF_TABLE5(1.0),A,CZE,S14,S1,P31DC,_Z,_Z,CP011,XDC,V,N,T0117,2022,451631,,F,1,A,6,CZK
OECD.SDD.NAD:DSD_NAMAIN10@DF_TABLE5(1.0),A,CZE,S14,S1,P31DC,_Z,_Z,CP125,XDC,V,N,T0117,2022,60696,,F,1,A,6,CZK
OECD.SDD.NAD:DSD_NAMAIN10@DF_TABLE5(1.0),A,CZE,S14,S1,P31DC,_Z,_Z,CP112,XDC,V,N,T0117,2022,49090,,F,1,A,6,CZK
OECD.SDD.NAD:DSD_NAMAIN10@DF_TABLE5(1.0),A,CZE,S14,S1,P31DC,_Z,_Z,CP09,XDC,V,N,T0117,2022,287723,,F,1,A,6,CZK
OECD.SDD.NAD:DSD_NAMAIN10@DF_TABLE5(1.0),A,CZE,S14,S1,P31DC,_Z,_Z,CP081,XDC,V,N,T0117,2022,2720,,F,1,A,6,CZK
OECD.SDD.NAD:DSD_NAMAIN10@DF_TABLE5(1.0),A,CZE,S14,S1,P31DC,_Z,_Z,CP043,XDC,V,N,T0117,2022,38021,,F,1,A,6,CZK
OECD.SDD.NAD:DSD_NAMAIN10@DF_TABLE5(1.0),A,CZE,S14,S1,P31DC,_Z,_Z,CP071,XDC,V,N,T0117,2022,121420,,F,1,A,6,CZK
OECD.SDD.NAD:DSD_NAMAIN10@DF_TABLE5(1.0),A,CZE,S14,S1,P31DC,_Z,_Z,CP022,XDC,V,N,T0117,2022,126843,,F,1,A,6,CZK
OECD.SDD.NAD:DSD_NAMAIN10@DF_TABLE5(1.0),A,CZE,S14,S1,P31DC,_Z,_Z,CP092,XDC,V,N,T0117,2022,4634,,F,1,A,6,CZK
OECD.SDD.NAD:DSD_NAMAIN10@DF_TABLE5(1.0),A,CZE,S14,S1,P31DC,_Z,_Z,CP055,XDC,V,N,T0117,2022,10848,,F,1,A,6,CZK
OECD.SDD.NAD:DSD_NAMAIN10@DF_TABLE5(1.0),A,CZE,S14,S1,P31DC,_Z,_Z,CP063,XDC,V,N,T0117,2022,6151,,F,1,A,6,CZK
OECD.SDD.NAD:DSD_NAMAIN10@DF_TABLE5(1.0),A,CZE,S14,S1,P31DC,_Z,_Z,CP023,XDC,V,N,T0117,2022,10035,,F,1,A,6,CZK
OECD.SDD.NAD:DSD_NAMAIN10@DF_TABLE5(1.0),A,CZE,S14,S1,P31DC,_Z,_Z,CP056,XDC,V,N,T0117,2022,33968,,F,1,A,6,CZK
OECD.SDD.NAD:DSD_NAMAIN10@DF_TABLE5(1.0),A,CZE,S14,S1,P31DC,_Z,_Z,CP096,XDC,V,N,T0117,2022,57231,,F,1,A,6,CZK
OECD.SDD.NAD:DSD_NAMAIN10@DF_TABLE5(1.0),A,CZE,S14,S1,P31DC,_Z,_Z,CP032,XDC,V,N,T0117,2022,31776,,F,1,A,6,CZK
OECD.SDD.NAD:DSD_NAMAIN10@DF_TABLE5(1.0),A,CZE,S14,S1,P31DC,_Z,_Z,CP054,XDC,V,N,T0117,2022,12562,,F,1,A,6,CZK
OECD.SDD.NAD:DSD_NAMAIN10@DF_TABLE5(1.0),A,CZE,S14,S1,P31DC,_Z,_Z,CP105,XDC,V,N,T0117,2022,6660,,F,1,A,6,CZK
OECD.SDD.NAD:DSD_NAMAIN10@DF_TABLE5(1.0),A,CZE,S14,S1,P31DC,_Z,_Z,CP05,XDC,V,N,T0117,2022,176946,,F,1,A,6,CZK
OECD.SDD.NAD:DSD_NAMAIN10@DF_TABLE5(1.0),A,CZE,S14,S1,P31DC,_Z,_Z,CP095,XDC,V,N,T0117,2022,17134,,F,1,A,6,CZK
OECD.SDD.NAD:DSD_NAMAIN10@DF_TABLE5(1.0),A,CZE,S14,S1,P31DC,_Z,_Z,CP041,XDC,V,N,T0117,2022,88374,,F,1,A,6,CZK
OECD.SDD.NAD:DSD_NAMAIN10@DF_TABLE5(1.0),A,CZE,S14,S1,P31DC,_Z,_Z,CP123,XDC,V,N,T0117,2022,17253,,F,1,A,6,CZK
OECD.SDD.NAD:DSD_NAMAIN10@DF_TABLE5(1.0),A,CZE,S14,S1,P31DC,_Z,_Z,CP082,XDC,V,N,T0117,2022,9506,,F,1,A,6,CZK
OECD.SDD.NAD:DSD_NAMAIN10@DF_TABLE5(1.0),A,CZE,S14,S1,P31DC,_Z,_Z,CP10,XDC,V,N,T0117,2022,17580,,F,1,A,6,CZK
OECD.SDD.NAD:DSD_NAMAIN10@DF_TABLE5(1.0),A,CZE,S14,S1,P31DC,_Z,_Z,CP031,XDC,V,N,T0117,2022,100187,,F,1,A,6,CZK
OECD.SDD.NAD:DSD_NAMAIN10@DF_TABLE5(1.0),A,CZE,S14,S1,P31DC,_Z,_Z,CP012,XDC,V,N,T0117,2022,47473,,F,1,A,6,CZK
OECD.SDD.NAD:DSD_NAMAIN10@DF_TABLE5(1.0),A,CZE,S14,S1,P31DC,_Z,_Z,CP042,XDC,V,N,T0117,2022,446165,,F,1,A,6,CZK
OECD.SDD.NAD:DSD_NAMAIN10@DF_TABLE5(1.0),A,CZE,S14,S1,P31DC,_Z,_Z,CP124,XDC,V,N,T0117,2022,21177,,F,1,A,6,CZK
OECD.SDD.NAD:DSD_NAMAIN10@DF_TABLE5(1.0),A,CZE,S14,S1,P31DC,_Z,_Z,CP122,XDC,V,N,T0117,2022,917,,F,1,A,6,CZK
OECD.SDD.NAD:DSD_NAMAIN10@DF_TABLE5(1.0),A,CZE,S14,S1,P31DC,_Z,_Z,_T,XDC,V,N,T0117,2022,3159097,,F,1,A,6,CZK
OECD.SDD.NAD:DSD_NAMAIN10@DF_TABLE5(1.0),A,CZE,S14,S1,P31DC,_Z,_Z,CP072,XDC,V,N,T0117,2022,164221,,F,1,A,6,CZK
OECD.SDD.NAD:DSD_NAMAIN10@DF_TABLE5(1.0),A,CZE,S14,S1,P31DC,_Z,_Z,CP126,XDC,V,N,T0117,2022,61160,,F,1,A,6,CZK
OECD.SDD.NAD:DSD_NAMAIN10@DF_TABLE5(1.0),A,CZE,S14,S1,P31DC,_Z,_Z,CP073,XDC,V,N,T0117,2022,30641,,F,1,A,6,CZK
OECD.SDD.NAD:DSD_NAMAIN10@DF_TABLE5(1.0),A,CRI,S14,S1,P31DC,_Z,_Z,CP126,XDC,V,N,T0117,2021,1317921.201,,F,1,A,6,CRC
OECD.SDD.NAD:DSD_NAMAIN10@DF_TABLE5(1.0),A,CRI,S14,S1,P31DC,_Z,_Z,CP056,XDC,V,N,T0117,2021,888124.151,,F,1,A,6,CRC
OECD.SDD.NAD:DSD_NAMAIN10@DF_TABLE5(1.0),A,CRI,S14,S1,P31DC,_Z,_Z,CP127,XDC,V,N,T0117,2021,474315.319,,F,1,A,6,CRC
OECD.SDD.NAD:DSD_NAMAIN10@DF_TABLE5(1.0),A,CRI,S14,S1,P31DC,_Z,_Z,CP012,XDC,V,N,T0117,2021,977733.166,,F,1,A,6,CRC
OECD.SDD.NAD:DSD_NAMAIN10@DF_TABLE5(1.0),A,CRI,S14,S1,P31DC,_Z,_Z,CP102,XDC,V,N,T0117,2021,156078.581,,F,1,A,6,CRC
OECD.SDD.NAD:DSD_NAMAIN10@DF_TABLE5(1.0),A,CRI,S14,S1,P31DC,_Z,_Z,CP082,XDC,V,N,T0117,2021,239636.072,,F,1,A,6,CRC
OECD.SDD.NAD:DSD_NAMAIN10@DF_TABLE5(1.0),A,CRI,S14,S1,P31DC,_Z,_Z,CP124,XDC,V,N,T0117,2021,122848.108,,F,1,A,6,CRC
OECD.SDD.NAD:DSD_NAMAIN10@DF_TABLE5(1.0),A,CRI,S14,S1,P31DC,_Z,_Z,CP055,XDC,V,N,T0117,2021,51162.069,,F,1,A,6,CRC
OECD.SDD.NAD:DSD_NAMAIN10@DF_TABLE5(1.0),A,CRI,S14,S1,P31DC,_Z,_Z,CP011,XDC,V,N,T0117,2021,4708221.133,,F,1,A,6,CRC
OECD.SDD.NAD:DSD_NAMAIN10@DF_TABLE5(1.0),A,CRI,S14,S1,P31DC,_Z,_Z,CP06,XDC,V,N,T0117,2021,1817775.141,,F,1,A,6,CRC
OECD.SDD.NAD:DSD_NAMAIN10@DF_TABLE5(1.0),A,CRI,S14,S1,P31DC,_Z,_Z,CP032,XDC,V,N,T0117,2021,190694.224,,F,1,A,6,CRC
OECD.SDD.NAD:DSD_NAMAIN10@DF_TABLE5(1.0),A,CRI,S14,S1,P31DC,_Z,_Z,CP05,XDC,V,N,T0117,2021,1396840.69,,F,1,A,6,CRC
OECD.SDD.NAD:DSD_NAMAIN10@DF_TABLE5(1.0),A,CRI,S14,S1,P31DC,_Z,_Z,_T,XDC,V,N,T0117,2021,25533345.76,,F,1,A,6,CRC
OECD.SDD.NAD:DSD_NAMAIN10@DF_TABLE5(1.0),A,CRI,S14,S1,P31DC,_Z,_Z,CP096,XDC,V,N,T0117,2021,51977.592,,F,1,A,6,CRC
OECD.SDD.NAD:DSD_NAMAIN10@DF_TABLE5(1.0),A,CRI,S14,S1,P31DC,_Z,_Z,CP095,XDC,V,N,T0117,2021,239486.328,,F,1,A,6,CRC
OECD.SDD.NAD:DSD_NAMAIN10@DF_TABLE5(1.0),A,CRI,S14,S1,P31DC,_Z,_Z,CP091,XDC,V,N,T0117,2021,340536.157,,F,1,A,6,CRC
OECD.SDD.NAD:DSD_NAMAIN10@DF_TABLE5(1.0),A,CRI,S14,S1,P31DC,_Z,_Z,CP054,XDC,V,N,T0117,2021,63022.6,,F,1,A,6,CRC
OECD.SDD.NAD:DSD_NAMAIN10@DF_TABLE5(1.0),A,CRI,S14,S1,P31DC,_Z,_Z,CP125,XDC,V,N,T0117,2021,400384.257,,F,1,A,6,CRC
OECD.SDD.NAD:DSD_NAMAIN10@DF_TABLE5(1.0),A,CRI,S14,S1,P31DC,_Z,_Z,CP02,XDC,V,N,T0117,2021,501421.975,,F,1,A,6,CRC
OECD.SDD.NAD:DSD_NAMAIN10@DF_TABLE5(1.0),A,CRI,S14,S1,P31DC,_Z,_Z,CP01,XDC,V,N,T0117,2021,5685954.3,,F,1,A,6,CRC
OECD.SDD.NAD:DSD_NAMAIN10@DF_TABLE5(1.0),A,CRI,S14,S1,P31DC,_Z,_Z,CP07,XDC,V,N,T0117,2021,3056969.782,,F,1,A,6,CRC
OECD.SDD.NAD:DSD_NAMAIN10@DF_TABLE5(1.0),A,CRI,S14,S1,P31DC,_Z,_Z,CP093,XDC,V,N,T0117,2021,428831.426,,F,1,A,6,CRC
OECD.SDD.NAD:DSD_NAMAIN10@DF_TABLE5(1.0),A,CRI,S14,S1,P31DC,_Z,_Z,CP121,XDC,V,N,T0117,2021,924787.199,,F,1,A,6,CRC
OECD.SDD.NAD:DSD_NAMAIN10@DF_TABLE5(1.0),A,CRI,S14,S1,P31DC,_Z,_Z,CP112,XDC,V,N,T0117,2021,161861.45,,F,1,A,6,CRC
OECD.SDD.NAD:DSD_NAMAIN10@DF_TABLE5(1.0),A,CRI,S14,S1,P31DC,_Z,_Z,CP022,XDC,V,N,T0117,2021,145696.758,,F,1,A,6,CRC
OECD.SDD.NAD:DSD_NAMAIN10@DF_TABLE5(1.0),A,CRI,S14,S1,P31DC,_Z,_Z,CP073,XDC,V,N,T0117,2021,1043439.387,,F,1,A,6,CRC
OECD.SDD.NAD:DSD_NAMAIN10@DF_TABLE5(1.0),A,CRI,S14,S1,P31DC,_Z,_Z,CP053,XDC,V,N,T0117,2021,197002.185,,F,1,A,6,CRC
OECD.SDD.NAD:DSD_NAMAIN10@DF_TABLE5(1.0),A,CRI,S14,S1,P31DC,_Z,_Z,CP045,XDC,V,N,T0117,2021,362366.377,,F,1,A,6,CRC
OECD.SDD.NAD:DSD_NAMAIN10@DF_TABLE5(1.0),A,CRI,S14,S1,P31DC,_Z,_Z,CP09,XDC,V,N,T0117,2021,1907527.72,,F,1,A,6,CRC
OECD.SDD.NAD:DSD_NAMAIN10@DF_TABLE5(1.0),A,CRI,S14,S1,P31DC,_Z,_Z,CP051,XDC,V,N,T0117,2021,105510.604,,F,1,A,6,CRC
OECD.SDD.NAD:DSD_NAMAIN10@DF_TABLE5(1.0),A,CRI,S14,S1,P31DC,_Z,_Z,CP063,XDC,V,N,T0117,2021,101137.644,,F,1,A,6,CRC
OECD.SDD.NAD:DSD_NAMAIN10@DF_TABLE5(1.0),A,CRI,S14,S1,P31DC,_Z,_Z,CP101,XDC,V,N,T0117,2021,224789.82,,F,1,A,6,CRC
OECD.SDD.NAD:DSD_NAMAIN10@DF_TABLE5(1.0),A,CRI,S14,S1,P31DC,_Z,_Z,CP081,XDC,V,N,T0117,2021,117453.041,,F,1,A,6,CRC
OECD.SDD.NAD:DSD_NAMAIN10@DF_TABLE5(1.0),A,CRI,S14,S1,P31DC,_Z,_Z,CP041,XDC,V,N,T0117,2021,721850.962,,F,1,A,6,CRC
OECD.SDD.NAD:DSD_NAMAIN10@DF_TABLE5(1.0),A,CRI,S14,S1,P31DC,_Z,_Z,CP042,XDC,V,N,T0117,2021,2353942.053,,F,1,A,6,CRC
OECD.SDD.NAD:DSD_NAMAIN10@DF_TABLE5(1.0),A,CRI,S14,S1,P31DC,_Z,_Z,CP031,XDC,V,N,T0117,2021,569819.761,,F,1,A,6,CRC
OECD.SDD.NAD:DSD_NAMAIN10@DF_TABLE5(1.0),A,CRI,S14,S1,P31DC,_Z,_Z,CP08,XDC,V,N,T0117,2021,869717.23,,F,1,A,6,CRC
OECD.SDD.NAD:DSD_NAMAIN10@DF_TABLE5(1.0),A,CRI,S14,S1,P31DC,_Z,_Z,CP11,XDC,V,N,T0117,2021,1024109.966,,F,1,A,6,CRC
OECD.SDD.NAD:DSD_NAMAIN10@DF_TABLE5(1.0),A,CRI,S14,S1,P31DC,_Z,_Z,CP061,XDC,V,N,T0117,2021,572430.027,,F,1,A,6,CRC
OECD.SDD.NAD:DSD_NAMAIN10@DF_TABLE5(1.0),A,CRI,S14,S1,P31DC,_Z,_Z,CP052,XDC,V,N,T0117,2021,92019.081,,F,1,A,6,CRC
OECD.SDD.NAD:DSD_NAMAIN10@DF_TABLE5(1.0),A,CRI,S14,S1,P31DC,_Z,_Z,CP04,XDC,V,N,T0117,2021,3986199.756,,F,1,A,6,CRC
OECD.SDD.NAD:DSD_NAMAIN10@DF_TABLE5(1.0),A,CRI,S14,S1,P31DC,_Z,_Z,CP12,XDC,V,N,T0117,2021,3361426.167,,F,1,A,6,CRC
OECD.SDD.NAD:DSD_NAMAIN10@DF_TABLE5(1.0),A,CRI,S14,S1,P31DC,_Z,_Z,CP105,XDC,V,N,T0117,2021,65014.22,,F,1,A,6,CRC
OECD.SDD.NAD:DSD_NAMAIN10@DF_TABLE5(1.0),A,CRI,S14,S1,P31DC,_Z,_Z,CP103,XDC,V,N,T0117,2021,18649.842,,F,1,A,6,CRC
OECD.SDD.NAD:DSD_NAMAIN10@DF_TABLE5(1.0),A,CRI,S14,S1,P31DC,_Z,_Z,CP071,XDC,V,N,T0117,2021,403800.87,,F,1,A,6,CRC
OECD.SDD.NAD:DSD_NAMAIN10@DF_TABLE5(1.0),A,CRI,S14,S1,P31DC,_Z,_Z,CP044,XDC,V,N,T0117,2021,362224.595,,F,1,A,6,CRC
OECD.SDD.NAD:DSD_NAMAIN10@DF_TABLE5(1.0),A,CRI,S14,S1,P31DC,_Z,_Z,CP062,XDC,V,N,T0117,2021,1144207.469,,F,1,A,6,CRC
OECD.SDD.NAD:DSD_NAMAIN10@DF_TABLE5(1.0),A,CRI,S14,S1,P31DC,_Z,_Z,CP03,XDC,V,N,T0117,2021,760513.984,,F,1,A,6,CRC
OECD.SDD.NAD:DSD_NAMAIN10@DF_TABLE5(1.0),A,CRI,S14,S1,P31DC,_Z,_Z,CP092,XDC,V,N,T0117,2021,16077.825,,F,1,A,6,CRC
OECD.SDD.NAD:DSD_NAMAIN10@DF_TABLE5(1.0),A,CRI,S14,S1,P31DC,_Z,_Z,CP111,XDC,V,N,T0117,2021,862248.516,,F,1,A,6,CRC
OECD.SDD.NAD:DSD_NAMAIN10@DF_TABLE5(1.0),A,CRI,S14,S1,P31DC,_Z,_Z,CP083,XDC,V,N,T0117,2021,512628.117,,F,1,A,6,CRC
OECD.SDD.NAD:DSD_NAMAIN10@DF_TABLE5(1.0),A,CRI,S14,S1,P31DC,_Z,_Z,CP094,XDC,V,N,T0117,2021,830618.392,,F,1,A,6,CRC
OECD.SDD.NAD:DSD_NAMAIN10@DF_TABLE5(1.0),A,CRI,S14,S1,P31DC,_Z,_Z,CP021,XDC,V,N,T0117,2021,355307.11,,F,1,A,6,CRC
OECD.SDD.NAD:DSD_NAMAIN10@DF_TABLE5(1.0),A,CRI,S14,S1,P31DC,_Z,_Z,CP072,XDC,V,N,T0117,2021,1609729.525,,F,1,A,6,CRC
OECD.SDD.NAD:DSD_NAMAIN10@DF_TABLE5(1.0),A,CRI,S14,S1,P31DC,_Z,_Z,CP104,XDC,V,N,T0117,2021,700356.587,,F,1,A,6,CRC
OECD.SDD.NAD:DSD_NAMAIN10@DF_TABLE5(1.0),A,CRI,S14,S1,P31DC,_Z,_Z,CP123,XDC,V,N,T0117,2021,121170.084,,F,1,A,6,CRC
OECD.SDD.NAD:DSD_NAMAIN10@DF_TABLE5(1.0),A,CRI,S14,S1,P31DC,_Z,_Z,CP10,XDC,V,N,T0117,2021,1164889.049,,F,1,A,6,CRC
OECD.SDD.NAD:DSD_NAMAIN10@DF_TABLE5(1.0),A,CRI,S14,S1,P31DC,_Z,_Z,CP023,XDC,V,N,T0117,2021,418.108,,F,1,A,6,CRC
OECD.SDD.NAD:DSD_NAMAIN10@DF_TABLE5(1.0),A,CRI,S14,S1,P31DC,_Z,_Z,CP043,XDC,V,N,T0117,2021,185815.768,,F,1,A,6,CRC
OECD.SDD.NAD:DSD_NAMAIN10@DF_TABLE5(1.0),A,SWE,S14,S1,P31DC,_Z,_Z,CP104,XDC,V,N,T0117,2021,0,,F,1,A,6,SEK
OECD.SDD.NAD:DSD_NAMAIN10@DF_TABLE5(1.0),A,SWE,S14,S1,P31DC,_Z,_Z,CP044,XDC,V,N,T0117,2021,0,,F,1,A,6,SEK
OECD.SDD.NAD:DSD_NAMAIN10@DF_TABLE5(1.0),A,SWE,S14,S1,P31DC,_Z,_Z,CP105,XDC,V,N,T0117,2021,0,,F,1,A,6,SEK
OECD.SDD.NAD:DSD_NAMAIN10@DF_TABLE5(1.0),A,SWE,S14,S1,P31DC,_Z,_Z,CP103,XDC,V,N,T0117,2021,0,,F,1,A,6,SEK
OECD.SDD.NAD:DSD_NAMAIN10@DF_TABLE5(1.0),A,SWE,S14,S1,P31DC,_Z,_Z,CP102,XDC,V,N,T0117,2021,0,,F,1,A,6,SEK
OECD.SDD.NAD:DSD_NAMAIN10@DF_TABLE5(1.0),A,SWE,S14,S1,P31DC,_Z,_Z,CP102,XDC,V,N,T0117,2022,0,,F,1,A,6,SEK
OECD.SDD.NAD:DSD_NAMAIN10@DF_TABLE5(1.0),A,SWE,S14,S1,P31DC,_Z,_Z,CP104,XDC,V,N,T0117,2022,0,,F,1,A,6,SEK
OECD.SDD.NAD:DSD_NAMAIN10@DF_TABLE5(1.0),A,SWE,S14,S1,P31DC,_Z,_Z,CP044,XDC,V,N,T0117,2022,0,,F,1,A,6,SEK
OECD.SDD.NAD:DSD_NAMAIN10@DF_TABLE5(1.0),A,SWE,S14,S1,P31DC,_Z,_Z,CP105,XDC,V,N,T0117,2022,0,,F,1,A,6,SEK
OECD.SDD.NAD:DSD_NAMAIN10@DF_TABLE5(1.0),A,SWE,S14,S1,P31DC,_Z,_Z,CP103,XDC,V,N,T0117,2022,0,,F,1,A,6,SEK
OECD.SDD.NAD:DSD_NAMAIN10@DF_TABLE5(1.0),A,CRI,S14,S1,P31DC,_Z,_Z,CP122,XDC,V,N,T0117,2021,0,,F,1,A,6,CRC
OECD.SDD.NAD:DSD_NAMAIN10@DF_TABLE5(1.0),A,CAN,S14,S1,P31DC,_Z,_Z,CP022,XDC,V,N,T0117,2021,18860,,F,1,A,6,CAD
OECD.SDD.NAD:DSD_NAMAIN10@DF_TABLE5(1.0),A,CAN,S14,S1,P31DC,_Z,_Z,CP032,XDC,V,N,T0117,2021,7627,,F,1,A,6,CAD
OECD.SDD.NAD:DSD_NAMAIN10@DF_TABLE5(1.0),A,CAN,S14,S1,P31DC,_Z,_Z,CP082,XDC,V,N,T0117,2021,1409,,F,1,A,6,CAD
OECD.SDD.NAD:DSD_NAMAIN10@DF_TABLE5(1.0),A,CAN,S14,S1,P31DC,_Z,_Z,CP081,XDC,V,N,T0117,2021,2142,,F,1,A,6,CAD
OECD.SDD.NAD:DSD_NAMAIN10@DF_TABLE5(1.0),A,CAN,S14,S1,P31DC,_Z,_Z,CP045,XDC,V,N,T0117,2021,31258,,F,1,A,6,CAD
OECD.SDD.NAD:DSD_NAMAIN10@DF_TABLE5(1.0),A,CAN,S14,S1,P31DC,_Z,_Z,CP123,XDC,V,N,T0117,2021,9106,,F,1,A,6,CAD
OECD.SDD.NAD:DSD_NAMAIN10@DF_TABLE5(1.0),A,CAN,S14,S1,P31DC,_Z,_Z,CP044,XDC,V,N,T0117,2021,10241,,F,1,A,6,CAD
OECD.SDD.NAD:DSD_NAMAIN10@DF_TABLE5(1.0),A,CAN,S14,S1,P31DC,_Z,_Z,CP043,XDC,V,N,T0117,2021,4766,,F,1,A,6,CAD
OECD.SDD.NAD:DSD_NAMAIN10@DF_TABLE5(1.0),A,CAN,S14,S1,P31DC,_Z,_Z,CP082,XDC,V,N,T0117,2022,1691,,F,1,A,6,CAD
OECD.SDD.NAD:DSD_NAMAIN10@DF_TABLE5(1.0),A,USA,S14,S1,P31DC,_Z,_Z,CP022,XDC,V,N,T0117,2021,124502,,F,1,A,6,USD
OECD.SDD.NAD:DSD_NAMAIN10@DF_TABLE5(1.0),A,USA,S14,S1,P31DC,_Z,_Z,CP022,XDC,V,N,T0117,2022,122447,,F,1,A,6,USD
OECD.SDD.NAD:DSD_NAMAIN10@DF_TABLE5(1.0),A,DNK,S14,S1,P31DC,_Z,_Z,CP103,XDC,V,N,T0117,2021,1658.416,,F,1,A,6,DKK
OECD.SDD.NAD:DSD_NAMAIN10@DF_TABLE5(1.0),A,DNK,S14,S1,P31DC,_Z,_Z,CP12,XDC,V,N,T0117,2021,135688.215,,F,1,A,6,DKK
OECD.SDD.NAD:DSD_NAMAIN10@DF_TABLE5(1.0),A,DNK,S14,S1,P31DC,_Z,_Z,CP094,XDC,V,N,T0117,2021,44074.845,,F,1,A,6,DKK
OECD.SDD.NAD:DSD_NAMAIN10@DF_TABLE5(1.0),A,DNK,S14,S1,P31DC,_Z,_Z,CP081,XDC,V,N,T0117,2021,170.414,,F,1,A,6,DKK
OECD.SDD.NAD:DSD_NAMAIN10@DF_TABLE5(1.0),A,DNK,S14,S1,P31DC,_Z,_Z,CP10,XDC,V,N,T0117,2021,9490.255,,F,1,A,6,DKK
OECD.SDD.NAD:DSD_NAMAIN10@DF_TABLE5(1.0),A,DNK,S14,S1,P31DC,_Z,_Z,CP07,XDC,V,N,T0117,2021,122609.547,,F,1,A,6,DKK
OECD.SDD.NAD:DSD_NAMAIN10@DF_TABLE5(1.0),A,DNK,S14,S1,P31DC,_Z,_Z,CP072,XDC,V,N,T0117,2021,64557.504,,F,1,A,6,DKK
OECD.SDD.NAD:DSD_NAMAIN10@DF_TABLE5(1.0),A,DNK,S14,S1,P31DC,_Z,_Z,CP096,XDC,V,N,T0117,2021,6513.816,,F,1,A,6,DKK
OECD.SDD.NAD:DSD_NAMAIN10@DF_TABLE5(1.0),A,DNK,S14,S1,P31DC,_Z,_Z,CP05,XDC,V,N,T0117,2021,67126.229,,F,1,A,6,DKK
OECD.SDD.NAD:DSD_NAMAIN10@DF_TABLE5(1.0),A,DNK,S14,S1,P31DC,_Z,_Z,CP063,XDC,V,N,T0117,2021,4569.476,,F,1,A,6,DKK
OECD.SDD.NAD:DSD_NAMAIN10@DF_TABLE5(1.0),A,DNK,S14,S1,P31DC,_Z,_Z,CP11,XDC,V,N,T0117,2021,60180.458,,F,1,A,6,DKK
OECD.SDD.NAD:DSD_NAMAIN10@DF_TABLE5(1.0),A,DNK,S14,S1,P31DC,_Z,_Z,CP093,XDC,V,N,T0117,2021,27888.282,,F,1,A,6,DKK
OECD.SDD.NAD:DSD_NAMAIN10@DF_TABLE5(1.0),A,DNK,S14,S1,P31DC,_Z,_Z,CP124,XDC,V,N,T0117,2021,17056.141,,F,1,A,6,DKK
OECD.SDD.NAD:DSD_NAMAIN10@DF_TABLE5(1.0),A,DNK,S14,S1,P31DC,_Z,_Z,CP101,XDC,V,N,T0117,2021,2313.082,,F,1,A,6,DKK
OECD.SDD.NAD:DSD_NAMAIN10@DF_TABLE5(1.0),A,DNK,S14,S1,P31DC,_Z,_Z,CP042,XDC,V,N,T0117,2021,137510.402,,F,1,A,6,DKK
OECD.SDD.NAD:DSD_NAMAIN10@DF_TABLE5(1.0),A,DNK,S14,S1,P31DC,_Z,_Z,CP091,XDC,V,N,T0117,2021,26934.611,,F,1,A,6,DKK
OECD.SDD.NAD:DSD_NAMAIN10@DF_TABLE5(1.0),A,DNK,S14,S1,P31DC,_Z,_Z,CP073,XDC,V,N,T0117,2021,8661.928,,F,1,A,6,DKK
OECD.SDD.NAD:DSD_NAMAIN10@DF_TABLE5(1.0),A,DNK,S14,S1,P31DC,_Z,_Z,CP056,XDC,V,N,T0117,2021,7949.144,,F,1,A,6,DKK
OECD.SDD.NAD:DSD_NAMAIN10@DF_TABLE5(1.0),A,DNK,S14,S1,P31DC,_Z,_Z,CP105,XDC,V,N,T0117,2021,3975.344,,F,1,A,6,DKK
OECD.SDD.NAD:DSD_NAMAIN10@DF_TABLE5(1.0),A,DNK,S14,S1,P31DC,_Z,_Z,CP123,XDC,V,N,T0117,2021,7642.218,,F,1,A,6,DKK
OECD.SDD.NAD:DSD_NAMAIN10@DF_TABLE5(1.0),A,DNK,S14,S1,P31DC,_Z,_Z,CP011,XDC,V,N,T0117,2021,118371.446,,F,1,A,6,DKK
OECD.SDD.NAD:DSD_NAMAIN10@DF_TABLE5(1.0),A,DNK,S14,S1,P31DC,_Z,_Z,CP052,XDC,V,N,T0117,2021,6814.736,,F,1,A,6,DKK
OECD.SDD.NAD:DSD_NAMAIN10@DF_TABLE5(1.0),A,DNK,S14,S1,P31DC,_Z,_Z,CP071,XDC,V,N,T0117,2021,49390.115,,F,1,A,6,DKK
OECD.SDD.NAD:DSD_NAMAIN10@DF_TABLE5(1.0),A,DNK,S14,S1,P31DC,_Z,_Z,CP092,XDC,V,N,T0117,2021,7851.454,,F,1,A,6,DKK
OECD.SDD.NAD:DSD_NAMAIN10@DF_TABLE5(1.0),A,DNK,S14,S1,P31DC,_Z,_Z,_T,XDC,V,N,T0117,2021,1120752.78,,F,1,A,6,DKK
OECD.SDD.NAD:DSD_NAMAIN10@DF_TABLE5(1.0),A,DNK,S14,S1,P31DC,_Z,_Z,CP104,XDC,V,N,T0117,2021,342.534,,F,1,A,6,DKK
OECD.SDD.NAD:DSD_NAMAIN10@DF_TABLE5(1.0),A,DNK,S14,S1,P31DC,_Z,_Z,CP09,XDC,V,N,T0117,2021,123096.593,,F,1,A,6,DKK
OECD.SDD.NAD:DSD_NAMAIN10@DF_TABLE5(1.0),A,DNK,S14,S1,P31DC,_Z,_Z,CP112,XDC,V,N,T0117,2021,8397.297,,F,1,A,6,DKK
OECD.SDD.NAD:DSD_NAMAIN10@DF_TABLE5(1.0),A,DNK,S14,S1,P31DC,_Z,_Z,CP021,XDC,V,N,T0117,2021,20695.809,,F,1,A,6,DKK
OECD.SDD.NAD:DSD_NAMAIN10@DF_TABLE5(1.0),A,DNK,S14,S1,P31DC,_Z,_Z,CP054,XDC,V,N,T0117,2021,7089.944,,F,1,A,6,DKK
OECD.SDD.NAD:DSD_NAMAIN10@DF_TABLE5(1.0),A,DNK,S14,S1,P31DC,_Z,_Z,CP051,XDC,V,N,T0117,2021,27161.532,,F,1,A,6,DKK
OECD.SDD.NAD:DSD_NAMAIN10@DF_TABLE5(1.0),A,DNK,S14,S1,P31DC,_Z,_Z,CP01,XDC,V,N,T0117,2021,135346.134,,F,1,A,6,DKK
OECD.SDD.NAD:DSD_NAMAIN10@DF_TABLE5(1.0),A,DNK,S14,S1,P31DC,_Z,_Z,CP061,XDC,V,N,T0117,2021,15508.008,,F,1,A,6,DKK
OECD.SDD.NAD:DSD_NAMAIN10@DF_TABLE5(1.0),A,DNK,S14,S1,P31DC,_Z,_Z,CP031,XDC,V,N,T0117,2021,36962.245,,F,1,A,6,DKK
OECD.SDD.NAD:DSD_NAMAIN10@DF_TABLE5(1.0),A,DNK,S14,S1,P31DC,_Z,_Z,CP045,XDC,V,N,T0117,2021,56560.938,,F,1,A,6,DKK
OECD.SDD.NAD:DSD_NAMAIN10@DF_TABLE5(1.0),A,DNK,S14,S1,P31DC,_Z,_Z,CP032,XDC,V,N,T0117,2021,10533.529,,F,1,A,6,DKK
OECD.SDD.NAD:DSD_NAMAIN10@DF_TABLE5(1.0),A,DNK,S14,S1,P31DC,_Z,_Z,CP08,XDC,V,N,T0117,2021,21577.702,,F,1,A,6,DKK
OECD.SDD.NAD:DSD_NAMAIN10@DF_TABLE5(1.0),A,DNK,S14,S1,P31DC,_Z,_Z,CP03,XDC,V,N,T0117,2021,47495.774,,F,1,A,6,DKK
OECD.SDD.NAD:DSD_NAMAIN10@DF_TABLE5(1.0),A,DNK,S14,S1,P31DC,_Z,_Z,CP06,XDC,V,N,T0117,2021,33270.041,,F,1,A,6,DKK
OECD.SDD.NAD:DSD_NAMAIN10@DF_TABLE5(1.0),A,DNK,S14,S1,P31DC,_Z,_Z,CP062,XDC,V,N,T0117,2021,13192.557,,F,1,A,6,DKK
OECD.SDD.NAD:DSD_NAMAIN10@DF_TABLE5(1.0),A,DNK,S14,S1,P31DC,_Z,_Z,CP083,XDC,V,N,T0117,2021,15476.901,,F,1,A,6,DKK
OECD.SDD.NAD:DSD_NAMAIN10@DF_TABLE5(1.0),A,DNK,S14,S1,P31DC,_Z,_Z,CP121,XDC,V,N,T0117,2021,22770.707,,F,1,A,6,DKK
OECD.SDD.NAD:DSD_NAMAIN10@DF_TABLE5(1.0),A,DNK,S14,S1,P31DC,_Z,_Z,CP053,XDC,V,N,T0117,2021,10955.353,,F,1,A,6,DKK
OECD.SDD.NAD:DSD_NAMAIN10@DF_TABLE5(1.0),A,DNK,S14,S1,P31DC,_Z,_Z,CP044,XDC,V,N,T0117,2021,26048.395,,F,1,A,6,DKK
OECD.SDD.NAD:DSD_NAMAIN10@DF_TABLE5(1.0),A,DNK,S14,S1,P31DC,_Z,_Z,CP022,XDC,V,N,T0117,2021,21221.859,,F,1,A,6,DKK
OECD.SDD.NAD:DSD_NAMAIN10@DF_TABLE5(1.0),A,DNK,S14,S1,P31DC,_Z,_Z,CP102,XDC,V,N,T0117,2021,1200.88,,F,1,A,6,DKK
OECD.SDD.NAD:DSD_NAMAIN10@DF_TABLE5(1.0),A,DNK,S14,S1,P31DC,_Z,_Z,CP012,XDC,V,N,T0117,2021,16974.688,,F,1,A,6,DKK
OECD.SDD.NAD:DSD_NAMAIN10@DF_TABLE5(1.0),A,DNK,S14,S1,P31DC,_Z,_Z,CP095,XDC,V,N,T0117,2021,9833.584,,F,1,A,6,DKK
OECD.SDD.NAD:DSD_NAMAIN10@DF_TABLE5(1.0),A,DNK,S14,S1,P31DC,_Z,_Z,CP04,XDC,V,N,T0117,2021,319818.783,,F,1,A,6,DKK
OECD.SDD.NAD:DSD_NAMAIN10@DF_TABLE5(1.0),A,DNK,S14,S1,P31DC,_Z,_Z,CP041,XDC,V,N,T0117,2021,88477.484,,F,1,A,6,DKK
OECD.SDD.NAD:DSD_NAMAIN10@DF_TABLE5(1.0),A,DNK,S14,S1,P31DC,_Z,_Z,CP125,XDC,V,N,T0117,2021,28030.628,,F,1,A,6,DKK
OECD.SDD.NAD:DSD_NAMAIN10@DF_TABLE5(1.0),A,DNK,S14,S1,P31DC,_Z,_Z,CP055,XDC,V,N,T0117,2021,7155.52,,F,1,A,6,DKK
OECD.SDD.NAD:DSD_NAMAIN10@DF_TABLE5(1.0),A,DNK,S14,S1,P31DC,_Z,_Z,CP043,XDC,V,N,T0117,2021,11221.564,,F,1,A,6,DKK
OECD.SDD.NAD:DSD_NAMAIN10@DF_TABLE5(1.0),A,DNK,S14,S1,P31DC,_Z,_Z,CP111,XDC,V,N,T0117,2021,51783.161,,F,1,A,6,DKK
OECD.SDD.NAD:DSD_NAMAIN10@DF_TABLE5(1.0),A,DNK,S14,S1,P31DC,_Z,_Z,CP122_127,XDC,V,N,T0117,2021,10974.311,,F,1,A,6,DKK
OECD.SDD.NAD:DSD_NAMAIN10@DF_TABLE5(1.0),A,DNK,S14,S1,P31DC,_Z,_Z,CP126,XDC,V,N,T0117,2021,49214.21,,F,1,A,6,DKK
OECD.SDD.NAD:DSD_NAMAIN10@DF_TABLE5(1.0),A,DNK,S14,S1,P31DC,_Z,_Z,CP02,XDC,V,N,T0117,2021,45053.049,,F,1,A,6,DKK
OECD.SDD.NAD:DSD_NAMAIN10@DF_TABLE5(1.0),A,DNK,S14,S1,P31DC,_Z,_Z,CP082,XDC,V,N,T0117,2021,5930.387,,F,1,A,6,DKK
OECD.SDD.NAD:DSD_NAMAIN10@DF_TABLE5(1.0),A,DNK,S14,S1,P31DC,_Z,_Z,CP061,XDC,V,N,T0117,2022,16244.919,,F,1,A,6,DKK
OECD.SDD.NAD:DSD_NAMAIN10@DF_TABLE5(1.0),A,DNK,S14,S1,P31DC,_Z,_Z,CP01,XDC,V,N,T0117,2022,143223.39,,F,1,A,6,DKK
OECD.SDD.NAD:DSD_NAMAIN10@DF_TABLE5(1.0),A,DNK,S14,S1,P31DC,_Z,_Z,CP051,XDC,V,N,T0117,2022,26778.881,,F,1,A,6,DKK
OECD.SDD.NAD:DSD_NAMAIN10@DF_TABLE5(1.0),A,DNK,S14,S1,P31DC,_Z,_Z,CP031,XDC,V,N,T0117,2022,38686.063,,F,1,A,6,DKK
OECD.SDD.NAD:DSD_NAMAIN10@DF_TABLE5(1.0),A,DNK,S14,S1,P31DC,_Z,_Z,CP045,XDC,V,N,T0117,2022,75895.792,,F,1,A,6,DKK
OECD.SDD.NAD:DSD_NAMAIN10@DF_TABLE5(1.0),A,DNK,S14,S1,P31DC,_Z,_Z,CP032,XDC,V,N,T0117,2022,10985.918,,F,1,A,6,DKK
OECD.SDD.NAD:DSD_NAMAIN10@DF_TABLE5(1.0),A,DNK,S14,S1,P31DC,_Z,_Z,CP08,XDC,V,N,T0117,2022,20345.169,,F,1,A,6,DKK
OECD.SDD.NAD:DSD_NAMAIN10@DF_TABLE5(1.0),A,DNK,S14,S1,P31DC,_Z,_Z,CP03,XDC,V,N,T0117,2022,49671.981,,F,1,A,6,DKK
OECD.SDD.NAD:DSD_NAMAIN10@DF_TABLE5(1.0),A,DNK,S14,S1,P31DC,_Z,_Z,CP06,XDC,V,N,T0117,2022,33747.844,,F,1,A,6,DKK
OECD.SDD.NAD:DSD_NAMAIN10@DF_TABLE5(1.0),A,DNK,S14,S1,P31DC,_Z,_Z,CP021,XDC,V,N,T0117,2022,22189.47,,F,1,A,6,DKK
OECD.SDD.NAD:DSD_NAMAIN10@DF_TABLE5(1.0),A,DNK,S14,S1,P31DC,_Z,_Z,CP054,XDC,V,N,T0117,2022,7014.93,,F,1,A,6,DKK
OECD.SDD.NAD:DSD_NAMAIN10@DF_TABLE5(1.0),A,DNK,S14,S1,P31DC,_Z,_Z,CP055,XDC,V,N,T0117,2022,6733.191,,F,1,A,6,DKK
OECD.SDD.NAD:DSD_NAMAIN10@DF_TABLE5(1.0),A,DNK,S14,S1,P31DC,_Z,_Z,CP125,XDC,V,N,T0117,2022,30112.565,,F,1,A,6,DKK
OECD.SDD.NAD:DSD_NAMAIN10@DF_TABLE5(1.0),A,DNK,S14,S1,P31DC,_Z,_Z,CP043,XDC,V,N,T0117,2022,13148.473,,F,1,A,6,DKK
OECD.SDD.NAD:DSD_NAMAIN10@DF_TABLE5(1.0),A,DNK,S14,S1,P31DC,_Z,_Z,CP012,XDC,V,N,T0117,2022,17781.973,,F,1,A,6,DKK
OECD.SDD.NAD:DSD_NAMAIN10@DF_TABLE5(1.0),A,DNK,S14,S1,P31DC,_Z,_Z,CP041,XDC,V,N,T0117,2022,92699.993,,F,1,A,6,DKK
OECD.SDD.NAD:DSD_NAMAIN10@DF_TABLE5(1.0),A,DNK,S14,S1,P31DC,_Z,_Z,CP04,XDC,V,N,T0117,2022,352910.852,,F,1,A,6,DKK
OECD.SDD.NAD:DSD_NAMAIN10@DF_TABLE5(1.0),A,DNK,S14,S1,P31DC,_Z,_Z,CP095,XDC,V,N,T0117,2022,10376.548,,F,1,A,6,DKK
OECD.SDD.NAD:DSD_NAMAIN10@DF_TABLE5(1.0),A,DNK,S14,S1,P31DC,_Z,_Z,CP102,XDC,V,N,T0117,2022,1257.413,,F,1,A,6,DKK
OECD.SDD.NAD:DSD_NAMAIN10@DF_TABLE5(1.0),A,DNK,S14,S1,P31DC,_Z,_Z,CP022,XDC,V,N,T0117,2022,17903.371,,F,1,A,6,DKK
OECD.SDD.NAD:DSD_NAMAIN10@DF_TABLE5(1.0),A,DNK,S14,S1,P31DC,_Z,_Z,CP044,XDC,V,N,T0117,2022,26947.726,,F,1,A,6,DKK
OECD.SDD.NAD:DSD_NAMAIN10@DF_TABLE5(1.0),A,DNK,S14,S1,P31DC,_Z,_Z,CP053,XDC,V,N,T0117,2022,10502.198,,F,1,A,6,DKK
OECD.SDD.NAD:DSD_NAMAIN10@DF_TABLE5(1.0),A,DNK,S14,S1,P31DC,_Z,_Z,CP121,XDC,V,N,T0117,2022,25921.059,,F,1,A,6,DKK
OECD.SDD.NAD:DSD_NAMAIN10@DF_TABLE5(1.0),A,DNK,S14,S1,P31DC,_Z,_Z,CP083,XDC,V,N,T0117,2022,14584.112,,F,1,A,6,DKK
OECD.SDD.NAD:DSD_NAMAIN10@DF_TABLE5(1.0),A,DNK,S14,S1,P31DC,_Z,_Z,CP062,XDC,V,N,T0117,2022,13059.424,,F,1,A,6,DKK
OECD.SDD.NAD:DSD_NAMAIN10@DF_TABLE5(1.0),A,DNK,S14,S1,P31DC,_Z,_Z,CP082,XDC,V,N,T0117,2022,5575.342,,F,1,A,6,DKK
OECD.SDD.NAD:DSD_NAMAIN10@DF_TABLE5(1.0),A,DNK,S14,S1,P31DC,_Z,_Z,CP02,XDC,V,N,T0117,2022,43266.281,,F,1,A,6,DKK
OECD.SDD.NAD:DSD_NAMAIN10@DF_TABLE5(1.0),A,DNK,S14,S1,P31DC,_Z,_Z,CP122_127,XDC,V,N,T0117,2022,11876.276,,F,1,A,6,DKK
OECD.SDD.NAD:DSD_NAMAIN10@DF_TABLE5(1.0),A,DNK,S14,S1,P31DC,_Z,_Z,CP126,XDC,V,N,T0117,2022,51440.373,,F,1,A,6,DKK
OECD.SDD.NAD:DSD_NAMAIN10@DF_TABLE5(1.0),A,DNK,S14,S1,P31DC,_Z,_Z,CP111,XDC,V,N,T0117,2022,67036.814,,F,1,A,6,DKK
OECD.SDD.NAD:DSD_NAMAIN10@DF_TABLE5(1.0),A,DNK,S14,S1,P31DC,_Z,_Z,CP09,XDC,V,N,T0117,2022,137600.06,,F,1,A,6,DKK
OECD.SDD.NAD:DSD_NAMAIN10@DF_TABLE5(1.0),A,DNK,S14,S1,P31DC,_Z,_Z,CP112,XDC,V,N,T0117,2022,14344.977,,F,1,A,6,DKK
OECD.SDD.NAD:DSD_NAMAIN10@DF_TABLE5(1.0),A,DNK,S14,S1,P31DC,_Z,_Z,CP104,XDC,V,N,T0117,2022,358.659,,F,1,A,6,DKK
OECD.SDD.NAD:DSD_NAMAIN10@DF_TABLE5(1.0),A,DNK,S14,S1,P31DC,_Z,_Z,CP092,XDC,V,N,T0117,2022,7276.906,,F,1,A,6,DKK
OECD.SDD.NAD:DSD_NAMAIN10@DF_TABLE5(1.0),A,DNK,S14,S1,P31DC,_Z,_Z,_T,XDC,V,N,T0117,2022,1213836.674,,F,1,A,6,DKK
OECD.SDD.NAD:DSD_NAMAIN10@DF_TABLE5(1.0),A,DNK,S14,S1,P31DC,_Z,_Z,CP123,XDC,V,N,T0117,2022,8253.437,,F,1,A,6,DKK
OECD.SDD.NAD:DSD_NAMAIN10@DF_TABLE5(1.0),A,DNK,S14,S1,P31DC,_Z,_Z,CP011,XDC,V,N,T0117,2022,125441.417,,F,1,A,6,DKK
OECD.SDD.NAD:DSD_NAMAIN10@DF_TABLE5(1.0),A,DNK,S14,S1,P31DC,_Z,_Z,CP052,XDC,V,N,T0117,2022,6846.68,,F,1,A,6,DKK
OECD.SDD.NAD:DSD_NAMAIN10@DF_TABLE5(1.0),A,DNK,S14,S1,P31DC,_Z,_Z,CP071,XDC,V,N,T0117,2022,44151.318,,F,1,A,6,DKK
OECD.SDD.NAD:DSD_NAMAIN10@DF_TABLE5(1.0),A,DNK,S14,S1,P31DC,_Z,_Z,CP056,XDC,V,N,T0117,2022,8267.726,,F,1,A,6,DKK
OECD.SDD.NAD:DSD_NAMAIN10@DF_TABLE5(1.0),A,DNK,S14,S1,P31DC,_Z,_Z,CP105,XDC,V,N,T0117,2022,4162.489,,F,1,A,6,DKK
OECD.SDD.NAD:DSD_NAMAIN10@DF_TABLE5(1.0),A,DNK,S14,S1,P31DC,_Z,_Z,CP124,XDC,V,N,T0117,2022,16724.92,,F,1,A,6,DKK
OECD.SDD.NAD:DSD_NAMAIN10@DF_TABLE5(1.0),A,DNK,S14,S1,P31DC,_Z,_Z,CP101,XDC,V,N,T0117,2022,2421.973,,F,1,A,6,DKK
OECD.SDD.NAD:DSD_NAMAIN10@DF_TABLE5(1.0),A,DNK,S14,S1,P31DC,_Z,_Z,CP042,XDC,V,N,T0117,2022,144218.869,,F,1,A,6,DKK
OECD.SDD.NAD:DSD_NAMAIN10@DF_TABLE5(1.0),A,DNK,S14,S1,P31DC,_Z,_Z,CP091,XDC,V,N,T0117,2022,25993.658,,F,1,A,6,DKK
OECD.SDD.NAD:DSD_NAMAIN10@DF_TABLE5(1.0),A,DNK,S14,S1,P31DC,_Z,_Z,CP073,XDC,V,N,T0117,2022,12509.437,,F,1,A,6,DKK
OECD.SDD.NAD:DSD_NAMAIN10@DF_TABLE5(1.0),A,DNK,S14,S1,P31DC,_Z,_Z,CP12,XDC,V,N,T0117,2022,144328.63,,F,1,A,6,DKK
OECD.SDD.NAD:DSD_NAMAIN10@DF_TABLE5(1.0),A,DNK,S14,S1,P31DC,_Z,_Z,CP094,XDC,V,N,T0117,2022,51803.225,,F,1,A,6,DKK
OECD.SDD.NAD:DSD_NAMAIN10@DF_TABLE5(1.0),A,DNK,S14,S1,P31DC,_Z,_Z,CP081,XDC,V,N,T0117,2022,185.716,,F,1,A,6,DKK
OECD.SDD.NAD:DSD_NAMAIN10@DF_TABLE5(1.0),A,DNK,S14,S1,P31DC,_Z,_Z,CP103,XDC,V,N,T0117,2022,1736.488,,F,1,A,6,DKK
OECD.SDD.NAD:DSD_NAMAIN10@DF_TABLE5(1.0),A,DNK,S14,S1,P31DC,_Z,_Z,CP072,XDC,V,N,T0117,2022,74619.294,,F,1,A,6,DKK
OECD.SDD.NAD:DSD_NAMAIN10@DF_TABLE5(1.0),A,DNK,S14,S1,P31DC,_Z,_Z,CP07,XDC,V,N,T0117,2022,131280.049,,F,1,A,6,DKK
OECD.SDD.NAD:DSD_NAMAIN10@DF_TABLE5(1.0),A,DNK,S14,S1,P31DC,_Z,_Z,CP10,XDC,V,N,T0117,2022,9937.022,,F,1,A,6,DKK
OECD.SDD.NAD:DSD_NAMAIN10@DF_TABLE5(1.0),A,DNK,S14,S1,P31DC,_Z,_Z,CP096,XDC,V,N,T0117,2022,14392.832,,F,1,A,6,DKK
OECD.SDD.NAD:DSD_NAMAIN10@DF_TABLE5(1.0),A,DNK,S14,S1,P31DC,_Z,_Z,CP05,XDC,V,N,T0117,2022,66143.606,,F,1,A,6,DKK
OECD.SDD.NAD:DSD_NAMAIN10@DF_TABLE5(1.0),A,DNK,S14,S1,P31DC,_Z,_Z,CP093,XDC,V,N,T0117,2022,27756.891,,F,1,A,6,DKK
OECD.SDD.NAD:DSD_NAMAIN10@DF_TABLE5(1.0),A,DNK,S14,S1,P31DC,_Z,_Z,CP11,XDC,V,N,T0117,2022,81381.79,,F,1,A,6,DKK
OECD.SDD.NAD:DSD_NAMAIN10@DF_TABLE5(1.0),A,DNK,S14,S1,P31DC,_Z,_Z,CP063,XDC,V,N,T0117,2022,4443.501,,F,1,A,6,DKK
OECD.SDD.NAD:DSD_NAMAIN10@DF_TABLE5(1.0),A,ROU,S14,S1,P31DC,_Z,_Z,CP092,XDC,V,N,T0117,2022,1606.4,,F,1,P,6,RON
OECD.SDD.NAD:DSD_NAMAIN10@DF_TABLE5(1.0),A,ROU,S14,S1,P31DC,_Z,_Z,CP06,XDC,V,N,T0117,2022,60052.4,,F,1,P,6,RON
OECD.SDD.NAD:DSD_NAMAIN10@DF_TABLE5(1.0),A,ROU,S14,S1,P31DC,_Z,_Z,CP053,XDC,V,N,T0117,2022,12868.5,,F,1,P,6,RON
OECD.SDD.NAD:DSD_NAMAIN10@DF_TABLE5(1.0),A,ROU,S14,S1,P31DC,_Z,_Z,CP124,XDC,V,N,T0117,2022,3025.4,,F,1,P,6,RON
OECD.SDD.NAD:DSD_NAMAIN10@DF_TABLE5(1.0),A,ROU,S14,S1,P31DC,_Z,_Z,CP083,XDC,V,N,T0117,2022,23235.8,,F,1,P,6,RON
OECD.SDD.NAD:DSD_NAMAIN10@DF_TABLE5(1.0),A,ROU,S14,S1,P31DC,_Z,_Z,CP104,XDC,V,N,T0117,2022,3190.8,,F,1,P,6,RON
OECD.SDD.NAD:DSD_NAMAIN10@DF_TABLE5(1.0),A,ROU,S14,S1,P31DC,_Z,_Z,CP04,XDC,V,N,T0117,2022,159909,,F,1,P,6,RON
OECD.SDD.NAD:DSD_NAMAIN10@DF_TABLE5(1.0),A,ROU,S14,S1,P31DC,_Z,_Z,CP051,XDC,V,N,T0117,2022,5659.2,,F,1,P,6,RON
OECD.SDD.NAD:DSD_NAMAIN10@DF_TABLE5(1.0),A,ROU,S14,S1,P31DC,_Z,_Z,CP045,XDC,V,N,T0117,2022,29397.4,,F,1,P,6,RON
OECD.SDD.NAD:DSD_NAMAIN10@DF_TABLE5(1.0),A,ROU,S14,S1,P31DC,_Z,_Z,CP082,XDC,V,N,T0117,2022,5211.8,,F,1,P,6,RON
OECD.SDD.NAD:DSD_NAMAIN10@DF_TABLE5(1.0),A,ROU,S14,S1,P31DC,_Z,_Z,CP111,XDC,V,N,T0117,2022,24023.1,,F,1,P,6,RON
OECD.SDD.NAD:DSD_NAMAIN10@DF_TABLE5(1.0),A,ROU,S14,S1,P31DC,_Z,_Z,CP022,XDC,V,N,T0117,2022,33545.9,,F,1,P,6,RON
OECD.SDD.NAD:DSD_NAMAIN10@DF_TABLE5(1.0),A,ROU,S14,S1,P31DC,_Z,_Z,CP061,XDC,V,N,T0117,2022,40842.1,,F,1,P,6,RON
OECD.SDD.NAD:DSD_NAMAIN10@DF_TABLE5(1.0),A,ROU,S14,S1,P31DC,_Z,_Z,CP071,XDC,V,N,T0117,2022,26734.7,,F,1,P,6,RON
OECD.SDD.NAD:DSD_NAMAIN10@DF_TABLE5(1.0),A,ROU,S14,S1,P31DC,_Z,_Z,CP021,XDC,V,N,T0117,2022,21505.1,,F,1,P,6,RON
OECD.SDD.NAD:DSD_NAMAIN10@DF_TABLE5(1.0),A,ROU,S14,S1,P31DC,_Z,_Z,CP105,XDC,V,N,T0117,2022,5749,,F,1,P,6,RON
OECD.SDD.NAD:DSD_NAMAIN10@DF_TABLE5(1.0),A,ROU,S14,S1,P31DC,_Z,_Z,CP043,XDC,V,N,T0117,2022,8170.8,,F,1,P,6,RON
OECD.SDD.NAD:DSD_NAMAIN10@DF_TABLE5(1.0),A,ROU,S14,S1,P31DC,_Z,_Z,CP072,XDC,V,N,T0117,2022,44598.4,,F,1,P,6,RON
OECD.SDD.NAD:DSD_NAMAIN10@DF_TABLE5(1.0),A,ROU,S14,S1,P31DC,_Z,_Z,CP042,XDC,V,N,T0117,2022,106336.5,,F,1,P,6,RON
OECD.SDD.NAD:DSD_NAMAIN10@DF_TABLE5(1.0),A,ROU,S14,S1,P31DC,_Z,_Z,CP07,XDC,V,N,T0117,2022,96286.8,,F,1,P,6,RON
OECD.SDD.NAD:DSD_NAMAIN10@DF_TABLE5(1.0),A,ROU,S14,S1,P31DC,_Z,_Z,CP096,XDC,V,N,T0117,2022,4014.4,,F,1,P,6,RON
OECD.SDD.NAD:DSD_NAMAIN10@DF_TABLE5(1.0),A,ROU,S14,S1,P31DC,_Z,_Z,CP03,XDC,V,N,T0117,2022,54647.3,,F,1,P,6,RON
OECD.SDD.NAD:DSD_NAMAIN10@DF_TABLE5(1.0),A,ROU,S14,S1,P31DC,_Z,_Z,CP055,XDC,V,N,T0117,2022,9935.3,,F,1,P,6,RON
OECD.SDD.NAD:DSD_NAMAIN10@DF_TABLE5(1.0),A,ROU,S14,S1,P31DC,_Z,_Z,CP09,XDC,V,N,T0117,2022,52283.5,,F,1,P,6,RON
OECD.SDD.NAD:DSD_NAMAIN10@DF_TABLE5(1.0),A,ROU,S14,S1,P31DC,_Z,_Z,CP127,XDC,V,N,T0117,2022,6650.7,,F,1,P,6,RON
OECD.SDD.NAD:DSD_NAMAIN10@DF_TABLE5(1.0),A,ROU,S14,S1,P31DC,_Z,_Z,CP095,XDC,V,N,T0117,2022,4731.7,,F,1,P,6,RON
OECD.SDD.NAD:DSD_NAMAIN10@DF_TABLE5(1.0),A,ROU,S14,S1,P31DC,_Z,_Z,CP093,XDC,V,N,T0117,2022,11728.2,,F,1,P,6,RON
OECD.SDD.NAD:DSD_NAMAIN10@DF_TABLE5(1.0),A,ROU,S14,S1,P31DC,_Z,_Z,CP101,XDC,V,N,T0117,2022,1347.9,,F,1,P,6,RON
OECD.SDD.NAD:DSD_NAMAIN10@DF_TABLE5(1.0),A,ROU,S14,S1,P31DC,_Z,_Z,CP121,XDC,V,N,T0117,2022,14302.6,,F,1,P,6,RON
OECD.SDD.NAD:DSD_NAMAIN10@DF_TABLE5(1.0),A,ROU,S14,S1,P31DC,_Z,_Z,CP122_127,XDC,V,N,T0117,2022,6800.9,,F,1,P,6,RON
OECD.SDD.NAD:DSD_NAMAIN10@DF_TABLE5(1.0),A,ROU,S14,S1,P31DC,_Z,_Z,CP032,XDC,V,N,T0117,2022,22395,,F,1,P,6,RON
OECD.SDD.NAD:DSD_NAMAIN10@DF_TABLE5(1.0),A,ROU,S14,S1,P31DC,_Z,_Z,CP073,XDC,V,N,T0117,2022,24953.7,,F,1,P,6,RON
OECD.SDD.NAD:DSD_NAMAIN10@DF_TABLE5(1.0),A,ROU,S14,S1,P31DC,_Z,_Z,CP011,XDC,V,N,T0117,2022,205824.6,,F,1,P,6,RON
OECD.SDD.NAD:DSD_NAMAIN10@DF_TABLE5(1.0),A,ROU,S14,S1,P31DC,_Z,_Z,CP091,XDC,V,N,T0117,2022,14211.5,,F,1,P,6,RON
OECD.SDD.NAD:DSD_NAMAIN10@DF_TABLE5(1.0),A,ROU,S14,S1,P31DC,_Z,_Z,CP041,XDC,V,N,T0117,2022,2939.7,,F,1,P,6,RON
OECD.SDD.NAD:DSD_NAMAIN10@DF_TABLE5(1.0),A,ROU,S14,S1,P31DC,_Z,_Z,CP11,XDC,V,N,T0117,2022,31091.5,,F,1,P,6,RON
OECD.SDD.NAD:DSD_NAMAIN10@DF_TABLE5(1.0),A,ROU,S14,S1,P31DC,_Z,_Z,CP062,XDC,V,N,T0117,2022,18657.3,,F,1,P,6,RON
OECD.SDD.NAD:DSD_NAMAIN10@DF_TABLE5(1.0),A,ROU,S14,S1,P31DC,_Z,_Z,CP103,XDC,V,N,T0117,2022,288.9,,F,1,P,6,RON
OECD.SDD.NAD:DSD_NAMAIN10@DF_TABLE5(1.0),A,ROU,S14,S1,P31DC,_Z,_Z,CP122,XDC,V,N,T0117,2022,150.2,,F,1,P,6,RON
OECD.SDD.NAD:DSD_NAMAIN10@DF_TABLE5(1.0),A,ROU,S14,S1,P31DC,_Z,_Z,CP054,XDC,V,N,T0117,2022,8291,,F,1,P,6,RON
OECD.SDD.NAD:DSD_NAMAIN10@DF_TABLE5(1.0),A,ROU,S14,S1,P31DC,_Z,_Z,CP044,XDC,V,N,T0117,2022,13064.6,,F,1,P,6,RON
OECD.SDD.NAD:DSD_NAMAIN10@DF_TABLE5(1.0),A,ROU,S14,S1,P31DC,_Z,_Z,CP094,XDC,V,N,T0117,2022,15991.3,,F,1,P,6,RON
OECD.SDD.NAD:DSD_NAMAIN10@DF_TABLE5(1.0),A,ROU,S14,S1,P31DC,_Z,_Z,CP12,XDC,V,N,T0117,2022,36585.2,,F,1,P,6,RON
OECD.SDD.NAD:DSD_NAMAIN10@DF_TABLE5(1.0),A,ROU,S14,S1,P31DC,_Z,_Z,CP012,XDC,V,N,T0117,2022,11149.1,,F,1,P,6,RON
OECD.SDD.NAD:DSD_NAMAIN10@DF_TABLE5(1.0),A,ROU,S14,S1,P31DC,_Z,_Z,CP052,XDC,V,N,T0117,2022,6615.1,,F,1,P,6,RON
OECD.SDD.NAD:DSD_NAMAIN10@DF_TABLE5(1.0),A,ROU,S14,S1,P31DC,_Z,_Z,CP123,XDC,V,N,T0117,2022,3842.2,,F,1,P,6,RON
OECD.SDD.NAD:DSD_NAMAIN10@DF_TABLE5(1.0),A,ROU,S14,S1,P31DC,_Z,_Z,CP102,XDC,V,N,T0117,2022,178.7,,F,1,P,6,RON
OECD.SDD.NAD:DSD_NAMAIN10@DF_TABLE5(1.0),A,ROU,S14,S1,P31DC,_Z,_Z,CP081,XDC,V,N,T0117,2022,716.2,,F,1,P,6,RON
OECD.SDD.NAD:DSD_NAMAIN10@DF_TABLE5(1.0),A,ROU,S14,S1,P31DC,_Z,_Z,CP125,XDC,V,N,T0117,2022,4241.6,,F,1,P,6,RON
OECD.SDD.NAD:DSD_NAMAIN10@DF_TABLE5(1.0),A,ROU,S14,S1,P31DC,_Z,_Z,CP02,XDC,V,N,T0117,2022,56777.1,,F,1,P,6,RON
OECD.SDD.NAD:DSD_NAMAIN10@DF_TABLE5(1.0),A,ROU,S14,S1,P31DC,_Z,_Z,CP112,XDC,V,N,T0117,2022,7068.4,,F,1,P,6,RON
OECD.SDD.NAD:DSD_NAMAIN10@DF_TABLE5(1.0),A,ROU,S14,S1,P31DC,_Z,_Z,CP031,XDC,V,N,T0117,2022,32252.3,,F,1,P,6,RON
OECD.SDD.NAD:DSD_NAMAIN10@DF_TABLE5(1.0),A,ROU,S14,S1,P31DC,_Z,_Z,CP05,XDC,V,N,T0117,2022,64952.5,,F,1,P,6,RON
OECD.SDD.NAD:DSD_NAMAIN10@DF_TABLE5(1.0),A,ROU,S14,S1,P31DC,_Z,_Z,CP10,XDC,V,N,T0117,2022,10755.3,,F,1,P,6,RON
OECD.SDD.NAD:DSD_NAMAIN10@DF_TABLE5(1.0),A,ROU,S14,S1,P31DC,_Z,_Z,CP056,XDC,V,N,T0117,2022,21583.4,,F,1,P,6,RON
OECD.SDD.NAD:DSD_NAMAIN10@DF_TABLE5(1.0),A,ROU,S14,S1,P31DC,_Z,_Z,CP01,XDC,V,N,T0117,2022,216973.7,,F,1,P,6,RON
OECD.SDD.NAD:DSD_NAMAIN10@DF_TABLE5(1.0),A,ROU,S14,S1,P31DC,_Z,_Z,CP063,XDC,V,N,T0117,2022,553,,F,1,P,6,RON
OECD.SDD.NAD:DSD_NAMAIN10@DF_TABLE5(1.0),A,ROU,S14,S1,P31DC,_Z,_Z,CP023,XDC,V,N,T0117,2022,1726.1,,F,1,P,6,RON
OECD.SDD.NAD:DSD_NAMAIN10@DF_TABLE5(1.0),A,ROU,S14,S1,P31DC,_Z,_Z,CP08,XDC,V,N,T0117,2022,29163.8,,F,1,P,6,RON
OECD.SDD.NAD:DSD_NAMAIN10@DF_TABLE5(1.0),A,ROU,S14,S1,P31DC,_Z,_Z,CP126,XDC,V,N,T0117,2022,4372.5,,F,1,P,6,RON
OECD.SDD.NAD:DSD_NAMAIN10@DF_TABLE5(1.0),A,ROU,S14,S1,P31DC,_Z,_Z,CP032,XDC,V,N,T0117,2021,18532.6,,F,1,P,6,RON
OECD.SDD.NAD:DSD_NAMAIN10@DF_TABLE5(1.0),A,ROU,S14,S1,P31DC,_Z,_Z,CP073,XDC,V,N,T0117,2021,20650.1,,F,1,P,6,RON
OECD.SDD.NAD:DSD_NAMAIN10@DF_TABLE5(1.0),A,ROU,S14,S1,P31DC,_Z,_Z,CP011,XDC,V,N,T0117,2021,170325.9,,F,1,P,6,RON
OECD.SDD.NAD:DSD_NAMAIN10@DF_TABLE5(1.0),A,ROU,S14,S1,P31DC,_Z,_Z,CP091,XDC,V,N,T0117,2021,12836.8,,F,1,P,6,RON
OECD.SDD.NAD:DSD_NAMAIN10@DF_TABLE5(1.0),A,ROU,S14,S1,P31DC,_Z,_Z,CP041,XDC,V,N,T0117,2021,2432.6,,F,1,P,6,RON
OECD.SDD.NAD:DSD_NAMAIN10@DF_TABLE5(1.0),A,ROU,S14,S1,P31DC,_Z,_Z,CP062,XDC,V,N,T0117,2021,14747.7,,F,1,P,6,RON
OECD.SDD.NAD:DSD_NAMAIN10@DF_TABLE5(1.0),A,ROU,S14,S1,P31DC,_Z,_Z,CP11,XDC,V,N,T0117,2021,25729.3,,F,1,P,6,RON
OECD.SDD.NAD:DSD_NAMAIN10@DF_TABLE5(1.0),A,ROU,S14,S1,P31DC,_Z,_Z,CP103,XDC,V,N,T0117,2021,239.1,,F,1,P,6,RON
OECD.SDD.NAD:DSD_NAMAIN10@DF_TABLE5(1.0),A,ROU,S14,S1,P31DC,_Z,_Z,CP122,XDC,V,N,T0117,2021,124.2,,F,1,P,6,RON
OECD.SDD.NAD:DSD_NAMAIN10@DF_TABLE5(1.0),A,ROU,S14,S1,P31DC,_Z,_Z,CP054,XDC,V,N,T0117,2021,6861.2,,F,1,P,6,RON
OECD.SDD.NAD:DSD_NAMAIN10@DF_TABLE5(1.0),A,ROU,S14,S1,P31DC,_Z,_Z,CP044,XDC,V,N,T0117,2021,10811.3,,F,1,P,6,RON
OECD.SDD.NAD:DSD_NAMAIN10@DF_TABLE5(1.0),A,ROU,S14,S1,P31DC,_Z,_Z,CP031,XDC,V,N,T0117,2021,26689.7,,F,1,P,6,RON
OECD.SDD.NAD:DSD_NAMAIN10@DF_TABLE5(1.0),A,ROU,S14,S1,P31DC,_Z,_Z,CP05,XDC,V,N,T0117,2021,55230.6,,F,1,P,6,RON
OECD.SDD.NAD:DSD_NAMAIN10@DF_TABLE5(1.0),A,ROU,S14,S1,P31DC,_Z,_Z,CP10,XDC,V,N,T0117,2021,8900.4,,F,1,P,6,RON
OECD.SDD.NAD:DSD_NAMAIN10@DF_TABLE5(1.0),A,ROU,S14,S1,P31DC,_Z,_Z,CP056,XDC,V,N,T0117,2021,17861,,F,1,P,6,RON
OECD.SDD.NAD:DSD_NAMAIN10@DF_TABLE5(1.0),A,ROU,S14,S1,P31DC,_Z,_Z,CP01,XDC,V,N,T0117,2021,179552.2,,F,1,P,6,RON
OECD.SDD.NAD:DSD_NAMAIN10@DF_TABLE5(1.0),A,ROU,S14,S1,P31DC,_Z,_Z,CP063,XDC,V,N,T0117,2021,585.8,,F,1,P,6,RON
OECD.SDD.NAD:DSD_NAMAIN10@DF_TABLE5(1.0),A,ROU,S14,S1,P31DC,_Z,_Z,CP023,XDC,V,N,T0117,2021,1428.4,,F,1,P,6,RON
OECD.SDD.NAD:DSD_NAMAIN10@DF_TABLE5(1.0),A,ROU,S14,S1,P31DC,_Z,_Z,CP08,XDC,V,N,T0117,2021,24798.6,,F,1,P,6,RON
OECD.SDD.NAD:DSD_NAMAIN10@DF_TABLE5(1.0),A,ROU,S14,S1,P31DC,_Z,_Z,CP126,XDC,V,N,T0117,2021,3618.4,,F,1,P,6,RON
OECD.SDD.NAD:DSD_NAMAIN10@DF_TABLE5(1.0),A,ROU,S14,S1,P31DC,_Z,_Z,CP094,XDC,V,N,T0117,2021,13233.2,,F,1,P,6,RON
OECD.SDD.NAD:DSD_NAMAIN10@DF_TABLE5(1.0),A,ROU,S14,S1,P31DC,_Z,_Z,CP12,XDC,V,N,T0117,2021,31109,,F,1,P,6,RON
OECD.SDD.NAD:DSD_NAMAIN10@DF_TABLE5(1.0),A,ROU,S14,S1,P31DC,_Z,_Z,CP012,XDC,V,N,T0117,2021,9226.3,,F,1,P,6,RON
OECD.SDD.NAD:DSD_NAMAIN10@DF_TABLE5(1.0),A,ROU,S14,S1,P31DC,_Z,_Z,CP052,XDC,V,N,T0117,2021,5474.2,,F,1,P,6,RON
OECD.SDD.NAD:DSD_NAMAIN10@DF_TABLE5(1.0),A,ROU,S14,S1,P31DC,_Z,_Z,CP123,XDC,V,N,T0117,2021,4013.2,,F,1,P,6,RON
OECD.SDD.NAD:DSD_NAMAIN10@DF_TABLE5(1.0),A,ROU,S14,S1,P31DC,_Z,_Z,CP102,XDC,V,N,T0117,2021,147.9,,F,1,P,6,RON
OECD.SDD.NAD:DSD_NAMAIN10@DF_TABLE5(1.0),A,ROU,S14,S1,P31DC,_Z,_Z,CP081,XDC,V,N,T0117,2021,592.7,,F,1,P,6,RON
OECD.SDD.NAD:DSD_NAMAIN10@DF_TABLE5(1.0),A,ROU,S14,S1,P31DC,_Z,_Z,CP125,XDC,V,N,T0117,2021,3510.1,,F,1,P,6,RON
OECD.SDD.NAD:DSD_NAMAIN10@DF_TABLE5(1.0),A,ROU,S14,S1,P31DC,_Z,_Z,CP02,XDC,V,N,T0117,2021,46984.8,,F,1,P,6,RON
OECD.SDD.NAD:DSD_NAMAIN10@DF_TABLE5(1.0),A,ROU,S14,S1,P31DC,_Z,_Z,CP112,XDC,V,N,T0117,2021,5849.4,,F,1,P,6,RON
OECD.SDD.NAD:DSD_NAMAIN10@DF_TABLE5(1.0),A,ROU,S14,S1,P31DC,_Z,_Z,CP092,XDC,V,N,T0117,2021,1444.4,,F,1,P,6,RON
OECD.SDD.NAD:DSD_NAMAIN10@DF_TABLE5(1.0),A,ROU,S14,S1,P31DC,_Z,_Z,CP06,XDC,V,N,T0117,2021,49695.3,,F,1,P,6,RON
OECD.SDD.NAD:DSD_NAMAIN10@DF_TABLE5(1.0),A,ROU,S14,S1,P31DC,_Z,_Z,CP053,XDC,V,N,T0117,2021,11555.6,,F,1,P,6,RON
OECD.SDD.NAD:DSD_NAMAIN10@DF_TABLE5(1.0),A,ROU,S14,S1,P31DC,_Z,_Z,CP124,XDC,V,N,T0117,2021,2503.6,,F,1,P,6,RON
OECD.SDD.NAD:DSD_NAMAIN10@DF_TABLE5(1.0),A,ROU,S14,S1,P31DC,_Z,_Z,CP083,XDC,V,N,T0117,2021,19228.3,,F,1,P,6,RON
OECD.SDD.NAD:DSD_NAMAIN10@DF_TABLE5(1.0),A,ROU,S14,S1,P31DC,_Z,_Z,CP104,XDC,V,N,T0117,2021,2640.5,,F,1,P,6,RON
OECD.SDD.NAD:DSD_NAMAIN10@DF_TABLE5(1.0),A,ROU,S14,S1,P31DC,_Z,_Z,CP04,XDC,V,N,T0117,2021,129924.7,,F,1,P,6,RON
OECD.SDD.NAD:DSD_NAMAIN10@DF_TABLE5(1.0),A,ROU,S14,S1,P31DC,_Z,_Z,CP051,XDC,V,N,T0117,2021,5128.3,,F,1,P,6,RON
OECD.SDD.NAD:DSD_NAMAIN10@DF_TABLE5(1.0),A,ROU,S14,S1,P31DC,_Z,_Z,CP045,XDC,V,N,T0117,2021,28507.7,,F,1,P,6,RON
OECD.SDD.NAD:DSD_NAMAIN10@DF_TABLE5(1.0),A,ROU,S14,S1,P31DC,_Z,_Z,CP082,XDC,V,N,T0117,2021,4977.6,,F,1,P,6,RON
OECD.SDD.NAD:DSD_NAMAIN10@DF_TABLE5(1.0),A,ROU,S14,S1,P31DC,_Z,_Z,CP111,XDC,V,N,T0117,2021,19879.9,,F,1,P,6,RON
OECD.SDD.NAD:DSD_NAMAIN10@DF_TABLE5(1.0),A,ROU,S14,S1,P31DC,_Z,_Z,CP022,XDC,V,N,T0117,2021,27760.2,,F,1,P,6,RON
OECD.SDD.NAD:DSD_NAMAIN10@DF_TABLE5(1.0),A,ROU,S14,S1,P31DC,_Z,_Z,CP061,XDC,V,N,T0117,2021,34361.8,,F,1,P,6,RON
OECD.SDD.NAD:DSD_NAMAIN10@DF_TABLE5(1.0),A,ROU,S14,S1,P31DC,_Z,_Z,CP071,XDC,V,N,T0117,2021,24318.2,,F,1,P,6,RON
OECD.SDD.NAD:DSD_NAMAIN10@DF_TABLE5(1.0),A,ROU,S14,S1,P31DC,_Z,_Z,CP021,XDC,V,N,T0117,2021,17796.2,,F,1,P,6,RON
OECD.SDD.NAD:DSD_NAMAIN10@DF_TABLE5(1.0),A,ROU,S14,S1,P31DC,_Z,_Z,CP105,XDC,V,N,T0117,2021,4757.5,,F,1,P,6,RON
OECD.SDD.NAD:DSD_NAMAIN10@DF_TABLE5(1.0),A,ROU,S14,S1,P31DC,_Z,_Z,CP043,XDC,V,N,T0117,2021,7428.7,,F,1,P,6,RON
OECD.SDD.NAD:DSD_NAMAIN10@DF_TABLE5(1.0),A,ROU,S14,S1,P31DC,_Z,_Z,CP072,XDC,V,N,T0117,2021,36906.3,,F,1,P,6,RON
OECD.SDD.NAD:DSD_NAMAIN10@DF_TABLE5(1.0),A,ROU,S14,S1,P31DC,_Z,_Z,CP042,XDC,V,N,T0117,2021,80744.4,,F,1,P,6,RON
OECD.SDD.NAD:DSD_NAMAIN10@DF_TABLE5(1.0),A,ROU,S14,S1,P31DC,_Z,_Z,CP07,XDC,V,N,T0117,2021,81874.6,,F,1,P,6,RON
OECD.SDD.NAD:DSD_NAMAIN10@DF_TABLE5(1.0),A,ROU,S14,S1,P31DC,_Z,_Z,CP096,XDC,V,N,T0117,2021,3322,,F,1,P,6,RON
OECD.SDD.NAD:DSD_NAMAIN10@DF_TABLE5(1.0),A,ROU,S14,S1,P31DC,_Z,_Z,CP055,XDC,V,N,T0117,2021,8350.3,,F,1,P,6,RON
OECD.SDD.NAD:DSD_NAMAIN10@DF_TABLE5(1.0),A,ROU,S14,S1,P31DC,_Z,_Z,CP03,XDC,V,N,T0117,2021,45222.3,,F,1,P,6,RON
OECD.SDD.NAD:DSD_NAMAIN10@DF_TABLE5(1.0),A,ROU,S14,S1,P31DC,_Z,_Z,CP09,XDC,V,N,T0117,2021,44457.6,,F,1,P,6,RON
OECD.SDD.NAD:DSD_NAMAIN10@DF_TABLE5(1.0),A,ROU,S14,S1,P31DC,_Z,_Z,CP127,XDC,V,N,T0117,2021,5503.7,,F,1,P,6,RON
OECD.SDD.NAD:DSD_NAMAIN10@DF_TABLE5(1.0),A,ROU,S14,S1,P31DC,_Z,_Z,CP095,XDC,V,N,T0117,2021,3915.7,,F,1,P,6,RON
OECD.SDD.NAD:DSD_NAMAIN10@DF_TABLE5(1.0),A,ROU,S14,S1,P31DC,_Z,_Z,CP093,XDC,V,N,T0117,2021,9705.5,,F,1,P,6,RON
OECD.SDD.NAD:DSD_NAMAIN10@DF_TABLE5(1.0),A,ROU,S14,S1,P31DC,_Z,_Z,CP101,XDC,V,N,T0117,2021,1115.4,,F,1,P,6,RON
OECD.SDD.NAD:DSD_NAMAIN10@DF_TABLE5(1.0),A,ROU,S14,S1,P31DC,_Z,_Z,CP121,XDC,V,N,T0117,2021,11835.8,,F,1,P,6,RON
OECD.SDD.NAD:DSD_NAMAIN10@DF_TABLE5(1.0),A,ROU,S14,S1,P31DC,_Z,_Z,CP122_127,XDC,V,N,T0117,2021,5627.9,,F,1,P,6,RON
OECD.SDD.NAD:DSD_NAMAIN10@DF_TABLE5(1.0),A,HUN,S14,S1,P31DC,_Z,_Z,_T,XDC,V,N,T0117,2023,36936393,,F,1,P,6,HUF
OECD.SDD.NAD:DSD_NAMAIN10@DF_TABLE5(1.0),A,MEX,S14,S1,P31DC,_Z,_Z,CP101,XDC,V,N,T0117,2023,80117.734,,F,1,P,6,MXN
OECD.SDD.NAD:DSD_NAMAIN10@DF_TABLE5(1.0),A,MEX,S14,S1,P31DC,_Z,_Z,CP081,XDC,V,N,T0117,2023,50945.76,,F,1,P,6,MXN
OECD.SDD.NAD:DSD_NAMAIN10@DF_TABLE5(1.0),A,MEX,S14,S1,P31DC,_Z,_Z,CP082,XDC,V,N,T0117,2023,165.349,,F,1,P,6,MXN
OECD.SDD.NAD:DSD_NAMAIN10@DF_TABLE5(1.0),A,MEX,S14,S1,P31DC,_Z,_Z,CP042,XDC,V,N,T0117,2023,1961380.052,,F,1,P,6,MXN
OECD.SDD.NAD:DSD_NAMAIN10@DF_TABLE5(1.0),A,MEX,S14,S1,P31DC,_Z,_Z,CP103,XDC,V,N,T0117,2023,1078.609,,F,1,P,6,MXN
OECD.SDD.NAD:DSD_NAMAIN10@DF_TABLE5(1.0),A,FRA,S14,S1,P31DC,_Z,_Z,_T,XDC,V,N,T0117,2023,1495684,,F,1,P,6,EUR
OECD.SDD.NAD:DSD_NAMAIN10@DF_TABLE5(1.0),A,DEU,S14,S1,P31DC,_Z,_Z,_T,XDC,V,N,T0117,2023,1978685,,F,1,P,6,EUR
OECD.SDD.NAD:DSD_NAMAIN10@DF_TABLE5(1.0),A,HRV,S14,S1,P31DC,_Z,_Z,CP081,XDC,V,N,T0117,2023,52.551,,F,1,P,6,EUR
OECD.SDD.NAD:DSD_NAMAIN10@DF_TABLE5(1.0),A,HRV,S14,S1,P31DC,_Z,_Z,CP063,XDC,V,N,T0117,2023,187.582,,F,1,P,6,EUR
OECD.SDD.NAD:DSD_NAMAIN10@DF_TABLE5(1.0),A,HRV,S14,S1,P31DC,_Z,_Z,CP122,XDC,V,N,T0117,2023,240.417,,F,1,P,6,EUR
OECD.SDD.NAD:DSD_NAMAIN10@DF_TABLE5(1.0),A,HRV,S14,S1,P31DC,_Z,_Z,CP012,XDC,V,N,T0117,2023,1557.452,,F,1,P,6,EUR
OECD.SDD.NAD:DSD_NAMAIN10@DF_TABLE5(1.0),A,HRV,S14,S1,P31DC,_Z,_Z,CP111,XDC,V,N,T0117,2023,4558.412,,F,1,P,6,EUR
OECD.SDD.NAD:DSD_NAMAIN10@DF_TABLE5(1.0),A,HRV,S14,S1,P31DC,_Z,_Z,CP121,XDC,V,N,T0117,2023,1933.682,,F,1,P,6,EUR
OECD.SDD.NAD:DSD_NAMAIN10@DF_TABLE5(1.0),A,HRV,S14,S1,P31DC,_Z,_Z,CP021,XDC,V,N,T0117,2023,1911.832,,F,1,P,6,EUR
OECD.SDD.NAD:DSD_NAMAIN10@DF_TABLE5(1.0),A,HRV,S14,S1,P31DC,_Z,_Z,CP073,XDC,V,N,T0117,2023,939.622,,F,1,P,6,EUR
OECD.SDD.NAD:DSD_NAMAIN10@DF_TABLE5(1.0),A,HRV,S14,S1,P31DC,_Z,_Z,CP124,XDC,V,N,T0117,2023,343.382,,F,1,P,6,EUR
OECD.SDD.NAD:DSD_NAMAIN10@DF_TABLE5(1.0),A,HRV,S14,S1,P31DC,_Z,_Z,CP083,XDC,V,N,T0117,2023,1595.825,,F,1,P,6,EUR
OECD.SDD.NAD:DSD_NAMAIN10@DF_TABLE5(1.0),A,HRV,S14,S1,P31DC,_Z,_Z,CP126,XDC,V,N,T0117,2023,791.917,,F,1,P,6,EUR
OECD.SDD.NAD:DSD_NAMAIN10@DF_TABLE5(1.0),A,HRV,S14,S1,P31DC,_Z,_Z,CP07,XDC,V,N,T0117,2023,4651.961,,F,1,P,6,EUR
OECD.SDD.NAD:DSD_NAMAIN10@DF_TABLE5(1.0),A,HRV,S14,S1,P31DC,_Z,_Z,CP041,XDC,V,N,T0117,2023,402.609,,F,1,P,6,EUR
OECD.SDD.NAD:DSD_NAMAIN10@DF_TABLE5(1.0),A,HRV,S14,S1,P31DC,_Z,_Z,CP122_127,XDC,V,N,T0117,2023,361.111,,F,1,P,6,EUR
OECD.SDD.NAD:DSD_NAMAIN10@DF_TABLE5(1.0),A,HRV,S14,S1,P31DC,_Z,_Z,CP054,XDC,V,N,T0117,2023,275.026,,F,1,P,6,EUR
OECD.SDD.NAD:DSD_NAMAIN10@DF_TABLE5(1.0),A,HRV,S14,S1,P31DC,_Z,_Z,CP071,XDC,V,N,T0117,2023,953.254,,F,1,P,6,EUR
OECD.SDD.NAD:DSD_NAMAIN10@DF_TABLE5(1.0),A,HRV,S14,S1,P31DC,_Z,_Z,CP095,XDC,V,N,T0117,2023,867.595,,F,1,P,6,EUR
OECD.SDD.NAD:DSD_NAMAIN10@DF_TABLE5(1.0),A,HRV,S14,S1,P31DC,_Z,_Z,CP094,XDC,V,N,T0117,2023,1963.839,,F,1,P,6,EUR
OECD.SDD.NAD:DSD_NAMAIN10@DF_TABLE5(1.0),A,HRV,S14,S1,P31DC,_Z,_Z,CP042,XDC,V,N,T0117,2023,4057.572,,F,1,P,6,EUR
OECD.SDD.NAD:DSD_NAMAIN10@DF_TABLE5(1.0),A,HRV,S14,S1,P31DC,_Z,_Z,CP082,XDC,V,N,T0117,2023,554.868,,F,1,P,6,EUR
OECD.SDD.NAD:DSD_NAMAIN10@DF_TABLE5(1.0),A,HRV,S14,S1,P31DC,_Z,_Z,CP125,XDC,V,N,T0117,2023,449.376,,F,1,P,6,EUR
OECD.SDD.NAD:DSD_NAMAIN10@DF_TABLE5(1.0),A,HRV,S14,S1,P31DC,_Z,_Z,CP051,XDC,V,N,T0117,2023,834.772,,F,1,P,6,EUR
OECD.SDD.NAD:DSD_NAMAIN10@DF_TABLE5(1.0),A,HRV,S14,S1,P31DC,_Z,_Z,CP061,XDC,V,N,T0117,2023,1517.156,,F,1,P,6,EUR
OECD.SDD.NAD:DSD_NAMAIN10@DF_TABLE5(1.0),A,HRV,S14,S1,P31DC,_Z,_Z,CP102,XDC,V,N,T0117,2023,25.044,,F,1,P,6,EUR
OECD.SDD.NAD:DSD_NAMAIN10@DF_TABLE5(1.0),A,HRV,S14,S1,P31DC,_Z,_Z,CP101,XDC,V,N,T0117,2023,138.497,,F,1,P,6,EUR
OECD.SDD.NAD:DSD_NAMAIN10@DF_TABLE5(1.0),A,HRV,S14,S1,P31DC,_Z,_Z,CP127,XDC,V,N,T0117,2023,120.693,,F,1,P,6,EUR
OECD.SDD.NAD:DSD_NAMAIN10@DF_TABLE5(1.0),A,HRV,S14,S1,P31DC,_Z,_Z,CP01,XDC,V,N,T0117,2023,9915.828,,F,1,P,6,EUR
OECD.SDD.NAD:DSD_NAMAIN10@DF_TABLE5(1.0),A,HRV,S14,S1,P31DC,_Z,_Z,CP112,XDC,V,N,T0117,2023,5065.358,,F,1,P,6,EUR
OECD.SDD.NAD:DSD_NAMAIN10@DF_TABLE5(1.0),A,HRV,S14,S1,P31DC,_Z,_Z,CP044,XDC,V,N,T0117,2023,1043.134,,F,1,P,6,EUR
OECD.SDD.NAD:DSD_NAMAIN10@DF_TABLE5(1.0),A,HRV,S14,S1,P31DC,_Z,_Z,CP093,XDC,V,N,T0117,2023,703.3,,F,1,P,6,EUR
OECD.SDD.NAD:DSD_NAMAIN10@DF_TABLE5(1.0),A,HRV,S14,S1,P31DC,_Z,_Z,CP056,XDC,V,N,T0117,2023,764.508,,F,1,P,6,EUR
OECD.SDD.NAD:DSD_NAMAIN10@DF_TABLE5(1.0),A,HRV,S14,S1,P31DC,_Z,_Z,CP043,XDC,V,N,T0117,2023,117.233,,F,1,P,6,EUR
OECD.SDD.NAD:DSD_NAMAIN10@DF_TABLE5(1.0),A,HRV,S14,S1,P31DC,_Z,_Z,CP091,XDC,V,N,T0117,2023,819.408,,F,1,P,6,EUR
OECD.SDD.NAD:DSD_NAMAIN10@DF_TABLE5(1.0),A,HRV,S14,S1,P31DC,_Z,_Z,CP055,XDC,V,N,T0117,2023,384.674,,F,1,P,6,EUR
OECD.SDD.NAD:DSD_NAMAIN10@DF_TABLE5(1.0),A,HRV,S14,S1,P31DC,_Z,_Z,CP10,XDC,V,N,T0117,2023,396.402,,F,1,P,6,EUR
OECD.SDD.NAD:DSD_NAMAIN10@DF_TABLE5(1.0),A,HRV,S14,S1,P31DC,_Z,_Z,CP123,XDC,V,N,T0117,2023,104.806,,F,1,P,6,EUR
OECD.SDD.NAD:DSD_NAMAIN10@DF_TABLE5(1.0),A,HRV,S14,S1,P31DC,_Z,_Z,CP031,XDC,V,N,T0117,2023,1971.24,,F,1,P,6,EUR
OECD.SDD.NAD:DSD_NAMAIN10@DF_TABLE5(1.0),A,HRV,S14,S1,P31DC,_Z,_Z,CP092,XDC,V,N,T0117,2023,321.545,,F,1,P,6,EUR
OECD.SDD.NAD:DSD_NAMAIN10@DF_TABLE5(1.0),A,HRV,S14,S1,P31DC,_Z,_Z,CP06,XDC,V,N,T0117,2023,2881.084,,F,1,P,6,EUR
OECD.SDD.NAD:DSD_NAMAIN10@DF_TABLE5(1.0),A,HRV,S14,S1,P31DC,_Z,_Z,CP02,XDC,V,N,T0117,2023,4280.893,,F,1,P,6,EUR
OECD.SDD.NAD:DSD_NAMAIN10@DF_TABLE5(1.0),A,HRV,S14,S1,P31DC,_Z,_Z,CP103,XDC,V,N,T0117,2023,32.604,,F,1,P,6,EUR
OECD.SDD.NAD:DSD_NAMAIN10@DF_TABLE5(1.0),A,HRV,S14,S1,P31DC,_Z,_Z,CP052,XDC,V,N,T0117,2023,98.374,,F,1,P,6,EUR
OECD.SDD.NAD:DSD_NAMAIN10@DF_TABLE5(1.0),A,HRV,S14,S1,P31DC,_Z,_Z,CP04,XDC,V,N,T0117,2023,8378.047,,F,1,P,6,EUR
OECD.SDD.NAD:DSD_NAMAIN10@DF_TABLE5(1.0),A,HRV,S14,S1,P31DC,_Z,_Z,CP09,XDC,V,N,T0117,2023,5012.78,,F,1,P,6,EUR
OECD.SDD.NAD:DSD_NAMAIN10@DF_TABLE5(1.0),A,HRV,S14,S1,P31DC,_Z,_Z,CP045,XDC,V,N,T0117,2023,2757.498,,F,1,P,6,EUR
OECD.SDD.NAD:DSD_NAMAIN10@DF_TABLE5(1.0),A,HRV,S14,S1,P31DC,_Z,_Z,CP03,XDC,V,N,T0117,2023,2549.83,,F,1,P,6,EUR
OECD.SDD.NAD:DSD_NAMAIN10@DF_TABLE5(1.0),A,HRV,S14,S1,P31DC,_Z,_Z,CP105,XDC,V,N,T0117,2023,36.071,,F,1,P,6,EUR
OECD.SDD.NAD:DSD_NAMAIN10@DF_TABLE5(1.0),A,HRV,S14,S1,P31DC,_Z,_Z,CP022,XDC,V,N,T0117,2023,2095.549,,F,1,P,6,EUR
OECD.SDD.NAD:DSD_NAMAIN10@DF_TABLE5(1.0),A,HRV,S14,S1,P31DC,_Z,_Z,CP104,XDC,V,N,T0117,2023,164.185,,F,1,P,6,EUR
OECD.SDD.NAD:DSD_NAMAIN10@DF_TABLE5(1.0),A,HRV,S14,S1,P31DC,_Z,_Z,CP062,XDC,V,N,T0117,2023,1176.347,,F,1,P,6,EUR
OECD.SDD.NAD:DSD_NAMAIN10@DF_TABLE5(1.0),A,HRV,S14,S1,P31DC,_Z,_Z,CP072,XDC,V,N,T0117,2023,2759.085,,F,1,P,6,EUR
OECD.SDD.NAD:DSD_NAMAIN10@DF_TABLE5(1.0),A,HRV,S14,S1,P31DC,_Z,_Z,CP032,XDC,V,N,T0117,2023,578.59,,F,1,P,6,EUR
OECD.SDD.NAD:DSD_NAMAIN10@DF_TABLE5(1.0),A,HRV,S14,S1,P31DC,_Z,_Z,CP053,XDC,V,N,T0117,2023,298.307,,F,1,P,6,EUR
OECD.SDD.NAD:DSD_NAMAIN10@DF_TABLE5(1.0),A,HRV,S14,S1,P31DC,_Z,_Z,CP05,XDC,V,N,T0117,2023,2655.661,,F,1,P,6,EUR
OECD.SDD.NAD:DSD_NAMAIN10@DF_TABLE5(1.0),A,HRV,S14,S1,P31DC,_Z,_Z,CP023,XDC,V,N,T0117,2023,273.512,,F,1,P,6,EUR
OECD.SDD.NAD:DSD_NAMAIN10@DF_TABLE5(1.0),A,HRV,S14,S1,P31DC,_Z,_Z,CP12,XDC,V,N,T0117,2023,3984.272,,F,1,P,6,EUR
OECD.SDD.NAD:DSD_NAMAIN10@DF_TABLE5(1.0),A,HRV,S14,S1,P31DC,_Z,_Z,CP08,XDC,V,N,T0117,2023,2203.245,,F,1,P,6,EUR
OECD.SDD.NAD:DSD_NAMAIN10@DF_TABLE5(1.0),A,HRV,S14,S1,P31DC,_Z,_Z,CP096,XDC,V,N,T0117,2023,337.092,,F,1,P,6,EUR
OECD.SDD.NAD:DSD_NAMAIN10@DF_TABLE5(1.0),A,HRV,S14,S1,P31DC,_Z,_Z,CP11,XDC,V,N,T0117,2023,9623.77,,F,1,P,6,EUR
OECD.SDD.NAD:DSD_NAMAIN10@DF_TABLE5(1.0),A,HRV,S14,S1,P31DC,_Z,_Z,CP011,XDC,V,N,T0117,2023,8358.375,,F,1,P,6,EUR
OECD.SDD.NAD:DSD_NAMAIN10@DF_TABLE5(1.0),A,GRC,S14,S1,P31DC,_Z,_Z,CP122_127,XDC,V,N,T0117,2023,2559.826,,F,1,P,6,EUR
OECD.SDD.NAD:DSD_NAMAIN10@DF_TABLE5(1.0),A,GRC,S14,S1,P31DC,_Z,_Z,CP055,XDC,V,N,T0117,2023,292.323,,F,1,P,6,EUR
OECD.SDD.NAD:DSD_NAMAIN10@DF_TABLE5(1.0),A,GRC,S14,S1,P31DC,_Z,_Z,CP096,XDC,V,N,T0117,2023,888.495,,F,1,P,6,EUR
OECD.SDD.NAD:DSD_NAMAIN10@DF_TABLE5(1.0),A,GRC,S14,S1,P31DC,_Z,_Z,CP011,XDC,V,N,T0117,2023,24455.433,,F,1,P,6,EUR
OECD.SDD.NAD:DSD_NAMAIN10@DF_TABLE5(1.0),A,GRC,S14,S1,P31DC,_Z,_Z,CP062,XDC,V,N,T0117,2023,1790.821,,F,1,P,6,EUR
OECD.SDD.NAD:DSD_NAMAIN10@DF_TABLE5(1.0),A,GRC,S14,S1,P31DC,_Z,_Z,CP021,XDC,V,N,T0117,2023,1984.384,,F,1,P,6,EUR
OECD.SDD.NAD:DSD_NAMAIN10@DF_TABLE5(1.0),A,GRC,S14,S1,P31DC,_Z,_Z,CP081,XDC,V,N,T0117,2023,116.083,,F,1,P,6,EUR
OECD.SDD.NAD:DSD_NAMAIN10@DF_TABLE5(1.0),A,GRC,S14,S1,P31DC,_Z,_Z,CP092,XDC,V,N,T0117,2023,1016.285,,F,1,P,6,EUR
OECD.SDD.NAD:DSD_NAMAIN10@DF_TABLE5(1.0),A,GRC,S14,S1,P31DC,_Z,_Z,CP022,XDC,V,N,T0117,2023,4014.038,,F,1,P,6,EUR
OECD.SDD.NAD:DSD_NAMAIN10@DF_TABLE5(1.0),A,GRC,S14,S1,P31DC,_Z,_Z,CP04,XDC,V,N,T0117,2023,36618.908,,F,1,P,6,EUR
OECD.SDD.NAD:DSD_NAMAIN10@DF_TABLE5(1.0),A,GRC,S14,S1,P31DC,_Z,_Z,CP124,XDC,V,N,T0117,2023,231.327,,F,1,P,6,EUR
OECD.SDD.NAD:DSD_NAMAIN10@DF_TABLE5(1.0),A,GRC,S14,S1,P31DC,_Z,_Z,CP11,XDC,V,N,T0117,2023,26635.263,,F,1,P,6,EUR
OECD.SDD.NAD:DSD_NAMAIN10@DF_TABLE5(1.0),A,GRC,S14,S1,P31DC,_Z,_Z,CP01,XDC,V,N,T0117,2023,26005.811,,F,1,P,6,EUR
OECD.SDD.NAD:DSD_NAMAIN10@DF_TABLE5(1.0),A,GRC,S14,S1,P31DC,_Z,_Z,CP095,XDC,V,N,T0117,2023,742.381,,F,1,P,6,EUR
OECD.SDD.NAD:DSD_NAMAIN10@DF_TABLE5(1.0),A,GRC,S14,S1,P31DC,_Z,_Z,CP045,XDC,V,N,T0117,2023,6547.176,,F,1,P,6,EUR
OECD.SDD.NAD:DSD_NAMAIN10@DF_TABLE5(1.0),A,GRC,S14,S1,P31DC,_Z,_Z,CP053,XDC,V,N,T0117,2023,642.798,,F,1,P,6,EUR
OECD.SDD.NAD:DSD_NAMAIN10@DF_TABLE5(1.0),A,GRC,S14,S1,P31DC,_Z,_Z,CP127,XDC,V,N,T0117,2023,1349.886,,F,1,P,6,EUR
OECD.SDD.NAD:DSD_NAMAIN10@DF_TABLE5(1.0),A,GRC,S14,S1,P31DC,_Z,_Z,CP03,XDC,V,N,T0117,2023,5483.689,,F,1,P,6,EUR
OECD.SDD.NAD:DSD_NAMAIN10@DF_TABLE5(1.0),A,GRC,S14,S1,P31DC,_Z,_Z,CP10,XDC,V,N,T0117,2023,3251.883,,F,1,P,6,EUR
OECD.SDD.NAD:DSD_NAMAIN10@DF_TABLE5(1.0),A,GRC,S14,S1,P31DC,_Z,_Z,CP063,XDC,V,N,T0117,2023,2201.484,,F,1,P,6,EUR
OECD.SDD.NAD:DSD_NAMAIN10@DF_TABLE5(1.0),A,GRC,S14,S1,P31DC,_Z,_Z,CP093,XDC,V,N,T0117,2023,1359.275,,F,1,P,6,EUR
OECD.SDD.NAD:DSD_NAMAIN10@DF_TABLE5(1.0),A,GRC,S14,S1,P31DC,_Z,_Z,CP042,XDC,V,N,T0117,2023,19572.787,,F,1,P,6,EUR
OECD.SDD.NAD:DSD_NAMAIN10@DF_TABLE5(1.0),A,GRC,S14,S1,P31DC,_Z,_Z,CP094,XDC,V,N,T0117,2023,4587.278,,F,1,P,6,EUR
OECD.SDD.NAD:DSD_NAMAIN10@DF_TABLE5(1.0),A,GRC,S14,S1,P31DC,_Z,_Z,CP07,XDC,V,N,T0117,2023,22729.408,,F,1,P,6,EUR
OECD.SDD.NAD:DSD_NAMAIN10@DF_TABLE5(1.0),A,GRC,S14,S1,P31DC,_Z,_Z,CP101,XDC,V,N,T0117,2023,891.035,,F,1,P,6,EUR
OECD.SDD.NAD:DSD_NAMAIN10@DF_TABLE5(1.0),A,GRC,S14,S1,P31DC,_Z,_Z,CP09,XDC,V,N,T0117,2023,9954.528,,F,1,P,6,EUR
OECD.SDD.NAD:DSD_NAMAIN10@DF_TABLE5(1.0),A,GRC,S14,S1,P31DC,_Z,_Z,CP105,XDC,V,N,T0117,2023,338.117,,F,1,P,6,EUR
OECD.SDD.NAD:DSD_NAMAIN10@DF_TABLE5(1.0),A,GRC,S14,S1,P31DC,_Z,_Z,CP043,XDC,V,N,T0117,2023,234.304,,F,1,P,6,EUR
OECD.SDD.NAD:DSD_NAMAIN10@DF_TABLE5(1.0),A,GRC,S14,S1,P31DC,_Z,_Z,CP023,XDC,V,N,T0117,2023,638.22,,F,1,P,6,EUR
OECD.SDD.NAD:DSD_NAMAIN10@DF_TABLE5(1.0),A,GRC,S14,S1,P31DC,_Z,_Z,CP072,XDC,V,N,T0117,2023,7374.519,,F,1,P,6,EUR
OECD.SDD.NAD:DSD_NAMAIN10@DF_TABLE5(1.0),A,GRC,S14,S1,P31DC,_Z,_Z,CP12,XDC,V,N,T0117,2023,15398.012,,F,1,P,6,EUR
OECD.SDD.NAD:DSD_NAMAIN10@DF_TABLE5(1.0),A,GRC,S14,S1,P31DC,_Z,_Z,CP126,XDC,V,N,T0117,2023,6291.262,,F,1,P,6,EUR
OECD.SDD.NAD:DSD_NAMAIN10@DF_TABLE5(1.0),A,GRC,S14,S1,P31DC,_Z,_Z,CP054,XDC,V,N,T0117,2023,275.564,,F,1,P,6,EUR
OECD.SDD.NAD:DSD_NAMAIN10@DF_TABLE5(1.0),A,GRC,S14,S1,P31DC,_Z,_Z,CP061,XDC,V,N,T0117,2023,2983.219,,F,1,P,6,EUR
OECD.SDD.NAD:DSD_NAMAIN10@DF_TABLE5(1.0),A,GRC,S14,S1,P31DC,_Z,_Z,CP122,XDC,V,N,T0117,2023,1209.94,,F,1,P,6,EUR
OECD.SDD.NAD:DSD_NAMAIN10@DF_TABLE5(1.0),A,GRC,S14,S1,P31DC,_Z,_Z,CP051,XDC,V,N,T0117,2023,400.766,,F,1,P,6,EUR
OECD.SDD.NAD:DSD_NAMAIN10@DF_TABLE5(1.0),A,GRC,S14,S1,P31DC,_Z,_Z,CP031,XDC,V,N,T0117,2023,3911.072,,F,1,P,6,EUR
OECD.SDD.NAD:DSD_NAMAIN10@DF_TABLE5(1.0),A,GRC,S14,S1,P31DC,_Z,_Z,CP052,XDC,V,N,T0117,2023,281.238,,F,1,P,6,EUR
OECD.SDD.NAD:DSD_NAMAIN10@DF_TABLE5(1.0),A,GRC,S14,S1,P31DC,_Z,_Z,CP06,XDC,V,N,T0117,2023,6975.523,,F,1,P,6,EUR
OECD.SDD.NAD:DSD_NAMAIN10@DF_TABLE5(1.0),A,GRC,S14,S1,P31DC,_Z,_Z,CP121,XDC,V,N,T0117,2023,4046.445,,F,1,P,6,EUR
OECD.SDD.NAD:DSD_NAMAIN10@DF_TABLE5(1.0),A,GRC,S14,S1,P31DC,_Z,_Z,CP02,XDC,V,N,T0117,2023,6636.642,,F,1,P,6,EUR
OECD.SDD.NAD:DSD_NAMAIN10@DF_TABLE5(1.0),A,GRC,S14,S1,P31DC,_Z,_Z,CP044,XDC,V,N,T0117,2023,2148.248,,F,1,P,6,EUR
OECD.SDD.NAD:DSD_NAMAIN10@DF_TABLE5(1.0),A,GRC,S14,S1,P31DC,_Z,_Z,CP071,XDC,V,N,T0117,2023,6090.039,,F,1,P,6,EUR
OECD.SDD.NAD:DSD_NAMAIN10@DF_TABLE5(1.0),A,GRC,S14,S1,P31DC,_Z,_Z,CP111,XDC,V,N,T0117,2023,19684.171,,F,1,P,6,EUR
OECD.SDD.NAD:DSD_NAMAIN10@DF_TABLE5(1.0),A,GRC,S14,S1,P31DC,_Z,_Z,CP091,XDC,V,N,T0117,2023,1360.814,,F,1,P,6,EUR
OECD.SDD.NAD:DSD_NAMAIN10@DF_TABLE5(1.0),A,GRC,S14,S1,P31DC,_Z,_Z,CP056,XDC,V,N,T0117,2023,2552.573,,F,1,P,6,EUR
OECD.SDD.NAD:DSD_NAMAIN10@DF_TABLE5(1.0),A,GRC,S14,S1,P31DC,_Z,_Z,CP112,XDC,V,N,T0117,2023,6951.091,,F,1,P,6,EUR
OECD.SDD.NAD:DSD_NAMAIN10@DF_TABLE5(1.0),A,GRC,S14,S1,P31DC,_Z,_Z,CP082,XDC,V,N,T0117,2023,139.114,,F,1,P,6,EUR
OECD.SDD.NAD:DSD_NAMAIN10@DF_TABLE5(1.0),A,GRC,S14,S1,P31DC,_Z,_Z,CP125,XDC,V,N,T0117,2023,1679.592,,F,1,P,6,EUR
OECD.SDD.NAD:DSD_NAMAIN10@DF_TABLE5(1.0),A,GRC,S14,S1,P31DC,_Z,_Z,CP104,XDC,V,N,T0117,2023,248.001,,F,1,P,6,EUR
OECD.SDD.NAD:DSD_NAMAIN10@DF_TABLE5(1.0),A,GRC,S14,S1,P31DC,_Z,_Z,CP012,XDC,V,N,T0117,2023,1550.378,,F,1,P,6,EUR
OECD.SDD.NAD:DSD_NAMAIN10@DF_TABLE5(1.0),A,GRC,S14,S1,P31DC,_Z,_Z,CP083,XDC,V,N,T0117,2023,5491.658,,F,1,P,6,EUR
OECD.SDD.NAD:DSD_NAMAIN10@DF_TABLE5(1.0),A,GRC,S14,S1,P31DC,_Z,_Z,CP041,XDC,V,N,T0117,2023,8116.393,,F,1,P,6,EUR
OECD.SDD.NAD:DSD_NAMAIN10@DF_TABLE5(1.0),A,GRC,S14,S1,P31DC,_Z,_Z,CP123,XDC,V,N,T0117,2023,589.561,,F,1,P,6,EUR
OECD.SDD.NAD:DSD_NAMAIN10@DF_TABLE5(1.0),A,GRC,S14,S1,P31DC,_Z,_Z,CP08,XDC,V,N,T0117,2023,5746.855,,F,1,P,6,EUR
OECD.SDD.NAD:DSD_NAMAIN10@DF_TABLE5(1.0),A,GRC,S14,S1,P31DC,_Z,_Z,CP073,XDC,V,N,T0117,2023,9264.85,,F,1,P,6,EUR
OECD.SDD.NAD:DSD_NAMAIN10@DF_TABLE5(1.0),A,GRC,S14,S1,P31DC,_Z,_Z,CP032,XDC,V,N,T0117,2023,1572.618,,F,1,P,6,EUR
OECD.SDD.NAD:DSD_NAMAIN10@DF_TABLE5(1.0),A,GRC,S14,S1,P31DC,_Z,_Z,CP05,XDC,V,N,T0117,2023,4445.264,,F,1,P,6,EUR
OECD.SDD.NAD:DSD_NAMAIN10@DF_TABLE5(1.0),A,GRC,S14,S1,P31DC,_Z,_Z,CP103,XDC,V,N,T0117,2023,276.485,,F,1,P,6,EUR
OECD.SDD.NAD:DSD_NAMAIN10@DF_TABLE5(1.0),A,GRC,S14,S1,P31DC,_Z,_Z,CP102,XDC,V,N,T0117,2023,1498.246,,F,1,P,6,EUR
OECD.SDD.NAD:DSD_NAMAIN10@DF_TABLE5(1.0),A,DEU,S14,S1,P31DC,_Z,_Z,CP112,XDC,V,N,T0117,2021,13768,,F,1,P,6,EUR
OECD.SDD.NAD:DSD_NAMAIN10@DF_TABLE5(1.0),A,DEU,S14,S1,P31DC,_Z,_Z,CP072,XDC,V,N,T0117,2021,112621,,F,1,P,6,EUR
OECD.SDD.NAD:DSD_NAMAIN10@DF_TABLE5(1.0),A,DEU,S14,S1,P31DC,_Z,_Z,CP123,XDC,V,N,T0117,2021,12353,,F,1,P,6,EUR
OECD.SDD.NAD:DSD_NAMAIN10@DF_TABLE5(1.0),A,DEU,S14,S1,P31DC,_Z,_Z,CP011,XDC,V,N,T0117,2021,174923,,F,1,P,6,EUR
OECD.SDD.NAD:DSD_NAMAIN10@DF_TABLE5(1.0),A,DEU,S14,S1,P31DC,_Z,_Z,CP101,XDC,V,N,T0117,2021,3828,,F,1,P,6,EUR
OECD.SDD.NAD:DSD_NAMAIN10@DF_TABLE5(1.0),A,DEU,S14,S1,P31DC,_Z,_Z,CP041,XDC,V,N,T0117,2021,124845,,F,1,P,6,EUR
OECD.SDD.NAD:DSD_NAMAIN10@DF_TABLE5(1.0),A,DEU,S14,S1,P31DC,_Z,_Z,CP032,XDC,V,N,T0117,2021,10736,,F,1,P,6,EUR
OECD.SDD.NAD:DSD_NAMAIN10@DF_TABLE5(1.0),A,DEU,S14,S1,P31DC,_Z,_Z,CP094,XDC,V,N,T0117,2021,40842,,F,1,P,6,EUR
OECD.SDD.NAD:DSD_NAMAIN10@DF_TABLE5(1.0),A,DEU,S14,S1,P31DC,_Z,_Z,CP021,XDC,V,N,T0117,2021,27088,,F,1,P,6,EUR
OECD.SDD.NAD:DSD_NAMAIN10@DF_TABLE5(1.0),A,DEU,S14,S1,P31DC,_Z,_Z,CP073,XDC,V,N,T0117,2021,32107,,F,1,P,6,EUR
OECD.SDD.NAD:DSD_NAMAIN10@DF_TABLE5(1.0),A,DEU,S14,S1,P31DC,_Z,_Z,CP125,XDC,V,N,T0117,2021,58624,,F,1,P,6,EUR
OECD.SDD.NAD:DSD_NAMAIN10@DF_TABLE5(1.0),A,DEU,S14,S1,P31DC,_Z,_Z,CP071,XDC,V,N,T0117,2021,79302,,F,1,P,6,EUR
OECD.SDD.NAD:DSD_NAMAIN10@DF_TABLE5(1.0),A,DEU,S14,S1,P31DC,_Z,_Z,CP055,XDC,V,N,T0117,2021,11300,,F,1,P,6,EUR
OECD.SDD.NAD:DSD_NAMAIN10@DF_TABLE5(1.0),A,DEU,S14,S1,P31DC,_Z,_Z,_T,XDC,V,N,T0117,2021,1709722,,F,1,P,6,EUR
OECD.SDD.NAD:DSD_NAMAIN10@DF_TABLE5(1.0),A,DEU,S14,S1,P31DC,_Z,_Z,CP054,XDC,V,N,T0117,2021,13168,,F,1,P,6,EUR
OECD.SDD.NAD:DSD_NAMAIN10@DF_TABLE5(1.0),A,DEU,S14,S1,P31DC,_Z,_Z,CP062,XDC,V,N,T0117,2021,31124,,F,1,P,6,EUR
OECD.SDD.NAD:DSD_NAMAIN10@DF_TABLE5(1.0),A,DEU,S14,S1,P31DC,_Z,_Z,CP12,XDC,V,N,T0117,2021,224607,,F,1,P,6,EUR
OECD.SDD.NAD:DSD_NAMAIN10@DF_TABLE5(1.0),A,DEU,S14,S1,P31DC,_Z,_Z,CP02,XDC,V,N,T0117,2021,60732,,F,1,P,6,EUR
OECD.SDD.NAD:DSD_NAMAIN10@DF_TABLE5(1.0),A,DEU,S14,S1,P31DC,_Z,_Z,CP051,XDC,V,N,T0117,2021,47249,,F,1,P,6,EUR
OECD.SDD.NAD:DSD_NAMAIN10@DF_TABLE5(1.0),A,DEU,S14,S1,P31DC,_Z,_Z,CP081,XDC,V,N,T0117,2021,3725,,F,1,P,6,EUR
OECD.SDD.NAD:DSD_NAMAIN10@DF_TABLE5(1.0),A,DEU,S14,S1,P31DC,_Z,_Z,CP07,XDC,V,N,T0117,2021,224030,,F,1,P,6,EUR
OECD.SDD.NAD:DSD_NAMAIN10@DF_TABLE5(1.0),A,DEU,S14,S1,P31DC,_Z,_Z,CP11,XDC,V,N,T0117,2021,65797,,F,1,P,6,EUR
OECD.SDD.NAD:DSD_NAMAIN10@DF_TABLE5(1.0),A,DEU,S14,S1,P31DC,_Z,_Z,CP042,XDC,V,N,T0117,2021,174161,,F,1,P,6,EUR
OECD.SDD.NAD:DSD_NAMAIN10@DF_TABLE5(1.0),A,DEU,S14,S1,P31DC,_Z,_Z,CP012,XDC,V,N,T0117,2021,25651,,F,1,P,6,EUR
OECD.SDD.NAD:DSD_NAMAIN10@DF_TABLE5(1.0),A,DEU,S14,S1,P31DC,_Z,_Z,CP031,XDC,V,N,T0117,2021,54919,,F,1,P,6,EUR
OECD.SDD.NAD:DSD_NAMAIN10@DF_TABLE5(1.0),A,DEU,S14,S1,P31DC,_Z,_Z,CP05,XDC,V,N,T0117,2021,120215,,F,1,P,6,EUR
OECD.SDD.NAD:DSD_NAMAIN10@DF_TABLE5(1.0),A,DEU,S14,S1,P31DC,_Z,_Z,CP093,XDC,V,N,T0117,2021,46917,,F,1,P,6,EUR
OECD.SDD.NAD:DSD_NAMAIN10@DF_TABLE5(1.0),A,DEU,S14,S1,P31DC,_Z,_Z,CP122_127,XDC,V,N,T0117,2021,30654,,F,1,P,6,EUR
OECD.SDD.NAD:DSD_NAMAIN10@DF_TABLE5(1.0),A,DEU,S14,S1,P31DC,_Z,_Z,CP102,XDC,V,N,T0117,2021,1336,,F,1,P,6,EUR
OECD.SDD.NAD:DSD_NAMAIN10@DF_TABLE5(1.0),A,DEU,S14,S1,P31DC,_Z,_Z,CP09,XDC,V,N,T0117,2021,162014,,F,1,P,6,EUR
OECD.SDD.NAD:DSD_NAMAIN10@DF_TABLE5(1.0),A,DEU,S14,S1,P31DC,_Z,_Z,CP043,XDC,V,N,T0117,2021,15419,,F,1,P,6,EUR
OECD.SDD.NAD:DSD_NAMAIN10@DF_TABLE5(1.0),A,DEU,S14,S1,P31DC,_Z,_Z,CP092,XDC,V,N,T0117,2021,5108,,F,1,P,6,EUR
OECD.SDD.NAD:DSD_NAMAIN10@DF_TABLE5(1.0),A,DEU,S14,S1,P31DC,_Z,_Z,CP03,XDC,V,N,T0117,2021,65655,,F,1,P,6,EUR
OECD.SDD.NAD:DSD_NAMAIN10@DF_TABLE5(1.0),A,DEU,S14,S1,P31DC,_Z,_Z,CP096,XDC,V,N,T0117,2021,12163,,F,1,P,6,EUR
OECD.SDD.NAD:DSD_NAMAIN10@DF_TABLE5(1.0),A,DEU,S14,S1,P31DC,_Z,_Z,CP104,XDC,V,N,T0117,2021,2795,,F,1,P,6,EUR
OECD.SDD.NAD:DSD_NAMAIN10@DF_TABLE5(1.0),A,DEU,S14,S1,P31DC,_Z,_Z,CP04,XDC,V,N,T0117,2021,435553,,F,1,P,6,EUR
OECD.SDD.NAD:DSD_NAMAIN10@DF_TABLE5(1.0),A,DEU,S14,S1,P31DC,_Z,_Z,CP052,XDC,V,N,T0117,2021,9191,,F,1,P,6,EUR
OECD.SDD.NAD:DSD_NAMAIN10@DF_TABLE5(1.0),A,DEU,S14,S1,P31DC,_Z,_Z,CP061,XDC,V,N,T0117,2021,46483,,F,1,P,6,EUR
OECD.SDD.NAD:DSD_NAMAIN10@DF_TABLE5(1.0),A,DEU,S14,S1,P31DC,_Z,_Z,CP082,XDC,V,N,T0117,2021,7287,,F,1,P,6,EUR
OECD.SDD.NAD:DSD_NAMAIN10@DF_TABLE5(1.0),A,DEU,S14,S1,P31DC,_Z,_Z,CP111,XDC,V,N,T0117,2021,52029,,F,1,P,6,EUR
OECD.SDD.NAD:DSD_NAMAIN10@DF_TABLE5(1.0),A,DEU,S14,S1,P31DC,_Z,_Z,CP10,XDC,V,N,T0117,2021,14506,,F,1,P,6,EUR
OECD.SDD.NAD:DSD_NAMAIN10@DF_TABLE5(1.0),A,DEU,S14,S1,P31DC,_Z,_Z,CP103,XDC,V,N,T0117,2021,100,,F,1,P,6,EUR
OECD.SDD.NAD:DSD_NAMAIN10@DF_TABLE5(1.0),A,DEU,S14,S1,P31DC,_Z,_Z,CP056,XDC,V,N,T0117,2021,23482,,F,1,P,6,EUR
OECD.SDD.NAD:DSD_NAMAIN10@DF_TABLE5(1.0),A,DEU,S14,S1,P31DC,_Z,_Z,CP044,XDC,V,N,T0117,2021,44956,,F,1,P,6,EUR
OECD.SDD.NAD:DSD_NAMAIN10@DF_TABLE5(1.0),A,DEU,S14,S1,P31DC,_Z,_Z,CP063,XDC,V,N,T0117,2021,18508,,F,1,P,6,EUR
OECD.SDD.NAD:DSD_NAMAIN10@DF_TABLE5(1.0),A,DEU,S14,S1,P31DC,_Z,_Z,CP126,XDC,V,N,T0117,2021,41779,,F,1,P,6,EUR
OECD.SDD.NAD:DSD_NAMAIN10@DF_TABLE5(1.0),A,DEU,S14,S1,P31DC,_Z,_Z,CP105,XDC,V,N,T0117,2021,6447,,F,1,P,6,EUR
OECD.SDD.NAD:DSD_NAMAIN10@DF_TABLE5(1.0),A,DEU,S14,S1,P31DC,_Z,_Z,CP095,XDC,V,N,T0117,2021,25893,,F,1,P,6,EUR
OECD.SDD.NAD:DSD_NAMAIN10@DF_TABLE5(1.0),A,DEU,S14,S1,P31DC,_Z,_Z,CP121,XDC,V,N,T0117,2021,35718,,F,1,P,6,EUR
OECD.SDD.NAD:DSD_NAMAIN10@DF_TABLE5(1.0),A,DEU,S14,S1,P31DC,_Z,_Z,CP124,XDC,V,N,T0117,2021,45479,,F,1,P,6,EUR
OECD.SDD.NAD:DSD_NAMAIN10@DF_TABLE5(1.0),A,DEU,S14,S1,P31DC,_Z,_Z,CP06,XDC,V,N,T0117,2021,96115,,F,1,P,6,EUR
OECD.SDD.NAD:DSD_NAMAIN10@DF_TABLE5(1.0),A,DEU,S14,S1,P31DC,_Z,_Z,CP045,XDC,V,N,T0117,2021,76172,,F,1,P,6,EUR
OECD.SDD.NAD:DSD_NAMAIN10@DF_TABLE5(1.0),A,DEU,S14,S1,P31DC,_Z,_Z,CP08,XDC,V,N,T0117,2021,39924,,F,1,P,6,EUR
OECD.SDD.NAD:DSD_NAMAIN10@DF_TABLE5(1.0),A,DEU,S14,S1,P31DC,_Z,_Z,CP091,XDC,V,N,T0117,2021,31091,,F,1,P,6,EUR
OECD.SDD.NAD:DSD_NAMAIN10@DF_TABLE5(1.0),A,DEU,S14,S1,P31DC,_Z,_Z,CP083,XDC,V,N,T0117,2021,28912,,F,1,P,6,EUR
OECD.SDD.NAD:DSD_NAMAIN10@DF_TABLE5(1.0),A,DEU,S14,S1,P31DC,_Z,_Z,CP053,XDC,V,N,T0117,2021,15825,,F,1,P,6,EUR
OECD.SDD.NAD:DSD_NAMAIN10@DF_TABLE5(1.0),A,DEU,S14,S1,P31DC,_Z,_Z,CP01,XDC,V,N,T0117,2021,200574,,F,1,P,6,EUR
OECD.SDD.NAD:DSD_NAMAIN10@DF_TABLE5(1.0),A,NLD,S14,S1,P31DC,_Z,_Z,CP123,XDC,V,N,T0117,2021,2517,,F,1,P,6,EUR
OECD.SDD.NAD:DSD_NAMAIN10@DF_TABLE5(1.0),A,NLD,S14,S1,P31DC,_Z,_Z,CP104,XDC,V,N,T0117,2021,1073,,F,1,P,6,EUR
OECD.SDD.NAD:DSD_NAMAIN10@DF_TABLE5(1.0),A,NLD,S14,S1,P31DC,_Z,_Z,CP052,XDC,V,N,T0117,2021,2602,,F,1,P,6,EUR
OECD.SDD.NAD:DSD_NAMAIN10@DF_TABLE5(1.0),A,NLD,S14,S1,P31DC,_Z,_Z,CP09,XDC,V,N,T0117,2021,31253,,F,1,P,6,EUR
OECD.SDD.NAD:DSD_NAMAIN10@DF_TABLE5(1.0),A,NLD,S14,S1,P31DC,_Z,_Z,CP041,XDC,V,N,T0117,2021,22839,,F,1,P,6,EUR
OECD.SDD.NAD:DSD_NAMAIN10@DF_TABLE5(1.0),A,NLD,S14,S1,P31DC,_Z,_Z,CP095,XDC,V,N,T0117,2021,3836,,F,1,P,6,EUR
OECD.SDD.NAD:DSD_NAMAIN10@DF_TABLE5(1.0),A,NLD,S14,S1,P31DC,_Z,_Z,CP02,XDC,V,N,T0117,2021,12127,,F,1,P,6,EUR
OECD.SDD.NAD:DSD_NAMAIN10@DF_TABLE5(1.0),A,NLD,S14,S1,P31DC,_Z,_Z,CP072,XDC,V,N,T0117,2021,24917,,F,1,P,6,EUR
OECD.SDD.NAD:DSD_NAMAIN10@DF_TABLE5(1.0),A,NLD,S14,S1,P31DC,_Z,_Z,CP056,XDC,V,N,T0117,2021,5178,,F,1,P,6,EUR
OECD.SDD.NAD:DSD_NAMAIN10@DF_TABLE5(1.0),A,NLD,S14,S1,P31DC,_Z,_Z,CP081,XDC,V,N,T0117,2021,568,,F,1,P,6,EUR
OECD.SDD.NAD:DSD_NAMAIN10@DF_TABLE5(1.0),A,NLD,S14,S1,P31DC,_Z,_Z,CP044,XDC,V,N,T0117,2021,3355,,F,1,P,6,EUR
OECD.SDD.NAD:DSD_NAMAIN10@DF_TABLE5(1.0),A,NLD,S14,S1,P31DC,_Z,_Z,CP111,XDC,V,N,T0117,2021,16758,,F,1,P,6,EUR
OECD.SDD.NAD:DSD_NAMAIN10@DF_TABLE5(1.0),A,NLD,S14,S1,P31DC,_Z,_Z,CP082,XDC,V,N,T0117,2021,1518,,F,1,P,6,EUR
OECD.SDD.NAD:DSD_NAMAIN10@DF_TABLE5(1.0),A,NLD,S14,S1,P31DC,_Z,_Z,CP091,XDC,V,N,T0117,2021,6344,,F,1,P,6,EUR
OECD.SDD.NAD:DSD_NAMAIN10@DF_TABLE5(1.0),A,NLD,S14,S1,P31DC,_Z,_Z,CP04,XDC,V,N,T0117,2021,90739,,F,1,P,6,EUR
OECD.SDD.NAD:DSD_NAMAIN10@DF_TABLE5(1.0),A,NLD,S14,S1,P31DC,_Z,_Z,CP043,XDC,V,N,T0117,2021,1705,,F,1,P,6,EUR
OECD.SDD.NAD:DSD_NAMAIN10@DF_TABLE5(1.0),A,NLD,S14,S1,P31DC,_Z,_Z,CP01,XDC,V,N,T0117,2021,45076,,F,1,P,6,EUR
OECD.SDD.NAD:DSD_NAMAIN10@DF_TABLE5(1.0),A,NLD,S14,S1,P31DC,_Z,_Z,CP125,XDC,V,N,T0117,2021,20819,,F,1,P,6,EUR
OECD.SDD.NAD:DSD_NAMAIN10@DF_TABLE5(1.0),A,NLD,S14,S1,P31DC,_Z,_Z,CP126,XDC,V,N,T0117,2021,3338,,F,1,P,6,EUR
OECD.SDD.NAD:DSD_NAMAIN10@DF_TABLE5(1.0),A,NLD,S14,S1,P31DC,_Z,_Z,CP11,XDC,V,N,T0117,2021,23253,,F,1,P,6,EUR
OECD.SDD.NAD:DSD_NAMAIN10@DF_TABLE5(1.0),A,NLD,S14,S1,P31DC,_Z,_Z,CP112,XDC,V,N,T0117,2021,6495,,F,1,P,6,EUR
OECD.SDD.NAD:DSD_NAMAIN10@DF_TABLE5(1.0),A,NLD,S14,S1,P31DC,_Z,_Z,CP103,XDC,V,N,T0117,2021,242,,F,1,P,6,EUR
OECD.SDD.NAD:DSD_NAMAIN10@DF_TABLE5(1.0),A,NLD,S14,S1,P31DC,_Z,_Z,CP12,XDC,V,N,T0117,2021,46682,,F,1,P,6,EUR
OECD.SDD.NAD:DSD_NAMAIN10@DF_TABLE5(1.0),A,NLD,S14,S1,P31DC,_Z,_Z,CP051,XDC,V,N,T0117,2021,9370,,F,1,P,6,EUR
OECD.SDD.NAD:DSD_NAMAIN10@DF_TABLE5(1.0),A,NLD,S14,S1,P31DC,_Z,_Z,CP105,XDC,V,N,T0117,2021,214,,F,1,P,6,EUR
OECD.SDD.NAD:DSD_NAMAIN10@DF_TABLE5(1.0),A,NLD,S14,S1,P31DC,_Z,_Z,CP124,XDC,V,N,T0117,2021,4557,,F,1,P,6,EUR
OECD.SDD.NAD:DSD_NAMAIN10@DF_TABLE5(1.0),A,NLD,S14,S1,P31DC,_Z,_Z,CP042,XDC,V,N,T0117,2021,51103,,F,1,P,6,EUR
OECD.SDD.NAD:DSD_NAMAIN10@DF_TABLE5(1.0),A,NLD,S14,S1,P31DC,_Z,_Z,CP011,XDC,V,N,T0117,2021,41411,,F,1,P,6,EUR
OECD.SDD.NAD:DSD_NAMAIN10@DF_TABLE5(1.0),A,NLD,S14,S1,P31DC,_Z,_Z,CP061,XDC,V,N,T0117,2021,3894,,F,1,P,6,EUR
OECD.SDD.NAD:DSD_NAMAIN10@DF_TABLE5(1.0),A,NLD,S14,S1,P31DC,_Z,_Z,CP096,XDC,V,N,T0117,2021,1285,,F,1,P,6,EUR
OECD.SDD.NAD:DSD_NAMAIN10@DF_TABLE5(1.0),A,NLD,S14,S1,P31DC,_Z,_Z,CP083,XDC,V,N,T0117,2021,6637,,F,1,P,6,EUR
OECD.SDD.NAD:DSD_NAMAIN10@DF_TABLE5(1.0),A,NLD,S14,S1,P31DC,_Z,_Z,CP03,XDC,V,N,T0117,2021,17735,,F,1,P,6,EUR
OECD.SDD.NAD:DSD_NAMAIN10@DF_TABLE5(1.0),A,NLD,S14,S1,P31DC,_Z,_Z,CP06,XDC,V,N,T0117,2021,12213,,F,1,P,6,EUR
OECD.SDD.NAD:DSD_NAMAIN10@DF_TABLE5(1.0),A,NLD,S14,S1,P31DC,_Z,_Z,CP094,XDC,V,N,T0117,2021,7209,,F,1,P,6,EUR
OECD.SDD.NAD:DSD_NAMAIN10@DF_TABLE5(1.0),A,NLD,S14,S1,P31DC,_Z,_Z,CP073,XDC,V,N,T0117,2021,4417,,F,1,P,6,EUR
OECD.SDD.NAD:DSD_NAMAIN10@DF_TABLE5(1.0),A,NLD,S14,S1,P31DC,_Z,_Z,CP093,XDC,V,N,T0117,2021,10707,,F,1,P,6,EUR
OECD.SDD.NAD:DSD_NAMAIN10@DF_TABLE5(1.0),A,NLD,S14,S1,P31DC,_Z,_Z,CP121,XDC,V,N,T0117,2021,9159,,F,1,P,6,EUR
OECD.SDD.NAD:DSD_NAMAIN10@DF_TABLE5(1.0),A,NLD,S14,S1,P31DC,_Z,_Z,CP102,XDC,V,N,T0117,2021,727,,F,1,P,6,EUR
OECD.SDD.NAD:DSD_NAMAIN10@DF_TABLE5(1.0),A,NLD,S14,S1,P31DC,_Z,_Z,CP092,XDC,V,N,T0117,2021,1872,,F,1,P,6,EUR
OECD.SDD.NAD:DSD_NAMAIN10@DF_TABLE5(1.0),A,NLD,S14,S1,P31DC,_Z,_Z,CP10,XDC,V,N,T0117,2021,2256,,F,1,P,6,EUR
OECD.SDD.NAD:DSD_NAMAIN10@DF_TABLE5(1.0),A,NLD,S14,S1,P31DC,_Z,_Z,CP045,XDC,V,N,T0117,2021,11737,,F,1,P,6,EUR
OECD.SDD.NAD:DSD_NAMAIN10@DF_TABLE5(1.0),A,NLD,S14,S1,P31DC,_Z,_Z,CP101,XDC,V,N,T0117,2021,0,,F,1,P,6,EUR
OECD.SDD.NAD:DSD_NAMAIN10@DF_TABLE5(1.0),A,NLD,S14,S1,P31DC,_Z,_Z,CP07,XDC,V,N,T0117,2021,40991,,F,1,P,6,EUR
OECD.SDD.NAD:DSD_NAMAIN10@DF_TABLE5(1.0),A,NLD,S14,S1,P31DC,_Z,_Z,CP08,XDC,V,N,T0117,2021,8723,,F,1,P,6,EUR
OECD.SDD.NAD:DSD_NAMAIN10@DF_TABLE5(1.0),A,NLD,S14,S1,P31DC,_Z,_Z,CP032,XDC,V,N,T0117,2021,3195,,F,1,P,6,EUR
OECD.SDD.NAD:DSD_NAMAIN10@DF_TABLE5(1.0),A,NLD,S14,S1,P31DC,_Z,_Z,CP031,XDC,V,N,T0117,2021,14540,,F,1,P,6,EUR
OECD.SDD.NAD:DSD_NAMAIN10@DF_TABLE5(1.0),A,NLD,S14,S1,P31DC,_Z,_Z,CP05,XDC,V,N,T0117,2021,24335,,F,1,P,6,EUR
OECD.SDD.NAD:DSD_NAMAIN10@DF_TABLE5(1.0),A,NLD,S14,S1,P31DC,_Z,_Z,CP012,XDC,V,N,T0117,2021,3665,,F,1,P,6,EUR
OECD.SDD.NAD:DSD_NAMAIN10@DF_TABLE5(1.0),A,NLD,S14,S1,P31DC,_Z,_Z,CP053,XDC,V,N,T0117,2021,2851,,F,1,P,6,EUR
OECD.SDD.NAD:DSD_NAMAIN10@DF_TABLE5(1.0),A,NLD,S14,S1,P31DC,_Z,_Z,CP055,XDC,V,N,T0117,2021,1671,,F,1,P,6,EUR
OECD.SDD.NAD:DSD_NAMAIN10@DF_TABLE5(1.0),A,NLD,S14,S1,P31DC,_Z,_Z,CP054,XDC,V,N,T0117,2021,2663,,F,1,P,6,EUR
OECD.SDD.NAD:DSD_NAMAIN10@DF_TABLE5(1.0),A,NLD,S14,S1,P31DC,_Z,_Z,CP062,XDC,V,N,T0117,2021,5532,,F,1,P,6,EUR
OECD.SDD.NAD:DSD_NAMAIN10@DF_TABLE5(1.0),A,NLD,S14,S1,P31DC,_Z,_Z,CP063,XDC,V,N,T0117,2021,2787,,F,1,P,6,EUR
OECD.SDD.NAD:DSD_NAMAIN10@DF_TABLE5(1.0),A,NLD,S14,S1,P31DC,_Z,_Z,CP021,XDC,V,N,T0117,2021,4905,,F,1,P,6,EUR
OECD.SDD.NAD:DSD_NAMAIN10@DF_TABLE5(1.0),A,NLD,S14,S1,P31DC,_Z,_Z,CP122_127,XDC,V,N,T0117,2021,6292,,F,1,P,6,EUR
OECD.SDD.NAD:DSD_NAMAIN10@DF_TABLE5(1.0),A,NLD,S14,S1,P31DC,_Z,_Z,CP071,XDC,V,N,T0117,2021,11657,,F,1,P,6,EUR
OECD.SDD.NAD:DSD_NAMAIN10@DF_TABLE5(1.0),A,FRA,S14,S1,P31DC,_Z,_Z,CP023,XDC,V,N,T0117,2021,4479,,F,1,P,6,EUR
OECD.SDD.NAD:DSD_NAMAIN10@DF_TABLE5(1.0),A,FRA,S14,S1,P31DC,_Z,_Z,CP112,XDC,V,N,T0117,2021,15774,,F,1,P,6,EUR
OECD.SDD.NAD:DSD_NAMAIN10@DF_TABLE5(1.0),A,FRA,S14,S1,P31DC,_Z,_Z,CP081,XDC,V,N,T0117,2021,1505,,F,1,P,6,EUR
OECD.SDD.NAD:DSD_NAMAIN10@DF_TABLE5(1.0),A,FRA,S14,S1,P31DC,_Z,_Z,CP045,XDC,V,N,T0117,2021,59470,,F,1,P,6,EUR
OECD.SDD.NAD:DSD_NAMAIN10@DF_TABLE5(1.0),A,FRA,S14,S1,P31DC,_Z,_Z,CP091,XDC,V,N,T0117,2021,13798,,F,1,P,6,EUR
OECD.SDD.NAD:DSD_NAMAIN10@DF_TABLE5(1.0),A,FRA,S14,S1,P31DC,_Z,_Z,CP051,XDC,V,N,T0117,2021,19863,,F,1,P,6,EUR
OECD.SDD.NAD:DSD_NAMAIN10@DF_TABLE5(1.0),A,FRA,S14,S1,P31DC,_Z,_Z,CP01,XDC,V,N,T0117,2021,176438,,F,1,P,6,EUR
OECD.SDD.NAD:DSD_NAMAIN10@DF_TABLE5(1.0),A,FRA,S14,S1,P31DC,_Z,_Z,CP031,XDC,V,N,T0117,2021,32814,,F,1,P,6,EUR
OECD.SDD.NAD:DSD_NAMAIN10@DF_TABLE5(1.0),A,FRA,S14,S1,P31DC,_Z,_Z,CP095,XDC,V,N,T0117,2021,14543,,F,1,P,6,EUR
OECD.SDD.NAD:DSD_NAMAIN10@DF_TABLE5(1.0),A,FRA,S14,S1,P31DC,_Z,_Z,CP012,XDC,V,N,T0117,2021,14794,,F,1,P,6,EUR
OECD.SDD.NAD:DSD_NAMAIN10@DF_TABLE5(1.0),A,FRA,S14,S1,P31DC,_Z,_Z,CP102,XDC,V,N,T0117,2021,1901,,F,1,P,6,EUR
OECD.SDD.NAD:DSD_NAMAIN10@DF_TABLE5(1.0),A,FRA,S14,S1,P31DC,_Z,_Z,CP03,XDC,V,N,T0117,2021,41597,,F,1,P,6,EUR
OECD.SDD.NAD:DSD_NAMAIN10@DF_TABLE5(1.0),A,FRA,S14,S1,P31DC,_Z,_Z,CP063,XDC,V,N,T0117,2021,6910,,F,1,P,6,EUR
OECD.SDD.NAD:DSD_NAMAIN10@DF_TABLE5(1.0),A,FRA,S14,S1,P31DC,_Z,_Z,CP02,XDC,V,N,T0117,2021,52711,,F,1,P,6,EUR
OECD.SDD.NAD:DSD_NAMAIN10@DF_TABLE5(1.0),A,FRA,S14,S1,P31DC,_Z,_Z,CP093,XDC,V,N,T0117,2021,31587,,F,1,P,6,EUR
OECD.SDD.NAD:DSD_NAMAIN10@DF_TABLE5(1.0),A,FRA,S14,S1,P31DC,_Z,_Z,CP042,XDC,V,N,T0117,2021,188897,,F,1,P,6,EUR
OECD.SDD.NAD:DSD_NAMAIN10@DF_TABLE5(1.0),A,FRA,S14,S1,P31DC,_Z,_Z,CP04,XDC,V,N,T0117,2021,351416,,F,1,P,6,EUR
OECD.SDD.NAD:DSD_NAMAIN10@DF_TABLE5(1.0),A,FRA,S14,S1,P31DC,_Z,_Z,CP056,XDC,V,N,T0117,2021,13262,,F,1,P,6,EUR
OECD.SDD.NAD:DSD_NAMAIN10@DF_TABLE5(1.0),A,FRA,S14,S1,P31DC,_Z,_Z,CP044,XDC,V,N,T0117,2021,18423,,F,1,P,6,EUR
OECD.SDD.NAD:DSD_NAMAIN10@DF_TABLE5(1.0),A,FRA,S14,S1,P31DC,_Z,_Z,CP032,XDC,V,N,T0117,2021,8782,,F,1,P,6,EUR
OECD.SDD.NAD:DSD_NAMAIN10@DF_TABLE5(1.0),A,FRA,S14,S1,P31DC,_Z,_Z,CP082,XDC,V,N,T0117,2021,5213,,F,1,P,6,EUR
OECD.SDD.NAD:DSD_NAMAIN10@DF_TABLE5(1.0),A,FRA,S14,S1,P31DC,_Z,_Z,CP043,XDC,V,N,T0117,2021,21965,,F,1,P,6,EUR
OECD.SDD.NAD:DSD_NAMAIN10@DF_TABLE5(1.0),A,FRA,S14,S1,P31DC,_Z,_Z,CP125,XDC,V,N,T0117,2021,62277,,F,1,P,6,EUR
OECD.SDD.NAD:DSD_NAMAIN10@DF_TABLE5(1.0),A,FRA,S14,S1,P31DC,_Z,_Z,CP021,XDC,V,N,T0117,2021,22709,,F,1,P,6,EUR
OECD.SDD.NAD:DSD_NAMAIN10@DF_TABLE5(1.0),A,FRA,S14,S1,P31DC,_Z,_Z,CP022,XDC,V,N,T0117,2021,25523,,F,1,P,6,EUR
OECD.SDD.NAD:DSD_NAMAIN10@DF_TABLE5(1.0),A,FRA,S14,S1,P31DC,_Z,_Z,CP12,XDC,V,N,T0117,2021,159588,,F,1,P,6,EUR
OECD.SDD.NAD:DSD_NAMAIN10@DF_TABLE5(1.0),A,FRA,S14,S1,P31DC,_Z,_Z,CP094,XDC,V,N,T0117,2021,29681,,F,1,P,6,EUR
OECD.SDD.NAD:DSD_NAMAIN10@DF_TABLE5(1.0),A,FRA,S14,S1,P31DC,_Z,_Z,CP121,XDC,V,N,T0117,2021,30477,,F,1,P,6,EUR
OECD.SDD.NAD:DSD_NAMAIN10@DF_TABLE5(1.0),A,FRA,S14,S1,P31DC,_Z,_Z,CP122_127,XDC,V,N,T0117,2021,16692,,F,1,P,6,EUR
OECD.SDD.NAD:DSD_NAMAIN10@DF_TABLE5(1.0),A,FRA,S14,S1,P31DC,_Z,_Z,CP061,XDC,V,N,T0117,2021,21143,,F,1,P,6,EUR
OECD.SDD.NAD:DSD_NAMAIN10@DF_TABLE5(1.0),A,FRA,S14,S1,P31DC,_Z,_Z,CP083,XDC,V,N,T0117,2021,24820,,F,1,P,6,EUR
OECD.SDD.NAD:DSD_NAMAIN10@DF_TABLE5(1.0),A,FRA,S14,S1,P31DC,_Z,_Z,CP054,XDC,V,N,T0117,2021,7988,,F,1,P,6,EUR
OECD.SDD.NAD:DSD_NAMAIN10@DF_TABLE5(1.0),A,FRA,S14,S1,P31DC,_Z,_Z,CP096,XDC,V,N,T0117,2021,1289,,F,1,P,6,EUR
OECD.SDD.NAD:DSD_NAMAIN10@DF_TABLE5(1.0),A,FRA,S14,S1,P31DC,_Z,_Z,CP11,XDC,V,N,T0117,2021,78477,,F,1,P,6,EUR
OECD.SDD.NAD:DSD_NAMAIN10@DF_TABLE5(1.0),A,FRA,S14,S1,P31DC,_Z,_Z,CP111,XDC,V,N,T0117,2021,62702,,F,1,P,6,EUR
OECD.SDD.NAD:DSD_NAMAIN10@DF_TABLE5(1.0),A,FRA,S14,S1,P31DC,_Z,_Z,CP10,XDC,V,N,T0117,2021,6669,,F,1,P,6,EUR
OECD.SDD.NAD:DSD_NAMAIN10@DF_TABLE5(1.0),A,FRA,S14,S1,P31DC,_Z,_Z,CP08,XDC,V,N,T0117,2021,31538,,F,1,P,6,EUR
OECD.SDD.NAD:DSD_NAMAIN10@DF_TABLE5(1.0),A,FRA,S14,S1,P31DC,_Z,_Z,CP05,XDC,V,N,T0117,2021,62721,,F,1,P,6,EUR
OECD.SDD.NAD:DSD_NAMAIN10@DF_TABLE5(1.0),A,FRA,S14,S1,P31DC,_Z,_Z,CP07,XDC,V,N,T0117,2021,160792,,F,1,P,6,EUR
OECD.SDD.NAD:DSD_NAMAIN10@DF_TABLE5(1.0),A,FRA,S14,S1,P31DC,_Z,_Z,CP126,XDC,V,N,T0117,2021,12653,,F,1,P,6,EUR
OECD.SDD.NAD:DSD_NAMAIN10@DF_TABLE5(1.0),A,FRA,S14,S1,P31DC,_Z,_Z,CP092,XDC,V,N,T0117,2021,6454,,F,1,P,6,EUR
OECD.SDD.NAD:DSD_NAMAIN10@DF_TABLE5(1.0),A,FRA,S14,S1,P31DC,_Z,_Z,CP011,XDC,V,N,T0117,2021,161644,,F,1,P,6,EUR
OECD.SDD.NAD:DSD_NAMAIN10@DF_TABLE5(1.0),A,FRA,S14,S1,P31DC,_Z,_Z,CP127,XDC,V,N,T0117,2021,16692,,F,1,P,6,EUR
OECD.SDD.NAD:DSD_NAMAIN10@DF_TABLE5(1.0),A,FRA,S14,S1,P31DC,_Z,_Z,CP071,XDC,V,N,T0117,2021,36617,,F,1,P,6,EUR
OECD.SDD.NAD:DSD_NAMAIN10@DF_TABLE5(1.0),A,FRA,S14,S1,P31DC,_Z,_Z,CP052,XDC,V,N,T0117,2021,4167,,F,1,P,6,EUR
OECD.SDD.NAD:DSD_NAMAIN10@DF_TABLE5(1.0),A,FRA,S14,S1,P31DC,_Z,_Z,CP104,XDC,V,N,T0117,2021,2017,,F,1,P,6,EUR
OECD.SDD.NAD:DSD_NAMAIN10@DF_TABLE5(1.0),A,FRA,S14,S1,P31DC,_Z,_Z,CP062,XDC,V,N,T0117,2021,25011,,F,1,P,6,EUR
OECD.SDD.NAD:DSD_NAMAIN10@DF_TABLE5(1.0),A,FRA,S14,S1,P31DC,_Z,_Z,CP072,XDC,V,N,T0117,2021,103864,,F,1,P,6,EUR
OECD.SDD.NAD:DSD_NAMAIN10@DF_TABLE5(1.0),A,FRA,S14,S1,P31DC,_Z,_Z,CP055,XDC,V,N,T0117,2021,5713,,F,1,P,6,EUR
OECD.SDD.NAD:DSD_NAMAIN10@DF_TABLE5(1.0),A,FRA,S14,S1,P31DC,_Z,_Z,CP123,XDC,V,N,T0117,2021,12832,,F,1,P,6,EUR
OECD.SDD.NAD:DSD_NAMAIN10@DF_TABLE5(1.0),A,FRA,S14,S1,P31DC,_Z,_Z,CP06,XDC,V,N,T0117,2021,53064,,F,1,P,6,EUR
OECD.SDD.NAD:DSD_NAMAIN10@DF_TABLE5(1.0),A,FRA,S14,S1,P31DC,_Z,_Z,CP105,XDC,V,N,T0117,2021,1790,,F,1,P,6,EUR
OECD.SDD.NAD:DSD_NAMAIN10@DF_TABLE5(1.0),A,FRA,S14,S1,P31DC,_Z,_Z,CP124,XDC,V,N,T0117,2021,24657,,F,1,P,6,EUR
OECD.SDD.NAD:DSD_NAMAIN10@DF_TABLE5(1.0),A,FRA,S14,S1,P31DC,_Z,_Z,CP073,XDC,V,N,T0117,2021,20311,,F,1,P,6,EUR
OECD.SDD.NAD:DSD_NAMAIN10@DF_TABLE5(1.0),A,FRA,S14,S1,P31DC,_Z,_Z,CP101,XDC,V,N,T0117,2021,962,,F,1,P,6,EUR
OECD.SDD.NAD:DSD_NAMAIN10@DF_TABLE5(1.0),A,FRA,S14,S1,P31DC,_Z,_Z,CP041,XDC,V,N,T0117,2021,62662,,F,1,P,6,EUR
OECD.SDD.NAD:DSD_NAMAIN10@DF_TABLE5(1.0),A,FRA,S14,S1,P31DC,_Z,_Z,CP09,XDC,V,N,T0117,2021,97351,,F,1,P,6,EUR
OECD.SDD.NAD:DSD_NAMAIN10@DF_TABLE5(1.0),A,FRA,S14,S1,P31DC,_Z,_Z,CP053,XDC,V,N,T0117,2021,11728,,F,1,P,6,EUR
OECD.SDD.NAD:DSD_NAMAIN10@DF_TABLE5(1.0),A,BEL,S14,S1,P31DC,_Z,_Z,CP022,XDC,V,N,T0117,2022,6062.7,,F,1,P,6,EUR
OECD.SDD.NAD:DSD_NAMAIN10@DF_TABLE5(1.0),A,BEL,S14,S1,P31DC,_Z,_Z,CP056,XDC,V,N,T0117,2022,4435.9,,F,1,P,6,EUR
OECD.SDD.NAD:DSD_NAMAIN10@DF_TABLE5(1.0),A,BEL,S14,S1,P31DC,_Z,_Z,CP111,XDC,V,N,T0117,2022,16009.4,,F,1,P,6,EUR
OECD.SDD.NAD:DSD_NAMAIN10@DF_TABLE5(1.0),A,BEL,S14,S1,P31DC,_Z,_Z,CP103,XDC,V,N,T0117,2022,350.6,,F,1,P,6,EUR
OECD.SDD.NAD:DSD_NAMAIN10@DF_TABLE5(1.0),A,BEL,S14,S1,P31DC,_Z,_Z,CP11,XDC,V,N,T0117,2022,18033,,F,1,P,6,EUR
OECD.SDD.NAD:DSD_NAMAIN10@DF_TABLE5(1.0),A,BEL,S14,S1,P31DC,_Z,_Z,CP092,XDC,V,N,T0117,2022,1131.8,,F,1,P,6,EUR
OECD.SDD.NAD:DSD_NAMAIN10@DF_TABLE5(1.0),A,BEL,S14,S1,P31DC,_Z,_Z,CP093,XDC,V,N,T0117,2022,5050.3,,F,1,P,6,EUR
OECD.SDD.NAD:DSD_NAMAIN10@DF_TABLE5(1.0),A,BEL,S14,S1,P31DC,_Z,_Z,CP07,XDC,V,N,T0117,2022,25670,,F,1,P,6,EUR
OECD.SDD.NAD:DSD_NAMAIN10@DF_TABLE5(1.0),A,BEL,S14,S1,P31DC,_Z,_Z,CP095,XDC,V,N,T0117,2022,2256.8,,F,1,P,6,EUR
OECD.SDD.NAD:DSD_NAMAIN10@DF_TABLE5(1.0),A,BEL,S14,S1,P31DC,_Z,_Z,CP082,XDC,V,N,T0117,2022,295,,F,1,P,6,EUR
OECD.SDD.NAD:DSD_NAMAIN10@DF_TABLE5(1.0),A,BEL,S14,S1,P31DC,_Z,_Z,CP124,XDC,V,N,T0117,2022,3377.1,,F,1,P,6,EUR
OECD.SDD.NAD:DSD_NAMAIN10@DF_TABLE5(1.0),A,BEL,S14,S1,P31DC,_Z,_Z,CP12,XDC,V,N,T0117,2022,39455.4,,F,1,P,6,EUR
OECD.SDD.NAD:DSD_NAMAIN10@DF_TABLE5(1.0),A,BEL,S14,S1,P31DC,_Z,_Z,CP094,XDC,V,N,T0117,2022,7408.5,,F,1,P,6,EUR
OECD.SDD.NAD:DSD_NAMAIN10@DF_TABLE5(1.0),A,BEL,S14,S1,P31DC,_Z,_Z,CP043,XDC,V,N,T0117,2022,860.7,,F,1,P,6,EUR
OECD.SDD.NAD:DSD_NAMAIN10@DF_TABLE5(1.0),A,BEL,S14,S1,P31DC,_Z,_Z,CP105,XDC,V,N,T0117,2022,67.9,,F,1,P,6,EUR
OECD.SDD.NAD:DSD_NAMAIN10@DF_TABLE5(1.0),A,BEL,S14,S1,P31DC,_Z,_Z,CP061,XDC,V,N,T0117,2022,4394.4,,F,1,P,6,EUR
OECD.SDD.NAD:DSD_NAMAIN10@DF_TABLE5(1.0),A,BEL,S14,S1,P31DC,_Z,_Z,CP073,XDC,V,N,T0117,2022,2363.8,,F,1,P,6,EUR
OECD.SDD.NAD:DSD_NAMAIN10@DF_TABLE5(1.0),A,BEL,S14,S1,P31DC,_Z,_Z,CP096,XDC,V,N,T0117,2022,1771.2,,F,1,P,6,EUR
OECD.SDD.NAD:DSD_NAMAIN10@DF_TABLE5(1.0),A,BEL,S14,S1,P31DC,_Z,_Z,CP063,XDC,V,N,T0117,2022,9080.9,,F,1,P,6,EUR
OECD.SDD.NAD:DSD_NAMAIN10@DF_TABLE5(1.0),A,BEL,S14,S1,P31DC,_Z,_Z,CP072,XDC,V,N,T0117,2022,17516.3,,F,1,P,6,EUR
OECD.SDD.NAD:DSD_NAMAIN10@DF_TABLE5(1.0),A,BEL,S14,S1,P31DC,_Z,_Z,CP055,XDC,V,N,T0117,2022,1364.9,,F,1,P,6,EUR
OECD.SDD.NAD:DSD_NAMAIN10@DF_TABLE5(1.0),A,BEL,S14,S1,P31DC,_Z,_Z,CP122,XDC,V,N,T0117,2022,1159.8,,F,1,P,6,EUR
OECD.SDD.NAD:DSD_NAMAIN10@DF_TABLE5(1.0),A,BEL,S14,S1,P31DC,_Z,_Z,CP062,XDC,V,N,T0117,2022,4348.6,,F,1,P,6,EUR
OECD.SDD.NAD:DSD_NAMAIN10@DF_TABLE5(1.0),A,BEL,S14,S1,P31DC,_Z,_Z,_T,XDC,V,N,T0117,2022,267085.6,,F,1,P,6,EUR
OECD.SDD.NAD:DSD_NAMAIN10@DF_TABLE5(1.0),A,BEL,S14,S1,P31DC,_Z,_Z,CP044,XDC,V,N,T0117,2022,3632.4,,F,1,P,6,EUR
OECD.SDD.NAD:DSD_NAMAIN10@DF_TABLE5(1.0),A,BEL,S14,S1,P31DC,_Z,_Z,CP102,XDC,V,N,T0117,2022,223.2,,F,1,P,6,EUR
OECD.SDD.NAD:DSD_NAMAIN10@DF_TABLE5(1.0),A,BEL,S14,S1,P31DC,_Z,_Z,CP06,XDC,V,N,T0117,2022,17823.9,,F,1,P,6,EUR
OECD.SDD.NAD:DSD_NAMAIN10@DF_TABLE5(1.0),A,BEL,S14,S1,P31DC,_Z,_Z,CP052,XDC,V,N,T0117,2022,968.7,,F,1,P,6,EUR
OECD.SDD.NAD:DSD_NAMAIN10@DF_TABLE5(1.0),A,BEL,S14,S1,P31DC,_Z,_Z,CP112,XDC,V,N,T0117,2022,2023.6,,F,1,P,6,EUR
OECD.SDD.NAD:DSD_NAMAIN10@DF_TABLE5(1.0),A,BEL,S14,S1,P31DC,_Z,_Z,CP031,XDC,V,N,T0117,2022,9492.8,,F,1,P,6,EUR
OECD.SDD.NAD:DSD_NAMAIN10@DF_TABLE5(1.0),A,BEL,S14,S1,P31DC,_Z,_Z,CP012,XDC,V,N,T0117,2022,2516.7,,F,1,P,6,EUR
OECD.SDD.NAD:DSD_NAMAIN10@DF_TABLE5(1.0),A,BEL,S14,S1,P31DC,_Z,_Z,CP091,XDC,V,N,T0117,2022,2904.8,,F,1,P,6,EUR
OECD.SDD.NAD:DSD_NAMAIN10@DF_TABLE5(1.0),A,BEL,S14,S1,P31DC,_Z,_Z,CP071,XDC,V,N,T0117,2022,5789.9,,F,1,P,6,EUR
OECD.SDD.NAD:DSD_NAMAIN10@DF_TABLE5(1.0),A,BEL,S14,S1,P31DC,_Z,_Z,CP032,XDC,V,N,T0117,2022,1708.7,,F,1,P,6,EUR
OECD.SDD.NAD:DSD_NAMAIN10@DF_TABLE5(1.0),A,BEL,S14,S1,P31DC,_Z,_Z,CP126,XDC,V,N,T0117,2022,12995.1,,F,1,P,6,EUR
OECD.SDD.NAD:DSD_NAMAIN10@DF_TABLE5(1.0),A,BEL,S14,S1,P31DC,_Z,_Z,CP041,XDC,V,N,T0117,2022,14704.2,,F,1,P,6,EUR
OECD.SDD.NAD:DSD_NAMAIN10@DF_TABLE5(1.0),A,BEL,S14,S1,P31DC,_Z,_Z,CP10,XDC,V,N,T0117,2022,988.8,,F,1,P,6,EUR
OECD.SDD.NAD:DSD_NAMAIN10@DF_TABLE5(1.0),A,BEL,S14,S1,P31DC,_Z,_Z,CP04,XDC,V,N,T0117,2022,68668.6,,F,1,P,6,EUR
OECD.SDD.NAD:DSD_NAMAIN10@DF_TABLE5(1.0),A,BEL,S14,S1,P31DC,_Z,_Z,CP054,XDC,V,N,T0117,2022,1160.6,,F,1,P,6,EUR
OECD.SDD.NAD:DSD_NAMAIN10@DF_TABLE5(1.0),A,BEL,S14,S1,P31DC,_Z,_Z,CP104,XDC,V,N,T0117,2022,233.7,,F,1,P,6,EUR
OECD.SDD.NAD:DSD_NAMAIN10@DF_TABLE5(1.0),A,BEL,S14,S1,P31DC,_Z,_Z,CP011,XDC,V,N,T0117,2022,30051.1,,F,1,P,6,EUR
OECD.SDD.NAD:DSD_NAMAIN10@DF_TABLE5(1.0),A,BEL,S14,S1,P31DC,_Z,_Z,CP123,XDC,V,N,T0117,2022,1390.6,,F,1,P,6,EUR
OECD.SDD.NAD:DSD_NAMAIN10@DF_TABLE5(1.0),A,BEL,S14,S1,P31DC,_Z,_Z,CP083,XDC,V,N,T0117,2022,5055.5,,F,1,P,6,EUR
OECD.SDD.NAD:DSD_NAMAIN10@DF_TABLE5(1.0),A,BEL,S14,S1,P31DC,_Z,_Z,CP09,XDC,V,N,T0117,2022,20523.4,,F,1,P,6,EUR
OECD.SDD.NAD:DSD_NAMAIN10@DF_TABLE5(1.0),A,BEL,S14,S1,P31DC,_Z,_Z,CP125,XDC,V,N,T0117,2022,9099.9,,F,1,P,6,EUR
OECD.SDD.NAD:DSD_NAMAIN10@DF_TABLE5(1.0),A,BEL,S14,S1,P31DC,_Z,_Z,CP081,XDC,V,N,T0117,2022,273.1,,F,1,P,6,EUR
OECD.SDD.NAD:DSD_NAMAIN10@DF_TABLE5(1.0),A,BEL,S14,S1,P31DC,_Z,_Z,CP08,XDC,V,N,T0117,2022,5623.6,,F,1,P,6,EUR
OECD.SDD.NAD:DSD_NAMAIN10@DF_TABLE5(1.0),A,BEL,S14,S1,P31DC,_Z,_Z,CP02,XDC,V,N,T0117,2022,10647.2,,F,1,P,6,EUR
OECD.SDD.NAD:DSD_NAMAIN10@DF_TABLE5(1.0),A,BEL,S14,S1,P31DC,_Z,_Z,CP053,XDC,V,N,T0117,2022,2379.2,,F,1,P,6,EUR
OECD.SDD.NAD:DSD_NAMAIN10@DF_TABLE5(1.0),A,BEL,S14,S1,P31DC,_Z,_Z,CP121,XDC,V,N,T0117,2022,5284.9,,F,1,P,6,EUR
OECD.SDD.NAD:DSD_NAMAIN10@DF_TABLE5(1.0),A,BEL,S14,S1,P31DC,_Z,_Z,CP122_127,XDC,V,N,T0117,2022,7307.8,,F,1,P,6,EUR
OECD.SDD.NAD:DSD_NAMAIN10@DF_TABLE5(1.0),A,BEL,S14,S1,P31DC,_Z,_Z,CP03,XDC,V,N,T0117,2022,11201.5,,F,1,P,6,EUR
OECD.SDD.NAD:DSD_NAMAIN10@DF_TABLE5(1.0),A,BEL,S14,S1,P31DC,_Z,_Z,CP051,XDC,V,N,T0117,2022,5573.1,,F,1,P,6,EUR
OECD.SDD.NAD:DSD_NAMAIN10@DF_TABLE5(1.0),A,BEL,S14,S1,P31DC,_Z,_Z,CP01,XDC,V,N,T0117,2022,32567.8,,F,1,P,6,EUR
OECD.SDD.NAD:DSD_NAMAIN10@DF_TABLE5(1.0),A,BEL,S14,S1,P31DC,_Z,_Z,CP045,XDC,V,N,T0117,2022,20182.2,,F,1,P,6,EUR
OECD.SDD.NAD:DSD_NAMAIN10@DF_TABLE5(1.0),A,BEL,S14,S1,P31DC,_Z,_Z,CP101,XDC,V,N,T0117,2022,113.4,,F,1,P,6,EUR
OECD.SDD.NAD:DSD_NAMAIN10@DF_TABLE5(1.0),A,BEL,S14,S1,P31DC,_Z,_Z,CP042,XDC,V,N,T0117,2022,29289.1,,F,1,P,6,EUR
OECD.SDD.NAD:DSD_NAMAIN10@DF_TABLE5(1.0),A,BEL,S14,S1,P31DC,_Z,_Z,CP021,XDC,V,N,T0117,2022,3937.2,,F,1,P,6,EUR
OECD.SDD.NAD:DSD_NAMAIN10@DF_TABLE5(1.0),A,BEL,S14,S1,P31DC,_Z,_Z,CP023,XDC,V,N,T0117,2022,647.3,,F,1,P,6,EUR
OECD.SDD.NAD:DSD_NAMAIN10@DF_TABLE5(1.0),A,BEL,S14,S1,P31DC,_Z,_Z,CP127,XDC,V,N,T0117,2022,6148,,F,1,P,6,EUR
OECD.SDD.NAD:DSD_NAMAIN10@DF_TABLE5(1.0),A,BEL,S14,S1,P31DC,_Z,_Z,CP05,XDC,V,N,T0117,2022,15882.4,,F,1,P,6,EUR
OECD.SDD.NAD:DSD_NAMAIN10@DF_TABLE5(1.0),A,FRA,S14,S1,P31DC,_Z,_Z,CP071,XDC,V,N,T0117,2022,36740,,F,1,P,6,EUR
OECD.SDD.NAD:DSD_NAMAIN10@DF_TABLE5(1.0),A,FRA,S14,S1,P31DC,_Z,_Z,CP052,XDC,V,N,T0117,2022,4123,,F,1,P,6,EUR
OECD.SDD.NAD:DSD_NAMAIN10@DF_TABLE5(1.0),A,FRA,S14,S1,P31DC,_Z,_Z,_T,XDC,V,N,T0117,2022,1384851,,F,1,P,6,EUR
OECD.SDD.NAD:DSD_NAMAIN10@DF_TABLE5(1.0),A,FRA,S14,S1,P31DC,_Z,_Z,CP127,XDC,V,N,T0117,2022,17941,,F,1,P,6,EUR
OECD.SDD.NAD:DSD_NAMAIN10@DF_TABLE5(1.0),A,FRA,S14,S1,P31DC,_Z,_Z,CP104,XDC,V,N,T0117,2022,2154,,F,1,P,6,EUR
OECD.SDD.NAD:DSD_NAMAIN10@DF_TABLE5(1.0),A,FRA,S14,S1,P31DC,_Z,_Z,CP062,XDC,V,N,T0117,2022,25871,,F,1,P,6,EUR
OECD.SDD.NAD:DSD_NAMAIN10@DF_TABLE5(1.0),A,FRA,S14,S1,P31DC,_Z,_Z,CP072,XDC,V,N,T0117,2022,117906,,F,1,P,6,EUR
OECD.SDD.NAD:DSD_NAMAIN10@DF_TABLE5(1.0),A,FRA,S14,S1,P31DC,_Z,_Z,CP055,XDC,V,N,T0117,2022,5667,,F,1,P,6,EUR
OECD.SDD.NAD:DSD_NAMAIN10@DF_TABLE5(1.0),A,FRA,S14,S1,P31DC,_Z,_Z,CP09,XDC,V,N,T0117,2022,109715,,F,1,P,6,EUR
OECD.SDD.NAD:DSD_NAMAIN10@DF_TABLE5(1.0),A,FRA,S14,S1,P31DC,_Z,_Z,CP053,XDC,V,N,T0117,2022,11638,,F,1,P,6,EUR
OECD.SDD.NAD:DSD_NAMAIN10@DF_TABLE5(1.0),A,FRA,S14,S1,P31DC,_Z,_Z,CP101,XDC,V,N,T0117,2022,1034,,F,1,P,6,EUR
OECD.SDD.NAD:DSD_NAMAIN10@DF_TABLE5(1.0),A,FRA,S14,S1,P31DC,_Z,_Z,CP041,XDC,V,N,T0117,2022,64335,,F,1,P,6,EUR
OECD.SDD.NAD:DSD_NAMAIN10@DF_TABLE5(1.0),A,FRA,S14,S1,P31DC,_Z,_Z,CP073,XDC,V,N,T0117,2022,32563,,F,1,P,6,EUR
OECD.SDD.NAD:DSD_NAMAIN10@DF_TABLE5(1.0),A,FRA,S14,S1,P31DC,_Z,_Z,CP123,XDC,V,N,T0117,2022,14006,,F,1,P,6,EUR
OECD.SDD.NAD:DSD_NAMAIN10@DF_TABLE5(1.0),A,FRA,S14,S1,P31DC,_Z,_Z,CP06,XDC,V,N,T0117,2022,55090,,F,1,P,6,EUR
OECD.SDD.NAD:DSD_NAMAIN10@DF_TABLE5(1.0),A,FRA,S14,S1,P31DC,_Z,_Z,CP124,XDC,V,N,T0117,2022,27273,,F,1,P,6,EUR
OECD.SDD.NAD:DSD_NAMAIN10@DF_TABLE5(1.0),A,FRA,S14,S1,P31DC,_Z,_Z,CP105,XDC,V,N,T0117,2022,1866,,F,1,P,6,EUR
OECD.SDD.NAD:DSD_NAMAIN10@DF_TABLE5(1.0),A,FRA,S14,S1,P31DC,_Z,_Z,CP07,XDC,V,N,T0117,2022,187209,,F,1,P,6,EUR
OECD.SDD.NAD:DSD_NAMAIN10@DF_TABLE5(1.0),A,FRA,S14,S1,P31DC,_Z,_Z,CP126,XDC,V,N,T0117,2022,15905,,F,1,P,6,EUR
OECD.SDD.NAD:DSD_NAMAIN10@DF_TABLE5(1.0),A,FRA,S14,S1,P31DC,_Z,_Z,CP011,XDC,V,N,T0117,2022,167068,,F,1,P,6,EUR
OECD.SDD.NAD:DSD_NAMAIN10@DF_TABLE5(1.0),A,FRA,S14,S1,P31DC,_Z,_Z,CP092,XDC,V,N,T0117,2022,6208,,F,1,P,6,EUR
OECD.SDD.NAD:DSD_NAMAIN10@DF_TABLE5(1.0),A,FRA,S14,S1,P31DC,_Z,_Z,CP05,XDC,V,N,T0117,2022,62731,,F,1,P,6,EUR
OECD.SDD.NAD:DSD_NAMAIN10@DF_TABLE5(1.0),A,FRA,S14,S1,P31DC,_Z,_Z,CP08,XDC,V,N,T0117,2022,32351,,F,1,P,6,EUR
OECD.SDD.NAD:DSD_NAMAIN10@DF_TABLE5(1.0),A,FRA,S14,S1,P31DC,_Z,_Z,CP10,XDC,V,N,T0117,2022,7094,,F,1,P,6,EUR
OECD.SDD.NAD:DSD_NAMAIN10@DF_TABLE5(1.0),A,FRA,S14,S1,P31DC,_Z,_Z,CP111,XDC,V,N,T0117,2022,86830,,F,1,P,6,EUR
OECD.SDD.NAD:DSD_NAMAIN10@DF_TABLE5(1.0),A,FRA,S14,S1,P31DC,_Z,_Z,CP051,XDC,V,N,T0117,2022,19821,,F,1,P,6,EUR
OECD.SDD.NAD:DSD_NAMAIN10@DF_TABLE5(1.0),A,FRA,S14,S1,P31DC,_Z,_Z,CP031,XDC,V,N,T0117,2022,35650,,F,1,P,6,EUR
OECD.SDD.NAD:DSD_NAMAIN10@DF_TABLE5(1.0),A,FRA,S14,S1,P31DC,_Z,_Z,CP095,XDC,V,N,T0117,2022,14567,,F,1,P,6,EUR
OECD.SDD.NAD:DSD_NAMAIN10@DF_TABLE5(1.0),A,FRA,S14,S1,P31DC,_Z,_Z,CP01,XDC,V,N,T0117,2022,182900,,F,1,P,6,EUR
OECD.SDD.NAD:DSD_NAMAIN10@DF_TABLE5(1.0),A,FRA,S14,S1,P31DC,_Z,_Z,CP012,XDC,V,N,T0117,2022,15833,,F,1,P,6,EUR
OECD.SDD.NAD:DSD_NAMAIN10@DF_TABLE5(1.0),A,FRA,S14,S1,P31DC,_Z,_Z,CP091,XDC,V,N,T0117,2022,13324,,F,1,P,6,EUR
OECD.SDD.NAD:DSD_NAMAIN10@DF_TABLE5(1.0),A,FRA,S14,S1,P31DC,_Z,_Z,CP045,XDC,V,N,T0117,2022,62453,,F,1,P,6,EUR
OECD.SDD.NAD:DSD_NAMAIN10@DF_TABLE5(1.0),A,FRA,S14,S1,P31DC,_Z,_Z,CP023,XDC,V,N,T0117,2022,4821,,F,1,P,6,EUR
OECD.SDD.NAD:DSD_NAMAIN10@DF_TABLE5(1.0),A,FRA,S14,S1,P31DC,_Z,_Z,CP112,XDC,V,N,T0117,2022,24956,,F,1,P,6,EUR
OECD.SDD.NAD:DSD_NAMAIN10@DF_TABLE5(1.0),A,FRA,S14,S1,P31DC,_Z,_Z,CP081,XDC,V,N,T0117,2022,1541,,F,1,P,6,EUR
OECD.SDD.NAD:DSD_NAMAIN10@DF_TABLE5(1.0),A,FRA,S14,S1,P31DC,_Z,_Z,CP04,XDC,V,N,T0117,2022,361237,,F,1,P,6,EUR
OECD.SDD.NAD:DSD_NAMAIN10@DF_TABLE5(1.0),A,FRA,S14,S1,P31DC,_Z,_Z,CP093,XDC,V,N,T0117,2022,33006,,F,1,P,6,EUR
OECD.SDD.NAD:DSD_NAMAIN10@DF_TABLE5(1.0),A,FRA,S14,S1,P31DC,_Z,_Z,CP042,XDC,V,N,T0117,2022,192249,,F,1,P,6,EUR
OECD.SDD.NAD:DSD_NAMAIN10@DF_TABLE5(1.0),A,FRA,S14,S1,P31DC,_Z,_Z,CP02,XDC,V,N,T0117,2022,51388,,F,1,P,6,EUR
OECD.SDD.NAD:DSD_NAMAIN10@DF_TABLE5(1.0),A,FRA,S14,S1,P31DC,_Z,_Z,CP063,XDC,V,N,T0117,2022,7281,,F,1,P,6,EUR
OECD.SDD.NAD:DSD_NAMAIN10@DF_TABLE5(1.0),A,FRA,S14,S1,P31DC,_Z,_Z,CP102,XDC,V,N,T0117,2022,2041,,F,1,P,6,EUR
OECD.SDD.NAD:DSD_NAMAIN10@DF_TABLE5(1.0),A,FRA,S14,S1,P31DC,_Z,_Z,CP03,XDC,V,N,T0117,2022,45289,,F,1,P,6,EUR
OECD.SDD.NAD:DSD_NAMAIN10@DF_TABLE5(1.0),A,FRA,S14,S1,P31DC,_Z,_Z,CP054,XDC,V,N,T0117,2022,7893,,F,1,P,6,EUR
OECD.SDD.NAD:DSD_NAMAIN10@DF_TABLE5(1.0),A,FRA,S14,S1,P31DC,_Z,_Z,CP096,XDC,V,N,T0117,2022,2502,,F,1,P,6,EUR
OECD.SDD.NAD:DSD_NAMAIN10@DF_TABLE5(1.0),A,FRA,S14,S1,P31DC,_Z,_Z,CP11,XDC,V,N,T0117,2022,111785,,F,1,P,6,EUR
OECD.SDD.NAD:DSD_NAMAIN10@DF_TABLE5(1.0),A,FRA,S14,S1,P31DC,_Z,_Z,CP056,XDC,V,N,T0117,2022,13590,,F,1,P,6,EUR
OECD.SDD.NAD:DSD_NAMAIN10@DF_TABLE5(1.0),A,FRA,S14,S1,P31DC,_Z,_Z,CP044,XDC,V,N,T0117,2022,18872,,F,1,P,6,EUR
OECD.SDD.NAD:DSD_NAMAIN10@DF_TABLE5(1.0),A,FRA,S14,S1,P31DC,_Z,_Z,CP032,XDC,V,N,T0117,2022,9639,,F,1,P,6,EUR
OECD.SDD.NAD:DSD_NAMAIN10@DF_TABLE5(1.0),A,FRA,S14,S1,P31DC,_Z,_Z,CP022,XDC,V,N,T0117,2022,23991,,F,1,P,6,EUR
OECD.SDD.NAD:DSD_NAMAIN10@DF_TABLE5(1.0),A,FRA,S14,S1,P31DC,_Z,_Z,CP12,XDC,V,N,T0117,2022,170279,,F,1,P,6,EUR
OECD.SDD.NAD:DSD_NAMAIN10@DF_TABLE5(1.0),A,FRA,S14,S1,P31DC,_Z,_Z,CP082,XDC,V,N,T0117,2022,5326,,F,1,P,6,EUR
OECD.SDD.NAD:DSD_NAMAIN10@DF_TABLE5(1.0),A,FRA,S14,S1,P31DC,_Z,_Z,CP043,XDC,V,N,T0117,2022,23328,,F,1,P,6,EUR
OECD.SDD.NAD:DSD_NAMAIN10@DF_TABLE5(1.0),A,FRA,S14,S1,P31DC,_Z,_Z,CP021,XDC,V,N,T0117,2022,22576,,F,1,P,6,EUR
OECD.SDD.NAD:DSD_NAMAIN10@DF_TABLE5(1.0),A,FRA,S14,S1,P31DC,_Z,_Z,CP125,XDC,V,N,T0117,2022,62863,,F,1,P,6,EUR
OECD.SDD.NAD:DSD_NAMAIN10@DF_TABLE5(1.0),A,FRA,S14,S1,P31DC,_Z,_Z,CP122_127,XDC,V,N,T0117,2022,17941,,F,1,P,6,EUR
OECD.SDD.NAD:DSD_NAMAIN10@DF_TABLE5(1.0),A,FRA,S14,S1,P31DC,_Z,_Z,CP061,XDC,V,N,T0117,2022,21938,,F,1,P,6,EUR
OECD.SDD.NAD:DSD_NAMAIN10@DF_TABLE5(1.0),A,FRA,S14,S1,P31DC,_Z,_Z,CP083,XDC,V,N,T0117,2022,25484,,F,1,P,6,EUR
OECD.SDD.NAD:DSD_NAMAIN10@DF_TABLE5(1.0),A,FRA,S14,S1,P31DC,_Z,_Z,CP094,XDC,V,N,T0117,2022,40108,,F,1,P,6,EUR
OECD.SDD.NAD:DSD_NAMAIN10@DF_TABLE5(1.0),A,FRA,S14,S1,P31DC,_Z,_Z,CP121,XDC,V,N,T0117,2022,32293,,F,1,P,6,EUR
OECD.SDD.NAD:DSD_NAMAIN10@DF_TABLE5(1.0),A,DEU,S14,S1,P31DC,_Z,_Z,CP043,XDC,V,N,T0117,2022,17304,,F,1,P,6,EUR
OECD.SDD.NAD:DSD_NAMAIN10@DF_TABLE5(1.0),A,DEU,S14,S1,P31DC,_Z,_Z,CP092,XDC,V,N,T0117,2022,5598,,F,1,P,6,EUR
OECD.SDD.NAD:DSD_NAMAIN10@DF_TABLE5(1.0),A,DEU,S14,S1,P31DC,_Z,_Z,CP03,XDC,V,N,T0117,2022,76441,,F,1,P,6,EUR
OECD.SDD.NAD:DSD_NAMAIN10@DF_TABLE5(1.0),A,DEU,S14,S1,P31DC,_Z,_Z,CP096,XDC,V,N,T0117,2022,25231,,F,1,P,6,EUR
OECD.SDD.NAD:DSD_NAMAIN10@DF_TABLE5(1.0),A,DEU,S14,S1,P31DC,_Z,_Z,CP122_127,XDC,V,N,T0117,2022,33215,,F,1,P,6,EUR
OECD.SDD.NAD:DSD_NAMAIN10@DF_TABLE5(1.0),A,DEU,S14,S1,P31DC,_Z,_Z,CP102,XDC,V,N,T0117,2022,1391,,F,1,P,6,EUR
OECD.SDD.NAD:DSD_NAMAIN10@DF_TABLE5(1.0),A,DEU,S14,S1,P31DC,_Z,_Z,CP09,XDC,V,N,T0117,2022,187327,,F,1,P,6,EUR
OECD.SDD.NAD:DSD_NAMAIN10@DF_TABLE5(1.0),A,DEU,S14,S1,P31DC,_Z,_Z,CP121,XDC,V,N,T0117,2022,39944,,F,1,P,6,EUR
OECD.SDD.NAD:DSD_NAMAIN10@DF_TABLE5(1.0),A,DEU,S14,S1,P31DC,_Z,_Z,CP105,XDC,V,N,T0117,2022,6576,,F,1,P,6,EUR
OECD.SDD.NAD:DSD_NAMAIN10@DF_TABLE5(1.0),A,DEU,S14,S1,P31DC,_Z,_Z,CP095,XDC,V,N,T0117,2022,27034,,F,1,P,6,EUR
OECD.SDD.NAD:DSD_NAMAIN10@DF_TABLE5(1.0),A,DEU,S14,S1,P31DC,_Z,_Z,CP056,XDC,V,N,T0117,2022,25415,,F,1,P,6,EUR
OECD.SDD.NAD:DSD_NAMAIN10@DF_TABLE5(1.0),A,DEU,S14,S1,P31DC,_Z,_Z,CP044,XDC,V,N,T0117,2022,46267,,F,1,P,6,EUR
OECD.SDD.NAD:DSD_NAMAIN10@DF_TABLE5(1.0),A,DEU,S14,S1,P31DC,_Z,_Z,CP063,XDC,V,N,T0117,2022,19216,,F,1,P,6,EUR
OECD.SDD.NAD:DSD_NAMAIN10@DF_TABLE5(1.0),A,DEU,S14,S1,P31DC,_Z,_Z,CP126,XDC,V,N,T0117,2022,44561,,F,1,P,6,EUR
OECD.SDD.NAD:DSD_NAMAIN10@DF_TABLE5(1.0),A,DEU,S14,S1,P31DC,_Z,_Z,CP10,XDC,V,N,T0117,2022,14988,,F,1,P,6,EUR
OECD.SDD.NAD:DSD_NAMAIN10@DF_TABLE5(1.0),A,DEU,S14,S1,P31DC,_Z,_Z,CP103,XDC,V,N,T0117,2022,105,,F,1,P,6,EUR
OECD.SDD.NAD:DSD_NAMAIN10@DF_TABLE5(1.0),A,DEU,S14,S1,P31DC,_Z,_Z,CP111,XDC,V,N,T0117,2022,77129,,F,1,P,6,EUR
OECD.SDD.NAD:DSD_NAMAIN10@DF_TABLE5(1.0),A,DEU,S14,S1,P31DC,_Z,_Z,CP082,XDC,V,N,T0117,2022,7715,,F,1,P,6,EUR
OECD.SDD.NAD:DSD_NAMAIN10@DF_TABLE5(1.0),A,DEU,S14,S1,P31DC,_Z,_Z,CP061,XDC,V,N,T0117,2022,47450,,F,1,P,6,EUR
OECD.SDD.NAD:DSD_NAMAIN10@DF_TABLE5(1.0),A,DEU,S14,S1,P31DC,_Z,_Z,CP104,XDC,V,N,T0117,2022,2893,,F,1,P,6,EUR
OECD.SDD.NAD:DSD_NAMAIN10@DF_TABLE5(1.0),A,DEU,S14,S1,P31DC,_Z,_Z,CP04,XDC,V,N,T0117,2022,461677,,F,1,P,6,EUR
OECD.SDD.NAD:DSD_NAMAIN10@DF_TABLE5(1.0),A,DEU,S14,S1,P31DC,_Z,_Z,CP052,XDC,V,N,T0117,2022,10322,,F,1,P,6,EUR
OECD.SDD.NAD:DSD_NAMAIN10@DF_TABLE5(1.0),A,DEU,S14,S1,P31DC,_Z,_Z,CP01,XDC,V,N,T0117,2022,216357,,F,1,P,6,EUR
OECD.SDD.NAD:DSD_NAMAIN10@DF_TABLE5(1.0),A,DEU,S14,S1,P31DC,_Z,_Z,CP053,XDC,V,N,T0117,2022,16400,,F,1,P,6,EUR
OECD.SDD.NAD:DSD_NAMAIN10@DF_TABLE5(1.0),A,DEU,S14,S1,P31DC,_Z,_Z,CP045,XDC,V,N,T0117,2022,91487,,F,1,P,6,EUR
OECD.SDD.NAD:DSD_NAMAIN10@DF_TABLE5(1.0),A,DEU,S14,S1,P31DC,_Z,_Z,CP08,XDC,V,N,T0117,2022,41236,,F,1,P,6,EUR
OECD.SDD.NAD:DSD_NAMAIN10@DF_TABLE5(1.0),A,DEU,S14,S1,P31DC,_Z,_Z,CP124,XDC,V,N,T0117,2022,46040,,F,1,P,6,EUR
OECD.SDD.NAD:DSD_NAMAIN10@DF_TABLE5(1.0),A,DEU,S14,S1,P31DC,_Z,_Z,CP06,XDC,V,N,T0117,2022,98899,,F,1,P,6,EUR
OECD.SDD.NAD:DSD_NAMAIN10@DF_TABLE5(1.0),A,DEU,S14,S1,P31DC,_Z,_Z,CP091,XDC,V,N,T0117,2022,32221,,F,1,P,6,EUR
OECD.SDD.NAD:DSD_NAMAIN10@DF_TABLE5(1.0),A,DEU,S14,S1,P31DC,_Z,_Z,CP083,XDC,V,N,T0117,2022,29735,,F,1,P,6,EUR
OECD.SDD.NAD:DSD_NAMAIN10@DF_TABLE5(1.0),A,DEU,S14,S1,P31DC,_Z,_Z,CP093,XDC,V,N,T0117,2022,49584,,F,1,P,6,EUR
OECD.SDD.NAD:DSD_NAMAIN10@DF_TABLE5(1.0),A,DEU,S14,S1,P31DC,_Z,_Z,CP031,XDC,V,N,T0117,2022,63826,,F,1,P,6,EUR
OECD.SDD.NAD:DSD_NAMAIN10@DF_TABLE5(1.0),A,DEU,S14,S1,P31DC,_Z,_Z,CP05,XDC,V,N,T0117,2022,130085,,F,1,P,6,EUR
OECD.SDD.NAD:DSD_NAMAIN10@DF_TABLE5(1.0),A,DEU,S14,S1,P31DC,_Z,_Z,CP042,XDC,V,N,T0117,2022,179447,,F,1,P,6,EUR
OECD.SDD.NAD:DSD_NAMAIN10@DF_TABLE5(1.0),A,DEU,S14,S1,P31DC,_Z,_Z,CP012,XDC,V,N,T0117,2022,26939,,F,1,P,6,EUR
OECD.SDD.NAD:DSD_NAMAIN10@DF_TABLE5(1.0),A,DEU,S14,S1,P31DC,_Z,_Z,CP11,XDC,V,N,T0117,2022,101028,,F,1,P,6,EUR
OECD.SDD.NAD:DSD_NAMAIN10@DF_TABLE5(1.0),A,DEU,S14,S1,P31DC,_Z,_Z,CP07,XDC,V,N,T0117,2022,253929,,F,1,P,6,EUR
OECD.SDD.NAD:DSD_NAMAIN10@DF_TABLE5(1.0),A,DEU,S14,S1,P31DC,_Z,_Z,CP062,XDC,V,N,T0117,2022,32233,,F,1,P,6,EUR
OECD.SDD.NAD:DSD_NAMAIN10@DF_TABLE5(1.0),A,DEU,S14,S1,P31DC,_Z,_Z,_T,XDC,V,N,T0117,2022,1876818,,F,1,P,6,EUR
OECD.SDD.NAD:DSD_NAMAIN10@DF_TABLE5(1.0),A,DEU,S14,S1,P31DC,_Z,_Z,CP054,XDC,V,N,T0117,2022,13875,,F,1,P,6,EUR
OECD.SDD.NAD:DSD_NAMAIN10@DF_TABLE5(1.0),A,DEU,S14,S1,P31DC,_Z,_Z,CP071,XDC,V,N,T0117,2022,78774,,F,1,P,6,EUR
OECD.SDD.NAD:DSD_NAMAIN10@DF_TABLE5(1.0),A,DEU,S14,S1,P31DC,_Z,_Z,CP055,XDC,V,N,T0117,2022,11931,,F,1,P,6,EUR
OECD.SDD.NAD:DSD_NAMAIN10@DF_TABLE5(1.0),A,DEU,S14,S1,P31DC,_Z,_Z,CP12,XDC,V,N,T0117,2022,235981,,F,1,P,6,EUR
OECD.SDD.NAD:DSD_NAMAIN10@DF_TABLE5(1.0),A,DEU,S14,S1,P31DC,_Z,_Z,CP02,XDC,V,N,T0117,2022,58870,,F,1,P,6,EUR
OECD.SDD.NAD:DSD_NAMAIN10@DF_TABLE5(1.0),A,DEU,S14,S1,P31DC,_Z,_Z,CP051,XDC,V,N,T0117,2022,52142,,F,1,P,6,EUR
OECD.SDD.NAD:DSD_NAMAIN10@DF_TABLE5(1.0),A,DEU,S14,S1,P31DC,_Z,_Z,CP081,XDC,V,N,T0117,2022,3786,,F,1,P,6,EUR
OECD.SDD.NAD:DSD_NAMAIN10@DF_TABLE5(1.0),A,DEU,S14,S1,P31DC,_Z,_Z,CP072,XDC,V,N,T0117,2022,135813,,F,1,P,6,EUR
OECD.SDD.NAD:DSD_NAMAIN10@DF_TABLE5(1.0),A,DEU,S14,S1,P31DC,_Z,_Z,CP123,XDC,V,N,T0117,2022,13926,,F,1,P,6,EUR
OECD.SDD.NAD:DSD_NAMAIN10@DF_TABLE5(1.0),A,DEU,S14,S1,P31DC,_Z,_Z,CP112,XDC,V,N,T0117,2022,23899,,F,1,P,6,EUR
OECD.SDD.NAD:DSD_NAMAIN10@DF_TABLE5(1.0),A,DEU,S14,S1,P31DC,_Z,_Z,CP011,XDC,V,N,T0117,2022,189418,,F,1,P,6,EUR
OECD.SDD.NAD:DSD_NAMAIN10@DF_TABLE5(1.0),A,DEU,S14,S1,P31DC,_Z,_Z,CP101,XDC,V,N,T0117,2022,4023,,F,1,P,6,EUR
OECD.SDD.NAD:DSD_NAMAIN10@DF_TABLE5(1.0),A,DEU,S14,S1,P31DC,_Z,_Z,CP041,XDC,V,N,T0117,2022,127172,,F,1,P,6,EUR
OECD.SDD.NAD:DSD_NAMAIN10@DF_TABLE5(1.0),A,DEU,S14,S1,P31DC,_Z,_Z,CP032,XDC,V,N,T0117,2022,12615,,F,1,P,6,EUR
OECD.SDD.NAD:DSD_NAMAIN10@DF_TABLE5(1.0),A,DEU,S14,S1,P31DC,_Z,_Z,CP094,XDC,V,N,T0117,2022,47659,,F,1,P,6,EUR
OECD.SDD.NAD:DSD_NAMAIN10@DF_TABLE5(1.0),A,DEU,S14,S1,P31DC,_Z,_Z,CP021,XDC,V,N,T0117,2022,27332,,F,1,P,6,EUR
OECD.SDD.NAD:DSD_NAMAIN10@DF_TABLE5(1.0),A,DEU,S14,S1,P31DC,_Z,_Z,CP073,XDC,V,N,T0117,2022,39342,,F,1,P,6,EUR
OECD.SDD.NAD:DSD_NAMAIN10@DF_TABLE5(1.0),A,DEU,S14,S1,P31DC,_Z,_Z,CP125,XDC,V,N,T0117,2022,58295,,F,1,P,6,EUR
OECD.SDD.NAD:DSD_NAMAIN10@DF_TABLE5(1.0),A,GRC,S14,S1,P31DC,_Z,_Z,CP12,XDC,V,N,T0117,2022,12663.269,,F,1,P,6,EUR
OECD.SDD.NAD:DSD_NAMAIN10@DF_TABLE5(1.0),A,GRC,S14,S1,P31DC,_Z,_Z,CP126,XDC,V,N,T0117,2022,3797.814,,F,1,P,6,EUR
OECD.SDD.NAD:DSD_NAMAIN10@DF_TABLE5(1.0),A,GRC,S14,S1,P31DC,_Z,_Z,CP054,XDC,V,N,T0117,2022,276.588,,F,1,P,6,EUR
OECD.SDD.NAD:DSD_NAMAIN10@DF_TABLE5(1.0),A,GRC,S14,S1,P31DC,_Z,_Z,CP061,XDC,V,N,T0117,2022,3028.306,,F,1,P,6,EUR
OECD.SDD.NAD:DSD_NAMAIN10@DF_TABLE5(1.0),A,GRC,S14,S1,P31DC,_Z,_Z,CP122,XDC,V,N,T0117,2022,1120.04,,F,1,P,6,EUR
OECD.SDD.NAD:DSD_NAMAIN10@DF_TABLE5(1.0),A,GRC,S14,S1,P31DC,_Z,_Z,CP051,XDC,V,N,T0117,2022,410.109,,F,1,P,6,EUR
OECD.SDD.NAD:DSD_NAMAIN10@DF_TABLE5(1.0),A,GRC,S14,S1,P31DC,_Z,_Z,CP072,XDC,V,N,T0117,2022,7188.575,,F,1,P,6,EUR
OECD.SDD.NAD:DSD_NAMAIN10@DF_TABLE5(1.0),A,GRC,S14,S1,P31DC,_Z,_Z,CP023,XDC,V,N,T0117,2022,641.65,,F,1,P,6,EUR
OECD.SDD.NAD:DSD_NAMAIN10@DF_TABLE5(1.0),A,GRC,S14,S1,P31DC,_Z,_Z,CP043,XDC,V,N,T0117,2022,165.498,,F,1,P,6,EUR
OECD.SDD.NAD:DSD_NAMAIN10@DF_TABLE5(1.0),A,GRC,S14,S1,P31DC,_Z,_Z,CP105,XDC,V,N,T0117,2022,324.933,,F,1,P,6,EUR
OECD.SDD.NAD:DSD_NAMAIN10@DF_TABLE5(1.0),A,GRC,S14,S1,P31DC,_Z,_Z,CP09,XDC,V,N,T0117,2022,9417.028,,F,1,P,6,EUR
OECD.SDD.NAD:DSD_NAMAIN10@DF_TABLE5(1.0),A,GRC,S14,S1,P31DC,_Z,_Z,CP094,XDC,V,N,T0117,2022,4584.535,,F,1,P,6,EUR
OECD.SDD.NAD:DSD_NAMAIN10@DF_TABLE5(1.0),A,GRC,S14,S1,P31DC,_Z,_Z,CP07,XDC,V,N,T0117,2022,20137.604,,F,1,P,6,EUR
OECD.SDD.NAD:DSD_NAMAIN10@DF_TABLE5(1.0),A,GRC,S14,S1,P31DC,_Z,_Z,CP101,XDC,V,N,T0117,2022,811.588,,F,1,P,6,EUR
OECD.SDD.NAD:DSD_NAMAIN10@DF_TABLE5(1.0),A,GRC,S14,S1,P31DC,_Z,_Z,CP063,XDC,V,N,T0117,2022,1949.529,,F,1,P,6,EUR
OECD.SDD.NAD:DSD_NAMAIN10@DF_TABLE5(1.0),A,GRC,S14,S1,P31DC,_Z,_Z,CP10,XDC,V,N,T0117,2022,3071.762,,F,1,P,6,EUR
OECD.SDD.NAD:DSD_NAMAIN10@DF_TABLE5(1.0),A,GRC,S14,S1,P31DC,_Z,_Z,CP093,XDC,V,N,T0117,2022,1167.756,,F,1,P,6,EUR
OECD.SDD.NAD:DSD_NAMAIN10@DF_TABLE5(1.0),A,GRC,S14,S1,P31DC,_Z,_Z,CP042,XDC,V,N,T0117,2022,18749.99,,F,1,P,6,EUR
OECD.SDD.NAD:DSD_NAMAIN10@DF_TABLE5(1.0),A,GRC,S14,S1,P31DC,_Z,_Z,CP081,XDC,V,N,T0117,2022,115.025,,F,1,P,6,EUR
OECD.SDD.NAD:DSD_NAMAIN10@DF_TABLE5(1.0),A,GRC,S14,S1,P31DC,_Z,_Z,CP092,XDC,V,N,T0117,2022,923.917,,F,1,P,6,EUR
OECD.SDD.NAD:DSD_NAMAIN10@DF_TABLE5(1.0),A,GRC,S14,S1,P31DC,_Z,_Z,CP022,XDC,V,N,T0117,2022,3955.89,,F,1,P,6,EUR
OECD.SDD.NAD:DSD_NAMAIN10@DF_TABLE5(1.0),A,GRC,S14,S1,P31DC,_Z,_Z,CP04,XDC,V,N,T0117,2022,35683.035,,F,1,P,6,EUR
OECD.SDD.NAD:DSD_NAMAIN10@DF_TABLE5(1.0),A,GRC,S14,S1,P31DC,_Z,_Z,CP021,XDC,V,N,T0117,2022,1839.346,,F,1,P,6,EUR
OECD.SDD.NAD:DSD_NAMAIN10@DF_TABLE5(1.0),A,GRC,S14,S1,P31DC,_Z,_Z,CP062,XDC,V,N,T0117,2022,1685.055,,F,1,P,6,EUR
OECD.SDD.NAD:DSD_NAMAIN10@DF_TABLE5(1.0),A,GRC,S14,S1,P31DC,_Z,_Z,CP011,XDC,V,N,T0117,2022,24011.993,,F,1,P,6,EUR
OECD.SDD.NAD:DSD_NAMAIN10@DF_TABLE5(1.0),A,GRC,S14,S1,P31DC,_Z,_Z,CP122_127,XDC,V,N,T0117,2022,2578.113,,F,1,P,6,EUR
OECD.SDD.NAD:DSD_NAMAIN10@DF_TABLE5(1.0),A,GRC,S14,S1,P31DC,_Z,_Z,CP055,XDC,V,N,T0117,2022,357.979,,F,1,P,6,EUR
OECD.SDD.NAD:DSD_NAMAIN10@DF_TABLE5(1.0),A,GRC,S14,S1,P31DC,_Z,_Z,CP096,XDC,V,N,T0117,2022,762.254,,F,1,P,6,EUR
OECD.SDD.NAD:DSD_NAMAIN10@DF_TABLE5(1.0),A,GRC,S14,S1,P31DC,_Z,_Z,CP095,XDC,V,N,T0117,2022,757.908,,F,1,P,6,EUR
OECD.SDD.NAD:DSD_NAMAIN10@DF_TABLE5(1.0),A,GRC,S14,S1,P31DC,_Z,_Z,CP01,XDC,V,N,T0117,2022,25559.693,,F,1,P,6,EUR
OECD.SDD.NAD:DSD_NAMAIN10@DF_TABLE5(1.0),A,GRC,S14,S1,P31DC,_Z,_Z,CP045,XDC,V,N,T0117,2022,6901.801,,F,1,P,6,EUR
OECD.SDD.NAD:DSD_NAMAIN10@DF_TABLE5(1.0),A,GRC,S14,S1,P31DC,_Z,_Z,CP11,XDC,V,N,T0117,2022,22929.095,,F,1,P,6,EUR
OECD.SDD.NAD:DSD_NAMAIN10@DF_TABLE5(1.0),A,GRC,S14,S1,P31DC,_Z,_Z,CP124,XDC,V,N,T0117,2022,248.217,,F,1,P,6,EUR
OECD.SDD.NAD:DSD_NAMAIN10@DF_TABLE5(1.0),A,GRC,S14,S1,P31DC,_Z,_Z,CP03,XDC,V,N,T0117,2022,5365.153,,F,1,P,6,EUR
OECD.SDD.NAD:DSD_NAMAIN10@DF_TABLE5(1.0),A,GRC,S14,S1,P31DC,_Z,_Z,CP053,XDC,V,N,T0117,2022,712.361,,F,1,P,6,EUR
OECD.SDD.NAD:DSD_NAMAIN10@DF_TABLE5(1.0),A,GRC,S14,S1,P31DC,_Z,_Z,CP127,XDC,V,N,T0117,2022,1458.073,,F,1,P,6,EUR
OECD.SDD.NAD:DSD_NAMAIN10@DF_TABLE5(1.0),A,GRC,S14,S1,P31DC,_Z,_Z,CP102,XDC,V,N,T0117,2022,1443.12,,F,1,P,6,EUR
OECD.SDD.NAD:DSD_NAMAIN10@DF_TABLE5(1.0),A,GRC,S14,S1,P31DC,_Z,_Z,CP103,XDC,V,N,T0117,2022,269.049,,F,1,P,6,EUR
OECD.SDD.NAD:DSD_NAMAIN10@DF_TABLE5(1.0),A,GRC,S14,S1,P31DC,_Z,_Z,CP05,XDC,V,N,T0117,2022,4482.904,,F,1,P,6,EUR
OECD.SDD.NAD:DSD_NAMAIN10@DF_TABLE5(1.0),A,GRC,S14,S1,P31DC,_Z,_Z,CP032,XDC,V,N,T0117,2022,1540.259,,F,1,P,6,EUR
OECD.SDD.NAD:DSD_NAMAIN10@DF_TABLE5(1.0),A,GRC,S14,S1,P31DC,_Z,_Z,CP123,XDC,V,N,T0117,2022,519.444,,F,1,P,6,EUR
OECD.SDD.NAD:DSD_NAMAIN10@DF_TABLE5(1.0),A,GRC,S14,S1,P31DC,_Z,_Z,CP073,XDC,V,N,T0117,2022,7432.004,,F,1,P,6,EUR
OECD.SDD.NAD:DSD_NAMAIN10@DF_TABLE5(1.0),A,GRC,S14,S1,P31DC,_Z,_Z,CP08,XDC,V,N,T0117,2022,5705.928,,F,1,P,6,EUR
OECD.SDD.NAD:DSD_NAMAIN10@DF_TABLE5(1.0),A,GRC,S14,S1,P31DC,_Z,_Z,CP041,XDC,V,N,T0117,2022,7775.2,,F,1,P,6,EUR
OECD.SDD.NAD:DSD_NAMAIN10@DF_TABLE5(1.0),A,GRC,S14,S1,P31DC,_Z,_Z,CP083,XDC,V,N,T0117,2022,5432.821,,F,1,P,6,EUR
OECD.SDD.NAD:DSD_NAMAIN10@DF_TABLE5(1.0),A,GRC,S14,S1,P31DC,_Z,_Z,CP104,XDC,V,N,T0117,2022,223.071,,F,1,P,6,EUR
OECD.SDD.NAD:DSD_NAMAIN10@DF_TABLE5(1.0),A,GRC,S14,S1,P31DC,_Z,_Z,CP012,XDC,V,N,T0117,2022,1547.7,,F,1,P,6,EUR
OECD.SDD.NAD:DSD_NAMAIN10@DF_TABLE5(1.0),A,GRC,S14,S1,P31DC,_Z,_Z,CP125,XDC,V,N,T0117,2022,1676.268,,F,1,P,6,EUR
OECD.SDD.NAD:DSD_NAMAIN10@DF_TABLE5(1.0),A,GRC,S14,S1,P31DC,_Z,_Z,CP082,XDC,V,N,T0117,2022,158.082,,F,1,P,6,EUR
OECD.SDD.NAD:DSD_NAMAIN10@DF_TABLE5(1.0),A,GRC,S14,S1,P31DC,_Z,_Z,CP091,XDC,V,N,T0117,2022,1220.658,,F,1,P,6,EUR
OECD.SDD.NAD:DSD_NAMAIN10@DF_TABLE5(1.0),A,GRC,S14,S1,P31DC,_Z,_Z,CP056,XDC,V,N,T0117,2022,2468.008,,F,1,P,6,EUR
OECD.SDD.NAD:DSD_NAMAIN10@DF_TABLE5(1.0),A,GRC,S14,S1,P31DC,_Z,_Z,CP112,XDC,V,N,T0117,2022,5826.356,,F,1,P,6,EUR
OECD.SDD.NAD:DSD_NAMAIN10@DF_TABLE5(1.0),A,GRC,S14,S1,P31DC,_Z,_Z,CP044,XDC,V,N,T0117,2022,2090.545,,F,1,P,6,EUR
OECD.SDD.NAD:DSD_NAMAIN10@DF_TABLE5(1.0),A,GRC,S14,S1,P31DC,_Z,_Z,CP071,XDC,V,N,T0117,2022,5517.024,,F,1,P,6,EUR
OECD.SDD.NAD:DSD_NAMAIN10@DF_TABLE5(1.0),A,GRC,S14,S1,P31DC,_Z,_Z,CP111,XDC,V,N,T0117,2022,17102.739,,F,1,P,6,EUR
OECD.SDD.NAD:DSD_NAMAIN10@DF_TABLE5(1.0),A,GRC,S14,S1,P31DC,_Z,_Z,CP02,XDC,V,N,T0117,2022,6436.886,,F,1,P,6,EUR
OECD.SDD.NAD:DSD_NAMAIN10@DF_TABLE5(1.0),A,GRC,S14,S1,P31DC,_Z,_Z,CP121,XDC,V,N,T0117,2022,3843.412,,F,1,P,6,EUR
OECD.SDD.NAD:DSD_NAMAIN10@DF_TABLE5(1.0),A,GRC,S14,S1,P31DC,_Z,_Z,CP031,XDC,V,N,T0117,2022,3824.894,,F,1,P,6,EUR
OECD.SDD.NAD:DSD_NAMAIN10@DF_TABLE5(1.0),A,GRC,S14,S1,P31DC,_Z,_Z,CP052,XDC,V,N,T0117,2022,257.86,,F,1,P,6,EUR
OECD.SDD.NAD:DSD_NAMAIN10@DF_TABLE5(1.0),A,GRC,S14,S1,P31DC,_Z,_Z,CP06,XDC,V,N,T0117,2022,6662.89,,F,1,P,6,EUR
OECD.SDD.NAD:DSD_NAMAIN10@DF_TABLE5(1.0),A,NLD,S14,S1,P31DC,_Z,_Z,CP08,XDC,V,N,T0117,2022,8884,,F,1,P,6,EUR
OECD.SDD.NAD:DSD_NAMAIN10@DF_TABLE5(1.0),A,NLD,S14,S1,P31DC,_Z,_Z,CP032,XDC,V,N,T0117,2022,3774,,F,1,P,6,EUR
OECD.SDD.NAD:DSD_NAMAIN10@DF_TABLE5(1.0),A,NLD,S14,S1,P31DC,_Z,_Z,CP05,XDC,V,N,T0117,2022,26108,,F,1,P,6,EUR
OECD.SDD.NAD:DSD_NAMAIN10@DF_TABLE5(1.0),A,NLD,S14,S1,P31DC,_Z,_Z,CP031,XDC,V,N,T0117,2022,17009,,F,1,P,6,EUR
OECD.SDD.NAD:DSD_NAMAIN10@DF_TABLE5(1.0),A,NLD,S14,S1,P31DC,_Z,_Z,CP012,XDC,V,N,T0117,2022,3808,,F,1,P,6,EUR
OECD.SDD.NAD:DSD_NAMAIN10@DF_TABLE5(1.0),A,NLD,S14,S1,P31DC,_Z,_Z,CP122_127,XDC,V,N,T0117,2022,6867,,F,1,P,6,EUR
OECD.SDD.NAD:DSD_NAMAIN10@DF_TABLE5(1.0),A,NLD,S14,S1,P31DC,_Z,_Z,CP063,XDC,V,N,T0117,2022,3001,,F,1,P,6,EUR
OECD.SDD.NAD:DSD_NAMAIN10@DF_TABLE5(1.0),A,NLD,S14,S1,P31DC,_Z,_Z,CP021,XDC,V,N,T0117,2022,4844,,F,1,P,6,EUR
OECD.SDD.NAD:DSD_NAMAIN10@DF_TABLE5(1.0),A,NLD,S14,S1,P31DC,_Z,_Z,CP071,XDC,V,N,T0117,2022,12145,,F,1,P,6,EUR
OECD.SDD.NAD:DSD_NAMAIN10@DF_TABLE5(1.0),A,NLD,S14,S1,P31DC,_Z,_Z,CP055,XDC,V,N,T0117,2022,1771,,F,1,P,6,EUR
OECD.SDD.NAD:DSD_NAMAIN10@DF_TABLE5(1.0),A,NLD,S14,S1,P31DC,_Z,_Z,CP053,XDC,V,N,T0117,2022,2984,,F,1,P,6,EUR
OECD.SDD.NAD:DSD_NAMAIN10@DF_TABLE5(1.0),A,NLD,S14,S1,P31DC,_Z,_Z,CP062,XDC,V,N,T0117,2022,5988,,F,1,P,6,EUR
OECD.SDD.NAD:DSD_NAMAIN10@DF_TABLE5(1.0),A,NLD,S14,S1,P31DC,_Z,_Z,CP054,XDC,V,N,T0117,2022,2796,,F,1,P,6,EUR
OECD.SDD.NAD:DSD_NAMAIN10@DF_TABLE5(1.0),A,NLD,S14,S1,P31DC,_Z,_Z,CP092,XDC,V,N,T0117,2022,2017,,F,1,P,6,EUR
OECD.SDD.NAD:DSD_NAMAIN10@DF_TABLE5(1.0),A,NLD,S14,S1,P31DC,_Z,_Z,CP10,XDC,V,N,T0117,2022,2374,,F,1,P,6,EUR
OECD.SDD.NAD:DSD_NAMAIN10@DF_TABLE5(1.0),A,NLD,S14,S1,P31DC,_Z,_Z,CP045,XDC,V,N,T0117,2022,12978,,F,1,P,6,EUR
OECD.SDD.NAD:DSD_NAMAIN10@DF_TABLE5(1.0),A,NLD,S14,S1,P31DC,_Z,_Z,CP07,XDC,V,N,T0117,2022,49036,,F,1,P,6,EUR
OECD.SDD.NAD:DSD_NAMAIN10@DF_TABLE5(1.0),A,NLD,S14,S1,P31DC,_Z,_Z,CP101,XDC,V,N,T0117,2022,0,,F,1,P,6,EUR
OECD.SDD.NAD:DSD_NAMAIN10@DF_TABLE5(1.0),A,NLD,S14,S1,P31DC,_Z,_Z,CP102,XDC,V,N,T0117,2022,870,,F,1,P,6,EUR
OECD.SDD.NAD:DSD_NAMAIN10@DF_TABLE5(1.0),A,NLD,S14,S1,P31DC,_Z,_Z,CP06,XDC,V,N,T0117,2022,13253,,F,1,P,6,EUR
OECD.SDD.NAD:DSD_NAMAIN10@DF_TABLE5(1.0),A,NLD,S14,S1,P31DC,_Z,_Z,CP03,XDC,V,N,T0117,2022,20783,,F,1,P,6,EUR
OECD.SDD.NAD:DSD_NAMAIN10@DF_TABLE5(1.0),A,NLD,S14,S1,P31DC,_Z,_Z,CP094,XDC,V,N,T0117,2022,11702,,F,1,P,6,EUR
OECD.SDD.NAD:DSD_NAMAIN10@DF_TABLE5(1.0),A,NLD,S14,S1,P31DC,_Z,_Z,CP073,XDC,V,N,T0117,2022,8289,,F,1,P,6,EUR
OECD.SDD.NAD:DSD_NAMAIN10@DF_TABLE5(1.0),A,NLD,S14,S1,P31DC,_Z,_Z,CP093,XDC,V,N,T0117,2022,11511,,F,1,P,6,EUR
OECD.SDD.NAD:DSD_NAMAIN10@DF_TABLE5(1.0),A,NLD,S14,S1,P31DC,_Z,_Z,CP121,XDC,V,N,T0117,2022,10223,,F,1,P,6,EUR
OECD.SDD.NAD:DSD_NAMAIN10@DF_TABLE5(1.0),A,NLD,S14,S1,P31DC,_Z,_Z,CP042,XDC,V,N,T0117,2022,52795,,F,1,P,6,EUR
OECD.SDD.NAD:DSD_NAMAIN10@DF_TABLE5(1.0),A,NLD,S14,S1,P31DC,_Z,_Z,CP011,XDC,V,N,T0117,2022,43361,,F,1,P,6,EUR
OECD.SDD.NAD:DSD_NAMAIN10@DF_TABLE5(1.0),A,NLD,S14,S1,P31DC,_Z,_Z,CP061,XDC,V,N,T0117,2022,4264,,F,1,P,6,EUR
OECD.SDD.NAD:DSD_NAMAIN10@DF_TABLE5(1.0),A,NLD,S14,S1,P31DC,_Z,_Z,CP096,XDC,V,N,T0117,2022,3013,,F,1,P,6,EUR
OECD.SDD.NAD:DSD_NAMAIN10@DF_TABLE5(1.0),A,NLD,S14,S1,P31DC,_Z,_Z,CP083,XDC,V,N,T0117,2022,6822,,F,1,P,6,EUR
OECD.SDD.NAD:DSD_NAMAIN10@DF_TABLE5(1.0),A,NLD,S14,S1,P31DC,_Z,_Z,CP104,XDC,V,N,T0117,2022,1001,,F,1,P,6,EUR
OECD.SDD.NAD:DSD_NAMAIN10@DF_TABLE5(1.0),A,NLD,S14,S1,P31DC,_Z,_Z,CP052,XDC,V,N,T0117,2022,2778,,F,1,P,6,EUR
OECD.SDD.NAD:DSD_NAMAIN10@DF_TABLE5(1.0),A,NLD,S14,S1,P31DC,_Z,_Z,CP09,XDC,V,N,T0117,2022,38781,,F,1,P,6,EUR
OECD.SDD.NAD:DSD_NAMAIN10@DF_TABLE5(1.0),A,NLD,S14,S1,P31DC,_Z,_Z,CP041,XDC,V,N,T0117,2022,23826,,F,1,P,6,EUR
OECD.SDD.NAD:DSD_NAMAIN10@DF_TABLE5(1.0),A,NLD,S14,S1,P31DC,_Z,_Z,CP123,XDC,V,N,T0117,2022,2819,,F,1,P,6,EUR
OECD.SDD.NAD:DSD_NAMAIN10@DF_TABLE5(1.0),A,NLD,S14,S1,P31DC,_Z,_Z,CP044,XDC,V,N,T0117,2022,3388,,F,1,P,6,EUR
OECD.SDD.NAD:DSD_NAMAIN10@DF_TABLE5(1.0),A,NLD,S14,S1,P31DC,_Z,_Z,CP111,XDC,V,N,T0117,2022,26304,,F,1,P,6,EUR
OECD.SDD.NAD:DSD_NAMAIN10@DF_TABLE5(1.0),A,NLD,S14,S1,P31DC,_Z,_Z,CP082,XDC,V,N,T0117,2022,1595,,F,1,P,6,EUR
OECD.SDD.NAD:DSD_NAMAIN10@DF_TABLE5(1.0),A,NLD,S14,S1,P31DC,_Z,_Z,CP081,XDC,V,N,T0117,2022,467,,F,1,P,6,EUR
OECD.SDD.NAD:DSD_NAMAIN10@DF_TABLE5(1.0),A,NLD,S14,S1,P31DC,_Z,_Z,CP056,XDC,V,N,T0117,2022,5811,,F,1,P,6,EUR
OECD.SDD.NAD:DSD_NAMAIN10@DF_TABLE5(1.0),A,NLD,S14,S1,P31DC,_Z,_Z,CP02,XDC,V,N,T0117,2022,12324,,F,1,P,6,EUR
OECD.SDD.NAD:DSD_NAMAIN10@DF_TABLE5(1.0),A,NLD,S14,S1,P31DC,_Z,_Z,CP072,XDC,V,N,T0117,2022,28602,,F,1,P,6,EUR
OECD.SDD.NAD:DSD_NAMAIN10@DF_TABLE5(1.0),A,NLD,S14,S1,P31DC,_Z,_Z,CP095,XDC,V,N,T0117,2022,3893,,F,1,P,6,EUR
OECD.SDD.NAD:DSD_NAMAIN10@DF_TABLE5(1.0),A,NLD,S14,S1,P31DC,_Z,_Z,CP051,XDC,V,N,T0117,2022,9968,,F,1,P,6,EUR
OECD.SDD.NAD:DSD_NAMAIN10@DF_TABLE5(1.0),A,NLD,S14,S1,P31DC,_Z,_Z,CP105,XDC,V,N,T0117,2022,278,,F,1,P,6,EUR
OECD.SDD.NAD:DSD_NAMAIN10@DF_TABLE5(1.0),A,NLD,S14,S1,P31DC,_Z,_Z,CP124,XDC,V,N,T0117,2022,5053,,F,1,P,6,EUR
OECD.SDD.NAD:DSD_NAMAIN10@DF_TABLE5(1.0),A,NLD,S14,S1,P31DC,_Z,_Z,CP091,XDC,V,N,T0117,2022,6645,,F,1,P,6,EUR
OECD.SDD.NAD:DSD_NAMAIN10@DF_TABLE5(1.0),A,NLD,S14,S1,P31DC,_Z,_Z,CP04,XDC,V,N,T0117,2022,94806,,F,1,P,6,EUR
OECD.SDD.NAD:DSD_NAMAIN10@DF_TABLE5(1.0),A,NLD,S14,S1,P31DC,_Z,_Z,CP043,XDC,V,N,T0117,2022,1819,,F,1,P,6,EUR
OECD.SDD.NAD:DSD_NAMAIN10@DF_TABLE5(1.0),A,NLD,S14,S1,P31DC,_Z,_Z,CP01,XDC,V,N,T0117,2022,47169,,F,1,P,6,EUR
OECD.SDD.NAD:DSD_NAMAIN10@DF_TABLE5(1.0),A,NLD,S14,S1,P31DC,_Z,_Z,CP125,XDC,V,N,T0117,2022,20596,,F,1,P,6,EUR
OECD.SDD.NAD:DSD_NAMAIN10@DF_TABLE5(1.0),A,NLD,S14,S1,P31DC,_Z,_Z,CP126,XDC,V,N,T0117,2022,8488,,F,1,P,6,EUR
OECD.SDD.NAD:DSD_NAMAIN10@DF_TABLE5(1.0),A,NLD,S14,S1,P31DC,_Z,_Z,CP11,XDC,V,N,T0117,2022,37170,,F,1,P,6,EUR
OECD.SDD.NAD:DSD_NAMAIN10@DF_TABLE5(1.0),A,NLD,S14,S1,P31DC,_Z,_Z,CP12,XDC,V,N,T0117,2022,54046,,F,1,P,6,EUR
OECD.SDD.NAD:DSD_NAMAIN10@DF_TABLE5(1.0),A,NLD,S14,S1,P31DC,_Z,_Z,CP112,XDC,V,N,T0117,2022,10866,,F,1,P,6,EUR
OECD.SDD.NAD:DSD_NAMAIN10@DF_TABLE5(1.0),A,NLD,S14,S1,P31DC,_Z,_Z,CP103,XDC,V,N,T0117,2022,225,,F,1,P,6,EUR
OECD.SDD.NAD:DSD_NAMAIN10@DF_TABLE5(1.0),A,PRT,S14,S1,P31DC,_Z,_Z,CP08,XDC,V,N,T0117,2022,3835.986,,F,1,P,6,EUR
OECD.SDD.NAD:DSD_NAMAIN10@DF_TABLE5(1.0),A,PRT,S14,S1,P31DC,_Z,_Z,CP063,XDC,V,N,T0117,2022,502.555,,F,1,P,6,EUR
OECD.SDD.NAD:DSD_NAMAIN10@DF_TABLE5(1.0),A,PRT,S14,S1,P31DC,_Z,_Z,CP051,XDC,V,N,T0117,2022,2247.991,,F,1,P,6,EUR
OECD.SDD.NAD:DSD_NAMAIN10@DF_TABLE5(1.0),A,PRT,S14,S1,P31DC,_Z,_Z,CP121,XDC,V,N,T0117,2022,3432.842,,F,1,P,6,EUR
OECD.SDD.NAD:DSD_NAMAIN10@DF_TABLE5(1.0),A,PRT,S14,S1,P31DC,_Z,_Z,CP054,XDC,V,N,T0117,2022,366.676,,F,1,P,6,EUR
OECD.SDD.NAD:DSD_NAMAIN10@DF_TABLE5(1.0),A,PRT,S14,S1,P31DC,_Z,_Z,CP022,XDC,V,N,T0117,2022,2778.87,,F,1,P,6,EUR
OECD.SDD.NAD:DSD_NAMAIN10@DF_TABLE5(1.0),A,PRT,S14,S1,P31DC,_Z,_Z,CP043,XDC,V,N,T0117,2022,316.58,,F,1,P,6,EUR
OECD.SDD.NAD:DSD_NAMAIN10@DF_TABLE5(1.0),A,PRT,S14,S1,P31DC,_Z,_Z,CP061,XDC,V,N,T0117,2022,2916.923,,F,1,P,6,EUR
OECD.SDD.NAD:DSD_NAMAIN10@DF_TABLE5(1.0),A,PRT,S14,S1,P31DC,_Z,_Z,CP032,XDC,V,N,T0117,2022,1789.321,,F,1,P,6,EUR
OECD.SDD.NAD:DSD_NAMAIN10@DF_TABLE5(1.0),A,PRT,S14,S1,P31DC,_Z,_Z,CP124,XDC,V,N,T0117,2022,2453.357,,F,1,P,6,EUR
OECD.SDD.NAD:DSD_NAMAIN10@DF_TABLE5(1.0),A,PRT,S14,S1,P31DC,_Z,_Z,CP103,XDC,V,N,T0117,2022,6.187,,F,1,P,6,EUR
OECD.SDD.NAD:DSD_NAMAIN10@DF_TABLE5(1.0),A,PRT,S14,S1,P31DC,_Z,_Z,CP031,XDC,V,N,T0117,2022,6898.111,,F,1,P,6,EUR
OECD.SDD.NAD:DSD_NAMAIN10@DF_TABLE5(1.0),A,PRT,S14,S1,P31DC,_Z,_Z,CP126,XDC,V,N,T0117,2022,3919.643,,F,1,P,6,EUR
OECD.SDD.NAD:DSD_NAMAIN10@DF_TABLE5(1.0),A,PRT,S14,S1,P31DC,_Z,_Z,CP096,XDC,V,N,T0117,2022,328.687,,F,1,P,6,EUR
OECD.SDD.NAD:DSD_NAMAIN10@DF_TABLE5(1.0),A,PRT,S14,S1,P31DC,_Z,_Z,CP092,XDC,V,N,T0117,2022,213.16,,F,1,P,6,EUR
OECD.SDD.NAD:DSD_NAMAIN10@DF_TABLE5(1.0),A,PRT,S14,S1,P31DC,_Z,_Z,CP122_127,XDC,V,N,T0117,2022,2787.38,,F,1,P,6,EUR
OECD.SDD.NAD:DSD_NAMAIN10@DF_TABLE5(1.0),A,PRT,S14,S1,P31DC,_Z,_Z,_T,XDC,V,N,T0117,2022,166851.289,,F,1,P,6,EUR
OECD.SDD.NAD:DSD_NAMAIN10@DF_TABLE5(1.0),A,PRT,S14,S1,P31DC,_Z,_Z,CP052,XDC,V,N,T0117,2022,773.294,,F,1,P,6,EUR
OECD.SDD.NAD:DSD_NAMAIN10@DF_TABLE5(1.0),A,PRT,S14,S1,P31DC,_Z,_Z,CP044,XDC,V,N,T0117,2022,1903.324,,F,1,P,6,EUR
OECD.SDD.NAD:DSD_NAMAIN10@DF_TABLE5(1.0),A,PRT,S14,S1,P31DC,_Z,_Z,CP12,XDC,V,N,T0117,2022,17301.754,,F,1,P,6,EUR
OECD.SDD.NAD:DSD_NAMAIN10@DF_TABLE5(1.0),A,PRT,S14,S1,P31DC,_Z,_Z,CP09,XDC,V,N,T0117,2022,8370.143,,F,1,P,6,EUR
OECD.SDD.NAD:DSD_NAMAIN10@DF_TABLE5(1.0),A,PRT,S14,S1,P31DC,_Z,_Z,CP102,XDC,V,N,T0117,2022,233.9,,F,1,P,6,EUR
OECD.SDD.NAD:DSD_NAMAIN10@DF_TABLE5(1.0),A,PRT,S14,S1,P31DC,_Z,_Z,CP056,XDC,V,N,T0117,2022,2857.769,,F,1,P,6,EUR
OECD.SDD.NAD:DSD_NAMAIN10@DF_TABLE5(1.0),A,PRT,S14,S1,P31DC,_Z,_Z,CP122,XDC,V,N,T0117,2022,751.423,,F,1,P,6,EUR
OECD.SDD.NAD:DSD_NAMAIN10@DF_TABLE5(1.0),A,PRT,S14,S1,P31DC,_Z,_Z,CP094,XDC,V,N,T0117,2022,3470.589,,F,1,P,6,EUR
OECD.SDD.NAD:DSD_NAMAIN10@DF_TABLE5(1.0),A,PRT,S14,S1,P31DC,_Z,_Z,CP012,XDC,V,N,T0117,2022,1597.709,,F,1,P,6,EUR
OECD.SDD.NAD:DSD_NAMAIN10@DF_TABLE5(1.0),A,PRT,S14,S1,P31DC,_Z,_Z,CP125,XDC,V,N,T0117,2022,3159.65,,F,1,P,6,EUR
OECD.SDD.NAD:DSD_NAMAIN10@DF_TABLE5(1.0),A,PRT,S14,S1,P31DC,_Z,_Z,CP05,XDC,V,N,T0117,2022,8436.05,,F,1,P,6,EUR
OECD.SDD.NAD:DSD_NAMAIN10@DF_TABLE5(1.0),A,PRT,S14,S1,P31DC,_Z,_Z,CP01,XDC,V,N,T0117,2022,28916.17,,F,1,P,6,EUR
OECD.SDD.NAD:DSD_NAMAIN10@DF_TABLE5(1.0),A,PRT,S14,S1,P31DC,_Z,_Z,CP02,XDC,V,N,T0117,2022,5200.072,,F,1,P,6,EUR
OECD.SDD.NAD:DSD_NAMAIN10@DF_TABLE5(1.0),A,PRT,S14,S1,P31DC,_Z,_Z,CP093,XDC,V,N,T0117,2022,2115.296,,F,1,P,6,EUR
OECD.SDD.NAD:DSD_NAMAIN10@DF_TABLE5(1.0),A,PRT,S14,S1,P31DC,_Z,_Z,CP10,XDC,V,N,T0117,2022,2497.363,,F,1,P,6,EUR
OECD.SDD.NAD:DSD_NAMAIN10@DF_TABLE5(1.0),A,PRT,S14,S1,P31DC,_Z,_Z,CP045,XDC,V,N,T0117,2022,4947.406,,F,1,P,6,EUR
OECD.SDD.NAD:DSD_NAMAIN10@DF_TABLE5(1.0),A,PRT,S14,S1,P31DC,_Z,_Z,CP011,XDC,V,N,T0117,2022,27318.461,,F,1,P,6,EUR
OECD.SDD.NAD:DSD_NAMAIN10@DF_TABLE5(1.0),A,PRT,S14,S1,P31DC,_Z,_Z,CP071,XDC,V,N,T0117,2022,6986.874,,F,1,P,6,EUR
OECD.SDD.NAD:DSD_NAMAIN10@DF_TABLE5(1.0),A,PRT,S14,S1,P31DC,_Z,_Z,CP083,XDC,V,N,T0117,2022,3527.63,,F,1,P,6,EUR
OECD.SDD.NAD:DSD_NAMAIN10@DF_TABLE5(1.0),A,PRT,S14,S1,P31DC,_Z,_Z,CP091,XDC,V,N,T0117,2022,1141.704,,F,1,P,6,EUR
OECD.SDD.NAD:DSD_NAMAIN10@DF_TABLE5(1.0),A,PRT,S14,S1,P31DC,_Z,_Z,CP127,XDC,V,N,T0117,2022,2035.957,,F,1,P,6,EUR
OECD.SDD.NAD:DSD_NAMAIN10@DF_TABLE5(1.0),A,PRT,S14,S1,P31DC,_Z,_Z,CP095,XDC,V,N,T0117,2022,1100.707,,F,1,P,6,EUR
OECD.SDD.NAD:DSD_NAMAIN10@DF_TABLE5(1.0),A,PRT,S14,S1,P31DC,_Z,_Z,CP053,XDC,V,N,T0117,2022,1719.574,,F,1,P,6,EUR
OECD.SDD.NAD:DSD_NAMAIN10@DF_TABLE5(1.0),A,PRT,S14,S1,P31DC,_Z,_Z,CP104,XDC,V,N,T0117,2022,878.129,,F,1,P,6,EUR
OECD.SDD.NAD:DSD_NAMAIN10@DF_TABLE5(1.0),A,PRT,S14,S1,P31DC,_Z,_Z,CP021,XDC,V,N,T0117,2022,2184.607,,F,1,P,6,EUR
OECD.SDD.NAD:DSD_NAMAIN10@DF_TABLE5(1.0),A,PRT,S14,S1,P31DC,_Z,_Z,CP111,XDC,V,N,T0117,2022,17733.157,,F,1,P,6,EUR
OECD.SDD.NAD:DSD_NAMAIN10@DF_TABLE5(1.0),A,PRT,S14,S1,P31DC,_Z,_Z,CP023,XDC,V,N,T0117,2022,236.595,,F,1,P,6,EUR
OECD.SDD.NAD:DSD_NAMAIN10@DF_TABLE5(1.0),A,PRT,S14,S1,P31DC,_Z,_Z,CP042,XDC,V,N,T0117,2022,16866.273,,F,1,P,6,EUR
OECD.SDD.NAD:DSD_NAMAIN10@DF_TABLE5(1.0),A,PRT,S14,S1,P31DC,_Z,_Z,CP062,XDC,V,N,T0117,2022,5987.381,,F,1,P,6,EUR
OECD.SDD.NAD:DSD_NAMAIN10@DF_TABLE5(1.0),A,PRT,S14,S1,P31DC,_Z,_Z,CP11,XDC,V,N,T0117,2022,25127.717,,F,1,P,6,EUR
OECD.SDD.NAD:DSD_NAMAIN10@DF_TABLE5(1.0),A,PRT,S14,S1,P31DC,_Z,_Z,CP081,XDC,V,N,T0117,2022,105.213,,F,1,P,6,EUR
OECD.SDD.NAD:DSD_NAMAIN10@DF_TABLE5(1.0),A,PRT,S14,S1,P31DC,_Z,_Z,CP101,XDC,V,N,T0117,2022,686.112,,F,1,P,6,EUR
OECD.SDD.NAD:DSD_NAMAIN10@DF_TABLE5(1.0),A,PRT,S14,S1,P31DC,_Z,_Z,CP041,XDC,V,N,T0117,2022,4855.993,,F,1,P,6,EUR
OECD.SDD.NAD:DSD_NAMAIN10@DF_TABLE5(1.0),A,PRT,S14,S1,P31DC,_Z,_Z,CP055,XDC,V,N,T0117,2022,470.746,,F,1,P,6,EUR
OECD.SDD.NAD:DSD_NAMAIN10@DF_TABLE5(1.0),A,PRT,S14,S1,P31DC,_Z,_Z,CP04,XDC,V,N,T0117,2022,28889.576,,F,1,P,6,EUR
OECD.SDD.NAD:DSD_NAMAIN10@DF_TABLE5(1.0),A,PRT,S14,S1,P31DC,_Z,_Z,CP073,XDC,V,N,T0117,2022,2523.248,,F,1,P,6,EUR
OECD.SDD.NAD:DSD_NAMAIN10@DF_TABLE5(1.0),A,PRT,S14,S1,P31DC,_Z,_Z,CP082,XDC,V,N,T0117,2022,203.143,,F,1,P,6,EUR
OECD.SDD.NAD:DSD_NAMAIN10@DF_TABLE5(1.0),A,PRT,S14,S1,P31DC,_Z,_Z,CP03,XDC,V,N,T0117,2022,8687.432,,F,1,P,6,EUR
OECD.SDD.NAD:DSD_NAMAIN10@DF_TABLE5(1.0),A,PRT,S14,S1,P31DC,_Z,_Z,CP112,XDC,V,N,T0117,2022,7394.56,,F,1,P,6,EUR
OECD.SDD.NAD:DSD_NAMAIN10@DF_TABLE5(1.0),A,PRT,S14,S1,P31DC,_Z,_Z,CP123,XDC,V,N,T0117,2022,1548.882,,F,1,P,6,EUR
OECD.SDD.NAD:DSD_NAMAIN10@DF_TABLE5(1.0),A,PRT,S14,S1,P31DC,_Z,_Z,CP105,XDC,V,N,T0117,2022,693.035,,F,1,P,6,EUR
OECD.SDD.NAD:DSD_NAMAIN10@DF_TABLE5(1.0),A,PRT,S14,S1,P31DC,_Z,_Z,CP07,XDC,V,N,T0117,2022,20182.167,,F,1,P,6,EUR
OECD.SDD.NAD:DSD_NAMAIN10@DF_TABLE5(1.0),A,PRT,S14,S1,P31DC,_Z,_Z,CP072,XDC,V,N,T0117,2022,10672.045,,F,1,P,6,EUR
OECD.SDD.NAD:DSD_NAMAIN10@DF_TABLE5(1.0),A,PRT,S14,S1,P31DC,_Z,_Z,CP06,XDC,V,N,T0117,2022,9406.859,,F,1,P,6,EUR
OECD.SDD.NAD:DSD_NAMAIN10@DF_TABLE5(1.0),A,GBR,S14,S1,P31DC,_Z,_Z,CP073,XDC,V,N,T0117,2021,24007,,F,1,D,6,GBP
OECD.SDD.NAD:DSD_NAMAIN10@DF_TABLE5(1.0),A,GBR,S14,S1,P31DC,_Z,_Z,CP111,XDC,V,N,T0117,2021,98932,,F,1,D,6,GBP
OECD.SDD.NAD:DSD_NAMAIN10@DF_TABLE5(1.0),A,GBR,S14,S1,P31DC,_Z,_Z,CP112,XDC,V,N,T0117,2021,24148,,F,1,D,6,GBP
OECD.SDD.NAD:DSD_NAMAIN10@DF_TABLE5(1.0),A,GBR,S14,S1,P31DC,_Z,_Z,CP094,XDC,V,N,T0117,2021,47268,,F,1,D,6,GBP
OECD.SDD.NAD:DSD_NAMAIN10@DF_TABLE5(1.0),A,GBR,S14,S1,P31DC,_Z,_Z,CP112,XDC,V,N,T0117,2022,36626,,F,1,D,6,GBP
OECD.SDD.NAD:DSD_NAMAIN10@DF_TABLE5(1.0),A,GBR,S14,S1,P31DC,_Z,_Z,CP111,XDC,V,N,T0117,2022,127442,,F,1,D,6,GBP
OECD.SDD.NAD:DSD_NAMAIN10@DF_TABLE5(1.0),A,GBR,S14,S1,P31DC,_Z,_Z,CP094,XDC,V,N,T0117,2022,57472,,F,1,D,6,GBP
OECD.SDD.NAD:DSD_NAMAIN10@DF_TABLE5(1.0),A,GBR,S14,S1,P31DC,_Z,_Z,CP073,XDC,V,N,T0117,2022,54239,,F,1,D,6,GBP
OECD.SDD.NAD:DSD_NAMAIN10@DF_TABLE5(1.0),A,GBR,S14,S1,P31DC,_Z,_Z,CP111,XDC,V,N,T0117,2023,136450,,F,1,D,6,GBP
OECD.SDD.NAD:DSD_NAMAIN10@DF_TABLE5(1.0),A,GBR,S14,S1,P31DC,_Z,_Z,CP112,XDC,V,N,T0117,2023,38747,,F,1,D,6,GBP
OECD.SDD.NAD:DSD_NAMAIN10@DF_TABLE5(1.0),A,GBR,S14,S1,P31DC,_Z,_Z,CP094,XDC,V,N,T0117,2023,62272,,F,1,D,6,GBP
OECD.SDD.NAD:DSD_NAMAIN10@DF_TABLE5(1.0),A,GBR,S14,S1,P31DC,_Z,_Z,CP073,XDC,V,N,T0117,2023,63420,,F,1,D,6,GBP
OECD.SDD.NAD:DSD_NAMAIN10@DF_TABLE5(1.0),A,COL,S14,S1,P31DC,_Z,_Z,CP09,XDC,V,N,T0117,2021,61164000,,F,1,P,6,COP
OECD.SDD.NAD:DSD_NAMAIN10@DF_TABLE5(1.0),A,COL,S14,S1,P31DC,_Z,_Z,CP11,XDC,V,N,T0117,2021,90693000,,F,1,P,6,COP
OECD.SDD.NAD:DSD_NAMAIN10@DF_TABLE5(1.0),A,COL,S14,S1,P31DC,_Z,_Z,CP08,XDC,V,N,T0117,2021,26551000,,F,1,P,6,COP
OECD.SDD.NAD:DSD_NAMAIN10@DF_TABLE5(1.0),A,COL,S14,S1,P31DC,_Z,_Z,CP07,XDC,V,N,T0117,2021,53823000,,F,1,P,6,COP
OECD.SDD.NAD:DSD_NAMAIN10@DF_TABLE5(1.0),A,COL,S14,S1,P31DC,_Z,_Z,CP06,XDC,V,N,T0117,2021,73165000,,F,1,P,6,COP
OECD.SDD.NAD:DSD_NAMAIN10@DF_TABLE5(1.0),A,COL,S14,S1,P31DC,_Z,_Z,CP10,XDC,V,N,T0117,2021,30775000,,F,1,P,6,COP
OECD.SDD.NAD:DSD_NAMAIN10@DF_TABLE5(1.0),A,COL,S14,S1,P31DC,_Z,_Z,CP05,XDC,V,N,T0117,2021,35625000,,F,1,P,6,COP
OECD.SDD.NAD:DSD_NAMAIN10@DF_TABLE5(1.0),A,COL,S14,S1,P31DC,_Z,_Z,CP03,XDC,V,N,T0117,2022,62036000,,F,1,P,6,COP
OECD.SDD.NAD:DSD_NAMAIN10@DF_TABLE5(1.0),A,COL,S14,S1,P31DC,_Z,_Z,CP10,XDC,V,N,T0117,2022,35134000,,F,1,P,6,COP
OECD.SDD.NAD:DSD_NAMAIN10@DF_TABLE5(1.0),A,COL,S14,S1,P31DC,_Z,_Z,CP05,XDC,V,N,T0117,2022,41969000,,F,1,P,6,COP
OECD.SDD.NAD:DSD_NAMAIN10@DF_TABLE5(1.0),A,COL,S14,S1,P31DC,_Z,_Z,CP04,XDC,V,N,T0117,2022,140994000,,F,1,P,6,COP
OECD.SDD.NAD:DSD_NAMAIN10@DF_TABLE5(1.0),A,COL,S14,S1,P31DC,_Z,_Z,CP02,XDC,V,N,T0117,2022,37177000,,F,1,P,6,COP
OECD.SDD.NAD:DSD_NAMAIN10@DF_TABLE5(1.0),A,COL,S14,S1,P31DC,_Z,_Z,CP07,XDC,V,N,T0117,2022,77225000,,F,1,P,6,COP
OECD.SDD.NAD:DSD_NAMAIN10@DF_TABLE5(1.0),A,COL,S14,S1,P31DC,_Z,_Z,CP06,XDC,V,N,T0117,2022,83839000,,F,1,P,6,COP
OECD.SDD.NAD:DSD_NAMAIN10@DF_TABLE5(1.0),A,COL,S14,S1,P31DC,_Z,_Z,CP09,XDC,V,N,T0117,2022,86038000,,F,1,P,6,COP
OECD.SDD.NAD:DSD_NAMAIN10@DF_TABLE5(1.0),A,COL,S14,S1,P31DC,_Z,_Z,CP11,XDC,V,N,T0117,2022,125628000,,F,1,P,6,COP
OECD.SDD.NAD:DSD_NAMAIN10@DF_TABLE5(1.0),A,COL,S14,S1,P31DC,_Z,_Z,CP08,XDC,V,N,T0117,2022,28445000,,F,1,P,6,COP
OECD.SDD.NAD:DSD_NAMAIN10@DF_TABLE5(1.0),A,CRI,S14,S1,P31DC,_Z,_Z,_T,XDC,V,N,T0117,2022,28823571.77,,F,1,E,6,CRC
OECD.SDD.NAD:DSD_NAMAIN10@DF_TABLE5(1.0),A,COL,S14,S1,P31DC,_Z,_Z,CP06,XDC,V,N,T0117,2023,95798000,,F,1,P,6,COP
OECD.SDD.NAD:DSD_NAMAIN10@DF_TABLE5(1.0),A,COL,S14,S1,P31DC,_Z,_Z,CP07,XDC,V,N,T0117,2023,84139000,,F,1,P,6,COP
OECD.SDD.NAD:DSD_NAMAIN10@DF_TABLE5(1.0),A,COL,S14,S1,P31DC,_Z,_Z,CP12,XDC,V,N,T0117,2023,114899000,,F,1,P,6,COP
OECD.SDD.NAD:DSD_NAMAIN10@DF_TABLE5(1.0),A,COL,S14,S1,P31DC,_Z,_Z,CP02,XDC,V,N,T0117,2023,39635000,,F,1,P,6,COP
OECD.SDD.NAD:DSD_NAMAIN10@DF_TABLE5(1.0),A,COL,S14,S1,P31DC,_Z,_Z,_T,XDC,V,N,T0117,2023,1153472000,,F,1,P,6,COP
OECD.SDD.NAD:DSD_NAMAIN10@DF_TABLE5(1.0),A,COL,S14,S1,P31DC,_Z,_Z,CP04,XDC,V,N,T0117,2023,156552000,,F,1,P,6,COP
OECD.SDD.NAD:DSD_NAMAIN10@DF_TABLE5(1.0),A,COL,S14,S1,P31DC,_Z,_Z,CP05,XDC,V,N,T0117,2023,42323000,,F,1,P,6,COP
OECD.SDD.NAD:DSD_NAMAIN10@DF_TABLE5(1.0),A,COL,S14,S1,P31DC,_Z,_Z,CP03,XDC,V,N,T0117,2023,59494000,,F,1,P,6,COP
OECD.SDD.NAD:DSD_NAMAIN10@DF_TABLE5(1.0),A,COL,S14,S1,P31DC,_Z,_Z,CP10,XDC,V,N,T0117,2023,40106000,,F,1,P,6,COP
OECD.SDD.NAD:DSD_NAMAIN10@DF_TABLE5(1.0),A,COL,S14,S1,P31DC,_Z,_Z,CP11,XDC,V,N,T0117,2023,132953000,,F,1,P,6,COP
OECD.SDD.NAD:DSD_NAMAIN10@DF_TABLE5(1.0),A,COL,S14,S1,P31DC,_Z,_Z,CP08,XDC,V,N,T0117,2023,28218000,,F,1,P,6,COP
OECD.SDD.NAD:DSD_NAMAIN10@DF_TABLE5(1.0),A,COL,S14,S1,P31DC,_Z,_Z,CP01,XDC,V,N,T0117,2023,260144000,,F,1,P,6,COP
OECD.SDD.NAD:DSD_NAMAIN10@DF_TABLE5(1.0),A,COL,S14,S1,P31DC,_Z,_Z,CP09,XDC,V,N,T0117,2023,99211000,,F,1,P,6,COP
OECD.SDD.NAD:DSD_NAMAIN10@DF_TABLE5(1.0),A,CRI,S14,S1,P31DC,_Z,_Z,_T,XDC,V,N,T0117,2023,30358241.335,,F,1,E,6,CRC
OECD.SDD.NAD:DSD_NAMAIN10@DF_TABLE5(1.0),A,GRC,S14,S1,P31DC,_Z,_Z,_T,XDC,V,N,T0117,2023,170685.975,,F,1,P,6,EUR
OECD.SDD.NAD:DSD_NAMAIN10@DF_TABLE5(1.0),A,MEX,S14,S1,P31DC,_Z,_Z,CP105,XDC,V,N,T0117,2023,2809.252,,F,1,P,6,MXN
OECD.SDD.NAD:DSD_NAMAIN10@DF_TABLE5(1.0),A,MEX,S14,S1,P31DC,_Z,_Z,CP032,XDC,V,N,T0117,2023,123516.449,,F,1,P,6,MXN
OECD.SDD.NAD:DSD_NAMAIN10@DF_TABLE5(1.0),A,MEX,S14,S1,P31DC,_Z,_Z,CP121,XDC,V,N,T0117,2023,226306.029,,F,1,P,6,MXN
OECD.SDD.NAD:DSD_NAMAIN10@DF_TABLE5(1.0),A,MEX,S14,S1,P31DC,_Z,_Z,CP126,XDC,V,N,T0117,2023,1369727.458,,F,1,P,6,MXN
OECD.SDD.NAD:DSD_NAMAIN10@DF_TABLE5(1.0),A,MEX,S14,S1,P31DC,_Z,_Z,CP093,XDC,V,N,T0117,2023,227909.367,,F,1,P,6,MXN
OECD.SDD.NAD:DSD_NAMAIN10@DF_TABLE5(1.0),A,MEX,S14,S1,P31DC,_Z,_Z,CP052,XDC,V,N,T0117,2023,53221.203,,F,1,P,6,MXN
OECD.SDD.NAD:DSD_NAMAIN10@DF_TABLE5(1.0),A,MEX,S14,S1,P31DC,_Z,_Z,CP04,XDC,V,N,T0117,2023,3666918.115,,F,1,P,6,MXN
OECD.SDD.NAD:DSD_NAMAIN10@DF_TABLE5(1.0),A,MEX,S14,S1,P31DC,_Z,_Z,CP053,XDC,V,N,T0117,2023,320681.71,,F,1,P,6,MXN
OECD.SDD.NAD:DSD_NAMAIN10@DF_TABLE5(1.0),A,MEX,S14,S1,P31DC,_Z,_Z,CP062,XDC,V,N,T0117,2023,169710.907,,F,1,P,6,MXN
OECD.SDD.NAD:DSD_NAMAIN10@DF_TABLE5(1.0),A,MEX,S14,S1,P31DC,_Z,_Z,CP08,XDC,V,N,T0117,2023,496262.524,,F,1,P,6,MXN
OECD.SDD.NAD:DSD_NAMAIN10@DF_TABLE5(1.0),A,MEX,S14,S1,P31DC,_Z,_Z,CP05,XDC,V,N,T0117,2023,1310852.009,,F,1,P,6,MXN
OECD.SDD.NAD:DSD_NAMAIN10@DF_TABLE5(1.0),A,MEX,S14,S1,P31DC,_Z,_Z,CP111,XDC,V,N,T0117,2023,699021.573,,F,1,P,6,MXN
OECD.SDD.NAD:DSD_NAMAIN10@DF_TABLE5(1.0),A,MEX,S14,S1,P31DC,_Z,_Z,CP012,XDC,V,N,T0117,2023,575079.079,,F,1,P,6,MXN
OECD.SDD.NAD:DSD_NAMAIN10@DF_TABLE5(1.0),A,MEX,S14,S1,P31DC,_Z,_Z,CP061,XDC,V,N,T0117,2023,376944.125,,F,1,P,6,MXN
OECD.SDD.NAD:DSD_NAMAIN10@DF_TABLE5(1.0),A,MEX,S14,S1,P31DC,_Z,_Z,CP041,XDC,V,N,T0117,2023,621177.681,,F,1,P,6,MXN
OECD.SDD.NAD:DSD_NAMAIN10@DF_TABLE5(1.0),A,MEX,S14,S1,P31DC,_Z,_Z,CP071,XDC,V,N,T0117,2023,808918.662,,F,1,P,6,MXN
OECD.SDD.NAD:DSD_NAMAIN10@DF_TABLE5(1.0),A,MEX,S14,S1,P31DC,_Z,_Z,CP054,XDC,V,N,T0117,2023,121185.965,,F,1,P,6,MXN
OECD.SDD.NAD:DSD_NAMAIN10@DF_TABLE5(1.0),A,MEX,S14,S1,P31DC,_Z,_Z,CP09,XDC,V,N,T0117,2023,1064089.75,,F,1,P,6,MXN
OECD.SDD.NAD:DSD_NAMAIN10@DF_TABLE5(1.0),A,MEX,S14,S1,P31DC,_Z,_Z,CP063,XDC,V,N,T0117,2023,128285.423,,F,1,P,6,MXN
OECD.SDD.NAD:DSD_NAMAIN10@DF_TABLE5(1.0),A,MEX,S14,S1,P31DC,_Z,_Z,CP044,XDC,V,N,T0117,2023,61293.258,,F,1,P,6,MXN
OECD.SDD.NAD:DSD_NAMAIN10@DF_TABLE5(1.0),A,MEX,S14,S1,P31DC,_Z,_Z,CP122_127,XDC,V,N,T0117,2023,2252555.406,,F,1,P,6,MXN
OECD.SDD.NAD:DSD_NAMAIN10@DF_TABLE5(1.0),A,MEX,S14,S1,P31DC,_Z,_Z,CP072,XDC,V,N,T0117,2023,2507539.126,,F,1,P,6,MXN
OECD.SDD.NAD:DSD_NAMAIN10@DF_TABLE5(1.0),A,MEX,S14,S1,P31DC,_Z,_Z,CP043,XDC,V,N,T0117,2023,184521.17,,F,1,P,6,MXN
OECD.SDD.NAD:DSD_NAMAIN10@DF_TABLE5(1.0),A,MEX,S14,S1,P31DC,_Z,_Z,CP055,XDC,V,N,T0117,2023,100708.198,,F,1,P,6,MXN
OECD.SDD.NAD:DSD_NAMAIN10@DF_TABLE5(1.0),A,MEX,S14,S1,P31DC,_Z,_Z,CP096,XDC,V,N,T0117,2023,31702.791,,F,1,P,6,MXN
OECD.SDD.NAD:DSD_NAMAIN10@DF_TABLE5(1.0),A,MEX,S14,S1,P31DC,_Z,_Z,CP021,XDC,V,N,T0117,2023,356907.092,,F,1,P,6,MXN
OECD.SDD.NAD:DSD_NAMAIN10@DF_TABLE5(1.0),A,MEX,S14,S1,P31DC,_Z,_Z,CP112,XDC,V,N,T0117,2023,601977.249,,F,1,P,6,MXN
OECD.SDD.NAD:DSD_NAMAIN10@DF_TABLE5(1.0),A,MEX,S14,S1,P31DC,_Z,_Z,CP12,XDC,V,N,T0117,2023,2478861.435,,F,1,P,6,MXN
OECD.SDD.NAD:DSD_NAMAIN10@DF_TABLE5(1.0),A,MEX,S14,S1,P31DC,_Z,_Z,CP092,XDC,V,N,T0117,2023,16135.91,,F,1,P,6,MXN
OECD.SDD.NAD:DSD_NAMAIN10@DF_TABLE5(1.0),A,MEX,S14,S1,P31DC,_Z,_Z,CP104,XDC,V,N,T0117,2023,124239.745,,F,1,P,6,MXN
OECD.SDD.NAD:DSD_NAMAIN10@DF_TABLE5(1.0),A,MEX,S14,S1,P31DC,_Z,_Z,CP11,XDC,V,N,T0117,2023,1300998.822,,F,1,P,6,MXN
OECD.SDD.NAD:DSD_NAMAIN10@DF_TABLE5(1.0),A,MEX,S14,S1,P31DC,_Z,_Z,CP045,XDC,V,N,T0117,2023,838545.954,,F,1,P,6,MXN
OECD.SDD.NAD:DSD_NAMAIN10@DF_TABLE5(1.0),A,MEX,S14,S1,P31DC,_Z,_Z,CP124,XDC,V,N,T0117,2023,23032.925,,F,1,P,6,MXN
OECD.SDD.NAD:DSD_NAMAIN10@DF_TABLE5(1.0),A,MEX,S14,S1,P31DC,_Z,_Z,CP073,XDC,V,N,T0117,2023,1315216.334,,F,1,P,6,MXN
OECD.SDD.NAD:DSD_NAMAIN10@DF_TABLE5(1.0),A,MEX,S14,S1,P31DC,_Z,_Z,CP127,XDC,V,N,T0117,2023,320501.238,,F,1,P,6,MXN
OECD.SDD.NAD:DSD_NAMAIN10@DF_TABLE5(1.0),A,MEX,S14,S1,P31DC,_Z,_Z,CP03,XDC,V,N,T0117,2023,438698.91,,F,1,P,6,MXN
OECD.SDD.NAD:DSD_NAMAIN10@DF_TABLE5(1.0),A,MEX,S14,S1,P31DC,_Z,_Z,CP022,XDC,V,N,T0117,2023,137837.907,,F,1,P,6,MXN
OECD.SDD.NAD:DSD_NAMAIN10@DF_TABLE5(1.0),A,MEX,S14,S1,P31DC,_Z,_Z,CP083,XDC,V,N,T0117,2023,445151.415,,F,1,P,6,MXN
OECD.SDD.NAD:DSD_NAMAIN10@DF_TABLE5(1.0),A,MEX,S14,S1,P31DC,_Z,_Z,CP02,XDC,V,N,T0117,2023,494744.999,,F,1,P,6,MXN
OECD.SDD.NAD:DSD_NAMAIN10@DF_TABLE5(1.0),A,MEX,S14,S1,P31DC,_Z,_Z,CP06,XDC,V,N,T0117,2023,674940.455,,F,1,P,6,MXN
OECD.SDD.NAD:DSD_NAMAIN10@DF_TABLE5(1.0),A,MEX,S14,S1,P31DC,_Z,_Z,CP051,XDC,V,N,T0117,2023,171044.978,,F,1,P,6,MXN
OECD.SDD.NAD:DSD_NAMAIN10@DF_TABLE5(1.0),A,MEX,S14,S1,P31DC,_Z,_Z,CP091,XDC,V,N,T0117,2023,359949.233,,F,1,P,6,MXN
OECD.SDD.NAD:DSD_NAMAIN10@DF_TABLE5(1.0),A,MEX,S14,S1,P31DC,_Z,_Z,CP102,XDC,V,N,T0117,2023,91163.782,,F,1,P,6,MXN
OECD.SDD.NAD:DSD_NAMAIN10@DF_TABLE5(1.0),A,MEX,S14,S1,P31DC,_Z,_Z,CP123,XDC,V,N,T0117,2023,252008.72,,F,1,P,6,MXN
OECD.SDD.NAD:DSD_NAMAIN10@DF_TABLE5(1.0),A,MEX,S14,S1,P31DC,_Z,_Z,CP056,XDC,V,N,T0117,2023,544009.955,,F,1,P,6,MXN
OECD.SDD.NAD:DSD_NAMAIN10@DF_TABLE5(1.0),A,MEX,S14,S1,P31DC,_Z,_Z,CP125,XDC,V,N,T0117,2023,287285.065,,F,1,P,6,MXN
OECD.SDD.NAD:DSD_NAMAIN10@DF_TABLE5(1.0),A,MEX,S14,S1,P31DC,_Z,_Z,CP01,XDC,V,N,T0117,2023,5775107.69,,F,1,P,6,MXN
OECD.SDD.NAD:DSD_NAMAIN10@DF_TABLE5(1.0),A,MEX,S14,S1,P31DC,_Z,_Z,CP095,XDC,V,N,T0117,2023,45576.376,,F,1,P,6,MXN
OECD.SDD.NAD:DSD_NAMAIN10@DF_TABLE5(1.0),A,MEX,S14,S1,P31DC,_Z,_Z,_T,XDC,V,N,T0117,2023,22632557.953,,F,1,P,6,MXN
OECD.SDD.NAD:DSD_NAMAIN10@DF_TABLE5(1.0),A,MEX,S14,S1,P31DC,_Z,_Z,CP031,XDC,V,N,T0117,2023,315182.461,,F,1,P,6,MXN
OECD.SDD.NAD:DSD_NAMAIN10@DF_TABLE5(1.0),A,MEX,S14,S1,P31DC,_Z,_Z,CP094,XDC,V,N,T0117,2023,382816.073,,F,1,P,6,MXN
OECD.SDD.NAD:DSD_NAMAIN10@DF_TABLE5(1.0),A,MEX,S14,S1,P31DC,_Z,_Z,CP07,XDC,V,N,T0117,2023,4631674.122,,F,1,P,6,MXN
OECD.SDD.NAD:DSD_NAMAIN10@DF_TABLE5(1.0),A,MEX,S14,S1,P31DC,_Z,_Z,CP011,XDC,V,N,T0117,2023,5200028.611,,F,1,P,6,MXN
OECD.SDD.NAD:DSD_NAMAIN10@DF_TABLE5(1.0),A,MEX,S14,S1,P31DC,_Z,_Z,CP10,XDC,V,N,T0117,2023,299409.122,,F,1,P,6,MXN
OECD.SDD.NAD:DSD_NAMAIN10@DF_TABLE5(1.0),A,CHL,S14,S1,P31DC,_Z,_Z,_T,XDC,V,N,T0117,2021,148509667.047,,F,1,A,6,CLP
OECD.SDD.NAD:DSD_NAMAIN10@DF_TABLE5(1.0),A,CHL,S14,S1,P31DC,_Z,_Z,CP04,XDC,V,N,T0117,2021,22908436.877,,F,1,A,6,CLP
OECD.SDD.NAD:DSD_NAMAIN10@DF_TABLE5(1.0),A,COL,S14,S1,P31DC,_Z,_Z,CP01,XDC,V,N,T0117,2021,183379000,,F,1,A,6,COP
OECD.SDD.NAD:DSD_NAMAIN10@DF_TABLE5(1.0),A,COL,S14,S1,P31DC,_Z,_Z,CP04,XDC,V,N,T0117,2021,128418000,,F,1,A,6,COP
OECD.SDD.NAD:DSD_NAMAIN10@DF_TABLE5(1.0),A,COL,S14,S1,P31DC,_Z,_Z,_T,XDC,V,N,T0117,2021,854078000,,F,1,A,6,COP
OECD.SDD.NAD:DSD_NAMAIN10@DF_TABLE5(1.0),A,COL,S14,S1,P31DC,_Z,_Z,CP02,XDC,V,N,T0117,2021,31058000,,F,1,A,6,COP
OECD.SDD.NAD:DSD_NAMAIN10@DF_TABLE5(1.0),A,COL,S14,S1,P31DC,_Z,_Z,CP12,XDC,V,N,T0117,2021,89813000,,F,1,A,6,COP
OECD.SDD.NAD:DSD_NAMAIN10@DF_TABLE5(1.0),A,COL,S14,S1,P31DC,_Z,_Z,CP03,XDC,V,N,T0117,2021,49614000,,F,1,A,6,COP
OECD.SDD.NAD:DSD_NAMAIN10@DF_TABLE5(1.0),A,CHE,S14,S1,P31DC,_Z,_Z,_T,XDC,V,N,T0117,2021,350769.245,,F,1,A,6,CHF
OECD.SDD.NAD:DSD_NAMAIN10@DF_TABLE5(1.0),A,CMR,S14,S1,P31DC,_Z,_Z,_T,XDC,V,N,T0117,2021,17886279,,F,1,A,6,XAF
OECD.SDD.NAD:DSD_NAMAIN10@DF_TABLE5(1.0),A,ROU,S14,S1,P31DC,_Z,_Z,_T,XDC,V,N,T0117,2021,711267.3,,F,1,A,6,RON
OECD.SDD.NAD:DSD_NAMAIN10@DF_TABLE5(1.0),A,CHL,S14,S1,P31DC,_Z,_Z,CP06,XDC,V,N,T0117,2023,14623696.8,,F,1,A,6,CLP
OECD.SDD.NAD:DSD_NAMAIN10@DF_TABLE5(1.0),A,CHL,S14,S1,P31DC,_Z,_Z,CP07,XDC,V,N,T0117,2023,19496214.392,,F,1,A,6,CLP
OECD.SDD.NAD:DSD_NAMAIN10@DF_TABLE5(1.0),A,CHL,S14,S1,P31DC,_Z,_Z,CP11,XDC,V,N,T0117,2023,11128273.097,,F,1,A,6,CLP
OECD.SDD.NAD:DSD_NAMAIN10@DF_TABLE5(1.0),A,CHL,S14,S1,P31DC,_Z,_Z,CP12,XDC,V,N,T0117,2023,19792140.245,,F,1,A,6,CLP
OECD.SDD.NAD:DSD_NAMAIN10@DF_TABLE5(1.0),A,CHL,S14,S1,P31DC,_Z,_Z,CP03,XDC,V,N,T0117,2023,6176775.722,,F,1,A,6,CLP
OECD.SDD.NAD:DSD_NAMAIN10@DF_TABLE5(1.0),A,CHL,S14,S1,P31DC,_Z,_Z,CP04,XDC,V,N,T0117,2023,26449193.044,,F,1,A,6,CLP
OECD.SDD.NAD:DSD_NAMAIN10@DF_TABLE5(1.0),A,CHL,S14,S1,P31DC,_Z,_Z,_T,XDC,V,N,T0117,2023,170267058.963,,F,1,A,6,CLP
OECD.SDD.NAD:DSD_NAMAIN10@DF_TABLE5(1.0),A,CHL,S14,S1,P31DC,_Z,_Z,CP08,XDC,V,N,T0117,2023,5375701.446,,F,1,A,6,CLP
OECD.SDD.NAD:DSD_NAMAIN10@DF_TABLE5(1.0),A,CHL,S14,S1,P31DC,_Z,_Z,CP09,XDC,V,N,T0117,2023,10446881.863,,F,1,A,6,CLP
OECD.SDD.NAD:DSD_NAMAIN10@DF_TABLE5(1.0),A,CHL,S14,S1,P31DC,_Z,_Z,CP02,XDC,V,N,T0117,2023,5336119.892,,F,1,A,6,CLP
OECD.SDD.NAD:DSD_NAMAIN10@DF_TABLE5(1.0),A,CHL,S14,S1,P31DC,_Z,_Z,CP10,XDC,V,N,T0117,2023,5941726.034,,F,1,A,6,CLP
OECD.SDD.NAD:DSD_NAMAIN10@DF_TABLE5(1.0),A,CHL,S14,S1,P31DC,_Z,_Z,CP05,XDC,V,N,T0117,2023,9406568.6,,F,1,A,6,CLP
OECD.SDD.NAD:DSD_NAMAIN10@DF_TABLE5(1.0),A,CHL,S14,S1,P31DC,_Z,_Z,CP01,XDC,V,N,T0117,2023,36093767.829,,F,1,A,6,CLP
OECD.SDD.NAD:DSD_NAMAIN10@DF_TABLE5(1.0),A,CHE,S14,S1,P31DC,_Z,_Z,_T,XDC,V,N,T0117,2023,389630.771,,F,1,A,6,CHF
OECD.SDD.NAD:DSD_NAMAIN10@DF_TABLE5(1.0),A,CMR,S14,S1,P31DC,_Z,_Z,_T,XDC,V,N,T0117,2023,21320816,,F,1,A,6,XAF
OECD.SDD.NAD:DSD_NAMAIN10@DF_TABLE5(1.0),A,HKG,S14,S1,P31DC,_Z,_Z,_T,XDC,V,N,T0117,2023,2104769,,F,1,A,6,HKD
OECD.SDD.NAD:DSD_NAMAIN10@DF_TABLE5(1.0),A,ROU,S14,S1,P31DC,_Z,_Z,_T,XDC,V,N,T0117,2023,950386.5,,F,1,A,6,RON
OECD.SDD.NAD:DSD_NAMAIN10@DF_TABLE5(1.0),A,SEN,S14,S1,P31DC,_Z,_Z,_T,XDC,V,N,T0117,2023,12615459,,F,1,A,6,XOF
OECD.SDD.NAD:DSD_NAMAIN10@DF_TABLE5(1.0),A,CHL,S14,S1,P31DC,_Z,_Z,CP04,XDC,V,N,T0117,2022,25111058.682,,F,1,A,6,CLP
OECD.SDD.NAD:DSD_NAMAIN10@DF_TABLE5(1.0),A,CHL,S14,S1,P31DC,_Z,_Z,CP03,XDC,V,N,T0117,2022,7862623.744,,F,1,A,6,CLP
OECD.SDD.NAD:DSD_NAMAIN10@DF_TABLE5(1.0),A,CHL,S14,S1,P31DC,_Z,_Z,CP11,XDC,V,N,T0117,2022,9749756.943,,F,1,A,6,CLP
OECD.SDD.NAD:DSD_NAMAIN10@DF_TABLE5(1.0),A,CHL,S14,S1,P31DC,_Z,_Z,CP12,XDC,V,N,T0117,2022,18976479.491,,F,1,A,6,CLP
OECD.SDD.NAD:DSD_NAMAIN10@DF_TABLE5(1.0),A,CHL,S14,S1,P31DC,_Z,_Z,CP06,XDC,V,N,T0117,2022,13858321.152,,F,1,A,6,CLP
OECD.SDD.NAD:DSD_NAMAIN10@DF_TABLE5(1.0),A,CHL,S14,S1,P31DC,_Z,_Z,CP07,XDC,V,N,T0117,2022,20433709.981,,F,1,A,6,CLP
OECD.SDD.NAD:DSD_NAMAIN10@DF_TABLE5(1.0),A,CHL,S14,S1,P31DC,_Z,_Z,CP01,XDC,V,N,T0117,2022,33333873.113,,F,1,A,6,CLP
OECD.SDD.NAD:DSD_NAMAIN10@DF_TABLE5(1.0),A,CHL,S14,S1,P31DC,_Z,_Z,CP05,XDC,V,N,T0117,2022,10146297.109,,F,1,A,6,CLP
OECD.SDD.NAD:DSD_NAMAIN10@DF_TABLE5(1.0),A,CHL,S14,S1,P31DC,_Z,_Z,CP10,XDC,V,N,T0117,2022,5218562.451,,F,1,A,6,CLP
OECD.SDD.NAD:DSD_NAMAIN10@DF_TABLE5(1.0),A,CHL,S14,S1,P31DC,_Z,_Z,CP02,XDC,V,N,T0117,2022,5257812.897,,F,1,A,6,CLP
OECD.SDD.NAD:DSD_NAMAIN10@DF_TABLE5(1.0),A,CHL,S14,S1,P31DC,_Z,_Z,CP08,XDC,V,N,T0117,2022,5719170.033,,F,1,A,6,CLP
OECD.SDD.NAD:DSD_NAMAIN10@DF_TABLE5(1.0),A,CHL,S14,S1,P31DC,_Z,_Z,CP09,XDC,V,N,T0117,2022,10914227.834,,F,1,A,6,CLP
OECD.SDD.NAD:DSD_NAMAIN10@DF_TABLE5(1.0),A,CHL,S14,S1,P31DC,_Z,_Z,_T,XDC,V,N,T0117,2022,166581893.431,,F,1,A,6,CLP
OECD.SDD.NAD:DSD_NAMAIN10@DF_TABLE5(1.0),A,COL,S14,S1,P31DC,_Z,_Z,_T,XDC,V,N,T0117,2022,1069540000,,F,1,A,6,COP
OECD.SDD.NAD:DSD_NAMAIN10@DF_TABLE5(1.0),A,COL,S14,S1,P31DC,_Z,_Z,CP12,XDC,V,N,T0117,2022,107261000,,F,1,A,6,COP
OECD.SDD.NAD:DSD_NAMAIN10@DF_TABLE5(1.0),A,COL,S14,S1,P31DC,_Z,_Z,CP01,XDC,V,N,T0117,2022,243794000,,F,1,A,6,COP
OECD.SDD.NAD:DSD_NAMAIN10@DF_TABLE5(1.0),A,MEX,S14,S1,P31DC,_Z,_Z,CP044,XDC,V,N,T0117,2022,58438.764,,F,1,A,6,MXN
OECD.SDD.NAD:DSD_NAMAIN10@DF_TABLE5(1.0),A,MEX,S14,S1,P31DC,_Z,_Z,CP072,XDC,V,N,T0117,2022,2370011.525,,F,1,A,6,MXN
OECD.SDD.NAD:DSD_NAMAIN10@DF_TABLE5(1.0),A,MEX,S14,S1,P31DC,_Z,_Z,CP122_127,XDC,V,N,T0117,2022,1924668.971,,F,1,A,6,MXN
OECD.SDD.NAD:DSD_NAMAIN10@DF_TABLE5(1.0),A,MEX,S14,S1,P31DC,_Z,_Z,CP043,XDC,V,N,T0117,2022,197118.557,,F,1,A,6,MXN
OECD.SDD.NAD:DSD_NAMAIN10@DF_TABLE5(1.0),A,MEX,S14,S1,P31DC,_Z,_Z,CP055,XDC,V,N,T0117,2022,106366.712,,F,1,A,6,MXN
OECD.SDD.NAD:DSD_NAMAIN10@DF_TABLE5(1.0),A,MEX,S14,S1,P31DC,_Z,_Z,CP063,XDC,V,N,T0117,2022,118252.566,,F,1,A,6,MXN
OECD.SDD.NAD:DSD_NAMAIN10@DF_TABLE5(1.0),A,MEX,S14,S1,P31DC,_Z,_Z,CP101,XDC,V,N,T0117,2022,74070.593,,F,1,A,6,MXN
OECD.SDD.NAD:DSD_NAMAIN10@DF_TABLE5(1.0),A,MEX,S14,S1,P31DC,_Z,_Z,CP09,XDC,V,N,T0117,2022,1055134.5,,F,1,A,6,MXN
OECD.SDD.NAD:DSD_NAMAIN10@DF_TABLE5(1.0),A,MEX,S14,S1,P31DC,_Z,_Z,CP111,XDC,V,N,T0117,2022,629210.352,,F,1,A,6,MXN
OECD.SDD.NAD:DSD_NAMAIN10@DF_TABLE5(1.0),A,MEX,S14,S1,P31DC,_Z,_Z,CP041,XDC,V,N,T0117,2022,572765.525,,F,1,A,6,MXN
OECD.SDD.NAD:DSD_NAMAIN10@DF_TABLE5(1.0),A,MEX,S14,S1,P31DC,_Z,_Z,CP054,XDC,V,N,T0117,2022,134589.631,,F,1,A,6,MXN
OECD.SDD.NAD:DSD_NAMAIN10@DF_TABLE5(1.0),A,MEX,S14,S1,P31DC,_Z,_Z,CP071,XDC,V,N,T0117,2022,596410.531,,F,1,A,6,MXN
OECD.SDD.NAD:DSD_NAMAIN10@DF_TABLE5(1.0),A,MEX,S14,S1,P31DC,_Z,_Z,CP061,XDC,V,N,T0117,2022,341669.718,,F,1,A,6,MXN
OECD.SDD.NAD:DSD_NAMAIN10@DF_TABLE5(1.0),A,MEX,S14,S1,P31DC,_Z,_Z,CP012,XDC,V,N,T0117,2022,564103.641,,F,1,A,6,MXN
OECD.SDD.NAD:DSD_NAMAIN10@DF_TABLE5(1.0),A,MEX,S14,S1,P31DC,_Z,_Z,CP062,XDC,V,N,T0117,2022,157141.757,,F,1,A,6,MXN
OECD.SDD.NAD:DSD_NAMAIN10@DF_TABLE5(1.0),A,MEX,S14,S1,P31DC,_Z,_Z,CP053,XDC,V,N,T0117,2022,316451.859,,F,1,A,6,MXN
OECD.SDD.NAD:DSD_NAMAIN10@DF_TABLE5(1.0),A,MEX,S14,S1,P31DC,_Z,_Z,CP08,XDC,V,N,T0117,2022,467840.385,,F,1,A,6,MXN
OECD.SDD.NAD:DSD_NAMAIN10@DF_TABLE5(1.0),A,MEX,S14,S1,P31DC,_Z,_Z,CP05,XDC,V,N,T0117,2022,1323364.668,,F,1,A,6,MXN
OECD.SDD.NAD:DSD_NAMAIN10@DF_TABLE5(1.0),A,MEX,S14,S1,P31DC,_Z,_Z,CP052,XDC,V,N,T0117,2022,54561.907,,F,1,A,6,MXN
OECD.SDD.NAD:DSD_NAMAIN10@DF_TABLE5(1.0),A,MEX,S14,S1,P31DC,_Z,_Z,CP04,XDC,V,N,T0117,2022,3739061.211,,F,1,A,6,MXN
OECD.SDD.NAD:DSD_NAMAIN10@DF_TABLE5(1.0),A,MEX,S14,S1,P31DC,_Z,_Z,CP126,XDC,V,N,T0117,2022,1178861.558,,F,1,A,6,MXN
OECD.SDD.NAD:DSD_NAMAIN10@DF_TABLE5(1.0),A,MEX,S14,S1,P31DC,_Z,_Z,CP121,XDC,V,N,T0117,2022,211310.984,,F,1,A,6,MXN
OECD.SDD.NAD:DSD_NAMAIN10@DF_TABLE5(1.0),A,MEX,S14,S1,P31DC,_Z,_Z,CP093,XDC,V,N,T0117,2022,241821.618,,F,1,A,6,MXN
OECD.SDD.NAD:DSD_NAMAIN10@DF_TABLE5(1.0),A,MEX,S14,S1,P31DC,_Z,_Z,CP105,XDC,V,N,T0117,2022,2572.72,,F,1,A,6,MXN
OECD.SDD.NAD:DSD_NAMAIN10@DF_TABLE5(1.0),A,MEX,S14,S1,P31DC,_Z,_Z,CP032,XDC,V,N,T0117,2022,125501.152,,F,1,A,6,MXN
OECD.SDD.NAD:DSD_NAMAIN10@DF_TABLE5(1.0),A,MEX,S14,S1,P31DC,_Z,_Z,CP102,XDC,V,N,T0117,2022,83294.219,,F,1,A,6,MXN
OECD.SDD.NAD:DSD_NAMAIN10@DF_TABLE5(1.0),A,MEX,S14,S1,P31DC,_Z,_Z,CP091,XDC,V,N,T0117,2022,371699.549,,F,1,A,6,MXN
OECD.SDD.NAD:DSD_NAMAIN10@DF_TABLE5(1.0),A,MEX,S14,S1,P31DC,_Z,_Z,CP051,XDC,V,N,T0117,2022,176280.119,,F,1,A,6,MXN
OECD.SDD.NAD:DSD_NAMAIN10@DF_TABLE5(1.0),A,MEX,S14,S1,P31DC,_Z,_Z,CP01,XDC,V,N,T0117,2022,5418849.609,,F,1,A,6,MXN
OECD.SDD.NAD:DSD_NAMAIN10@DF_TABLE5(1.0),A,MEX,S14,S1,P31DC,_Z,_Z,CP125,XDC,V,N,T0117,2022,234208.864,,F,1,A,6,MXN
OECD.SDD.NAD:DSD_NAMAIN10@DF_TABLE5(1.0),A,MEX,S14,S1,P31DC,_Z,_Z,CP123,XDC,V,N,T0117,2022,204987.055,,F,1,A,6,MXN
OECD.SDD.NAD:DSD_NAMAIN10@DF_TABLE5(1.0),A,MEX,S14,S1,P31DC,_Z,_Z,CP056,XDC,V,N,T0117,2022,535114.44,,F,1,A,6,MXN
OECD.SDD.NAD:DSD_NAMAIN10@DF_TABLE5(1.0),A,MEX,S14,S1,P31DC,_Z,_Z,CP094,XDC,V,N,T0117,2022,349159.341,,F,1,A,6,MXN
OECD.SDD.NAD:DSD_NAMAIN10@DF_TABLE5(1.0),A,MEX,S14,S1,P31DC,_Z,_Z,CP07,XDC,V,N,T0117,2022,4136394.234,,F,1,A,6,MXN
OECD.SDD.NAD:DSD_NAMAIN10@DF_TABLE5(1.0),A,MEX,S14,S1,P31DC,_Z,_Z,CP10,XDC,V,N,T0117,2022,270559.067,,F,1,A,6,MXN
OECD.SDD.NAD:DSD_NAMAIN10@DF_TABLE5(1.0),A,MEX,S14,S1,P31DC,_Z,_Z,CP011,XDC,V,N,T0117,2022,4854745.968,,F,1,A,6,MXN
OECD.SDD.NAD:DSD_NAMAIN10@DF_TABLE5(1.0),A,MEX,S14,S1,P31DC,_Z,_Z,CP042,XDC,V,N,T0117,2022,1885142.012,,F,1,A,6,MXN
OECD.SDD.NAD:DSD_NAMAIN10@DF_TABLE5(1.0),A,MEX,S14,S1,P31DC,_Z,_Z,CP103,XDC,V,N,T0117,2022,968.584,,F,1,A,6,MXN
OECD.SDD.NAD:DSD_NAMAIN10@DF_TABLE5(1.0),A,MEX,S14,S1,P31DC,_Z,_Z,CP031,XDC,V,N,T0117,2022,331676.849,,F,1,A,6,MXN
OECD.SDD.NAD:DSD_NAMAIN10@DF_TABLE5(1.0),A,MEX,S14,S1,P31DC,_Z,_Z,CP095,XDC,V,N,T0117,2022,47386.144,,F,1,A,6,MXN
OECD.SDD.NAD:DSD_NAMAIN10@DF_TABLE5(1.0),A,MEX,S14,S1,P31DC,_Z,_Z,_T,XDC,V,N,T0117,2022,21267939.575,,F,1,A,6,MXN
OECD.SDD.NAD:DSD_NAMAIN10@DF_TABLE5(1.0),A,MEX,S14,S1,P31DC,_Z,_Z,CP127,XDC,V,N,T0117,2022,285092.079,,F,1,A,6,MXN
OECD.SDD.NAD:DSD_NAMAIN10@DF_TABLE5(1.0),A,MEX,S14,S1,P31DC,_Z,_Z,CP03,XDC,V,N,T0117,2022,457178.001,,F,1,A,6,MXN
OECD.SDD.NAD:DSD_NAMAIN10@DF_TABLE5(1.0),A,MEX,S14,S1,P31DC,_Z,_Z,CP022,XDC,V,N,T0117,2022,128657.17,,F,1,A,6,MXN
OECD.SDD.NAD:DSD_NAMAIN10@DF_TABLE5(1.0),A,MEX,S14,S1,P31DC,_Z,_Z,CP082,XDC,V,N,T0117,2022,287.685,,F,1,A,6,MXN
OECD.SDD.NAD:DSD_NAMAIN10@DF_TABLE5(1.0),A,MEX,S14,S1,P31DC,_Z,_Z,CP083,XDC,V,N,T0117,2022,420893.849,,F,1,A,6,MXN
OECD.SDD.NAD:DSD_NAMAIN10@DF_TABLE5(1.0),A,MEX,S14,S1,P31DC,_Z,_Z,CP02,XDC,V,N,T0117,2022,480443.727,,F,1,A,6,MXN
OECD.SDD.NAD:DSD_NAMAIN10@DF_TABLE5(1.0),A,MEX,S14,S1,P31DC,_Z,_Z,CP06,XDC,V,N,T0117,2022,617064.041,,F,1,A,6,MXN
OECD.SDD.NAD:DSD_NAMAIN10@DF_TABLE5(1.0),A,MEX,S14,S1,P31DC,_Z,_Z,CP073,XDC,V,N,T0117,2022,1169972.178,,F,1,A,6,MXN
OECD.SDD.NAD:DSD_NAMAIN10@DF_TABLE5(1.0),A,MEX,S14,S1,P31DC,_Z,_Z,CP045,XDC,V,N,T0117,2022,1025596.353,,F,1,A,6,MXN
OECD.SDD.NAD:DSD_NAMAIN10@DF_TABLE5(1.0),A,MEX,S14,S1,P31DC,_Z,_Z,CP124,XDC,V,N,T0117,2022,21519.415,,F,1,A,6,MXN
OECD.SDD.NAD:DSD_NAMAIN10@DF_TABLE5(1.0),A,MEX,S14,S1,P31DC,_Z,_Z,CP092,XDC,V,N,T0117,2022,15942.494,,F,1,A,6,MXN
OECD.SDD.NAD:DSD_NAMAIN10@DF_TABLE5(1.0),A,MEX,S14,S1,P31DC,_Z,_Z,CP081,XDC,V,N,T0117,2022,46658.851,,F,1,A,6,MXN
OECD.SDD.NAD:DSD_NAMAIN10@DF_TABLE5(1.0),A,MEX,S14,S1,P31DC,_Z,_Z,CP12,XDC,V,N,T0117,2022,2135979.955,,F,1,A,6,MXN
OECD.SDD.NAD:DSD_NAMAIN10@DF_TABLE5(1.0),A,MEX,S14,S1,P31DC,_Z,_Z,CP112,XDC,V,N,T0117,2022,536859.825,,F,1,A,6,MXN
OECD.SDD.NAD:DSD_NAMAIN10@DF_TABLE5(1.0),A,MEX,S14,S1,P31DC,_Z,_Z,CP096,XDC,V,N,T0117,2022,29125.354,,F,1,A,6,MXN
OECD.SDD.NAD:DSD_NAMAIN10@DF_TABLE5(1.0),A,MEX,S14,S1,P31DC,_Z,_Z,CP021,XDC,V,N,T0117,2022,351786.557,,F,1,A,6,MXN
OECD.SDD.NAD:DSD_NAMAIN10@DF_TABLE5(1.0),A,MEX,S14,S1,P31DC,_Z,_Z,CP11,XDC,V,N,T0117,2022,1166070.177,,F,1,A,6,MXN
OECD.SDD.NAD:DSD_NAMAIN10@DF_TABLE5(1.0),A,MEX,S14,S1,P31DC,_Z,_Z,CP104,XDC,V,N,T0117,2022,109652.951,,F,1,A,6,MXN
OECD.SDD.NAD:DSD_NAMAIN10@DF_TABLE5(1.0),A,CHE,S14,S1,P31DC,_Z,_Z,_T,XDC,V,N,T0117,2022,373625.816,,F,1,A,6,CHF
OECD.SDD.NAD:DSD_NAMAIN10@DF_TABLE5(1.0),A,CMR,S14,S1,P31DC,_Z,_Z,_T,XDC,V,N,T0117,2022,19754344,,F,1,A,6,XAF
OECD.SDD.NAD:DSD_NAMAIN10@DF_TABLE5(1.0),A,HKG,S14,S1,P31DC,_Z,_Z,_T,XDC,V,N,T0117,2022,1851904,,F,1,A,6,HKD
OECD.SDD.NAD:DSD_NAMAIN10@DF_TABLE5(1.0),A,ROU,S14,S1,P31DC,_Z,_Z,_T,XDC,V,N,T0117,2022,851085.3,,F,1,A,6,RON
OECD.SDD.NAD:DSD_NAMAIN10@DF_TABLE5(1.0),A,SEN,S14,S1,P31DC,_Z,_Z,_T,XDC,V,N,T0117,2022,11459228,,F,1,A,6,XOF
OECD.SDD.NAD:DSD_NAMAIN10@DF_TABLE5(1.0),A,GBR,S14,S1,P31DC,_Z,_Z,_T,XDC,V,N,T0117,2021,1325795,,F,1,A,6,GBP
OECD.SDD.NAD:DSD_NAMAIN10@DF_TABLE5(1.0),A,GBR,S14,S1,P31DC,_Z,_Z,_T,XDC,V,N,T0117,2022,1538000,,F,1,A,6,GBP
OECD.SDD.NAD:DSD_NAMAIN10@DF_TABLE5(1.0),A,GBR,S14,S1,P31DC,_Z,_Z,_T,XDC,V,N,T0117,2023,1630297,,F,1,A,6,GBP
OECD.SDD.NAD:DSD_NAMAIN10@DF_TABLE5(1.0),A,GBR,S14,S1,P31DC,_Z,_Z,CP101,XDC,V,N,T0117,2023,4079,,F,1,A,6,GBP
OECD.SDD.NAD:DSD_NAMAIN10@DF_TABLE5(1.0),A,NZL,S14,S1,P31DC,_Z,_Z,CP08,XDC,V,N,T0117,2021,4002,,F,1,A,6,NZD
OECD.SDD.NAD:DSD_NAMAIN10@DF_TABLE5(1.0),A,NZL,S14,S1,P31DC,_Z,_Z,CP02,XDC,V,N,T0117,2021,9784,,F,1,A,6,NZD
OECD.SDD.NAD:DSD_NAMAIN10@DF_TABLE5(1.0),A,NZL,S14,S1,P31DC,_Z,_Z,CP12,XDC,V,N,T0117,2021,21130,,F,1,A,6,NZD
OECD.SDD.NAD:DSD_NAMAIN10@DF_TABLE5(1.0),A,NZL,S14,S1,P31DC,_Z,_Z,CP11,XDC,V,N,T0117,2021,13942,,F,1,A,6,NZD
OECD.SDD.NAD:DSD_NAMAIN10@DF_TABLE5(1.0),A,NZL,S14,S1,P31DC,_Z,_Z,_T,XDC,V,N,T0117,2021,204371.951,,F,1,A,6,NZD
OECD.SDD.NAD:DSD_NAMAIN10@DF_TABLE5(1.0),A,NZL,S14,S1,P31DC,_Z,_Z,CP09,XDC,V,N,T0117,2021,19270,,F,1,A,6,NZD
OECD.SDD.NAD:DSD_NAMAIN10@DF_TABLE5(1.0),A,NZL,S14,S1,P31DC,_Z,_Z,CP05,XDC,V,N,T0117,2021,12481,,F,1,A,6,NZD
OECD.SDD.NAD:DSD_NAMAIN10@DF_TABLE5(1.0),A,NZL,S14,S1,P31DC,_Z,_Z,CP03,XDC,V,N,T0117,2021,7970,,F,1,A,6,NZD
OECD.SDD.NAD:DSD_NAMAIN10@DF_TABLE5(1.0),A,NZL,S14,S1,P31DC,_Z,_Z,CP01,XDC,V,N,T0117,2021,26303,,F,1,A,6,NZD
OECD.SDD.NAD:DSD_NAMAIN10@DF_TABLE5(1.0),A,NZL,S14,S1,P31DC,_Z,_Z,CP10,XDC,V,N,T0117,2021,3075,,F,1,A,6,NZD
OECD.SDD.NAD:DSD_NAMAIN10@DF_TABLE5(1.0),A,NZL,S14,S1,P31DC,_Z,_Z,CP06,XDC,V,N,T0117,2021,5807,,F,1,A,6,NZD
OECD.SDD.NAD:DSD_NAMAIN10@DF_TABLE5(1.0),A,NZL,S14,S1,P31DC,_Z,_Z,CP07,XDC,V,N,T0117,2021,22381,,F,1,A,6,NZD
OECD.SDD.NAD:DSD_NAMAIN10@DF_TABLE5(1.0),A,NZL,S14,S1,P31DC,_Z,_Z,CP04,XDC,V,N,T0117,2021,53614,,F,1,A,6,NZD
OECD.SDD.NAD:DSD_NAMAIN10@DF_TABLE5(1.0),A,NZL,S14,S1,P31DC,_Z,_Z,CP06,XDC,V,N,T0117,2022,6374,,F,1,A,6,NZD
OECD.SDD.NAD:DSD_NAMAIN10@DF_TABLE5(1.0),A,NZL,S14,S1,P31DC,_Z,_Z,CP04,XDC,V,N,T0117,2022,57530,,F,1,A,6,NZD
OECD.SDD.NAD:DSD_NAMAIN10@DF_TABLE5(1.0),A,NZL,S14,S1,P31DC,_Z,_Z,CP07,XDC,V,N,T0117,2022,27894,,F,1,A,6,NZD
OECD.SDD.NAD:DSD_NAMAIN10@DF_TABLE5(1.0),A,NZL,S14,S1,P31DC,_Z,_Z,CP03,XDC,V,N,T0117,2022,8760,,F,1,A,6,NZD
OECD.SDD.NAD:DSD_NAMAIN10@DF_TABLE5(1.0),A,NZL,S14,S1,P31DC,_Z,_Z,CP01,XDC,V,N,T0117,2022,28113,,F,1,A,6,NZD
OECD.SDD.NAD:DSD_NAMAIN10@DF_TABLE5(1.0),A,NZL,S14,S1,P31DC,_Z,_Z,CP10,XDC,V,N,T0117,2022,3136,,F,1,A,6,NZD
OECD.SDD.NAD:DSD_NAMAIN10@DF_TABLE5(1.0),A,NZL,S14,S1,P31DC,_Z,_Z,CP12,XDC,V,N,T0117,2022,23633,,F,1,A,6,NZD
OECD.SDD.NAD:DSD_NAMAIN10@DF_TABLE5(1.0),A,NZL,S14,S1,P31DC,_Z,_Z,CP11,XDC,V,N,T0117,2022,15950,,F,1,A,6,NZD
OECD.SDD.NAD:DSD_NAMAIN10@DF_TABLE5(1.0),A,NZL,S14,S1,P31DC,_Z,_Z,CP08,XDC,V,N,T0117,2022,4081,,F,1,A,6,NZD
OECD.SDD.NAD:DSD_NAMAIN10@DF_TABLE5(1.0),A,NZL,S14,S1,P31DC,_Z,_Z,CP02,XDC,V,N,T0117,2022,10456,,F,1,A,6,NZD
OECD.SDD.NAD:DSD_NAMAIN10@DF_TABLE5(1.0),A,NZL,S14,S1,P31DC,_Z,_Z,_T,XDC,V,N,T0117,2022,226152.98,,F,1,A,6,NZD
OECD.SDD.NAD:DSD_NAMAIN10@DF_TABLE5(1.0),A,NZL,S14,S1,P31DC,_Z,_Z,CP09,XDC,V,N,T0117,2022,21051,,F,1,A,6,NZD
OECD.SDD.NAD:DSD_NAMAIN10@DF_TABLE5(1.0),A,NZL,S14,S1,P31DC,_Z,_Z,CP05,XDC,V,N,T0117,2022,12763,,F,1,A,6,NZD
OECD.SDD.NAD:DSD_NAMAIN10@DF_TABLE5(1.0),A,NZL,S14,S1,P31DC,_Z,_Z,CP07,XDC,V,N,T0117,2023,30660,,F,1,A,6,NZD
OECD.SDD.NAD:DSD_NAMAIN10@DF_TABLE5(1.0),A,NZL,S14,S1,P31DC,_Z,_Z,CP04,XDC,V,N,T0117,2023,61860,,F,1,A,6,NZD
OECD.SDD.NAD:DSD_NAMAIN10@DF_TABLE5(1.0),A,NZL,S14,S1,P31DC,_Z,_Z,CP06,XDC,V,N,T0117,2023,6869,,F,1,A,6,NZD
OECD.SDD.NAD:DSD_NAMAIN10@DF_TABLE5(1.0),A,NZL,S14,S1,P31DC,_Z,_Z,CP09,XDC,V,N,T0117,2023,21517,,F,1,A,6,NZD
OECD.SDD.NAD:DSD_NAMAIN10@DF_TABLE5(1.0),A,NZL,S14,S1,P31DC,_Z,_Z,_T,XDC,V,N,T0117,2023,242868.323,,F,1,A,6,NZD
OECD.SDD.NAD:DSD_NAMAIN10@DF_TABLE5(1.0),A,NZL,S14,S1,P31DC,_Z,_Z,CP05,XDC,V,N,T0117,2023,12324,,F,1,A,6,NZD
OECD.SDD.NAD:DSD_NAMAIN10@DF_TABLE5(1.0),A,NZL,S14,S1,P31DC,_Z,_Z,CP11,XDC,V,N,T0117,2023,16291,,F,1,A,6,NZD
OECD.SDD.NAD:DSD_NAMAIN10@DF_TABLE5(1.0),A,NZL,S14,S1,P31DC,_Z,_Z,CP12,XDC,V,N,T0117,2023,26106,,F,1,A,6,NZD
OECD.SDD.NAD:DSD_NAMAIN10@DF_TABLE5(1.0),A,NZL,S14,S1,P31DC,_Z,_Z,CP08,XDC,V,N,T0117,2023,4149,,F,1,A,6,NZD
OECD.SDD.NAD:DSD_NAMAIN10@DF_TABLE5(1.0),A,NZL,S14,S1,P31DC,_Z,_Z,CP02,XDC,V,N,T0117,2023,10598,,F,1,A,6,NZD
OECD.SDD.NAD:DSD_NAMAIN10@DF_TABLE5(1.0),A,NZL,S14,S1,P31DC,_Z,_Z,CP03,XDC,V,N,T0117,2023,8537,,F,1,A,6,NZD
OECD.SDD.NAD:DSD_NAMAIN10@DF_TABLE5(1.0),A,NZL,S14,S1,P31DC,_Z,_Z,CP01,XDC,V,N,T0117,2023,29798,,F,1,A,6,NZD
OECD.SDD.NAD:DSD_NAMAIN10@DF_TABLE5(1.0),A,NZL,S14,S1,P31DC,_Z,_Z,CP10,XDC,V,N,T0117,2023,3421,,F,1,A,6,NZD
OECD.SDD.NAD:DSD_NAMAIN10@DF_TABLE5(1.0),A,CAN,S14,S1,P31DC,_Z,_Z,CP03,XDC,V,N,T0117,2022,58475,,F,1,A,6,CAD
OECD.SDD.NAD:DSD_NAMAIN10@DF_TABLE5(1.0),A,CAN,S14,S1,P31DC,_Z,_Z,CP083,XDC,V,N,T0117,2022,38433,,F,1,A,6,CAD
OECD.SDD.NAD:DSD_NAMAIN10@DF_TABLE5(1.0),A,CAN,S14,S1,P31DC,_Z,_Z,CP055,XDC,V,N,T0117,2022,9518,,F,1,A,6,CAD
OECD.SDD.NAD:DSD_NAMAIN10@DF_TABLE5(1.0),A,CAN,S14,S1,P31DC,_Z,_Z,CP072,XDC,V,N,T0117,2022,107072,,F,1,A,6,CAD
OECD.SDD.NAD:DSD_NAMAIN10@DF_TABLE5(1.0),A,CAN,S14,S1,P31DC,_Z,_Z,CP125,XDC,V,N,T0117,2022,33327,,F,1,A,6,CAD
OECD.SDD.NAD:DSD_NAMAIN10@DF_TABLE5(1.0),A,CAN,S14,S1,P31DC,_Z,_Z,_T,XDC,V,N,T0117,2022,1519559,,F,1,A,6,CAD
OECD.SDD.NAD:DSD_NAMAIN10@DF_TABLE5(1.0),A,CAN,S14,S1,P31DC,_Z,_Z,CP073,XDC,V,N,T0117,2022,28413,,F,1,A,6,CAD
OECD.SDD.NAD:DSD_NAMAIN10@DF_TABLE5(1.0),A,CAN,S14,S1,P31DC,_Z,_Z,CP041,XDC,V,N,T0117,2022,81506,,F,1,A,6,CAD
OECD.SDD.NAD:DSD_NAMAIN10@DF_TABLE5(1.0),A,CAN,S14,S1,P31DC,_Z,_Z,CP012,XDC,V,N,T0117,2022,15592,,F,1,A,6,CAD
OECD.SDD.NAD:DSD_NAMAIN10@DF_TABLE5(1.0),A,CAN,S14,S1,P31DC,_Z,_Z,CP06,XDC,V,N,T0117,2022,68889,,F,1,A,6,CAD
OECD.SDD.NAD:DSD_NAMAIN10@DF_TABLE5(1.0),A,CAN,S14,S1,P31DC,_Z,_Z,CP094,XDC,V,N,T0117,2022,50784,,F,1,A,6,CAD
OECD.SDD.NAD:DSD_NAMAIN10@DF_TABLE5(1.0),A,CAN,S14,S1,P31DC,_Z,_Z,CP07,XDC,V,N,T0117,2022,226945,,F,1,A,6,CAD
OECD.SDD.NAD:DSD_NAMAIN10@DF_TABLE5(1.0),A,CAN,S14,S1,P31DC,_Z,_Z,CP105,XDC,V,N,T0117,2022,13403,,F,1,A,6,CAD
OECD.SDD.NAD:DSD_NAMAIN10@DF_TABLE5(1.0),A,CAN,S14,S1,P31DC,_Z,_Z,CP123,XDC,V,N,T0117,2022,11009,,F,1,A,6,CAD
OECD.SDD.NAD:DSD_NAMAIN10@DF_TABLE5(1.0),A,CAN,S14,S1,P31DC,_Z,_Z,CP031,XDC,V,N,T0117,2022,49202,,F,1,A,6,CAD
OECD.SDD.NAD:DSD_NAMAIN10@DF_TABLE5(1.0),A,CAN,S14,S1,P31DC,_Z,_Z,CP063,XDC,V,N,T0117,2022,3506,,F,1,A,6,CAD
OECD.SDD.NAD:DSD_NAMAIN10@DF_TABLE5(1.0),A,CAN,S14,S1,P31DC,_Z,_Z,CP011,XDC,V,N,T0117,2022,127787,,F,1,A,6,CAD
OECD.SDD.NAD:DSD_NAMAIN10@DF_TABLE5(1.0),A,CAN,S14,S1,P31DC,_Z,_Z,CP126,XDC,V,N,T0117,2022,101132,,F,1,A,6,CAD
OECD.SDD.NAD:DSD_NAMAIN10@DF_TABLE5(1.0),A,CAN,S14,S1,P31DC,_Z,_Z,CP04,XDC,V,N,T0117,2022,368812,,F,1,A,6,CAD
OECD.SDD.NAD:DSD_NAMAIN10@DF_TABLE5(1.0),A,CAN,S14,S1,P31DC,_Z,_Z,CP05,XDC,V,N,T0117,2022,86701,,F,1,A,6,CAD
OECD.SDD.NAD:DSD_NAMAIN10@DF_TABLE5(1.0),A,CAN,S14,S1,P31DC,_Z,_Z,CP093,XDC,V,N,T0117,2022,36639,,F,1,A,6,CAD
OECD.SDD.NAD:DSD_NAMAIN10@DF_TABLE5(1.0),A,CAN,S14,S1,P31DC,_Z,_Z,CP111,XDC,V,N,T0117,2022,89820,,F,1,A,6,CAD
OECD.SDD.NAD:DSD_NAMAIN10@DF_TABLE5(1.0),A,CAN,S14,S1,P31DC,_Z,_Z,CP11,XDC,V,N,T0117,2022,106879,,F,1,A,6,CAD
OECD.SDD.NAD:DSD_NAMAIN10@DF_TABLE5(1.0),A,CAN,S14,S1,P31DC,_Z,_Z,CP091,XDC,V,N,T0117,2022,15746,,F,1,A,6,CAD
OECD.SDD.NAD:DSD_NAMAIN10@DF_TABLE5(1.0),A,CAN,S14,S1,P31DC,_Z,_Z,CP022,XDC,V,N,T0117,2022,18944,,F,1,A,6,CAD
OECD.SDD.NAD:DSD_NAMAIN10@DF_TABLE5(1.0),A,CAN,S14,S1,P31DC,_Z,_Z,CP071,XDC,V,N,T0117,2022,91460,,F,1,A,6,CAD
OECD.SDD.NAD:DSD_NAMAIN10@DF_TABLE5(1.0),A,CAN,S14,S1,P31DC,_Z,_Z,CP032,XDC,V,N,T0117,2022,9273,,F,1,A,6,CAD
OECD.SDD.NAD:DSD_NAMAIN10@DF_TABLE5(1.0),A,CAN,S14,S1,P31DC,_Z,_Z,CP112,XDC,V,N,T0117,2022,17059,,F,1,A,6,CAD
OECD.SDD.NAD:DSD_NAMAIN10@DF_TABLE5(1.0),A,CAN,S14,S1,P31DC,_Z,_Z,CP08,XDC,V,N,T0117,2022,42299,,F,1,A,6,CAD
OECD.SDD.NAD:DSD_NAMAIN10@DF_TABLE5(1.0),A,CAN,S14,S1,P31DC,_Z,_Z,CP02,XDC,V,N,T0117,2022,54391,,F,1,A,6,CAD
OECD.SDD.NAD:DSD_NAMAIN10@DF_TABLE5(1.0),A,CAN,S14,S1,P31DC,_Z,_Z,CP124,XDC,V,N,T0117,2022,19308,,F,1,A,6,CAD
OECD.SDD.NAD:DSD_NAMAIN10@DF_TABLE5(1.0),A,CAN,S14,S1,P31DC,_Z,_Z,CP042,XDC,V,N,T0117,2022,235938,,F,1,A,6,CAD
OECD.SDD.NAD:DSD_NAMAIN10@DF_TABLE5(1.0),A,CAN,S14,S1,P31DC,_Z,_Z,CP127,XDC,V,N,T0117,2022,15147,,F,1,A,6,CAD
OECD.SDD.NAD:DSD_NAMAIN10@DF_TABLE5(1.0),A,CAN,S14,S1,P31DC,_Z,_Z,CP062,XDC,V,N,T0117,2022,30100,,F,1,A,6,CAD
OECD.SDD.NAD:DSD_NAMAIN10@DF_TABLE5(1.0),A,CAN,S14,S1,P31DC,_Z,_Z,CP051,XDC,V,N,T0117,2022,26482,,F,1,A,6,CAD
OECD.SDD.NAD:DSD_NAMAIN10@DF_TABLE5(1.0),A,CAN,S14,S1,P31DC,_Z,_Z,CP121,XDC,V,N,T0117,2022,33775,,F,1,A,6,CAD
OECD.SDD.NAD:DSD_NAMAIN10@DF_TABLE5(1.0),A,CAN,S14,S1,P31DC,_Z,_Z,CP09,XDC,V,N,T0117,2022,122006,,F,1,A,6,CAD
OECD.SDD.NAD:DSD_NAMAIN10@DF_TABLE5(1.0),A,CAN,S14,S1,P31DC,_Z,_Z,CP054,XDC,V,N,T0117,2022,8687,,F,1,A,6,CAD
OECD.SDD.NAD:DSD_NAMAIN10@DF_TABLE5(1.0),A,CAN,S14,S1,P31DC,_Z,_Z,CP056,XDC,V,N,T0117,2022,23637,,F,1,A,6,CAD
OECD.SDD.NAD:DSD_NAMAIN10@DF_TABLE5(1.0),A,CAN,S14,S1,P31DC,_Z,_Z,CP061,XDC,V,N,T0117,2022,35283,,F,1,A,6,CAD
OECD.SDD.NAD:DSD_NAMAIN10@DF_TABLE5(1.0),A,CAN,S14,S1,P31DC,_Z,_Z,CP12,XDC,V,N,T0117,2022,213698,,F,1,A,6,CAD
OECD.SDD.NAD:DSD_NAMAIN10@DF_TABLE5(1.0),A,CAN,S14,S1,P31DC,_Z,_Z,CP052,XDC,V,N,T0117,2022,4271,,F,1,A,6,CAD
OECD.SDD.NAD:DSD_NAMAIN10@DF_TABLE5(1.0),A,CAN,S14,S1,P31DC,_Z,_Z,CP01,XDC,V,N,T0117,2022,143379,,F,1,A,6,CAD
OECD.SDD.NAD:DSD_NAMAIN10@DF_TABLE5(1.0),A,CAN,S14,S1,P31DC,_Z,_Z,CP10,XDC,V,N,T0117,2022,27085,,F,1,A,6,CAD
OECD.SDD.NAD:DSD_NAMAIN10@DF_TABLE5(1.0),A,CAN,S14,S1,P31DC,_Z,_Z,CP044,XDC,V,N,T0117,2023,11563,,F,1,A,6,CAD
OECD.SDD.NAD:DSD_NAMAIN10@DF_TABLE5(1.0),A,CAN,S14,S1,P31DC,_Z,_Z,CP111,XDC,V,N,T0117,2023,99661,,F,1,A,6,CAD
OECD.SDD.NAD:DSD_NAMAIN10@DF_TABLE5(1.0),A,CAN,S14,S1,P31DC,_Z,_Z,CP095,XDC,V,N,T0117,2023,7242,,F,1,A,6,CAD
OECD.SDD.NAD:DSD_NAMAIN10@DF_TABLE5(1.0),A,CAN,S14,S1,P31DC,_Z,_Z,CP093,XDC,V,N,T0117,2023,38330,,F,1,A,6,CAD
OECD.SDD.NAD:DSD_NAMAIN10@DF_TABLE5(1.0),A,CAN,S14,S1,P31DC,_Z,_Z,CP04,XDC,V,N,T0117,2023,396294,,F,1,A,6,CAD
OECD.SDD.NAD:DSD_NAMAIN10@DF_TABLE5(1.0),A,CAN,S14,S1,P31DC,_Z,_Z,CP05,XDC,V,N,T0117,2023,84525,,F,1,A,6,CAD
OECD.SDD.NAD:DSD_NAMAIN10@DF_TABLE5(1.0),A,CAN,S14,S1,P31DC,_Z,_Z,CP021,XDC,V,N,T0117,2023,27453,,F,1,A,6,CAD
OECD.SDD.NAD:DSD_NAMAIN10@DF_TABLE5(1.0),A,CAN,S14,S1,P31DC,_Z,_Z,CP126,XDC,V,N,T0117,2023,101851,,F,1,A,6,CAD
OECD.SDD.NAD:DSD_NAMAIN10@DF_TABLE5(1.0),A,CAN,S14,S1,P31DC,_Z,_Z,CP031,XDC,V,N,T0117,2023,49997,,F,1,A,6,CAD
OECD.SDD.NAD:DSD_NAMAIN10@DF_TABLE5(1.0),A,CAN,S14,S1,P31DC,_Z,_Z,CP063,XDC,V,N,T0117,2023,3652,,F,1,A,6,CAD
OECD.SDD.NAD:DSD_NAMAIN10@DF_TABLE5(1.0),A,CAN,S14,S1,P31DC,_Z,_Z,CP011,XDC,V,N,T0117,2023,138395,,F,1,A,6,CAD
OECD.SDD.NAD:DSD_NAMAIN10@DF_TABLE5(1.0),A,CAN,S14,S1,P31DC,_Z,_Z,CP123,XDC,V,N,T0117,2023,10511,,F,1,A,6,CAD
OECD.SDD.NAD:DSD_NAMAIN10@DF_TABLE5(1.0),A,CAN,S14,S1,P31DC,_Z,_Z,CP012,XDC,V,N,T0117,2023,16499,,F,1,A,6,CAD
OECD.SDD.NAD:DSD_NAMAIN10@DF_TABLE5(1.0),A,CAN,S14,S1,P31DC,_Z,_Z,CP041,XDC,V,N,T0117,2023,89568,,F,1,A,6,CAD
OECD.SDD.NAD:DSD_NAMAIN10@DF_TABLE5(1.0),A,CAN,S14,S1,P31DC,_Z,_Z,CP06,XDC,V,N,T0117,2023,74465,,F,1,A,6,CAD
OECD.SDD.NAD:DSD_NAMAIN10@DF_TABLE5(1.0),A,CAN,S14,S1,P31DC,_Z,_Z,CP094,XDC,V,N,T0117,2023,55800,,F,1,A,6,CAD
OECD.SDD.NAD:DSD_NAMAIN10@DF_TABLE5(1.0),A,CAN,S14,S1,P31DC,_Z,_Z,CP07,XDC,V,N,T0117,2023,249000,,F,1,A,6,CAD
OECD.SDD.NAD:DSD_NAMAIN10@DF_TABLE5(1.0),A,CAN,S14,S1,P31DC,_Z,_Z,CP105,XDC,V,N,T0117,2023,15501,,F,1,A,6,CAD
OECD.SDD.NAD:DSD_NAMAIN10@DF_TABLE5(1.0),A,CAN,S14,S1,P31DC,_Z,_Z,CP053,XDC,V,N,T0117,2023,12794,,F,1,A,6,CAD
OECD.SDD.NAD:DSD_NAMAIN10@DF_TABLE5(1.0),A,CAN,S14,S1,P31DC,_Z,_Z,CP104,XDC,V,N,T0117,2023,14402,,F,1,A,6,CAD
OECD.SDD.NAD:DSD_NAMAIN10@DF_TABLE5(1.0),A,CAN,S14,S1,P31DC,_Z,_Z,CP03,XDC,V,N,T0117,2023,59681,,F,1,A,6,CAD
OECD.SDD.NAD:DSD_NAMAIN10@DF_TABLE5(1.0),A,CAN,S14,S1,P31DC,_Z,_Z,CP083,XDC,V,N,T0117,2023,40320,,F,1,A,6,CAD
OECD.SDD.NAD:DSD_NAMAIN10@DF_TABLE5(1.0),A,CAN,S14,S1,P31DC,_Z,_Z,CP055,XDC,V,N,T0117,2023,8712,,F,1,A,6,CAD
OECD.SDD.NAD:DSD_NAMAIN10@DF_TABLE5(1.0),A,CAN,S14,S1,P31DC,_Z,_Z,CP072,XDC,V,N,T0117,2023,105424,,F,1,A,6,CAD
OECD.SDD.NAD:DSD_NAMAIN10@DF_TABLE5(1.0),A,CAN,S14,S1,P31DC,_Z,_Z,CP125,XDC,V,N,T0117,2023,34520,,F,1,A,6,CAD
OECD.SDD.NAD:DSD_NAMAIN10@DF_TABLE5(1.0),A,CAN,S14,S1,P31DC,_Z,_Z,_T,XDC,V,N,T0117,2023,1615602,,F,1,A,6,CAD
OECD.SDD.NAD:DSD_NAMAIN10@DF_TABLE5(1.0),A,CAN,S14,S1,P31DC,_Z,_Z,CP073,XDC,V,N,T0117,2023,37391,,F,1,A,6,CAD
OECD.SDD.NAD:DSD_NAMAIN10@DF_TABLE5(1.0),A,CAN,S14,S1,P31DC,_Z,_Z,CP092,XDC,V,N,T0117,2023,10391,,F,1,A,6,CAD
OECD.SDD.NAD:DSD_NAMAIN10@DF_TABLE5(1.0),A,CAN,S14,S1,P31DC,_Z,_Z,CP043,XDC,V,N,T0117,2023,4680,,F,1,A,6,CAD
OECD.SDD.NAD:DSD_NAMAIN10@DF_TABLE5(1.0),A,CAN,S14,S1,P31DC,_Z,_Z,CP10,XDC,V,N,T0117,2023,29903,,F,1,A,6,CAD
OECD.SDD.NAD:DSD_NAMAIN10@DF_TABLE5(1.0),A,CAN,S14,S1,P31DC,_Z,_Z,CP01,XDC,V,N,T0117,2023,154894,,F,1,A,6,CAD
OECD.SDD.NAD:DSD_NAMAIN10@DF_TABLE5(1.0),A,CAN,S14,S1,P31DC,_Z,_Z,CP052,XDC,V,N,T0117,2023,4275,,F,1,A,6,CAD
OECD.SDD.NAD:DSD_NAMAIN10@DF_TABLE5(1.0),A,CAN,S14,S1,P31DC,_Z,_Z,CP045,XDC,V,N,T0117,2023,34611,,F,1,A,6,CAD
OECD.SDD.NAD:DSD_NAMAIN10@DF_TABLE5(1.0),A,CAN,S14,S1,P31DC,_Z,_Z,CP09,XDC,V,N,T0117,2023,127934,,F,1,A,6,CAD
OECD.SDD.NAD:DSD_NAMAIN10@DF_TABLE5(1.0),A,CAN,S14,S1,P31DC,_Z,_Z,CP054,XDC,V,N,T0117,2023,9464,,F,1,A,6,CAD
OECD.SDD.NAD:DSD_NAMAIN10@DF_TABLE5(1.0),A,CAN,S14,S1,P31DC,_Z,_Z,CP056,XDC,V,N,T0117,2023,24745,,F,1,A,6,CAD
OECD.SDD.NAD:DSD_NAMAIN10@DF_TABLE5(1.0),A,CAN,S14,S1,P31DC,_Z,_Z,CP061,XDC,V,N,T0117,2023,37958,,F,1,A,6,CAD
OECD.SDD.NAD:DSD_NAMAIN10@DF_TABLE5(1.0),A,CAN,S14,S1,P31DC,_Z,_Z,CP12,XDC,V,N,T0117,2023,219947,,F,1,A,6,CAD
OECD.SDD.NAD:DSD_NAMAIN10@DF_TABLE5(1.0),A,CAN,S14,S1,P31DC,_Z,_Z,CP051,XDC,V,N,T0117,2023,24535,,F,1,A,6,CAD
OECD.SDD.NAD:DSD_NAMAIN10@DF_TABLE5(1.0),A,CAN,S14,S1,P31DC,_Z,_Z,CP121,XDC,V,N,T0117,2023,37542,,F,1,A,6,CAD
OECD.SDD.NAD:DSD_NAMAIN10@DF_TABLE5(1.0),A,CAN,S14,S1,P31DC,_Z,_Z,CP062,XDC,V,N,T0117,2023,32855,,F,1,A,6,CAD
OECD.SDD.NAD:DSD_NAMAIN10@DF_TABLE5(1.0),A,CAN,S14,S1,P31DC,_Z,_Z,CP127,XDC,V,N,T0117,2023,16021,,F,1,A,6,CAD
OECD.SDD.NAD:DSD_NAMAIN10@DF_TABLE5(1.0),A,CAN,S14,S1,P31DC,_Z,_Z,CP082,XDC,V,N,T0117,2023,1798,,F,1,A,6,CAD
OECD.SDD.NAD:DSD_NAMAIN10@DF_TABLE5(1.0),A,CAN,S14,S1,P31DC,_Z,_Z,CP02,XDC,V,N,T0117,2023,55123,,F,1,A,6,CAD
OECD.SDD.NAD:DSD_NAMAIN10@DF_TABLE5(1.0),A,CAN,S14,S1,P31DC,_Z,_Z,CP124,XDC,V,N,T0117,2023,19502,,F,1,A,6,CAD
OECD.SDD.NAD:DSD_NAMAIN10@DF_TABLE5(1.0),A,CAN,S14,S1,P31DC,_Z,_Z,CP042,XDC,V,N,T0117,2023,255872,,F,1,A,6,CAD
OECD.SDD.NAD:DSD_NAMAIN10@DF_TABLE5(1.0),A,CAN,S14,S1,P31DC,_Z,_Z,CP08,XDC,V,N,T0117,2023,44274,,F,1,A,6,CAD
OECD.SDD.NAD:DSD_NAMAIN10@DF_TABLE5(1.0),A,CAN,S14,S1,P31DC,_Z,_Z,CP112,XDC,V,N,T0117,2023,19901,,F,1,A,6,CAD
OECD.SDD.NAD:DSD_NAMAIN10@DF_TABLE5(1.0),A,CAN,S14,S1,P31DC,_Z,_Z,CP071,XDC,V,N,T0117,2023,106185,,F,1,A,6,CAD
OECD.SDD.NAD:DSD_NAMAIN10@DF_TABLE5(1.0),A,CAN,S14,S1,P31DC,_Z,_Z,CP032,XDC,V,N,T0117,2023,9684,,F,1,A,6,CAD
OECD.SDD.NAD:DSD_NAMAIN10@DF_TABLE5(1.0),A,CAN,S14,S1,P31DC,_Z,_Z,CP022,XDC,V,N,T0117,2023,19048,,F,1,A,6,CAD
OECD.SDD.NAD:DSD_NAMAIN10@DF_TABLE5(1.0),A,CAN,S14,S1,P31DC,_Z,_Z,CP11,XDC,V,N,T0117,2023,119562,,F,1,A,6,CAD
OECD.SDD.NAD:DSD_NAMAIN10@DF_TABLE5(1.0),A,CAN,S14,S1,P31DC,_Z,_Z,CP091,XDC,V,N,T0117,2023,16171,,F,1,A,6,CAD
OECD.SDD.NAD:DSD_NAMAIN10@DF_TABLE5(1.0),A,CAN,S14,S1,P31DC,_Z,_Z,CP11,XDC,V,N,T0117,2021,78800,,F,1,A,6,CAD
OECD.SDD.NAD:DSD_NAMAIN10@DF_TABLE5(1.0),A,CAN,S14,S1,P31DC,_Z,_Z,CP091,XDC,V,N,T0117,2021,15899,,F,1,A,6,CAD
OECD.SDD.NAD:DSD_NAMAIN10@DF_TABLE5(1.0),A,CAN,S14,S1,P31DC,_Z,_Z,CP071,XDC,V,N,T0117,2021,84279,,F,1,A,6,CAD
OECD.SDD.NAD:DSD_NAMAIN10@DF_TABLE5(1.0),A,CAN,S14,S1,P31DC,_Z,_Z,CP112,XDC,V,N,T0117,2021,10111,,F,1,A,6,CAD
OECD.SDD.NAD:DSD_NAMAIN10@DF_TABLE5(1.0),A,CAN,S14,S1,P31DC,_Z,_Z,CP08,XDC,V,N,T0117,2021,39392,,F,1,A,6,CAD
OECD.SDD.NAD:DSD_NAMAIN10@DF_TABLE5(1.0),A,CAN,S14,S1,P31DC,_Z,_Z,CP02,XDC,V,N,T0117,2021,53570,,F,1,A,6,CAD
OECD.SDD.NAD:DSD_NAMAIN10@DF_TABLE5(1.0),A,CAN,S14,S1,P31DC,_Z,_Z,CP124,XDC,V,N,T0117,2021,17668,,F,1,A,6,CAD
OECD.SDD.NAD:DSD_NAMAIN10@DF_TABLE5(1.0),A,CAN,S14,S1,P31DC,_Z,_Z,CP042,XDC,V,N,T0117,2021,220126,,F,1,A,6,CAD
OECD.SDD.NAD:DSD_NAMAIN10@DF_TABLE5(1.0),A,CAN,S14,S1,P31DC,_Z,_Z,CP12,XDC,V,N,T0117,2021,199341,,F,1,A,6,CAD
OECD.SDD.NAD:DSD_NAMAIN10@DF_TABLE5(1.0),A,CAN,S14,S1,P31DC,_Z,_Z,CP09,XDC,V,N,T0117,2021,105213,,F,1,A,6,CAD
OECD.SDD.NAD:DSD_NAMAIN10@DF_TABLE5(1.0),A,CAN,S14,S1,P31DC,_Z,_Z,CP054,XDC,V,N,T0117,2021,8854,,F,1,A,6,CAD
OECD.SDD.NAD:DSD_NAMAIN10@DF_TABLE5(1.0),A,CAN,S14,S1,P31DC,_Z,_Z,CP056,XDC,V,N,T0117,2021,21217,,F,1,A,6,CAD
OECD.SDD.NAD:DSD_NAMAIN10@DF_TABLE5(1.0),A,CAN,S14,S1,P31DC,_Z,_Z,CP061,XDC,V,N,T0117,2021,31009,,F,1,A,6,CAD
OECD.SDD.NAD:DSD_NAMAIN10@DF_TABLE5(1.0),A,CAN,S14,S1,P31DC,_Z,_Z,CP052,XDC,V,N,T0117,2021,4428,,F,1,A,6,CAD
OECD.SDD.NAD:DSD_NAMAIN10@DF_TABLE5(1.0),A,CAN,S14,S1,P31DC,_Z,_Z,CP01,XDC,V,N,T0117,2021,131991,,F,1,A,6,CAD
OECD.SDD.NAD:DSD_NAMAIN10@DF_TABLE5(1.0),A,CAN,S14,S1,P31DC,_Z,_Z,CP10,XDC,V,N,T0117,2021,24207,,F,1,A,6,CAD
OECD.SDD.NAD:DSD_NAMAIN10@DF_TABLE5(1.0),A,CAN,S14,S1,P31DC,_Z,_Z,CP127,XDC,V,N,T0117,2021,13299,,F,1,A,6,CAD
OECD.SDD.NAD:DSD_NAMAIN10@DF_TABLE5(1.0),A,CAN,S14,S1,P31DC,_Z,_Z,CP062,XDC,V,N,T0117,2021,26503,,F,1,A,6,CAD
OECD.SDD.NAD:DSD_NAMAIN10@DF_TABLE5(1.0),A,CAN,S14,S1,P31DC,_Z,_Z,CP051,XDC,V,N,T0117,2021,24329,,F,1,A,6,CAD
OECD.SDD.NAD:DSD_NAMAIN10@DF_TABLE5(1.0),A,CAN,S14,S1,P31DC,_Z,_Z,CP121,XDC,V,N,T0117,2021,28997,,F,1,A,6,CAD
OECD.SDD.NAD:DSD_NAMAIN10@DF_TABLE5(1.0),A,CAN,S14,S1,P31DC,_Z,_Z,CP031,XDC,V,N,T0117,2021,40290,,F,1,A,6,CAD
OECD.SDD.NAD:DSD_NAMAIN10@DF_TABLE5(1.0),A,CAN,S14,S1,P31DC,_Z,_Z,CP063,XDC,V,N,T0117,2021,3211,,F,1,A,6,CAD
OECD.SDD.NAD:DSD_NAMAIN10@DF_TABLE5(1.0),A,CAN,S14,S1,P31DC,_Z,_Z,CP011,XDC,V,N,T0117,2021,117951,,F,1,A,6,CAD
OECD.SDD.NAD:DSD_NAMAIN10@DF_TABLE5(1.0),A,CAN,S14,S1,P31DC,_Z,_Z,CP126,XDC,V,N,T0117,2021,98216,,F,1,A,6,CAD
OECD.SDD.NAD:DSD_NAMAIN10@DF_TABLE5(1.0),A,CAN,S14,S1,P31DC,_Z,_Z,CP021,XDC,V,N,T0117,2021,27561,,F,1,A,6,CAD
OECD.SDD.NAD:DSD_NAMAIN10@DF_TABLE5(1.0),A,CAN,S14,S1,P31DC,_Z,_Z,CP04,XDC,V,N,T0117,2021,341479,,F,1,A,6,CAD
OECD.SDD.NAD:DSD_NAMAIN10@DF_TABLE5(1.0),A,CAN,S14,S1,P31DC,_Z,_Z,CP05,XDC,V,N,T0117,2021,80246,,F,1,A,6,CAD
OECD.SDD.NAD:DSD_NAMAIN10@DF_TABLE5(1.0),A,CAN,S14,S1,P31DC,_Z,_Z,CP093,XDC,V,N,T0117,2021,34002,,F,1,A,6,CAD
OECD.SDD.NAD:DSD_NAMAIN10@DF_TABLE5(1.0),A,CAN,S14,S1,P31DC,_Z,_Z,CP095,XDC,V,N,T0117,2021,7240,,F,1,A,6,CAD
OECD.SDD.NAD:DSD_NAMAIN10@DF_TABLE5(1.0),A,CAN,S14,S1,P31DC,_Z,_Z,CP111,XDC,V,N,T0117,2021,68689,,F,1,A,6,CAD
OECD.SDD.NAD:DSD_NAMAIN10@DF_TABLE5(1.0),A,CAN,S14,S1,P31DC,_Z,_Z,CP104,XDC,V,N,T0117,2021,12755,,F,1,A,6,CAD
OECD.SDD.NAD:DSD_NAMAIN10@DF_TABLE5(1.0),A,CAN,S14,S1,P31DC,_Z,_Z,CP03,XDC,V,N,T0117,2021,47917,,F,1,A,6,CAD
OECD.SDD.NAD:DSD_NAMAIN10@DF_TABLE5(1.0),A,CAN,S14,S1,P31DC,_Z,_Z,CP083,XDC,V,N,T0117,2021,35841,,F,1,A,6,CAD
OECD.SDD.NAD:DSD_NAMAIN10@DF_TABLE5(1.0),A,CAN,S14,S1,P31DC,_Z,_Z,CP055,XDC,V,N,T0117,2021,8816,,F,1,A,6,CAD
OECD.SDD.NAD:DSD_NAMAIN10@DF_TABLE5(1.0),A,CAN,S14,S1,P31DC,_Z,_Z,CP072,XDC,V,N,T0117,2021,85669,,F,1,A,6,CAD
OECD.SDD.NAD:DSD_NAMAIN10@DF_TABLE5(1.0),A,CAN,S14,S1,P31DC,_Z,_Z,CP125,XDC,V,N,T0117,2021,32055,,F,1,A,6,CAD
OECD.SDD.NAD:DSD_NAMAIN10@DF_TABLE5(1.0),A,CAN,S14,S1,P31DC,_Z,_Z,_T,XDC,V,N,T0117,2021,1345505,,F,1,A,6,CAD
OECD.SDD.NAD:DSD_NAMAIN10@DF_TABLE5(1.0),A,CAN,S14,S1,P31DC,_Z,_Z,CP092,XDC,V,N,T0117,2021,11227,,F,1,A,6,CAD
OECD.SDD.NAD:DSD_NAMAIN10@DF_TABLE5(1.0),A,CAN,S14,S1,P31DC,_Z,_Z,CP073,XDC,V,N,T0117,2021,12678,,F,1,A,6,CAD
OECD.SDD.NAD:DSD_NAMAIN10@DF_TABLE5(1.0),A,CAN,S14,S1,P31DC,_Z,_Z,CP094,XDC,V,N,T0117,2021,36845,,F,1,A,6,CAD
OECD.SDD.NAD:DSD_NAMAIN10@DF_TABLE5(1.0),A,CAN,S14,S1,P31DC,_Z,_Z,CP07,XDC,V,N,T0117,2021,182626,,F,1,A,6,CAD
OECD.SDD.NAD:DSD_NAMAIN10@DF_TABLE5(1.0),A,CAN,S14,S1,P31DC,_Z,_Z,CP105,XDC,V,N,T0117,2021,11452,,F,1,A,6,CAD
OECD.SDD.NAD:DSD_NAMAIN10@DF_TABLE5(1.0),A,CAN,S14,S1,P31DC,_Z,_Z,CP053,XDC,V,N,T0117,2021,12602,,F,1,A,6,CAD
OECD.SDD.NAD:DSD_NAMAIN10@DF_TABLE5(1.0),A,CAN,S14,S1,P31DC,_Z,_Z,CP012,XDC,V,N,T0117,2021,14040,,F,1,A,6,CAD
OECD.SDD.NAD:DSD_NAMAIN10@DF_TABLE5(1.0),A,CAN,S14,S1,P31DC,_Z,_Z,CP041,XDC,V,N,T0117,2021,75088,,F,1,A,6,CAD
OECD.SDD.NAD:DSD_NAMAIN10@DF_TABLE5(1.0),A,CAN,S14,S1,P31DC,_Z,_Z,CP06,XDC,V,N,T0117,2021,60723,,F,1,A,6,CAD
OECD.SDD.NAD:DSD_NAMAIN10@DF_TABLE5(1.0),A,CAN,S14,S1,P31DC,_Z,_Z,CP104,XDC,V,N,T0117,2022,13682,,F,1,A,6,CAD
OECD.SDD.NAD:DSD_NAMAIN10@DF_TABLE5(1.0),A,CAN,S14,S1,P31DC,_Z,_Z,CP092,XDC,V,N,T0117,2022,11484,,F,1,A,6,CAD
OECD.SDD.NAD:DSD_NAMAIN10@DF_TABLE5(1.0),A,CAN,S14,S1,P31DC,_Z,_Z,CP043,XDC,V,N,T0117,2022,5143,,F,1,A,6,CAD
OECD.SDD.NAD:DSD_NAMAIN10@DF_TABLE5(1.0),A,CAN,S14,S1,P31DC,_Z,_Z,CP053,XDC,V,N,T0117,2022,14106,,F,1,A,6,CAD
OECD.SDD.NAD:DSD_NAMAIN10@DF_TABLE5(1.0),A,CAN,S14,S1,P31DC,_Z,_Z,CP021,XDC,V,N,T0117,2022,27533,,F,1,A,6,CAD
OECD.SDD.NAD:DSD_NAMAIN10@DF_TABLE5(1.0),A,CAN,S14,S1,P31DC,_Z,_Z,CP095,XDC,V,N,T0117,2022,7353,,F,1,A,6,CAD
OECD.SDD.NAD:DSD_NAMAIN10@DF_TABLE5(1.0),A,CAN,S14,S1,P31DC,_Z,_Z,CP044,XDC,V,N,T0117,2022,10784,,F,1,A,6,CAD
OECD.SDD.NAD:DSD_NAMAIN10@DF_TABLE5(1.0),A,CAN,S14,S1,P31DC,_Z,_Z,CP081,XDC,V,N,T0117,2022,2175,,F,1,A,6,CAD
OECD.SDD.NAD:DSD_NAMAIN10@DF_TABLE5(1.0),A,CAN,S14,S1,P31DC,_Z,_Z,CP045,XDC,V,N,T0117,2022,35441,,F,1,A,6,CAD
OECD.SDD.NAD:DSD_NAMAIN10@DF_TABLE5(1.0),A,CAN,S14,S1,P31DC,_Z,_Z,CP081,XDC,V,N,T0117,2023,2156,,F,1,A,6,CAD
OECD.SDD.NAD:DSD_NAMAIN10@DF_TABLE5(1.0),A,USA,S14,S1,P31DC,_Z,_Z,_T,XDC,V,N,T0117,2021,15665613,,F,1,A,6,USD
OECD.SDD.NAD:DSD_NAMAIN10@DF_TABLE5(1.0),A,USA,S14,S1,P31DC,_Z,_Z,_T,XDC,V,N,T0117,2022,17112794,,F,1,A,6,USD
OECD.SDD.NAD:DSD_NAMAIN10@DF_TABLE5(1.0),A,USA,S14,S1,P31DC,_Z,_Z,_T,XDC,V,N,T0117,2023,18220824,,F,1,A,6,USD
OECD.SDD.NAD:DSD_NAMAIN10@DF_TABLE5(1.0),A,USA,S14,S1,P31DC,_Z,_Z,CP083,XDC,V,N,T0117,2021,268920,,F,1,A,6,USD
OECD.SDD.NAD:DSD_NAMAIN10@DF_TABLE5(1.0),A,USA,S14,S1,P31DC,_Z,_Z,CP073,XDC,V,N,T0117,2021,152109,,F,1,A,6,USD
OECD.SDD.NAD:DSD_NAMAIN10@DF_TABLE5(1.0),A,USA,S14,S1,P31DC,_Z,_Z,CP041,XDC,V,N,T0117,2021,572135,,F,1,A,6,USD
OECD.SDD.NAD:DSD_NAMAIN10@DF_TABLE5(1.0),A,USA,S14,S1,P31DC,_Z,_Z,CP062,XDC,V,N,T0117,2021,1216519,,F,1,A,6,USD
OECD.SDD.NAD:DSD_NAMAIN10@DF_TABLE5(1.0),A,USA,S14,S1,P31DC,_Z,_Z,CP042,XDC,V,N,T0117,2021,1892310,,F,1,A,6,USD
OECD.SDD.NAD:DSD_NAMAIN10@DF_TABLE5(1.0),A,USA,S14,S1,P31DC,_Z,_Z,CP112,XDC,V,N,T0117,2021,124721,,F,1,A,6,USD
OECD.SDD.NAD:DSD_NAMAIN10@DF_TABLE5(1.0),A,USA,S14,S1,P31DC,_Z,_Z,CP096,XDC,V,N,T0117,2021,9706,,F,1,A,6,USD
OECD.SDD.NAD:DSD_NAMAIN10@DF_TABLE5(1.0),A,USA,S14,S1,P31DC,_Z,_Z,CP081,XDC,V,N,T0117,2021,17320,,F,1,A,6,USD
OECD.SDD.NAD:DSD_NAMAIN10@DF_TABLE5(1.0),A,USA,S14,S1,P31DC,_Z,_Z,CP102,XDC,V,N,T0117,2021,39431,,F,1,A,6,USD
OECD.SDD.NAD:DSD_NAMAIN10@DF_TABLE5(1.0),A,USA,S14,S1,P31DC,_Z,_Z,CP101,XDC,V,N,T0117,2021,14777,,F,1,A,6,USD
OECD.SDD.NAD:DSD_NAMAIN10@DF_TABLE5(1.0),A,USA,S14,S1,P31DC,_Z,_Z,CP081,XDC,V,N,T0117,2022,17658,,F,1,A,6,USD
OECD.SDD.NAD:DSD_NAMAIN10@DF_TABLE5(1.0),A,USA,S14,S1,P31DC,_Z,_Z,CP101,XDC,V,N,T0117,2022,16874,,F,1,A,6,USD
OECD.SDD.NAD:DSD_NAMAIN10@DF_TABLE5(1.0),A,USA,S14,S1,P31DC,_Z,_Z,CP096,XDC,V,N,T0117,2022,18009,,F,1,A,6,USD
OECD.SDD.NAD:DSD_NAMAIN10@DF_TABLE5(1.0),A,USA,S14,S1,P31DC,_Z,_Z,CP062,XDC,V,N,T0117,2022,1314935,,F,1,A,6,USD
OECD.SDD.NAD:DSD_NAMAIN10@DF_TABLE5(1.0),A,USA,S14,S1,P31DC,_Z,_Z,CP042,XDC,V,N,T0117,2022,2054007,,F,1,A,6,USD
OECD.SDD.NAD:DSD_NAMAIN10@DF_TABLE5(1.0),A,USA,S14,S1,P31DC,_Z,_Z,CP112,XDC,V,N,T0117,2022,173151,,F,1,A,6,USD
OECD.SDD.NAD:DSD_NAMAIN10@DF_TABLE5(1.0),A,USA,S14,S1,P31DC,_Z,_Z,CP083,XDC,V,N,T0117,2022,279671,,F,1,A,6,USD
OECD.SDD.NAD:DSD_NAMAIN10@DF_TABLE5(1.0),A,USA,S14,S1,P31DC,_Z,_Z,CP073,XDC,V,N,T0117,2022,225943,,F,1,A,6,USD
OECD.SDD.NAD:DSD_NAMAIN10@DF_TABLE5(1.0),A,USA,S14,S1,P31DC,_Z,_Z,CP022,XDC,V,N,T0117,2023,119585,,F,1,A,6,USD
OECD.SDD.NAD:DSD_NAMAIN10@DF_TABLE5(1.0),A,USA,S14,S1,P31DC,_Z,_Z,CP073,XDC,V,N,T0117,2023,255563,,F,1,A,6,USD
OECD.SDD.NAD:DSD_NAMAIN10@DF_TABLE5(1.0),A,USA,S14,S1,P31DC,_Z,_Z,CP04,XDC,V,N,T0117,2021,2867439,,F,1,A,6,USD
OECD.SDD.NAD:DSD_NAMAIN10@DF_TABLE5(1.0),A,USA,S14,S1,P31DC,_Z,_Z,CP055,XDC,V,N,T0117,2021,55758,,F,1,A,6,USD
OECD.SDD.NAD:DSD_NAMAIN10@DF_TABLE5(1.0),A,USA,S14,S1,P31DC,_Z,_Z,CP103,XDC,V,N,T0117,2021,190430,,F,1,A,6,USD
OECD.SDD.NAD:DSD_NAMAIN10@DF_TABLE5(1.0),A,USA,S14,S1,P31DC,_Z,_Z,CP03,XDC,V,N,T0117,2021,486059,,F,1,A,6,USD
OECD.SDD.NAD:DSD_NAMAIN10@DF_TABLE5(1.0),A,USA,S14,S1,P31DC,_Z,_Z,CP123,XDC,V,N,T0117,2021,135433,,F,1,A,6,USD
OECD.SDD.NAD:DSD_NAMAIN10@DF_TABLE5(1.0),A,USA,S14,S1,P31DC,_Z,_Z,CP061,XDC,V,N,T0117,2021,612829,,F,1,A,6,USD
OECD.SDD.NAD:DSD_NAMAIN10@DF_TABLE5(1.0),A,USA,S14,S1,P31DC,_Z,_Z,CP01,XDC,V,N,T0117,2021,1087937,,F,1,A,6,USD
OECD.SDD.NAD:DSD_NAMAIN10@DF_TABLE5(1.0),A,USA,S14,S1,P31DC,_Z,_Z,CP02,XDC,V,N,T0117,2021,328019,,F,1,A,6,USD
OECD.SDD.NAD:DSD_NAMAIN10@DF_TABLE5(1.0),A,USA,S14,S1,P31DC,_Z,_Z,CP05,XDC,V,N,T0117,2021,713871,,F,1,A,6,USD
OECD.SDD.NAD:DSD_NAMAIN10@DF_TABLE5(1.0),A,USA,S14,S1,P31DC,_Z,_Z,CP032,XDC,V,N,T0117,2021,105756,,F,1,A,6,USD
OECD.SDD.NAD:DSD_NAMAIN10@DF_TABLE5(1.0),A,USA,S14,S1,P31DC,_Z,_Z,CP06,XDC,V,N,T0117,2021,3254940,,F,1,A,6,USD
OECD.SDD.NAD:DSD_NAMAIN10@DF_TABLE5(1.0),A,USA,S14,S1,P31DC,_Z,_Z,CP07,XDC,V,N,T0117,2021,1525659,,F,1,A,6,USD
OECD.SDD.NAD:DSD_NAMAIN10@DF_TABLE5(1.0),A,USA,S14,S1,P31DC,_Z,_Z,CP054,XDC,V,N,T0117,2021,50618,,F,1,A,6,USD
OECD.SDD.NAD:DSD_NAMAIN10@DF_TABLE5(1.0),A,USA,S14,S1,P31DC,_Z,_Z,CP121,XDC,V,N,T0117,2021,308524,,F,1,A,6,USD
OECD.SDD.NAD:DSD_NAMAIN10@DF_TABLE5(1.0),A,USA,S14,S1,P31DC,_Z,_Z,CP111,XDC,V,N,T0117,2021,923592,,F,1,A,6,USD
OECD.SDD.NAD:DSD_NAMAIN10@DF_TABLE5(1.0),A,USA,S14,S1,P31DC,_Z,_Z,CP021,XDC,V,N,T0117,2021,203516,,F,1,A,6,USD
OECD.SDD.NAD:DSD_NAMAIN10@DF_TABLE5(1.0),A,USA,S14,S1,P31DC,_Z,_Z,CP125,XDC,V,N,T0117,2021,454501,,F,1,A,6,USD
OECD.SDD.NAD:DSD_NAMAIN10@DF_TABLE5(1.0),A,USA,S14,S1,P31DC,_Z,_Z,CP063,XDC,V,N,T0117,2021,1425591,,F,1,A,6,USD
OECD.SDD.NAD:DSD_NAMAIN10@DF_TABLE5(1.0),A,USA,S14,S1,P31DC,_Z,_Z,CP094,XDC,V,N,T0117,2021,352239,,F,1,A,6,USD
OECD.SDD.NAD:DSD_NAMAIN10@DF_TABLE5(1.0),A,USA,S14,S1,P31DC,_Z,_Z,CP095,XDC,V,N,T0117,2021,130039,,F,1,A,6,USD
OECD.SDD.NAD:DSD_NAMAIN10@DF_TABLE5(1.0),A,USA,S14,S1,P31DC,_Z,_Z,CP053,XDC,V,N,T0117,2021,91293,,F,1,A,6,USD
OECD.SDD.NAD:DSD_NAMAIN10@DF_TABLE5(1.0),A,USA,S14,S1,P31DC,_Z,_Z,CP051,XDC,V,N,T0117,2021,235379,,F,1,A,6,USD
OECD.SDD.NAD:DSD_NAMAIN10@DF_TABLE5(1.0),A,USA,S14,S1,P31DC,_Z,_Z,CP092,XDC,V,N,T0117,2021,112216,,F,1,A,6,USD
OECD.SDD.NAD:DSD_NAMAIN10@DF_TABLE5(1.0),A,USA,S14,S1,P31DC,_Z,_Z,CP124,XDC,V,N,T0117,2021,256750,,F,1,A,6,USD
OECD.SDD.NAD:DSD_NAMAIN10@DF_TABLE5(1.0),A,USA,S14,S1,P31DC,_Z,_Z,CP012,XDC,V,N,T0117,2021,122964,,F,1,A,6,USD
OECD.SDD.NAD:DSD_NAMAIN10@DF_TABLE5(1.0),A,USA,S14,S1,P31DC,_Z,_Z,CP056,XDC,V,N,T0117,2021,194005,,F,1,A,6,USD
OECD.SDD.NAD:DSD_NAMAIN10@DF_TABLE5(1.0),A,USA,S14,S1,P31DC,_Z,_Z,CP044,XDC,V,N,T0117,2021,118173,,F,1,A,6,USD
OECD.SDD.NAD:DSD_NAMAIN10@DF_TABLE5(1.0),A,USA,S14,S1,P31DC,_Z,_Z,CP082,XDC,V,N,T0117,2021,30193,,F,1,A,6,USD
OECD.SDD.NAD:DSD_NAMAIN10@DF_TABLE5(1.0),A,USA,S14,S1,P31DC,_Z,_Z,CP10,XDC,V,N,T0117,2021,305412,,F,1,A,6,USD
OECD.SDD.NAD:DSD_NAMAIN10@DF_TABLE5(1.0),A,USA,S14,S1,P31DC,_Z,_Z,CP105,XDC,V,N,T0117,2021,60774,,F,1,A,6,USD
OECD.SDD.NAD:DSD_NAMAIN10@DF_TABLE5(1.0),A,USA,S14,S1,P31DC,_Z,_Z,CP045,XDC,V,N,T0117,2021,284821,,F,1,A,6,USD
OECD.SDD.NAD:DSD_NAMAIN10@DF_TABLE5(1.0),A,USA,S14,S1,P31DC,_Z,_Z,CP071,XDC,V,N,T0117,2021,592216,,F,1,A,6,USD
OECD.SDD.NAD:DSD_NAMAIN10@DF_TABLE5(1.0),A,USA,S14,S1,P31DC,_Z,_Z,CP052,XDC,V,N,T0117,2021,86817,,F,1,A,6,USD
OECD.SDD.NAD:DSD_NAMAIN10@DF_TABLE5(1.0),A,USA,S14,S1,P31DC,_Z,_Z,CP127,XDC,V,N,T0117,2021,231671,,F,1,A,6,USD
OECD.SDD.NAD:DSD_NAMAIN10@DF_TABLE5(1.0),A,USA,S14,S1,P31DC,_Z,_Z,CP09,XDC,V,N,T0117,2021,1534787,,F,1,A,6,USD
OECD.SDD.NAD:DSD_NAMAIN10@DF_TABLE5(1.0),A,USA,S14,S1,P31DC,_Z,_Z,CP12,XDC,V,N,T0117,2021,2196746,,F,1,A,6,USD
OECD.SDD.NAD:DSD_NAMAIN10@DF_TABLE5(1.0),A,USA,S14,S1,P31DC,_Z,_Z,CP091,XDC,V,N,T0117,2021,488222,,F,1,A,6,USD
OECD.SDD.NAD:DSD_NAMAIN10@DF_TABLE5(1.0),A,USA,S14,S1,P31DC,_Z,_Z,CP126,XDC,V,N,T0117,2021,809866,,F,1,A,6,USD
OECD.SDD.NAD:DSD_NAMAIN10@DF_TABLE5(1.0),A,USA,S14,S1,P31DC,_Z,_Z,CP072,XDC,V,N,T0117,2021,781334,,F,1,A,6,USD
OECD.SDD.NAD:DSD_NAMAIN10@DF_TABLE5(1.0),A,USA,S14,S1,P31DC,_Z,_Z,CP011,XDC,V,N,T0117,2021,964973,,F,1,A,6,USD
OECD.SDD.NAD:DSD_NAMAIN10@DF_TABLE5(1.0),A,USA,S14,S1,P31DC,_Z,_Z,CP11,XDC,V,N,T0117,2021,1048313,,F,1,A,6,USD
OECD.SDD.NAD:DSD_NAMAIN10@DF_TABLE5(1.0),A,USA,S14,S1,P31DC,_Z,_Z,CP08,XDC,V,N,T0117,2021,316433,,F,1,A,6,USD
OECD.SDD.NAD:DSD_NAMAIN10@DF_TABLE5(1.0),A,USA,S14,S1,P31DC,_Z,_Z,CP031,XDC,V,N,T0117,2021,380304,,F,1,A,6,USD
OECD.SDD.NAD:DSD_NAMAIN10@DF_TABLE5(1.0),A,USA,S14,S1,P31DC,_Z,_Z,CP093,XDC,V,N,T0117,2021,442365,,F,1,A,6,USD
OECD.SDD.NAD:DSD_NAMAIN10@DF_TABLE5(1.0),A,USA,S14,S1,P31DC,_Z,_Z,CP09,XDC,V,N,T0117,2022,1678844,,F,1,A,6,USD
OECD.SDD.NAD:DSD_NAMAIN10@DF_TABLE5(1.0),A,USA,S14,S1,P31DC,_Z,_Z,CP12,XDC,V,N,T0117,2022,2347457,,F,1,A,6,USD
OECD.SDD.NAD:DSD_NAMAIN10@DF_TABLE5(1.0),A,USA,S14,S1,P31DC,_Z,_Z,CP011,XDC,V,N,T0117,2022,1045003,,F,1,A,6,USD
OECD.SDD.NAD:DSD_NAMAIN10@DF_TABLE5(1.0),A,USA,S14,S1,P31DC,_Z,_Z,CP08,XDC,V,N,T0117,2022,329695,,F,1,A,6,USD
OECD.SDD.NAD:DSD_NAMAIN10@DF_TABLE5(1.0),A,USA,S14,S1,P31DC,_Z,_Z,CP11,XDC,V,N,T0117,2022,1235858,,F,1,A,6,USD
OECD.SDD.NAD:DSD_NAMAIN10@DF_TABLE5(1.0),A,USA,S14,S1,P31DC,_Z,_Z,CP031,XDC,V,N,T0117,2022,404001,,F,1,A,6,USD
OECD.SDD.NAD:DSD_NAMAIN10@DF_TABLE5(1.0),A,USA,S14,S1,P31DC,_Z,_Z,CP072,XDC,V,N,T0117,2022,941250,,F,1,A,6,USD
OECD.SDD.NAD:DSD_NAMAIN10@DF_TABLE5(1.0),A,USA,S14,S1,P31DC,_Z,_Z,CP093,XDC,V,N,T0117,2022,465949,,F,1,A,6,USD
OECD.SDD.NAD:DSD_NAMAIN10@DF_TABLE5(1.0),A,USA,S14,S1,P31DC,_Z,_Z,CP102,XDC,V,N,T0117,2022,40599,,F,1,A,6,USD
OECD.SDD.NAD:DSD_NAMAIN10@DF_TABLE5(1.0),A,USA,S14,S1,P31DC,_Z,_Z,CP091,XDC,V,N,T0117,2022,509647,,F,1,A,6,USD
OECD.SDD.NAD:DSD_NAMAIN10@DF_TABLE5(1.0),A,USA,S14,S1,P31DC,_Z,_Z,CP126,XDC,V,N,T0117,2022,851293,,F,1,A,6,USD
OECD.SDD.NAD:DSD_NAMAIN10@DF_TABLE5(1.0),A,USA,S14,S1,P31DC,_Z,_Z,CP10,XDC,V,N,T0117,2022,323539,,F,1,A,6,USD
OECD.SDD.NAD:DSD_NAMAIN10@DF_TABLE5(1.0),A,USA,S14,S1,P31DC,_Z,_Z,CP105,XDC,V,N,T0117,2022,68876,,F,1,A,6,USD
OECD.SDD.NAD:DSD_NAMAIN10@DF_TABLE5(1.0),A,USA,S14,S1,P31DC,_Z,_Z,CP045,XDC,V,N,T0117,2022,344586,,F,1,A,6,USD
OECD.SDD.NAD:DSD_NAMAIN10@DF_TABLE5(1.0),A,USA,S14,S1,P31DC,_Z,_Z,CP071,XDC,V,N,T0117,2022,612594,,F,1,A,6,USD
OECD.SDD.NAD:DSD_NAMAIN10@DF_TABLE5(1.0),A,USA,S14,S1,P31DC,_Z,_Z,CP052,XDC,V,N,T0117,2022,93355,,F,1,A,6,USD
OECD.SDD.NAD:DSD_NAMAIN10@DF_TABLE5(1.0),A,USA,S14,S1,P31DC,_Z,_Z,CP127,XDC,V,N,T0117,2022,244690,,F,1,A,6,USD
OECD.SDD.NAD:DSD_NAMAIN10@DF_TABLE5(1.0),A,USA,S14,S1,P31DC,_Z,_Z,CP056,XDC,V,N,T0117,2022,210324,,F,1,A,6,USD
OECD.SDD.NAD:DSD_NAMAIN10@DF_TABLE5(1.0),A,USA,S14,S1,P31DC,_Z,_Z,CP044,XDC,V,N,T0117,2022,123431,,F,1,A,6,USD
OECD.SDD.NAD:DSD_NAMAIN10@DF_TABLE5(1.0),A,USA,S14,S1,P31DC,_Z,_Z,CP082,XDC,V,N,T0117,2022,32367,,F,1,A,6,USD
OECD.SDD.NAD:DSD_NAMAIN10@DF_TABLE5(1.0),A,USA,S14,S1,P31DC,_Z,_Z,CP04,XDC,V,N,T0117,2022,3147349,,F,1,A,6,USD
OECD.SDD.NAD:DSD_NAMAIN10@DF_TABLE5(1.0),A,USA,S14,S1,P31DC,_Z,_Z,CP055,XDC,V,N,T0117,2022,60035,,F,1,A,6,USD
OECD.SDD.NAD:DSD_NAMAIN10@DF_TABLE5(1.0),A,USA,S14,S1,P31DC,_Z,_Z,CP103,XDC,V,N,T0117,2022,197190,,F,1,A,6,USD
OECD.SDD.NAD:DSD_NAMAIN10@DF_TABLE5(1.0),A,USA,S14,S1,P31DC,_Z,_Z,CP03,XDC,V,N,T0117,2022,514343,,F,1,A,6,USD
OECD.SDD.NAD:DSD_NAMAIN10@DF_TABLE5(1.0),A,USA,S14,S1,P31DC,_Z,_Z,CP123,XDC,V,N,T0117,2022,143015,,F,1,A,6,USD
OECD.SDD.NAD:DSD_NAMAIN10@DF_TABLE5(1.0),A,USA,S14,S1,P31DC,_Z,_Z,CP061,XDC,V,N,T0117,2022,660862,,F,1,A,6,USD
OECD.SDD.NAD:DSD_NAMAIN10@DF_TABLE5(1.0),A,USA,S14,S1,P31DC,_Z,_Z,CP01,XDC,V,N,T0117,2022,1179656,,F,1,A,6,USD
OECD.SDD.NAD:DSD_NAMAIN10@DF_TABLE5(1.0),A,USA,S14,S1,P31DC,_Z,_Z,CP02,XDC,V,N,T0117,2022,336799,,F,1,A,6,USD
OECD.SDD.NAD:DSD_NAMAIN10@DF_TABLE5(1.0),A,USA,S14,S1,P31DC,_Z,_Z,CP05,XDC,V,N,T0117,2022,759541,,F,1,A,6,USD
OECD.SDD.NAD:DSD_NAMAIN10@DF_TABLE5(1.0),A,USA,S14,S1,P31DC,_Z,_Z,CP032,XDC,V,N,T0117,2022,110342,,F,1,A,6,USD
OECD.SDD.NAD:DSD_NAMAIN10@DF_TABLE5(1.0),A,USA,S14,S1,P31DC,_Z,_Z,CP07,XDC,V,N,T0117,2022,1779788,,F,1,A,6,USD
OECD.SDD.NAD:DSD_NAMAIN10@DF_TABLE5(1.0),A,USA,S14,S1,P31DC,_Z,_Z,CP054,XDC,V,N,T0117,2022,54415,,F,1,A,6,USD
OECD.SDD.NAD:DSD_NAMAIN10@DF_TABLE5(1.0),A,USA,S14,S1,P31DC,_Z,_Z,CP06,XDC,V,N,T0117,2022,3479925,,F,1,A,6,USD
OECD.SDD.NAD:DSD_NAMAIN10@DF_TABLE5(1.0),A,USA,S14,S1,P31DC,_Z,_Z,CP121,XDC,V,N,T0117,2022,354158,,F,1,A,6,USD
OECD.SDD.NAD:DSD_NAMAIN10@DF_TABLE5(1.0),A,USA,S14,S1,P31DC,_Z,_Z,CP111,XDC,V,N,T0117,2022,1062707,,F,1,A,6,USD
OECD.SDD.NAD:DSD_NAMAIN10@DF_TABLE5(1.0),A,USA,S14,S1,P31DC,_Z,_Z,CP021,XDC,V,N,T0117,2022,214352,,F,1,A,6,USD
OECD.SDD.NAD:DSD_NAMAIN10@DF_TABLE5(1.0),A,USA,S14,S1,P31DC,_Z,_Z,CP125,XDC,V,N,T0117,2022,473329,,F,1,A,6,USD
OECD.SDD.NAD:DSD_NAMAIN10@DF_TABLE5(1.0),A,USA,S14,S1,P31DC,_Z,_Z,CP063,XDC,V,N,T0117,2022,1504129,,F,1,A,6,USD
OECD.SDD.NAD:DSD_NAMAIN10@DF_TABLE5(1.0),A,USA,S14,S1,P31DC,_Z,_Z,CP041,XDC,V,N,T0117,2022,625325,,F,1,A,6,USD
OECD.SDD.NAD:DSD_NAMAIN10@DF_TABLE5(1.0),A,USA,S14,S1,P31DC,_Z,_Z,CP094,XDC,V,N,T0117,2022,431843,,F,1,A,6,USD
OECD.SDD.NAD:DSD_NAMAIN10@DF_TABLE5(1.0),A,USA,S14,S1,P31DC,_Z,_Z,CP095,XDC,V,N,T0117,2022,139307,,F,1,A,6,USD
OECD.SDD.NAD:DSD_NAMAIN10@DF_TABLE5(1.0),A,USA,S14,S1,P31DC,_Z,_Z,CP053,XDC,V,N,T0117,2022,96293,,F,1,A,6,USD
OECD.SDD.NAD:DSD_NAMAIN10@DF_TABLE5(1.0),A,USA,S14,S1,P31DC,_Z,_Z,CP051,XDC,V,N,T0117,2022,245119,,F,1,A,6,USD
OECD.SDD.NAD:DSD_NAMAIN10@DF_TABLE5(1.0),A,USA,S14,S1,P31DC,_Z,_Z,CP092,XDC,V,N,T0117,2022,114088,,F,1,A,6,USD
OECD.SDD.NAD:DSD_NAMAIN10@DF_TABLE5(1.0),A,USA,S14,S1,P31DC,_Z,_Z,CP124,XDC,V,N,T0117,2022,280973,,F,1,A,6,USD
OECD.SDD.NAD:DSD_NAMAIN10@DF_TABLE5(1.0),A,USA,S14,S1,P31DC,_Z,_Z,CP012,XDC,V,N,T0117,2022,134652,,F,1,A,6,USD
OECD.SDD.NAD:DSD_NAMAIN10@DF_TABLE5(1.0),A,USA,S14,S1,P31DC,_Z,_Z,CP056,XDC,V,N,T0117,2023,217079,,F,1,A,6,USD
OECD.SDD.NAD:DSD_NAMAIN10@DF_TABLE5(1.0),A,USA,S14,S1,P31DC,_Z,_Z,CP044,XDC,V,N,T0117,2023,131478,,F,1,A,6,USD
OECD.SDD.NAD:DSD_NAMAIN10@DF_TABLE5(1.0),A,USA,S14,S1,P31DC,_Z,_Z,CP042,XDC,V,N,T0117,2023,2248601,,F,1,A,6,USD
OECD.SDD.NAD:DSD_NAMAIN10@DF_TABLE5(1.0),A,USA,S14,S1,P31DC,_Z,_Z,CP082,XDC,V,N,T0117,2023,33717,,F,1,A,6,USD
OECD.SDD.NAD:DSD_NAMAIN10@DF_TABLE5(1.0),A,USA,S14,S1,P31DC,_Z,_Z,CP062,XDC,V,N,T0117,2023,1437220,,F,1,A,6,USD
OECD.SDD.NAD:DSD_NAMAIN10@DF_TABLE5(1.0),A,USA,S14,S1,P31DC,_Z,_Z,CP112,XDC,V,N,T0117,2023,192850,,F,1,A,6,USD
OECD.SDD.NAD:DSD_NAMAIN10@DF_TABLE5(1.0),A,USA,S14,S1,P31DC,_Z,_Z,CP045,XDC,V,N,T0117,2023,331295,,F,1,A,6,USD
OECD.SDD.NAD:DSD_NAMAIN10@DF_TABLE5(1.0),A,USA,S14,S1,P31DC,_Z,_Z,CP10,XDC,V,N,T0117,2023,338573,,F,1,A,6,USD
OECD.SDD.NAD:DSD_NAMAIN10@DF_TABLE5(1.0),A,USA,S14,S1,P31DC,_Z,_Z,CP105,XDC,V,N,T0117,2023,76029,,F,1,A,6,USD
OECD.SDD.NAD:DSD_NAMAIN10@DF_TABLE5(1.0),A,USA,S14,S1,P31DC,_Z,_Z,CP071,XDC,V,N,T0117,2023,629181,,F,1,A,6,USD
OECD.SDD.NAD:DSD_NAMAIN10@DF_TABLE5(1.0),A,USA,S14,S1,P31DC,_Z,_Z,CP052,XDC,V,N,T0117,2023,97226,,F,1,A,6,USD
OECD.SDD.NAD:DSD_NAMAIN10@DF_TABLE5(1.0),A,USA,S14,S1,P31DC,_Z,_Z,CP096,XDC,V,N,T0117,2023,21111,,F,1,A,6,USD
OECD.SDD.NAD:DSD_NAMAIN10@DF_TABLE5(1.0),A,USA,S14,S1,P31DC,_Z,_Z,CP127,XDC,V,N,T0117,2023,257860,,F,1,A,6,USD
OECD.SDD.NAD:DSD_NAMAIN10@DF_TABLE5(1.0),A,USA,S14,S1,P31DC,_Z,_Z,CP09,XDC,V,N,T0117,2023,1793056,,F,1,A,6,USD
OECD.SDD.NAD:DSD_NAMAIN10@DF_TABLE5(1.0),A,USA,S14,S1,P31DC,_Z,_Z,CP12,XDC,V,N,T0117,2023,2529228,,F,1,A,6,USD
OECD.SDD.NAD:DSD_NAMAIN10@DF_TABLE5(1.0),A,USA,S14,S1,P31DC,_Z,_Z,CP081,XDC,V,N,T0117,2023,17052,,F,1,A,6,USD
OECD.SDD.NAD:DSD_NAMAIN10@DF_TABLE5(1.0),A,USA,S14,S1,P31DC,_Z,_Z,CP072,XDC,V,N,T0117,2023,919498,,F,1,A,6,USD
OECD.SDD.NAD:DSD_NAMAIN10@DF_TABLE5(1.0),A,USA,S14,S1,P31DC,_Z,_Z,CP101,XDC,V,N,T0117,2023,18785,,F,1,A,6,USD
OECD.SDD.NAD:DSD_NAMAIN10@DF_TABLE5(1.0),A,USA,S14,S1,P31DC,_Z,_Z,CP011,XDC,V,N,T0117,2023,1077595,,F,1,A,6,USD
OECD.SDD.NAD:DSD_NAMAIN10@DF_TABLE5(1.0),A,USA,S14,S1,P31DC,_Z,_Z,CP11,XDC,V,N,T0117,2023,1362481,,F,1,A,6,USD
OECD.SDD.NAD:DSD_NAMAIN10@DF_TABLE5(1.0),A,USA,S14,S1,P31DC,_Z,_Z,CP08,XDC,V,N,T0117,2023,336436,,F,1,A,6,USD
OECD.SDD.NAD:DSD_NAMAIN10@DF_TABLE5(1.0),A,USA,S14,S1,P31DC,_Z,_Z,CP031,XDC,V,N,T0117,2023,421365,,F,1,A,6,USD
OECD.SDD.NAD:DSD_NAMAIN10@DF_TABLE5(1.0),A,USA,S14,S1,P31DC,_Z,_Z,CP093,XDC,V,N,T0117,2023,497291,,F,1,A,6,USD
OECD.SDD.NAD:DSD_NAMAIN10@DF_TABLE5(1.0),A,USA,S14,S1,P31DC,_Z,_Z,CP091,XDC,V,N,T0117,2023,536811,,F,1,A,6,USD
OECD.SDD.NAD:DSD_NAMAIN10@DF_TABLE5(1.0),A,USA,S14,S1,P31DC,_Z,_Z,CP102,XDC,V,N,T0117,2023,41236,,F,1,A,6,USD
OECD.SDD.NAD:DSD_NAMAIN10@DF_TABLE5(1.0),A,USA,S14,S1,P31DC,_Z,_Z,CP126,XDC,V,N,T0117,2023,935202,,F,1,A,6,USD
OECD.SDD.NAD:DSD_NAMAIN10@DF_TABLE5(1.0),A,USA,S14,S1,P31DC,_Z,_Z,CP111,XDC,V,N,T0117,2023,1169630,,F,1,A,6,USD
OECD.SDD.NAD:DSD_NAMAIN10@DF_TABLE5(1.0),A,USA,S14,S1,P31DC,_Z,_Z,CP021,XDC,V,N,T0117,2023,221750,,F,1,A,6,USD
OECD.SDD.NAD:DSD_NAMAIN10@DF_TABLE5(1.0),A,USA,S14,S1,P31DC,_Z,_Z,CP094,XDC,V,N,T0117,2023,480763,,F,1,A,6,USD
OECD.SDD.NAD:DSD_NAMAIN10@DF_TABLE5(1.0),A,USA,S14,S1,P31DC,_Z,_Z,CP041,XDC,V,N,T0117,2023,692130,,F,1,A,6,USD
OECD.SDD.NAD:DSD_NAMAIN10@DF_TABLE5(1.0),A,USA,S14,S1,P31DC,_Z,_Z,CP125,XDC,V,N,T0117,2023,490598,,F,1,A,6,USD
OECD.SDD.NAD:DSD_NAMAIN10@DF_TABLE5(1.0),A,USA,S14,S1,P31DC,_Z,_Z,CP063,XDC,V,N,T0117,2023,1623225,,F,1,A,6,USD
OECD.SDD.NAD:DSD_NAMAIN10@DF_TABLE5(1.0),A,USA,S14,S1,P31DC,_Z,_Z,CP095,XDC,V,N,T0117,2023,149631,,F,1,A,6,USD
OECD.SDD.NAD:DSD_NAMAIN10@DF_TABLE5(1.0),A,USA,S14,S1,P31DC,_Z,_Z,CP053,XDC,V,N,T0117,2023,96937,,F,1,A,6,USD
OECD.SDD.NAD:DSD_NAMAIN10@DF_TABLE5(1.0),A,USA,S14,S1,P31DC,_Z,_Z,CP051,XDC,V,N,T0117,2023,246767,,F,1,A,6,USD
OECD.SDD.NAD:DSD_NAMAIN10@DF_TABLE5(1.0),A,USA,S14,S1,P31DC,_Z,_Z,CP092,XDC,V,N,T0117,2023,107449,,F,1,A,6,USD
OECD.SDD.NAD:DSD_NAMAIN10@DF_TABLE5(1.0),A,USA,S14,S1,P31DC,_Z,_Z,CP012,XDC,V,N,T0117,2023,138942,,F,1,A,6,USD
OECD.SDD.NAD:DSD_NAMAIN10@DF_TABLE5(1.0),A,USA,S14,S1,P31DC,_Z,_Z,CP124,XDC,V,N,T0117,2023,312997,,F,1,A,6,USD
OECD.SDD.NAD:DSD_NAMAIN10@DF_TABLE5(1.0),A,USA,S14,S1,P31DC,_Z,_Z,CP04,XDC,V,N,T0117,2023,3403504,,F,1,A,6,USD
OECD.SDD.NAD:DSD_NAMAIN10@DF_TABLE5(1.0),A,USA,S14,S1,P31DC,_Z,_Z,CP055,XDC,V,N,T0117,2023,59896,,F,1,A,6,USD
OECD.SDD.NAD:DSD_NAMAIN10@DF_TABLE5(1.0),A,USA,S14,S1,P31DC,_Z,_Z,CP103,XDC,V,N,T0117,2023,202524,,F,1,A,6,USD
OECD.SDD.NAD:DSD_NAMAIN10@DF_TABLE5(1.0),A,USA,S14,S1,P31DC,_Z,_Z,CP03,XDC,V,N,T0117,2023,535387,,F,1,A,6,USD
OECD.SDD.NAD:DSD_NAMAIN10@DF_TABLE5(1.0),A,USA,S14,S1,P31DC,_Z,_Z,CP06,XDC,V,N,T0117,2023,3785334,,F,1,A,6,USD
OECD.SDD.NAD:DSD_NAMAIN10@DF_TABLE5(1.0),A,USA,S14,S1,P31DC,_Z,_Z,CP07,XDC,V,N,T0117,2023,1804241,,F,1,A,6,USD
OECD.SDD.NAD:DSD_NAMAIN10@DF_TABLE5(1.0),A,USA,S14,S1,P31DC,_Z,_Z,CP054,XDC,V,N,T0117,2023,56807,,F,1,A,6,USD
OECD.SDD.NAD:DSD_NAMAIN10@DF_TABLE5(1.0),A,USA,S14,S1,P31DC,_Z,_Z,CP02,XDC,V,N,T0117,2023,341335,,F,1,A,6,USD
OECD.SDD.NAD:DSD_NAMAIN10@DF_TABLE5(1.0),A,USA,S14,S1,P31DC,_Z,_Z,CP032,XDC,V,N,T0117,2023,114022,,F,1,A,6,USD
OECD.SDD.NAD:DSD_NAMAIN10@DF_TABLE5(1.0),A,USA,S14,S1,P31DC,_Z,_Z,CP05,XDC,V,N,T0117,2023,774712,,F,1,A,6,USD
OECD.SDD.NAD:DSD_NAMAIN10@DF_TABLE5(1.0),A,USA,S14,S1,P31DC,_Z,_Z,CP061,XDC,V,N,T0117,2023,724889,,F,1,A,6,USD
OECD.SDD.NAD:DSD_NAMAIN10@DF_TABLE5(1.0),A,USA,S14,S1,P31DC,_Z,_Z,CP01,XDC,V,N,T0117,2023,1216537,,F,1,A,6,USD
OECD.SDD.NAD:DSD_NAMAIN10@DF_TABLE5(1.0),A,USA,S14,S1,P31DC,_Z,_Z,CP123,XDC,V,N,T0117,2023,145015,,F,1,A,6,USD
OECD.SDD.NAD:DSD_NAMAIN10@DF_TABLE5(1.0),A,USA,S14,S1,P31DC,_Z,_Z,CP083,XDC,V,N,T0117,2023,285666,,F,1,A,6,USD
OECD.SDD.NAD:DSD_NAMAIN10@DF_TABLE5(1.0),A,USA,S14,S1,P31DC,_Z,_Z,CP121,XDC,V,N,T0117,2023,387556,,F,1,A,6,USD
OECD.SDD.NAD:DSD_NAMAIN10@DF_TABLE5(1.0),A,ISL,S14,S1,P31DC,_Z,_Z,CP09,XDC,V,N,T0117,2022,229671.088,,F,1,A,6,ISK
OECD.SDD.NAD:DSD_NAMAIN10@DF_TABLE5(1.0),A,ISL,S14,S1,P31DC,_Z,_Z,CP094,XDC,V,N,T0117,2022,117345.547,,F,1,A,6,ISK
OECD.SDD.NAD:DSD_NAMAIN10@DF_TABLE5(1.0),A,ISL,S14,S1,P31DC,_Z,_Z,_T,XDC,V,N,T0117,2022,1992162.943,,F,1,A,6,ISK
OECD.SDD.NAD:DSD_NAMAIN10@DF_TABLE5(1.0),A,ISL,S14,S1,P31DC,_Z,_Z,CP094,XDC,V,N,T0117,2023,144124.082,,F,1,A,6,ISK
OECD.SDD.NAD:DSD_NAMAIN10@DF_TABLE5(1.0),A,ISL,S14,S1,P31DC,_Z,_Z,CP12,XDC,V,N,T0117,2023,157646.004,,F,1,A,6,ISK
OECD.SDD.NAD:DSD_NAMAIN10@DF_TABLE5(1.0),A,ISL,S14,S1,P31DC,_Z,_Z,CP09,XDC,V,N,T0117,2023,258704.58,,F,1,A,6,ISK
OECD.SDD.NAD:DSD_NAMAIN10@DF_TABLE5(1.0),A,ISL,S14,S1,P31DC,_Z,_Z,CP121,XDC,V,N,T0117,2023,57197.584,,F,1,A,6,ISK
OECD.SDD.NAD:DSD_NAMAIN10@DF_TABLE5(1.0),A,ISL,S14,S1,P31DC,_Z,_Z,_T,XDC,V,N,T0117,2023,2220032.309,,F,1,A,6,ISK
OECD.SDD.NAD:DSD_NAMAIN10@DF_TABLE5(1.0),A,ISL,S14,S1,P31DC,_Z,_Z,CP126,XDC,V,N,T0117,2023,54019.812,,F,1,A,6,ISK
OECD.SDD.NAD:DSD_NAMAIN10@DF_TABLE5(1.0),A,ISL,S14,S1,P31DC,_Z,_Z,CP021,XDC,V,N,T0117,2021,47497.694,,F,1,A,6,ISK
OECD.SDD.NAD:DSD_NAMAIN10@DF_TABLE5(1.0),A,ISL,S14,S1,P31DC,_Z,_Z,CP122_127,XDC,V,N,T0117,2021,9613.141,,F,1,A,6,ISK
OECD.SDD.NAD:DSD_NAMAIN10@DF_TABLE5(1.0),A,ISL,S14,S1,P31DC,_Z,_Z,CP054,XDC,V,N,T0117,2021,10939.985,,F,1,A,6,ISK
OECD.SDD.NAD:DSD_NAMAIN10@DF_TABLE5(1.0),A,ISL,S14,S1,P31DC,_Z,_Z,CP126,XDC,V,N,T0117,2021,46521.478,,F,1,A,6,ISK
OECD.SDD.NAD:DSD_NAMAIN10@DF_TABLE5(1.0),A,ISL,S14,S1,P31DC,_Z,_Z,CP02,XDC,V,N,T0117,2021,73773.209,,F,1,A,6,ISK
OECD.SDD.NAD:DSD_NAMAIN10@DF_TABLE5(1.0),A,ISL,S14,S1,P31DC,_Z,_Z,CP052,XDC,V,N,T0117,2021,8750.06,,F,1,A,6,ISK
OECD.SDD.NAD:DSD_NAMAIN10@DF_TABLE5(1.0),A,ISL,S14,S1,P31DC,_Z,_Z,CP091,XDC,V,N,T0117,2021,35721.02,,F,1,A,6,ISK
OECD.SDD.NAD:DSD_NAMAIN10@DF_TABLE5(1.0),A,ISL,S14,S1,P31DC,_Z,_Z,CP073,XDC,V,N,T0117,2021,13198.799,,F,1,A,6,ISK
OECD.SDD.NAD:DSD_NAMAIN10@DF_TABLE5(1.0),A,ISL,S14,S1,P31DC,_Z,_Z,CP092,XDC,V,N,T0117,2021,7553.986,,F,1,A,6,ISK
OECD.SDD.NAD:DSD_NAMAIN10@DF_TABLE5(1.0),A,ISL,S14,S1,P31DC,_Z,_Z,CP01,XDC,V,N,T0117,2021,217229.612,,F,1,A,6,ISK
OECD.SDD.NAD:DSD_NAMAIN10@DF_TABLE5(1.0),A,ISL,S14,S1,P31DC,_Z,_Z,_T,XDC,V,N,T0117,2021,1680520.287,,F,1,A,6,ISK
OECD.SDD.NAD:DSD_NAMAIN10@DF_TABLE5(1.0),A,ISL,S14,S1,P31DC,_Z,_Z,CP053,XDC,V,N,T0117,2021,15568.849,,F,1,A,6,ISK
OECD.SDD.NAD:DSD_NAMAIN10@DF_TABLE5(1.0),A,ISL,S14,S1,P31DC,_Z,_Z,CP05,XDC,V,N,T0117,2021,100872.365,,F,1,A,6,ISK
OECD.SDD.NAD:DSD_NAMAIN10@DF_TABLE5(1.0),A,ISL,S14,S1,P31DC,_Z,_Z,CP051,XDC,V,N,T0117,2021,23672,,F,1,A,6,ISK
OECD.SDD.NAD:DSD_NAMAIN10@DF_TABLE5(1.0),A,ISL,S14,S1,P31DC,_Z,_Z,CP032,XDC,V,N,T0117,2021,11301.476,,F,1,A,6,ISK
OECD.SDD.NAD:DSD_NAMAIN10@DF_TABLE5(1.0),A,ISL,S14,S1,P31DC,_Z,_Z,CP011,XDC,V,N,T0117,2021,185409.763,,F,1,A,6,ISK
OECD.SDD.NAD:DSD_NAMAIN10@DF_TABLE5(1.0),A,ISL,S14,S1,P31DC,_Z,_Z,CP031,XDC,V,N,T0117,2021,53920.32,,F,1,A,6,ISK
OECD.SDD.NAD:DSD_NAMAIN10@DF_TABLE5(1.0),A,ISL,S14,S1,P31DC,_Z,_Z,CP122,XDC,V,N,T0117,2021,2278.376,,F,1,A,6,ISK
OECD.SDD.NAD:DSD_NAMAIN10@DF_TABLE5(1.0),A,ISL,S14,S1,P31DC,_Z,_Z,CP121,XDC,V,N,T0117,2021,39248.696,,F,1,A,6,ISK
OECD.SDD.NAD:DSD_NAMAIN10@DF_TABLE5(1.0),A,ISL,S14,S1,P31DC,_Z,_Z,CP055,XDC,V,N,T0117,2021,8128.233,,F,1,A,6,ISK
OECD.SDD.NAD:DSD_NAMAIN10@DF_TABLE5(1.0),A,ISL,S14,S1,P31DC,_Z,_Z,CP012,XDC,V,N,T0117,2021,31819.849,,F,1,A,6,ISK
OECD.SDD.NAD:DSD_NAMAIN10@DF_TABLE5(1.0),A,ISL,S14,S1,P31DC,_Z,_Z,CP056,XDC,V,N,T0117,2021,33813.238,,F,1,A,6,ISK
OECD.SDD.NAD:DSD_NAMAIN10@DF_TABLE5(1.0),A,ISL,S14,S1,P31DC,_Z,_Z,CP094,XDC,V,N,T0117,2021,77710.997,,F,1,A,6,ISK
OECD.SDD.NAD:DSD_NAMAIN10@DF_TABLE5(1.0),A,ISL,S14,S1,P31DC,_Z,_Z,CP07,XDC,V,N,T0117,2021,215351.94,,F,1,A,6,ISK
OECD.SDD.NAD:DSD_NAMAIN10@DF_TABLE5(1.0),A,ISL,S14,S1,P31DC,_Z,_Z,CP03,XDC,V,N,T0117,2021,65221.796,,F,1,A,6,ISK
OECD.SDD.NAD:DSD_NAMAIN10@DF_TABLE5(1.0),A,ISL,S14,S1,P31DC,_Z,_Z,CP023,XDC,V,N,T0117,2021,7530.487,,F,1,A,6,ISK
OECD.SDD.NAD:DSD_NAMAIN10@DF_TABLE5(1.0),A,ISL,S14,S1,P31DC,_Z,_Z,CP08,XDC,V,N,T0117,2021,53297.571,,F,1,A,6,ISK
OECD.SDD.NAD:DSD_NAMAIN10@DF_TABLE5(1.0),A,ISL,S14,S1,P31DC,_Z,_Z,CP095,XDC,V,N,T0117,2021,19489.839,,F,1,A,6,ISK
OECD.SDD.NAD:DSD_NAMAIN10@DF_TABLE5(1.0),A,ISL,S14,S1,P31DC,_Z,_Z,CP061,XDC,V,N,T0117,2021,21127.736,,F,1,A,6,ISK
OECD.SDD.NAD:DSD_NAMAIN10@DF_TABLE5(1.0),A,ISL,S14,S1,P31DC,_Z,_Z,CP09,XDC,V,N,T0117,2021,175988.972,,F,1,A,6,ISK
OECD.SDD.NAD:DSD_NAMAIN10@DF_TABLE5(1.0),A,ISL,S14,S1,P31DC,_Z,_Z,CP125,XDC,V,N,T0117,2021,19754.417,,F,1,A,6,ISK
OECD.SDD.NAD:DSD_NAMAIN10@DF_TABLE5(1.0),A,ISL,S14,S1,P31DC,_Z,_Z,CP06,XDC,V,N,T0117,2021,46260.075,,F,1,A,6,ISK
OECD.SDD.NAD:DSD_NAMAIN10@DF_TABLE5(1.0),A,ISL,S14,S1,P31DC,_Z,_Z,CP123,XDC,V,N,T0117,2021,11638.197,,F,1,A,6,ISK
OECD.SDD.NAD:DSD_NAMAIN10@DF_TABLE5(1.0),A,ISL,S14,S1,P31DC,_Z,_Z,CP071,XDC,V,N,T0117,2021,56686.695,,F,1,A,6,ISK
OECD.SDD.NAD:DSD_NAMAIN10@DF_TABLE5(1.0),A,ISL,S14,S1,P31DC,_Z,_Z,CP022,XDC,V,N,T0117,2021,18745.029,,F,1,A,6,ISK
OECD.SDD.NAD:DSD_NAMAIN10@DF_TABLE5(1.0),A,ISL,S14,S1,P31DC,_Z,_Z,CP081,XDC,V,N,T0117,2021,2125.197,,F,1,A,6,ISK
OECD.SDD.NAD:DSD_NAMAIN10@DF_TABLE5(1.0),A,ISL,S14,S1,P31DC,_Z,_Z,CP093,XDC,V,N,T0117,2021,19641.847,,F,1,A,6,ISK
OECD.SDD.NAD:DSD_NAMAIN10@DF_TABLE5(1.0),A,ISL,S14,S1,P31DC,_Z,_Z,CP12,XDC,V,N,T0117,2021,126867.02,,F,1,A,6,ISK
OECD.SDD.NAD:DSD_NAMAIN10@DF_TABLE5(1.0),A,ISL,S14,S1,P31DC,_Z,_Z,CP061,XDC,V,N,T0117,2022,21131.694,,F,1,A,6,ISK
OECD.SDD.NAD:DSD_NAMAIN10@DF_TABLE5(1.0),A,ISL,S14,S1,P31DC,_Z,_Z,CP125,XDC,V,N,T0117,2022,20196.222,,F,1,A,6,ISK
OECD.SDD.NAD:DSD_NAMAIN10@DF_TABLE5(1.0),A,ISL,S14,S1,P31DC,_Z,_Z,CP06,XDC,V,N,T0117,2022,48192.136,,F,1,A,6,ISK
OECD.SDD.NAD:DSD_NAMAIN10@DF_TABLE5(1.0),A,ISL,S14,S1,P31DC,_Z,_Z,CP12,XDC,V,N,T0117,2022,143899.776,,F,1,A,6,ISK
OECD.SDD.NAD:DSD_NAMAIN10@DF_TABLE5(1.0),A,ISL,S14,S1,P31DC,_Z,_Z,CP093,XDC,V,N,T0117,2022,21912.087,,F,1,A,6,ISK
OECD.SDD.NAD:DSD_NAMAIN10@DF_TABLE5(1.0),A,ISL,S14,S1,P31DC,_Z,_Z,CP123,XDC,V,N,T0117,2022,13366.83,,F,1,A,6,ISK
OECD.SDD.NAD:DSD_NAMAIN10@DF_TABLE5(1.0),A,ISL,S14,S1,P31DC,_Z,_Z,CP071,XDC,V,N,T0117,2022,76595.622,,F,1,A,6,ISK
OECD.SDD.NAD:DSD_NAMAIN10@DF_TABLE5(1.0),A,ISL,S14,S1,P31DC,_Z,_Z,CP022,XDC,V,N,T0117,2022,18487.964,,F,1,A,6,ISK
OECD.SDD.NAD:DSD_NAMAIN10@DF_TABLE5(1.0),A,ISL,S14,S1,P31DC,_Z,_Z,CP081,XDC,V,N,T0117,2022,2039.021,,F,1,A,6,ISK
OECD.SDD.NAD:DSD_NAMAIN10@DF_TABLE5(1.0),A,ISL,S14,S1,P31DC,_Z,_Z,CP023,XDC,V,N,T0117,2022,8712.329,,F,1,A,6,ISK
OECD.SDD.NAD:DSD_NAMAIN10@DF_TABLE5(1.0),A,ISL,S14,S1,P31DC,_Z,_Z,CP08,XDC,V,N,T0117,2022,55942.71,,F,1,A,6,ISK
OECD.SDD.NAD:DSD_NAMAIN10@DF_TABLE5(1.0),A,ISL,S14,S1,P31DC,_Z,_Z,CP095,XDC,V,N,T0117,2022,21679.784,,F,1,A,6,ISK
OECD.SDD.NAD:DSD_NAMAIN10@DF_TABLE5(1.0),A,ISL,S14,S1,P31DC,_Z,_Z,CP03,XDC,V,N,T0117,2022,69357.754,,F,1,A,6,ISK
OECD.SDD.NAD:DSD_NAMAIN10@DF_TABLE5(1.0),A,ISL,S14,S1,P31DC,_Z,_Z,CP07,XDC,V,N,T0117,2022,286534.379,,F,1,A,6,ISK
OECD.SDD.NAD:DSD_NAMAIN10@DF_TABLE5(1.0),A,ISL,S14,S1,P31DC,_Z,_Z,CP054,XDC,V,N,T0117,2022,7420.618,,F,1,A,6,ISK
OECD.SDD.NAD:DSD_NAMAIN10@DF_TABLE5(1.0),A,ISL,S14,S1,P31DC,_Z,_Z,CP126,XDC,V,N,T0117,2022,50641.441,,F,1,A,6,ISK
OECD.SDD.NAD:DSD_NAMAIN10@DF_TABLE5(1.0),A,ISL,S14,S1,P31DC,_Z,_Z,CP02,XDC,V,N,T0117,2022,72555.224,,F,1,A,6,ISK
OECD.SDD.NAD:DSD_NAMAIN10@DF_TABLE5(1.0),A,ISL,S14,S1,P31DC,_Z,_Z,CP052,XDC,V,N,T0117,2022,9177.966,,F,1,A,6,ISK
OECD.SDD.NAD:DSD_NAMAIN10@DF_TABLE5(1.0),A,ISL,S14,S1,P31DC,_Z,_Z,CP122_127,XDC,V,N,T0117,2022,11585.33,,F,1,A,6,ISK
OECD.SDD.NAD:DSD_NAMAIN10@DF_TABLE5(1.0),A,ISL,S14,S1,P31DC,_Z,_Z,CP021,XDC,V,N,T0117,2022,45354.931,,F,1,A,6,ISK
OECD.SDD.NAD:DSD_NAMAIN10@DF_TABLE5(1.0),A,ISL,S14,S1,P31DC,_Z,_Z,CP053,XDC,V,N,T0117,2022,16509.639,,F,1,A,6,ISK
OECD.SDD.NAD:DSD_NAMAIN10@DF_TABLE5(1.0),A,ISL,S14,S1,P31DC,_Z,_Z,CP01,XDC,V,N,T0117,2022,249781.814,,F,1,A,6,ISK
OECD.SDD.NAD:DSD_NAMAIN10@DF_TABLE5(1.0),A,ISL,S14,S1,P31DC,_Z,_Z,CP092,XDC,V,N,T0117,2022,8740.434,,F,1,A,6,ISK
OECD.SDD.NAD:DSD_NAMAIN10@DF_TABLE5(1.0),A,ISL,S14,S1,P31DC,_Z,_Z,CP073,XDC,V,N,T0117,2022,31860.198,,F,1,A,6,ISK
OECD.SDD.NAD:DSD_NAMAIN10@DF_TABLE5(1.0),A,ISL,S14,S1,P31DC,_Z,_Z,CP091,XDC,V,N,T0117,2022,33832.572,,F,1,A,6,ISK
OECD.SDD.NAD:DSD_NAMAIN10@DF_TABLE5(1.0),A,ISL,S14,S1,P31DC,_Z,_Z,CP056,XDC,V,N,T0117,2022,34824.442,,F,1,A,6,ISK
OECD.SDD.NAD:DSD_NAMAIN10@DF_TABLE5(1.0),A,ISL,S14,S1,P31DC,_Z,_Z,CP05,XDC,V,N,T0117,2022,96610.051,,F,1,A,6,ISK
OECD.SDD.NAD:DSD_NAMAIN10@DF_TABLE5(1.0),A,ISL,S14,S1,P31DC,_Z,_Z,CP051,XDC,V,N,T0117,2022,22888.167,,F,1,A,6,ISK
OECD.SDD.NAD:DSD_NAMAIN10@DF_TABLE5(1.0),A,ISL,S14,S1,P31DC,_Z,_Z,CP032,XDC,V,N,T0117,2022,12826.459,,F,1,A,6,ISK
OECD.SDD.NAD:DSD_NAMAIN10@DF_TABLE5(1.0),A,ISL,S14,S1,P31DC,_Z,_Z,CP011,XDC,V,N,T0117,2022,212803.796,,F,1,A,6,ISK
OECD.SDD.NAD:DSD_NAMAIN10@DF_TABLE5(1.0),A,ISL,S14,S1,P31DC,_Z,_Z,CP031,XDC,V,N,T0117,2022,56531.295,,F,1,A,6,ISK
OECD.SDD.NAD:DSD_NAMAIN10@DF_TABLE5(1.0),A,ISL,S14,S1,P31DC,_Z,_Z,CP012,XDC,V,N,T0117,2022,36978.019,,F,1,A,6,ISK
OECD.SDD.NAD:DSD_NAMAIN10@DF_TABLE5(1.0),A,ISL,S14,S1,P31DC,_Z,_Z,CP122,XDC,V,N,T0117,2022,2636.384,,F,1,A,6,ISK
OECD.SDD.NAD:DSD_NAMAIN10@DF_TABLE5(1.0),A,ISL,S14,S1,P31DC,_Z,_Z,CP121,XDC,V,N,T0117,2022,48012.26,,F,1,A,6,ISK
OECD.SDD.NAD:DSD_NAMAIN10@DF_TABLE5(1.0),A,ISL,S14,S1,P31DC,_Z,_Z,CP055,XDC,V,N,T0117,2022,5789.219,,F,1,A,6,ISK
OECD.SDD.NAD:DSD_NAMAIN10@DF_TABLE5(1.0),A,ISL,S14,S1,P31DC,_Z,_Z,CP095,XDC,V,N,T0117,2023,23651.156,,F,1,A,6,ISK
OECD.SDD.NAD:DSD_NAMAIN10@DF_TABLE5(1.0),A,ISL,S14,S1,P31DC,_Z,_Z,CP08,XDC,V,N,T0117,2023,53946.099,,F,1,A,6,ISK
OECD.SDD.NAD:DSD_NAMAIN10@DF_TABLE5(1.0),A,ISL,S14,S1,P31DC,_Z,_Z,CP023,XDC,V,N,T0117,2023,9554.364,,F,1,A,6,ISK
OECD.SDD.NAD:DSD_NAMAIN10@DF_TABLE5(1.0),A,ISL,S14,S1,P31DC,_Z,_Z,CP111,XDC,V,N,T0117,2023,229114.659,,F,1,A,6,ISK
OECD.SDD.NAD:DSD_NAMAIN10@DF_TABLE5(1.0),A,ISL,S14,S1,P31DC,_Z,_Z,CP07,XDC,V,N,T0117,2023,316445.446,,F,1,A,6,ISK
OECD.SDD.NAD:DSD_NAMAIN10@DF_TABLE5(1.0),A,ISL,S14,S1,P31DC,_Z,_Z,CP03,XDC,V,N,T0117,2023,72338.388,,F,1,A,6,ISK
OECD.SDD.NAD:DSD_NAMAIN10@DF_TABLE5(1.0),A,ISL,S14,S1,P31DC,_Z,_Z,CP104,XDC,V,N,T0117,2023,3226.91,,F,1,A,6,ISK
OECD.SDD.NAD:DSD_NAMAIN10@DF_TABLE5(1.0),A,ISL,S14,S1,P31DC,_Z,_Z,CP071,XDC,V,N,T0117,2023,79204.448,,F,1,A,6,ISK
OECD.SDD.NAD:DSD_NAMAIN10@DF_TABLE5(1.0),A,ISL,S14,S1,P31DC,_Z,_Z,CP022,XDC,V,N,T0117,2023,18717.624,,F,1,A,6,ISK
OECD.SDD.NAD:DSD_NAMAIN10@DF_TABLE5(1.0),A,ISL,S14,S1,P31DC,_Z,_Z,CP123,XDC,V,N,T0117,2023,14310.353,,F,1,A,6,ISK
OECD.SDD.NAD:DSD_NAMAIN10@DF_TABLE5(1.0),A,ISL,S14,S1,P31DC,_Z,_Z,CP081,XDC,V,N,T0117,2023,1963.613,,F,1,A,6,ISK
OECD.SDD.NAD:DSD_NAMAIN10@DF_TABLE5(1.0),A,ISL,S14,S1,P31DC,_Z,_Z,CP093,XDC,V,N,T0117,2023,21993.961,,F,1,A,6,ISK
OECD.SDD.NAD:DSD_NAMAIN10@DF_TABLE5(1.0),A,ISL,S14,S1,P31DC,_Z,_Z,CP061,XDC,V,N,T0117,2023,25839.066,,F,1,A,6,ISK
OECD.SDD.NAD:DSD_NAMAIN10@DF_TABLE5(1.0),A,ISL,S14,S1,P31DC,_Z,_Z,CP125,XDC,V,N,T0117,2023,19007.244,,F,1,A,6,ISK
OECD.SDD.NAD:DSD_NAMAIN10@DF_TABLE5(1.0),A,ISL,S14,S1,P31DC,_Z,_Z,CP06,XDC,V,N,T0117,2023,55538.09,,F,1,A,6,ISK
OECD.SDD.NAD:DSD_NAMAIN10@DF_TABLE5(1.0),A,ISL,S14,S1,P31DC,_Z,_Z,CP012,XDC,V,N,T0117,2023,43232.26,,F,1,A,6,ISK
OECD.SDD.NAD:DSD_NAMAIN10@DF_TABLE5(1.0),A,ISL,S14,S1,P31DC,_Z,_Z,CP10,XDC,V,N,T0117,2023,18751.829,,F,1,A,6,ISK
OECD.SDD.NAD:DSD_NAMAIN10@DF_TABLE5(1.0),A,ISL,S14,S1,P31DC,_Z,_Z,CP122,XDC,V,N,T0117,2023,2891.052,,F,1,A,6,ISK
OECD.SDD.NAD:DSD_NAMAIN10@DF_TABLE5(1.0),A,ISL,S14,S1,P31DC,_Z,_Z,CP055,XDC,V,N,T0117,2023,4329.243,,F,1,A,6,ISK
OECD.SDD.NAD:DSD_NAMAIN10@DF_TABLE5(1.0),A,ISL,S14,S1,P31DC,_Z,_Z,CP051,XDC,V,N,T0117,2023,23140.58,,F,1,A,6,ISK
OECD.SDD.NAD:DSD_NAMAIN10@DF_TABLE5(1.0),A,ISL,S14,S1,P31DC,_Z,_Z,CP05,XDC,V,N,T0117,2023,97193.063,,F,1,A,6,ISK
OECD.SDD.NAD:DSD_NAMAIN10@DF_TABLE5(1.0),A,ISL,S14,S1,P31DC,_Z,_Z,CP032,XDC,V,N,T0117,2023,13392.606,,F,1,A,6,ISK
OECD.SDD.NAD:DSD_NAMAIN10@DF_TABLE5(1.0),A,ISL,S14,S1,P31DC,_Z,_Z,CP011,XDC,V,N,T0117,2023,237925.735,,F,1,A,6,ISK
OECD.SDD.NAD:DSD_NAMAIN10@DF_TABLE5(1.0),A,ISL,S14,S1,P31DC,_Z,_Z,CP031,XDC,V,N,T0117,2023,58945.783,,F,1,A,6,ISK
OECD.SDD.NAD:DSD_NAMAIN10@DF_TABLE5(1.0),A,ISL,S14,S1,P31DC,_Z,_Z,CP056,XDC,V,N,T0117,2023,37134.051,,F,1,A,6,ISK
OECD.SDD.NAD:DSD_NAMAIN10@DF_TABLE5(1.0),A,ISL,S14,S1,P31DC,_Z,_Z,CP073,XDC,V,N,T0117,2023,39327.774,,F,1,A,6,ISK
OECD.SDD.NAD:DSD_NAMAIN10@DF_TABLE5(1.0),A,ISL,S14,S1,P31DC,_Z,_Z,CP092,XDC,V,N,T0117,2023,8454.683,,F,1,A,6,ISK
OECD.SDD.NAD:DSD_NAMAIN10@DF_TABLE5(1.0),A,ISL,S14,S1,P31DC,_Z,_Z,CP091,XDC,V,N,T0117,2023,30247.46,,F,1,A,6,ISK
OECD.SDD.NAD:DSD_NAMAIN10@DF_TABLE5(1.0),A,ISL,S14,S1,P31DC,_Z,_Z,CP01,XDC,V,N,T0117,2023,281157.995,,F,1,A,6,ISK
OECD.SDD.NAD:DSD_NAMAIN10@DF_TABLE5(1.0),A,ISL,S14,S1,P31DC,_Z,_Z,CP11,XDC,V,N,T0117,2023,335359.999,,F,1,A,6,ISK
OECD.SDD.NAD:DSD_NAMAIN10@DF_TABLE5(1.0),A,ISL,S14,S1,P31DC,_Z,_Z,CP053,XDC,V,N,T0117,2023,16712.635,,F,1,A,6,ISK
OECD.SDD.NAD:DSD_NAMAIN10@DF_TABLE5(1.0),A,ISL,S14,S1,P31DC,_Z,_Z,CP122_127,XDC,V,N,T0117,2023,13001.51,,F,1,A,6,ISK
OECD.SDD.NAD:DSD_NAMAIN10@DF_TABLE5(1.0),A,ISL,S14,S1,P31DC,_Z,_Z,CP021,XDC,V,N,T0117,2023,47681.368,,F,1,A,6,ISK
OECD.SDD.NAD:DSD_NAMAIN10@DF_TABLE5(1.0),A,ISL,S14,S1,P31DC,_Z,_Z,CP052,XDC,V,N,T0117,2023,10239.888,,F,1,A,6,ISK
OECD.SDD.NAD:DSD_NAMAIN10@DF_TABLE5(1.0),A,ISL,S14,S1,P31DC,_Z,_Z,CP054,XDC,V,N,T0117,2023,5636.667,,F,1,A,6,ISK
OECD.SDD.NAD:DSD_NAMAIN10@DF_TABLE5(1.0),A,ISL,S14,S1,P31DC,_Z,_Z,CP02,XDC,V,N,T0117,2023,75953.356,,F,1,A,6,ISK
OECD.SDD.NAD:DSD_NAMAIN10@DF_TABLE5(1.0),A,LUX,S14,S1,P31DC,_Z,_Z,CP045,XDC,V,N,T0117,2021,506.608,,F,1,A,6,EUR
OECD.SDD.NAD:DSD_NAMAIN10@DF_TABLE5(1.0),A,LUX,S14,S1,P31DC,_Z,_Z,CP102,XDC,V,N,T0117,2021,50.672,,F,1,A,6,EUR
OECD.SDD.NAD:DSD_NAMAIN10@DF_TABLE5(1.0),A,LUX,S14,S1,P31DC,_Z,_Z,CP031,XDC,V,N,T0117,2021,838.173,,F,1,A,6,EUR
OECD.SDD.NAD:DSD_NAMAIN10@DF_TABLE5(1.0),A,LUX,S14,S1,P31DC,_Z,_Z,CP043,XDC,V,N,T0117,2021,342.844,,F,1,A,6,EUR
OECD.SDD.NAD:DSD_NAMAIN10@DF_TABLE5(1.0),A,LUX,S14,S1,P31DC,_Z,_Z,CP053,XDC,V,N,T0117,2021,157.264,,F,1,A,6,EUR
OECD.SDD.NAD:DSD_NAMAIN10@DF_TABLE5(1.0),A,LUX,S14,S1,P31DC,_Z,_Z,CP101,XDC,V,N,T0117,2021,26.17,,F,1,A,6,EUR
OECD.SDD.NAD:DSD_NAMAIN10@DF_TABLE5(1.0),A,LUX,S14,S1,P31DC,_Z,_Z,CP122,XDC,V,N,T0117,2021,266.745,,F,1,A,6,EUR
OECD.SDD.NAD:DSD_NAMAIN10@DF_TABLE5(1.0),A,LUX,S14,S1,P31DC,_Z,_Z,CP096,XDC,V,N,T0117,2021,264.691,,F,1,A,6,EUR
OECD.SDD.NAD:DSD_NAMAIN10@DF_TABLE5(1.0),A,LUX,S14,S1,P31DC,_Z,_Z,CP082,XDC,V,N,T0117,2021,31.367,,F,1,A,6,EUR
OECD.SDD.NAD:DSD_NAMAIN10@DF_TABLE5(1.0),A,LUX,S14,S1,P31DC,_Z,_Z,CP094,XDC,V,N,T0117,2021,521.077,,F,1,A,6,EUR
OECD.SDD.NAD:DSD_NAMAIN10@DF_TABLE5(1.0),A,LUX,S14,S1,P31DC,_Z,_Z,CP105,XDC,V,N,T0117,2021,138.75,,F,1,A,6,EUR
OECD.SDD.NAD:DSD_NAMAIN10@DF_TABLE5(1.0),A,LUX,S14,S1,P31DC,_Z,_Z,CP052,XDC,V,N,T0117,2021,145.676,,F,1,A,6,EUR
OECD.SDD.NAD:DSD_NAMAIN10@DF_TABLE5(1.0),A,LUX,S14,S1,P31DC,_Z,_Z,CP071,XDC,V,N,T0117,2021,857.842,,F,1,A,6,EUR
OECD.SDD.NAD:DSD_NAMAIN10@DF_TABLE5(1.0),A,LUX,S14,S1,P31DC,_Z,_Z,CP041,XDC,V,N,T0117,2021,1053.838,,F,1,A,6,EUR
OECD.SDD.NAD:DSD_NAMAIN10@DF_TABLE5(1.0),A,LUX,S14,S1,P31DC,_Z,_Z,CP032,XDC,V,N,T0117,2021,169.025,,F,1,A,6,EUR
OECD.SDD.NAD:DSD_NAMAIN10@DF_TABLE5(1.0),A,LUX,S14,S1,P31DC,_Z,_Z,CP093,XDC,V,N,T0117,2021,280.787,,F,1,A,6,EUR
OECD.SDD.NAD:DSD_NAMAIN10@DF_TABLE5(1.0),A,LUX,S14,S1,P31DC,_Z,_Z,CP03,XDC,V,N,T0117,2021,1007.198,,F,1,A,6,EUR
OECD.SDD.NAD:DSD_NAMAIN10@DF_TABLE5(1.0),A,LUX,S14,S1,P31DC,_Z,_Z,CP125,XDC,V,N,T0117,2021,654.718,,F,1,A,6,EUR
OECD.SDD.NAD:DSD_NAMAIN10@DF_TABLE5(1.0),A,LUX,S14,S1,P31DC,_Z,_Z,CP123,XDC,V,N,T0117,2021,257.148,,F,1,A,6,EUR
OECD.SDD.NAD:DSD_NAMAIN10@DF_TABLE5(1.0),A,LUX,S14,S1,P31DC,_Z,_Z,CP104,XDC,V,N,T0117,2021,8.022,,F,1,A,6,EUR
OECD.SDD.NAD:DSD_NAMAIN10@DF_TABLE5(1.0),A,LUX,S14,S1,P31DC,_Z,_Z,CP01,XDC,V,N,T0117,2021,2214.969,,F,1,A,6,EUR
OECD.SDD.NAD:DSD_NAMAIN10@DF_TABLE5(1.0),A,LUX,S14,S1,P31DC,_Z,_Z,CP056,XDC,V,N,T0117,2021,543.489,,F,1,A,6,EUR
OECD.SDD.NAD:DSD_NAMAIN10@DF_TABLE5(1.0),A,LUX,S14,S1,P31DC,_Z,_Z,CP051,XDC,V,N,T0117,2021,459.827,,F,1,A,6,EUR
OECD.SDD.NAD:DSD_NAMAIN10@DF_TABLE5(1.0),A,LUX,S14,S1,P31DC,_Z,_Z,CP011,XDC,V,N,T0117,2021,1938.653,,F,1,A,6,EUR
OECD.SDD.NAD:DSD_NAMAIN10@DF_TABLE5(1.0),A,LUX,S14,S1,P31DC,_Z,_Z,CP044,XDC,V,N,T0117,2021,333.325,,F,1,A,6,EUR
OECD.SDD.NAD:DSD_NAMAIN10@DF_TABLE5(1.0),A,LUX,S14,S1,P31DC,_Z,_Z,CP083,XDC,V,N,T0117,2021,285.692,,F,1,A,6,EUR
OECD.SDD.NAD:DSD_NAMAIN10@DF_TABLE5(1.0),A,LUX,S14,S1,P31DC,_Z,_Z,CP12,XDC,V,N,T0117,2021,3417.602,,F,1,A,6,EUR
OECD.SDD.NAD:DSD_NAMAIN10@DF_TABLE5(1.0),A,LUX,S14,S1,P31DC,_Z,_Z,CP072,XDC,V,N,T0117,2021,2308.729,,F,1,A,6,EUR
OECD.SDD.NAD:DSD_NAMAIN10@DF_TABLE5(1.0),A,LUX,S14,S1,P31DC,_Z,_Z,CP06,XDC,V,N,T0117,2021,1043.583,,F,1,A,6,EUR
OECD.SDD.NAD:DSD_NAMAIN10@DF_TABLE5(1.0),A,LUX,S14,S1,P31DC,_Z,_Z,CP023,XDC,V,N,T0117,2021,38.054,,F,1,A,6,EUR
OECD.SDD.NAD:DSD_NAMAIN10@DF_TABLE5(1.0),A,LUX,S14,S1,P31DC,_Z,_Z,CP121,XDC,V,N,T0117,2021,471.886,,F,1,A,6,EUR
OECD.SDD.NAD:DSD_NAMAIN10@DF_TABLE5(1.0),A,LUX,S14,S1,P31DC,_Z,_Z,CP021,XDC,V,N,T0117,2021,559.189,,F,1,A,6,EUR
OECD.SDD.NAD:DSD_NAMAIN10@DF_TABLE5(1.0),A,LUX,S14,S1,P31DC,_Z,_Z,CP063,XDC,V,N,T0117,2021,203.611,,F,1,A,6,EUR
OECD.SDD.NAD:DSD_NAMAIN10@DF_TABLE5(1.0),A,LUX,S14,S1,P31DC,_Z,_Z,CP04,XDC,V,N,T0117,2021,5084.899,,F,1,A,6,EUR
OECD.SDD.NAD:DSD_NAMAIN10@DF_TABLE5(1.0),A,LUX,S14,S1,P31DC,_Z,_Z,CP126,XDC,V,N,T0117,2021,564.436,,F,1,A,6,EUR
OECD.SDD.NAD:DSD_NAMAIN10@DF_TABLE5(1.0),A,LUX,S14,S1,P31DC,_Z,_Z,CP012,XDC,V,N,T0117,2021,276.316,,F,1,A,6,EUR
OECD.SDD.NAD:DSD_NAMAIN10@DF_TABLE5(1.0),A,LUX,S14,S1,P31DC,_Z,_Z,CP05,XDC,V,N,T0117,2021,1564.041,,F,1,A,6,EUR
OECD.SDD.NAD:DSD_NAMAIN10@DF_TABLE5(1.0),A,LUX,S14,S1,P31DC,_Z,_Z,CP073,XDC,V,N,T0117,2021,140.041,,F,1,A,6,EUR
OECD.SDD.NAD:DSD_NAMAIN10@DF_TABLE5(1.0),A,LUX,S14,S1,P31DC,_Z,_Z,CP054,XDC,V,N,T0117,2021,99.629,,F,1,A,6,EUR
OECD.SDD.NAD:DSD_NAMAIN10@DF_TABLE5(1.0),A,LUX,S14,S1,P31DC,_Z,_Z,CP07,XDC,V,N,T0117,2021,3306.612,,F,1,A,6,EUR
OECD.SDD.NAD:DSD_NAMAIN10@DF_TABLE5(1.0),A,LUX,S14,S1,P31DC,_Z,_Z,CP08,XDC,V,N,T0117,2021,325.72,,F,1,A,6,EUR
OECD.SDD.NAD:DSD_NAMAIN10@DF_TABLE5(1.0),A,LUX,S14,S1,P31DC,_Z,_Z,CP11,XDC,V,N,T0117,2021,1252.78,,F,1,A,6,EUR
OECD.SDD.NAD:DSD_NAMAIN10@DF_TABLE5(1.0),A,LUX,S14,S1,P31DC,_Z,_Z,CP122_127,XDC,V,N,T0117,2021,1027.493,,F,1,A,6,EUR
OECD.SDD.NAD:DSD_NAMAIN10@DF_TABLE5(1.0),A,LUX,S14,S1,P31DC,_Z,_Z,CP112,XDC,V,N,T0117,2021,196.008,,F,1,A,6,EUR
OECD.SDD.NAD:DSD_NAMAIN10@DF_TABLE5(1.0),A,LUX,S14,S1,P31DC,_Z,_Z,CP081,XDC,V,N,T0117,2021,8.661,,F,1,A,6,EUR
OECD.SDD.NAD:DSD_NAMAIN10@DF_TABLE5(1.0),A,LUX,S14,S1,P31DC,_Z,_Z,CP127,XDC,V,N,T0117,2021,760.748,,F,1,A,6,EUR
OECD.SDD.NAD:DSD_NAMAIN10@DF_TABLE5(1.0),A,LUX,S14,S1,P31DC,_Z,_Z,CP10,XDC,V,N,T0117,2021,223.614,,F,1,A,6,EUR
OECD.SDD.NAD:DSD_NAMAIN10@DF_TABLE5(1.0),A,LUX,S14,S1,P31DC,_Z,_Z,CP092,XDC,V,N,T0117,2021,39.359,,F,1,A,6,EUR
OECD.SDD.NAD:DSD_NAMAIN10@DF_TABLE5(1.0),A,LUX,S14,S1,P31DC,_Z,_Z,CP124,XDC,V,N,T0117,2021,441.92,,F,1,A,6,EUR
OECD.SDD.NAD:DSD_NAMAIN10@DF_TABLE5(1.0),A,LUX,S14,S1,P31DC,_Z,_Z,CP095,XDC,V,N,T0117,2021,228.391,,F,1,A,6,EUR
OECD.SDD.NAD:DSD_NAMAIN10@DF_TABLE5(1.0),A,LUX,S14,S1,P31DC,_Z,_Z,CP061,XDC,V,N,T0117,2021,226.495,,F,1,A,6,EUR
OECD.SDD.NAD:DSD_NAMAIN10@DF_TABLE5(1.0),A,LUX,S14,S1,P31DC,_Z,_Z,CP111,XDC,V,N,T0117,2021,1056.772,,F,1,A,6,EUR
OECD.SDD.NAD:DSD_NAMAIN10@DF_TABLE5(1.0),A,LUX,S14,S1,P31DC,_Z,_Z,CP062,XDC,V,N,T0117,2021,613.477,,F,1,A,6,EUR
OECD.SDD.NAD:DSD_NAMAIN10@DF_TABLE5(1.0),A,LUX,S14,S1,P31DC,_Z,_Z,CP091,XDC,V,N,T0117,2021,176.393,,F,1,A,6,EUR
OECD.SDD.NAD:DSD_NAMAIN10@DF_TABLE5(1.0),A,LUX,S14,S1,P31DC,_Z,_Z,CP09,XDC,V,N,T0117,2021,1510.697,,F,1,A,6,EUR
OECD.SDD.NAD:DSD_NAMAIN10@DF_TABLE5(1.0),A,LUX,S14,S1,P31DC,_Z,_Z,CP055,XDC,V,N,T0117,2021,158.156,,F,1,A,6,EUR
OECD.SDD.NAD:DSD_NAMAIN10@DF_TABLE5(1.0),A,LUX,S14,S1,P31DC,_Z,_Z,CP02,XDC,V,N,T0117,2021,2024.314,,F,1,A,6,EUR
OECD.SDD.NAD:DSD_NAMAIN10@DF_TABLE5(1.0),A,LUX,S14,S1,P31DC,_Z,_Z,CP07,XDC,V,N,T0117,2022,3898.293,,F,1,A,6,EUR
OECD.SDD.NAD:DSD_NAMAIN10@DF_TABLE5(1.0),A,LUX,S14,S1,P31DC,_Z,_Z,CP08,XDC,V,N,T0117,2022,328.813,,F,1,A,6,EUR
OECD.SDD.NAD:DSD_NAMAIN10@DF_TABLE5(1.0),A,LUX,S14,S1,P31DC,_Z,_Z,CP11,XDC,V,N,T0117,2022,1695.536,,F,1,A,6,EUR
OECD.SDD.NAD:DSD_NAMAIN10@DF_TABLE5(1.0),A,LUX,S14,S1,P31DC,_Z,_Z,CP122_127,XDC,V,N,T0117,2022,1081.499,,F,1,A,6,EUR
OECD.SDD.NAD:DSD_NAMAIN10@DF_TABLE5(1.0),A,LUX,S14,S1,P31DC,_Z,_Z,CP112,XDC,V,N,T0117,2022,304.733,,F,1,A,6,EUR
OECD.SDD.NAD:DSD_NAMAIN10@DF_TABLE5(1.0),A,LUX,S14,S1,P31DC,_Z,_Z,CP09,XDC,V,N,T0117,2022,1731.606,,F,1,A,6,EUR
OECD.SDD.NAD:DSD_NAMAIN10@DF_TABLE5(1.0),A,LUX,S14,S1,P31DC,_Z,_Z,CP095,XDC,V,N,T0117,2022,238.715,,F,1,A,6,EUR
OECD.SDD.NAD:DSD_NAMAIN10@DF_TABLE5(1.0),A,LUX,S14,S1,P31DC,_Z,_Z,CP061,XDC,V,N,T0117,2022,236.372,,F,1,A,6,EUR
OECD.SDD.NAD:DSD_NAMAIN10@DF_TABLE5(1.0),A,LUX,S14,S1,P31DC,_Z,_Z,CP111,XDC,V,N,T0117,2022,1390.803,,F,1,A,6,EUR
OECD.SDD.NAD:DSD_NAMAIN10@DF_TABLE5(1.0),A,LUX,S14,S1,P31DC,_Z,_Z,CP062,XDC,V,N,T0117,2022,561.035,,F,1,A,6,EUR
OECD.SDD.NAD:DSD_NAMAIN10@DF_TABLE5(1.0),A,LUX,S14,S1,P31DC,_Z,_Z,CP091,XDC,V,N,T0117,2022,186.635,,F,1,A,6,EUR
OECD.SDD.NAD:DSD_NAMAIN10@DF_TABLE5(1.0),A,LUX,S14,S1,P31DC,_Z,_Z,CP055,XDC,V,N,T0117,2022,179.261,,F,1,A,6,EUR
OECD.SDD.NAD:DSD_NAMAIN10@DF_TABLE5(1.0),A,LUX,S14,S1,P31DC,_Z,_Z,CP02,XDC,V,N,T0117,2022,2361.109,,F,1,A,6,EUR
OECD.SDD.NAD:DSD_NAMAIN10@DF_TABLE5(1.0),A,LUX,S14,S1,P31DC,_Z,_Z,CP081,XDC,V,N,T0117,2022,8.84,,F,1,A,6,EUR
OECD.SDD.NAD:DSD_NAMAIN10@DF_TABLE5(1.0),A,LUX,S14,S1,P31DC,_Z,_Z,CP127,XDC,V,N,T0117,2022,773.802,,F,1,A,6,EUR
OECD.SDD.NAD:DSD_NAMAIN10@DF_TABLE5(1.0),A,LUX,S14,S1,P31DC,_Z,_Z,CP10,XDC,V,N,T0117,2022,236.298,,F,1,A,6,EUR
OECD.SDD.NAD:DSD_NAMAIN10@DF_TABLE5(1.0),A,LUX,S14,S1,P31DC,_Z,_Z,CP092,XDC,V,N,T0117,2022,41.099,,F,1,A,6,EUR
OECD.SDD.NAD:DSD_NAMAIN10@DF_TABLE5(1.0),A,LUX,S14,S1,P31DC,_Z,_Z,CP124,XDC,V,N,T0117,2022,549.222,,F,1,A,6,EUR
OECD.SDD.NAD:DSD_NAMAIN10@DF_TABLE5(1.0),A,LUX,S14,S1,P31DC,_Z,_Z,CP126,XDC,V,N,T0117,2022,586.812,,F,1,A,6,EUR
OECD.SDD.NAD:DSD_NAMAIN10@DF_TABLE5(1.0),A,LUX,S14,S1,P31DC,_Z,_Z,CP012,XDC,V,N,T0117,2022,292.533,,F,1,A,6,EUR
OECD.SDD.NAD:DSD_NAMAIN10@DF_TABLE5(1.0),A,LUX,S14,S1,P31DC,_Z,_Z,CP05,XDC,V,N,T0117,2022,1649.117,,F,1,A,6,EUR
OECD.SDD.NAD:DSD_NAMAIN10@DF_TABLE5(1.0),A,LUX,S14,S1,P31DC,_Z,_Z,CP073,XDC,V,N,T0117,2022,257.74,,F,1,A,6,EUR
OECD.SDD.NAD:DSD_NAMAIN10@DF_TABLE5(1.0),A,LUX,S14,S1,P31DC,_Z,_Z,CP054,XDC,V,N,T0117,2022,106.982,,F,1,A,6,EUR
OECD.SDD.NAD:DSD_NAMAIN10@DF_TABLE5(1.0),A,LUX,S14,S1,P31DC,_Z,_Z,CP021,XDC,V,N,T0117,2022,614.041,,F,1,A,6,EUR
OECD.SDD.NAD:DSD_NAMAIN10@DF_TABLE5(1.0),A,LUX,S14,S1,P31DC,_Z,_Z,CP063,XDC,V,N,T0117,2022,189.005,,F,1,A,6,EUR
OECD.SDD.NAD:DSD_NAMAIN10@DF_TABLE5(1.0),A,LUX,S14,S1,P31DC,_Z,_Z,CP04,XDC,V,N,T0117,2022,5396.03,,F,1,A,6,EUR
OECD.SDD.NAD:DSD_NAMAIN10@DF_TABLE5(1.0),A,LUX,S14,S1,P31DC,_Z,_Z,CP023,XDC,V,N,T0117,2022,41.071,,F,1,A,6,EUR
OECD.SDD.NAD:DSD_NAMAIN10@DF_TABLE5(1.0),A,LUX,S14,S1,P31DC,_Z,_Z,CP121,XDC,V,N,T0117,2022,521.298,,F,1,A,6,EUR
OECD.SDD.NAD:DSD_NAMAIN10@DF_TABLE5(1.0),A,LUX,S14,S1,P31DC,_Z,_Z,CP083,XDC,V,N,T0117,2022,286.908,,F,1,A,6,EUR
OECD.SDD.NAD:DSD_NAMAIN10@DF_TABLE5(1.0),A,LUX,S14,S1,P31DC,_Z,_Z,CP072,XDC,V,N,T0117,2022,2845.397,,F,1,A,6,EUR
OECD.SDD.NAD:DSD_NAMAIN10@DF_TABLE5(1.0),A,LUX,S14,S1,P31DC,_Z,_Z,CP06,XDC,V,N,T0117,2022,986.412,,F,1,A,6,EUR
OECD.SDD.NAD:DSD_NAMAIN10@DF_TABLE5(1.0),A,LUX,S14,S1,P31DC,_Z,_Z,CP12,XDC,V,N,T0117,2022,3554.207,,F,1,A,6,EUR
OECD.SDD.NAD:DSD_NAMAIN10@DF_TABLE5(1.0),A,LUX,S14,S1,P31DC,_Z,_Z,CP053,XDC,V,N,T0117,2022,165.45,,F,1,A,6,EUR
OECD.SDD.NAD:DSD_NAMAIN10@DF_TABLE5(1.0),A,LUX,S14,S1,P31DC,_Z,_Z,CP101,XDC,V,N,T0117,2022,30.666,,F,1,A,6,EUR
OECD.SDD.NAD:DSD_NAMAIN10@DF_TABLE5(1.0),A,LUX,S14,S1,P31DC,_Z,_Z,CP122,XDC,V,N,T0117,2022,307.697,,F,1,A,6,EUR
OECD.SDD.NAD:DSD_NAMAIN10@DF_TABLE5(1.0),A,LUX,S14,S1,P31DC,_Z,_Z,CP096,XDC,V,N,T0117,2022,308.079,,F,1,A,6,EUR
OECD.SDD.NAD:DSD_NAMAIN10@DF_TABLE5(1.0),A,LUX,S14,S1,P31DC,_Z,_Z,CP082,XDC,V,N,T0117,2022,33.065,,F,1,A,6,EUR
OECD.SDD.NAD:DSD_NAMAIN10@DF_TABLE5(1.0),A,LUX,S14,S1,P31DC,_Z,_Z,CP031,XDC,V,N,T0117,2022,903.171,,F,1,A,6,EUR
OECD.SDD.NAD:DSD_NAMAIN10@DF_TABLE5(1.0),A,LUX,S14,S1,P31DC,_Z,_Z,CP043,XDC,V,N,T0117,2022,372.421,,F,1,A,6,EUR
OECD.SDD.NAD:DSD_NAMAIN10@DF_TABLE5(1.0),A,LUX,S14,S1,P31DC,_Z,_Z,CP102,XDC,V,N,T0117,2022,68.289,,F,1,A,6,EUR
OECD.SDD.NAD:DSD_NAMAIN10@DF_TABLE5(1.0),A,LUX,S14,S1,P31DC,_Z,_Z,CP045,XDC,V,N,T0117,2022,631.662,,F,1,A,6,EUR
OECD.SDD.NAD:DSD_NAMAIN10@DF_TABLE5(1.0),A,LUX,S14,S1,P31DC,_Z,_Z,CP032,XDC,V,N,T0117,2022,180.806,,F,1,A,6,EUR
OECD.SDD.NAD:DSD_NAMAIN10@DF_TABLE5(1.0),A,LUX,S14,S1,P31DC,_Z,_Z,CP041,XDC,V,N,T0117,2022,1137.921,,F,1,A,6,EUR
OECD.SDD.NAD:DSD_NAMAIN10@DF_TABLE5(1.0),A,LUX,S14,S1,P31DC,_Z,_Z,CP071,XDC,V,N,T0117,2022,795.157,,F,1,A,6,EUR
OECD.SDD.NAD:DSD_NAMAIN10@DF_TABLE5(1.0),A,LUX,S14,S1,P31DC,_Z,_Z,CP052,XDC,V,N,T0117,2022,141.178,,F,1,A,6,EUR
OECD.SDD.NAD:DSD_NAMAIN10@DF_TABLE5(1.0),A,LUX,S14,S1,P31DC,_Z,_Z,CP105,XDC,V,N,T0117,2022,127.688,,F,1,A,6,EUR
OECD.SDD.NAD:DSD_NAMAIN10@DF_TABLE5(1.0),A,LUX,S14,S1,P31DC,_Z,_Z,CP094,XDC,V,N,T0117,2022,656.107,,F,1,A,6,EUR
OECD.SDD.NAD:DSD_NAMAIN10@DF_TABLE5(1.0),A,LUX,S14,S1,P31DC,_Z,_Z,CP044,XDC,V,N,T0117,2022,340.033,,F,1,A,6,EUR
OECD.SDD.NAD:DSD_NAMAIN10@DF_TABLE5(1.0),A,LUX,S14,S1,P31DC,_Z,_Z,CP093,XDC,V,N,T0117,2022,300.972,,F,1,A,6,EUR
OECD.SDD.NAD:DSD_NAMAIN10@DF_TABLE5(1.0),A,LUX,S14,S1,P31DC,_Z,_Z,CP03,XDC,V,N,T0117,2022,1083.977,,F,1,A,6,EUR
OECD.SDD.NAD:DSD_NAMAIN10@DF_TABLE5(1.0),A,LUX,S14,S1,P31DC,_Z,_Z,CP125,XDC,V,N,T0117,2022,520.765,,F,1,A,6,EUR
OECD.SDD.NAD:DSD_NAMAIN10@DF_TABLE5(1.0),A,LUX,S14,S1,P31DC,_Z,_Z,CP123,XDC,V,N,T0117,2022,294.611,,F,1,A,6,EUR
OECD.SDD.NAD:DSD_NAMAIN10@DF_TABLE5(1.0),A,LUX,S14,S1,P31DC,_Z,_Z,CP104,XDC,V,N,T0117,2022,9.655,,F,1,A,6,EUR
OECD.SDD.NAD:DSD_NAMAIN10@DF_TABLE5(1.0),A,LUX,S14,S1,P31DC,_Z,_Z,CP01,XDC,V,N,T0117,2022,2425.974,,F,1,A,6,EUR
OECD.SDD.NAD:DSD_NAMAIN10@DF_TABLE5(1.0),A,LUX,S14,S1,P31DC,_Z,_Z,CP056,XDC,V,N,T0117,2022,581.378,,F,1,A,6,EUR
OECD.SDD.NAD:DSD_NAMAIN10@DF_TABLE5(1.0),A,LUX,S14,S1,P31DC,_Z,_Z,CP051,XDC,V,N,T0117,2022,474.869,,F,1,A,6,EUR
OECD.SDD.NAD:DSD_NAMAIN10@DF_TABLE5(1.0),A,LUX,S14,S1,P31DC,_Z,_Z,CP011,XDC,V,N,T0117,2022,2133.441,,F,1,A,6,EUR
OECD.SDD.NAD:DSD_NAMAIN10@DF_TABLE5(1.0),A,LUX,S14,S1,P31DC,_Z,_Z,CP103,XDC,V,N,T0117,2023,0,,F,1,A,6,EUR
OECD.SDD.NAD:DSD_NAMAIN10@DF_TABLE5(1.0),A,LUX,S14,S1,P31DC,_Z,_Z,_T,XDC,V,N,T0117,2021,22976.056,,F,1,A,6,EUR
OECD.SDD.NAD:DSD_NAMAIN10@DF_TABLE5(1.0),A,LUX,S14,S1,P31DC,_Z,_Z,_T,XDC,V,N,T0117,2022,25347.396,,F,1,A,6,EUR
OECD.SDD.NAD:DSD_NAMAIN10@DF_TABLE5(1.0),A,LUX,S14,S1,P31DC,_Z,_Z,CP054,XDC,V,N,T0117,2023,111.778,,F,1,A,6,EUR
OECD.SDD.NAD:DSD_NAMAIN10@DF_TABLE5(1.0),A,LUX,S14,S1,P31DC,_Z,_Z,CP073,XDC,V,N,T0117,2023,293.426,,F,1,A,6,EUR
OECD.SDD.NAD:DSD_NAMAIN10@DF_TABLE5(1.0),A,LUX,S14,S1,P31DC,_Z,_Z,CP05,XDC,V,N,T0117,2023,1748.318,,F,1,A,6,EUR
OECD.SDD.NAD:DSD_NAMAIN10@DF_TABLE5(1.0),A,LUX,S14,S1,P31DC,_Z,_Z,CP012,XDC,V,N,T0117,2023,319.462,,F,1,A,6,EUR
OECD.SDD.NAD:DSD_NAMAIN10@DF_TABLE5(1.0),A,LUX,S14,S1,P31DC,_Z,_Z,CP126,XDC,V,N,T0117,2023,639.639,,F,1,A,6,EUR
OECD.SDD.NAD:DSD_NAMAIN10@DF_TABLE5(1.0),A,LUX,S14,S1,P31DC,_Z,_Z,CP121,XDC,V,N,T0117,2023,577.602,,F,1,A,6,EUR
OECD.SDD.NAD:DSD_NAMAIN10@DF_TABLE5(1.0),A,LUX,S14,S1,P31DC,_Z,_Z,CP023,XDC,V,N,T0117,2023,43.904,,F,1,A,6,EUR
OECD.SDD.NAD:DSD_NAMAIN10@DF_TABLE5(1.0),A,LUX,S14,S1,P31DC,_Z,_Z,CP063,XDC,V,N,T0117,2023,236.782,,F,1,A,6,EUR
OECD.SDD.NAD:DSD_NAMAIN10@DF_TABLE5(1.0),A,LUX,S14,S1,P31DC,_Z,_Z,CP04,XDC,V,N,T0117,2023,5545.783,,F,1,A,6,EUR
OECD.SDD.NAD:DSD_NAMAIN10@DF_TABLE5(1.0),A,LUX,S14,S1,P31DC,_Z,_Z,CP021,XDC,V,N,T0117,2023,657.082,,F,1,A,6,EUR
OECD.SDD.NAD:DSD_NAMAIN10@DF_TABLE5(1.0),A,LUX,S14,S1,P31DC,_Z,_Z,CP072,XDC,V,N,T0117,2023,2681.456,,F,1,A,6,EUR
OECD.SDD.NAD:DSD_NAMAIN10@DF_TABLE5(1.0),A,LUX,S14,S1,P31DC,_Z,_Z,CP06,XDC,V,N,T0117,2023,1185.438,,F,1,A,6,EUR
OECD.SDD.NAD:DSD_NAMAIN10@DF_TABLE5(1.0),A,LUX,S14,S1,P31DC,_Z,_Z,CP12,XDC,V,N,T0117,2023,4076.817,,F,1,A,6,EUR
OECD.SDD.NAD:DSD_NAMAIN10@DF_TABLE5(1.0),A,LUX,S14,S1,P31DC,_Z,_Z,CP083,XDC,V,N,T0117,2023,290.301,,F,1,A,6,EUR
OECD.SDD.NAD:DSD_NAMAIN10@DF_TABLE5(1.0),A,LUX,S14,S1,P31DC,_Z,_Z,CP081,XDC,V,N,T0117,2023,10.276,,F,1,A,6,EUR
OECD.SDD.NAD:DSD_NAMAIN10@DF_TABLE5(1.0),A,LUX,S14,S1,P31DC,_Z,_Z,CP02,XDC,V,N,T0117,2023,2663.816,,F,1,A,6,EUR
OECD.SDD.NAD:DSD_NAMAIN10@DF_TABLE5(1.0),A,LUX,S14,S1,P31DC,_Z,_Z,CP127,XDC,V,N,T0117,2023,800.272,,F,1,A,6,EUR
OECD.SDD.NAD:DSD_NAMAIN10@DF_TABLE5(1.0),A,LUX,S14,S1,P31DC,_Z,_Z,CP10,XDC,V,N,T0117,2023,251.082,,F,1,A,6,EUR
OECD.SDD.NAD:DSD_NAMAIN10@DF_TABLE5(1.0),A,LUX,S14,S1,P31DC,_Z,_Z,CP092,XDC,V,N,T0117,2023,42.752,,F,1,A,6,EUR
OECD.SDD.NAD:DSD_NAMAIN10@DF_TABLE5(1.0),A,LUX,S14,S1,P31DC,_Z,_Z,CP124,XDC,V,N,T0117,2023,622.276,,F,1,A,6,EUR
OECD.SDD.NAD:DSD_NAMAIN10@DF_TABLE5(1.0),A,LUX,S14,S1,P31DC,_Z,_Z,CP055,XDC,V,N,T0117,2023,187.691,,F,1,A,6,EUR
OECD.SDD.NAD:DSD_NAMAIN10@DF_TABLE5(1.0),A,LUX,S14,S1,P31DC,_Z,_Z,CP111,XDC,V,N,T0117,2023,1593.635,,F,1,A,6,EUR
OECD.SDD.NAD:DSD_NAMAIN10@DF_TABLE5(1.0),A,LUX,S14,S1,P31DC,_Z,_Z,CP062,XDC,V,N,T0117,2023,707.055,,F,1,A,6,EUR
OECD.SDD.NAD:DSD_NAMAIN10@DF_TABLE5(1.0),A,LUX,S14,S1,P31DC,_Z,_Z,CP091,XDC,V,N,T0117,2023,194.112,,F,1,A,6,EUR
OECD.SDD.NAD:DSD_NAMAIN10@DF_TABLE5(1.0),A,LUX,S14,S1,P31DC,_Z,_Z,CP095,XDC,V,N,T0117,2023,249.456,,F,1,A,6,EUR
OECD.SDD.NAD:DSD_NAMAIN10@DF_TABLE5(1.0),A,LUX,S14,S1,P31DC,_Z,_Z,CP061,XDC,V,N,T0117,2023,241.602,,F,1,A,6,EUR
OECD.SDD.NAD:DSD_NAMAIN10@DF_TABLE5(1.0),A,LUX,S14,S1,P31DC,_Z,_Z,CP09,XDC,V,N,T0117,2023,1879.348,,F,1,A,6,EUR
OECD.SDD.NAD:DSD_NAMAIN10@DF_TABLE5(1.0),A,LUX,S14,S1,P31DC,_Z,_Z,CP08,XDC,V,N,T0117,2023,333.734,,F,1,A,6,EUR
OECD.SDD.NAD:DSD_NAMAIN10@DF_TABLE5(1.0),A,LUX,S14,S1,P31DC,_Z,_Z,CP07,XDC,V,N,T0117,2023,3906.133,,F,1,A,6,EUR
OECD.SDD.NAD:DSD_NAMAIN10@DF_TABLE5(1.0),A,LUX,S14,S1,P31DC,_Z,_Z,CP112,XDC,V,N,T0117,2023,338.876,,F,1,A,6,EUR
OECD.SDD.NAD:DSD_NAMAIN10@DF_TABLE5(1.0),A,LUX,S14,S1,P31DC,_Z,_Z,_T,XDC,V,N,T0117,2023,27240.654,,F,1,A,6,EUR
OECD.SDD.NAD:DSD_NAMAIN10@DF_TABLE5(1.0),A,LUX,S14,S1,P31DC,_Z,_Z,CP11,XDC,V,N,T0117,2023,1932.511,,F,1,A,6,EUR
OECD.SDD.NAD:DSD_NAMAIN10@DF_TABLE5(1.0),A,LUX,S14,S1,P31DC,_Z,_Z,CP122_127,XDC,V,N,T0117,2023,1148.993,,F,1,A,6,EUR
OECD.SDD.NAD:DSD_NAMAIN10@DF_TABLE5(1.0),A,LUX,S14,S1,P31DC,_Z,_Z,CP051,XDC,V,N,T0117,2023,516.145,,F,1,A,6,EUR
OECD.SDD.NAD:DSD_NAMAIN10@DF_TABLE5(1.0),A,LUX,S14,S1,P31DC,_Z,_Z,CP011,XDC,V,N,T0117,2023,2297.421,,F,1,A,6,EUR
OECD.SDD.NAD:DSD_NAMAIN10@DF_TABLE5(1.0),A,LUX,S14,S1,P31DC,_Z,_Z,CP022,XDC,V,N,T0117,2023,1962.831,,F,1,A,6,EUR
OECD.SDD.NAD:DSD_NAMAIN10@DF_TABLE5(1.0),A,LUX,S14,S1,P31DC,_Z,_Z,CP104,XDC,V,N,T0117,2023,10.961,,F,1,A,6,EUR
OECD.SDD.NAD:DSD_NAMAIN10@DF_TABLE5(1.0),A,LUX,S14,S1,P31DC,_Z,_Z,CP01,XDC,V,N,T0117,2023,2616.882,,F,1,A,6,EUR
OECD.SDD.NAD:DSD_NAMAIN10@DF_TABLE5(1.0),A,LUX,S14,S1,P31DC,_Z,_Z,CP056,XDC,V,N,T0117,2023,619.043,,F,1,A,6,EUR
OECD.SDD.NAD:DSD_NAMAIN10@DF_TABLE5(1.0),A,LUX,S14,S1,P31DC,_Z,_Z,CP093,XDC,V,N,T0117,2023,328.747,,F,1,A,6,EUR
OECD.SDD.NAD:DSD_NAMAIN10@DF_TABLE5(1.0),A,LUX,S14,S1,P31DC,_Z,_Z,CP03,XDC,V,N,T0117,2023,1100.762,,F,1,A,6,EUR
OECD.SDD.NAD:DSD_NAMAIN10@DF_TABLE5(1.0),A,LUX,S14,S1,P31DC,_Z,_Z,CP125,XDC,V,N,T0117,2023,782.987,,F,1,A,6,EUR
OECD.SDD.NAD:DSD_NAMAIN10@DF_TABLE5(1.0),A,LUX,S14,S1,P31DC,_Z,_Z,CP123,XDC,V,N,T0117,2023,305.321,,F,1,A,6,EUR
OECD.SDD.NAD:DSD_NAMAIN10@DF_TABLE5(1.0),A,LUX,S14,S1,P31DC,_Z,_Z,CP044,XDC,V,N,T0117,2023,352.054,,F,1,A,6,EUR
OECD.SDD.NAD:DSD_NAMAIN10@DF_TABLE5(1.0),A,LUX,S14,S1,P31DC,_Z,_Z,CP052,XDC,V,N,T0117,2023,145.678,,F,1,A,6,EUR
OECD.SDD.NAD:DSD_NAMAIN10@DF_TABLE5(1.0),A,LUX,S14,S1,P31DC,_Z,_Z,CP042,XDC,V,N,T0117,2023,3015.359,,F,1,A,6,EUR
OECD.SDD.NAD:DSD_NAMAIN10@DF_TABLE5(1.0),A,LUX,S14,S1,P31DC,_Z,_Z,CP071,XDC,V,N,T0117,2023,931.25,,F,1,A,6,EUR
OECD.SDD.NAD:DSD_NAMAIN10@DF_TABLE5(1.0),A,LUX,S14,S1,P31DC,_Z,_Z,CP094,XDC,V,N,T0117,2023,730.697,,F,1,A,6,EUR
OECD.SDD.NAD:DSD_NAMAIN10@DF_TABLE5(1.0),A,LUX,S14,S1,P31DC,_Z,_Z,CP105,XDC,V,N,T0117,2023,146.635,,F,1,A,6,EUR
OECD.SDD.NAD:DSD_NAMAIN10@DF_TABLE5(1.0),A,LUX,S14,S1,P31DC,_Z,_Z,CP032,XDC,V,N,T0117,2023,173.952,,F,1,A,6,EUR
OECD.SDD.NAD:DSD_NAMAIN10@DF_TABLE5(1.0),A,LUX,S14,S1,P31DC,_Z,_Z,CP041,XDC,V,N,T0117,2023,1176.548,,F,1,A,6,EUR
OECD.SDD.NAD:DSD_NAMAIN10@DF_TABLE5(1.0),A,LUX,S14,S1,P31DC,_Z,_Z,CP031,XDC,V,N,T0117,2023,926.81,,F,1,A,6,EUR
OECD.SDD.NAD:DSD_NAMAIN10@DF_TABLE5(1.0),A,LUX,S14,S1,P31DC,_Z,_Z,CP043,XDC,V,N,T0117,2023,429.748,,F,1,A,6,EUR
OECD.SDD.NAD:DSD_NAMAIN10@DF_TABLE5(1.0),A,LUX,S14,S1,P31DC,_Z,_Z,CP045,XDC,V,N,T0117,2023,572.074,,F,1,A,6,EUR
OECD.SDD.NAD:DSD_NAMAIN10@DF_TABLE5(1.0),A,LUX,S14,S1,P31DC,_Z,_Z,CP102,XDC,V,N,T0117,2023,59.906,,F,1,A,6,EUR
OECD.SDD.NAD:DSD_NAMAIN10@DF_TABLE5(1.0),A,LUX,S14,S1,P31DC,_Z,_Z,CP053,XDC,V,N,T0117,2023,167.983,,F,1,A,6,EUR
OECD.SDD.NAD:DSD_NAMAIN10@DF_TABLE5(1.0),A,LUX,S14,S1,P31DC,_Z,_Z,CP122,XDC,V,N,T0117,2023,348.721,,F,1,A,6,EUR
OECD.SDD.NAD:DSD_NAMAIN10@DF_TABLE5(1.0),A,LUX,S14,S1,P31DC,_Z,_Z,CP101,XDC,V,N,T0117,2023,33.58,,F,1,A,6,EUR
OECD.SDD.NAD:DSD_NAMAIN10@DF_TABLE5(1.0),A,LUX,S14,S1,P31DC,_Z,_Z,CP096,XDC,V,N,T0117,2023,333.584,,F,1,A,6,EUR
OECD.SDD.NAD:DSD_NAMAIN10@DF_TABLE5(1.0),A,LUX,S14,S1,P31DC,_Z,_Z,CP082,XDC,V,N,T0117,2023,33.157,,F,1,A,6,EUR
OECD.SDD.NAD:DSD_NAMAIN10@DF_TABLE5(1.0),A,LTU,S14,S1,P31DC,_Z,_Z,_T,XDC,V,N,T0117,2021,31730.262,,F,1,A,6,EUR
OECD.SDD.NAD:DSD_NAMAIN10@DF_TABLE5(1.0),A,SVK,S14,S1,P31DC,_Z,_Z,CP12,XDC,V,N,T0117,2021,4841.935,,F,1,A,6,EUR
OECD.SDD.NAD:DSD_NAMAIN10@DF_TABLE5(1.0),A,SVK,S14,S1,P31DC,_Z,_Z,_T,XDC,V,N,T0117,2021,55049.173,,F,1,A,6,EUR
OECD.SDD.NAD:DSD_NAMAIN10@DF_TABLE5(1.0),A,SVK,S14,S1,P31DC,_Z,_Z,CP125,XDC,V,N,T0117,2021,804.129,,F,1,A,6,EUR
OECD.SDD.NAD:DSD_NAMAIN10@DF_TABLE5(1.0),A,FIN,S14,S1,P31DC,_Z,_Z,CP063,XDC,V,N,T0117,2022,801,,F,1,A,6,EUR
OECD.SDD.NAD:DSD_NAMAIN10@DF_TABLE5(1.0),A,FIN,S14,S1,P31DC,_Z,_Z,_T,XDC,V,N,T0117,2022,129372,,F,1,A,6,EUR
OECD.SDD.NAD:DSD_NAMAIN10@DF_TABLE5(1.0),A,FIN,S14,S1,P31DC,_Z,_Z,CP06,XDC,V,N,T0117,2022,5522,,F,1,A,6,EUR
OECD.SDD.NAD:DSD_NAMAIN10@DF_TABLE5(1.0),A,FIN,S14,S1,P31DC,_Z,_Z,CP021,XDC,V,N,T0117,2022,3540,,F,1,A,6,EUR
OECD.SDD.NAD:DSD_NAMAIN10@DF_TABLE5(1.0),A,FIN,S14,S1,P31DC,_Z,_Z,CP062,XDC,V,N,T0117,2022,2592,,F,1,A,6,EUR
OECD.SDD.NAD:DSD_NAMAIN10@DF_TABLE5(1.0),A,FIN,S14,S1,P31DC,_Z,_Z,CP072,XDC,V,N,T0117,2022,8753,,F,1,A,6,EUR
OECD.SDD.NAD:DSD_NAMAIN10@DF_TABLE5(1.0),A,FIN,S14,S1,P31DC,_Z,_Z,CP09,XDC,V,N,T0117,2022,11808,,F,1,A,6,EUR
OECD.SDD.NAD:DSD_NAMAIN10@DF_TABLE5(1.0),A,FIN,S14,S1,P31DC,_Z,_Z,CP02,XDC,V,N,T0117,2022,5686,,F,1,A,6,EUR
OECD.SDD.NAD:DSD_NAMAIN10@DF_TABLE5(1.0),A,FIN,S14,S1,P31DC,_Z,_Z,CP056,XDC,V,N,T0117,2022,1386,,F,1,A,6,EUR
OECD.SDD.NAD:DSD_NAMAIN10@DF_TABLE5(1.0),A,FIN,S14,S1,P31DC,_Z,_Z,CP093,XDC,V,N,T0117,2022,3190,,F,1,A,6,EUR
OECD.SDD.NAD:DSD_NAMAIN10@DF_TABLE5(1.0),A,FIN,S14,S1,P31DC,_Z,_Z,CP07,XDC,V,N,T0117,2022,14462,,F,1,A,6,EUR
OECD.SDD.NAD:DSD_NAMAIN10@DF_TABLE5(1.0),A,FIN,S14,S1,P31DC,_Z,_Z,CP094,XDC,V,N,T0117,2022,4201,,F,1,A,6,EUR
OECD.SDD.NAD:DSD_NAMAIN10@DF_TABLE5(1.0),A,FIN,S14,S1,P31DC,_Z,_Z,CP073,XDC,V,N,T0117,2022,2087,,F,1,A,6,EUR
OECD.SDD.NAD:DSD_NAMAIN10@DF_TABLE5(1.0),A,FIN,S14,S1,P31DC,_Z,_Z,CP05,XDC,V,N,T0117,2022,6036,,F,1,A,6,EUR
OECD.SDD.NAD:DSD_NAMAIN10@DF_TABLE5(1.0),A,GRC,S14,S1,P31DC,_Z,_Z,_T,XDC,V,N,T0117,2022,159758.467,,F,1,A,6,EUR
OECD.SDD.NAD:DSD_NAMAIN10@DF_TABLE5(1.0),A,LTU,S14,S1,P31DC,_Z,_Z,_T,XDC,V,N,T0117,2022,38228.488,,F,1,A,6,EUR
OECD.SDD.NAD:DSD_NAMAIN10@DF_TABLE5(1.0),A,SVK,S14,S1,P31DC,_Z,_Z,_T,XDC,V,N,T0117,2022,64143.231,,F,1,A,6,EUR
OECD.SDD.NAD:DSD_NAMAIN10@DF_TABLE5(1.0),A,SVK,S14,S1,P31DC,_Z,_Z,CP111,XDC,V,N,T0117,2022,3531.9,,F,1,A,6,EUR
OECD.SDD.NAD:DSD_NAMAIN10@DF_TABLE5(1.0),A,SVK,S14,S1,P31DC,_Z,_Z,CP11,XDC,V,N,T0117,2022,3876.033,,F,1,A,6,EUR
OECD.SDD.NAD:DSD_NAMAIN10@DF_TABLE5(1.0),A,FIN,S14,S1,P31DC,_Z,_Z,CP056,XDC,V,N,T0117,2023,1358,,F,1,A,6,EUR
OECD.SDD.NAD:DSD_NAMAIN10@DF_TABLE5(1.0),A,FIN,S14,S1,P31DC,_Z,_Z,CP105,XDC,V,N,T0117,2023,431,,F,1,A,6,EUR
OECD.SDD.NAD:DSD_NAMAIN10@DF_TABLE5(1.0),A,FIN,S14,S1,P31DC,_Z,_Z,CP011,XDC,V,N,T0117,2023,15008,,F,1,A,6,EUR
OECD.SDD.NAD:DSD_NAMAIN10@DF_TABLE5(1.0),A,FIN,S14,S1,P31DC,_Z,_Z,CP096,XDC,V,N,T0117,2023,1135,,F,1,A,6,EUR
OECD.SDD.NAD:DSD_NAMAIN10@DF_TABLE5(1.0),A,FIN,S14,S1,P31DC,_Z,_Z,CP12,XDC,V,N,T0117,2023,16205,,F,1,A,6,EUR
OECD.SDD.NAD:DSD_NAMAIN10@DF_TABLE5(1.0),A,FIN,S14,S1,P31DC,_Z,_Z,CP032,XDC,V,N,T0117,2023,1008,,F,1,A,6,EUR
OECD.SDD.NAD:DSD_NAMAIN10@DF_TABLE5(1.0),A,FIN,S14,S1,P31DC,_Z,_Z,CP051,XDC,V,N,T0117,2023,1800,,F,1,A,6,EUR
OECD.SDD.NAD:DSD_NAMAIN10@DF_TABLE5(1.0),A,FIN,S14,S1,P31DC,_Z,_Z,CP083,XDC,V,N,T0117,2023,2576,,F,1,A,6,EUR
OECD.SDD.NAD:DSD_NAMAIN10@DF_TABLE5(1.0),A,FIN,S14,S1,P31DC,_Z,_Z,CP02,XDC,V,N,T0117,2023,5736,,F,1,A,6,EUR
OECD.SDD.NAD:DSD_NAMAIN10@DF_TABLE5(1.0),A,FIN,S14,S1,P31DC,_Z,_Z,CP09,XDC,V,N,T0117,2023,11942,,F,1,A,6,EUR
OECD.SDD.NAD:DSD_NAMAIN10@DF_TABLE5(1.0),A,FIN,S14,S1,P31DC,_Z,_Z,CP03,XDC,V,N,T0117,2023,5114,,F,1,A,6,EUR
OECD.SDD.NAD:DSD_NAMAIN10@DF_TABLE5(1.0),A,FIN,S14,S1,P31DC,_Z,_Z,CP092,XDC,V,N,T0117,2023,958,,F,1,A,6,EUR
OECD.SDD.NAD:DSD_NAMAIN10@DF_TABLE5(1.0),A,FIN,S14,S1,P31DC,_Z,_Z,CP091,XDC,V,N,T0117,2023,1238,,F,1,A,6,EUR
OECD.SDD.NAD:DSD_NAMAIN10@DF_TABLE5(1.0),A,FIN,S14,S1,P31DC,_Z,_Z,CP095,XDC,V,N,T0117,2023,1183,,F,1,A,6,EUR
OECD.SDD.NAD:DSD_NAMAIN10@DF_TABLE5(1.0),A,FIN,S14,S1,P31DC,_Z,_Z,CP043,XDC,V,N,T0117,2023,230,,F,1,A,6,EUR
OECD.SDD.NAD:DSD_NAMAIN10@DF_TABLE5(1.0),A,FIN,S14,S1,P31DC,_Z,_Z,CP021,XDC,V,N,T0117,2023,3547,,F,1,A,6,EUR
OECD.SDD.NAD:DSD_NAMAIN10@DF_TABLE5(1.0),A,FIN,S14,S1,P31DC,_Z,_Z,CP042,XDC,V,N,T0117,2023,23064,,F,1,A,6,EUR
OECD.SDD.NAD:DSD_NAMAIN10@DF_TABLE5(1.0),A,FIN,S14,S1,P31DC,_Z,_Z,CP072,XDC,V,N,T0117,2023,8585,,F,1,A,6,EUR
OECD.SDD.NAD:DSD_NAMAIN10@DF_TABLE5(1.0),A,FIN,S14,S1,P31DC,_Z,_Z,CP122_127,XDC,V,N,T0117,2023,1471,,F,1,A,6,EUR
OECD.SDD.NAD:DSD_NAMAIN10@DF_TABLE5(1.0),A,FIN,S14,S1,P31DC,_Z,_Z,CP062,XDC,V,N,T0117,2023,2610,,F,1,A,6,EUR
OECD.SDD.NAD:DSD_NAMAIN10@DF_TABLE5(1.0),A,FIN,S14,S1,P31DC,_Z,_Z,CP04,XDC,V,N,T0117,2023,39971,,F,1,A,6,EUR
OECD.SDD.NAD:DSD_NAMAIN10@DF_TABLE5(1.0),A,FIN,S14,S1,P31DC,_Z,_Z,_T,XDC,V,N,T0117,2023,134797,,F,1,A,6,EUR
OECD.SDD.NAD:DSD_NAMAIN10@DF_TABLE5(1.0),A,FIN,S14,S1,P31DC,_Z,_Z,CP06,XDC,V,N,T0117,2023,5629,,F,1,A,6,EUR
OECD.SDD.NAD:DSD_NAMAIN10@DF_TABLE5(1.0),A,FIN,S14,S1,P31DC,_Z,_Z,CP052,XDC,V,N,T0117,2023,539,,F,1,A,6,EUR
OECD.SDD.NAD:DSD_NAMAIN10@DF_TABLE5(1.0),A,FIN,S14,S1,P31DC,_Z,_Z,CP127,XDC,V,N,T0117,2023,1291,,F,1,A,6,EUR
OECD.SDD.NAD:DSD_NAMAIN10@DF_TABLE5(1.0),A,FIN,S14,S1,P31DC,_Z,_Z,CP111,XDC,V,N,T0117,2023,8236,,F,1,A,6,EUR
OECD.SDD.NAD:DSD_NAMAIN10@DF_TABLE5(1.0),A,FIN,S14,S1,P31DC,_Z,_Z,CP063,XDC,V,N,T0117,2023,807,,F,1,A,6,EUR
OECD.SDD.NAD:DSD_NAMAIN10@DF_TABLE5(1.0),A,FIN,S14,S1,P31DC,_Z,_Z,CP022,XDC,V,N,T0117,2023,1863,,F,1,A,6,EUR
OECD.SDD.NAD:DSD_NAMAIN10@DF_TABLE5(1.0),A,FIN,S14,S1,P31DC,_Z,_Z,CP071,XDC,V,N,T0117,2023,3906,,F,1,A,6,EUR
OECD.SDD.NAD:DSD_NAMAIN10@DF_TABLE5(1.0),A,FIN,S14,S1,P31DC,_Z,_Z,CP123,XDC,V,N,T0117,2023,664,,F,1,A,6,EUR
OECD.SDD.NAD:DSD_NAMAIN10@DF_TABLE5(1.0),A,FIN,S14,S1,P31DC,_Z,_Z,CP126,XDC,V,N,T0117,2023,4910,,F,1,A,6,EUR
OECD.SDD.NAD:DSD_NAMAIN10@DF_TABLE5(1.0),A,FIN,S14,S1,P31DC,_Z,_Z,CP073,XDC,V,N,T0117,2023,2520,,F,1,A,6,EUR
OECD.SDD.NAD:DSD_NAMAIN10@DF_TABLE5(1.0),A,FIN,S14,S1,P31DC,_Z,_Z,CP055,XDC,V,N,T0117,2023,722,,F,1,A,6,EUR
OECD.SDD.NAD:DSD_NAMAIN10@DF_TABLE5(1.0),A,FIN,S14,S1,P31DC,_Z,_Z,CP125,XDC,V,N,T0117,2023,3411,,F,1,A,6,EUR
OECD.SDD.NAD:DSD_NAMAIN10@DF_TABLE5(1.0),A,FIN,S14,S1,P31DC,_Z,_Z,CP05,XDC,V,N,T0117,2023,5677,,F,1,A,6,EUR
OECD.SDD.NAD:DSD_NAMAIN10@DF_TABLE5(1.0),A,FIN,S14,S1,P31DC,_Z,_Z,CP11,XDC,V,N,T0117,2023,8982,,F,1,A,6,EUR
OECD.SDD.NAD:DSD_NAMAIN10@DF_TABLE5(1.0),A,FIN,S14,S1,P31DC,_Z,_Z,CP023,XDC,V,N,T0117,2023,326,,F,1,A,6,EUR
OECD.SDD.NAD:DSD_NAMAIN10@DF_TABLE5(1.0),A,FIN,S14,S1,P31DC,_Z,_Z,CP07,XDC,V,N,T0117,2023,15011,,F,1,A,6,EUR
OECD.SDD.NAD:DSD_NAMAIN10@DF_TABLE5(1.0),A,FIN,S14,S1,P31DC,_Z,_Z,CP01,XDC,V,N,T0117,2023,16890,,F,1,A,6,EUR
OECD.SDD.NAD:DSD_NAMAIN10@DF_TABLE5(1.0),A,FIN,S14,S1,P31DC,_Z,_Z,CP08,XDC,V,N,T0117,2023,3209,,F,1,A,6,EUR
OECD.SDD.NAD:DSD_NAMAIN10@DF_TABLE5(1.0),A,FIN,S14,S1,P31DC,_Z,_Z,CP094,XDC,V,N,T0117,2023,4188,,F,1,A,6,EUR
OECD.SDD.NAD:DSD_NAMAIN10@DF_TABLE5(1.0),A,FIN,S14,S1,P31DC,_Z,_Z,CP053,XDC,V,N,T0117,2023,823,,F,1,A,6,EUR
OECD.SDD.NAD:DSD_NAMAIN10@DF_TABLE5(1.0),A,FIN,S14,S1,P31DC,_Z,_Z,CP054,XDC,V,N,T0117,2023,435,,F,1,A,6,EUR
OECD.SDD.NAD:DSD_NAMAIN10@DF_TABLE5(1.0),A,FIN,S14,S1,P31DC,_Z,_Z,CP061,XDC,V,N,T0117,2023,2212,,F,1,A,6,EUR
OECD.SDD.NAD:DSD_NAMAIN10@DF_TABLE5(1.0),A,FIN,S14,S1,P31DC,_Z,_Z,CP112,XDC,V,N,T0117,2023,746,,F,1,A,6,EUR
OECD.SDD.NAD:DSD_NAMAIN10@DF_TABLE5(1.0),A,FIN,S14,S1,P31DC,_Z,_Z,CP093,XDC,V,N,T0117,2023,3240,,F,1,A,6,EUR
OECD.SDD.NAD:DSD_NAMAIN10@DF_TABLE5(1.0),A,FIN,S14,S1,P31DC,_Z,_Z,CP041,XDC,V,N,T0117,2023,8297,,F,1,A,6,EUR
OECD.SDD.NAD:DSD_NAMAIN10@DF_TABLE5(1.0),A,FIN,S14,S1,P31DC,_Z,_Z,CP124,XDC,V,N,T0117,2023,2871,,F,1,A,6,EUR
OECD.SDD.NAD:DSD_NAMAIN10@DF_TABLE5(1.0),A,FIN,S14,S1,P31DC,_Z,_Z,CP081,XDC,V,N,T0117,2023,122,,F,1,A,6,EUR
OECD.SDD.NAD:DSD_NAMAIN10@DF_TABLE5(1.0),A,FIN,S14,S1,P31DC,_Z,_Z,CP10,XDC,V,N,T0117,2023,431,,F,1,A,6,EUR
OECD.SDD.NAD:DSD_NAMAIN10@DF_TABLE5(1.0),A,FIN,S14,S1,P31DC,_Z,_Z,CP031,XDC,V,N,T0117,2023,4106,,F,1,A,6,EUR
OECD.SDD.NAD:DSD_NAMAIN10@DF_TABLE5(1.0),A,FIN,S14,S1,P31DC,_Z,_Z,CP121,XDC,V,N,T0117,2023,2878,,F,1,A,6,EUR
OECD.SDD.NAD:DSD_NAMAIN10@DF_TABLE5(1.0),A,LTU,S14,S1,P31DC,_Z,_Z,_T,XDC,V,N,T0117,2023,41485.475,,F,1,A,6,EUR
OECD.SDD.NAD:DSD_NAMAIN10@DF_TABLE5(1.0),A,SVK,S14,S1,P31DC,_Z,_Z,CP111,XDC,V,N,T0117,2023,4042.355,,F,1,A,6,EUR
OECD.SDD.NAD:DSD_NAMAIN10@DF_TABLE5(1.0),A,SVK,S14,S1,P31DC,_Z,_Z,_T,XDC,V,N,T0117,2023,68540.809,,F,1,A,6,EUR
OECD.SDD.NAD:DSD_NAMAIN10@DF_TABLE5(1.0),A,SVK,S14,S1,P31DC,_Z,_Z,CP06,XDC,V,N,T0117,2023,1844.383,,F,1,A,6,EUR
OECD.SDD.NAD:DSD_NAMAIN10@DF_TABLE5(1.0),A,SVK,S14,S1,P31DC,_Z,_Z,CP126,XDC,V,N,T0117,2023,1212.207,,F,1,A,6,EUR
OECD.SDD.NAD:DSD_NAMAIN10@DF_TABLE5(1.0),A,SVK,S14,S1,P31DC,_Z,_Z,CP041,XDC,V,N,T0117,2023,977.484,,F,1,A,6,EUR
OECD.SDD.NAD:DSD_NAMAIN10@DF_TABLE5(1.0),A,SVK,S14,S1,P31DC,_Z,_Z,CP04,XDC,V,N,T0117,2023,19543.325,,F,1,A,6,EUR
OECD.SDD.NAD:DSD_NAMAIN10@DF_TABLE5(1.0),A,SVK,S14,S1,P31DC,_Z,_Z,CP121,XDC,V,N,T0117,2023,2856.264,,F,1,A,6,EUR
OECD.SDD.NAD:DSD_NAMAIN10@DF_TABLE5(1.0),A,SVK,S14,S1,P31DC,_Z,_Z,CP11,XDC,V,N,T0117,2023,4449.341,,F,1,A,6,EUR
OECD.SDD.NAD:DSD_NAMAIN10@DF_TABLE5(1.0),A,SVK,S14,S1,P31DC,_Z,_Z,CP063,XDC,V,N,T0117,2023,164.942,,F,1,A,6,EUR
OECD.SDD.NAD:DSD_NAMAIN10@DF_TABLE5(1.0),A,SVK,S14,S1,P31DC,_Z,_Z,CP12,XDC,V,N,T0117,2023,5551.529,,F,1,A,6,EUR
OECD.SDD.NAD:DSD_NAMAIN10@DF_TABLE5(1.0),A,SVK,S14,S1,P31DC,_Z,_Z,CP011,XDC,V,N,T0117,2023,12583.972,,F,1,A,6,EUR
OECD.SDD.NAD:DSD_NAMAIN10@DF_TABLE5(1.0),A,SVK,S14,S1,P31DC,_Z,_Z,CP062,XDC,V,N,T0117,2023,613.678,,F,1,A,6,EUR
OECD.SDD.NAD:DSD_NAMAIN10@DF_TABLE5(1.0),A,SVK,S14,S1,P31DC,_Z,_Z,CP061,XDC,V,N,T0117,2023,1065.763,,F,1,A,6,EUR
OECD.SDD.NAD:DSD_NAMAIN10@DF_TABLE5(1.0),A,SVK,S14,S1,P31DC,_Z,_Z,CP094,XDC,V,N,T0117,2023,2622.962,,F,1,A,6,EUR
OECD.SDD.NAD:DSD_NAMAIN10@DF_TABLE5(1.0),A,SVK,S14,S1,P31DC,_Z,_Z,CP071,XDC,V,N,T0117,2023,931.475,,F,1,A,6,EUR
OECD.SDD.NAD:DSD_NAMAIN10@DF_TABLE5(1.0),A,SVK,S14,S1,P31DC,_Z,_Z,CP01,XDC,V,N,T0117,2023,13571.777,,F,1,A,6,EUR
OECD.SDD.NAD:DSD_NAMAIN10@DF_TABLE5(1.0),A,SVK,S14,S1,P31DC,_Z,_Z,CP07,XDC,V,N,T0117,2023,3742.384,,F,1,A,6,EUR
OECD.SDD.NAD:DSD_NAMAIN10@DF_TABLE5(1.0),A,SVK,S14,S1,P31DC,_Z,_Z,CP125,XDC,V,N,T0117,2023,966.954,,F,1,A,6,EUR
OECD.SDD.NAD:DSD_NAMAIN10@DF_TABLE5(1.0),A,SVK,S14,S1,P31DC,_Z,_Z,CP042,XDC,V,N,T0117,2023,10853.049,,F,1,A,6,EUR
OECD.SDD.NAD:DSD_NAMAIN10@DF_TABLE5(1.0),A,SVK,S14,S1,P31DC,_Z,_Z,CP073,XDC,V,N,T0117,2023,684.969,,F,1,A,6,EUR
OECD.SDD.NAD:DSD_NAMAIN10@DF_TABLE5(1.0),A,SVK,S14,S1,P31DC,_Z,_Z,CP045,XDC,V,N,T0117,2023,5486.835,,F,1,A,6,EUR
OECD.SDD.NAD:DSD_NAMAIN10@DF_TABLE5(1.0),A,SVK,S14,S1,P31DC,_Z,_Z,CP09,XDC,V,N,T0117,2023,6370.383,,F,1,A,6,EUR
OECD.SDD.NAD:DSD_NAMAIN10@DF_TABLE5(1.0),A,SVK,S14,S1,P31DC,_Z,_Z,CP044,XDC,V,N,T0117,2023,1453.92,,F,1,A,6,EUR
OECD.SDD.NAD:DSD_NAMAIN10@DF_TABLE5(1.0),A,SVK,S14,S1,P31DC,_Z,_Z,CP043,XDC,V,N,T0117,2023,772.037,,F,1,A,6,EUR
OECD.SDD.NAD:DSD_NAMAIN10@DF_TABLE5(1.0),A,SVK,S14,S1,P31DC,_Z,_Z,CP112,XDC,V,N,T0117,2023,406.986,,F,1,A,6,EUR
OECD.SDD.NAD:DSD_NAMAIN10@DF_TABLE5(1.0),A,HRV,S14,S1,P31DC,_Z,_Z,_T,XDC,V,N,T0117,2023,56619.042,,F,1,A,6,EUR
OECD.SDD.NAD:DSD_NAMAIN10@DF_TABLE5(1.0),A,AUS,S14,S1,P31DC,_Z,_Z,CP127,XDC,V,N,T0117,2021,67621,,F,1,A,6,AUD
OECD.SDD.NAD:DSD_NAMAIN10@DF_TABLE5(1.0),A,AUS,S14,S1,P31DC,_Z,_Z,CP12,XDC,V,N,T0117,2021,159435,,F,1,A,6,AUD
OECD.SDD.NAD:DSD_NAMAIN10@DF_TABLE5(1.0),A,AUS,S14,S1,P31DC,_Z,_Z,CP091,XDC,V,N,T0117,2021,65046,,F,1,A,6,AUD
OECD.SDD.NAD:DSD_NAMAIN10@DF_TABLE5(1.0),A,AUS,S14,S1,P31DC,_Z,_Z,CP125,XDC,V,N,T0117,2021,91814,,F,1,A,6,AUD
OECD.SDD.NAD:DSD_NAMAIN10@DF_TABLE5(1.0),A,AUS,S14,S1,P31DC,_Z,_Z,CP07,XDC,V,N,T0117,2022,138826,,F,1,A,6,AUD
OECD.SDD.NAD:DSD_NAMAIN10@DF_TABLE5(1.0),A,AUS,S14,S1,P31DC,_Z,_Z,CP111,XDC,V,N,T0117,2022,77985,,F,1,A,6,AUD
OECD.SDD.NAD:DSD_NAMAIN10@DF_TABLE5(1.0),A,AUS,S14,S1,P31DC,_Z,_Z,CP01,XDC,V,N,T0117,2022,127821,,F,1,A,6,AUD
OECD.SDD.NAD:DSD_NAMAIN10@DF_TABLE5(1.0),A,AUS,S14,S1,P31DC,_Z,_Z,CP10,XDC,V,N,T0117,2022,44893,,F,1,A,6,AUD
OECD.SDD.NAD:DSD_NAMAIN10@DF_TABLE5(1.0),A,AUS,S14,S1,P31DC,_Z,_Z,CP044,XDC,V,N,T0117,2022,12689,,F,1,A,6,AUD
OECD.SDD.NAD:DSD_NAMAIN10@DF_TABLE5(1.0),A,AUS,S14,S1,P31DC,_Z,_Z,CP02,XDC,V,N,T0117,2022,46912,,F,1,A,6,AUD
OECD.SDD.NAD:DSD_NAMAIN10@DF_TABLE5(1.0),A,AUS,S14,S1,P31DC,_Z,_Z,CP091,XDC,V,N,T0117,2022,68366,,F,1,A,6,AUD
OECD.SDD.NAD:DSD_NAMAIN10@DF_TABLE5(1.0),A,AUS,S14,S1,P31DC,_Z,_Z,CP125,XDC,V,N,T0117,2022,98690,,F,1,A,6,AUD
OECD.SDD.NAD:DSD_NAMAIN10@DF_TABLE5(1.0),A,AUS,S14,S1,P31DC,_Z,_Z,CP042,XDC,V,N,T0117,2022,194936,,F,1,A,6,AUD
OECD.SDD.NAD:DSD_NAMAIN10@DF_TABLE5(1.0),A,AUS,S14,S1,P31DC,_Z,_Z,CP022,XDC,V,N,T0117,2022,19792,,F,1,A,6,AUD
OECD.SDD.NAD:DSD_NAMAIN10@DF_TABLE5(1.0),A,AUS,S14,S1,P31DC,_Z,_Z,CP071,XDC,V,N,T0117,2022,34441,,F,1,A,6,AUD
OECD.SDD.NAD:DSD_NAMAIN10@DF_TABLE5(1.0),A,AUS,S14,S1,P31DC,_Z,_Z,CP073,XDC,V,N,T0117,2022,41994,,F,1,A,6,AUD
OECD.SDD.NAD:DSD_NAMAIN10@DF_TABLE5(1.0),A,AUS,S14,S1,P31DC,_Z,_Z,CP072,XDC,V,N,T0117,2022,62391,,F,1,A,6,AUD
OECD.SDD.NAD:DSD_NAMAIN10@DF_TABLE5(1.0),A,AUS,S14,S1,P31DC,_Z,_Z,CP041,XDC,V,N,T0117,2022,57260,,F,1,A,6,AUD
OECD.SDD.NAD:DSD_NAMAIN10@DF_TABLE5(1.0),A,AUS,S14,S1,P31DC,_Z,_Z,CP06,XDC,V,N,T0117,2022,89942,,F,1,A,6,AUD
OECD.SDD.NAD:DSD_NAMAIN10@DF_TABLE5(1.0),A,AUS,S14,S1,P31DC,_Z,_Z,CP021,XDC,V,N,T0117,2022,27120,,F,1,A,6,AUD
OECD.SDD.NAD:DSD_NAMAIN10@DF_TABLE5(1.0),A,AUS,S14,S1,P31DC,_Z,_Z,CP095,XDC,V,N,T0117,2022,7512,,F,1,A,6,AUD
OECD.SDD.NAD:DSD_NAMAIN10@DF_TABLE5(1.0),A,AUS,S14,S1,P31DC,_Z,_Z,CP03,XDC,V,N,T0117,2022,50100,,F,1,A,6,AUD
OECD.SDD.NAD:DSD_NAMAIN10@DF_TABLE5(1.0),A,AUS,S14,S1,P31DC,_Z,_Z,CP127,XDC,V,N,T0117,2022,76365,,F,1,A,6,AUD
OECD.SDD.NAD:DSD_NAMAIN10@DF_TABLE5(1.0),A,AUS,S14,S1,P31DC,_Z,_Z,CP12,XDC,V,N,T0117,2022,175055,,F,1,A,6,AUD
OECD.SDD.NAD:DSD_NAMAIN10@DF_TABLE5(1.0),A,AUS,S14,S1,P31DC,_Z,_Z,CP06,XDC,V,N,T0117,2023,97479,,F,1,A,6,AUD
OECD.SDD.NAD:DSD_NAMAIN10@DF_TABLE5(1.0),A,AUS,S14,S1,P31DC,_Z,_Z,CP021,XDC,V,N,T0117,2023,27382,,F,1,A,6,AUD
OECD.SDD.NAD:DSD_NAMAIN10@DF_TABLE5(1.0),A,AUS,S14,S1,P31DC,_Z,_Z,CP095,XDC,V,N,T0117,2023,7323,,F,1,A,6,AUD
OECD.SDD.NAD:DSD_NAMAIN10@DF_TABLE5(1.0),A,AUS,S14,S1,P31DC,_Z,_Z,CP03,XDC,V,N,T0117,2023,49671,,F,1,A,6,AUD
OECD.SDD.NAD:DSD_NAMAIN10@DF_TABLE5(1.0),A,AUS,S14,S1,P31DC,_Z,_Z,CP111,XDC,V,N,T0117,2023,82534,,F,1,A,6,AUD
OECD.SDD.NAD:DSD_NAMAIN10@DF_TABLE5(1.0),A,AUS,S14,S1,P31DC,_Z,_Z,CP01,XDC,V,N,T0117,2023,133107,,F,1,A,6,AUD
OECD.SDD.NAD:DSD_NAMAIN10@DF_TABLE5(1.0),A,AUS,S14,S1,P31DC,_Z,_Z,CP071,XDC,V,N,T0117,2023,39146,,F,1,A,6,AUD
OECD.SDD.NAD:DSD_NAMAIN10@DF_TABLE5(1.0),A,AUS,S14,S1,P31DC,_Z,_Z,CP094,XDC,V,N,T0117,2021,50889,,F,1,A,6,AUD
OECD.SDD.NAD:DSD_NAMAIN10@DF_TABLE5(1.0),A,AUS,S14,S1,P31DC,_Z,_Z,CP094,XDC,V,N,T0117,2022,63663,,F,1,A,6,AUD
OECD.SDD.NAD:DSD_NAMAIN10@DF_TABLE5(1.0),A,AUS,S14,S1,P31DC,_Z,_Z,CP09,XDC,V,N,T0117,2021,123220,,F,1,A,6,AUD
OECD.SDD.NAD:DSD_NAMAIN10@DF_TABLE5(1.0),A,AUS,S14,S1,P31DC,_Z,_Z,CP09,XDC,V,N,T0117,2022,139541,,F,1,A,6,AUD
OECD.SDD.NAD:DSD_NAMAIN10@DF_TABLE5(1.0),A,AUS,S14,S1,P31DC,_Z,_Z,_T,XDC,V,N,T0117,2021,1146338,,F,1,A,6,AUD
OECD.SDD.NAD:DSD_NAMAIN10@DF_TABLE5(1.0),A,AUS,S14,S1,P31DC,_Z,_Z,_T,XDC,V,N,T0117,2022,1302014,,F,1,A,6,AUD
OECD.SDD.NAD:DSD_NAMAIN10@DF_TABLE5(1.0),A,AUS,S14,S1,P31DC,_Z,_Z,_T,XDC,V,N,T0117,2023,1378415,,F,1,A,6,AUD
OECD.SDD.NAD:DSD_NAMAIN10@DF_TABLE5(1.0),A,AUS,S14,S1,P31DC,_Z,_Z,CP112,XDC,V,N,T0117,2021,17964,,F,1,A,6,AUD
OECD.SDD.NAD:DSD_NAMAIN10@DF_TABLE5(1.0),A,AUS,S14,S1,P31DC,_Z,_Z,CP112,XDC,V,N,T0117,2022,30373,,F,1,A,6,AUD
OECD.SDD.NAD:DSD_NAMAIN10@DF_TABLE5(1.0),A,AUS,S14,S1,P31DC,_Z,_Z,CP112,XDC,V,N,T0117,2023,35744,,F,1,A,6,AUD
OECD.SDD.NAD:DSD_NAMAIN10@DF_TABLE5(1.0),A,AUS,S14,S1,P31DC,_Z,_Z,CP08,XDC,V,N,T0117,2021,22961,,F,1,A,6,AUD
OECD.SDD.NAD:DSD_NAMAIN10@DF_TABLE5(1.0),A,AUS,S14,S1,P31DC,_Z,_Z,CP045,XDC,V,N,T0117,2021,29137,,F,1,A,6,AUD
OECD.SDD.NAD:DSD_NAMAIN10@DF_TABLE5(1.0),A,AUS,S14,S1,P31DC,_Z,_Z,CP04,XDC,V,N,T0117,2021,276856,,F,1,A,6,AUD
OECD.SDD.NAD:DSD_NAMAIN10@DF_TABLE5(1.0),A,AUS,S14,S1,P31DC,_Z,_Z,CP045,XDC,V,N,T0117,2022,30876,,F,1,A,6,AUD
OECD.SDD.NAD:DSD_NAMAIN10@DF_TABLE5(1.0),A,AUS,S14,S1,P31DC,_Z,_Z,CP04,XDC,V,N,T0117,2022,295761,,F,1,A,6,AUD
OECD.SDD.NAD:DSD_NAMAIN10@DF_TABLE5(1.0),A,AUS,S14,S1,P31DC,_Z,_Z,CP05,XDC,V,N,T0117,2022,60654,,F,1,A,6,AUD
OECD.SDD.NAD:DSD_NAMAIN10@DF_TABLE5(1.0),A,AUS,S14,S1,P31DC,_Z,_Z,CP08,XDC,V,N,T0117,2022,24151,,F,1,A,6,AUD
OECD.SDD.NAD:DSD_NAMAIN10@DF_TABLE5(1.0),A,AUS,S14,S1,P31DC,_Z,_Z,CP041,XDC,V,N,T0117,2023,63869,,F,1,A,6,AUD
OECD.SDD.NAD:DSD_NAMAIN10@DF_TABLE5(1.0),A,AUS,S14,S1,P31DC,_Z,_Z,CP05,XDC,V,N,T0117,2023,60013,,F,1,A,6,AUD
OECD.SDD.NAD:DSD_NAMAIN10@DF_TABLE5(1.0),A,AUS,S14,S1,P31DC,_Z,_Z,CP08,XDC,V,N,T0117,2023,25535,,F,1,A,6,AUD
OECD.SDD.NAD:DSD_NAMAIN10@DF_TABLE5(1.0),A,AUS,S14,S1,P31DC,_Z,_Z,CP127,XDC,V,N,T0117,2023,77302,,F,1,A,6,AUD
OECD.SDD.NAD:DSD_NAMAIN10@DF_TABLE5(1.0),A,AUS,S14,S1,P31DC,_Z,_Z,CP12,XDC,V,N,T0117,2023,181987,,F,1,A,6,AUD
OECD.SDD.NAD:DSD_NAMAIN10@DF_TABLE5(1.0),A,AUS,S14,S1,P31DC,_Z,_Z,CP07,XDC,V,N,T0117,2023,153017,,F,1,A,6,AUD
OECD.SDD.NAD:DSD_NAMAIN10@DF_TABLE5(1.0),A,AUS,S14,S1,P31DC,_Z,_Z,CP045,XDC,V,N,T0117,2023,32790,,F,1,A,6,AUD
OECD.SDD.NAD:DSD_NAMAIN10@DF_TABLE5(1.0),A,AUS,S14,S1,P31DC,_Z,_Z,CP10,XDC,V,N,T0117,2023,47646,,F,1,A,6,AUD
OECD.SDD.NAD:DSD_NAMAIN10@DF_TABLE5(1.0),A,AUS,S14,S1,P31DC,_Z,_Z,CP044,XDC,V,N,T0117,2023,13950,,F,1,A,6,AUD
OECD.SDD.NAD:DSD_NAMAIN10@DF_TABLE5(1.0),A,AUS,S14,S1,P31DC,_Z,_Z,CP02,XDC,V,N,T0117,2023,43716,,F,1,A,6,AUD
OECD.SDD.NAD:DSD_NAMAIN10@DF_TABLE5(1.0),A,AUS,S14,S1,P31DC,_Z,_Z,CP09,XDC,V,N,T0117,2023,141718,,F,1,A,6,AUD
OECD.SDD.NAD:DSD_NAMAIN10@DF_TABLE5(1.0),A,AUS,S14,S1,P31DC,_Z,_Z,CP094,XDC,V,N,T0117,2023,67510,,F,1,A,6,AUD
OECD.SDD.NAD:DSD_NAMAIN10@DF_TABLE5(1.0),A,AUS,S14,S1,P31DC,_Z,_Z,CP091,XDC,V,N,T0117,2023,66885,,F,1,A,6,AUD
OECD.SDD.NAD:DSD_NAMAIN10@DF_TABLE5(1.0),A,AUS,S14,S1,P31DC,_Z,_Z,CP125,XDC,V,N,T0117,2023,104685,,F,1,A,6,AUD
OECD.SDD.NAD:DSD_NAMAIN10@DF_TABLE5(1.0),A,AUS,S14,S1,P31DC,_Z,_Z,CP042,XDC,V,N,T0117,2023,215639,,F,1,A,6,AUD
OECD.SDD.NAD:DSD_NAMAIN10@DF_TABLE5(1.0),A,AUS,S14,S1,P31DC,_Z,_Z,CP022,XDC,V,N,T0117,2023,16334,,F,1,A,6,AUD
OECD.SDD.NAD:DSD_NAMAIN10@DF_TABLE5(1.0),A,AUS,S14,S1,P31DC,_Z,_Z,CP04,XDC,V,N,T0117,2023,326248,,F,1,A,6,AUD
OECD.SDD.NAD:DSD_NAMAIN10@DF_TABLE5(1.0),A,AUS,S14,S1,P31DC,_Z,_Z,CP073,XDC,V,N,T0117,2023,47789,,F,1,A,6,AUD
OECD.SDD.NAD:DSD_NAMAIN10@DF_TABLE5(1.0),A,AUS,S14,S1,P31DC,_Z,_Z,CP072,XDC,V,N,T0117,2023,66082,,F,1,A,6,AUD
OECD.SDD.NAD:DSD_NAMAIN10@DF_TABLE5(1.0),A,AUS,S14,S1,P31DC,_Z,_Z,CP11,XDC,V,N,T0117,2021,76746,,F,1,A,6,AUD
OECD.SDD.NAD:DSD_NAMAIN10@DF_TABLE5(1.0),A,AUS,S14,S1,P31DC,_Z,_Z,CP11,XDC,V,N,T0117,2022,108358,,F,1,A,6,AUD
OECD.SDD.NAD:DSD_NAMAIN10@DF_TABLE5(1.0),A,AUS,S14,S1,P31DC,_Z,_Z,CP11,XDC,V,N,T0117,2023,118278,,F,1,A,6,AUD
OECD.SDD.NAD:DSD_NAMAIN10@DF_TABLE5(1.0),A,ISR,S14,S1,P31DC,_Z,_Z,CP093,XDC,V,N,T0117,2021,6307.874,,F,1,A,6,ILS
OECD.SDD.NAD:DSD_NAMAIN10@DF_TABLE5(1.0),A,ISR,S14,S1,P31DC,_Z,_Z,CP06,XDC,V,N,T0117,2021,27645.257,,F,1,A,6,ILS
OECD.SDD.NAD:DSD_NAMAIN10@DF_TABLE5(1.0),A,ISR,S14,S1,P31DC,_Z,_Z,CP095,XDC,V,N,T0117,2021,5141.725,,F,1,A,6,ILS
OECD.SDD.NAD:DSD_NAMAIN10@DF_TABLE5(1.0),A,ISR,S14,S1,P31DC,_Z,_Z,CP094,XDC,V,N,T0117,2021,26272.846,,F,1,A,6,ILS
OECD.SDD.NAD:DSD_NAMAIN10@DF_TABLE5(1.0),A,ISR,S14,S1,P31DC,_Z,_Z,CP032,XDC,V,N,T0117,2021,3575.962,,F,1,A,6,ILS
OECD.SDD.NAD:DSD_NAMAIN10@DF_TABLE5(1.0),A,ISR,S14,S1,P31DC,_Z,_Z,CP11,XDC,V,N,T0117,2021,44109.013,,F,1,A,6,ILS
OECD.SDD.NAD:DSD_NAMAIN10@DF_TABLE5(1.0),A,ISR,S14,S1,P31DC,_Z,_Z,CP031,XDC,V,N,T0117,2021,19045.519,,F,1,A,6,ILS
OECD.SDD.NAD:DSD_NAMAIN10@DF_TABLE5(1.0),A,ISR,S14,S1,P31DC,_Z,_Z,CP045,XDC,V,N,T0117,2021,14420.922,,F,1,A,6,ILS
OECD.SDD.NAD:DSD_NAMAIN10@DF_TABLE5(1.0),A,ISR,S14,S1,P31DC,_Z,_Z,CP012,XDC,V,N,T0117,2021,9789.248,,F,1,A,6,ILS
OECD.SDD.NAD:DSD_NAMAIN10@DF_TABLE5(1.0),A,ISR,S14,S1,P31DC,_Z,_Z,CP121,XDC,V,N,T0117,2021,15217.457,,F,1,A,6,ILS
OECD.SDD.NAD:DSD_NAMAIN10@DF_TABLE5(1.0),A,ISR,S14,S1,P31DC,_Z,_Z,CP104,XDC,V,N,T0117,2021,5740.01,,F,1,A,6,ILS
OECD.SDD.NAD:DSD_NAMAIN10@DF_TABLE5(1.0),A,ISR,S14,S1,P31DC,_Z,_Z,CP051,XDC,V,N,T0117,2021,11710.048,,F,1,A,6,ILS
OECD.SDD.NAD:DSD_NAMAIN10@DF_TABLE5(1.0),A,ISR,S14,S1,P31DC,_Z,_Z,CP05,XDC,V,N,T0117,2021,45009.682,,F,1,A,6,ILS
OECD.SDD.NAD:DSD_NAMAIN10@DF_TABLE5(1.0),A,ISR,S14,S1,P31DC,_Z,_Z,CP054,XDC,V,N,T0117,2021,3587.171,,F,1,A,6,ILS
OECD.SDD.NAD:DSD_NAMAIN10@DF_TABLE5(1.0),A,ISR,S14,S1,P31DC,_Z,_Z,CP03,XDC,V,N,T0117,2021,22621.481,,F,1,A,6,ILS
OECD.SDD.NAD:DSD_NAMAIN10@DF_TABLE5(1.0),A,ISR,S14,S1,P31DC,_Z,_Z,CP12,XDC,V,N,T0117,2021,92704.688,,F,1,A,6,ILS
OECD.SDD.NAD:DSD_NAMAIN10@DF_TABLE5(1.0),A,ISR,S14,S1,P31DC,_Z,_Z,_T,XDC,V,N,T0117,2021,750373.904,,F,1,A,6,ILS
OECD.SDD.NAD:DSD_NAMAIN10@DF_TABLE5(1.0),A,ISR,S14,S1,P31DC,_Z,_Z,CP073,XDC,V,N,T0117,2021,15507.668,,F,1,A,6,ILS
OECD.SDD.NAD:DSD_NAMAIN10@DF_TABLE5(1.0),A,ISR,S14,S1,P31DC,_Z,_Z,CP072,XDC,V,N,T0117,2021,47176.63,,F,1,A,6,ILS
OECD.SDD.NAD:DSD_NAMAIN10@DF_TABLE5(1.0),A,ISR,S14,S1,P31DC,_Z,_Z,CP102,XDC,V,N,T0117,2021,1344.159,,F,1,A,6,ILS
OECD.SDD.NAD:DSD_NAMAIN10@DF_TABLE5(1.0),A,ISR,S14,S1,P31DC,_Z,_Z,CP07,XDC,V,N,T0117,2021,89860.175,,F,1,A,6,ILS
OECD.SDD.NAD:DSD_NAMAIN10@DF_TABLE5(1.0),A,ISR,S14,S1,P31DC,_Z,_Z,CP103,XDC,V,N,T0117,2021,1746.187,,F,1,A,6,ILS
OECD.SDD.NAD:DSD_NAMAIN10@DF_TABLE5(1.0),A,ISR,S14,S1,P31DC,_Z,_Z,CP091,XDC,V,N,T0117,2021,10730.981,,F,1,A,6,ILS
OECD.SDD.NAD:DSD_NAMAIN10@DF_TABLE5(1.0),A,ISR,S14,S1,P31DC,_Z,_Z,CP04,XDC,V,N,T0117,2021,195779.836,,F,1,A,6,ILS
OECD.SDD.NAD:DSD_NAMAIN10@DF_TABLE5(1.0),A,ISR,S14,S1,P31DC,_Z,_Z,CP092,XDC,V,N,T0117,2021,656.338,,F,1,A,6,ILS
OECD.SDD.NAD:DSD_NAMAIN10@DF_TABLE5(1.0),A,ISR,S14,S1,P31DC,_Z,_Z,CP127,XDC,V,N,T0117,2021,21512.9,,F,1,A,6,ILS
OECD.SDD.NAD:DSD_NAMAIN10@DF_TABLE5(1.0),A,ISR,S14,S1,P31DC,_Z,_Z,CP101,XDC,V,N,T0117,2021,1989.044,,F,1,A,6,ILS
OECD.SDD.NAD:DSD_NAMAIN10@DF_TABLE5(1.0),A,ISR,S14,S1,P31DC,_Z,_Z,CP01,XDC,V,N,T0117,2021,121184.987,,F,1,A,6,ILS
OECD.SDD.NAD:DSD_NAMAIN10@DF_TABLE5(1.0),A,ISR,S14,S1,P31DC,_Z,_Z,CP09,XDC,V,N,T0117,2021,49109.764,,F,1,A,6,ILS
OECD.SDD.NAD:DSD_NAMAIN10@DF_TABLE5(1.0),A,ISR,S14,S1,P31DC,_Z,_Z,CP02,XDC,V,N,T0117,2021,21675.897,,F,1,A,6,ILS
OECD.SDD.NAD:DSD_NAMAIN10@DF_TABLE5(1.0),A,ISR,S14,S1,P31DC,_Z,_Z,CP063,XDC,V,N,T0117,2021,2706.069,,F,1,A,6,ILS
OECD.SDD.NAD:DSD_NAMAIN10@DF_TABLE5(1.0),A,ISR,S14,S1,P31DC,_Z,_Z,CP053,XDC,V,N,T0117,2021,10032.961,,F,1,A,6,ILS
OECD.SDD.NAD:DSD_NAMAIN10@DF_TABLE5(1.0),A,ISR,S14,S1,P31DC,_Z,_Z,CP055,XDC,V,N,T0117,2021,2102.215,,F,1,A,6,ILS
OECD.SDD.NAD:DSD_NAMAIN10@DF_TABLE5(1.0),A,ISR,S14,S1,P31DC,_Z,_Z,CP011,XDC,V,N,T0117,2021,111395.739,,F,1,A,6,ILS
OECD.SDD.NAD:DSD_NAMAIN10@DF_TABLE5(1.0),A,ISR,S14,S1,P31DC,_Z,_Z,CP123,XDC,V,N,T0117,2021,8888.95,,F,1,A,6,ILS
OECD.SDD.NAD:DSD_NAMAIN10@DF_TABLE5(1.0),A,ISR,S14,S1,P31DC,_Z,_Z,CP056,XDC,V,N,T0117,2021,16691.913,,F,1,A,6,ILS
OECD.SDD.NAD:DSD_NAMAIN10@DF_TABLE5(1.0),A,ISR,S14,S1,P31DC,_Z,_Z,CP061,XDC,V,N,T0117,2021,10038.476,,F,1,A,6,ILS
OECD.SDD.NAD:DSD_NAMAIN10@DF_TABLE5(1.0),A,ISR,S14,S1,P31DC,_Z,_Z,CP10,XDC,V,N,T0117,2021,21548.422,,F,1,A,6,ILS
OECD.SDD.NAD:DSD_NAMAIN10@DF_TABLE5(1.0),A,ISR,S14,S1,P31DC,_Z,_Z,CP062,XDC,V,N,T0117,2021,14900.713,,F,1,A,6,ILS
OECD.SDD.NAD:DSD_NAMAIN10@DF_TABLE5(1.0),A,ISR,S14,S1,P31DC,_Z,_Z,CP071,XDC,V,N,T0117,2021,27175.878,,F,1,A,6,ILS
OECD.SDD.NAD:DSD_NAMAIN10@DF_TABLE5(1.0),A,ISR,S14,S1,P31DC,_Z,_Z,CP022,XDC,V,N,T0117,2021,14668.931,,F,1,A,6,ILS
OECD.SDD.NAD:DSD_NAMAIN10@DF_TABLE5(1.0),A,ISR,S14,S1,P31DC,_Z,_Z,CP105,XDC,V,N,T0117,2021,10729.022,,F,1,A,6,ILS
OECD.SDD.NAD:DSD_NAMAIN10@DF_TABLE5(1.0),A,ISR,S14,S1,P31DC,_Z,_Z,CP124,XDC,V,N,T0117,2021,9482.614,,F,1,A,6,ILS
OECD.SDD.NAD:DSD_NAMAIN10@DF_TABLE5(1.0),A,ISR,S14,S1,P31DC,_Z,_Z,CP111,XDC,V,N,T0117,2021,36198.519,,F,1,A,6,ILS
OECD.SDD.NAD:DSD_NAMAIN10@DF_TABLE5(1.0),A,ISR,S14,S1,P31DC,_Z,_Z,CP052,XDC,V,N,T0117,2021,885.373,,F,1,A,6,ILS
OECD.SDD.NAD:DSD_NAMAIN10@DF_TABLE5(1.0),A,ISR,S14,S1,P31DC,_Z,_Z,CP021,XDC,V,N,T0117,2021,7006.962,,F,1,A,6,ILS
OECD.SDD.NAD:DSD_NAMAIN10@DF_TABLE5(1.0),A,ISR,S14,S1,P31DC,_Z,_Z,CP061,XDC,V,N,T0117,2022,9123.771,,F,1,A,6,ILS
OECD.SDD.NAD:DSD_NAMAIN10@DF_TABLE5(1.0),A,ISR,S14,S1,P31DC,_Z,_Z,CP10,XDC,V,N,T0117,2022,24120.762,,F,1,A,6,ILS
OECD.SDD.NAD:DSD_NAMAIN10@DF_TABLE5(1.0),A,ISR,S14,S1,P31DC,_Z,_Z,CP044,XDC,V,N,T0117,2022,23653.232,,F,1,A,6,ILS
OECD.SDD.NAD:DSD_NAMAIN10@DF_TABLE5(1.0),A,ISR,S14,S1,P31DC,_Z,_Z,CP062,XDC,V,N,T0117,2022,15923.723,,F,1,A,6,ILS
OECD.SDD.NAD:DSD_NAMAIN10@DF_TABLE5(1.0),A,ISR,S14,S1,P31DC,_Z,_Z,CP105,XDC,V,N,T0117,2022,12148.993,,F,1,A,6,ILS
OECD.SDD.NAD:DSD_NAMAIN10@DF_TABLE5(1.0),A,ISR,S14,S1,P31DC,_Z,_Z,CP071,XDC,V,N,T0117,2022,35433.321,,F,1,A,6,ILS
OECD.SDD.NAD:DSD_NAMAIN10@DF_TABLE5(1.0),A,ISR,S14,S1,P31DC,_Z,_Z,CP022,XDC,V,N,T0117,2022,14776.916,,F,1,A,6,ILS
OECD.SDD.NAD:DSD_NAMAIN10@DF_TABLE5(1.0),A,ISR,S14,S1,P31DC,_Z,_Z,CP124,XDC,V,N,T0117,2022,10197.183,,F,1,A,6,ILS
OECD.SDD.NAD:DSD_NAMAIN10@DF_TABLE5(1.0),A,ISR,S14,S1,P31DC,_Z,_Z,CP111,XDC,V,N,T0117,2022,44452.208,,F,1,A,6,ILS
OECD.SDD.NAD:DSD_NAMAIN10@DF_TABLE5(1.0),A,ISR,S14,S1,P31DC,_Z,_Z,CP021,XDC,V,N,T0117,2022,7082.452,,F,1,A,6,ILS
OECD.SDD.NAD:DSD_NAMAIN10@DF_TABLE5(1.0),A,ISR,S14,S1,P31DC,_Z,_Z,CP052,XDC,V,N,T0117,2022,707.786,,F,1,A,6,ILS
OECD.SDD.NAD:DSD_NAMAIN10@DF_TABLE5(1.0),A,ISR,S14,S1,P31DC,_Z,_Z,CP09,XDC,V,N,T0117,2022,57288.765,,F,1,A,6,ILS
OECD.SDD.NAD:DSD_NAMAIN10@DF_TABLE5(1.0),A,ISR,S14,S1,P31DC,_Z,_Z,CP02,XDC,V,N,T0117,2022,21859.371,,F,1,A,6,ILS
OECD.SDD.NAD:DSD_NAMAIN10@DF_TABLE5(1.0),A,ISR,S14,S1,P31DC,_Z,_Z,CP063,XDC,V,N,T0117,2022,2816.946,,F,1,A,6,ILS
OECD.SDD.NAD:DSD_NAMAIN10@DF_TABLE5(1.0),A,ISR,S14,S1,P31DC,_Z,_Z,CP053,XDC,V,N,T0117,2022,10022.508,,F,1,A,6,ILS
OECD.SDD.NAD:DSD_NAMAIN10@DF_TABLE5(1.0),A,ISR,S14,S1,P31DC,_Z,_Z,CP055,XDC,V,N,T0117,2022,2340.747,,F,1,A,6,ILS
OECD.SDD.NAD:DSD_NAMAIN10@DF_TABLE5(1.0),A,ISR,S14,S1,P31DC,_Z,_Z,CP123,XDC,V,N,T0117,2022,8832.765,,F,1,A,6,ILS
OECD.SDD.NAD:DSD_NAMAIN10@DF_TABLE5(1.0),A,ISR,S14,S1,P31DC,_Z,_Z,CP042,XDC,V,N,T0117,2022,128698.079,,F,1,A,6,ILS
OECD.SDD.NAD:DSD_NAMAIN10@DF_TABLE5(1.0),A,ISR,S14,S1,P31DC,_Z,_Z,CP056,XDC,V,N,T0117,2022,18656.507,,F,1,A,6,ILS
OECD.SDD.NAD:DSD_NAMAIN10@DF_TABLE5(1.0),A,ISR,S14,S1,P31DC,_Z,_Z,CP011,XDC,V,N,T0117,2022,119828.006,,F,1,A,6,ILS
OECD.SDD.NAD:DSD_NAMAIN10@DF_TABLE5(1.0),A,ISR,S14,S1,P31DC,_Z,_Z,CP01,XDC,V,N,T0117,2022,131493.827,,F,1,A,6,ILS
OECD.SDD.NAD:DSD_NAMAIN10@DF_TABLE5(1.0),A,ISR,S14,S1,P31DC,_Z,_Z,CP04,XDC,V,N,T0117,2022,210425.94,,F,1,A,6,ILS
OECD.SDD.NAD:DSD_NAMAIN10@DF_TABLE5(1.0),A,ISR,S14,S1,P31DC,_Z,_Z,CP092,XDC,V,N,T0117,2022,674.058,,F,1,A,6,ILS
OECD.SDD.NAD:DSD_NAMAIN10@DF_TABLE5(1.0),A,ISR,S14,S1,P31DC,_Z,_Z,CP127,XDC,V,N,T0117,2022,23883.867,,F,1,A,6,ILS
OECD.SDD.NAD:DSD_NAMAIN10@DF_TABLE5(1.0),A,ISR,S14,S1,P31DC,_Z,_Z,CP101,XDC,V,N,T0117,2022,2202.41,,F,1,A,6,ILS
OECD.SDD.NAD:DSD_NAMAIN10@DF_TABLE5(1.0),A,ISR,S14,S1,P31DC,_Z,_Z,CP032,XDC,V,N,T0117,2022,3998.03,,F,1,A,6,ILS
OECD.SDD.NAD:DSD_NAMAIN10@DF_TABLE5(1.0),A,ISR,S14,S1,P31DC,_Z,_Z,CP094,XDC,V,N,T0117,2022,33113.85,,F,1,A,6,ILS
OECD.SDD.NAD:DSD_NAMAIN10@DF_TABLE5(1.0),A,ISR,S14,S1,P31DC,_Z,_Z,CP095,XDC,V,N,T0117,2022,5820.802,,F,1,A,6,ILS
OECD.SDD.NAD:DSD_NAMAIN10@DF_TABLE5(1.0),A,ISR,S14,S1,P31DC,_Z,_Z,CP06,XDC,V,N,T0117,2022,27864.44,,F,1,A,6,ILS
OECD.SDD.NAD:DSD_NAMAIN10@DF_TABLE5(1.0),A,ISR,S14,S1,P31DC,_Z,_Z,CP093,XDC,V,N,T0117,2022,6182.276,,F,1,A,6,ILS
OECD.SDD.NAD:DSD_NAMAIN10@DF_TABLE5(1.0),A,ISR,S14,S1,P31DC,_Z,_Z,CP12,XDC,V,N,T0117,2022,101555.706,,F,1,A,6,ILS
OECD.SDD.NAD:DSD_NAMAIN10@DF_TABLE5(1.0),A,ISR,S14,S1,P31DC,_Z,_Z,CP03,XDC,V,N,T0117,2022,23272.833,,F,1,A,6,ILS
OECD.SDD.NAD:DSD_NAMAIN10@DF_TABLE5(1.0),A,ISR,S14,S1,P31DC,_Z,_Z,CP054,XDC,V,N,T0117,2022,3291.244,,F,1,A,6,ILS
OECD.SDD.NAD:DSD_NAMAIN10@DF_TABLE5(1.0),A,ISR,S14,S1,P31DC,_Z,_Z,CP104,XDC,V,N,T0117,2022,6350.392,,F,1,A,6,ILS
OECD.SDD.NAD:DSD_NAMAIN10@DF_TABLE5(1.0),A,ISR,S14,S1,P31DC,_Z,_Z,CP051,XDC,V,N,T0117,2022,12059.131,,F,1,A,6,ILS
OECD.SDD.NAD:DSD_NAMAIN10@DF_TABLE5(1.0),A,ISR,S14,S1,P31DC,_Z,_Z,CP05,XDC,V,N,T0117,2022,47077.923,,F,1,A,6,ILS
OECD.SDD.NAD:DSD_NAMAIN10@DF_TABLE5(1.0),A,ISR,S14,S1,P31DC,_Z,_Z,CP045,XDC,V,N,T0117,2022,16145.455,,F,1,A,6,ILS
OECD.SDD.NAD:DSD_NAMAIN10@DF_TABLE5(1.0),A,ISR,S14,S1,P31DC,_Z,_Z,CP012,XDC,V,N,T0117,2022,11665.821,,F,1,A,6,ILS
OECD.SDD.NAD:DSD_NAMAIN10@DF_TABLE5(1.0),A,ISR,S14,S1,P31DC,_Z,_Z,CP121,XDC,V,N,T0117,2022,16214.709,,F,1,A,6,ILS
OECD.SDD.NAD:DSD_NAMAIN10@DF_TABLE5(1.0),A,ISR,S14,S1,P31DC,_Z,_Z,CP031,XDC,V,N,T0117,2022,19274.803,,F,1,A,6,ILS
OECD.SDD.NAD:DSD_NAMAIN10@DF_TABLE5(1.0),A,ISR,S14,S1,P31DC,_Z,_Z,CP11,XDC,V,N,T0117,2022,56384.947,,F,1,A,6,ILS
OECD.SDD.NAD:DSD_NAMAIN10@DF_TABLE5(1.0),A,ISR,S14,S1,P31DC,_Z,_Z,CP103,XDC,V,N,T0117,2022,1931.873,,F,1,A,6,ILS
OECD.SDD.NAD:DSD_NAMAIN10@DF_TABLE5(1.0),A,ISR,S14,S1,P31DC,_Z,_Z,CP091,XDC,V,N,T0117,2022,11497.779,,F,1,A,6,ILS
OECD.SDD.NAD:DSD_NAMAIN10@DF_TABLE5(1.0),A,ISR,S14,S1,P31DC,_Z,_Z,_T,XDC,V,N,T0117,2022,838790.521,,F,1,A,6,ILS
OECD.SDD.NAD:DSD_NAMAIN10@DF_TABLE5(1.0),A,ISR,S14,S1,P31DC,_Z,_Z,CP073,XDC,V,N,T0117,2022,28529.482,,F,1,A,6,ILS
OECD.SDD.NAD:DSD_NAMAIN10@DF_TABLE5(1.0),A,ISR,S14,S1,P31DC,_Z,_Z,CP072,XDC,V,N,T0117,2022,54516.209,,F,1,A,6,ILS
OECD.SDD.NAD:DSD_NAMAIN10@DF_TABLE5(1.0),A,ISR,S14,S1,P31DC,_Z,_Z,CP102,XDC,V,N,T0117,2022,1487.094,,F,1,A,6,ILS
OECD.SDD.NAD:DSD_NAMAIN10@DF_TABLE5(1.0),A,ISR,S14,S1,P31DC,_Z,_Z,CP07,XDC,V,N,T0117,2022,118479.012,,F,1,A,6,ILS
OECD.SDD.NAD:DSD_NAMAIN10@DF_TABLE5(1.0),A,ISR,S14,S1,P31DC,_Z,_Z,CP011,XDC,V,N,T0117,2023,126806.059,,F,1,A,6,ILS
OECD.SDD.NAD:DSD_NAMAIN10@DF_TABLE5(1.0),A,ISR,S14,S1,P31DC,_Z,_Z,CP123,XDC,V,N,T0117,2023,7991.411,,F,1,A,6,ILS
OECD.SDD.NAD:DSD_NAMAIN10@DF_TABLE5(1.0),A,ISR,S14,S1,P31DC,_Z,_Z,CP042,XDC,V,N,T0117,2023,139013.531,,F,1,A,6,ILS
OECD.SDD.NAD:DSD_NAMAIN10@DF_TABLE5(1.0),A,ISR,S14,S1,P31DC,_Z,_Z,CP056,XDC,V,N,T0117,2023,19211.586,,F,1,A,6,ILS
OECD.SDD.NAD:DSD_NAMAIN10@DF_TABLE5(1.0),A,ISR,S14,S1,P31DC,_Z,_Z,CP055,XDC,V,N,T0117,2023,2149.842,,F,1,A,6,ILS
OECD.SDD.NAD:DSD_NAMAIN10@DF_TABLE5(1.0),A,ISR,S14,S1,P31DC,_Z,_Z,CP09,XDC,V,N,T0117,2023,55205.099,,F,1,A,6,ILS
OECD.SDD.NAD:DSD_NAMAIN10@DF_TABLE5(1.0),A,ISR,S14,S1,P31DC,_Z,_Z,CP02,XDC,V,N,T0117,2023,22885.862,,F,1,A,6,ILS
OECD.SDD.NAD:DSD_NAMAIN10@DF_TABLE5(1.0),A,ISR,S14,S1,P31DC,_Z,_Z,CP063,XDC,V,N,T0117,2023,3067.179,,F,1,A,6,ILS
OECD.SDD.NAD:DSD_NAMAIN10@DF_TABLE5(1.0),A,ISR,S14,S1,P31DC,_Z,_Z,CP053,XDC,V,N,T0117,2023,7741.076,,F,1,A,6,ILS
OECD.SDD.NAD:DSD_NAMAIN10@DF_TABLE5(1.0),A,ISR,S14,S1,P31DC,_Z,_Z,CP041,XDC,V,N,T0117,2023,44006.116,,F,1,A,6,ILS
OECD.SDD.NAD:DSD_NAMAIN10@DF_TABLE5(1.0),A,ISR,S14,S1,P31DC,_Z,_Z,CP04,XDC,V,N,T0117,2023,226437.559,,F,1,A,6,ILS
OECD.SDD.NAD:DSD_NAMAIN10@DF_TABLE5(1.0),A,ISR,S14,S1,P31DC,_Z,_Z,CP043,XDC,V,N,T0117,2023,1524.176,,F,1,A,6,ILS
OECD.SDD.NAD:DSD_NAMAIN10@DF_TABLE5(1.0),A,ISR,S14,S1,P31DC,_Z,_Z,CP092,XDC,V,N,T0117,2023,555.969,,F,1,A,6,ILS
OECD.SDD.NAD:DSD_NAMAIN10@DF_TABLE5(1.0),A,ISR,S14,S1,P31DC,_Z,_Z,CP127,XDC,V,N,T0117,2023,23314.45,,F,1,A,6,ILS
OECD.SDD.NAD:DSD_NAMAIN10@DF_TABLE5(1.0),A,ISR,S14,S1,P31DC,_Z,_Z,CP112,XDC,V,N,T0117,2023,10737.52,,F,1,A,6,ILS
OECD.SDD.NAD:DSD_NAMAIN10@DF_TABLE5(1.0),A,ISR,S14,S1,P31DC,_Z,_Z,CP101,XDC,V,N,T0117,2023,2163.471,,F,1,A,6,ILS
OECD.SDD.NAD:DSD_NAMAIN10@DF_TABLE5(1.0),A,ISR,S14,S1,P31DC,_Z,_Z,CP01,XDC,V,N,T0117,2023,138323.66,,F,1,A,6,ILS
OECD.SDD.NAD:DSD_NAMAIN10@DF_TABLE5(1.0),A,ISR,S14,S1,P31DC,_Z,_Z,CP126,XDC,V,N,T0117,2023,36906.248,,F,1,A,6,ILS
OECD.SDD.NAD:DSD_NAMAIN10@DF_TABLE5(1.0),A,ISR,S14,S1,P31DC,_Z,_Z,CP052,XDC,V,N,T0117,2023,572.376,,F,1,A,6,ILS
OECD.SDD.NAD:DSD_NAMAIN10@DF_TABLE5(1.0),A,ISR,S14,S1,P31DC,_Z,_Z,CP021,XDC,V,N,T0117,2023,7244.716,,F,1,A,6,ILS
OECD.SDD.NAD:DSD_NAMAIN10@DF_TABLE5(1.0),A,ISR,S14,S1,P31DC,_Z,_Z,CP044,XDC,V,N,T0117,2023,24520.063,,F,1,A,6,ILS
OECD.SDD.NAD:DSD_NAMAIN10@DF_TABLE5(1.0),A,ISR,S14,S1,P31DC,_Z,_Z,CP062,XDC,V,N,T0117,2023,16479.348,,F,1,A,6,ILS
OECD.SDD.NAD:DSD_NAMAIN10@DF_TABLE5(1.0),A,ISR,S14,S1,P31DC,_Z,_Z,CP061,XDC,V,N,T0117,2023,9652.807,,F,1,A,6,ILS
OECD.SDD.NAD:DSD_NAMAIN10@DF_TABLE5(1.0),A,ISR,S14,S1,P31DC,_Z,_Z,CP10,XDC,V,N,T0117,2023,23952.948,,F,1,A,6,ILS
OECD.SDD.NAD:DSD_NAMAIN10@DF_TABLE5(1.0),A,ISR,S14,S1,P31DC,_Z,_Z,CP082,XDC,V,N,T0117,2023,5347.363,,F,1,A,6,ILS
OECD.SDD.NAD:DSD_NAMAIN10@DF_TABLE5(1.0),A,ISR,S14,S1,P31DC,_Z,_Z,CP124,XDC,V,N,T0117,2023,10660.538,,F,1,A,6,ILS
OECD.SDD.NAD:DSD_NAMAIN10@DF_TABLE5(1.0),A,ISR,S14,S1,P31DC,_Z,_Z,CP071,XDC,V,N,T0117,2023,33989.018,,F,1,A,6,ILS
OECD.SDD.NAD:DSD_NAMAIN10@DF_TABLE5(1.0),A,ISR,S14,S1,P31DC,_Z,_Z,CP022,XDC,V,N,T0117,2023,15641.142,,F,1,A,6,ILS
OECD.SDD.NAD:DSD_NAMAIN10@DF_TABLE5(1.0),A,ISR,S14,S1,P31DC,_Z,_Z,CP105,XDC,V,N,T0117,2023,12432.556,,F,1,A,6,ILS
OECD.SDD.NAD:DSD_NAMAIN10@DF_TABLE5(1.0),A,ISR,S14,S1,P31DC,_Z,_Z,CP111,XDC,V,N,T0117,2023,46163.271,,F,1,A,6,ILS
OECD.SDD.NAD:DSD_NAMAIN10@DF_TABLE5(1.0),A,ISR,S14,S1,P31DC,_Z,_Z,CP07,XDC,V,N,T0117,2023,120091.455,,F,1,A,6,ILS
OECD.SDD.NAD:DSD_NAMAIN10@DF_TABLE5(1.0),A,ISR,S14,S1,P31DC,_Z,_Z,_T,XDC,V,N,T0117,2023,865865.662,,F,1,A,6,ILS
OECD.SDD.NAD:DSD_NAMAIN10@DF_TABLE5(1.0),A,ISR,S14,S1,P31DC,_Z,_Z,CP072,XDC,V,N,T0117,2023,54702.05,,F,1,A,6,ILS
OECD.SDD.NAD:DSD_NAMAIN10@DF_TABLE5(1.0),A,ISR,S14,S1,P31DC,_Z,_Z,CP073,XDC,V,N,T0117,2023,31400.387,,F,1,A,6,ILS
OECD.SDD.NAD:DSD_NAMAIN10@DF_TABLE5(1.0),A,ISR,S14,S1,P31DC,_Z,_Z,CP08,XDC,V,N,T0117,2023,18273.88,,F,1,A,6,ILS
OECD.SDD.NAD:DSD_NAMAIN10@DF_TABLE5(1.0),A,ISR,S14,S1,P31DC,_Z,_Z,CP102,XDC,V,N,T0117,2023,1424.313,,F,1,A,6,ILS
OECD.SDD.NAD:DSD_NAMAIN10@DF_TABLE5(1.0),A,ISR,S14,S1,P31DC,_Z,_Z,CP083,XDC,V,N,T0117,2023,12211.507,,F,1,A,6,ILS
OECD.SDD.NAD:DSD_NAMAIN10@DF_TABLE5(1.0),A,ISR,S14,S1,P31DC,_Z,_Z,CP081,XDC,V,N,T0117,2023,715.009,,F,1,A,6,ILS
OECD.SDD.NAD:DSD_NAMAIN10@DF_TABLE5(1.0),A,ISR,S14,S1,P31DC,_Z,_Z,CP103,XDC,V,N,T0117,2023,1850.314,,F,1,A,6,ILS
OECD.SDD.NAD:DSD_NAMAIN10@DF_TABLE5(1.0),A,ISR,S14,S1,P31DC,_Z,_Z,CP091,XDC,V,N,T0117,2023,10321.178,,F,1,A,6,ILS
OECD.SDD.NAD:DSD_NAMAIN10@DF_TABLE5(1.0),A,ISR,S14,S1,P31DC,_Z,_Z,CP11,XDC,V,N,T0117,2023,56900.791,,F,1,A,6,ILS
OECD.SDD.NAD:DSD_NAMAIN10@DF_TABLE5(1.0),A,ISR,S14,S1,P31DC,_Z,_Z,CP031,XDC,V,N,T0117,2023,15835.499,,F,1,A,6,ILS
OECD.SDD.NAD:DSD_NAMAIN10@DF_TABLE5(1.0),A,ISR,S14,S1,P31DC,_Z,_Z,CP104,XDC,V,N,T0117,2023,6082.294,,F,1,A,6,ILS
OECD.SDD.NAD:DSD_NAMAIN10@DF_TABLE5(1.0),A,ISR,S14,S1,P31DC,_Z,_Z,CP051,XDC,V,N,T0117,2023,10739.838,,F,1,A,6,ILS
OECD.SDD.NAD:DSD_NAMAIN10@DF_TABLE5(1.0),A,ISR,S14,S1,P31DC,_Z,_Z,CP05,XDC,V,N,T0117,2023,43385.47,,F,1,A,6,ILS
OECD.SDD.NAD:DSD_NAMAIN10@DF_TABLE5(1.0),A,ISR,S14,S1,P31DC,_Z,_Z,CP045,XDC,V,N,T0117,2023,17373.672,,F,1,A,6,ILS
OECD.SDD.NAD:DSD_NAMAIN10@DF_TABLE5(1.0),A,ISR,S14,S1,P31DC,_Z,_Z,CP012,XDC,V,N,T0117,2023,11517.602,,F,1,A,6,ILS
OECD.SDD.NAD:DSD_NAMAIN10@DF_TABLE5(1.0),A,ISR,S14,S1,P31DC,_Z,_Z,CP121,XDC,V,N,T0117,2023,17096.735,,F,1,A,6,ILS
OECD.SDD.NAD:DSD_NAMAIN10@DF_TABLE5(1.0),A,ISR,S14,S1,P31DC,_Z,_Z,CP054,XDC,V,N,T0117,2023,2970.752,,F,1,A,6,ILS
OECD.SDD.NAD:DSD_NAMAIN10@DF_TABLE5(1.0),A,ISR,S14,S1,P31DC,_Z,_Z,CP03,XDC,V,N,T0117,2023,18889.384,,F,1,A,6,ILS
OECD.SDD.NAD:DSD_NAMAIN10@DF_TABLE5(1.0),A,ISR,S14,S1,P31DC,_Z,_Z,CP12,XDC,V,N,T0117,2023,112320.222,,F,1,A,6,ILS
OECD.SDD.NAD:DSD_NAMAIN10@DF_TABLE5(1.0),A,ISR,S14,S1,P31DC,_Z,_Z,CP094,XDC,V,N,T0117,2023,33424.677,,F,1,A,6,ILS
OECD.SDD.NAD:DSD_NAMAIN10@DF_TABLE5(1.0),A,ISR,S14,S1,P31DC,_Z,_Z,CP095,XDC,V,N,T0117,2023,5199.998,,F,1,A,6,ILS
OECD.SDD.NAD:DSD_NAMAIN10@DF_TABLE5(1.0),A,ISR,S14,S1,P31DC,_Z,_Z,CP06,XDC,V,N,T0117,2023,29199.333,,F,1,A,6,ILS
OECD.SDD.NAD:DSD_NAMAIN10@DF_TABLE5(1.0),A,ISR,S14,S1,P31DC,_Z,_Z,CP093,XDC,V,N,T0117,2023,5703.276,,F,1,A,6,ILS
OECD.SDD.NAD:DSD_NAMAIN10@DF_TABLE5(1.0),A,ISR,S14,S1,P31DC,_Z,_Z,CP032,XDC,V,N,T0117,2023,3053.885,,F,1,A,6,ILS
OECD.SDD.NAD:DSD_NAMAIN10@DF_TABLE5(1.0),A,ISR,S14,S1,P31DC,_Z,_Z,CP125,XDC,V,N,T0117,2023,16350.839,,F,1,A,6,ILS
OECD.SDD.NAD:DSD_NAMAIN10@DF_TABLE5(1.0),A,GBR,S14,S1,P31DC,_Z,_Z,CP054,XDC,V,N,T0117,2021,7058,,F,1,A,6,GBP
OECD.SDD.NAD:DSD_NAMAIN10@DF_TABLE5(1.0),A,GBR,S14,S1,P31DC,_Z,_Z,CP10,XDC,V,N,T0117,2021,32075,,F,1,A,6,GBP
OECD.SDD.NAD:DSD_NAMAIN10@DF_TABLE5(1.0),A,GBR,S14,S1,P31DC,_Z,_Z,CP08,XDC,V,N,T0117,2021,28924,,F,1,A,6,GBP
OECD.SDD.NAD:DSD_NAMAIN10@DF_TABLE5(1.0),A,GBR,S14,S1,P31DC,_Z,_Z,CP03,XDC,V,N,T0117,2021,62940,,F,1,A,6,GBP
OECD.SDD.NAD:DSD_NAMAIN10@DF_TABLE5(1.0),A,GBR,S14,S1,P31DC,_Z,_Z,CP07,XDC,V,N,T0117,2021,145110,,F,1,A,6,GBP
OECD.SDD.NAD:DSD_NAMAIN10@DF_TABLE5(1.0),A,GBR,S14,S1,P31DC,_Z,_Z,CP053,XDC,V,N,T0117,2021,12617,,F,1,A,6,GBP
OECD.SDD.NAD:DSD_NAMAIN10@DF_TABLE5(1.0),A,GBR,S14,S1,P31DC,_Z,_Z,CP032,XDC,V,N,T0117,2021,8838,,F,1,A,6,GBP
OECD.SDD.NAD:DSD_NAMAIN10@DF_TABLE5(1.0),A,GBR,S14,S1,P31DC,_Z,_Z,CP127,XDC,V,N,T0117,2021,18856,,F,1,A,6,GBP
OECD.SDD.NAD:DSD_NAMAIN10@DF_TABLE5(1.0),A,GBR,S14,S1,P31DC,_Z,_Z,CP12,XDC,V,N,T0117,2021,161823,,F,1,A,6,GBP
OECD.SDD.NAD:DSD_NAMAIN10@DF_TABLE5(1.0),A,GBR,S14,S1,P31DC,_Z,_Z,CP042,XDC,V,N,T0117,2021,232747,,F,1,A,6,GBP
OECD.SDD.NAD:DSD_NAMAIN10@DF_TABLE5(1.0),A,GBR,S14,S1,P31DC,_Z,_Z,CP095,XDC,V,N,T0117,2021,14380,,F,1,A,6,GBP
OECD.SDD.NAD:DSD_NAMAIN10@DF_TABLE5(1.0),A,GBR,S14,S1,P31DC,_Z,_Z,CP011,XDC,V,N,T0117,2021,103980,,F,1,A,6,GBP
OECD.SDD.NAD:DSD_NAMAIN10@DF_TABLE5(1.0),A,GBR,S14,S1,P31DC,_Z,_Z,CP122,XDC,V,N,T0117,2021,4913,,F,1,A,6,GBP
OECD.SDD.NAD:DSD_NAMAIN10@DF_TABLE5(1.0),A,GBR,S14,S1,P31DC,_Z,_Z,CP083,XDC,V,N,T0117,2021,22939,,F,1,A,6,GBP
OECD.SDD.NAD:DSD_NAMAIN10@DF_TABLE5(1.0),A,GBR,S14,S1,P31DC,_Z,_Z,CP062,XDC,V,N,T0117,2021,7425,,F,1,A,6,GBP
OECD.SDD.NAD:DSD_NAMAIN10@DF_TABLE5(1.0),A,GBR,S14,S1,P31DC,_Z,_Z,CP052,XDC,V,N,T0117,2021,7730,,F,1,A,6,GBP
OECD.SDD.NAD:DSD_NAMAIN10@DF_TABLE5(1.0),A,GBR,S14,S1,P31DC,_Z,_Z,CP082,XDC,V,N,T0117,2021,4725,,F,1,A,6,GBP
OECD.SDD.NAD:DSD_NAMAIN10@DF_TABLE5(1.0),A,GBR,S14,S1,P31DC,_Z,_Z,CP071,XDC,V,N,T0117,2021,52549,,F,1,A,6,GBP
OECD.SDD.NAD:DSD_NAMAIN10@DF_TABLE5(1.0),A,GBR,S14,S1,P31DC,_Z,_Z,CP022,XDC,V,N,T0117,2021,20413,,F,1,A,6,GBP
OECD.SDD.NAD:DSD_NAMAIN10@DF_TABLE5(1.0),A,GBR,S14,S1,P31DC,_Z,_Z,CP055,XDC,V,N,T0117,2021,8787,,F,1,A,6,GBP
OECD.SDD.NAD:DSD_NAMAIN10@DF_TABLE5(1.0),A,GBR,S14,S1,P31DC,_Z,_Z,CP01,XDC,V,N,T0117,2021,116446,,F,1,A,6,GBP
OECD.SDD.NAD:DSD_NAMAIN10@DF_TABLE5(1.0),A,GBR,S14,S1,P31DC,_Z,_Z,CP104,XDC,V,N,T0117,2021,21372,,F,1,A,6,GBP
OECD.SDD.NAD:DSD_NAMAIN10@DF_TABLE5(1.0),A,GBR,S14,S1,P31DC,_Z,_Z,CP093,XDC,V,N,T0117,2021,44287,,F,1,A,6,GBP
OECD.SDD.NAD:DSD_NAMAIN10@DF_TABLE5(1.0),A,GBR,S14,S1,P31DC,_Z,_Z,CP02,XDC,V,N,T0117,2021,50880,,F,1,A,6,GBP
OECD.SDD.NAD:DSD_NAMAIN10@DF_TABLE5(1.0),A,GBR,S14,S1,P31DC,_Z,_Z,CP11,XDC,V,N,T0117,2021,123080,,F,1,A,6,GBP
OECD.SDD.NAD:DSD_NAMAIN10@DF_TABLE5(1.0),A,GBR,S14,S1,P31DC,_Z,_Z,CP06,XDC,V,N,T0117,2021,27724,,F,1,A,6,GBP
OECD.SDD.NAD:DSD_NAMAIN10@DF_TABLE5(1.0),A,GBR,S14,S1,P31DC,_Z,_Z,CP051,XDC,V,N,T0117,2021,28881,,F,1,A,6,GBP
OECD.SDD.NAD:DSD_NAMAIN10@DF_TABLE5(1.0),A,GBR,S14,S1,P31DC,_Z,_Z,CP031,XDC,V,N,T0117,2021,54102,,F,1,A,6,GBP
OECD.SDD.NAD:DSD_NAMAIN10@DF_TABLE5(1.0),A,GBR,S14,S1,P31DC,_Z,_Z,CP123,XDC,V,N,T0117,2021,12411,,F,1,A,6,GBP
OECD.SDD.NAD:DSD_NAMAIN10@DF_TABLE5(1.0),A,GBR,S14,S1,P31DC,_Z,_Z,CP023,XDC,V,N,T0117,2021,2996,,F,1,A,6,GBP
OECD.SDD.NAD:DSD_NAMAIN10@DF_TABLE5(1.0),A,GBR,S14,S1,P31DC,_Z,_Z,CP044,XDC,V,N,T0117,2021,10817,,F,1,A,6,GBP
OECD.SDD.NAD:DSD_NAMAIN10@DF_TABLE5(1.0),A,GBR,S14,S1,P31DC,_Z,_Z,CP045,XDC,V,N,T0117,2021,34437,,F,1,A,6,GBP
OECD.SDD.NAD:DSD_NAMAIN10@DF_TABLE5(1.0),A,GBR,S14,S1,P31DC,_Z,_Z,CP021,XDC,V,N,T0117,2021,27471,,F,1,A,6,GBP
OECD.SDD.NAD:DSD_NAMAIN10@DF_TABLE5(1.0),A,GBR,S14,S1,P31DC,_Z,_Z,CP126,XDC,V,N,T0117,2021,59370,,F,1,A,6,GBP
OECD.SDD.NAD:DSD_NAMAIN10@DF_TABLE5(1.0),A,GBR,S14,S1,P31DC,_Z,_Z,CP043,XDC,V,N,T0117,2021,3372,,F,1,A,6,GBP
OECD.SDD.NAD:DSD_NAMAIN10@DF_TABLE5(1.0),A,GBR,S14,S1,P31DC,_Z,_Z,CP072,XDC,V,N,T0117,2021,68554,,F,1,A,6,GBP
OECD.SDD.NAD:DSD_NAMAIN10@DF_TABLE5(1.0),A,GBR,S14,S1,P31DC,_Z,_Z,CP061,XDC,V,N,T0117,2021,12097,,F,1,A,6,GBP
OECD.SDD.NAD:DSD_NAMAIN10@DF_TABLE5(1.0),A,GBR,S14,S1,P31DC,_Z,_Z,CP041,XDC,V,N,T0117,2021,86153,,F,1,A,6,GBP
OECD.SDD.NAD:DSD_NAMAIN10@DF_TABLE5(1.0),A,GBR,S14,S1,P31DC,_Z,_Z,CP012,XDC,V,N,T0117,2021,12466,,F,1,A,6,GBP
OECD.SDD.NAD:DSD_NAMAIN10@DF_TABLE5(1.0),A,GBR,S14,S1,P31DC,_Z,_Z,CP063,XDC,V,N,T0117,2021,8202,,F,1,A,6,GBP
OECD.SDD.NAD:DSD_NAMAIN10@DF_TABLE5(1.0),A,GBR,S14,S1,P31DC,_Z,_Z,CP05,XDC,V,N,T0117,2021,75693,,F,1,A,6,GBP
OECD.SDD.NAD:DSD_NAMAIN10@DF_TABLE5(1.0),A,GBR,S14,S1,P31DC,_Z,_Z,CP124,XDC,V,N,T0117,2021,15160,,F,1,A,6,GBP
OECD.SDD.NAD:DSD_NAMAIN10@DF_TABLE5(1.0),A,GBR,S14,S1,P31DC,_Z,_Z,CP121,XDC,V,N,T0117,2021,30567,,F,1,A,6,GBP
OECD.SDD.NAD:DSD_NAMAIN10@DF_TABLE5(1.0),A,GBR,S14,S1,P31DC,_Z,_Z,CP081,XDC,V,N,T0117,2021,1260,,F,1,A,6,GBP
OECD.SDD.NAD:DSD_NAMAIN10@DF_TABLE5(1.0),A,GBR,S14,S1,P31DC,_Z,_Z,CP092,XDC,V,N,T0117,2021,8797,,F,1,A,6,GBP
OECD.SDD.NAD:DSD_NAMAIN10@DF_TABLE5(1.0),A,GBR,S14,S1,P31DC,_Z,_Z,CP04,XDC,V,N,T0117,2021,367526,,F,1,A,6,GBP
OECD.SDD.NAD:DSD_NAMAIN10@DF_TABLE5(1.0),A,GBR,S14,S1,P31DC,_Z,_Z,CP091,XDC,V,N,T0117,2021,18842,,F,1,A,6,GBP
OECD.SDD.NAD:DSD_NAMAIN10@DF_TABLE5(1.0),A,GBR,S14,S1,P31DC,_Z,_Z,CP122_127,XDC,V,N,T0117,2021,23769,,F,1,A,6,GBP
OECD.SDD.NAD:DSD_NAMAIN10@DF_TABLE5(1.0),A,GBR,S14,S1,P31DC,_Z,_Z,CP09,XDC,V,N,T0117,2021,133574,,F,1,A,6,GBP
OECD.SDD.NAD:DSD_NAMAIN10@DF_TABLE5(1.0),A,GBR,S14,S1,P31DC,_Z,_Z,CP056,XDC,V,N,T0117,2021,10620,,F,1,A,6,GBP
OECD.SDD.NAD:DSD_NAMAIN10@DF_TABLE5(1.0),A,GBR,S14,S1,P31DC,_Z,_Z,CP055,XDC,V,N,T0117,2022,8889,,F,1,A,6,GBP
OECD.SDD.NAD:DSD_NAMAIN10@DF_TABLE5(1.0),A,GBR,S14,S1,P31DC,_Z,_Z,CP01,XDC,V,N,T0117,2022,128806,,F,1,A,6,GBP
OECD.SDD.NAD:DSD_NAMAIN10@DF_TABLE5(1.0),A,GBR,S14,S1,P31DC,_Z,_Z,CP104,XDC,V,N,T0117,2022,24484,,F,1,A,6,GBP
OECD.SDD.NAD:DSD_NAMAIN10@DF_TABLE5(1.0),A,GBR,S14,S1,P31DC,_Z,_Z,CP093,XDC,V,N,T0117,2022,49536,,F,1,A,6,GBP
OECD.SDD.NAD:DSD_NAMAIN10@DF_TABLE5(1.0),A,GBR,S14,S1,P31DC,_Z,_Z,CP02,XDC,V,N,T0117,2022,49607,,F,1,A,6,GBP
OECD.SDD.NAD:DSD_NAMAIN10@DF_TABLE5(1.0),A,GBR,S14,S1,P31DC,_Z,_Z,CP11,XDC,V,N,T0117,2022,164068,,F,1,A,6,GBP
OECD.SDD.NAD:DSD_NAMAIN10@DF_TABLE5(1.0),A,GBR,S14,S1,P31DC,_Z,_Z,CP06,XDC,V,N,T0117,2022,30836,,F,1,A,6,GBP
OECD.SDD.NAD:DSD_NAMAIN10@DF_TABLE5(1.0),A,GBR,S14,S1,P31DC,_Z,_Z,CP051,XDC,V,N,T0117,2022,30852,,F,1,A,6,GBP
OECD.SDD.NAD:DSD_NAMAIN10@DF_TABLE5(1.0),A,GBR,S14,S1,P31DC,_Z,_Z,CP105,XDC,V,N,T0117,2022,442,,F,1,A,6,GBP
OECD.SDD.NAD:DSD_NAMAIN10@DF_TABLE5(1.0),A,GBR,S14,S1,P31DC,_Z,_Z,CP031,XDC,V,N,T0117,2022,64595,,F,1,A,6,GBP
OECD.SDD.NAD:DSD_NAMAIN10@DF_TABLE5(1.0),A,GBR,S14,S1,P31DC,_Z,_Z,CP123,XDC,V,N,T0117,2022,16525,,F,1,A,6,GBP
OECD.SDD.NAD:DSD_NAMAIN10@DF_TABLE5(1.0),A,GBR,S14,S1,P31DC,_Z,_Z,CP023,XDC,V,N,T0117,2022,3457,,F,1,A,6,GBP
OECD.SDD.NAD:DSD_NAMAIN10@DF_TABLE5(1.0),A,GBR,S14,S1,P31DC,_Z,_Z,CP044,XDC,V,N,T0117,2022,10728,,F,1,A,6,GBP
OECD.SDD.NAD:DSD_NAMAIN10@DF_TABLE5(1.0),A,GBR,S14,S1,P31DC,_Z,_Z,CP045,XDC,V,N,T0117,2022,49403,,F,1,A,6,GBP
OECD.SDD.NAD:DSD_NAMAIN10@DF_TABLE5(1.0),A,GBR,S14,S1,P31DC,_Z,_Z,CP021,XDC,V,N,T0117,2022,26026,,F,1,A,6,GBP
OECD.SDD.NAD:DSD_NAMAIN10@DF_TABLE5(1.0),A,GBR,S14,S1,P31DC,_Z,_Z,CP126,XDC,V,N,T0117,2022,76475,,F,1,A,6,GBP
OECD.SDD.NAD:DSD_NAMAIN10@DF_TABLE5(1.0),A,GBR,S14,S1,P31DC,_Z,_Z,CP043,XDC,V,N,T0117,2022,3929,,F,1,A,6,GBP
OECD.SDD.NAD:DSD_NAMAIN10@DF_TABLE5(1.0),A,GBR,S14,S1,P31DC,_Z,_Z,CP072,XDC,V,N,T0117,2022,81212,,F,1,A,6,GBP
OECD.SDD.NAD:DSD_NAMAIN10@DF_TABLE5(1.0),A,GBR,S14,S1,P31DC,_Z,_Z,CP061,XDC,V,N,T0117,2022,13156,,F,1,A,6,GBP
OECD.SDD.NAD:DSD_NAMAIN10@DF_TABLE5(1.0),A,GBR,S14,S1,P31DC,_Z,_Z,CP041,XDC,V,N,T0117,2022,91085,,F,1,A,6,GBP
OECD.SDD.NAD:DSD_NAMAIN10@DF_TABLE5(1.0),A,GBR,S14,S1,P31DC,_Z,_Z,CP012,XDC,V,N,T0117,2022,13846,,F,1,A,6,GBP
OECD.SDD.NAD:DSD_NAMAIN10@DF_TABLE5(1.0),A,GBR,S14,S1,P31DC,_Z,_Z,CP063,XDC,V,N,T0117,2022,8943,,F,1,A,6,GBP
OECD.SDD.NAD:DSD_NAMAIN10@DF_TABLE5(1.0),A,GBR,S14,S1,P31DC,_Z,_Z,CP05,XDC,V,N,T0117,2022,80614,,F,1,A,6,GBP
OECD.SDD.NAD:DSD_NAMAIN10@DF_TABLE5(1.0),A,GBR,S14,S1,P31DC,_Z,_Z,CP124,XDC,V,N,T0117,2022,17619,,F,1,A,6,GBP
OECD.SDD.NAD:DSD_NAMAIN10@DF_TABLE5(1.0),A,GBR,S14,S1,P31DC,_Z,_Z,CP121,XDC,V,N,T0117,2022,33976,,F,1,A,6,GBP
OECD.SDD.NAD:DSD_NAMAIN10@DF_TABLE5(1.0),A,GBR,S14,S1,P31DC,_Z,_Z,CP081,XDC,V,N,T0117,2022,1050,,F,1,A,6,GBP
OECD.SDD.NAD:DSD_NAMAIN10@DF_TABLE5(1.0),A,GBR,S14,S1,P31DC,_Z,_Z,CP092,XDC,V,N,T0117,2022,10297,,F,1,A,6,GBP
OECD.SDD.NAD:DSD_NAMAIN10@DF_TABLE5(1.0),A,GBR,S14,S1,P31DC,_Z,_Z,CP04,XDC,V,N,T0117,2022,402079,,F,1,A,6,GBP
OECD.SDD.NAD:DSD_NAMAIN10@DF_TABLE5(1.0),A,GBR,S14,S1,P31DC,_Z,_Z,CP091,XDC,V,N,T0117,2022,20849,,F,1,A,6,GBP
OECD.SDD.NAD:DSD_NAMAIN10@DF_TABLE5(1.0),A,GBR,S14,S1,P31DC,_Z,_Z,CP122_127,XDC,V,N,T0117,2022,26482,,F,1,A,6,GBP
OECD.SDD.NAD:DSD_NAMAIN10@DF_TABLE5(1.0),A,GBR,S14,S1,P31DC,_Z,_Z,CP09,XDC,V,N,T0117,2022,153207,,F,1,A,6,GBP
OECD.SDD.NAD:DSD_NAMAIN10@DF_TABLE5(1.0),A,GBR,S14,S1,P31DC,_Z,_Z,CP056,XDC,V,N,T0117,2022,10836,,F,1,A,6,GBP
OECD.SDD.NAD:DSD_NAMAIN10@DF_TABLE5(1.0),A,GBR,S14,S1,P31DC,_Z,_Z,CP082,XDC,V,N,T0117,2022,5081,,F,1,A,6,GBP
OECD.SDD.NAD:DSD_NAMAIN10@DF_TABLE5(1.0),A,GBR,S14,S1,P31DC,_Z,_Z,CP125,XDC,V,N,T0117,2022,20671,,F,1,A,6,GBP
OECD.SDD.NAD:DSD_NAMAIN10@DF_TABLE5(1.0),A,GBR,S14,S1,P31DC,_Z,_Z,CP071,XDC,V,N,T0117,2022,60495,,F,1,A,6,GBP
OECD.SDD.NAD:DSD_NAMAIN10@DF_TABLE5(1.0),A,GBR,S14,S1,P31DC,_Z,_Z,CP022,XDC,V,N,T0117,2022,20124,,F,1,A,6,GBP
OECD.SDD.NAD:DSD_NAMAIN10@DF_TABLE5(1.0),A,GBR,S14,S1,P31DC,_Z,_Z,CP127,XDC,V,N,T0117,2022,20340,,F,1,A,6,GBP
OECD.SDD.NAD:DSD_NAMAIN10@DF_TABLE5(1.0),A,GBR,S14,S1,P31DC,_Z,_Z,CP12,XDC,V,N,T0117,2022,191748,,F,1,A,6,GBP
OECD.SDD.NAD:DSD_NAMAIN10@DF_TABLE5(1.0),A,GBR,S14,S1,P31DC,_Z,_Z,CP042,XDC,V,N,T0117,2022,246934,,F,1,A,6,GBP
OECD.SDD.NAD:DSD_NAMAIN10@DF_TABLE5(1.0),A,GBR,S14,S1,P31DC,_Z,_Z,CP095,XDC,V,N,T0117,2022,15053,,F,1,A,6,GBP
OECD.SDD.NAD:DSD_NAMAIN10@DF_TABLE5(1.0),A,GBR,S14,S1,P31DC,_Z,_Z,CP011,XDC,V,N,T0117,2022,114960,,F,1,A,6,GBP
OECD.SDD.NAD:DSD_NAMAIN10@DF_TABLE5(1.0),A,GBR,S14,S1,P31DC,_Z,_Z,CP122,XDC,V,N,T0117,2022,6142,,F,1,A,6,GBP
OECD.SDD.NAD:DSD_NAMAIN10@DF_TABLE5(1.0),A,GBR,S14,S1,P31DC,_Z,_Z,CP083,XDC,V,N,T0117,2022,23220,,F,1,A,6,GBP
OECD.SDD.NAD:DSD_NAMAIN10@DF_TABLE5(1.0),A,GBR,S14,S1,P31DC,_Z,_Z,CP062,XDC,V,N,T0117,2022,8737,,F,1,A,6,GBP
OECD.SDD.NAD:DSD_NAMAIN10@DF_TABLE5(1.0),A,GBR,S14,S1,P31DC,_Z,_Z,CP052,XDC,V,N,T0117,2022,6949,,F,1,A,6,GBP
OECD.SDD.NAD:DSD_NAMAIN10@DF_TABLE5(1.0),A,GBR,S14,S1,P31DC,_Z,_Z,CP054,XDC,V,N,T0117,2022,8845,,F,1,A,6,GBP
OECD.SDD.NAD:DSD_NAMAIN10@DF_TABLE5(1.0),A,GBR,S14,S1,P31DC,_Z,_Z,CP10,XDC,V,N,T0117,2022,35833,,F,1,A,6,GBP
OECD.SDD.NAD:DSD_NAMAIN10@DF_TABLE5(1.0),A,GBR,S14,S1,P31DC,_Z,_Z,CP08,XDC,V,N,T0117,2022,29351,,F,1,A,6,GBP
OECD.SDD.NAD:DSD_NAMAIN10@DF_TABLE5(1.0),A,GBR,S14,S1,P31DC,_Z,_Z,CP03,XDC,V,N,T0117,2022,75905,,F,1,A,6,GBP
OECD.SDD.NAD:DSD_NAMAIN10@DF_TABLE5(1.0),A,GBR,S14,S1,P31DC,_Z,_Z,CP07,XDC,V,N,T0117,2022,195946,,F,1,A,6,GBP
OECD.SDD.NAD:DSD_NAMAIN10@DF_TABLE5(1.0),A,GBR,S14,S1,P31DC,_Z,_Z,CP053,XDC,V,N,T0117,2022,14243,,F,1,A,6,GBP
OECD.SDD.NAD:DSD_NAMAIN10@DF_TABLE5(1.0),A,GBR,S14,S1,P31DC,_Z,_Z,CP103,XDC,V,N,T0117,2022,1998,,F,1,A,6,GBP
OECD.SDD.NAD:DSD_NAMAIN10@DF_TABLE5(1.0),A,GBR,S14,S1,P31DC,_Z,_Z,CP032,XDC,V,N,T0117,2022,11310,,F,1,A,6,GBP
OECD.SDD.NAD:DSD_NAMAIN10@DF_TABLE5(1.0),A,GBR,S14,S1,P31DC,_Z,_Z,CP126,XDC,V,N,T0117,2023,91797,,F,1,A,6,GBP
OECD.SDD.NAD:DSD_NAMAIN10@DF_TABLE5(1.0),A,GBR,S14,S1,P31DC,_Z,_Z,CP043,XDC,V,N,T0117,2023,4310,,F,1,A,6,GBP
OECD.SDD.NAD:DSD_NAMAIN10@DF_TABLE5(1.0),A,GBR,S14,S1,P31DC,_Z,_Z,CP041,XDC,V,N,T0117,2023,96938,,F,1,A,6,GBP
OECD.SDD.NAD:DSD_NAMAIN10@DF_TABLE5(1.0),A,GBR,S14,S1,P31DC,_Z,_Z,CP012,XDC,V,N,T0117,2023,15199,,F,1,A,6,GBP
OECD.SDD.NAD:DSD_NAMAIN10@DF_TABLE5(1.0),A,GBR,S14,S1,P31DC,_Z,_Z,CP061,XDC,V,N,T0117,2023,12183,,F,1,A,6,GBP
OECD.SDD.NAD:DSD_NAMAIN10@DF_TABLE5(1.0),A,GBR,S14,S1,P31DC,_Z,_Z,CP072,XDC,V,N,T0117,2023,82639,,F,1,A,6,GBP
OECD.SDD.NAD:DSD_NAMAIN10@DF_TABLE5(1.0),A,GBR,S14,S1,P31DC,_Z,_Z,CP063,XDC,V,N,T0117,2023,9608,,F,1,A,6,GBP
OECD.SDD.NAD:DSD_NAMAIN10@DF_TABLE5(1.0),A,GBR,S14,S1,P31DC,_Z,_Z,CP05,XDC,V,N,T0117,2023,77105,,F,1,A,6,GBP
OECD.SDD.NAD:DSD_NAMAIN10@DF_TABLE5(1.0),A,GBR,S14,S1,P31DC,_Z,_Z,CP124,XDC,V,N,T0117,2023,18580,,F,1,A,6,GBP
OECD.SDD.NAD:DSD_NAMAIN10@DF_TABLE5(1.0),A,GBR,S14,S1,P31DC,_Z,_Z,CP081,XDC,V,N,T0117,2023,1163,,F,1,A,6,GBP
OECD.SDD.NAD:DSD_NAMAIN10@DF_TABLE5(1.0),A,GBR,S14,S1,P31DC,_Z,_Z,CP121,XDC,V,N,T0117,2023,36132,,F,1,A,6,GBP
OECD.SDD.NAD:DSD_NAMAIN10@DF_TABLE5(1.0),A,GBR,S14,S1,P31DC,_Z,_Z,CP092,XDC,V,N,T0117,2023,10814,,F,1,A,6,GBP
OECD.SDD.NAD:DSD_NAMAIN10@DF_TABLE5(1.0),A,GBR,S14,S1,P31DC,_Z,_Z,CP04,XDC,V,N,T0117,2023,431667,,F,1,A,6,GBP
OECD.SDD.NAD:DSD_NAMAIN10@DF_TABLE5(1.0),A,GBR,S14,S1,P31DC,_Z,_Z,CP122_127,XDC,V,N,T0117,2023,27743,,F,1,A,6,GBP
OECD.SDD.NAD:DSD_NAMAIN10@DF_TABLE5(1.0),A,GBR,S14,S1,P31DC,_Z,_Z,CP091,XDC,V,N,T0117,2023,20276,,F,1,A,6,GBP
OECD.SDD.NAD:DSD_NAMAIN10@DF_TABLE5(1.0),A,GBR,S14,S1,P31DC,_Z,_Z,CP09,XDC,V,N,T0117,2023,156163,,F,1,A,6,GBP
OECD.SDD.NAD:DSD_NAMAIN10@DF_TABLE5(1.0),A,GBR,S14,S1,P31DC,_Z,_Z,CP056,XDC,V,N,T0117,2023,11683,,F,1,A,6,GBP
OECD.SDD.NAD:DSD_NAMAIN10@DF_TABLE5(1.0),A,GBR,S14,S1,P31DC,_Z,_Z,CP01,XDC,V,N,T0117,2023,139909,,F,1,A,6,GBP
OECD.SDD.NAD:DSD_NAMAIN10@DF_TABLE5(1.0),A,GBR,S14,S1,P31DC,_Z,_Z,CP055,XDC,V,N,T0117,2023,8397,,F,1,A,6,GBP
OECD.SDD.NAD:DSD_NAMAIN10@DF_TABLE5(1.0),A,GBR,S14,S1,P31DC,_Z,_Z,CP104,XDC,V,N,T0117,2023,27478,,F,1,A,6,GBP
OECD.SDD.NAD:DSD_NAMAIN10@DF_TABLE5(1.0),A,GBR,S14,S1,P31DC,_Z,_Z,CP093,XDC,V,N,T0117,2023,48512,,F,1,A,6,GBP
OECD.SDD.NAD:DSD_NAMAIN10@DF_TABLE5(1.0),A,GBR,S14,S1,P31DC,_Z,_Z,CP02,XDC,V,N,T0117,2023,50348,,F,1,A,6,GBP
OECD.SDD.NAD:DSD_NAMAIN10@DF_TABLE5(1.0),A,GBR,S14,S1,P31DC,_Z,_Z,CP06,XDC,V,N,T0117,2023,31659,,F,1,A,6,GBP
OECD.SDD.NAD:DSD_NAMAIN10@DF_TABLE5(1.0),A,GBR,S14,S1,P31DC,_Z,_Z,CP051,XDC,V,N,T0117,2023,27255,,F,1,A,6,GBP
OECD.SDD.NAD:DSD_NAMAIN10@DF_TABLE5(1.0),A,GBR,S14,S1,P31DC,_Z,_Z,CP11,XDC,V,N,T0117,2023,175197,,F,1,A,6,GBP
OECD.SDD.NAD:DSD_NAMAIN10@DF_TABLE5(1.0),A,GBR,S14,S1,P31DC,_Z,_Z,CP105,XDC,V,N,T0117,2023,476,,F,1,A,6,GBP
OECD.SDD.NAD:DSD_NAMAIN10@DF_TABLE5(1.0),A,GBR,S14,S1,P31DC,_Z,_Z,CP031,XDC,V,N,T0117,2023,68302,,F,1,A,6,GBP
OECD.SDD.NAD:DSD_NAMAIN10@DF_TABLE5(1.0),A,GBR,S14,S1,P31DC,_Z,_Z,CP123,XDC,V,N,T0117,2023,14896,,F,1,A,6,GBP
OECD.SDD.NAD:DSD_NAMAIN10@DF_TABLE5(1.0),A,GBR,S14,S1,P31DC,_Z,_Z,CP023,XDC,V,N,T0117,2023,3344,,F,1,A,6,GBP
OECD.SDD.NAD:DSD_NAMAIN10@DF_TABLE5(1.0),A,GBR,S14,S1,P31DC,_Z,_Z,CP044,XDC,V,N,T0117,2023,11584,,F,1,A,6,GBP
OECD.SDD.NAD:DSD_NAMAIN10@DF_TABLE5(1.0),A,GBR,S14,S1,P31DC,_Z,_Z,CP045,XDC,V,N,T0117,2023,52505,,F,1,A,6,GBP
OECD.SDD.NAD:DSD_NAMAIN10@DF_TABLE5(1.0),A,GBR,S14,S1,P31DC,_Z,_Z,CP021,XDC,V,N,T0117,2023,27175,,F,1,A,6,GBP
OECD.SDD.NAD:DSD_NAMAIN10@DF_TABLE5(1.0),A,GBR,S14,S1,P31DC,_Z,_Z,CP054,XDC,V,N,T0117,2023,7423,,F,1,A,6,GBP
OECD.SDD.NAD:DSD_NAMAIN10@DF_TABLE5(1.0),A,GBR,S14,S1,P31DC,_Z,_Z,CP07,XDC,V,N,T0117,2023,210930,,F,1,A,6,GBP
OECD.SDD.NAD:DSD_NAMAIN10@DF_TABLE5(1.0),A,GBR,S14,S1,P31DC,_Z,_Z,CP03,XDC,V,N,T0117,2023,79913,,F,1,A,6,GBP
OECD.SDD.NAD:DSD_NAMAIN10@DF_TABLE5(1.0),A,GBR,S14,S1,P31DC,_Z,_Z,CP08,XDC,V,N,T0117,2023,29321,,F,1,A,6,GBP
OECD.SDD.NAD:DSD_NAMAIN10@DF_TABLE5(1.0),A,GBR,S14,S1,P31DC,_Z,_Z,CP10,XDC,V,N,T0117,2023,39455,,F,1,A,6,GBP
OECD.SDD.NAD:DSD_NAMAIN10@DF_TABLE5(1.0),A,GBR,S14,S1,P31DC,_Z,_Z,CP032,XDC,V,N,T0117,2023,11611,,F,1,A,6,GBP
OECD.SDD.NAD:DSD_NAMAIN10@DF_TABLE5(1.0),A,GBR,S14,S1,P31DC,_Z,_Z,CP053,XDC,V,N,T0117,2023,15429,,F,1,A,6,GBP
OECD.SDD.NAD:DSD_NAMAIN10@DF_TABLE5(1.0),A,GBR,S14,S1,P31DC,_Z,_Z,CP103,XDC,V,N,T0117,2023,2041,,F,1,A,6,GBP
OECD.SDD.NAD:DSD_NAMAIN10@DF_TABLE5(1.0),A,GBR,S14,S1,P31DC,_Z,_Z,CP12,XDC,V,N,T0117,2023,208630,,F,1,A,6,GBP
OECD.SDD.NAD:DSD_NAMAIN10@DF_TABLE5(1.0),A,GBR,S14,S1,P31DC,_Z,_Z,CP127,XDC,V,N,T0117,2023,21491,,F,1,A,6,GBP
OECD.SDD.NAD:DSD_NAMAIN10@DF_TABLE5(1.0),A,GBR,S14,S1,P31DC,_Z,_Z,CP095,XDC,V,N,T0117,2023,14289,,F,1,A,6,GBP
OECD.SDD.NAD:DSD_NAMAIN10@DF_TABLE5(1.0),A,GBR,S14,S1,P31DC,_Z,_Z,CP042,XDC,V,N,T0117,2023,266330,,F,1,A,6,GBP
OECD.SDD.NAD:DSD_NAMAIN10@DF_TABLE5(1.0),A,GBR,S14,S1,P31DC,_Z,_Z,CP011,XDC,V,N,T0117,2023,124710,,F,1,A,6,GBP
OECD.SDD.NAD:DSD_NAMAIN10@DF_TABLE5(1.0),A,GBR,S14,S1,P31DC,_Z,_Z,CP083,XDC,V,N,T0117,2023,23860,,F,1,A,6,GBP
OECD.SDD.NAD:DSD_NAMAIN10@DF_TABLE5(1.0),A,GBR,S14,S1,P31DC,_Z,_Z,CP122,XDC,V,N,T0117,2023,6252,,F,1,A,6,GBP
OECD.SDD.NAD:DSD_NAMAIN10@DF_TABLE5(1.0),A,GBR,S14,S1,P31DC,_Z,_Z,CP062,XDC,V,N,T0117,2023,9868,,F,1,A,6,GBP
OECD.SDD.NAD:DSD_NAMAIN10@DF_TABLE5(1.0),A,GBR,S14,S1,P31DC,_Z,_Z,CP052,XDC,V,N,T0117,2023,6918,,F,1,A,6,GBP
OECD.SDD.NAD:DSD_NAMAIN10@DF_TABLE5(1.0),A,GBR,S14,S1,P31DC,_Z,_Z,CP082,XDC,V,N,T0117,2023,4298,,F,1,A,6,GBP
OECD.SDD.NAD:DSD_NAMAIN10@DF_TABLE5(1.0),A,GBR,S14,S1,P31DC,_Z,_Z,CP125,XDC,V,N,T0117,2023,19482,,F,1,A,6,GBP
OECD.SDD.NAD:DSD_NAMAIN10@DF_TABLE5(1.0),A,GBR,S14,S1,P31DC,_Z,_Z,CP022,XDC,V,N,T0117,2023,19829,,F,1,A,6,GBP
OECD.SDD.NAD:DSD_NAMAIN10@DF_TABLE5(1.0),A,GBR,S14,S1,P31DC,_Z,_Z,CP071,XDC,V,N,T0117,2023,64871,,F,1,A,6,GBP
OECD.SDD.NAD:DSD_NAMAIN10@DF_TABLE5(1.0),A,BGR,S14,S1,P31DC,_Z,_Z,CP053,XDC,V,N,T0117,2021,377.209,,F,1,A,6,EUR
OECD.SDD.NAD:DSD_NAMAIN10@DF_TABLE5(1.0),A,BGR,S14,S1,P31DC,_Z,_Z,CP124,XDC,V,N,T0117,2021,58.776,,F,1,A,6,EUR
OECD.SDD.NAD:DSD_NAMAIN10@DF_TABLE5(1.0),A,BGR,S14,S1,P31DC,_Z,_Z,CP11,XDC,V,N,T0117,2021,2194.487,,F,1,A,6,EUR
OECD.SDD.NAD:DSD_NAMAIN10@DF_TABLE5(1.0),A,BGR,S14,S1,P31DC,_Z,_Z,CP042,XDC,V,N,T0117,2021,4191.269,,F,1,A,6,EUR
OECD.SDD.NAD:DSD_NAMAIN10@DF_TABLE5(1.0),A,BGR,S14,S1,P31DC,_Z,_Z,CP081,XDC,V,N,T0117,2021,302.921,,F,1,A,6,EUR
OECD.SDD.NAD:DSD_NAMAIN10@DF_TABLE5(1.0),A,BGR,S14,S1,P31DC,_Z,_Z,CP095,XDC,V,N,T0117,2021,272.503,,F,1,A,6,EUR
OECD.SDD.NAD:DSD_NAMAIN10@DF_TABLE5(1.0),A,BGR,S14,S1,P31DC,_Z,_Z,CP123,XDC,V,N,T0117,2021,285.88,,F,1,A,6,EUR
OECD.SDD.NAD:DSD_NAMAIN10@DF_TABLE5(1.0),A,BGR,S14,S1,P31DC,_Z,_Z,CP032,XDC,V,N,T0117,2021,337.136,,F,1,A,6,EUR
OECD.SDD.NAD:DSD_NAMAIN10@DF_TABLE5(1.0),A,BGR,S14,S1,P31DC,_Z,_Z,CP126,XDC,V,N,T0117,2021,707.878,,F,1,A,6,EUR
OECD.SDD.NAD:DSD_NAMAIN10@DF_TABLE5(1.0),A,BGR,S14,S1,P31DC,_Z,_Z,CP052,XDC,V,N,T0117,2021,84.612,,F,1,A,6,EUR
OECD.SDD.NAD:DSD_NAMAIN10@DF_TABLE5(1.0),A,BGR,S14,S1,P31DC,_Z,_Z,CP062,XDC,V,N,T0117,2021,370.009,,F,1,A,6,EUR
OECD.SDD.NAD:DSD_NAMAIN10@DF_TABLE5(1.0),A,BGR,S14,S1,P31DC,_Z,_Z,CP127,XDC,V,N,T0117,2021,762.995,,F,1,A,6,EUR
OECD.SDD.NAD:DSD_NAMAIN10@DF_TABLE5(1.0),A,BGR,S14,S1,P31DC,_Z,_Z,CP122_127,XDC,V,N,T0117,2021,894.667,,F,1,A,6,EUR
OECD.SDD.NAD:DSD_NAMAIN10@DF_TABLE5(1.0),A,BGR,S14,S1,P31DC,_Z,_Z,CP021,XDC,V,N,T0117,2021,763.325,,F,1,A,6,EUR
OECD.SDD.NAD:DSD_NAMAIN10@DF_TABLE5(1.0),A,BGR,S14,S1,P31DC,_Z,_Z,CP031,XDC,V,N,T0117,2021,1158.308,,F,1,A,6,EUR
OECD.SDD.NAD:DSD_NAMAIN10@DF_TABLE5(1.0),A,BGR,S14,S1,P31DC,_Z,_Z,CP071,XDC,V,N,T0117,2021,700.774,,F,1,A,6,EUR
OECD.SDD.NAD:DSD_NAMAIN10@DF_TABLE5(1.0),A,BGR,S14,S1,P31DC,_Z,_Z,CP056,XDC,V,N,T0117,2021,492.672,,F,1,A,6,EUR
OECD.SDD.NAD:DSD_NAMAIN10@DF_TABLE5(1.0),A,BGR,S14,S1,P31DC,_Z,_Z,CP02,XDC,V,N,T0117,2021,2204.472,,F,1,A,6,EUR
OECD.SDD.NAD:DSD_NAMAIN10@DF_TABLE5(1.0),A,BGR,S14,S1,P31DC,_Z,_Z,CP041,XDC,V,N,T0117,2021,480.058,,F,1,A,6,EUR
OECD.SDD.NAD:DSD_NAMAIN10@DF_TABLE5(1.0),A,BGR,S14,S1,P31DC,_Z,_Z,CP10,XDC,V,N,T0117,2021,629.964,,F,1,A,6,EUR
OECD.SDD.NAD:DSD_NAMAIN10@DF_TABLE5(1.0),A,BGR,S14,S1,P31DC,_Z,_Z,CP022,XDC,V,N,T0117,2021,1359.189,,F,1,A,6,EUR
OECD.SDD.NAD:DSD_NAMAIN10@DF_TABLE5(1.0),A,BGR,S14,S1,P31DC,_Z,_Z,CP01,XDC,V,N,T0117,2021,8329.722,,F,1,A,6,EUR
OECD.SDD.NAD:DSD_NAMAIN10@DF_TABLE5(1.0),A,BGR,S14,S1,P31DC,_Z,_Z,CP051,XDC,V,N,T0117,2021,692.995,,F,1,A,6,EUR
OECD.SDD.NAD:DSD_NAMAIN10@DF_TABLE5(1.0),A,BGR,S14,S1,P31DC,_Z,_Z,CP125,XDC,V,N,T0117,2021,249.786,,F,1,A,6,EUR
OECD.SDD.NAD:DSD_NAMAIN10@DF_TABLE5(1.0),A,BGR,S14,S1,P31DC,_Z,_Z,CP092,XDC,V,N,T0117,2021,96.254,,F,1,A,6,EUR
OECD.SDD.NAD:DSD_NAMAIN10@DF_TABLE5(1.0),A,BGR,S14,S1,P31DC,_Z,_Z,CP04,XDC,V,N,T0117,2021,8037.81,,F,1,A,6,EUR
OECD.SDD.NAD:DSD_NAMAIN10@DF_TABLE5(1.0),A,BGR,S14,S1,P31DC,_Z,_Z,CP012,XDC,V,N,T0117,2021,672.269,,F,1,A,6,EUR
OECD.SDD.NAD:DSD_NAMAIN10@DF_TABLE5(1.0),A,BGR,S14,S1,P31DC,_Z,_Z,CP112,XDC,V,N,T0117,2021,717.86,,F,1,A,6,EUR
OECD.SDD.NAD:DSD_NAMAIN10@DF_TABLE5(1.0),A,BGR,S14,S1,P31DC,_Z,_Z,CP05,XDC,V,N,T0117,2021,2465.556,,F,1,A,6,EUR
OECD.SDD.NAD:DSD_NAMAIN10@DF_TABLE5(1.0),A,BGR,S14,S1,P31DC,_Z,_Z,CP082,XDC,V,N,T0117,2021,464.346,,F,1,A,6,EUR
OECD.SDD.NAD:DSD_NAMAIN10@DF_TABLE5(1.0),A,BGR,S14,S1,P31DC,_Z,_Z,CP083,XDC,V,N,T0117,2021,1411.396,,F,1,A,6,EUR
OECD.SDD.NAD:DSD_NAMAIN10@DF_TABLE5(1.0),A,BGR,S14,S1,P31DC,_Z,_Z,CP055,XDC,V,N,T0117,2021,400.683,,F,1,A,6,EUR
OECD.SDD.NAD:DSD_NAMAIN10@DF_TABLE5(1.0),A,BGR,S14,S1,P31DC,_Z,_Z,CP09,XDC,V,N,T0117,2021,3397.88,,F,1,A,6,EUR
OECD.SDD.NAD:DSD_NAMAIN10@DF_TABLE5(1.0),A,BGR,S14,S1,P31DC,_Z,_Z,CP023,XDC,V,N,T0117,2021,81.959,,F,1,A,6,EUR
OECD.SDD.NAD:DSD_NAMAIN10@DF_TABLE5(1.0),A,BGR,S14,S1,P31DC,_Z,_Z,CP063,XDC,V,N,T0117,2021,479.942,,F,1,A,6,EUR
OECD.SDD.NAD:DSD_NAMAIN10@DF_TABLE5(1.0),A,BGR,S14,S1,P31DC,_Z,_Z,CP044,XDC,V,N,T0117,2021,691.447,,F,1,A,6,EUR
OECD.SDD.NAD:DSD_NAMAIN10@DF_TABLE5(1.0),A,BGR,S14,S1,P31DC,_Z,_Z,CP104,XDC,V,N,T0117,2021,291.294,,F,1,A,6,EUR
OECD.SDD.NAD:DSD_NAMAIN10@DF_TABLE5(1.0),A,BGR,S14,S1,P31DC,_Z,_Z,CP094,XDC,V,N,T0117,2021,1106.131,,F,1,A,6,EUR
OECD.SDD.NAD:DSD_NAMAIN10@DF_TABLE5(1.0),A,BGR,S14,S1,P31DC,_Z,_Z,CP121,XDC,V,N,T0117,2021,703.036,,F,1,A,6,EUR
OECD.SDD.NAD:DSD_NAMAIN10@DF_TABLE5(1.0),A,BGR,S14,S1,P31DC,_Z,_Z,_T,XDC,V,N,T0117,2021,42020.507,,F,1,A,6,EUR
OECD.SDD.NAD:DSD_NAMAIN10@DF_TABLE5(1.0),A,BGR,S14,S1,P31DC,_Z,_Z,CP06,XDC,V,N,T0117,2021,3015.893,,F,1,A,6,EUR
OECD.SDD.NAD:DSD_NAMAIN10@DF_TABLE5(1.0),A,BGR,S14,S1,P31DC,_Z,_Z,CP102,XDC,V,N,T0117,2021,12.658,,F,1,A,6,EUR
OECD.SDD.NAD:DSD_NAMAIN10@DF_TABLE5(1.0),A,BGR,S14,S1,P31DC,_Z,_Z,CP043,XDC,V,N,T0117,2021,466.859,,F,1,A,6,EUR
OECD.SDD.NAD:DSD_NAMAIN10@DF_TABLE5(1.0),A,BGR,S14,S1,P31DC,_Z,_Z,CP07,XDC,V,N,T0117,2021,5170.593,,F,1,A,6,EUR
OECD.SDD.NAD:DSD_NAMAIN10@DF_TABLE5(1.0),A,BGR,S14,S1,P31DC,_Z,_Z,CP061,XDC,V,N,T0117,2021,2165.943,,F,1,A,6,EUR
OECD.SDD.NAD:DSD_NAMAIN10@DF_TABLE5(1.0),A,BGR,S14,S1,P31DC,_Z,_Z,CP093,XDC,V,N,T0117,2021,586.475,,F,1,A,6,EUR
OECD.SDD.NAD:DSD_NAMAIN10@DF_TABLE5(1.0),A,BGR,S14,S1,P31DC,_Z,_Z,CP105,XDC,V,N,T0117,2021,298.667,,F,1,A,6,EUR
OECD.SDD.NAD:DSD_NAMAIN10@DF_TABLE5(1.0),A,BGR,S14,S1,P31DC,_Z,_Z,CP073,XDC,V,N,T0117,2021,1253.544,,F,1,A,6,EUR
OECD.SDD.NAD:DSD_NAMAIN10@DF_TABLE5(1.0),A,BGR,S14,S1,P31DC,_Z,_Z,CP101,XDC,V,N,T0117,2021,25.181,,F,1,A,6,EUR
OECD.SDD.NAD:DSD_NAMAIN10@DF_TABLE5(1.0),A,BGR,S14,S1,P31DC,_Z,_Z,CP12,XDC,V,N,T0117,2021,2900.023,,F,1,A,6,EUR
OECD.SDD.NAD:DSD_NAMAIN10@DF_TABLE5(1.0),A,BGR,S14,S1,P31DC,_Z,_Z,CP08,XDC,V,N,T0117,2021,2178.663,,F,1,A,6,EUR
OECD.SDD.NAD:DSD_NAMAIN10@DF_TABLE5(1.0),A,BGR,S14,S1,P31DC,_Z,_Z,CP054,XDC,V,N,T0117,2021,417.385,,F,1,A,6,EUR
OECD.SDD.NAD:DSD_NAMAIN10@DF_TABLE5(1.0),A,BGR,S14,S1,P31DC,_Z,_Z,CP045,XDC,V,N,T0117,2021,2208.178,,F,1,A,6,EUR
OECD.SDD.NAD:DSD_NAMAIN10@DF_TABLE5(1.0),A,BGR,S14,S1,P31DC,_Z,_Z,CP103,XDC,V,N,T0117,2021,2.164,,F,1,A,6,EUR
OECD.SDD.NAD:DSD_NAMAIN10@DF_TABLE5(1.0),A,BGR,S14,S1,P31DC,_Z,_Z,CP072,XDC,V,N,T0117,2021,3216.275,,F,1,A,6,EUR
OECD.SDD.NAD:DSD_NAMAIN10@DF_TABLE5(1.0),A,BGR,S14,S1,P31DC,_Z,_Z,CP122,XDC,V,N,T0117,2021,131.672,,F,1,A,6,EUR
OECD.SDD.NAD:DSD_NAMAIN10@DF_TABLE5(1.0),A,BGR,S14,S1,P31DC,_Z,_Z,CP011,XDC,V,N,T0117,2021,7657.453,,F,1,A,6,EUR
OECD.SDD.NAD:DSD_NAMAIN10@DF_TABLE5(1.0),A,BGR,S14,S1,P31DC,_Z,_Z,CP03,XDC,V,N,T0117,2021,1495.444,,F,1,A,6,EUR
OECD.SDD.NAD:DSD_NAMAIN10@DF_TABLE5(1.0),A,BGR,S14,S1,P31DC,_Z,_Z,CP091,XDC,V,N,T0117,2021,921.052,,F,1,A,6,EUR
OECD.SDD.NAD:DSD_NAMAIN10@DF_TABLE5(1.0),A,BGR,S14,S1,P31DC,_Z,_Z,CP096,XDC,V,N,T0117,2021,415.464,,F,1,A,6,EUR
OECD.SDD.NAD:DSD_NAMAIN10@DF_TABLE5(1.0),A,BGR,S14,S1,P31DC,_Z,_Z,CP111,XDC,V,N,T0117,2021,1476.627,,F,1,A,6,EUR
OECD.SDD.NAD:DSD_NAMAIN10@DF_TABLE5(1.0),A,BGR,S14,S1,P31DC,_Z,_Z,CP082,XDC,V,N,T0117,2022,470.893,,F,1,A,6,EUR
OECD.SDD.NAD:DSD_NAMAIN10@DF_TABLE5(1.0),A,BGR,S14,S1,P31DC,_Z,_Z,CP083,XDC,V,N,T0117,2022,1608.029,,F,1,A,6,EUR
OECD.SDD.NAD:DSD_NAMAIN10@DF_TABLE5(1.0),A,BGR,S14,S1,P31DC,_Z,_Z,CP055,XDC,V,N,T0117,2022,524.511,,F,1,A,6,EUR
OECD.SDD.NAD:DSD_NAMAIN10@DF_TABLE5(1.0),A,BGR,S14,S1,P31DC,_Z,_Z,CP09,XDC,V,N,T0117,2022,3647.845,,F,1,A,6,EUR
OECD.SDD.NAD:DSD_NAMAIN10@DF_TABLE5(1.0),A,BGR,S14,S1,P31DC,_Z,_Z,CP023,XDC,V,N,T0117,2022,99.291,,F,1,A,6,EUR
OECD.SDD.NAD:DSD_NAMAIN10@DF_TABLE5(1.0),A,BGR,S14,S1,P31DC,_Z,_Z,CP063,XDC,V,N,T0117,2022,522.279,,F,1,A,6,EUR
OECD.SDD.NAD:DSD_NAMAIN10@DF_TABLE5(1.0),A,BGR,S14,S1,P31DC,_Z,_Z,CP044,XDC,V,N,T0117,2022,699.09,,F,1,A,6,EUR
OECD.SDD.NAD:DSD_NAMAIN10@DF_TABLE5(1.0),A,BGR,S14,S1,P31DC,_Z,_Z,CP104,XDC,V,N,T0117,2022,310.537,,F,1,A,6,EUR
OECD.SDD.NAD:DSD_NAMAIN10@DF_TABLE5(1.0),A,BGR,S14,S1,P31DC,_Z,_Z,CP094,XDC,V,N,T0117,2022,1184.856,,F,1,A,6,EUR
OECD.SDD.NAD:DSD_NAMAIN10@DF_TABLE5(1.0),A,BGR,S14,S1,P31DC,_Z,_Z,CP121,XDC,V,N,T0117,2022,822.019,,F,1,A,6,EUR
OECD.SDD.NAD:DSD_NAMAIN10@DF_TABLE5(1.0),A,BGR,S14,S1,P31DC,_Z,_Z,_T,XDC,V,N,T0117,2022,51215.238,,F,1,A,6,EUR
OECD.SDD.NAD:DSD_NAMAIN10@DF_TABLE5(1.0),A,BGR,S14,S1,P31DC,_Z,_Z,CP06,XDC,V,N,T0117,2022,3306.199,,F,1,A,6,EUR
OECD.SDD.NAD:DSD_NAMAIN10@DF_TABLE5(1.0),A,BGR,S14,S1,P31DC,_Z,_Z,CP102,XDC,V,N,T0117,2022,15.609,,F,1,A,6,EUR
OECD.SDD.NAD:DSD_NAMAIN10@DF_TABLE5(1.0),A,BGR,S14,S1,P31DC,_Z,_Z,CP043,XDC,V,N,T0117,2022,543.949,,F,1,A,6,EUR
OECD.SDD.NAD:DSD_NAMAIN10@DF_TABLE5(1.0),A,BGR,S14,S1,P31DC,_Z,_Z,CP07,XDC,V,N,T0117,2022,7004.563,,F,1,A,6,EUR
OECD.SDD.NAD:DSD_NAMAIN10@DF_TABLE5(1.0),A,BGR,S14,S1,P31DC,_Z,_Z,CP061,XDC,V,N,T0117,2022,2363.809,,F,1,A,6,EUR
OECD.SDD.NAD:DSD_NAMAIN10@DF_TABLE5(1.0),A,BGR,S14,S1,P31DC,_Z,_Z,CP093,XDC,V,N,T0117,2022,599.152,,F,1,A,6,EUR
OECD.SDD.NAD:DSD_NAMAIN10@DF_TABLE5(1.0),A,BGR,S14,S1,P31DC,_Z,_Z,CP105,XDC,V,N,T0117,2022,323.535,,F,1,A,6,EUR
OECD.SDD.NAD:DSD_NAMAIN10@DF_TABLE5(1.0),A,BGR,S14,S1,P31DC,_Z,_Z,CP073,XDC,V,N,T0117,2022,2007.603,,F,1,A,6,EUR
OECD.SDD.NAD:DSD_NAMAIN10@DF_TABLE5(1.0),A,BGR,S14,S1,P31DC,_Z,_Z,CP12,XDC,V,N,T0117,2022,3226.423,,F,1,A,6,EUR
OECD.SDD.NAD:DSD_NAMAIN10@DF_TABLE5(1.0),A,BGR,S14,S1,P31DC,_Z,_Z,CP101,XDC,V,N,T0117,2022,27.682,,F,1,A,6,EUR
OECD.SDD.NAD:DSD_NAMAIN10@DF_TABLE5(1.0),A,BGR,S14,S1,P31DC,_Z,_Z,CP08,XDC,V,N,T0117,2022,2430.264,,F,1,A,6,EUR
OECD.SDD.NAD:DSD_NAMAIN10@DF_TABLE5(1.0),A,BGR,S14,S1,P31DC,_Z,_Z,CP054,XDC,V,N,T0117,2022,553.585,,F,1,A,6,EUR
OECD.SDD.NAD:DSD_NAMAIN10@DF_TABLE5(1.0),A,BGR,S14,S1,P31DC,_Z,_Z,CP045,XDC,V,N,T0117,2022,3022.696,,F,1,A,6,EUR
OECD.SDD.NAD:DSD_NAMAIN10@DF_TABLE5(1.0),A,BGR,S14,S1,P31DC,_Z,_Z,CP103,XDC,V,N,T0117,2022,4.829,,F,1,A,6,EUR
OECD.SDD.NAD:DSD_NAMAIN10@DF_TABLE5(1.0),A,BGR,S14,S1,P31DC,_Z,_Z,CP072,XDC,V,N,T0117,2022,4148.25,,F,1,A,6,EUR
OECD.SDD.NAD:DSD_NAMAIN10@DF_TABLE5(1.0),A,BGR,S14,S1,P31DC,_Z,_Z,CP122,XDC,V,N,T0117,2022,131.069,,F,1,A,6,EUR
OECD.SDD.NAD:DSD_NAMAIN10@DF_TABLE5(1.0),A,BGR,S14,S1,P31DC,_Z,_Z,CP011,XDC,V,N,T0117,2022,9667.945,,F,1,A,6,EUR
OECD.SDD.NAD:DSD_NAMAIN10@DF_TABLE5(1.0),A,BGR,S14,S1,P31DC,_Z,_Z,CP03,XDC,V,N,T0117,2022,1793.668,,F,1,A,6,EUR
OECD.SDD.NAD:DSD_NAMAIN10@DF_TABLE5(1.0),A,BGR,S14,S1,P31DC,_Z,_Z,CP091,XDC,V,N,T0117,2022,1002.739,,F,1,A,6,EUR
OECD.SDD.NAD:DSD_NAMAIN10@DF_TABLE5(1.0),A,BGR,S14,S1,P31DC,_Z,_Z,CP111,XDC,V,N,T0117,2022,2136.314,,F,1,A,6,EUR
OECD.SDD.NAD:DSD_NAMAIN10@DF_TABLE5(1.0),A,BGR,S14,S1,P31DC,_Z,_Z,CP096,XDC,V,N,T0117,2022,415.936,,F,1,A,6,EUR
OECD.SDD.NAD:DSD_NAMAIN10@DF_TABLE5(1.0),A,BGR,S14,S1,P31DC,_Z,_Z,CP051,XDC,V,N,T0117,2022,827.048,,F,1,A,6,EUR
OECD.SDD.NAD:DSD_NAMAIN10@DF_TABLE5(1.0),A,BGR,S14,S1,P31DC,_Z,_Z,CP125,XDC,V,N,T0117,2022,247.678,,F,1,A,6,EUR
OECD.SDD.NAD:DSD_NAMAIN10@DF_TABLE5(1.0),A,BGR,S14,S1,P31DC,_Z,_Z,CP092,XDC,V,N,T0117,2022,118.425,,F,1,A,6,EUR
OECD.SDD.NAD:DSD_NAMAIN10@DF_TABLE5(1.0),A,BGR,S14,S1,P31DC,_Z,_Z,CP04,XDC,V,N,T0117,2022,9438.931,,F,1,A,6,EUR
OECD.SDD.NAD:DSD_NAMAIN10@DF_TABLE5(1.0),A,BGR,S14,S1,P31DC,_Z,_Z,CP012,XDC,V,N,T0117,2022,966.092,,F,1,A,6,EUR
OECD.SDD.NAD:DSD_NAMAIN10@DF_TABLE5(1.0),A,BGR,S14,S1,P31DC,_Z,_Z,CP112,XDC,V,N,T0117,2022,1348.906,,F,1,A,6,EUR
OECD.SDD.NAD:DSD_NAMAIN10@DF_TABLE5(1.0),A,BGR,S14,S1,P31DC,_Z,_Z,CP05,XDC,V,N,T0117,2022,3087.528,,F,1,A,6,EUR
OECD.SDD.NAD:DSD_NAMAIN10@DF_TABLE5(1.0),A,BGR,S14,S1,P31DC,_Z,_Z,CP071,XDC,V,N,T0117,2022,848.71,,F,1,A,6,EUR
OECD.SDD.NAD:DSD_NAMAIN10@DF_TABLE5(1.0),A,BGR,S14,S1,P31DC,_Z,_Z,CP056,XDC,V,N,T0117,2022,555.073,,F,1,A,6,EUR
OECD.SDD.NAD:DSD_NAMAIN10@DF_TABLE5(1.0),A,BGR,S14,S1,P31DC,_Z,_Z,CP02,XDC,V,N,T0117,2022,2478.368,,F,1,A,6,EUR
OECD.SDD.NAD:DSD_NAMAIN10@DF_TABLE5(1.0),A,BGR,S14,S1,P31DC,_Z,_Z,CP041,XDC,V,N,T0117,2022,524.138,,F,1,A,6,EUR
OECD.SDD.NAD:DSD_NAMAIN10@DF_TABLE5(1.0),A,BGR,S14,S1,P31DC,_Z,_Z,CP10,XDC,V,N,T0117,2022,682.191,,F,1,A,6,EUR
OECD.SDD.NAD:DSD_NAMAIN10@DF_TABLE5(1.0),A,BGR,S14,S1,P31DC,_Z,_Z,CP022,XDC,V,N,T0117,2022,1506.349,,F,1,A,6,EUR
OECD.SDD.NAD:DSD_NAMAIN10@DF_TABLE5(1.0),A,BGR,S14,S1,P31DC,_Z,_Z,CP01,XDC,V,N,T0117,2022,10634.037,,F,1,A,6,EUR
OECD.SDD.NAD:DSD_NAMAIN10@DF_TABLE5(1.0),A,BGR,S14,S1,P31DC,_Z,_Z,CP053,XDC,V,N,T0117,2022,536.459,,F,1,A,6,EUR
OECD.SDD.NAD:DSD_NAMAIN10@DF_TABLE5(1.0),A,BGR,S14,S1,P31DC,_Z,_Z,CP124,XDC,V,N,T0117,2022,64.092,,F,1,A,6,EUR
OECD.SDD.NAD:DSD_NAMAIN10@DF_TABLE5(1.0),A,BGR,S14,S1,P31DC,_Z,_Z,CP11,XDC,V,N,T0117,2022,3485.22,,F,1,A,6,EUR
OECD.SDD.NAD:DSD_NAMAIN10@DF_TABLE5(1.0),A,BGR,S14,S1,P31DC,_Z,_Z,CP042,XDC,V,N,T0117,2022,4649.058,,F,1,A,6,EUR
OECD.SDD.NAD:DSD_NAMAIN10@DF_TABLE5(1.0),A,BGR,S14,S1,P31DC,_Z,_Z,CP081,XDC,V,N,T0117,2022,351.342,,F,1,A,6,EUR
OECD.SDD.NAD:DSD_NAMAIN10@DF_TABLE5(1.0),A,BGR,S14,S1,P31DC,_Z,_Z,CP095,XDC,V,N,T0117,2022,326.738,,F,1,A,6,EUR
OECD.SDD.NAD:DSD_NAMAIN10@DF_TABLE5(1.0),A,BGR,S14,S1,P31DC,_Z,_Z,CP123,XDC,V,N,T0117,2022,338.562,,F,1,A,6,EUR
OECD.SDD.NAD:DSD_NAMAIN10@DF_TABLE5(1.0),A,BGR,S14,S1,P31DC,_Z,_Z,CP032,XDC,V,N,T0117,2022,356.863,,F,1,A,6,EUR
OECD.SDD.NAD:DSD_NAMAIN10@DF_TABLE5(1.0),A,BGR,S14,S1,P31DC,_Z,_Z,CP126,XDC,V,N,T0117,2022,852.929,,F,1,A,6,EUR
OECD.SDD.NAD:DSD_NAMAIN10@DF_TABLE5(1.0),A,BGR,S14,S1,P31DC,_Z,_Z,CP052,XDC,V,N,T0117,2022,90.852,,F,1,A,6,EUR
OECD.SDD.NAD:DSD_NAMAIN10@DF_TABLE5(1.0),A,BGR,S14,S1,P31DC,_Z,_Z,CP062,XDC,V,N,T0117,2022,420.111,,F,1,A,6,EUR
OECD.SDD.NAD:DSD_NAMAIN10@DF_TABLE5(1.0),A,BGR,S14,S1,P31DC,_Z,_Z,CP127,XDC,V,N,T0117,2022,770.074,,F,1,A,6,EUR
OECD.SDD.NAD:DSD_NAMAIN10@DF_TABLE5(1.0),A,BGR,S14,S1,P31DC,_Z,_Z,CP122_127,XDC,V,N,T0117,2022,901.143,,F,1,A,6,EUR
OECD.SDD.NAD:DSD_NAMAIN10@DF_TABLE5(1.0),A,BGR,S14,S1,P31DC,_Z,_Z,CP021,XDC,V,N,T0117,2022,872.728,,F,1,A,6,EUR
OECD.SDD.NAD:DSD_NAMAIN10@DF_TABLE5(1.0),A,BGR,S14,S1,P31DC,_Z,_Z,CP031,XDC,V,N,T0117,2022,1436.804,,F,1,A,6,EUR
