iso3,year,country_name,gdp_current_usd,gdp_per_capita_current_usd,gdp_per_capita_ppp_current_intl,population_total,household_consumption_expenditure_current_usd,household_consumption_expenditure_constant_2015_usd,household_consumption_expenditure_per_capita_constant_2015_usd,household_consumption_pct_of_gdp,inflation_cpi_annual_pct,unemployment_pct_of_labor_force,urban_population_pct,internet_users_pct_of_population,population_65_plus_pct,age_dependency_ratio_pct
AFE,2023,Africa Eastern and Southern,1179121535535.41,1571.13270407815,4496.7448983176,750491370.0,795733496162.977,754930963806.632,1005.91558275564,67.4852822361227,7.39918558080627,7.67654773372157,37.7723012408349,27.8,3.28630347344117,79.1475199128058
AFE,2022,Africa Eastern and Southern,1226461319482.05,1675.90252377611,4359.59140659761,731821393.0,807492726852.141,735304126416.686,1004.75899372442,65.8392330867114,10.8834775726018,7.86947018999245,37.3605781096471,26.8,3.24611138116328,79.8794634848445
AFE,2021,Africa Eastern and Southern,1113059797223.9,1560.89462580275,4022.27765875061,713090928.0,726312052295.955,705596095882.692,989.489654372229,65.2536417277367,6.82472709282067,8.40741154700022,36.9085426088518,25.0,3.21657276924908,80.6343383343277
AFE,2020,Africa Eastern and Southern,938546103425.609,1351.50316694933,3707.03361237873,694446100.0,625722214155.171,665946590507.418,958.960804168125,66.6693103163863,5.19162942092851,7.97430164130982,36.4883219609866,23.5,3.19216910200426,81.4337765865991
AFE,2019,Africa Eastern and Southern,1019354194063.69,1508.0315245887,3804.53383380234,675950189.0,678363458984.845,672697225094.009,995.18756861241,66.5483560999075,4.10285075461156,7.45910636823544,36.0973307017698,21.6,3.15714194166587,82.2360975117786
AFE,2018,Africa Eastern and Southern,1021971569379.4,1553.61794421394,3727.71078455171,657801085.0,673483847820.905,661999910048.544,1006.38312271641,65.9004485056157,4.6898064677633,7.24484282680541,35.714718464725,19.6,3.11392234821198,83.0340977254466
AFE,2017,Africa Eastern and Southern,979240640383.155,1529.92307995549,3843.02837944545,640058741.0,645699015450.536,643376892038.676,1005.18413518342,65.9387477216926,6.22137528933118,7.21491501896869,35.2829868326458,17.3,3.07482831431294,83.880531648472
AFE,2016,Africa Eastern and Southern,832661416653.091,1335.7431649955,3639.49647625541,623369401.0,551738470571.013,616440290045.311,988.884422392928,66.2620435553196,6.44687722255584,7.07442880999326,34.8812106693274,16.3,3.04497679911034,84.6520152076131
AFE,2015,Africa Eastern and Southern,909905339457.167,1498.71597073834,3539.42826462333,607123269.0,604203119035.631,604203119035.631,995.190186056978,66.4028545426591,5.09856164363687,6.9309412585873,34.4906809355644,14.3,3.0209800627081,85.3786910237359
AFE,2014,Africa Eastern and Southern,998727180531.477,1689.98238051624,3513.89449077924,590968990.0,638463946756.081,585994394856.823,991.582307655132,63.9277631771592,5.52581923392517,6.86242857576034,34.0775774023013,12.1,2.99814399760311,86.0934422011175
AFE,2013,Africa Eastern and Southern,981203198866.08,1705.83900348854,3373.42876553653,575202699.0,611117133827.424,562987980499.836,978.764497243495,62.2824237154605,5.74883133553454,6.88972223038428,33.6673142772775,10.0,2.97806604990712,86.7370985760153
AFW,2023,Africa Western and Central,938480674635.085,1846.24681069313,6538.81203828952,508318102.0,,,,,5.22116801324002,3.20335496340002,52.3021093132307,38.5,2.96895662928781,81.2006205333408
AFW,2022,Africa Western and Central,1063748247138.21,2143.07209365676,6232.32301367722,496366058.0,,,,,7.94925143524016,3.59653801462938,51.7001028474527,37.5,2.94754068437062,82.4878950875457
AFW,2021,Africa Western and Central,1026670180885.97,2116.9382941844,5702.13488630478,484978794.0,,,,,3.74556782333009,4.67076109003218,51.0894191806819,34.7,2.93194580772786,83.6823171589061
AFW,2020,Africa Western and Central,963688197941.774,2034.43793971923,5423.59440539157,473687685.0,,,,,2.49037783931949,4.7993062016358,50.4923214842153,31.5,2.92536123418002,84.8380363601754
AFW,2019,Africa Western and Central,1026527768676.04,2219.41255534667,5491.68793497457,462522286.0,,,,,1.98309228487232,4.39390284484525,49.9054685471984,28.5,2.92047830747963,85.8898197069607
AFW,2018,Africa Western and Central,777805844264.864,1723.11446346681,5188.36799985052,451395343.0,,,,,1.78404994832044,4.33609979249296,49.3326762524323,25.7,2.91413874184351,86.7993838842782
AFW,2017,Africa Western and Central,694206358825.098,1577.20349674013,5035.76239103569,440150152.0,,,,,1.72548602374731,4.28464574730964,48.7610092648065,23.8,2.91176535132795,87.6269769888551
AFW,2016,Africa Western and Central,699979485002.844,1632.42497788744,4972.62385940911,428797338.0,,,,,1.48741550755546,4.16910166908106,48.1862744131428,20.9,2.91405528105407,88.3499211104941
AFW,2015,Africa Western and Central,778037497377.313,1863.40151301991,5063.90537463052,417536152.0,,,,,2.13081738058791,4.1727731083969,47.6135647497926,18.6,2.92079691546882,88.891958589616
AFW,2014,Africa Western and Central,904094866776.536,2224.32958643376,5121.42199081437,406457241.0,,,,,1.76843582146224,3.89018286622866,47.0323463433828,15.0,2.93488977746012,89.2343950733369
AFW,2013,Africa Western and Central,844187976557.843,2134.24752369303,4867.13076339912,395543613.0,,,,,2.43920076104126,3.71010995935874,46.4556737847896,12.6,2.95121400724175,89.493683506662
ARB,2023,Arab World,3617895070373.04,7504.35637695627,18535.5718250448,482105978.0,1782851894133.92,1676028672742.84,3476.47353325877,49.2787065256177,4.00025877060152,9.31338863204988,59.569940800309,,4.51799054833208,60.8736861542823
ARB,2022,Arab World,3752344988903.0,7960.81158770821,17982.9465916669,471352066.0,1739439774206.08,1596223312467.69,3386.47781055379,46.3560727851575,5.17222088647606,9.74413095599936,59.3339325148117,,4.41069032706453,61.6662320347198
ARB,2021,Arab World,3090113052044.16,6708.20761928893,16056.1999979133,460646603.0,1554959101223.96,1514007744022.68,3286.70120253264,50.3204599648976,2.86833027751015,10.8627489086684,59.112484714184,,4.33911374250505,62.3866911370143
ARB,2020,Arab World,2608795934173.51,5749.75163256627,14338.4686513157,453723239.0,1429830828540.42,1448241381733.64,3191.90479404482,54.808074859769,1.44703656998741,11.2951503646669,59.0899689866908,,4.27091079157564,62.7149980171102
ARB,2019,Arab World,2969429771610.46,6683.67016877686,15767.3970459926,444281315.0,1454101886174.84,1483380077038.13,3338.83066191549,48.9690613355107,1.33601568147656,10.2137182910936,58.8962879377102,,4.18635530015928,63.0627189004981
ARB,2018,Arab World,2924906594129.03,6708.53121256784,15578.8139057756,435998060.0,1383815237838.26,1432513538176.06,3285.59612897374,47.3114334870011,2.30874696703938,10.6546406452031,58.7847025324078,,4.08181680168791,63.2816800096952
ARB,2017,Arab World,2615263227679.8,6105.92161804571,14494.5144598753,428315886.0,1329566156895.38,1415868118398.1,3305.6633309139,50.8387126321864,2.06932928164424,11.1152019032057,58.6808941601595,,3.98006156404198,63.345819094422
ARB,2016,Arab World,2540369856563.15,6051.26103619544,13880.772630407,419808341.0,1351778231484.75,1374050278615.81,3273.04187273355,53.2118670827546,2.22799991129428,10.8617161429412,58.5622937950483,,3.89446274838379,63.422729290121
ARB,2015,Arab World,2584151265962.58,6299.87807685552,14353.7312174047,410190679.0,1327733587356.4,1327733587356.4,3236.86923016697,51.3798710177991,1.83135233156369,11.1524464292006,58.351712270484,,3.83059579742831,63.534064295947
ARB,2014,Arab World,2940745822078.8,7347.6211570264,15837.4560557778,400231008.0,1296221813609.78,1296861896887.16,3240.28341374079,44.0779955845856,2.89947905006057,11.0319261608507,58.0278238886845,,3.78263821470733,63.5583753221543
ARB,2013,Arab World,2887116130913.48,7384.79221541888,16054.0404163092,390954281.0,1180489870650.22,1232164561810.91,3151.68453625632,40.8882018291628,3.25423910998847,11.0350018909533,57.5747135596837,,3.73934774413113,63.4202826235924
CSS,2023,Caribbean small states,79594075306.6477,17609.6827071212,32879.5234896983,4519904.0,,,,,4.10449281822017,7.51281290895946,50.1020889305245,,9.75896028061465,47.0210883883126
CSS,2022,Caribbean small states,78475897832.9531,17449.5193422186,28945.6087800083,4497310.0,,,,,5.82838638517959,8.29867755889038,50.1314448681558,,9.43449632251654,46.9036088509035
CSS,2021,Caribbean small states,62692425791.373,13996.4475071755,23495.1590735021,4479167.0,,,,,2.22891330700344,9.71327125079923,50.1235419064094,,9.17445327180519,46.8681192800349
CSS,2020,Caribbean small states,53339533047.3726,11961.4085449634,20169.8826381617,4459302.0,,,,,0.121434644614894,9.95181592662355,50.1148273041796,,8.91914289901916,46.7892687086316
CSS,2019,Caribbean small states,62185048912.3359,13995.7626558947,22156.1172344598,4443134.0,,,,,1.00054293027237,8.21142514691839,50.0613448862218,,8.58725607336797,46.425458114425
CSS,2018,Caribbean small states,61251232769.8672,13896.5484095788,21259.1014637807,4407658.0,,,,,1.20715793367008,8.59708625490841,50.095481721741,,8.31958057328657,46.4317367165704
CSS,2017,Caribbean small states,59854333034.3488,13708.7525902396,20796.7249890991,4366140.0,,,,,1.6992957045984,8.24674002522057,50.1782963503998,,8.10305187983601,46.7083779838647
CSS,2016,Caribbean small states,58077597799.5106,13377.8260731233,19976.866124705,4341333.0,,,,,0.402621696824957,8.52897625860849,50.1731298812102,,7.83674531685472,46.7234084911368
CSS,2015,Caribbean small states,62546622822.0285,14497.8798625347,20632.6575710473,4314191.0,,,,,-0.852705497033039,8.22453564269079,50.1679113039414,,7.58577792619511,46.8251961598146
CSS,2014,Caribbean small states,64139344973.1037,14962.943351851,21219.9395191324,4286546.0,,,,,1.14542060958206,8.61294822432626,50.1596535005104,,7.36176079658229,46.9993123875897
CSS,2013,Caribbean small states,62057809452.4886,14575.4918879542,20901.494764246,4257682.0,,,,,1.08324168178149,8.87950796126762,50.1507539138983,,7.16820861454452,47.2469195369315
CEB,2023,Central Europe and the Baltics,2273564082260.43,22693.9504470566,48014.3414866347,100183707.0,1263077636493.43,943748719923.108,9420.18166609774,55.5549608805241,9.44284140088564,4.01230416616797,61.69707902806,,20.1122831060333,54.6939636301782
CEB,2022,Central Europe and the Baltics,1954028005289.23,19526.2463443821,45264.7376182599,100071871.0,1107896407477.22,944107960645.645,9434.29908136368,56.6980823446916,14.6081439492433,3.96540582731722,61.5935240282645,,19.7761117469848,54.3056472950794
CEB,2021,Central Europe and the Baltics,1926387937049.61,19224.3287744219,40122.3609600588,100205732.0,1057450754819.44,903544034629.05,9016.88971873435,54.8929285987433,3.83984491500146,4.44508031221282,61.5491099540844,,19.4932880982539,53.8417678775833
CEB,2020,Central Europe and the Baltics,1678297364952.0,16581.3833261524,36454.227425867,101215763.0,924376809194.697,851301727762.662,8410.762341066,55.0782494508139,1.67244096855756,4.3496421220328,61.6318247679717,,19.1544771086702,53.0479930484649
CEB,2019,Central Europe and the Baltics,1684322326510.05,16534.9661895205,35861.647806839,101864274.0,939455521297.519,876141750758.761,8601.06999593166,55.77646905887,2.6645613342544,3.76072643211224,61.7449526458334,,18.722358234302,51.9320838939649
CEB,2018,Central Europe and the Baltics,1656387103225.12,16227.2845341706,32302.4166123144,102074201.0,937272270564.864,848750370875.183,8315.03320682552,56.5853397880194,2.53445424186598,4.29483445753775,61.8111043373164,,18.2800559799574,50.7192465068428
CEB,2017,Central Europe and the Baltics,1467504296996.79,14339.8488594791,29977.3227104648,102337501.0,833867149121.986,806370571598.804,7879.52181477251,56.8221265742441,2.07593553673859,5.27719000843769,61.871575661727,,17.8458198355238,49.5083912668037
CEB,2016,Central Europe and the Baltics,1321564300745.06,12874.7280619541,27864.3615159753,102647939.0,746006696123.229,760202873910.406,7405.92437915783,56.4487627051255,-0.0549995416705683,6.47626986745334,61.9025261003991,,17.4043072940577,48.3136319496575
CEB,2015,Central Europe and the Baltics,1297144243677.59,12596.9151136003,26201.341579345,102973167.0,730178130632.684,730178130632.684,7090.95536153301,56.2912054069271,-0.464499004645003,7.81260796234007,61.9708877552038,,16.9582839213529,47.1970122010847
CEB,2014,Central Europe and the Baltics,1467454376587.2,14208.4390487349,24971.5268286455,103280478.0,838760557643.126,703279216068.501,6809.41093309522,57.1575219662907,0.0538213132399802,8.87370489824698,61.9632949711014,,16.5181965499473,46.1683874948548
CEB,2013,Central Europe and the Baltics,1420225996416.23,13712.7077940364,23869.112331393,103570062.0,823658330141.901,685202711163.529,6615.83760723759,57.9948777321571,1.4382978723404,10.076189699493,61.9617031095155,,16.1142848068115,45.2684287063652
EAR,2023,Early-demographic dividend,14791485754640.0,4212.16924807645,13077.74159237,3511607650.0,9098758323499.51,8622383113021.08,2455.3947856393,61.5134846791525,5.88585897042164,5.11313521249178,47.0167430983708,,6.435881129425,52.2880415042238
EAR,2022,Early-demographic dividend,13943279396110.6,4017.48956260692,12179.6777105287,3470644834.0,8529414545035.48,8231668133206.61,2371.79790123307,61.172227154931,7.19861615609867,5.64296814018676,46.6969243405166,,6.25278968980683,52.7365412222389
EAR,2021,Early-demographic dividend,12689608907980.0,3697.4103832017,10723.3712238292,3432026092.0,7928813687537.77,7691807905217.66,2241.18573082738,62.4827269700303,4.12676744440695,6.74359581980053,46.3752600779412,,6.12221835341079,53.2455978237344
EAR,2020,Early-demographic dividend,10818113835119.8,3185.49787368673,9606.79804230566,3396051187.0,6858018214336.73,7073660958170.67,2082.90763850924,63.3938440550787,2.96354992076065,7.36417086549936,46.0812452315672,,6.01398211088033,53.7784426817019
EAR,2019,Early-demographic dividend,11681340567084.1,3481.75530893525,9858.57637742462,3355014793.0,7320290429285.13,7395961920638.5,2204.44986891553,62.666526904561,2.76252019386111,6.30970549335686,45.7649596058874,,5.864005177427,54.2615996767478
EAR,2018,Early-demographic dividend,11470147555427.1,3460.86264008666,9528.54183592407,3314245247.0,7088060630259.16,7182122248930.8,2167.04610361347,61.7957231675319,3.97561015740694,6.77526130131479,45.4349772935468,,5.69913615423204,54.701531215767
EAR,2017,Early-demographic dividend,11321429912094.9,3457.91719451195,9044.20137999894,3274060446.0,7036679989255.58,6950133459378.42,2122.78715497436,62.1536329235072,3.32817337461305,6.71806478492721,45.1249360555588,,5.54475878388619,55.1714309322017
EAR,2016,Early-demographic dividend,10435095271533.5,3227.64814256759,8575.49198142062,3233033717.0,6557782278708.54,6658351831542.57,2059.4749125354,62.8435304907846,3.52317317628473,6.7341480328496,44.8097968515725,,5.40309482717696,55.6901946626471
EAR,2015,Early-demographic dividend,10141599371579.2,3178.86716124226,8264.59584216122,3190318707.0,6376473228310.92,6376473228310.92,1998.69474304246,62.8744342453554,3.12900274473925,6.79324404164611,44.4503233893376,,5.27558314448739,56.2483245460123
EAR,2014,Early-demographic dividend,10547017467024.3,3351.66429566368,8157.89125851157,3146800078.0,6401718193187.27,6093609376165.07,1936.44630263196,60.6969526048718,4.07392957476225,6.61419058154874,44.0073800418903,,5.16178009242201,56.8292359529467
EAR,2013,Early-demographic dividend,10342396461018.3,3332.30407501939,7927.02682343953,3103677284.0,6197577148256.17,5886826991835.36,1896.7265128314,59.9239950974182,4.82778705505169,6.67711092742994,43.5232298113552,,5.06838765817358,57.4217819258392
EAS,2023,East Asia & Pacific,31597454903562.8,13251.5119797804,25752.2654674716,2384441485.0,14331581828722.0,14157550600884.7,5937.47034261346,45.3567601329374,4.25155508842779,3.86187012642211,64.0244370902805,84.9,13.3144811454651,46.9520947781296
EAS,2022,East Asia & Pacific,31457553986143.5,13219.5863562213,23800.6462225106,2379617118.0,13825111820976.3,13310539712370.2,5593.56360806371,43.9484641020277,5.51812928576938,4.10032254258298,63.6828244393002,82.4,12.8838089318196,46.9895242269893
EAS,2021,East Asia & Pacific,31866900585287.8,13416.9773441612,21598.5847592384,2375117716.0,14098314742037.5,12954830007213.5,5454.39492112042,44.24124870351,2.47710241465447,4.06219092494546,63.2351929830371,78.8,12.4454586174566,46.8942600216405
EAS,2020,East Asia & Pacific,27716337916114.1,11697.5156784805,19443.1770050374,2369420882.0,12491759722938.4,12056014449600.2,5088.16924050397,45.0700224565952,0.846900734607273,4.29658340250273,62.3741418144863,73.9,12.0174427092946,46.68339033355
EAS,2019,East Asia & Pacific,27555988315218.6,11677.4429355606,19109.0873516499,2359762190.0,12749264497387.1,12508435565596.0,5300.71869894483,46.2667655086279,1.71437095763401,3.82442011949597,61.7435560127223,67.1,11.5700348569336,46.2555576518288
EAS,2018,East Asia & Pacific,26967805751611.4,11487.5096772887,18016.3685078978,2347576325.0,12410495633313.9,12078740787845.3,5145.19620053047,46.0196715580851,2.368549058067,3.75442452697159,60.8515259788814,62.5,11.1521030937395,45.7331040990044
EAS,2017,East Asia & Pacific,24764692848732.2,10612.7930790259,16890.8665756057,2333475520.0,11450565049659.6,11484113385184.5,4921.46297947212,46.2374604022024,1.80034222468621,3.87456480348735,59.8037083838459,57.8,10.7446559848988,45.0902595161222
EAS,2016,East Asia & Pacific,23197528991928.0,10011.552668647,16099.1896220041,2317076058.0,10838212522561.8,10882713404584.9,4696.74414312426,46.7214095360465,1.27699365720306,4.00393781457677,58.7921942331022,53.9,10.3683064663002,44.4216277235511
EAS,2015,East Asia & Pacific,22388696608294.0,9730.64405529046,15521.9186158598,2300844269.0,10350914762741.3,10350914762741.3,4498.74635245958,46.2327706870919,0.795279630579839,4.08987694775025,57.7233143419672,48.3,10.0220854398612,43.9027061648034
EAS,2014,East Asia & Pacific,22461065423931.7,9832.43196516945,15032.999332664,2284385542.0,10450605365837.5,9870573821962.11,4320.88788888076,46.5276475919197,2.51087633253696,4.02541580416077,56.6126794721138,45.5,9.70362215386653,43.4347609731884
EAS,2013,East Asia & Pacific,21719346361874.9,9580.35094813005,14440.0641260505,2267072102.0,10180333148030.0,9440951983851.47,4164.38099852348,46.8721893302465,2.58268766141795,4.05303743028521,55.6959158950493,43.2,9.43265017626416,43.012640112423
EAP,2023,East Asia & Pacific (excluding high income),21645526054900.4,10126.4304121407,21686.0963057574,2137527754.0,9213143592897.84,9019240378364.92,4219.47287537532,42.5637315052089,5.88585897042164,3.97712381690091,61.2276463501262,84.2,12.1062032297019,45.69814605447
EAP,2022,East Asia & Pacific (excluding high income),21564016559632.4,10107.0569545516,19923.1740251324,2133560408.0,8782826024666.99,8295005412460.3,3887.86995735267,40.729082174368,5.66964369895446,4.23491194246921,60.8593968560328,81.6,11.6696310043949,45.7652173557674
EAP,2021,East Asia & Pacific (excluding high income),21231427856677.9,9974.57917918464,17966.100209993,2128553744.0,8747816004987.68,8088476377436.37,3799.98691610972,41.2022029984961,2.69891859529198,4.13328662810016,60.3526131684329,77.6,11.2223955657688,45.6960782082039
EAP,2020,East Asia & Pacific (excluding high income),17805087162972.8,8391.23898302179,16013.4753426599,2121866294.0,7392903220746.33,7298672091748.08,3439.74175582436,41.5212975543333,2.40629214387011,4.36943697408605,59.3705245555409,72.2,10.7947925566702,45.5320192007852
EAP,2019,East Asia & Pacific (excluding high income),17503400404142.2,8286.45749748666,15683.1259243092,2112289891.0,7444020815947.9,7508216190027.45,3554.53871271093,42.5289980464953,1.94257500833107,3.90432643103478,58.6555692756585,64.0,10.3428213003312,45.1232232496037
EAP,2018,East Asia & Pacific (excluding high income),16902232225491.5,8046.00446277369,14588.5359546838,2100698838.0,7091934476119.5,7104567600115.76,3382.0019660123,41.9585672561263,3.19834755924996,3.81235265554938,57.6502705350874,59.1,9.91773427622491,44.5975225858069
EAP,2017,East Asia & Pacific (excluding high income),15115746338831.4,7241.98321346974,13488.4527615171,2087238522.0,6361105339690.15,6592039097747.61,3158.25864091043,42.0826414859111,2.91263557371478,3.9216662036523,56.4654638258327,53.9,9.50627733870643,43.9480333294048
EAP,2016,East Asia & Pacific (excluding high income),13844229287201.0,6683.23529656879,12742.0507041478,2071486140.0,5868085877354.63,6084185535473.14,2937.11138973546,42.3865117777243,1.91731090233378,4.04312471702124,55.3186115241997,49.6,9.13242851633735,43.2802003277158
EAP,2015,East Asia & Pacific (excluding high income),13549001701885.3,6589.81824245918,12146.4355160965,2056050896.0,5605837242099.05,5605837242099.05,2726.50703978441,41.3745408366065,1.22393195511119,4.12458341898818,54.1114656751357,43.5,8.79721135321095,42.7880858046517
EAP,2014,East Asia & Pacific (excluding high income),13004796624150.5,6373.70120967496,11753.5559132772,2040383789.0,5274451314929.17,5191136067767.03,2544.19589870944,40.5577377898727,3.14299050879095,4.05030843985024,52.8565756064242,40.6,8.49866171539604,42.367599274778
EAP,2013,East Asia & Pacific (excluding high income),12047618706549.4,5952.82148677207,11177.095575401,2023850158.0,4827910387376.15,4798996561678.65,2371.2212797518,40.0735656146849,2.91354193603992,4.05506180796151,51.8122190695644,38.2,8.2592065248502,42.0142765518996
TEA,2023,East Asia & Pacific (IDA & IBRD countries),21618798469116.3,10240.3474676862,21929.8374430801,2111139152.0,9201904307722.64,9008197574523.29,4266.98428002215,42.5643650865615,5.93194206291787,3.98514803684521,61.1991011324118,85.0,12.1071107839636,45.7076443957817
TEA,2022,East Asia & Pacific (IDA & IBRD countries),21537381722236.2,10220.556668162,20146.7246328844,2107261123.0,8772114292856.44,8284877492688.43,3931.58560287662,40.7297154593295,5.82115811213955,4.24711639501186,60.8301827838521,82.3,11.6705251753208,45.7857734017158
TEA,2021,East Asia & Pacific (IDA & IBRD countries),21205167482133.0,10086.4082581275,18167.4009161466,2102350702.0,8737127747157.99,8078607089970.13,3842.6543593725,41.2028235783552,2.6124818577648,4.14006542894987,60.3208754851698,78.3,11.2215846153508,45.7228870806412
TEA,2020,East Asia & Pacific (IDA & IBRD countries),17783125335539.1,8485.28948088661,16192.8182039717,2095759417.0,7383910074687.03,7289795289118.09,3478.35502013545,41.5220043460553,2.3931623931624,4.38103635885362,59.3301997601025,72.7,10.7910688332222,45.5611855567184
TEA,2019,East Asia & Pacific (IDA & IBRD countries),17481840638100.6,8379.42503514668,15858.9260387373,2086281644.0,7434966067554.11,7499075919959.13,3594.46958732822,42.529652463197,1.93321335810515,3.91155753249547,58.6098141698239,64.3,10.3355012946524,45.1504679737526
TEA,2018,East Asia & Pacific (IDA & IBRD countries),16881439039177.6,8136.42934013947,14752.3323183285,2074796982.0,7083323307305.49,7095931362312.87,3420.06057646794,41.9592387288006,2.91740978470444,3.81860609641702,57.595296727158,59.8,9.90614100950201,44.6177097821435
TEA,2017,East Asia & Pacific (IDA & IBRD countries),15097175319188.0,7323.57112357326,13640.2597987988,2061449949.0,6353401009978.06,6584043081780.82,3193.88937139837,42.0833757020965,2.88291164981213,3.92821339454137,56.3988367330046,54.6,9.48910208381052,43.9553387916124
TEA,2016,East Asia & Pacific (IDA & IBRD countries),13827255558413.7,6758.79473763568,12885.9507494662,2045816761.0,5860992372223.82,6076821522824.37,2970.36452074721,42.3872426994921,1.75711158908291,4.0503221911626,55.240567924451,50.2,9.10908567515978,43.2710899468432
TEA,2015,East Asia & Pacific (IDA & IBRD countries),13532365705740.1,6664.53447337008,12284.0283710403,2030504270.0,5599057720633.46,5599057720633.46,2757.47153224822,41.37530600624,1.08648629940414,4.13377205147225,54.0210877061728,44.1,8.7700911797787,42.7674882634495
TEA,2014,East Asia & Pacific (IDA & IBRD countries),12988820106481.0,6446.18938511466,11887.1086298281,2014960984.0,5268071923635.66,5184866562506.9,2573.18459447992,40.5585101683491,3.37040697371653,4.05853741844698,52.7530227342422,41.1,8.47016506609675,42.339254309404
TEA,2013,East Asia & Pacific (IDA & IBRD countries),12032819510378.6,6020.77821511419,11304.571018183,1998548872.0,4822073460603.0,4793208795794.61,2398.34455036264,40.0743438098098,2.92758351575671,4.06245777272466,51.6977521381035,38.7,8.22998142101645,41.977569290603
EMU,2023,Euro area,15957338405375.8,44797.6445281418,63831.250436355,356209318.0,8438886068494.68,7062720503521.55,19827.4445575328,52.8840452844676,5.94643667725823,6.52267389015226,77.211826995621,,22.0261614009252,57.3217786344779
EMU,2022,Euro area,14578675912327.5,41105.3462099324,60679.2730178163,354666175.0,7695532958377.18,7024952721219.83,19807.2249805605,52.786226984235,8.54686993188458,6.72976967374639,77.0874793664882,,21.6854483585582,56.9219822448382
EMU,2021,Euro area,15008955622791.4,42432.2915720012,53780.959568799,353715415.0,7683893533778.86,6672688895864.78,18864.5691222272,51.1953911177584,2.52692009066166,7.69446992680361,76.96550965754,,21.3791048421306,56.4992700844189
EMU,2020,Euro area,13338044901392.1,37727.4543067337,49280.0229070473,353536838.0,6924969095584.1,6376931407242.13,18037.5302424415,51.9189217518778,0.219064904841985,7.78262585986041,76.856499971289,,21.0948378192214,56.0771709045201
EMU,2019,Euro area,13658286442179.9,38679.6118917933,50791.823466043,353113327.0,7316098097323.51,6911410186094.69,19572.7820436941,53.5652706384143,1.44565976888253,7.44468187207381,76.7497988367106,,20.8323254538495,55.6793605036225
EMU,2018,Euro area,13937879176171.9,39562.0814189751,47318.5743379282,352303991.0,7521557529505.11,6819605055801.0,19357.1609462721,53.9648639110312,1.70349794744479,8.089323082041,76.5823371318115,,20.5666168673956,55.2530940290045
EMU,2017,Euro area,12901130483442.4,36691.2109171985,45355.7249821481,351613647.0,6976052771963.0,6721019123267.13,19114.7845955681,54.0731897946172,1.38145871407216,9.01311660134066,76.4140813562854,,20.3084505394967,54.7932435761892
EMU,2016,Euro area,12177215800581.1,34690.2425639991,43249.5569026614,351027116.0,6620207593049.77,6602018977646.57,18807.7179132981,54.3655274035127,0.148684907627373,9.98608545604403,76.2867357539682,,20.0420589047602,54.2708281247875
EMU,2015,Euro area,11880603228444.5,33928.614137702,40769.9816660802,350164707.0,6480869326320.87,6480869326320.87,18508.0597694869,54.5500022322471,-0.104633261008479,10.8477448563899,76.0229382546648,,19.7774547740558,53.7700054618589
EMU,2014,Euro area,13739142693292.4,39333.1197168101,39644.1377115733,349302135.0,7581546266978.33,6350930792572.8,18181.7691797756,55.1820913154919,0.199343826570844,11.6207304139349,75.8133540817088,,19.4774358241096,53.2007543140472
EMU,2013,Euro area,13413105856914.7,38455.0565897822,38583.3726880613,348799535.0,7468753362715.42,6291024563583.69,18036.2183211732,55.6825051735883,1.21999342274306,12.0184063277941,75.627532415858,,19.1361999064235,52.5548746263971
ECS,2023,Europe & Central Asia,27758730809930.4,30015.7640895399,50482.8793630789,924805070.0,14883004579401.9,13159837903563.3,14229.8505171077,53.6155801982045,7.12042212089904,5.55238526456095,73.843585823465,89.6,17.7472330127509,54.8264696030143
ECS,2022,Europe & Central Asia,25850174701132.2,27968.286148204,47853.0774254467,924267385.0,13701605994947.6,12958259484192.0,14020.0332657979,53.0039202959333,11.1136121878761,5.8460641099346,73.729597001213,87.9,17.392155122103,54.3716990269456
ECS,2021,Europe & Central Asia,25606138714522.2,27700.9996673888,42434.0454804633,924375980.0,13358276617589.9,12298827414656.4,13305.0054098728,52.1682584263045,3.19017771027094,6.90011121093882,73.6225305947295,86.3,17.1126387632902,53.9045591989627
ECS,2020,Europe & Central Asia,22340802078287.1,24187.2451763556,38111.8684660125,923660463.0,11828458109793.0,11591425653328.6,12549.4444307817,52.9455391455662,1.19998396936019,7.09507940679226,73.4955944360825,83.4,16.8661075827849,53.388061755026
ECS,2019,Europe & Central Asia,23089828216899.5,25045.1218961925,38621.8354876282,921929161.0,12610833952579.8,12484086359618.1,13541.2642182582,54.6164043929521,1.76373586528841,6.62369460842729,73.3626410452614,80.3,16.5823237453976,52.7514075523511
ECS,2018,Europe & Central Asia,23360537744962.4,25435.6875035469,36005.7438495717,918415818.0,12810565648663.3,12270431610647.5,13360.4314844755,54.8384878315817,2.01321972250342,6.87656497801786,73.1814390087833,78.1,16.295448706113,52.0803445377119
ECS,2017,Europe & Central Asia,21814876277943.7,23839.7319723826,34259.0681434047,915063823.0,12038282776560.3,12021252124797.4,13137.0641289109,55.1838232918689,1.91558846458249,7.48554226672131,73.0395942866041,74.5,16.0327062910144,51.4116357425629
ECS,2016,Europe & Central Asia,20560352355734.8,22554.6821198127,32525.5820200401,911578015.0,11426907515757.2,11726270220562.9,12863.7045075762,55.5773914670771,0.388838296895799,8.07810956714781,72.930310614191,72.3,15.7749090407692,50.6827495333945
ECS,2015,Europe & Central Asia,20639397476661.5,22742.4739859372,31109.553754665,907526485.0,11482901328947.8,11482901328947.8,12652.9655263425,55.6358359876171,0.36804684232536,8.55823248897774,72.6866596702429,69.9,15.5288789904611,49.9676301148477
ECS,2014,Europe & Central Asia,23959718523184.4,26517.017870416,30669.0359768491,903560070.0,13388756282491.0,11302372124336.6,12508.7113735965,55.8802736748995,0.620490636732421,8.94532051297809,72.2373791056216,68.9,15.2654030612894,49.2420903373868
ECS,2013,Europe & Central Asia,23610195160751.0,26236.2854279738,29897.045564884,899906171.0,13266497691587.7,11132547857437.5,12370.7873289353,56.1896994127419,1.73403963519162,9.26791651199215,71.6786349261689,66.1,15.014417445391,48.5708950057181
ECA,2023,Europe & Central Asia (excluding high income),2141252006536.72,8609.12296290637,27766.6698723474,248718948.0,1227200001034.33,1435535147803.51,5771.71606484728,57.3122639132615,9.07365149809048,7.17961712726961,68.1622524490527,84.6,10.9406087219492,52.0940169721109
ECA,2022,Europe & Central Asia (excluding high income),1819829713206.56,7264.37321853889,25303.5664518492,250514347.0,1029033014924.42,1319265824518.65,5266.22862250142,56.5455661843907,13.8875841659221,7.71538545377934,68.1628939259503,82.0,10.7239445313079,51.6947321144612
ECA,2021,Europe & Central Asia (excluding high income),1670530886782.34,6632.57221034255,22179.1768626,251867727.0,960279409600.83,1208332499501.0,4797.48840351033,57.4834872673591,6.91756771076075,8.95407922243149,68.150425455559,79.1,10.5592420462823,51.1892894487362
ECA,2020,Europe & Central Asia (excluding high income),1435629650684.1,5734.46191312695,19846.6527118457,250351240.0,845801623111.657,1076108433777.22,4298.3946625438,58.9150288661576,2.74615078213777,9.26814225066227,67.9547177892126,74.5,10.3353027489307,50.5770693188753
ECA,2019,Europe & Central Asia (excluding high income),1500446538705.77,6036.15175345642,19511.551470697,248576676.0,882063145350.617,1063060925228.67,4276.59160278041,58.7867093293076,2.64328192719554,9.11807057814077,67.7517086172661,70.3,10.066107035901,49.8253272859739
ECA,2018,Europe & Central Asia (excluding high income),1465381526737.36,5947.15360517457,18367.137563627,246400484.0,849182332232.581,1027119276790.5,4168.49537028709,57.9495726360948,2.56572880132719,8.61159005290134,67.4464992918229,65.8,9.82005532586501,49.1223515900201
ECA,2017,Europe & Central Asia (excluding high income),1497595120805.31,6129.93083517607,17699.3753418621,244308649.0,885745936687.582,997611198590.95,4083.40516258575,59.1445527821489,4.60357355778867,8.94336027365094,67.2908425220823,60.6,9.61678050997266,48.5297143518516
ECA,2016,Europe & Central Asia (excluding high income),1459048873589.79,6023.54753164072,16799.3211787397,242224182.0,879693621913.428,947150598258.129,3910.22312651727,60.292265587311,2.13492713939121,9.03756351375215,67.2028741800351,56.2,9.4228237958442,47.9207445151428
ECA,2015,Europe & Central Asia (excluding high income),1521842301869.27,6338.80741019255,16195.6209216632,240083379.0,915499850266.0,915499850266.0,3813.25793596899,60.1573401620851,4.02768573742726,8.9610543144391,66.8135844921441,51.9,9.25622880235829,47.3694604048853
ECA,2014,Europe & Central Asia (excluding high income),1745687745481.27,7334.84338588205,15901.4609578232,237999321.0,1039150658992.45,893431938629.349,3753.92641825793,59.5267201526905,3.06881210379543,8.96073635337147,65.5655995922325,48.6,9.10949575906927,46.9296300948615
ECA,2013,Europe & Central Asia (excluding high income),1818186938934.41,7707.27955254226,15374.7781290301,235905150.0,1100498537347.51,878144327534.879,3722.4466169343,60.5272490843259,4.59787897363136,8.56358395138192,63.8500039555659,43.2,9.02832279843496,46.6911307499434
TEC,2023,Europe & Central Asia (IDA & IBRD countries),5535571828711.02,12070.5942969794,35927.6578826571,458599775.0,3033735455314.71,2895583483323.41,6313.96621013041,54.8043734087202,9.36187249769015,5.0769631792025,68.9599808529652,87.3,14.0259056180904,52.3359057439953
TEC,2022,Europe & Central Asia (IDA & IBRD countries),5264957389633.5,11422.1622613514,33113.9262458023,460942269.0,2795877975692.09,2706683410678.43,5872.06596728588,53.1035252288473,13.8522590144267,5.62584537984402,68.9112783282391,85.2,13.6767953988062,51.7867526535246
TEC,2021,Europe & Central Asia (IDA & IBRD countries),4627341470532.29,9992.00521619821,29918.4650718143,463104389.0,2534874618680.23,2586093487681.98,5584.25605351364,54.7803665414093,5.10641129002836,6.78803635122713,68.8680370709709,82.6,13.4286821171973,51.2093619550306
TEC,2020,Europe & Central Asia (IDA & IBRD countries),3913694661148.13,8455.78453528889,25868.6126368479,462842288.0,2187012139855.86,2348464714486.51,5074.00636323557,55.8810108914903,2.73249209419427,7.20291679357834,68.7550754784278,78.6,13.1925631747915,50.5381980899331
TEC,2019,Europe & Central Asia (IDA & IBRD countries),4176304236875.06,9040.92665915657,25430.3956536262,461933206.0,2336335338636.27,2398520506354.37,5192.35351605004,55.9426518309511,2.67599202639893,6.70220366105967,68.6393881359924,75.2,12.8719799323058,49.6575441633859
TEC,2018,Europe & Central Asia (IDA & IBRD countries),4086887247276.34,8885.56352555245,23563.3304708478,459946883.0,2264755476011.35,2318028559898.75,5039.77447304226,55.4151690267617,2.611223782638,6.64992815855912,68.4656324149256,71.8,12.5512517354736,48.7582187106284
TEC,2017,Europe & Central Asia (IDA & IBRD countries),3925651486138.39,8571.09823045668,21984.7587570527,458010325.0,2232981194973.47,2227051460728.22,4862.44815709824,56.8817991830963,3.13106248590115,7.09014958895511,68.3671996828986,67.0,12.2663261403509,47.9004287970495
TEC,2016,Europe & Central Asia (IDA & IBRD countries),3500968563901.72,7679.02768410566,20628.8913915183,455913002.0,2015233524246.48,2117603868798.27,4644.7542831829,57.5621713666736,1.19887282892596,7.43861188713932,68.2998664724156,63.3,11.9914871798939,46.9761520517742
TEC,2015,Europe & Central Asia (IDA & IBRD countries),3645031517122.17,8034.6842596255,20056.3348730479,453662073.0,2086179612261.35,2086179612261.35,4598.53211547035,57.2335136873777,3.86763469978395,7.60801134268431,68.0719889181919,59.4,11.7401261839188,46.0618665434986
TEC,2014,Europe & Central Asia (IDA & IBRD countries),4663476749067.68,10330.3982164695,20267.2299705629,451432428.0,2667816349718.25,2123468840680.17,4703.8464872536,57.2065969933612,2.53187831406913,7.62801272694854,67.3911891022885,57.7,11.4888044748327,45.185279569699
TEC,2013,Europe & Central Asia (IDA & IBRD countries),4934304443297.29,10986.3954318467,19832.6527414874,449128604.0,2825679322576.21,2079378792570.07,4629.80708432026,57.266010945364,3.38485646137119,7.69053724382223,66.4664633633165,53.5,11.3046580864847,44.4988408068956
EUU,2023,European Union,18659279022583.3,41566.8992410802,61545.8225542114,448897545.0,9832724421918.63,8194941039928.76,18255.7047397726,52.6961647876004,6.29942487419125,6.02643653344515,74.8943502719612,,21.6126887723828,56.8976123285523
EUU,2022,European Union,17023620598906.4,38066.8240398192,58573.2066494976,447203596.0,8960551833292.6,8167024802786.09,18262.4309729077,52.6359935081509,8.83369886749452,6.16137258045926,74.7659682006806,,21.2740097100551,56.5156935549548
EUU,2021,European Union,17495257191725.6,39206.9663368683,51968.4388292725,446228281.0,8944575890277.8,7779320082237.18,17433.4985330909,51.1257182004054,2.55450699642041,7.02659354012655,74.6469430900615,,20.9721893046006,56.0988168476598
EUU,2020,European Union,15504058553907.7,34694.7105012203,47566.4351629128,446870959.0,8029819338239.55,7422625717844.11,16610.2217393011,51.7917247946389,0.476498852725065,7.05471356704802,74.5499802167242,,20.672655758064,55.6024414925754
EUU,2019,European Union,15809077129406.2,35374.1493923083,48588.1245287343,446910453.0,8433983261650.04,7989623703364.43,17877.4599021617,53.3489918014389,1.63052260754335,6.67705052747452,74.4596491524844,,20.3750307956607,55.0620558377076
EUU,2018,European Union,16092407006604.4,36076.9018014875,45055.2034320701,446058453.0,8657022235214.13,7871165546549.57,17646.0405438154,53.7956952720698,1.7386086198818,7.24247265095853,74.3280995844319,,20.0764287832456,54.4868374671707
EUU,2017,European Union,14871316217995.7,33394.5944932308,43031.1203352541,445321060.0,8009515556653.86,7728048228567.28,17353.8799817087,53.8588208282572,1.42910743319306,8.13208945121752,74.1940799110393,,19.7868737552614,53.8885868818956
EUU,2016,European Union,13988150566298.6,31456.903580129,40893.5798433019,444676652.0,7562524995478.87,7559953273986.02,17001.0123985237,54.0637946355764,0.183334861123765,9.1056944627421,74.089077283109,,19.4904059703204,53.2447139503477
EUU,2015,European Union,13656255577702.6,30771.6635221374,38551.9915387682,443793218.0,7405456832456.24,7405456832456.24,16686.7282601336,54.2275793706408,-0.0616446800641672,10.0165353301996,73.8743742665848,,19.1927508562703,52.6272054825201
EUU,2014,European Union,15763599531004.8,35590.1074295737,37363.3590587896,442920819.0,8648798862526.82,7240999578958.24,16348.2935737962,54.865634244995,0.199343826570844,10.8255885011473,73.6983165180291,,18.8656769773069,51.9661444030286
EUU,2013,European Union,15398511081475.3,34804.7359239781,36288.950981602,442425741.0,8527983607079.18,7159984074607.24,16183.4708315655,55.3818714157273,1.21999342274306,11.3511730368596,73.5376776618371,,18.5106176946398,51.2642219662949
HPC,2023,Heavily indebted poor countries (HIPC),1060851525652.8,1157.85200500349,3458.77171509896,916223767.0,750466747908.077,640418817254.756,698.976429471684,70.7419209720486,7.12697482131851,4.19910039388827,37.3827611102379,,3.00452589364219,81.793890696225
HPC,2022,Heavily indebted poor countries (HIPC),1002950189402.75,1123.26894975331,3315.17526375206,892885172.0,691790535089.961,623117805219.523,697.870033863126,68.9755625353558,9.65914753785069,4.43373072825994,36.9406309816039,,2.97438045467887,82.6647371462242
HPC,2021,Heavily indebted poor countries (HIPC),924437668151.095,1062.58689269634,3038.71814072197,869987833.0,637941607561.566,596602578762.882,685.759680920597,69.008612428945,4.37012190478157,4.93715177073133,36.4661763671202,,2.9563590951609,83.5134033679316
HPC,2020,Heavily indebted poor countries (HIPC),816212465074.075,963.808519118256,2819.59419004653,846861642.0,569274903501.563,568539490891.353,671.348733600279,69.7459212963501,3.47617372722187,5.02089641432522,36.0239709463492,,2.94748813223161,84.3597118742988
HPC,2019,Heavily indebted poor countries (HIPC),811080887285.088,984.553372875279,2821.57243709207,823805910.0,566794922662.872,566743818489.729,687.957942046968,69.8814300211279,2.83514555687506,4.32898652284681,35.60787726524,,2.93232036760168,85.1549341066138
HPC,2018,Heavily indebted poor countries (HIPC),790361943446.387,986.447970381036,2696.73763647632,801220102.0,548035916285.371,538060675515.269,671.551642516415,69.3398664788503,3.01748181031406,4.33410256985773,35.1902982941101,,2.91215159953632,85.9155162280725
HPC,2017,Heavily indebted poor countries (HIPC),735134788678.557,944.105800649501,2592.16399013282,778657210.0,508989302583.931,516868148026.035,663.794210582131,69.2375480554887,4.5783374121255,4.36920088303381,34.7436136608517,,2.89504575717288,86.762446107655
HPC,2016,Heavily indebted poor countries (HIPC),677053478623.394,895.291971418288,2504.43302840509,756237630.0,473110612548.311,496833232305.833,656.980309622827,69.8778792940041,4.38389195513915,4.36188759881032,34.3061574682177,,2.88169739495304,87.688125143619
HPC,2015,Heavily indebted poor countries (HIPC),674525283733.803,917.924140878178,2409.44112302463,734837721.0,479219482971.731,479219482971.73,652.143281811374,71.0454440371803,3.55075967356746,4.42098675547524,33.876402244952,,2.87210039062261,88.5491927601933
HPC,2014,Heavily indebted poor countries (HIPC),705379811037.148,987.602359884364,2351.41516067081,714234635.0,489140829217.157,453149565517.111,634.454762218457,69.3443194097027,4.40535234185293,4.29007836108981,33.4500793922766,,2.86581125281955,89.3133586669558
HPC,2013,Heavily indebted poor countries (HIPC),667216081741.819,961.217621514844,2202.5394120085,694136340.0,469939659890.138,435244312693.246,627.030004931375,70.432903634955,5.16189898581494,4.27857896799128,33.0085325284937,,2.86029247382968,90.0430516439304
,2023,High income,69198099195981.1,49141.5400740302,64880.597656891,1408138595.0,40538888012744.9,34634860704098.8,24596.2015579147,58.58381730679,4.73151302622883,4.33657934041449,80.017512944144,91.9,19.1994472750199,54.5199696910763
,2022,High income,65786278258965.5,47056.4874992383,61763.8921910397,1398027812.0,38199499108153.5,33953006002306.7,24286.3594778805,58.0660589398027,7.53107834634288,4.50967974234969,79.9047258563531,91.0,18.8344831618254,54.1866661711885
,2021,High income,63391298085502.9,45545.9474677756,55735.7734268154,1391809845.0,36423308963537.2,32663848727089.5,23468.614512559,57.4579004746189,2.51837109614213,5.56341269080663,79.808750690419,90.0,18.5204496350934,53.8614011574197
,2020,High income,56371361601599.7,40453.9686533276,50047.16318369,1393469256.0,32513164445525.2,30644404684574.9,21991.446565919,57.6767413838777,0.598986330824643,6.46030036409899,79.7425183592538,88.4,18.1734750242783,53.3922636233294
,2019,High income,57773149281723.6,41570.3760789982,51030.0596237958,1389767299.0,33810296823162.1,32259683292480.1,23212.2912344335,58.5225095801691,1.61520141548374,4.76095962548232,79.6868403779463,87.5,17.8438788251734,52.8759871811917
,2018,High income,57187415577395.0,41295.6262218527,48641.7039453571,1384829843.0,33513877672603.1,31704287694659.0,22893.9951394873,58.6035884542585,1.88110755567036,5.0794494069113,79.6265084521732,86.3,17.5096041602067,52.3173363447275
,2017,High income,53791631491481.3,38970.4660370017,46339.3351184978,1380317891.0,31715273589976.1,30994193015857.8,22454.3876580513,58.9594937179005,1.58909413567799,5.57808653810898,79.5646323222643,84.2,17.1821385575107,51.706673617484
,2016,High income,51167643745037.1,37232.2355227355,44392.1426586607,1374283414.0,30289213826393.5,30239869058875.8,22004.0995553162,59.1960301657067,0.394769306686392,6.11023166310052,79.4995336680827,82.5,16.8702035432259,51.0678498079036
,2015,High income,50179969310921.3,36734.6310227088,43216.2675921104,1366012613.0,29610591714614.4,29610591714614.4,21676.6605467752,59.0087880108964,0.330027165141066,6.55114180038431,79.387375702382,78.3,16.5766961863301,50.4615212214975
,2014,High income,53724417584285.8,39576.1363506592,42701.3552648441,1357495262.0,31479708718231.8,28916896165710.0,21301.6553170924,58.594788242878,1.0411962117843,7.03903527191047,79.2816675807236,77.0,16.2651942270848,49.8125829530412
,2013,High income,52790662359056.5,39099.8824050102,41611.6602991205,1350148878.0,30954649554618.2,28320676916938.1,20975.9659682049,58.636600056426,1.50472330251876,7.63564838816418,79.1842530422909,75.1,15.9299989365666,49.1250244673325
IBD,2023,IBRD only,39083500948084.9,7892.13359236419,19714.3753441925,4952209753.0,19704051162359.0,18813888138285.1,3799.0895128963,50.4152665047386,5.87451911590197,5.11483631019168,58.0307469598053,77.3,10.049576132237,47.818159491664
IBD,2022,IBRD only,37847494888632.6,7679.78639337735,18226.9940818677,4928196300.0,18484998140358.5,17664437401802.7,3584.36156485948,48.8407441357774,9.10437983075437,5.56994264084484,57.7552337954716,74.4,9.73256537988406,47.9909411415654
IBD,2021,IBRD only,35868904968937.8,7312.40590533832,16390.9943192501,4905212516.0,17658129682975.3,16999167128324.0,3465.53122273,49.2296313429894,4.27166381536798,6.31312953704222,57.4187341409059,70.3,9.447358299825,48.1419415748928
IBD,2020,IBRD only,30194051534423.9,6189.46595997499,14525.8229564665,4878296727.0,15062686658114.8,15481277103887.5,3173.50050032894,49.8862719398289,2.41513094083414,6.95128407575739,56.8651715048446,65.4,9.18069503159847,48.2695787934226
IBD,2019,IBRD only,31370912490347.0,6474.8042775296,14477.6913232968,4845075024.0,15999737416202.1,16086584048679.1,3320.19297306945,51.001823492145,2.51105615927257,6.06655916125813,56.4284852445038,56.3,8.86907575914731,48.2369022845809
IBD,2018,IBRD only,30727224343894.0,6392.20731313147,13663.8085391697,4806981820.0,15515726883491.3,15495860606538.6,3223.61539668535,50.495048657314,3.20720069534783,6.28190637378299,55.8598392575292,50.3,8.55958121959094,48.1240808283455
IBD,2017,IBRD only,28849480049390.9,6053.47287028012,12768.4504770933,4765773411.0,14784254502533.7,14719821766853.6,3088.65329872344,51.2461731622988,3.32389447576097,6.39131744182123,55.2222227935355,46.6,8.26352954006266,47.9692770335215
IBD,2016,IBRD only,26134891989406.5,5535.21577803788,12105.084712321,4721566970.0,13482096775368.6,13903723877108.2,2944.72660569043,51.5865792781291,2.12081713361588,6.41617806380602,54.6015207244718,43.2,7.98925096747554,47.8074148958697
IBD,2015,IBRD only,25941217987927.1,5546.81934137697,11653.9139209744,4676773551.0,13273182519376.1,13273182519376.1,2838.10673632852,51.1663813378131,3.09551722027242,6.30417535482962,53.9332868281978,39.1,7.74048603294574,47.721633861891
IBD,2014,IBRD only,27552867783541.2,5950.16216217417,11533.9124619433,4630607878.0,14060040104917.8,12771971104117.7,2758.16295411176,51.0293164957463,3.50379093139812,6.16790791106399,53.1837216780098,36.4,7.51432238722199,47.681477083612
IBD,2013,IBRD only,26787319485055.1,5846.25966334365,11182.4466216474,4581958556.0,13583706232722.3,12179282146860.7,2658.09522238305,50.7094643803414,3.89555152647667,6.18706162531591,52.4999014352869,34.0,7.33428820033991,47.70938534859
IBT,2023,IDA & IBRD total,42011330091982.8,6126.38809068241,15756.333387375,6857438587.0,21901760545647.6,20889489935535.4,3046.25257237254,52.1329853106154,6.09114152504141,4.95229978677743,53.0823484348401,65.5,8.32546338392914,55.0211031881871
IBT,2022,IDA & IBRD total,40927482641799.6,6024.32591287554,14655.7063384128,6793703268.0,20647378207509.6,19668009481655.5,2895.03510909825,50.4486884478505,9.08963911525032,5.38688118322023,52.8163796983223,63.0,8.09955703567396,55.2708415397862
IBT,2021,IDA & IBRD total,38735463663158.6,5754.17990139813,13235.8358387854,6731708832.0,19638072371321.6,18899878703023.4,2807.59004506858,50.6979148154599,4.25936417542868,6.14426628538333,52.5081681188004,59.3,7.89887160720021,55.4935672892778
IBT,2020,IDA & IBRD total,32817339931222.2,4923.39708871472,11830.5520689244,6665588686.0,16801059569064.2,17253733757865.6,2588.478613165,51.1956776639284,2.8981937602627,6.61408029513375,52.0454778410909,55.1,7.7134337990146,55.6957756641766
IBT,2019,IDA & IBRD total,34074782748271.7,5168.03480575859,11821.5980307367,6593373309.0,17780829799017.6,17887714008233.8,2712.9836534232,52.1817847831163,2.6806827895334,5.76754375212112,51.6653910881874,47.8,7.49025889546136,55.7733412340898
IBT,2018,IDA & IBRD total,33140778408492.4,5085.0801851085,11193.8922004109,6517257782.0,17255586123788.8,17209404514117.9,2640.58981396264,52.0675341752597,3.08668284239473,5.91052378397874,51.1832192304679,42.9,7.26304316603775,55.7829313446627
IBT,2017,IDA & IBRD total,31121226985041.1,4833.02970118676,10517.9115303629,6439279067.0,16439722997169.4,16351564215986.3,2539.34703650052,52.8247906326809,3.33787586109568,5.97437329582885,50.6447335432842,39.5,7.04404446697686,55.7607435707122
IBT,2016,IDA & IBRD total,28299821225498.5,4450.00988856601,9998.93004547592,6359496256.0,15018302477744.7,15464554096425.9,2431.72626791557,53.0685418754979,2.81495791361944,5.9532852798488,50.1171733804251,36.4,6.84059103239685,55.734089560768
IBT,2015,IDA & IBRD total,28118750119954.2,4477.24409653758,9655.82965949454,6280370137.0,14765451759536.2,14765451759536.2,2351.04801746436,52.5110529328189,3.12900274473925,5.89281637093057,49.5550964553733,32.8,6.6557836699494,55.7516074739773
IBT,2014,IDA & IBRD total,29793136753560.6,4804.51316862211,9559.55307429185,6201072972.0,15545572214081.2,14213273628867.6,2292.06682344258,52.1783669261457,3.52566203758282,5.72458407935885,48.934439191868,30.1,6.48764243545302,55.774808384335
IBT,2013,IDA & IBRD total,28868139569390.0,4717.03916410479,9261.99127308513,6119970296.0,14990370215357.0,13563622457952.0,2216.28893637231,51.9270394246393,4.3411548980431,5.76329271095437,48.3523840418748,27.8,6.35370244357363,55.8297140792073
IDB,2023,IDA blend,1277421993702.09,1922.68195677238,7337.37829292445,664395892.0,,,,,4.56457719814894,4.36958257524396,48.1773673159897,38.3,3.60820060242817,73.6072157316604
IDB,2022,IDA blend,1461048245644.69,2241.22931753571,7020.87499158066,651895919.0,,,,,6.64110132423665,4.7445653467311,47.6330129185198,36.5,3.55382013363175,74.5058735707835
IDB,2021,IDA blend,1373195862361.12,2148.31628647273,6382.99566586346,639196319.0,,,,,3.46677876951929,5.813781237265,47.0949322895637,32.4,3.51219787938457,75.4087276907605
IDB,2020,IDA blend,1262159381015.61,2014.81189013082,6037.07966729885,626440308.0,,,,,2.1039488213608,5.79415278844651,46.5685904859548,28.7,3.4888543522235,76.3354305728056
IDB,2019,IDA blend,1357319294877.02,2210.55539131628,6080.97764858023,614017319.0,,,,,1.9999797664804,5.0804070213856,46.0543233703288,26.9,3.46095871086724,77.1626205729215
IDB,2018,IDA blend,1127900531096.51,1873.7385939606,5828.40490784309,601951913.0,,,,,2.48030843191907,4.76275439835545,45.5767065281075,24.1,3.42088278873211,77.8689619229271
IDB,2017,IDA blend,1067274924059.64,1808.86674135882,5809.93468689794,590024074.0,,,,,1.14765339305816,4.34851254345894,45.1144259487283,22.3,3.38673741186947,78.5184745487292
IDB,2016,IDA blend,1047494187995.75,1810.82104602308,5538.16909802133,578463670.0,,,,,1.65038994431573,3.73137542358032,44.6500251183283,20.6,3.3631193314191,79.0530272778834
IDB,2015,IDA blend,1116256560392.48,1967.8941145813,5515.47646431582,567234056.0,,,,,1.37488542621447,4.00215322009935,44.1901706504123,19.0,3.34462579206261,79.4361883346782
IDB,2014,IDA blend,1175043316339.54,2113.88702279641,5420.95553989071,555868551.0,,,,,1.20139964481058,3.3801313878636,43.7524751266553,16.1,3.33322582392558,79.7125917562551
IDB,2013,IDA blend,1081001766014.43,1985.51999918718,5159.72220632205,544442648.0,,,,,2.58117037252936,3.70433029886193,43.3275756317313,13.9,3.32583395387997,79.9382269112052
IDX,2023,IDA only,1650407150195.89,1330.08005697828,4496.94705641825,1240832942.0,1250378294396.11,1038225337913.42,836.71645293361,75.7618078816314,7.12142371831339,4.47548995238531,35.9594486372929,32.5,3.97029374665502,73.8165029657812
IDX,2022,IDA only,1618939507522.38,1333.98547158611,4283.22697886502,1213611049.0,1207576134585.94,1018251168555.72,839.025954316045,74.5905655507787,9.57337118555953,4.84575036237372,35.5450909648779,30.7,3.91004479556556,74.5006757962137
IDX,2021,IDA only,1493362831859.7,1257.78054041357,3916.20866525795,1187299997.0,1083914117653.81,970216587701.033,817.162124275684,72.5821009154218,4.37012190478157,5.4758211874645,35.1349266899544,28.4,3.86306716168839,75.1445310770141
IDX,2020,IDA only,1361129015782.66,1172.52623503626,3654.22824941863,1160851651.0,972591750160.259,922522060980.667,794.694188689807,71.4547804714171,3.94180326908065,5.36883540058505,34.7470118346024,26.0,3.82724488343405,75.7652480128717
IDX,2019,IDA only,1346550963047.7,1187.14057928369,3606.52665630147,1134280966.0,966485907191.375,922840754665.946,813.590972896521,71.7749222802449,3.09261003373251,4.58715903592676,34.3572845737014,22.8,3.78182052947354,76.386597446656
IDX,2018,IDA only,1285653533501.84,1159.99786764696,3416.83013920597,1108324049.0,923743428114.797,872883919495.897,787.57103600113,71.8501061167482,3.01748181031406,4.57603095021492,33.9449607807614,20.9,3.72649709295291,77.0052686728965
IDX,2017,IDA only,1204472011590.63,1111.6681922431,3200.53150907702,1083481582.0,860105749970.023,835778592428.927,771.382371711536,71.4093595943472,4.31421134623784,4.63010594547981,33.5219118462806,17.5,3.67168411623089,77.6390618576164
IDX,2016,IDA only,1117435048096.23,1054.71572764683,3065.4706565733,1059465616.0,806978606253.518,809831189370.892,764.377037952775,72.2170481074817,3.74103082110771,4.65649793185176,33.1174714726553,14.9,3.6202092519643,78.3277128231725
IDX,2015,IDA only,1061275571634.61,1024.03892548547,2919.08337097541,1036362530.0,784360680536.69,784360680536.69,756.840061109398,73.9073527649935,3.40274327737188,4.66516707695412,32.7341136354124,11.6,3.57316951094613,79.0249955401761
IDX,2014,IDA only,1065225653679.88,1049.90073249233,2827.90306589683,1014596543.0,781199720635.366,772254942763.94,761.144859098875,73.336547794983,4.40535234185293,4.53885193995517,32.3798094567338,9.0,3.53010103394843,79.5978569547764
IDX,2013,IDA only,999818318320.414,1006.28967463937,2663.1658352383,993569092.0,736042823489.571,753850365198.95,758.729686006526,73.6176573285877,5.16189898581494,4.51023719758888,31.9790558643189,6.9,3.49078874921085,80.0668882557056
IDA,2023,IDA total,2927829143897.98,1536.73358897841,5480.71341421774,1905228834.0,2460299477386.42,2317365726006.5,1216.31884036797,84.0315249444812,7.10220928557059,4.4365457830767,40.2201100518451,34.5,3.84402377149377,73.7435198279468
IDA,2022,IDA total,3079987753167.07,1651.01916315494,5233.90210267334,1865506968.0,2449632103969.09,2253943925015.44,1208.22058758209,79.5338261150617,8.6807215073403,4.80930057278539,39.7691797117658,32.8,3.78556313597102,74.5024921432379
IDA,2021,IDA total,2866558694220.81,1569.43031809587,4773.92168551026,1826496316.0,2221266634243.8,2130088326936.22,1166.21550685691,77.4889639874471,4.17270582217659,5.59743166548829,39.3204218850565,29.8,3.74027777978045,75.2369886973879
IDA,2020,IDA total,2623288396798.27,1467.74475406134,4484.60914126436,1787291959.0,1963310196299.12,1998852035725.71,1118.36906424851,74.8415690282222,3.47617372722187,5.52030439819486,38.8904386172881,27.0,3.70864004804139,75.9650952379781
IDA,2019,IDA total,2703870257924.72,1546.57261928545,4471.40790689188,1748298285.0,1993635226332.33,2019229505117.5,1154.96853279674,73.7326512057752,2.74447528387472,4.76341458315545,38.4653846981284,24.2,3.66913111295895,76.6591434095273
IDA,2018,IDA total,2413554064598.36,1411.20738303305,4262.01562307117,1710275962.0,1951073317385.82,1914583030987.22,1119.45853974835,80.8381857280045,2.84578376094084,4.64268643897519,38.0388916782972,22.0,3.61893251322816,77.3092557578188
IDA,2017,IDA total,2271746935650.27,1357.47789528252,4118.62497080602,1673505656.0,1855770451595.77,1824407398454.12,1090.17103821137,81.6891363414371,3.85067166284727,4.52920643847786,37.609058115614,19.2,3.57122110627486,77.9491143853012
IDA,2016,IDA total,2164929236091.98,1321.74768141485,3936.8435950964,1637929286.0,1729755639063.79,1751066839342.27,1069.07352735512,79.8989458974767,3.21988689395718,4.32363603508757,37.1903965759359,16.9,3.52941340367602,78.5838704393543
IDA,2015,IDA total,2177532132027.09,1357.9051932623,3837.55848007475,1603596586.0,1674790709524.74,1674790709524.74,1044.39652974214,76.9123304722792,3.15783117980915,4.42667989026364,36.7864206452414,14.2,3.49232761980754,79.1704451867142
IDA,2014,IDA total,2240268970019.42,1426.50032692763,3746.32688217288,1570465094.0,1630837391038.66,1619490775151.05,1031.21730074636,72.7964995660552,3.52566203758282,4.1251730610122,36.4051820747557,11.6,3.46041674861071,79.6384675153619
IDA,2013,IDA total,2080820084334.84,1352.92860920219,3547.86418149291,1538011740.0,1532593378536.15,1558997839321.2,1013.64495392031,73.6533345710214,4.88516387595471,4.22340373585698,35.996332190864,9.4,3.43239620041909,80.0213432697518
LTE,2023,Late-demographic dividend,28909440099233.0,12427.24971376,26493.0363633708,2326294294.0,13103813655200.3,12424923932936.2,5341.08000220897,45.327109796042,5.86910359896119,4.795456897897,66.9097159245761,,13.4036142090096,45.7274968602788
LTE,2022,Late-demographic dividend,28553586772075.8,12287.4566066286,24507.588755014,2323799602.0,12387390510951.5,11580422607434.6,4983.39985834743,43.3829578393489,9.10437983075437,5.19342173354142,66.577578734994,,12.9312423914534,45.6159352638624
LTE,2021,Late-demographic dividend,27284909409699.1,11760.0897155889,22189.7622837471,2320127658.0,11883475898158.1,11262769473973.4,4854.37490266468,43.5532906476639,3.49505757399448,5.50538471355182,66.1284355869503,,12.4633614597044,45.3804267986632
LTE,2020,Late-demographic dividend,22869846935930.6,9874.06805462328,19505.7754934772,2316152452.0,10076339657688.2,10220576069996.2,4412.73892017373,44.0594975817583,1.93694126694223,5.93153762506637,65.2628534044695,,12.0118539946572,45.0348784174004
LTE,2019,Late-demographic dividend,23366922633045.5,10120.4663725773,19218.2518104829,2308878047.0,10616701833087.2,10587885054648.1,4585.72728360656,45.4347455153253,2.16993433856378,5.19591640696366,64.6307387465605,,11.5295825106413,44.4561786341454
LTE,2018,Late-demographic dividend,22907807978183.2,9966.8758096194,17905.342700049,2298394042.0,10331976322324.5,10109803593403.4,4398.63809627967,45.1024224236748,2.4744634711843,5.05006029808032,63.7579414927705,,11.070267526194,43.7762038804526
LTE,2017,Late-demographic dividend,20889290528064.1,9138.44151395876,16562.7921410844,2285870134.0,9574964467502.96,9510570242896.49,4160.59079710453,45.8367145338867,2.17727572689262,5.27038544833334,62.7392997946222,,10.6271285573196,42.9801348782392
LTE,2016,Late-demographic dividend,18841938118214.3,8297.33628667142,15659.959825366,2270841806.0,8649463565027.14,8921800639127.58,3928.85167762654,45.9053814462208,1.10920805807027,5.2806539060794,61.7622468361698,,10.2190431819828,42.1551508072235
LTE,2015,Late-demographic dividend,18797219516598.6,8331.63288950883,15136.7777684968,2256126712.0,8495983588109.36,8495983588109.37,3765.73866304605,45.1980867734566,1.5579071134626,5.11139944235291,60.7294578905785,,9.84662096818106,41.4889414904926
LTE,2014,Late-demographic dividend,19998109363135.1,8923.25719295961,15041.7476596817,2241122152.0,9131224248663.0,8182771485707.05,3651.19387999653,45.6604376086455,2.04461481539342,4.93887259586478,59.6576878869777,,9.50408187150574,40.896653472047
LTE,2013,Late-demographic dividend,19233517996185.8,8644.25759929064,14491.7139526302,2225005187.0,8728404946782.76,7719772761524.53,3469.55270335041,45.3812191223346,2.68229684085039,5.01097351607565,58.7788304798318,,9.22379870637524,40.4063471896571
LCN,2023,Latin America & Caribbean,6909980461601.21,10507.6138782353,22098.0252204992,657616519.0,4731457405244.81,4056334000226.2,6168.2361726473,68.4728043955774,4.63202285403356,6.19254754786298,81.0435031875464,80.0,9.52870988496144,48.0735132216367
LCN,2022,Latin America & Caribbean,6147092422711.93,9412.05924553392,20844.4102356927,653108131.0,4229605788932.58,3956683769397.7,6058.23688542886,68.8066080364316,8.08552554700602,6.93153207639263,80.8277330006255,77.1,9.24784655279121,48.2673836971777
LCN,2021,Latin America & Caribbean,5383564425117.23,8292.15210222359,18696.3210341683,649236092.0,3629268507391.68,3761606790353.07,5793.89660664932,67.4138585666252,3.87805442411131,9.14468412313157,80.6341875645003,75.8,9.02682987853117,48.5386444533844
LCN,2020,Latin America & Caribbean,4627829769474.15,7169.39235876452,16661.9080916866,645498187.0,3114096164671.62,3484454957721.76,5398.08635856287,67.2906377242453,1.49389017299587,10.214072797585,80.4373918656823,73.8,8.83529209187651,48.8575518918781
LCN,2019,Latin America & Caribbean,5473792638347.11,8539.95940708219,17324.1729899166,640962372.0,3731908365660.5,3761971887183.23,5869.25543763938,68.1777446137857,2.18225589066245,8.00061467672947,80.2273019080141,67.8,8.60758091152324,49.1242535180204
LCN,2018,Latin America & Caribbean,5581213957025.26,8778.55673829884,16898.8640028537,635778081.0,3793299729687.76,3716964966995.65,5846.32449289431,67.9654956591122,2.37951733360489,7.93331984460849,80.019051151549,63.5,8.35689709815919,49.337058122132
LCN,2017,Latin America & Caribbean,5715231248363.46,9065.82390216762,16199.364491975,630414986.0,3867414472296.94,3649301799300.6,5788.72945653706,67.6685562531588,2.19201010962985,8.02820612705932,79.8285331741903,60.2,8.11983439857911,49.5891221985911
LCN,2016,Latin America & Caribbean,5148783766945.08,8241.51169070648,15549.1391285062,624737786.0,3476808269183.43,3559306527541.7,5697.28069488293,67.526787423165,1.65038994431573,7.73682468877475,79.6161243552428,57.5,7.89701427607178,49.9130307776967
LCN,2015,Latin America & Caribbean,5289417937086.3,8546.9179023802,15285.773622415,618868462.0,3568103596830.01,3568103596830.01,5765.52824375467,67.4573958660472,1.86148302863371,6.67695891386519,79.4004597252698,54.4,7.68399621297092,50.2815406891043
LCN,2014,Latin America & Caribbean,6218059801942.29,10146.146495038,15495.9060086098,612849401.0,4127874398879.78,3537221707534.29,5771.76334310276,66.3852476553922,3.38341272749477,6.18310613899892,79.185365448744,48.7,7.47538395289691,50.6731482360136
LCN,2013,Latin America & Caribbean,6252125316234.8,10305.4184021496,15176.4504991539,606683307.0,4081776033406.17,3478577115763.39,5733.76105066196,65.286215917763,2.5286478853837,6.37856594564285,78.9755056336712,46.1,7.27973730984209,51.1220703428166
LAC,2023,Latin America & Caribbean (excluding high income),6114807611697.98,9891.4632795533,21242.4747751205,618190397.0,4232040808457.53,3616267629974.58,5849.76351545393,69.209713161889,5.08677483158112,6.06496995571875,80.9255861415046,79.7,9.25958900552446,48.0991204418165
LAC,2022,Latin America & Caribbean (excluding high income),5425723261080.83,8838.67169511547,20076.1307172179,613861839.0,3770830109472.15,3514772182377.96,5725.67304086475,69.4991234905147,8.81109209279587,6.83824311969363,80.7043500381091,76.6,8.98330513459075,48.3043579045081
LAC,2021,Latin America & Caribbean (excluding high income),4694652116377.4,7694.61136917625,17991.1283749974,610122057.0,3188944774619.4,3333752201661.44,5464.0742182862,67.9271795985627,4.27166381536798,9.08714668261223,80.5058130551037,75.3,8.76809941103825,48.5902492266154
LAC,2020,Latin America & Caribbean (excluding high income),4034164122634.89,6651.15822114273,16054.1366206643,606535582.0,2753884524001.61,3117246972568.41,5139.42968076093,68.2640676057306,2.52663500084706,10.1125058323335,80.3040110850269,73.3,8.58475962547124,48.9285089181044
LAC,2019,Latin America & Caribbean (excluding high income),4821625109314.74,8006.02224102566,16684.388146346,602249777.0,3327425086799.0,3366718915735.38,5590.23688228843,69.0104479581138,2.50460959460401,8.0031866353429,80.0895983954183,67.9,8.36354583608475,49.2136276430209
LAC,2018,Latin America & Caribbean (excluding high income),4918723143160.92,8231.91428708974,16293.062992205,597518751.0,3382568644767.29,3329231359254.5,5571.76047393113,68.7692424703853,3.40250179472038,7.9491088470884,79.8777853019987,62.6,8.11758827210841,49.434616836003
LAC,2017,Latin America & Caribbean (excluding high income),5076766505994.78,8568.05689042807,15597.769702594,592522502.0,3475217725016.52,3273133469651.03,5524.06610483635,68.453369303333,3.36296514855608,8.06804526490034,79.6816524224664,59.2,7.88355786914994,49.6976703725502
LAC,2016,Latin America & Caribbean (excluding high income),4551782151517.8,7751.59336930245,14977.4937919238,587206002.0,3113210309298.63,3194961784363.84,5440.95559902645,68.3954153706703,2.8217078474766,7.76472151764398,79.4649263007294,56.4,7.66618546505022,50.0431672288292
LAC,2015,Latin America & Caribbean (excluding high income),4703989762871.3,8087.33242325425,14757.6873661759,581649117.0,3211666987130.55,3211666987130.55,5521.65711811878,68.2753821549595,3.15783117980915,6.6503628849075,79.2439673946642,53.3,7.45818093630959,50.434719126405
LAC,2014,Latin America & Caribbean (excluding high income),5620010717338.88,9758.39172353217,15005.1637128891,575915671.0,3760986048349.53,3186697835446.61,5533.27161581372,66.9213323160777,3.43816659958601,6.11295170625168,79.0227573337338,47.7,7.25398595982181,50.8501157337287
LAC,2013,Latin America & Caribbean (excluding high income),5644127674357.65,9901.44144000481,14710.2116615333,570030910.0,3708960480204.65,3134320762385.46,5498.51018146623,65.7136176606202,2.76789666082002,6.33724541486795,78.8064966818605,45.1,7.06202166938116,51.3210854892842
TLA,2023,Latin America & the Caribbean (IDA & IBRD countries),6590712953369.3,10259.5487208892,21989.4422117221,642397939.0,4529170171999.04,3902909447445.02,6075.53233050616,68.7204890281809,4.70881783212245,6.26268991297245,81.0398075940594,80.2,9.33433148858386,48.062226839005
TLA,2022,Latin America & the Caribbean (IDA & IBRD countries),5853946060777.18,9177.79711881332,20743.0336304211,637837815.0,4043497754142.98,3806989494019.54,5968.58543738042,69.0730271881964,8.27477490232654,7.01556949606688,80.8195255101746,77.3,9.05287486878475,48.2673534970817
TLA,2021,Latin America & the Caribbean (IDA & IBRD countries),5119629917733.74,8076.87634033776,18609.1190317645,633862610.0,3463331084008.71,3618169035701.15,5708.12819469056,67.6480749519057,4.26105127422813,9.26330031941499,80.621099914497,75.9,8.82956745896961,48.5483424657499
TLA,2020,Latin America & the Caribbean (IDA & IBRD countries),4388400203662.59,6965.15053129735,16583.0599942302,630051021.0,2975103669597.27,3356162045979.88,5326.80994731676,67.7947208897272,1.76751592356698,10.355452107179,80.4192977316043,73.8,8.63719046439729,48.8787695366365
TLA,2019,Latin America & the Caribbean (IDA & IBRD countries),5230913289241.76,8363.2081656376,17246.6439522841,625467307.0,3585194979551.46,3623659699023.78,5793.5237517119,68.5386046624976,2.09604635327807,8.10633851896146,80.2043693016899,67.7,8.4111417966171,49.1597766139075
TLA,2018,Latin America & the Caribbean (IDA & IBRD countries),5347169359023.49,8620.65095771156,16835.0994009151,620274430.0,3650945920337.32,3580437053384.43,5772.3434663983,68.2781052030127,2.32414485367921,8.03589728630349,79.992282192881,63.5,8.16295606442999,49.3848297908743
TLA,2017,Latin America & the Caribbean (IDA & IBRD countries),5482938029714.53,8918.58515585187,16139.0519900545,614776664.0,3730380149713.99,3515847059152.8,5718.90129380837,68.0361537828327,2.8227580554717,8.12865999426483,79.7952284112037,60.2,7.92712296129775,49.6528119860892
TLA,2016,Latin America & the Caribbean (IDA & IBRD countries),4922127744500.54,8082.0851229591,15481.5179391867,609017063.0,3345285736862.44,3428392725468.16,5629.38698068655,67.9642201606836,2.53781710390567,7.82039688517988,79.5767193908271,57.7,7.70673306938284,49.9950062435622
TLA,2015,Latin America & the Caribbean (IDA & IBRD countries),5068412682233.61,8404.04978849744,15215.4636356711,603091701.0,3438736130252.86,3438736130252.86,5701.84621103394,67.8464116054859,2.92482169718974,6.72924741273479,79.3548258170168,54.7,7.49534868577542,50.3777223226227
TLA,2014,Latin America & the Caribbean (IDA & IBRD countries),6005472855928.78,10059.0239257076,15428.7435739268,597023419.0,4003433006555.75,3410807488005.15,5713.02126425488,66.663077206376,3.4282641481078,6.20935559864304,79.1330503121854,49.0,7.28822853415266,50.7837413649151
TLA,2013,Latin America & the Caribbean (IDA & IBRD countries),6044199922527.12,10230.3626492605,15108.0937491948,590809938.0,3959801321329.47,3352509307829.99,5674.42944372068,65.5140692247957,2.74483621896186,6.39401761164224,78.9165836181544,46.4,7.09425158683728,51.2482583734402
LDC,2023,Least developed countries: UN classification,1459140154701.04,1258.15690309732,4289.01547703069,1159744187.0,1055894378045.9,943548959330.612,813.58369363451,72.3641505337257,7.12697482131851,4.70150733081641,35.6888977222996,29.9,3.75296240938653,75.9029001012385
LDC,2022,Least developed countries: UN classification,1471699265269.38,1298.29338219278,4093.48384874803,1133564482.0,1052025615683.39,920367941750.698,811.923764695636,71.4837358766247,9.45801281304023,5.05335918611166,35.2521934518586,28.2,3.69838488291911,76.5535196974358
LDC,2021,Least developed countries: UN classification,1302642870995.53,1175.42321388464,3723.8118415625,1108233065.0,919618230235.06,871092045984.77,786.018819953518,70.5963430738508,4.15649125482107,5.73711716533604,34.8106741074615,26.1,3.65748078407833,77.1657215448482
LDC,2020,Least developed countries: UN classification,1179620504897.32,1089.46260850363,3497.11693341957,1082754466.0,822050860104.65,825776587017.513,762.662831646555,69.687739123881,4.33296874711709,5.60086950090988,34.3799933582931,24.1,3.62765295825588,77.75591807108
LDC,2019,Least developed countries: UN classification,1169533458405.7,1106.28664072321,3443.68736951097,1057170371.0,808283031536.075,808188090780.841,764.482351143041,69.1115782730938,3.32255881256925,4.87497607678154,33.9542997559168,21.2,3.58726612081891,78.3337468152623
LDC,2018,Least developed countries: UN classification,1117321176649.3,1082.35070462921,3246.95099345522,1032309742.0,779214998149.859,780390376319.278,755.965331497645,69.7395712561918,3.46147484973729,4.87754288880162,33.5099096116646,19.5,3.53717489694056,78.8877033137773
LDC,2017,Least developed countries: UN classification,1045823616290.85,1037.25514816682,3024.93057589483,1008260714.0,726894177939.272,741723529766.831,735.646563897392,69.504471558722,4.5725365531752,4.95341590091408,33.0338857488887,16.2,3.48861614714997,79.4730830664692
LDC,2016,Least developed countries: UN classification,953366743642.222,968.123330592586,2896.67735160872,984757534.0,673147150114.971,702354140551.945,713.225455304762,70.6073664310225,5.34414600997244,4.89297336347609,32.5615637568186,13.8,3.44435603211579,80.1435064427343
LDC,2015,Least developed countries: UN classification,945963113669.267,983.414934367096,2765.88867497381,961916563.0,680847351555.808,680847351555.808,707.802919446983,71.973985213323,3.40274327737188,4.8279816293117,32.1000663267792,10.7,3.40567828686773,80.861397968397
LDC,2014,Least developed countries: UN classification,993293176451.796,1056.97673052647,2702.2962858493,939749332.0,676802608193.079,669712035854.438,712.649653529563,68.1372453005997,4.40535234185293,4.74956834449145,31.6474007044254,8.2,3.3724009764026,81.5348742785051
LDC,2013,Least developed countries: UN classification,924587754781.973,1007.4142967268,2539.25421035997,917783039.0,610726301603.459,639319393385.063,696.590987431685,66.0539033147237,5.52412877994266,4.78988464462384,31.1964735168481,6.0,3.34379599444813,82.1809593468535
LMY,2023,Low & middle income,38155314219988.0,5733.51584469729,14678.6819432627,6654784822.0,19813363258746.3,19161627596868.9,2879.37598425762,51.9281878914966,6.15623852560203,4.97693562706687,52.5071871488085,,8.03094964394239,55.0996828961513
LMY,2022,Low & middle income,37082867531465.4,5626.6962378216,13642.9925221372,6590522389.0,18624784502606.7,18010028830655.4,2732.71643242048,50.2247688553301,8.81109209279587,5.41429545248604,52.2288701723598,,7.80988708914251,55.3773078161756
LMY,2021,Low & middle income,35394243111591.4,5422.11312035073,12281.3196390022,6527758150.0,17809772219971.4,17257178330666.0,2643.66079963702,50.3182739741616,4.25936417542868,6.16482463440876,51.9053998647644,,7.6104666908415,55.6271339682745
LMY,2020,Low & middle income,30018039872473.6,4646.47209072865,11034.820011849,6460393883.0,15255666515392.8,15761596609942.2,2439.7268797213,50.8216611750928,3.02272119663759,6.61993043653694,51.4188594538107,,7.42479467495407,55.8605317520263
LMY,2019,Low & middle income,31024374981412.2,4857.12471542798,11029.3134153796,6387395177.0,16093487306455.7,16320381486060.2,2555.09186981687,51.8736874347924,2.76252019386111,5.79766416170734,51.0178827228954,,7.20454884480216,55.9757503189578
LMY,2018,Low & middle income,30124203119691.2,4773.03574184686,10467.1783406202,6311329885.0,15597857234878.9,15692519804282.8,2486.40462314905,51.7784891202087,3.24056932930569,5.93231543498439,50.513558376457,,6.98187611270894,56.0247304756598
LMY,2017,Low & middle income,28319199325293.0,4543.08689291431,9853.32966712243,6233470764.0,14865516007100.7,14904909626979.6,2391.10925378194,52.492712934238,3.66699702675925,5.97968341182999,49.9511508416674,,6.76710091949518,56.0441624731222
LMY,2016,Low & middle income,25917599955464.9,4211.54702250163,9380.76664339474,6153938165.0,13677993222008.3,14087014289166.3,2289.10559571186,52.7749222362859,3.10485077431451,5.93516153167366,49.4002817533326,,6.56848026397185,56.0659755075798
LMY,2015,Low & middle income,25659752659960.1,4223.77742891002,9043.07606506986,6075072158.0,13393419960986.4,13393419960986.4,2204.65199633048,52.196216146252,3.1937715520338,5.85653298559457,48.8131137351494,,6.38799643662577,56.1355384387487
LMY,2014,Low & middle income,26519136607008.2,4422.77737437186,8910.8697619141,5996036961.0,13685891303455.3,12782509302331.5,2131.82630218472,51.6076051278325,3.58922016616663,5.67803935391165,48.164746904256,,6.22484183404782,56.2127002694723
LMY,2013,Low & middle income,25380075062402.9,4290.6132325261,8611.34857853396,5915255859.0,13018605459609.0,12166985747020.0,2056.88241337998,51.2945900577506,4.76502404779142,5.7005501665021,47.5558053161274,,6.09450593266819,56.3174723411717
,2023,Low income,556751023235.15,765.64916597333,2453.46986852421,727162058.0,451414156311.995,393897374195.094,541.691318821663,81.0800766362194,8.5006507858837,5.07474818178355,34.2895467257933,22.0,3.23697897863677,81.8431048376736
,2022,Low income,551297424575.574,778.915065676706,2396.78981484032,707776045.0,434463326346.989,395732534286.386,559.121119006488,78.8074289810928,10.2794018093421,5.26019458558182,33.9116273369541,21.2,3.20066583331694,82.7524625287922
,2021,Low income,478460336870.115,694.087880017057,2217.86921809681,689336827.0,364225265860.677,382204181497.803,554.451998685692,76.1244428834551,5.81225118787715,5.83298884904326,33.4763957965515,19.0,3.17833511840365,83.6106088769216
,2020,Low income,432817676605.734,645.138571127662,2081.01922060934,670891024.0,336162055599.704,368886519934.519,549.845663063334,77.6682824592498,5.60188791482224,5.80412040229029,33.08213074864,17.6,3.16643012118289,84.4636232511578
,2019,Low income,437739709828.987,671.117139517642,2069.67273834445,652255298.0,343407860227.395,371912600765.901,570.194833075777,78.450241665659,3.10773229242274,5.12297180265082,32.6958821290116,16.4,3.15100682080204,85.3536015592348
,2018,Low income,419119394353.818,661.14729086377,2001.57331274951,633927417.0,326000637605.794,348223365667.745,549.311098288947,77.782283997716,3.43946902997592,5.08766017796121,32.3037160978336,13.8,3.13565392963617,86.2974008497916
,2017,Low income,397551358031.57,644.852308695691,1932.58884990173,616499860.0,309122033998.758,342034595366.882,554.80076729763,77.7565030916609,8.44429373841891,5.14359043444685,31.9030612391146,11.4,3.12770591155814,87.2413885937532
,2016,Low income,380272235825.794,633.777355522048,1886.60041466649,600009187.0,299627807047.941,337813096754.379,563.013207253406,78.7929748269086,6.03575858154679,5.04961130545723,31.5400399249211,10.0,3.12632561652244,88.1513674962001
,2015,Low income,417830631224.268,714.836450326294,1788.44563755319,584512207.0,326496561810.66,326496561810.66,558.579543593108,78.1408870991593,5.54468891259779,4.94520983003529,31.2227026369501,7.9,3.1217516514258,88.9492119204211
,2014,Low income,427247749546.785,749.407669788052,1717.98543238756,570113927.0,327281362047.241,332827996577.587,583.79208227549,76.6022436383604,4.5223320279748,4.82574056731072,30.9580301102549,6.9,3.11107723071048,89.5046630808281
,2013,Low income,399956089212.417,719.03356976024,1584.78602519103,556241191.0,300013786123.847,326403298829.135,586.801740162992,75.0116810859477,5.76277967044681,4.83743364823059,30.6098031497852,6.0,3.10013977416337,89.8925174269008
,2023,Lower middle income,6657563548498.26,2319.95481547486,9525.68442771831,2869695351.0,4661708372843.26,4659792939171.0,1623.79359800238,70.021237332309,7.52710509155193,4.44638060849243,41.2024823337283,55.4,5.72668115934261,57.2100902791274
,2022,Lower middle income,6650563380806.73,2347.99329840156,8825.03085606193,2832445640.0,4611179788748.17,4437269977870.14,1566.58610326239,69.3351754537947,7.96757361617945,4.99827575124402,40.7948368732016,52.3,5.57282187339153,57.7189166816091
,2021,Lower middle income,6296557254947.16,2251.14460096524,7838.34718454926,2797047001.0,4511794298253.65,4163070665359.98,1488.38066141599,71.654939605429,4.48087963413446,6.2565962013459,40.4037713212789,47.4,5.46468309803984,58.2741810188431
,2020,Lower middle income,5514802410559.2,1996.97695544468,7078.0049062502,2761575388.0,3877419664671.8,3800470647879.01,1376.19659575233,70.3093125738775,4.97809676252309,7.01028456505462,40.0181811356754,42.5,5.37885714161753,58.8736548449681
,2019,Lower middle income,5765837056238.6,2116.20506959362,7106.74199743091,2724611683.0,3977419247414.47,3898460066008.22,1430.83144300245,68.9825121421169,3.58213544469211,5.93973395532034,39.6454155985217,33.4,5.25174343106707,59.4158356059453
,2018,Lower middle income,5340385058603.99,1986.83702598126,6691.05669354036,2687882795.0,3763432886035.47,3742192199879.77,1392.245304312,70.4711897126619,4.29159105337875,6.50468294481071,39.2838199953492,27.2,5.11040116246681,59.9052779021468
,2017,Lower middle income,5150492310089.6,1943.04862156303,6252.65610737314,2650727446.0,3631782802781.75,3534827397024.37,1333.53106610734,70.5133137596816,3.85067166284727,6.47118842422572,38.9231471210338,24.4,4.97615735146051,60.4249246113683
,2016,Lower middle income,4746990113057.58,1817.03211621924,5923.27230581353,2612496538.0,3343888141302.6,3342672605986.01,1279.49360214081,70.4422815649971,3.62321431764138,6.39025580143606,38.5571311552537,21.9,4.85244769696869,60.995111562884
,2015,Lower middle income,4583309433434.87,1780.68853695471,5684.3213386285,2573897309.0,3146310174866.61,3146310174866.61,1222.39149319014,68.6471254136701,3.99737996694396,6.50959624268599,38.185025353104,19.5,4.73753324058549,61.5674857759238
,2014,Lower middle income,4703810033139.31,1855.45211743703,5487.68139363351,2535128764.0,3047893854052.16,2974566179472.08,1173.33928820985,64.7962786034964,5.37028961008587,6.37232192580877,37.8093027168867,17.2,4.63237925527953,62.1339675344056
,2013,Lower middle income,4407901770081.6,1766.55759690392,5293.56522255538,2495192785.0,2789206273715.92,2817808883575.73,1129.29505908928,63.2774144979252,5.60092502290401,6.45704652862978,37.4274790077421,15.2,4.54984022375356,62.7307863630523
MEA,2023,"Middle East, North Africa, Afghanistan & Pakistan",4902253052059.01,6144.70308054742,15835.6934912997,797801454.0,2474000096319.99,2459330169230.32,3082.6343533216,50.4665930144279,4.22522603168918,7.79272191834479,55.4304551226559,59.5,4.93612102294732,61.0606315618958
MEA,2022,"Middle East, North Africa, Afghanistan & Pakistan",5035779695254.83,6436.74030312288,15209.8028931552,782349366.0,2453221971573.29,2357506912893.8,3013.36847110553,48.7158319075184,5.17222088647606,8.23898776216766,55.12536380356,57.8,4.81683996967676,61.7359305196421
MEA,2021,"Middle East, North Africa, Afghanistan & Pakistan",4315472921456.39,5622.19134191977,13587.0461822659,767578451.0,2221172769318.88,2223702574559.68,2897.03622041844,51.4699735056913,2.86833027751015,9.00366611562493,54.8188568175474,54.2,4.7329073227706,62.4085708183374
MEA,2020,"Middle East, North Africa, Afghanistan & Pakistan",3592277157538.87,4749.14341262891,12317.4334238378,756405281.0,1976956956272.28,2094159446094.35,2768.56798689425,55.0335308099313,1.44703656998741,9.14819309323363,54.6812240122644,50.6,4.66658612813775,62.8447455496645
MEA,2019,"Middle East, North Africa, Afghanistan & Pakistan",4022588786208.41,5416.06362418233,12993.5487745863,742714463.0,2072073039359.9,2152879877339.61,2898.66427084726,51.5109336172785,1.33601568147656,8.33082967841649,54.4404080887212,46.0,4.58548237671863,63.2135845759611
MEA,2018,"Middle East, North Africa, Afghanistan & Pakistan",4053744446046.43,5550.31969384997,12979.5651648011,730362334.0,2044159260442.02,2095001002089.72,2868.44064180577,50.4264461573465,1.94579304594437,8.53535637968998,54.2444653262483,42.3,4.4797792743706,63.4405340291193
MEA,2017,"Middle East, North Africa, Afghanistan & Pakistan",3798189271504.22,5283.42471158364,12291.2967053183,718887744.0,2008606699071.02,2062527624383.19,2869.05381486542,52.88327030305,2.06932928164424,8.5198428948238,54.0927613956461,39.7,4.37607829684335,63.5175196738813
MEA,2016,"Middle East, North Africa, Afghanistan & Pakistan",3627179370571.64,5130.21030038801,11766.0537713669,707023525.0,1980912086779.09,1994144793176.85,2820.47870072902,54.6130170140139,2.5395603776654,8.0751146709309,53.9026375690062,35.0,4.28336130831485,63.5611531977801
MEA,2015,"Middle East, North Africa, Afghanistan & Pakistan",3561595503548.09,5130.25978607342,11858.737321371,694232973.0,1911412285870.14,1911412285870.14,2753.27211499379,53.6673039924375,1.6859921764201,8.36498933286657,53.6392632351358,31.8,4.20729814036475,63.6239984941752
MEA,2014,"Middle East, North Africa, Afghanistan & Pakistan",3958172789906.38,5814.71484290247,12854.9361932143,680716578.0,1870704711961.96,1870914863455.4,2748.44909602804,47.2618253738793,2.64755321246189,7.64519859427481,53.3224917392575,28.7,4.14619250449386,63.61838506492
MEA,2013,"Middle East, North Africa, Afghanistan & Pakistan",3918727955940.41,5871.07008125381,12968.6273731577,667464006.0,1757987819592.11,1790470001606.74,2682.49671219984,44.8611855519895,3.25423910998847,7.92975020058705,52.9394246896376,25.2,4.09246366055883,63.5243000851814
MNA,2023,"Middle East, North Africa, Afghanistan & Pakistan (excluding high income)",2094194824252.19,2872.39008505083,10901.0467534385,729077445.0,1286263746231.1,1447744175143.89,1985.72070096599,61.4204433768672,6.09114152504141,8.59209919735259,52.4233912654293,55.9,5.01227833550849,63.2711410507435
MNA,2022,"Middle East, North Africa, Afghanistan & Pakistan (excluding high income)",2165681910516.43,3022.54814280134,10392.539527173,716508657.0,1333948644878.6,1411133686539.8,1969.45797200577,61.594855569556,8.30646124447623,8.9382675467404,52.1693289932022,54.1,4.88890323555979,63.8942367111251
MNA,2021,"Middle East, North Africa, Afghanistan & Pakistan (excluding high income)",1944658742702.15,2760.50031198582,9431.95407996758,704458802.0,1225690622049.65,1354259310108.23,1922.41094335595,63.0285712930032,5.21404940513043,9.6948074926195,51.9157887433595,50.2,4.79452415391638,64.4976807571805
MNA,2020,"Middle East, North Africa, Afghanistan & Pakistan (excluding high income)",1672646665964.66,2415.26254491139,8908.77995047244,692532027.0,1099886044709.45,1277255658142.94,1844.32720559643,65.7572257841504,2.41513094083414,9.77596723068346,51.6896857274925,46.4,4.73225953727527,65.0338430244032
MNA,2019,"Middle East, North Africa, Afghanistan & Pakistan (excluding high income)",1838491544905.83,2701.71325265282,8778.03575397246,680490997.0,1158141310466.91,1293928102966.09,1901.46248616143,62.9941058840298,2.65388100453608,9.06488013658605,51.461592912125,41.5,4.65118101526252,65.4348446071677
MNA,2018,"Middle East, North Africa, Afghanistan & Pakistan (excluding high income)",1881940334175.63,2815.3901774218,8758.88619048046,668447432.0,1162976012270.23,1277124084963.63,1910.58267834535,61.7966463203345,4.36615064471282,9.28194998275843,51.2278326304516,37.6,4.54771377233768,65.7503007559934
MNA,2017,"Middle East, North Africa, Afghanistan & Pakistan (excluding high income)",1882187717766.39,2865.83515636992,8422.84811875949,656767614.0,1181009160896.12,1259721534854.58,1918.06280943473,62.7466192531338,4.64865184428512,9.25338345180518,51.0212891329828,34.8,4.44942503561546,65.9530678989896
MNA,2016,"Middle East, North Africa, Afghanistan & Pakistan (excluding high income)",1852920687942.14,2869.01813118566,8092.10109141065,645837915.0,1204074988908.03,1227032919793.64,1899.90846200728,64.9825433297567,3.69725926870481,8.75542082657381,50.8273618824722,30.8,4.35691446038607,66.0376253936308
MNA,2015,"Middle East, North Africa, Afghanistan & Pakistan (excluding high income)",1784466385695.77,2808.6233441937,7983.20274158377,635352686.0,1175983670453.22,1175983670453.22,1850.91476964846,65.9011388435147,2.04361764300244,9.05052035727651,50.6192148296493,27.6,4.273402579405,66.0311595309876
MNA,2014,"Middle East, North Africa, Afghanistan & Pakistan (excluding high income)",1923472432973.06,3079.70398875281,8288.28434058384,624564062.0,1169585263801.9,1175841490761.84,1882.65954175544,60.8059280576277,2.91692692067458,8.14794947550081,50.3756426552581,24.7,4.20321764890414,65.9155394717964
MNA,2013,"Middle East, North Africa, Afghanistan & Pakistan (excluding high income)",1933842437518.53,3153.94010992027,8395.01342234919,613151287.0,1118502970000.28,1142308225004.81,1863.01203181656,57.8383713326467,4.82462314269537,8.46109583177143,50.0190261281607,21.3,4.14387196198973,65.7404372424163
TMN,2023,"Middle East, North Africa, Afghanistan & Pakistan (IDA & IBRD)",2075559724252.19,2867.14499885351,10935.8526423683,723911670.0,1267765398923.4,1432202560737.02,1978.42170542301,61.0806513592457,7.70665764216232,8.59209919735259,52.1776709218643,55.7,5.02091139863188,63.2022253845333
TMN,2022,"Middle East, North Africa, Afghanistan & Pakistan (IDA & IBRD)",2146516410516.43,3017.03706401547,10423.5410952844,711465045.0,1314611984582.95,1395497452241.93,1961.4420442004,61.2439755010617,8.78598837999588,8.83598059809406,51.925275557204,53.8,4.89731158692561,63.8255081102546
TMN,2021,"Middle East, North Africa, Afghanistan & Pakistan (IDA & IBRD)",1926549742702.15,2754.03924421055,9459.39324551382,699536053.0,1209504461936.26,1341020183585.02,1917.0136804729,62.7808581905509,5.46019980671871,9.58930430798614,51.6735754616086,50.0,4.80271722408939,64.4280751406071
TMN,2020,"Middle East, North Africa, Afghanistan & Pakistan (IDA & IBRD)",1657114965964.66,2409.54729126605,8930.22848745875,687728758.0,1085975713088.84,1264950195722.67,1839.31554556669,65.5341201662889,3.73003191530476,9.67954007701653,51.4495362826798,46.2,4.7403393694151,64.9637013444812
TMN,2019,"Middle East, North Africa, Afghanistan & Pakistan (IDA & IBRD)",1821358044905.83,2695.09130976796,8794.54554024921,675805691.0,1142543106901.47,1279718937726.07,1893.61965246616,62.7302857940017,3.00538949390383,8.96317446023269,51.2234331146053,41.3,4.65912680345998,65.364902785694
TMN,2018,"Middle East, North Africa, Afghanistan & Pakistan (IDA & IBRD)",1865663734175.63,2810.24942028442,8777.18379304779,663878345.0,1148372332258.38,1263485295978.35,1903.18799444851,61.5530179003991,4.46231108475481,9.1788143786994,50.9917156514723,37.4,4.55542256462645,65.681978616962
TMN,2017,"Middle East, North Africa, Afghanistan & Pakistan (IDA & IBRD)",1866059717766.39,2860.68231685818,8439.42507416986,652312809.0,1166583193683.96,1246232267110.03,1910.48259349761,62.5158553382377,4.97595150553833,9.15400226751887,50.7866571436082,34.6,4.45689438379004,65.886574403853
TMN,2016,"Middle East, North Africa, Afghanistan & Pakistan (IDA & IBRD)",1837515287942.14,2864.53445831005,8106.62351993508,641470827.0,1190450624041.61,1213379548865.62,1891.55842759101,64.7858895027106,3.7651191635658,8.66507565229991,50.5924176765155,30.6,4.36421844059262,65.9703177571346
TMN,2015,"Middle East, North Africa, Afghanistan & Pakistan (IDA & IBRD)",1770493985695.77,2805.48695611112,7998.90783225537,631082594.0,1163577211523.6,1163577211523.6,1843.77959808476,65.7204837138343,2.52932817254229,8.96791885955849,50.385107716384,27.4,4.28056386779576,65.9605958941891
TMN,2014,"Middle East, North Africa, Afghanistan & Pakistan (IDA & IBRD)",1909482732973.06,3077.87148288398,8308.6884422822,620390664.0,1157044678825.71,1163870966427.26,1876.02914415755,60.5946657095032,3.77123895800744,8.07837404021819,50.1424314222312,24.5,4.21033777332658,65.8402476705282
TMN,2013,"Middle East, North Africa, Afghanistan & Pakistan (IDA & IBRD)",1920326937518.54,3152.86009912184,8416.69989829338,609074579.0,1106563180767.67,1130529337271.6,1856.14270608328,57.6236868393661,5.07042922798113,8.39834200288349,49.7861078087819,21.1,4.15100470407765,65.6588002060007
MIC,2023,Middle income,37598001937865.0,6342.84660727863,16185.7324491801,5927622764.0,19378320724630.2,18780696335694.6,3168.33528100922,51.5408259105235,6.083192685419,4.96756774789441,54.7420083291234,,8.61904266432597,51.8189745057549
MIC,2022,Middle income,36531426959364.9,6209.92727259514,15004.3015492181,5882746344.0,18206746710501.3,17629845624503.6,2996.87332983256,49.8385861870471,8.32008377271927,5.42949094564465,54.4326887515123,,8.36444038792709,52.0836967031416
MIC,2021,Middle income,34913762453380.2,5980.00050387597,13477.1480288886,5838421323.0,17459352922937.4,16890227532834.8,2892.94427353112,50.0070794325036,4.14298201176246,6.19670261206739,54.0812947662006,,8.13376423070129,52.323151823997
MIC,2020,Middle income,29584575558650.2,5110.03730012152,12079.8107551627,5789502859.0,14932227376267.1,15408968105951.1,2661.53562425439,50.4730153950141,2.65664643301128,6.69849633442843,53.543730448338,,7.91825648430506,52.5459885498259
MIC,2019,Middle income,30585555169458.0,5333.00944959533,12055.2305751237,5735139879.0,15762404735734.0,15964122516939.0,2783.56288665143,51.5354540677881,2.72643037388832,5.86054208956752,53.1016369485035,,7.6655566522143,52.6346183640964
MIC,2018,Middle income,29703780736503.7,5231.9314869653,11419.0517766851,5677402468.0,15283134537813.2,15358245843485.4,2705.15362087685,51.4518157583604,3.24056932930569,6.00981501156322,52.5468329848241,,7.41133759751051,52.6445445818233
MIC,2017,Middle income,27920575307382.3,4970.75305971396,10729.0911624779,5616970904.0,14566988693146.2,14577450369542.7,2595.25118051825,52.1729532173882,3.32817337461305,6.05518297615024,51.9320485360666,,7.16654869147493,52.6200597201489
MIC,2016,Middle income,25537051889993.7,4598.01556540424,10196.7880995871,5553928978.0,13389944973557.4,13764685578032.9,2478.36903074508,52.4334015971672,2.66824816969082,6.01421235038408,51.3297823323889,,6.94034753482199,52.5996852402886
MIC,2015,Middle income,25243424508586.8,4597.60474958281,9820.72395143208,5490559951.0,13082273690181.2,13082273690181.2,2382.6847911566,51.8244808097696,3.12900274473925,5.93705456165038,50.6857478753473,,6.73571323874387,52.6422712897293
MIC,2014,Middle income,26093245096359.9,4808.99653991663,9671.00352305342,5425923034.0,13373564113147.0,12466758266748.1,2297.62902802504,51.2529739545987,3.53436856147324,5.75311900107613,49.9726953069028,,6.55201207856446,52.7146389189912
MIC,2013,Middle income,24981032983624.9,4661.49740787105,9343.61753474664,5359014668.0,12731514145979.5,11857933860964.4,2212.70785686986,50.9647225329912,4.34337131279521,5.77644112078398,49.3147227686173,,6.40530743284741,52.8325363551064
NAC,2023,North America,30016713196347.4,79647.6390981082,80719.1784418153,376868838.0,20057140480750.1,16283634531700.6,43207.6969221335,66.8199091271283,3.99766999081457,3.8406106523085,80.3357102611225,93.3,17.637120865477,53.8176370871365
NAC,2022,North America,28262944669046.3,75769.6975468613,76573.2242678601,373011185.0,18886440957894.2,15879300675479.9,42570.5751302872,66.8240382559242,7.40280048696867,3.83310095020415,80.2779687115812,92.6,17.131227408638,53.3009492606245
NAC,2021,North America,25755312987896.8,69532.9041926862,69953.4846892959,370404678.0,17218530801639.6,15380397570386.4,41523.2271186013,66.8542867630111,4.04652602445635,5.59210953628448,80.2350390902744,91.5,16.6816410698778,52.856652950058
NAC,2020,North America,23037855330882.0,62319.8671337986,62835.859730555,369671124.0,15175464166822.0,14163470383746.3,38313.7049777961,65.871861546415,0.97529201430706,8.2305997250471,80.2018987822716,90.5,16.269235377077,52.4460933000678
NAC,2019,North America,23291134417156.9,63306.810223782,63726.4244981566,367908829.0,15448200011725.5,14567697600236.4,39595.9445709207,66.3265246554325,1.88073954968807,3.890566885067,80.2981427760977,89.7,15.8634105007359,51.9839252362171
NAC,2018,North America,22389072713237.7,61228.2000482629,61572.5551251195,365666028.0,14936706755327.8,14266974292779.7,39016.4062295107,66.7142714959175,2.3554044847046,4.10721129091519,80.4126136678733,89.1,15.4782657258417,51.4948859923699
NAC,2017,North America,21268513812514.6,58555.9003870103,58871.9709502921,363217262.0,14250321036022.4,13887475780337.0,38234.6249290789,67.0019596180593,1.86349706609469,4.57971738602629,80.5059159293977,87.8,15.1225408408483,51.0199804302156
NAC,2016,North America,20339809161640.9,56416.7892083026,56828.1306348304,360527592.0,13623854625491.5,13521478300144.0,37504.6975604132,66.9812313243574,1.34517137635811,5.10340701910414,80.5816899364942,86.1,14.792708831133,50.5474767196138
NAC,2015,North America,19858183921200.2,55534.4614029189,55636.5583277606,357583083.0,13200477428032.2,13200477428032.2,36915.8331464809,66.4737393933572,0.621934248247613,5.4606408215288,80.6417223720746,76.1,14.4802852739518,50.10045473104
NAC,2014,North America,19420303676809.0,54742.8371458308,54217.981826617,354755155.0,12885134552572.7,12778834207084.4,36021.5602986357,66.3487799521879,1.76442944229339,6.26083245211775,80.6863203799841,74.4,14.1704514212904,49.6395786217625
NAC,2013,North America,18733732587414.4,53240.3655883832,52403.725561475,351870848.0,12424740449322.2,12429212287398.8,35323.2225915992,66.322823769083,1.20156227672124,7.34976348971497,80.7164808734964,72.8,13.8537216803706,49.148943594214
,2023,Not classified,,,,,,,,,,,,,,
,2022,Not classified,,,,,,,,,,,,,,
,2021,Not classified,,,,,,,,,,,,,,
,2020,Not classified,,,,,,,,,,,,,,
,2019,Not classified,,,,,,,,,,,,,,
,2018,Not classified,,,,,,,,,,,,,,
,2017,Not classified,,,,,,,,,,,,,,
,2016,Not classified,,,,,,,,,,,,,,
,2015,Not classified,,,,,,,,,,,,,,
,2014,Not classified,,,,,,,,,,,,,,
,2013,Not classified,,,,,,,,,,,,,,
OED,2023,OECD members,65416979138062.7,47135.6137232065,60110.0117808511,1387846131.0,39270058184940.4,33810939425814.9,24362.1671528188,60.0303754504788,5.67767862615429,4.82631374195204,81.0543158861621,,18.2469847512258,54.6273621519666
OED,2022,OECD members,61286449816069.9,44455.8357743973,57187.962137387,1378591781.0,36715219856890.6,33202301278484.0,24084.2153102057,59.9075651584953,8.23803240697186,4.99493064713263,80.949627748444,,17.8900729073025,54.3885661754065
OED,2021,OECD members,59666281326989.0,43495.5049948213,51208.8336430486,1371780402.0,35039795532973.1,31823871746552.8,23198.9549494619,58.7262935676259,2.81528975687994,6.19605024177905,80.8557784895293,,17.5721300046988,54.1538307435127
OED,2020,OECD members,53331159716240.7,38947.5669905773,46740.8086032469,1369306579.0,31236202981265.3,29781624052706.5,21749.4201148555,58.5702676399012,0.73285164517586,7.15007422562512,80.7381377175693,,17.2630264542708,53.8583145766769
OED,2019,OECD members,54485019277771.0,39940.835037623,47570.5817937553,1364143219.0,32530299968698.9,31331731170345.9,22968.0657675475,59.7050352553895,1.74071267870181,5.38695191058807,80.6506763352269,,16.9559885910711,53.5203649736479
OED,2018,OECD members,53918014151383.0,39756.7556647363,45552.1691703746,1356197538.0,32296306073985.6,30837247236375.3,22738.020363797,59.8989161271943,1.93246766472803,5.47444010714932,80.5397753365218,,16.66306667433,53.1839546259552
OED,2017,OECD members,50962966454996.4,37802.8422452392,43837.9941397017,1348125258.0,30642069731734.5,30188204939446.3,22392.7300228999,60.1261501502144,1.82264336059067,5.9177915757262,80.4525335528694,,16.3856875843634,52.8513562029859
OED,2016,OECD members,48791020854023.8,36407.3771727139,42194.5993013631,1340141055.0,29428142841136.9,29484645374556.7,22001.1507479388,60.3146692281393,0.443258157565783,6.43777999780825,80.3858291802831,,16.1090856523578,52.4884868627456
OED,2015,OECD members,47849615079402.5,35931.9232791311,40803.1637657329,1331674197.0,28848597038195.9,28848597038195.9,21663.4046850094,60.2901339756319,0.338705695410168,6.86087280016011,80.2234048818443,,15.8306578372037,52.1287902773923
OED,2014,OECD members,50718548398932.9,38322.7280627757,39648.7998426481,1323458714.0,30563849002122.8,28090818216279.1,21225.3075363249,60.2616793401088,0.624517311086569,7.41355981597454,79.9154420386729,,15.5348023900882,51.7379848964105
OED,2013,OECD members,49637322451829.6,37734.7608375528,38465.3652201016,1315426979.0,30003175938985.1,27539707415881.4,20935.9454044476,60.4447912517877,1.45156526398378,8.00520155093803,79.5300893668637,,15.2151605338549,51.2878003645858
OSS,2023,Other small states,196776788550.521,15346.6488924949,28078.9991073003,12822134.0,106485727878.81,88783725076.7052,6924.25497009352,54.1149841214481,5.51293808804143,8.44487902544127,54.7413384725346,,10.13329940793,52.210445993158
OSS,2022,Other small states,181929859029.679,14326.3081658507,26366.0682220046,12699005.0,95982422112.3194,85129502481.3147,6703.63563769875,52.7579269418668,7.46811935414937,9.01147513544492,54.4367375147272,,9.91315489678366,52.492007188242
OSS,2021,Other small states,172054189148.087,13718.3632503913,23632.4052569572,12541889.0,89321680845.1333,79303908206.9559,6323.12311223261,51.9148538535462,2.4284453278932,9.49668399234599,54.2199717949652,,9.74162352467916,52.8768202622496
OSS,2020,Other small states,146178019948.381,11772.0946960495,21325.8197228572,12417333.0,79002542936.976,74629552701.6642,6010.11124543928,54.0454323877652,0.712593443137932,9.99575648409841,54.0599291555754,,9.60355512691295,53.2509049137526
OSS,2019,Other small states,158537272264.689,12908.1967698249,22412.7863144945,12281907.0,84666883239.0258,78315998700.1274,6376.53409198811,53.4050334218368,1.6420600176894,8.37803693303246,53.8727328667505,,9.4488717093074,53.6212686743385
OSS,2018,Other small states,158084162753.728,13026.838449762,20741.7433269318,12135267.0,84815149535.1576,75394436226.7348,6212.83703331248,53.6518953307722,2.611223782638,8.78845724438525,53.6519140670653,,9.29068111710775,54.0545833750716
OSS,2017,Other small states,143284638053.643,11950.9760651787,19691.3798753284,11989367.0,76843320573.2319,71829956709.4518,5991.13837364823,53.6298389115957,1.76041559180605,9.26010688179757,53.4441254377598,,9.1323746635927,54.5089414957949
OSS,2016,Other small states,128159306240.899,10813.3811118925,18493.8882839728,11851918.0,69137624045.6089,68430615485.9316,5773.80095659889,53.9466278911122,0.642702771527304,9.69565767751643,53.2560302540443,,8.95715325837604,54.8626577298136
OSS,2015,Other small states,121433689793.067,10359.1167773921,17488.4955632328,11722398.0,65491999674.7149,65491999674.7149,5586.91145572048,53.932314653634,0.953206658777607,9.99952511697503,53.0938477646158,,8.76891357355298,55.1368368679275
OSS,2014,Other small states,135415534454.347,11682.6156441392,17531.7045830042,11591200.0,72894885010.9051,63434503356.5397,5472.64332912379,53.8305190055432,1.34186494340162,10.4617084896957,52.9439535683465,,8.57739291865687,55.4126909543487
OSS,2013,Other small states,130969031866.96,11421.7952581155,17088.6545364404,11466589.0,70226108557.5499,61816822440.1871,5391.03847187573,53.6203922075919,2.78056658954988,10.7696689681663,52.8229475994541,,8.39533297406458,55.6550228390544
PSS,2023,Pacific island small states,11293798175.2794,4199.64948077192,7936.59949609073,2689224.0,8676827198.65863,,,76.828247361911,7.92164684826777,3.52057525691559,40.2526358335376,,5.09019948173859,63.8121861194135
PSS,2022,Pacific island small states,10469882963.8981,3941.90128416234,7180.81206636261,2656049.0,8453678188.94505,,,80.7428145863209,6.37906506708423,3.60681620269367,39.9427900823495,,5.00762804853444,64.2242845622333
PSS,2021,Pacific island small states,9575143114.30798,3646.98862815783,6133.27337662878,2625493.0,7449122014.22259,,,77.7964561500024,2.47788271992717,3.35468526106548,39.6583318985728,,4.94815666289467,64.5631231138198
PSS,2020,Pacific island small states,9428309122.8276,3632.52907231285,6252.22494912732,2595522.0,7188892397.15504,,,76.2479496959796,0.386388224517504,3.30655660526839,39.4509108653665,,4.89544835509041,64.8919820090283
PSS,2019,Pacific island small states,10750020320.3809,4185.0758997627,7165.90094273522,2568656.0,7743968270.93371,,,72.0367779794052,1.40719939417024,3.32798136589447,39.2708800377762,,4.81750078385899,65.1344627768092
PSS,2018,Pacific island small states,10918390849.5149,4295.18182253285,7139.03071502657,2542009.0,7575738861.09742,,,69.3851224554212,2.89621932270298,3.35231302156857,39.0330726122061,,4.71666392678166,65.2776904411932
PSS,2017,Pacific island small states,10408975105.1516,4147.00368611764,7000.92315451758,2509999.0,7119126155.79318,,,68.3941126179636,1.58394248575812,3.40034043733734,38.8043513180851,,4.6091292505117,65.3755525471063
PSS,2016,Pacific island small states,9660620527.27464,3898.87961923979,6692.51509338411,2477794.0,6631887111.61023,,,68.6486659204401,1.07339388853343,3.36311039358415,38.5106153371305,,4.51468461715419,65.4351988396864
PSS,2015,Pacific island small states,9199527864.78686,3761.06673610832,6544.93295835299,2445989.0,6294002590.86025,6294002590.86025,2573.1933344182,68.4165827134659,0.648242939254492,3.37020462675283,38.2258875864973,,4.43624411907203,65.529742875963
PSS,2014,Pacific island small states,9395064505.28979,3891.36256203141,6149.29075354571,2414338.0,6624251397.29432,,,70.5077798408367,1.45142452367373,3.39737128470569,37.9658622454185,,4.35978800553142,65.6390755750649
PSS,2013,Pacific island small states,8650287218.9751,3630.10394299084,5510.99169054014,2382931.0,6069416381.81887,,,70.1643336016071,1.60563054554341,3.42532155080918,37.7261145063194,,4.27933110131776,65.7534843347364
PST,2023,Post-demographic dividend,61116976921687.7,54507.2154710128,66141.2204578245,1121263972.0,36658233562968.7,31338972383035.4,27949.6828272615,59.9804430934809,5.06713865364213,4.46960383607434,81.0611822262698,,20.6187554884133,56.1461765540775
PST,2022,Post-demographic dividend,57655583144884.1,51597.0182783268,62753.8932833714,1117420833.0,34496762839992.3,30812154820510.9,27574.3514981619,59.8324758129747,7.87737003690613,4.52602226819937,80.9329132113806,,20.2211770768997,55.7700582490351
PST,2021,Post-demographic dividend,56312999693620.9,50433.5519322417,56629.4428654399,1116578102.0,33089261673410.5,29677271150817.3,26578.7687378606,58.7595437171478,2.50835221473776,5.80602995350964,80.8170398426815,,19.8626451089536,55.3937985449433
PST,2020,Post-demographic dividend,50460094948336.7,45174.5036479433,51537.373786735,1117003860.0,29617374769349.9,27880674134971.6,24960.2307864644,58.6946473241351,0.632267331911716,6.72548575920498,80.7390351837835,,19.5157366875772,54.9648232486113
PST,2019,Post-demographic dividend,51425400491830.9,46125.7453007656,52370.2542762053,1114895817.0,30728927364058.8,29348244937119.7,26323.7555380654,59.7543763785372,1.61963190184048,4.93863793927205,80.7012981435582,,19.1790470773634,54.4986641693808
PST,2018,Post-demographic dividend,50874931441807.4,45787.7299792029,49962.2979159075,1111104033.0,30470248553517.7,28888512429787.3,25999.8268135054,59.8924611591285,1.7386086198818,5.29340998979908,80.6405983623246,,18.8566531505208,54.0162380914998
PST,2017,Post-demographic dividend,48003116664049.3,43356.99969696,47917.2002572694,1107159559.0,28824977101730.0,28269706125509.0,25533.5429258657,60.0481366730043,1.73079959118896,5.85021474599449,80.5730252146896,,18.5430690073048,53.4910449597582
PST,2016,Post-demographic dividend,46016102013930.7,41720.329677393,46063.9050098288,1102965925.0,27702091598072.7,27628928321439.0,25049.66626366,60.2008653181581,0.607397074641719,6.41054588620563,80.5121378696177,,18.2293184475303,52.9101119364732
PST,2015,Post-demographic dividend,44970537111944.2,40960.9089975197,44546.0963862777,1097889139.0,27053230568502.0,27053230568502.0,24641.1314289375,60.1576772391199,0.36804684232536,6.88380194224391,80.4010549473574,,17.9155015480439,52.326434443208
PST,2014,Post-demographic dividend,47527207893966.3,43482.2905959942,43411.3900505967,1093024476.0,28504356838230.1,26374515301350.9,24129.8487641103,59.9748188486554,0.906794000434246,7.46206202944811,80.2993772705531,,17.5731014081086,51.6805025824527
PST,2013,Post-demographic dividend,46537786135637.6,42757.0705462921,42229.5192425336,1088423167.0,27990996622957.3,25881873030388.8,23779.2375383984,60.1468160547552,1.40858109183009,8.01055138462552,80.1971413336001,,17.2079938584462,50.97850276236
PRE,2023,Pre-demographic dividend,1679661211478.96,1559.36615928619,5104.66442026997,1077143557.0,,,,,7.10220928557059,4.65198898265421,44.944973511523,,2.89054594670656,82.9321835091833
PRE,2022,Pre-demographic dividend,1857970259244.7,1769.1914721872,4928.85608108048,1050180429.0,,,,,8.77567482988523,4.97495099823102,44.4496171500869,,2.86823370091854,84.0109818493009
PRE,2021,Pre-demographic dividend,1632692476237.58,1594.39804852433,4513.80668611347,1024018110.0,,,,,4.22278962033194,5.76848661848567,43.966697242761,,2.85202836120235,85.0336256399281
PRE,2020,Pre-demographic dividend,1493808964934.18,1497.18872625076,4218.05030973207,997742595.0,,,,,3.39862928518853,5.89078404749377,43.4980819386669,,2.84338160793752,86.0340733729236
PRE,2019,Pre-demographic dividend,1634623930442.19,1682.64777483043,4352.82966303927,971459360.0,,,,,2.56908784664759,5.38924122021237,43.0478017904088,,2.83066473118599,86.978022563685
PRE,2018,Pre-demographic dividend,1372992333739.42,1452.10811367974,4176.86774565947,945516605.0,,,,,2.80203783510174,5.32927480343501,42.6168705959194,,2.81002172474462,87.8483931733163
PRE,2017,Pre-demographic dividend,1234012453109.89,1341.55710823713,3989.14375352913,919835947.0,,,,,4.5783374121255,5.2669199218143,42.1481736818509,,2.79255362722367,88.6953251540623
PRE,2016,Pre-demographic dividend,1179646343672.88,1318.65578321566,3896.2312231132,894582467.0,,,,,4.38389195513915,5.00843089695962,41.6692983719903,,2.78266050830276,89.4967496878827
PRE,2015,Pre-demographic dividend,1327649722440.53,1526.04099231967,3913.25090988398,869996107.0,,,,,3.25472688117631,4.92874848701502,41.1934386147893,,2.77663466366583,90.1810080003017
PRE,2014,Pre-demographic dividend,1564268518633.72,1849.26650645876,4093.62823738977,845885930.0,,,,,3.53436856147324,4.85956498950861,40.696367549657,,2.773932360257,90.6948038594263
PRE,2013,Pre-demographic dividend,1476570945874.25,1797.07620788678,3973.57917729424,821651825.0,,,,,4.63161619729461,4.86973350643787,40.1809529696697,,2.77413598318472,91.1290024227968
SST,2023,Small states,287664662032.448,14360.785757405,26458.0570471367,20031262.0,164879999049.418,139932533822.897,6985.70733201417,57.3167374416047,5.06713865364213,7.66141080204045,51.7493987022104,71.7,9.37178961015385,52.597055673253
SST,2022,Small states,270875639826.53,13644.5029834497,24383.6349520917,19852364.0,149379280185.095,133889785665.606,6744.27416632127,55.1468121241017,6.27689319447544,8.21647080688741,51.5222800598785,70.5,9.14840991868418,52.7956860780919
SST,2021,Small states,244321758053.768,12435.8612830054,21262.5948218682,19646549.0,138257925005.946,125531440417.388,6389.4906132058,56.5884619148492,2.41070312174393,8.82676059647368,51.340072776001,69.1,8.97173442245556,53.0686265270687
SST,2020,Small states,208945862118.581,10730.4939107969,19051.8795832025,19472157.0,122210081675.064,116908888617.753,6003.90026732804,58.4888738335996,0.598986330824643,9.20499420465331,51.2091700462085,65.6,8.81925601093491,53.3228170522854
SST,2019,Small states,231472341497.406,11997.3036529705,20323.7922400186,19293697.0,132454965099.99,123632833227.773,6407.93898793856,57.2228043502442,1.30544966502392,7.75168865751208,51.0510007537325,62.1,8.63385567361176,53.4969526634758
SST,2018,Small states,230253786373.11,12064.6886372837,19049.4199396395,19084934.0,132956706407.704,120088255109.002,6292.30654447127,57.743548326392,2.13062774274025,8.10689854999494,50.8834075568435,58.0,8.45717171410214,53.7889465179009
SST,2017,Small states,213547946193.144,11319.4921033734,18258.768305634,18865506.0,121681665732.133,115320623798.261,6112.77660923918,56.9809580945714,1.74989677484705,8.32778127632623,50.740519957361,55.6,8.29234901876455,54.1493874239456
SST,2016,Small states,195897524567.684,10492.0492970632,17272.5709423263,18671045.0,110194151978.308,109317407213.753,5854.91638061784,56.2509159937008,0.644075340346552,8.66740053405155,50.5823717773529,50.9,8.10708910211718,54.3732040121295
SST,2015,Small states,193179840479.883,10451.9964952878,16774.1299419601,18482578.0,104843122314.844,104843122314.844,5672.53779829002,54.2722895175813,0.552796026277853,8.78391504425952,50.4432480596759,47.7,7.91936028137118,54.5721390338653
SST,2014,Small states,208949943932.74,11422.9709382889,16893.6577903224,18292084.0,114432726460.439,101813806003.221,5566.00363322305,54.7656172127397,1.20139964481058,9.17019543151895,50.3145535848893,44.7,7.73584928584304,54.7908708681619
SST,2013,Small states,201677128538.424,11137.9509953235,16461.5609359913,18107202.0,109624450038.009,98970006272.333,5465.78131023959,54.3564115735232,1.75232737350762,9.42789036106017,50.2078520957445,41.2,7.565118910295,55.0069330274301
SAS,2023,South Asia,4073084906363.46,2449.857142451,9771.04591690011,1662580579.0,2378427529351.54,2239896397051.46,1347.24080465243,58.3937625664438,6.38250790219375,4.16220090187648,35.137165500664,58.3,6.91257482137564,47.8197718202639
SAS,2022,South Asia,3834471492016.05,2326.72890585805,8899.31392332671,1648009565.0,2265530823472.04,2130190972323.25,1292.58410725502,59.0832616226047,7.18461996730069,4.86631704704624,34.8137520955194,54.2,6.69399341408135,48.2657152530905
SAS,2021,South Asia,3717045071947.61,2273.72055805692,7815.21278442871,1634785356.0,2306365707628.86,1985548739659.07,1214.56234751045,62.0483653812785,5.33853088974918,6.33048938390488,34.5086968655354,48.0,6.53924924942375,48.8132633790214
SAS,2020,South Asia,3172770463540.28,1957.20343709781,6796.23874125937,1621073417.0,1969748843318.62,1789558044235.45,1103.93398933606,62.0829292870026,5.6602199868936,7.62561175204578,34.2000653894608,42.5,6.4084583393486,49.4468704959794
SAS,2019,South Asia,3318484576408.75,2067.05975680251,6910.69627919166,1605412986.0,2048046189504.87,1872155001198.07,1166.15164915457,61.7163088255561,3.62894965885467,6.30644937347767,33.8860664509609,29.7,6.21827278293473,50.0582287685015
SAS,2018,South Asia,3159841615195.03,1988.36633317988,6482.04601810231,1589164714.0,1905936879715.45,1780787313794.45,1120.58070387942,60.3174814379995,3.33139516437678,7.28140399591901,33.5735795082406,20.9,6.01428817180366,50.6650536202901
SAS,2017,South Asia,3075955433025.62,1956.06707563972,5925.07961165666,1572520427.0,1835618381192.95,1660873550616.08,1056.18567625518,59.676364666551,4.14162852223217,7.24969569674111,33.2643876230047,18.8,5.81790270670978,51.3486656958703
SAS,2016,South Asia,2679313169084.49,1722.90703396273,5584.92915657948,1555111864.0,1617521474669.38,1567941399937.74,1008.24991194186,60.3707507331843,4.45355240327602,7.25080318686175,32.9532139923473,16.7,5.6326383520799,52.1373690417707
SAS,2015,South Asia,2414503392327.99,1570.54142452744,5218.51028720282,1537370078.0,1460200425983.42,1460200425983.42,949.804114753572,60.4762217615086,4.72755869604727,7.27349261228767,32.6380348100917,14.7,5.45841890276284,52.97662280478
SAS,2014,South Asia,2323062261802.12,1528.4920875126,4988.74207154808,1519839246.0,1383395476346.56,1356726822934.52,892.677845045279,59.5505122309285,6.82864780544374,7.29419854752289,32.3195810824512,13.0,5.2958616827803,53.8473608562814
SAS,2013,South Asia,2111097580244.47,1405.84072374278,4798.77253358533,1501661991.0,1246685680367.63,1278656263129.13,851.494058444962,59.0539107255888,8.15339493090692,7.31372620028363,32.0003773282425,11.7,5.16711058584247,54.7640625659773
TSA,2023,South Asia (IDA & IBRD),4073084906363.46,2449.857142451,9771.04591690011,1662580579.0,2378427529351.54,2239896397051.46,1347.24080465243,58.3937625664438,6.38250790219375,4.16220090187648,35.137165500664,58.3,6.91257482137564,47.8197718202639
TSA,2022,South Asia (IDA & IBRD),3834471492016.05,2326.72890585805,8899.31392332671,1648009565.0,2265530823472.04,2130190972323.25,1292.58410725502,59.0832616226046,7.18461996730069,4.86631704704624,34.8137520955194,54.2,6.69399341408135,48.2657152530905
TSA,2021,South Asia (IDA & IBRD),3717045071947.61,2273.72055805692,7815.21278442871,1634785356.0,2306365707628.86,1985548739659.07,1214.56234751045,62.0483653812785,5.33853088974918,6.33048938390488,34.5086968655354,48.0,6.53924924942375,48.8132633790215
TSA,2020,South Asia (IDA & IBRD),3172770463540.28,1957.20343709781,6796.23874125937,1621073417.0,1969748843318.62,1789558044235.45,1103.93398933606,62.0829292870026,5.6602199868936,7.62561175204578,34.2000653894608,42.5,6.4084583393486,49.4468704959794
TSA,2019,South Asia (IDA & IBRD),3318484576408.75,2067.05975680251,6910.69627919166,1605412986.0,2048046189504.87,1872155001198.07,1166.15164915457,61.7163088255561,3.62894965885467,6.30644937347767,33.8860664509609,29.7,6.21827278293473,50.0582287685015
TSA,2018,South Asia (IDA & IBRD),3159841615195.03,1988.36633317988,6482.04601810231,1589164714.0,1905936879715.45,1780787313794.45,1120.58070387942,60.3174814379995,3.33139516437678,7.28140399591901,33.5735795082406,20.9,6.01428817180366,50.6650536202901
TSA,2017,South Asia (IDA & IBRD),3075955433025.62,1956.06707563972,5925.07961165666,1572520427.0,1835618381192.95,1660873550616.08,1056.18567625518,59.676364666551,4.14162852223217,7.24969569674111,33.2643876230047,18.8,5.81790270670978,51.3486656958703
TSA,2016,South Asia (IDA & IBRD),2679313169084.49,1722.90703396273,5584.92915657948,1555111864.0,1617521474669.38,1567941399937.74,1008.24991194186,60.3707507331843,4.45355240327602,7.25080318686175,32.9532139923473,16.7,5.6326383520799,52.1373690417707
TSA,2015,South Asia (IDA & IBRD),2414503392327.99,1570.54142452744,5218.51028720282,1537370078.0,1460200425983.42,1460200425983.42,949.804114753572,60.4762217615086,4.72755869604727,7.27349261228767,32.6380348100917,14.7,5.45841890276284,52.97662280478
TSA,2014,South Asia (IDA & IBRD),2323062261802.12,1528.4920875126,4988.74207154808,1519839246.0,1383395476346.56,1356726822934.52,892.677845045279,59.5505122309285,6.82864780544374,7.29419854752289,32.3195810824512,13.0,5.2958616827803,53.8473608562814
TSA,2013,South Asia (IDA & IBRD),2111097580244.47,1405.84072374278,4798.77253358533,1501661991.0,1246685680367.63,1278656263129.13,851.494058444962,59.0539107255888,8.15339493090692,7.31372620028363,32.0003773282425,11.7,5.16711058584247,54.7640625659773
SSF,2023,Sub-Saharan Africa,2117602210170.5,1682.2261488119,5321.71824656475,1258809472.0,1582908117782.63,1461299327531.98,1160.85822361208,74.7500219909191,6.69759990789845,5.76152900751665,43.639562828921,32.3,3.15815608570391,79.9765796187097
SSF,2022,Sub-Saharan Africa,2290209566620.26,1864.70686111925,5116.63828770479,1228187451.0,1548405429347.95,1411948916069.89,1149.62004775433,67.6097703859033,9.45801281304023,6.08211610820712,43.1558281440802,31.1,3.12544546841468,80.933648585939
SSF,2021,Sub-Saharan Africa,2139729978109.87,1785.98118191144,4702.40563604418,1198069722.0,1438903824925.6,1352347280471.99,1128.77176982192,67.2469816119817,4.43905481215002,6.84750929089377,42.6489634636483,29.0,3.10135573471121,81.8681605963693
SSF,2020,Sub-Saharan Africa,1902234301367.38,1628.43873346869,4403.53684898304,1168133785.0,1251102967260.63,1279975555495.03,1095.74397379067,65.7701822725676,3.39862928518853,6.65249326111529,42.1670568799491,26.7,3.08397635655649,82.814231421474
SSF,2019,Sub-Saharan Africa,2045881962739.73,1797.04121765415,4490.30405465511,1138472475.0,1312999517118.07,1287714302295.34,1131.08953494492,64.177676964304,2.867588034469,6.18089551293782,41.7071031134135,24.4,3.06099363110009,83.7204794175639
SSF,2018,Sub-Saharan Africa,1799777413644.27,1622.59575329634,4322.1640935143,1109196428.0,1299221278575.49,1252402838463.33,1129.10825066535,72.1878866089761,3.91133439990729,6.03233771776817,41.2566428447246,22.0,3.03261899449934,84.5664075979401
SSF,2017,Sub-Saharan Africa,1673446999208.25,1549.18831908585,4328.54321994519,1080208893.0,1227865903554.83,1210514738657.99,1120.63022856265,73.3734563530106,5.18618655524149,5.99391143462101,40.7748446210958,20.0,3.0083854360803,85.4070868330434
SSF,2016,Sub-Saharan Africa,1532640901655.94,1456.65211115929,4182.68569754759,1052166739.0,1070739127064.55,1160996959037.34,1103.43438544805,69.8623614903973,5.30264297710325,5.86589334716284,40.3035222705197,18.3,2.99162137895821,86.1590503081875
SSF,2015,Sub-Saharan Africa,1687942836834.48,1647.32085826836,4160.91431522566,1024659421.0,1133889561617.66,1133889561617.66,1106.60141153151,67.1758270999346,3.47238752883652,5.78723856454759,39.8380952067264,16.2,2.98015665842737,86.8103044850872
SSF,2014,Sub-Saharan Africa,1902822047308.01,1907.73210907064,4169.294742664,997426231.0,1208282480405.65,1094424212853.05,1097.24827645229,63.4994997096576,4.4038027171436,5.62977664752398,39.3567243486427,13.4,2.97236751910088,87.3733995542276
SSF,2013,Sub-Saharan Africa,1825391175423.92,1880.39980462364,3982.34394141301,970746312.0,1172412916461.42,1055382007369.45,1087.18621366181,64.2280368310175,4.88516387595471,5.57489984928367,38.8781029884112,11.2,2.96712482474768,87.8603061015355
SSA,2023,Sub-Saharan Africa (excluding high income),2115430662235.11,1680.66097936273,5319.19071695846,1258689699.0,1581439468996.06,1459982619486.17,1159.92259303154,74.7573294283795,7.05298238454736,5.76152900751665,43.6394241334397,33.5,3.15766385812944,79.9804024588095
SSA,2022,Sub-Saharan Africa (excluding high income),2288209678021.0,1863.26040059117,5114.2870977928,1228067573.0,1546879698869.72,1410482580832.0,1148.53824972057,67.6021832145891,9.52526628622843,6.08211610820711,43.15565683019,32.7,3.12495523558598,80.9376659786723
SSA,2021,Sub-Saharan Africa (excluding high income),2138242804315.06,1784.88774854725,4700.31298645118,1197970464.0,1437653542124.52,1350820334045.96,1127.59068327578,67.2352802601874,4.25936417542868,6.84750929089377,42.6488015882409,30.3,3.10095881694043,81.8716670040506
SSA,2020,Sub-Saharan Africa (excluding high income),1900851749615.81,1627.39235037313,4401.29051079121,1168035323.0,1250075698753.07,1278635752055.85,1094.68928454302,65.7639765439743,3.48393567493204,6.65249326111529,42.1668776172731,28.0,3.08359753400958,82.8179069472083
SSA,2019,Sub-Saharan Africa (excluding high income),2044013272643.0,1795.55378673641,4487.75384887465,1138374850.0,1311706252099.46,1286373309004.87,1130.00854595906,64.1730789939228,3.10773229242274,6.18089551293782,41.7069060558369,25.3,3.06062448776709,83.7243071732306
SSA,2018,Sub-Saharan Africa (excluding high income),1797993099717.5,1621.1285196776,4319.74082132637,1109099666.0,1297942147997.78,1251080162325.83,1128.01419085977,72.1883831590739,4.09297819300637,6.03233771776817,41.2564263036696,22.8,3.03225298069705,84.5703753205826
SSA,2017,Sub-Saharan Africa (excluding high income),1671771628567.24,1547.77467837023,4326.20517226218,1080113050.0,1226746095729.34,1209340033140.58,1119.64209037247,73.3800044675179,5.19795180719179,5.99391143462101,40.7746030847625,20.4,3.00801872195027,85.4111876988047
SSA,2016,Sub-Saharan Africa (excluding high income),1531072388307.79,1455.29231657117,4180.46925435658,1052072062.0,1069682181813.88,1159932657198.57,1102.52206012726,69.8648992681622,5.43051966119156,5.86589334716284,40.3032542736816,18.5,2.99125242325931,86.1632580559075
SSA,2015,Sub-Saharan Africa (excluding high income),1686510433482.35,1646.07300085129,4158.97555168855,1024566002.0,1133072910496.31,1133072910496.31,1105.90524015486,67.1844589871118,3.39401538410559,5.78723856454759,39.8377982630079,16.3,2.97978486631278,86.8145976447354
SSA,2014,Sub-Saharan Africa (excluding high income),1901434469437.93,1906.51557748593,4167.38905433612,997334872.0,1207410459523.37,1093577570790.89,1096.49988333195,63.4999774607161,4.40535234185293,5.62977664752398,39.3563962352604,13.9,2.97199575821888,87.3777305656688
SSA,2013,Sub-Saharan Africa (excluding high income),1824058015016.54,1879.20059513022,3980.63024861462,970656363.0,1172021546037.68,1054807450888.79,1086.69503554142,64.2535235386719,4.90520875694557,5.57489984928367,38.8777381567093,11.8,2.96674819849936,87.8646996458053
TSS,2023,Sub-Saharan Africa (IDA & IBRD countries),2117602210170.5,1682.2261488119,5321.71824656475,1258809472.0,1582908117782.63,1461299327531.98,1160.85822361208,74.7500219909191,6.69759990789845,5.76152900751665,43.6395628289209,32.1,3.15815608570391,79.9765796187097
TSS,2022,Sub-Saharan Africa (IDA & IBRD countries),2290209566620.26,1864.70686111924,5116.63828770479,1228187451.0,1548405429347.95,1411948916069.89,1149.62004775433,67.6097703859034,9.45801281304023,6.08211610820711,43.1558281440802,31.1,3.12544546841468,80.933648585939
TSS,2021,Sub-Saharan Africa (IDA & IBRD countries),2139729978109.87,1785.98118191144,4702.40563604418,1198069722.0,1438903824925.6,1352347280471.99,1128.77176982192,67.2469816119817,4.43905481215002,6.84750929089377,42.6489634636483,28.9,3.10135573471121,81.8681605963693
TSS,2020,Sub-Saharan Africa (IDA & IBRD countries),1902234301367.38,1628.43873346869,4403.53684898304,1168133785.0,1251102967260.63,1279975555495.03,1095.74397379067,65.7701822725676,3.39862928518853,6.65249326111529,42.1670568799491,26.8,3.08397635655649,82.814231421474
TSS,2019,Sub-Saharan Africa (IDA & IBRD countries),2045881962739.73,1797.04121765415,4490.30405465511,1138472475.0,1312999517118.07,1287714302295.35,1131.08953494492,64.177676964304,2.867588034469,6.18089551293782,41.7071031134135,24.4,3.06099363110009,83.7204794175639
TSS,2018,Sub-Saharan Africa (IDA & IBRD countries),1799777413644.27,1622.59575329634,4322.1640935143,1109196428.0,1299221278575.49,1252402838463.33,1129.10825066535,72.1878866089761,3.91133439990729,6.03233771776817,41.2566428447246,22.1,3.03261899449934,84.5664075979401
TSS,2017,Sub-Saharan Africa (IDA & IBRD countries),1673446999208.25,1549.18831908585,4328.54321994519,1080208893.0,1227865903554.83,1210514738657.99,1120.63022856265,73.3734563530106,5.18618655524149,5.99391143462101,40.7748446210958,19.9,3.0083854360803,85.4070868330434
TSS,2016,Sub-Saharan Africa (IDA & IBRD countries),1532640901655.94,1456.65211115929,4182.68569754759,1052166739.0,1070739127064.55,1160996959037.34,1103.43438544805,69.8623614903973,5.30264297710325,5.86589334716284,40.3035222705197,18.2,2.99162137895821,86.1590503081875
TSS,2015,Sub-Saharan Africa (IDA & IBRD countries),1687942836834.48,1647.32085826836,4160.91431522566,1024659421.0,1133889561617.66,1133889561617.66,1106.60141153151,67.1758270999346,3.47238752883652,5.78723856454759,39.8380952067264,16.1,2.98015665842737,86.8103044850871
TSS,2014,Sub-Saharan Africa (IDA & IBRD countries),1902822047308.01,1907.73210907064,4169.294742664,997426231.0,1208282480405.65,1094424212853.06,1097.24827645229,63.4994997096576,4.4038027171436,5.62977664752398,39.3567243486427,13.3,2.97236751910088,87.3733995542276
TSS,2013,Sub-Saharan Africa (IDA & IBRD countries),1825391175423.92,1880.39980462364,3982.34394141301,970746312.0,1172412916461.42,1055382007369.45,1087.18621366181,64.2280368310175,4.88516387595471,5.57489984928366,38.8781029884112,11.1,2.96712482474768,87.8603061015355
,2023,Upper middle income,30942010900869.1,10118.6217728148,22608.3773484032,3057927413.0,14918894470443.8,14342224654851.9,4690.17825402904,48.2156590217761,5.0341072621757,5.36297560426889,67.4481028683691,85.3,11.3333635893342,46.7597112263914
,2022,Upper middle income,29881576742720.3,9796.27244734764,20898.6897141198,3050300704.0,13827454126505.5,13412019209048.6,4396.94984545648,46.2741783860992,8.81109209279587,5.75041485644261,67.0965136790125,82.7,10.956679139887,46.8509489161709
,2021,Upper middle income,28618153386292.8,9409.61235165342,18796.441497948,3041374322.0,13186187073428.2,12921070370163.7,4248.43146622836,46.0763030215078,3.92718022100332,6.15372931005527,66.6600410441556,79.4,10.5884260339308,46.8501956535242
,2020,Upper middle income,24069773148091.0,7949.25683610967,16761.8731146221,3027927471.0,11262274328926.0,11785868033091.9,3892.38782829878,46.7901141387336,1.8903591682421,6.47637385311808,65.8795028368007,74.9,10.2342771922757,46.7749363461314
,2019,Upper middle income,24819718113219.4,8244.30681174043,16654.0194892017,3010528196.0,11982625300836.3,12242204788607.7,4066.46408589483,48.2786518612965,1.93780995920407,5.80585688987594,65.2798912322227,67.5,9.85012469966056,46.4974283033452
,2018,Upper middle income,24363395677899.7,8149.60205746059,15780.4555891274,2989519673.0,11694133546525.4,11784354696946.0,3941.88899420099,47.9987835075603,3.12170076631027,5.67121545409166,64.4716330609836,62.2,9.48011390027231,46.1164055141863
,2017,Upper middle income,22770082997292.7,7676.40394987858,14830.2224805465,2966243458.0,11109725965563.9,11199194391547.6,3775.54794477279,48.7908891982731,3.31608762172158,5.77337201527055,63.5572076005172,57.7,9.12395054491947,45.6453896121778
,2016,Upper middle income,20790061776936.1,7068.00587843387,14086.1229268017,2941432440.0,10207503188071.2,10570768674086.1,3593.74858668727,49.0979935393704,2.04528420858843,5.7624084064723,62.6740874157133,53.3,8.79476071933236,45.143106634385
,2015,Upper middle income,20660115075151.9,7083.47780015619,13559.0980655369,2916662642.0,10071762308126.4,10071762308126.4,3453.18041349481,48.7497880408218,1.78640243954172,5.55781700600781,61.717389175657,47.9,8.49906771316838,44.7659453761806
,2014,Upper middle income,21389435063220.6,7399.1550644732,13420.0071448156,2890794270.0,10433017688968.8,9617388386339.54,3326.90170523257,48.7764995107725,3.03372718252381,5.34707785695012,60.6395790567361,44.3,8.23546511330019,44.4542064287521
,2013,Upper middle income,20573131213543.3,7183.80264347723,12948.5020840703,2863821883.0,10023521573328.1,9157166906498.19,3197.53367374426,48.7214195509997,2.70281658214477,5.33490578969923,59.6718490416384,41.4,8.02194023407635,44.2083819862321
WLD,2023,World,107348614073350.0,13313.8575826001,23381.6927256577,8062923417.0,60356348466918.2,53738253285971.8,6664.85969253648,56.2246182569974,5.79944107391962,4.84991713588619,57.3116916082902,69.2,9.98145713968862,54.9984396502616
WLD,2022,World,102862471365575.0,12876.2377124072,22005.9139557162,7988550201.0,56829361058980.3,51926678180002.6,6500.13793159896,55.2479055816265,8.08169507021982,5.23462796913747,57.0722541398634,67.0,9.73923491044647,55.1689408294339
WLD,2021,World,98780038374127.0,12472.9074157191,19865.9266203614,7919567995.0,54236552773684.0,49887894274345.3,6299.32015304899,54.9063896576598,3.47540320289875,6.04556088000376,56.80922270108,63.8,9.52782148597409,55.3168185178183
WLD,2020,World,86388502867289.2,10999.4917581781,17910.1867404411,7853863139.0,47789178254163.5,46386364206605.8,5906.18443250744,55.3189101188357,1.90509722047501,6.58768935720693,56.4441759386598,60.1,9.331875985676,55.4226000371452
WLD,2019,World,88796498078977.7,11417.5958587724,18132.2535880815,7777162476.0,49919165158230.2,48566875208906.3,6244.80655493333,56.217493074818,2.20607305781525,5.58847960382446,56.1409825640469,53.9,9.10578119472668,55.4218272838139
WLD,2018,World,87310840056717.8,11344.728168656,17293.9495577393,7696159728.0,49135919314861.3,47393387084796.6,6158.05658403516,56.2769975445686,2.44258329692817,5.7595415280045,55.7520777819135,49.4,8.87621205354468,55.3576302316771
WLD,2017,World,82110104984460.0,10784.3950896297,16429.0103801342,7613788655.0,46601030379430.7,45907756131561.5,6029.55482634966,56.75431834882,2.22314331448899,5.89802388961045,55.319833918472,46.3,8.65526244309491,55.257811059819
WLD,2016,World,77084966373474.0,10239.4656645738,15735.7039704622,7528221579.0,43999813153982.9,44347846391812.0,5890.87952930616,57.0796294322882,1.59691227583204,5.97088327776689,54.894926437495,43.6,8.44906883189988,55.1535633026425
WLD,2015,World,75839351828606.2,10191.9752512662,15282.0825133037,7441084771.0,43035339561801.8,43035339561801.8,5783.47658791936,56.7453947378926,1.43702380935655,5.9985085966435,54.4258474649377,39.9,8.25840818390327,55.0939189271216
WLD,2014,World,80243543597078.9,10912.2447775638,15115.2509558725,7353532223.0,45215695603498.1,41738866687157.8,5676.02961697904,56.3480793302654,2.39371597209796,5.9574710533091,53.9090710066533,37.4,8.07833623497364,55.0312097055056
WLD,2013,World,78171001460419.0,10759.3457336689,14712.1789510363,7265404737.0,44035876534105.2,40536819824737.3,5579.43036790481,56.3327521861189,2.65167342916577,6.09934489950025,53.4334012321388,35.3,7.9222609338677,54.9808812249902
AFG,2023,Afghanistan,17152234636.8715,413.757894705303,2203.53761869487,41454761.0,16821368715.0838,,,98.0710039899031,-4.64470870797775,14.008,25.4730529631167,15.92840004,2.37753752819851,83.8361728436287
AFG,2022,Afghanistan,14497243872.1337,357.261152798144,2122.65936199211,40578842.0,14150977069.9198,,,97.6114990872194,13.7121023720065,14.1,25.3939250580909,15.86629963,2.35514236704931,84.9624893289139
AFG,2021,Afghanistan,14259995441.0759,356.496214115892,2144.16657002819,40000412.0,12617004786.8703,,,88.4783227246134,5.13320340824963,12.006,25.3478620272481,16.51429939,2.35254951873996,86.0834681804276
AFG,2020,Afghanistan,19955929052.1496,510.787063366811,2561.98176058622,39068979.0,18419990527.0292,,,92.3033474357087,5.60188791482224,11.71,25.2622103446137,17.04850006,2.37073382439812,87.2478169146763
AFG,2019,Afghanistan,18799444490.1128,496.6025042585,2583.48533239877,37856121.0,,,,,2.30237251516834,11.187,25.1437258839803,17.60000038,2.37615338349114,88.5120276122222
AFG,2018,Afghanistan,18053222687.4126,491.337221382603,2432.27670083336,36743039.0,,,,,0.626149149168847,11.192,24.9991645191406,16.79999924,2.36712047688815,89.8496059758101
AFG,2017,Afghanistan,18753456497.8159,525.469770891619,2335.79586234454,35688935.0,,,,,4.97595150553833,11.184,24.8352821238871,13.5,2.35973702156897,91.2936186853936
AFG,2016,Afghanistan,18116572395.0772,522.082215583898,2213.1814410479,34700612.0,,,,,4.38389195513915,10.116,24.6588345720126,11.0,2.35549736125691,92.8898712202104
AFG,2015,Afghanistan,19134221644.7325,565.569730408751,2284.07584789349,33831764.0,,,,,-0.661709164713742,9.032,24.4649118421568,8.260000229,2.35669506261475,94.6132337112821
AFG,2014,Afghanistan,20497128555.6972,625.054941813938,2224.49074815215,32792523.0,,,,,4.67399603536345,7.915,24.1910166387726,7.0,2.35653566515757,96.3463937851296
AFG,2013,Afghanistan,20146416757.5987,637.087099117099,2133.24127098647,31622704.0,,,,,7.38577178397855,7.921,23.8077136743646,5.900000095,2.34976901406028,98.063558808759
ALB,2023,Albania,23491242727.4082,9740.7023414631,24847.5057998051,2411658.0,16433006826.9661,10615899818.6736,4401.90931660859,69.9537568857223,4.75834555150038,10.669,58.2106086137857,83.13559161,16.3020000675759,50.0239189058889
ALB,2022,Albania,19017247013.8821,7756.96188744253,22138.4966146921,2451636.0,13570171567.799,10332404402.7615,4214.49366984394,71.3571820247859,6.72520271530059,10.785,57.8643477747383,82.61367544,15.7763381628571,49.2510463435051
ALB,2021,Albania,18031989573.0294,7242.45513146613,18212.794718288,2489762.0,12927979167.3107,9746685686.97469,3914.7057778915,71.6946907880159,2.04147163139545,11.474,57.5077187031778,79.32371752,15.2660050732804,48.4416017247105
ALB,2020,Albania,15241458744.5927,6027.91350716348,16287.6136733864,2528480.0,11363042882.6507,9322850648.18478,3687.13640138929,74.5535127120429,1.62088661717021,11.639,57.1408592155544,72.23767711,14.7670044100644,47.6864712685303
ALB,2019,Albania,15585111614.0376,6069.43903131027,16442.0254754945,2567801.0,11773977449.948,9876183898.00842,3846.16405165681,75.5463145951622,1.41109078954242,11.466,56.7639071287255,68.5503911218006,14.2480986631067,47.0423753077936
ALB,2018,Albania,15379508329.7568,5897.65452588774,15055.3473824585,2607733.0,11453757777.3889,9567073035.38769,3668.73182008575,74.4741478843493,2.02805963071135,12.304,56.377000259892,65.40000153,13.739521828078,46.5089324540399
ALB,2017,Albania,13258268435.6048,5006.36012951959,14110.6720568255,2648285.0,9980185465.6225,9294557318.35761,3509.65146060851,75.2751802703053,1.98666133171194,13.616,55.980276426546,62.40000153,13.3053911120274,46.1747781810153
ALB,2016,Albania,11988668784.6628,4457.63412207495,13055.8912586429,2689469.0,9321853593.24969,9263646600.75223,3444.41471560082,77.7555353366274,1.27543168367423,15.418,55.5738734464276,59.59999847,12.9202121629827,46.0418641879175
ALB,2015,Albania,11470171826.9575,4199.53912925398,12386.6003347481,2731293.0,8904037018.65902,8904037018.65902,3260.00799572181,77.6277561747814,1.89617402592356,17.193,55.1579291374894,56.90000153,12.5431065412926,46.063682495576
ALB,2014,Albania,13296322588.1684,4793.59751131525,11787.8702732821,2773767.0,10411697979.7118,8754231114.943,3156.08020246221,78.3050945904138,1.62586504402614,18.055,54.7325813178673,54.29999924,12.1667692065035,46.0990797197022
ALB,2013,Albania,12796985886.1478,4542.92903556739,10882.042303638,2816902.0,9877672544.72631,8402629492.52758,2982.93284343139,77.187492684652,1.93762080205223,15.866,54.2979678058548,51.79999924,11.8201351814959,46.2294891341532
DZA,2023,Algeria,247923887214.655,5370.477235078,16838.3550419037,46164219.0,100747302033.003,86102818199.3929,1865.1418796751,40.6363836760009,9.32217375928322,11.645,74.732808364138,76.19760132,6.37685866623239,58.7709984775404
DZA,2022,Algeria,225581644702.568,4960.30334332888,15833.5847271335,45477389.0,85650981663.2596,82791171345.3542,1820.49086734848,37.9689499011285,9.26551551551553,12.382,74.1795862354514,74.78150177,6.18696352392874,58.8011272175164
DZA,2021,Algeria,186231205262.082,4160.55926736925,14496.8654697299,44761099.0,78912548384.3263,79914258055.6646,1785.35066924216,42.3734294546787,7.22606307415477,13.656,73.6199218261573,72.21240234,6.0140413442485,58.5563473141813
DZA,2020,Algeria,164873415325.201,3743.5419522929,12676.5130564294,44042091.0,76776334471.2913,78655765803.5563,1785.92260307432,46.5668369396335,2.41513094083414,14.08,73.0541126293395,63.47269821,5.89408890690499,58.0691549149887
DZA,2019,Algeria,193459662090.677,4468.45341883656,13892.5333446205,43294546.0,82801452806.2917,82621602734.4506,1908.36052962539,42.8003708429314,1.95176821052892,12.302,72.4824561380175,55.79069901,5.77497798452489,57.267808691031
DZA,2018,Algeria,194554483655.528,4577.21029180491,13727.1266357859,42505035.0,81186389409.1377,80527877909.2006,1894.54914951136,41.7293849433374,4.26999020467084,12.112,71.905249845153,49.0384680793271,5.61800854886956,56.150085883397
DZA,2017,Algeria,189880896903.073,4554.66753957828,13493.560749484,41689299.0,79857872116.7867,78487210437.2593,1882.67042910122,42.0568226816155,5.59111590961664,12.0,71.3227912436551,47.69110107,5.46724232518278,54.8295659548088
DZA,2016,Algeria,180763839522.151,4424.98529027556,13437.8460232169,40850721.0,74337682806.349,76722590848.187,1878.12085001357,41.1241999521921,6.39769480268757,10.202,70.7353778263851,42.94549942,5.32589987824205,53.4355011716106
DZA,2015,Algeria,187493855609.345,4685.05902729002,13807.3515841478,40019529.0,74705541235.0721,74705541235.0721,1866.72714801496,39.8442610251324,4.78444700693889,11.206,70.1433070861612,38.20000076,5.19673532389649,52.0627486223853
DZA,2014,Algeria,238942664192.59,6094.69392314956,14694.143827383,39205031.0,85524287296.7785,71901387135.5487,1833.98368274594,35.7928072769144,2.91692692067458,10.207,69.5468765157615,29.5,5.08618275402183,50.6955957906435
DZA,2013,Algeria,229701430292.157,5979.60138960585,14370.820661674,38414171.0,79098117134.7791,68217634853.5825,1775.84555589088,34.4351870313452,3.25423910998847,9.82,68.9463836079277,22.5,5.00012215543943,49.4268366050018
ASM,2023,American Samoa,,,,47521.0,,,,,,,81.3721542708222,,7.5503461627491,53.9939725849833
ASM,2022,American Samoa,871000000.0,18017.4589383973,,48342.0,621000000.0,500174672.489083,10346.5862498259,71.2973593570609,,,81.794797704649,,7.1036273181428,54.2501595405233
ASM,2021,American Samoa,750000000.0,15236.1604875571,,49225.0,602000000.0,543362445.414847,11038.3432283362,80.2666666666667,,,82.2127091544092,,6.7191467750127,55.1793707836832
ASM,2020,American Samoa,721000000.0,14489.2586563775,,49761.0,533000000.0,506200873.362445,10172.6426993518,73.9251040221914,,,82.6240780620716,,6.36536278046281,56.3403292698253
ASM,2019,American Samoa,647000000.0,12886.1359517218,,50209.0,509000000.0,483100436.681223,9621.78965287544,78.6707882534776,,,83.0542171797274,,6.08357067458025,57.1339154383
ASM,2018,American Samoa,639000000.0,12552.0546868861,,50908.0,487000000.0,467030567.68559,9174.01130835212,76.2128325508607,,,83.4779973316097,,5.85069290982842,57.4556926788531
ASM,2017,American Samoa,612000000.0,11863.6839452565,,51586.0,471000000.0,462008733.624454,8956.08757462207,76.9607843137255,,,83.8890385422071,,5.61392625906254,57.8470671032098
ASM,2016,American Samoa,671000000.0,12843.3342903627,,52245.0,463000000.0,465021834.061135,8900.79115821869,69.0014903129657,,,84.2862824389061,,5.37664251739418,58.2654266759565
ASM,2015,American Samoa,673000000.0,12727.4102651386,,52878.0,460000000.0,460000000.0,8699.27001777677,68.3506686478455,,,84.668670649093,,5.14202503876849,58.6831917894547
ASM,2014,American Samoa,643000000.0,12026.3344929488,,53466.0,463000000.0,452969432.31441,8472.10250092415,72.0062208398134,,,85.0351448001542,,4.90685669397374,59.0853640393942
ASM,2013,American Samoa,638000000.0,11813.5022034589,,54006.0,446000000.0,441921397.379913,8182.82037884518,69.9059561128527,,,85.3846465194761,,4.66337073658482,59.578051591171
AND,2023,Andorra,3785067331.88242,46812.448450114,71789.7907855414,80856.0,,,,,,,88.8201609217082,94.21499634,15.4181507865836,38.2484697192491
AND,2022,Andorra,3380612573.4825,42414.0590111349,68459.2247863103,79705.0,,,,,,,88.7548766267286,94.05169678,14.9689479957343,38.168706445238
AND,2021,Andorra,3324647529.41855,42425.6996761083,59332.2029100127,78364.0,,,,,,,88.6627318165299,93.89749908,14.5979952401309,38.19592628516
AND,2020,Andorra,2891001149.40079,37361.090067211,52095.8414004627,77380.0,,,,,,,88.5907780427517,93.20570374,14.2168518997157,38.1539010890912
AND,2019,Andorra,3155149347.92156,41257.8045861543,57475.0692842215,76474.0,,,,,,,88.5391793666245,90.71869659,13.8257043289506,38.0123080254823
AND,2018,Andorra,3218419896.93333,42819.774579353,55244.6554088177,75162.0,,,,,,,88.5080998493791,93.5,13.4862031345627,38.3256344663857
AND,2017,Andorra,3000162081.22353,40672.9943362327,53084.8639640903,73763.0,,,,,,,88.4977035522461,91.5674670273926,13.1984409422132,38.7983591750715
AND,2016,Andorra,2896610479.86771,40129.8192026671,53110.1426260689,72181.0,,,,,,,88.5027454634853,89.69999695,13.0178785422858,39.1038735787242
AND,2015,Andorra,2789881258.60547,38654.9347217207,50733.2390023674,72174.0,,,,,,,88.5180850122057,87.90000153,12.9257968645001,39.3616405028095
AND,2014,Andorra,3271685596.52156,44369.6596894579,48505.6017355504,73737.0,,,,,,,88.544042920911,86.09999847,12.8605720330363,39.5371281507834
AND,2013,Andorra,3193512950.0157,42470.3161158563,45609.2307235645,75194.0,,,,,,,88.5809399121053,84.40000153,12.7504372053435,39.4617752884009
AGO,2023,Angola,106042349567.303,2885.51349130806,9549.79313920752,36749906.0,62470228482.0689,101480425983.909,2761.37919873614,58.9106415851529,13.6441017767715,14.051,69.8515032220457,37.88589859,2.81144936806097,90.0552252752265
AGO,2022,Angola,128233959333.275,3598.53669077341,9373.4083091956,35635029.0,67503380349.1873,89216642159.9471,2503.62198835161,52.6407986621928,21.3552901320822,14.124,69.0506188977513,35.83800125,2.77333855965152,90.5895118569742
AGO,2021,Angola,78283923543.8237,2266.96834861584,8720.18768742123,34532429.0,40045657775.1413,80846586053.5314,2341.17866581385,51.1543826143609,25.7542948841891,15.799,68.2524163556969,34.55649948,2.74470411565894,91.0363983104785
AGO,2020,Angola,58512033805.8981,1749.1794838482,7782.15153413853,33451132.0,32835325996.3476,71057483516.7452,2124.21760545339,56.1172187336235,22.271539247051,16.696,67.4568270208187,33.32089996,2.72560876675849,91.3698274972374
AGO,2019,Angola,81193813808.0382,2507.86807213642,8621.65930812477,32375632.0,39341390109.4421,63499307677.9019,1961.3302893331,48.4536792451389,17.080954143438,16.497,66.6637823180533,32.12939835,2.70797798313284,91.6470396304726
AGO,2018,Angola,90506061877.2765,2891.83032378747,8370.22875787099,31297155.0,46623117841.199,70777130252.1673,2261.45572184332,51.5138067817143,19.6289379701521,16.602,65.8732136723372,29.0,2.69303871230468,91.902769414907
AGO,2017,Angola,85629598654.1906,2832.14997950512,8125.70639391928,30234839.0,46017137858.6569,67989871076.6882,2248.72608306888,53.7397565583532,29.8444799015679,16.617,65.0850525086068,26.0,2.68524168427026,92.0715542905016
AGO,2016,Angola,60770049747.3832,2082.37343594705,7882.51370525255,29183070.0,32501857396.4247,57525975602.5831,1971.21055470117,53.4833483459906,30.6944150806719,16.572,64.2992302517989,23.20000076,2.68501394815556,92.1880041070431
AGO,2015,Angola,102543067840.819,3641.72893920253,8067.48584683702,28157798.0,57482738441.628,57482738441.628,2041.45006088999,56.0571666637283,9.35597215533784,16.472,63.51567832685,22.0,2.69128111509288,92.1805019005926
AGO,2014,Angola,153449860495.966,5649.68762467535,9017.69018159709,27160769.0,72797832178.5977,64261020142.9867,2365.94995314701,47.4407939787677,7.28038730361121,16.372,62.723115793241,21.3623407584103,2.70449443635977,92.0505618911043
AGO,2013,Angola,148845200696.335,5688.57916213471,8504.09532069445,26165620.0,54585445523.713,57327663901.6705,2190.95377452056,36.6726271780001,8.77781429332624,16.464,62.1333075212361,13.0,2.71903360210842,91.9497035468882
ATG,2023,Antigua and Barbuda,2054096296.2963,22012.2625947994,31892.5519402733,93316.0,,,,,5.06713865364213,,24.4500156687422,72.12409973,11.2387545477439,41.7566725911073
ATG,2022,Antigua and Barbuda,1857114814.81481,20003.3909394099,29761.8058055292,92840.0,,,,,7.53107834634288,,24.5114484000414,71.9233017,10.728672985782,41.4482905722469
ATG,2021,Antigua and Barbuda,1602125925.92593,17348.6006987182,25745.4958067746,92349.0,,,,,2.06299638545334,,24.574983819566,71.64530182,10.2789418401932,41.0892979909862
ATG,2020,Antigua and Barbuda,1411637037.03704,15369.6082250401,22370.0918693813,91846.0,,,,,0.625989707046719,,24.6406156275043,71.36840057,9.86324935217647,40.7838869387943
ATG,2019,Antigua and Barbuda,1726448148.14815,18896.3721832248,26550.589844733,91364.0,,,,,1.43135598182984,,24.708337524045,71.09259796,9.47314846738577,40.6075902613192
ATG,2018,Antigua and Barbuda,1661529629.62963,18273.4270684912,24524.2137953887,90926.0,,,,,1.20715793367008,,24.7781432093764,70.81790161,9.12720234036469,40.6810867681644
ATG,2017,Antigua and Barbuda,1534855555.55556,16965.7288273816,21422.0021576627,90468.0,,,,,2.43248789041363,,24.8500263836871,70.54419708,8.79869124994473,40.8522629964658
ATG,2016,Antigua and Barbuda,1489603703.7037,16556.8551801588,21320.4375067809,89969.0,,,,,-0.489437796230499,,24.9239807471655,70.27159882,8.44513110071247,41.0194517155441
ATG,2015,Antigua and Barbuda,1437485185.18519,16077.6340769406,20985.4388292177,89409.0,,,,,0.968993458825638,,25.0,70.0,8.11104027558747,41.382691060896
ATG,2014,Antigua and Barbuda,1378707407.40741,15532.1062063584,21671.4737856616,88765.0,,,,,1.08944157435355,,25.0899726107741,67.77999878,7.85106742522391,41.8515085655842
ATG,2013,Antigua and Barbuda,1325496296.2963,15051.5113587425,21760.5232864254,88064.0,,,,,1.05949782356169,,25.2475667667937,63.40000153,7.64666806715532,42.3716756931533
ARG,2023,Argentina,649461687959.174,14261.8465667948,30246.4069577192,45538401.0,426275460474.42,395024194979.691,8674.52932701109,65.6351973299487,133.488935594175,6.139,92.1945132257907,89.22897166,12.2030217969226,52.4243366823125
ARG,2022,Argentina,633993756301.08,13962.1894087223,29804.0832363731,45407904.0,417983515859.788,391222217954.855,8615.72949843391,65.9286486192602,72.430757531824,6.805,92.112838186126,88.37535691,12.0340800139112,53.3385463867822
ARG,2021,Argentina,486564085480.036,10738.0179223384,26300.274261175,45312281.0,306307486891.723,357390782187.35,7887.28296832706,62.9531640399486,48.4093786255199,8.736,92.0292776175651,87.15070683,11.9186207827562,54.2195244410156
ARG,2020,Argentina,385740508436.965,8535.59938004389,22393.3479575353,45191965.0,253449670108.806,326485070609.54,7224.4052811056,65.7047068081581,42.0150947376509,11.461,91.9439026594897,85.51438646,11.7934339853714,55.0207968902513
ARG,2019,Argentina,447754683615.225,9955.97478680428,23516.8261980886,44973465.0,296089364842.806,371729644972.043,8265.53268626385,66.1275863051046,53.5483043492339,9.843,91.8567844513802,79.9469520347551,11.6325391913594,55.5931801951266
ARG,2018,Argentina,524819892360.176,11752.7998922979,24410.3919063335,44654882.0,364593335904.847,395991702935.244,8867.82553663996,69.4701822877233,34.2772237131003,9.22,91.7679941327998,77.7,11.4636515159043,55.8529254060554
ARG,2017,Argentina,643628393281.364,14532.5009308511,23385.0740904917,44288894.0,429554843450.409,405088889730.027,9146.51175823056,66.7395733212516,,8.347,91.6776028433824,74.2949068657957,11.3071247613454,55.9728015245357
ARG,2016,Argentina,557532320662.955,12699.9623137756,20105.761359796,43900313.0,366420786669.083,388916035760.743,8859.07204717978,65.7218914651221,,8.088,91.5856817228217,70.9689808206024,11.1688143183761,56.0461721346243
ARG,2015,Argentina,594749285413.212,13679.6264980954,19899.1499275245,43477012.0,391974496653.948,391974496653.948,9015.67238921452,65.9058373448263,,7.577,91.4923019108628,68.0430641088122,11.0315216694284,56.0522891497333
ARG,2014,Argentina,526319673731.638,12233.1444119186,19487.4181748868,43024071.0,344124011884.784,378148640518.181,8789.23429905508,65.3830797250888,,7.268,91.3975345472954,64.69999695,10.894142131574,56.0256427923844
ARG,2013,Argentina,552025140252.246,12963.675773326,19928.989490167,42582455.0,364267951166.433,395380212585.529,9285.04973669387,65.9875655300738,,7.1,91.3014507719473,59.90000153,10.7671573801093,56.0487044709811
ARM,2023,Armenia,24185982215.6543,8159.08720967996,21551.7793903081,2964300.0,16050194404.8104,10581086980.6675,3569.50611634028,66.3615571271776,1.98041877615554,12.405,65.6956882008852,79.99663036,13.2110458915952,48.7129653645231
ARM,2022,Armenia,19513506553.1251,6571.97445545099,19158.3333506542,2969200.0,13036032088.5074,9944630620.92808,3349.26263671295,66.8051744211993,8.64091108973855,13.451,65.5624462874485,77.02767465,12.9151582271286,48.7601980797249
ARM,2021,Armenia,13878908628.9378,4685.17997128509,15921.705281964,2962300.0,9895300236.21891,9435133416.44032,3185.07018750306,71.2973944909977,7.18483629443371,15.469,65.3572875314441,78.61225758,12.600194715032,48.4759951441955
ARM,2020,Armenia,12641698583.2152,4268.68093304583,14706.3173043422,2961500.0,9523700673.8972,9213997476.9925,3111.26033327452,75.3356094610743,1.21143577838465,18.175,65.174217253699,76.50770055,12.343281529839,48.1754870679756
ARM,2019,Armenia,13619290539.2116,4597.22887399548,14975.7539538157,2962500.0,11351501702.9135,10713950554.6424,3616.52339397213,83.3487006553766,1.44344660770698,18.304,65.0047033570428,66.5439496866159,12.0453317121053,47.8107543362811
ARM,2018,Armenia,12457940694.7395,4196.00562301769,12877.4937543553,2969000.0,9941547464.7445,9617549869.55157,3239.32296044176,79.8008893150567,2.52023382001638,18.966,64.8502833795679,68.2450522610271,11.7116892663124,47.4127303230816
ARM,2017,Armenia,11527458709.0158,3869.05373867752,12066.0043093819,2979400.0,9225424401.06146,9177051402.25104,3080.16761839667,80.0299930273975,0.969553268816138,17.704,64.7124948593667,64.7448843250726,11.4171755495395,46.8188831337656
ARM,2016,Armenia,10546136235.5219,3524.42476874707,10570.2720413936,2992300.0,8047087721.00397,8050045089.55795,2690.25334677604,76.3036579586322,-1.403607559009,17.617,64.5928753345316,64.3460297653742,11.1448655565615,45.9130890185114
ARM,2015,Armenia,10553337518.414,3512.39350276709,9756.84084836026,3004600.0,8222722257.00699,8222722257.00699,2736.71112860514,77.9158464576686,3.73169119261693,18.261,64.4929623431549,59.1008337674937,10.923814112631,45.0074829961521
ARM,2014,Armenia,11609513246.7958,3852.11800610384,9736.2349746279,3013800.0,9931611837.78154,8889429467.11708,2949.57511019878,85.5471855421903,2.98130868933672,17.498,64.4142934233291,54.6228058583362,10.7767290281828,44.220347328995
ARM,2013,Armenia,11121464437.0415,3680.16692158886,9454.87852836557,3022000.0,9652152750.77837,8749438451.85916,2895.24766772308,86.7885052856041,5.78966778544651,16.576,64.3584061131466,41.9,10.7083857139631,43.5955735295585
ABW,2023,Aruba,3746573413.07565,34897.6183932009,47521.8765471843,107359.0,2048572011.17318,,,54.6785498456698,,,61.8351492675589,,16.3690434830945,50.499754678629
ABW,2022,Aruba,3326671314.7742,31000.5713798732,41863.2739964163,107310.0,1924065921.78771,,,57.8375721473496,,,61.8811657924257,,15.7002096825073,49.8010748935576
ABW,2021,Aruba,2889305033.55975,26827.3447869986,35207.1709088639,107700.0,1786328491.62011,,,61.8255418127064,,,61.9275339886843,,15.1295115193663,49.3199495334618
ABW,2020,Aruba,2461056053.22795,22664.3709949437,28733.6045108643,108587.0,1536222905.02793,,,62.4212887395638,,,62.0028837566365,,14.5767477805038,48.8784687945596
ABW,2019,Aruba,3347561738.94591,30654.4851235397,38554.7167828184,109203.0,1975166480.44693,,,59.0031382384264,4.25746204335427,,62.288276286885,,13.9419664537338,48.0999783009656
ABW,2018,Aruba,3276187709.49721,30082.1584226798,39287.0597126122,108908.0,1852174860.3352,,,56.5344548166762,3.6260414135296,,62.5367636985996,,13.3108463619964,47.1166704939956
ABW,2017,Aruba,3092427932.96089,28440.0416881491,37524.9149203557,108735.0,1727741899.44134,,,55.8700780388789,-1.02828178762012,,62.7768488886109,97.17,12.7167657393089,46.125005039442
ABW,2016,Aruba,2983637430.1676,27441.5502144601,36117.5352619835,108727.0,1637759776.53631,,,54.8913805671192,-0.93119598707956,,63.0077880571142,93.542453865048,12.1631984301248,45.1551319021681
ABW,2015,Aruba,2962906703.91061,27458.2201537506,35972.8596619304,107906.0,1631228491.62011,1631228491.62011,15117.1250126973,55.0550069452785,0.474763597342641,,63.2288374043053,88.661226932496,11.6404071622938,44.2477876106195
ABW,2014,Aruba,2790849720.67039,26129.8390617693,35657.287197053,106807.0,1608830726.25698,,,57.6466269158529,0.421440918881214,,63.4392531303795,83.78,11.1519021016228,43.5153583617747
ABW,2013,Aruba,2727849162.01117,25813.5714408438,35901.6459605583,105675.0,1597425139.6648,,,58.5598779401374,-2.37206524252261,,63.6382914355326,78.9,10.6935133949248,43.0385229703024
AUS,2023,Australia,1734451264655.6,65058.3773146674,72272.7092136683,26659922.0,876316816756.182,909239372579.777,34105.1025047927,50.524153351186,5.59701792296707,3.668,87.4866955653765,96.1160965,17.384024966198,54.8330501591457
AUS,2022,Australia,1695627535475.8,65169.5191118657,66103.1797066957,26018721.0,831768845147.233,853095704758.776,32787.7648082231,49.0537472260283,6.59409658717841,3.728,87.3343268253813,96.11940002,17.0750320469828,54.5847718434653
AUS,2021,Australia,1560617493202.69,60758.9044397144,58327.4146842325,25685412.0,795156839959.727,817917022617.494,31843.6403752252,50.9514242550178,2.86391284709318,5.022,87.2353407632761,96.97219849,16.7491873637801,54.2558157593525
AUS,2020,Australia,1333336461648.09,51983.4523666382,54184.1614486854,25649248.0,699531624245.601,812066793914.929,31660.4523421088,52.4647487237344,0.846900734607273,6.394,87.2713470458985,94.6934967,16.3387202762794,53.6061246381616
AUS,2019,Australia,1398349602956.35,55194.7585097428,52885.8313816377,25334826.0,759166905662.887,839554471359.515,33138.3555331904,54.2902078319954,1.610770929127,5.143,87.3019647888406,93.60990143,15.9450637793133,52.9197584315896
AUS,2018,Australia,1433144978761.67,57410.1737346009,50371.233830782,24963258.0,794697392490.621,825567372956.608,33071.299145192,55.4512909906221,1.91140002818579,5.345,87.2267680845925,90.0082016,15.6409676060892,52.4455151692804
AUS,2017,Australia,1330890554614.09,54117.547718609,48564.8286592372,24592588.0,741878458372.079,802913565275.031,32648.5998657413,55.7430102573082,1.94864309065653,5.592,87.12809266445,86.5450488476768,15.3876130191621,52.0424214921712
AUS,2016,Australia,1211588128417.61,50084.4440606385,47446.2103030951,24190907.0,692585647649.385,783541430654.68,32389.9153783147,57.1634560792482,1.27699365720306,5.711,87.0166295249235,86.54000092,15.1508163000494,51.6034455745862
AUS,2015,Australia,1356805839935.9,56970.3613028094,46464.5867627929,23815995.0,763170265181.612,763170265181.612,32044.4417787966,56.2475663590647,1.50836803138463,6.055,86.8778642539361,84.5605149091408,14.8994580007134,51.0633010294012
AUS,2014,Australia,1474677007565.64,62817.2061751737,47108.5906459966,23475686.0,811077541135.461,743844116637.87,31685.7243974838,55.0003517363011,2.48792932080492,6.078,86.7221289343356,84.0,14.6343933904119,50.4910608998852
AUS,2013,Australia,1583737461925.39,68476.6788496118,46123.4750962848,23128129.0,867601420289.29,727125845163.293,31439.0258357385,54.7818966935671,2.44988248109259,5.663,86.5740515760243,83.453497167,14.366324406492,49.9243673123919
AUT,2023,Austria,516670509628.876,56579.504175468,74261.1961105071,9131761.0,267068071145.689,212779754245.907,23301.0647394196,51.690209943959,7.81413417002831,5.264,69.2265358276021,95.33467117,20.1640196753077,52.5940837665189
AUT,2022,Austria,473221298968.216,52336.7725223758,72286.6352565355,9041851.0,241109417533.873,213268295500.945,23586.7960554697,50.9506689702204,8.54686993188458,4.992,68.998085127906,93.61409139,19.7897509199721,51.8277987141945
AUT,2021,Austria,480466363176.806,53648.6437976214,62968.8538770186,8955797.0,238562284139.186,202405361251.474,22600.4856130029,49.6522342504542,2.7666666666667,6.459,68.773601700253,92.52915104,19.462852720957,51.1110949880295
AUT,2020,Austria,434397601557.696,48716.4098900349,58523.0337816246,8916864.0,215417862906.362,192919507127.062,21635.3537664208,49.5900212464111,1.38191063351854,5.201,68.5410177924001,87.52942813,19.169788839314,50.5184076844052
AUT,2019,Austria,442983642371.842,49885.9947355204,60354.9279422121,8879920.0,226116476736.0,208732154729.318,23506.0850468606,51.0439788533312,1.53089564152644,4.56,68.3176044750522,87.7522047870069,18.9402993578561,50.0670998710729
AUT,2018,Austria,452582294972.775,51194.0749841299,56636.4953030542,8840521.0,232823003927.727,207311660489.691,23450.1632301639,51.4432417073965,1.99837981429549,4.933,68.1046787227623,87.4791372262556,18.7625828458159,49.6838960625127
AUT,2017,Austria,414926138132.691,47163.7425775142,53869.8321183556,8797566.0,216188127177.54,205569358435.362,23366.6173615932,52.1027978980694,2.08126911385587,5.561,67.9051196052802,87.9355865856062,18.6103296736393,49.3109345699699
AUT,2016,Austria,393687359770.273,45061.4993920192,52397.8635176674,8736668.0,204060352789.213,201779335488.574,23095.6853904227,51.8330974375931,0.891591752655362,6.064,67.7218061923556,84.3237425711653,18.4999156835518,48.9558627535325
AUT,2015,Austria,379546097300.633,43915.228020857,49549.3162311441,8642699.0,198182326445.612,198182326445.612,22930.6061041362,52.215614349641,0.89656333526032,5.802,67.5576175537383,83.9401419315026,18.4613708048616,48.7326907012931
AUT,2014,Austria,438556021078.034,51314.9722616322,48355.4977624407,8546356.0,231442197475.7,195941412641.03,22926.8957016335,52.7736905553779,1.60581182954474,5.674,67.4154327591781,80.9958249574764,18.3880563664351,48.5645070083682
AUT,2013,Austria,426580502769.417,50305.3545774973,47519.8522796571,8479823.0,227025838731.216,195916024150.299,23103.786971768,53.2199285380682,2.00015616900597,5.367,67.2981308784247,80.6188,18.1994460470678,48.309248026685
AZE,2023,Azerbaijan,72428470588.2353,7133.02838048328,23671.0936895744,10153958.0,39100411764.7059,,,53.9848645803892,8.78543049849081,5.64,58.5075350483702,89.0,8.01054873196477,43.5853062725148
AZE,2022,Azerbaijan,78807470588.2353,7770.594223351,22548.5145929929,10141756.0,34173058823.5294,,,43.3627149411783,13.8522590144267,5.65,58.4382815854684,88.0,7.52651403008595,43.5216840131791
AZE,2021,Azerbaijan,54825411764.7059,5408.04535175023,20111.3756952109,10137750.0,28708411764.7059,,,52.3633308727597,6.65029912708779,6.04,58.3659969744818,85.99998954,7.14668283701474,43.4555527993272
AZE,2020,Azerbaijan,42693000000.0,4229.91064904503,15163.5703327282,10093121.0,25994000000.0,,,60.8858595085846,2.75980947008127,7.24,58.2934691761937,84.59999573,6.88336854345971,43.4171493479948
AZE,2019,Azerbaijan,48174235294.1176,4805.75371765917,16675.3179361558,10024283.0,27703411764.7059,,,57.5066975024482,2.61057182799215,5.0,58.1308191977779,81.0999990651547,6.62764113456588,43.2140002863056
AZE,2018,Azerbaijan,47112470051.7701,4739.7943123408,15282.9995232298,9939771.0,25506980224.3154,,,54.1406132947111,2.26854690373999,4.9,57.1841534654123,79.7999954887896,6.3688767423245,43.1245500256305
AZE,2017,Azerbaijan,40866627351.9817,4147.1981423222,14315.9296431061,9854033.0,23533615508.1907,,,57.5863902482022,12.9359184187335,5.0,56.4331887124691,79.0,6.14013559399226,42.9697743409433
AZE,2016,Azerbaijan,37866996882.9157,3880.6852276838,14535.8020210633,9757812.0,22231127978.4323,,,58.7084527647405,12.4433748584372,5.0,55.7574797205266,78.2,5.94640301373228,42.2694499411257
AZE,2015,Azerbaijan,53076235354.746,5500.50364628486,15075.2726347911,9649341.0,30088993952.5496,30088993952.5496,3118.24340673105,56.6901434350864,4.02768573742726,4.96,55.1570486328276,77.0,5.79496249814157,41.3385630702997
AZE,2014,Azerbaijan,75239785452.1022,7890.84028062087,17563.6122454385,9535079.0,34187164609.5414,,,45.4376157562345,1.37344181533176,4.91,54.6319175926151,75.0000156363396,5.71573681116396,40.4458230491559
AZE,2013,Azerbaijan,74160560123.6902,7875.34536661549,17267.5118919538,9416801.0,31075495098.4079,,,41.9029940531436,2.41571745279419,4.97,54.1821087431318,73.000001372,5.68448285422061,39.5493100261129
BHS,2023,"Bahamas, The",15271300000.0,38231.774484278,39122.340470849,399440.0,9681400000.0,8145976720.55665,20393.4926911592,63.3960435588326,3.05291578969743,8.645,81.3213799173676,92.38729858,11.4979577684286,42.5030859572889
BHS,2022,"Bahamas, The",13896800000.0,34957.1613279737,36785.5703317271,397538.0,8634700000.0,7468971228.66587,18788.0686341076,62.1344482182949,5.60540633583044,9.25,81.3200717047725,92.2559967,11.2521177194159,42.8637655742948
BHS,2021,"Bahamas, The",12037000000.0,30367.8605757708,31064.6822166194,396373.0,8026600000.0,7309778472.30261,18441.6659870945,66.6827282545485,2.90491262928478,11.078,81.4784235345083,92.34980011,11.0919512681237,43.3284637748239
BHS,2020,"Bahamas, The",10363200000.0,26178.7537607708,27204.625909518,395863.0,6544900000.0,6012580494.14155,15188.5386968258,63.1552030260923,0.0385210980054558,12.016,81.6642600232849,92.4437027,10.9764122643595,43.8089875395067
BHS,2019,"Bahamas, The",13277000000.0,33640.3369861278,36116.0002025353,394675.0,8016100000.0,7356702524.72637,18639.8999803037,60.3758379151917,2.49123527368046,9.336,81.8257463283204,90.69329834,10.8243628610412,44.2462318904142
BHS,2018,"Bahamas, The",12819200000.0,32642.3353203452,35227.7619063243,392717.0,8469700000.0,8211418322.59392,20909.2509939573,66.0704256115826,2.26586346678736,10.0,81.9643158212241,83.0,10.66759184401,44.6775197739489
BHS,2017,"Bahamas, The",12446900000.0,31875.4881749619,34282.1710357791,390485.0,8280500000.0,8171280806.67773,20925.9787358739,66.526605018117,1.51820700736147,9.8,82.0814018736052,80.59999847,10.5142323008566,45.1063165639795
BHS,2016,"Bahamas, The",11880900000.0,30616.5363157284,32285.2760366069,388055.0,7653600000.0,7652013813.32716,19718.889882432,64.4193621695326,-0.346376929989397,12.7,82.1784378570728,80.0,10.3648833736411,45.5428202800927
BHS,2015,"Bahamas, The",11837600000.0,30719.405417469,32137.5784729905,385346.0,7538000000.0,7538000000.0,19561.6407073124,63.6784483341218,1.86148302863371,12.0,82.2568571432361,78.0,10.2099019972933,45.9533368684191
BHS,2014,"Bahamas, The",11139100000.0,29137.2175632622,31726.1740873862,382298.0,7183900000.0,7425537395.01743,19423.4272609782,64.4926430322019,1.51375643050831,13.8,82.3180931037043,76.91999817,10.0400734505543,46.3160634254812
BHS,2013,"Bahamas, The",10475300000.0,27642.7419759179,30294.4768305201,378953.0,6753100000.0,7049272420.93349,18601.9702204059,64.4668887764551,0.722414784530551,16.18,82.3635791100868,72.0,9.84963834565236,46.6782269426683
BHR,2023,Bahrain,46192260638.2979,29290.1284215098,64223.977053306,1577059.0,17953780585.1064,17715777972.0523,11233.4275205,38.8675079699844,0.0746206782192256,1.049,100.0,100.0,3.63800440284889,29.2488272145239
BHR,2022,Bahrain,46458191489.3617,30470.5219276023,61667.8791526737,1524693.0,17160053191.4894,16925698939.5244,11101.0537462456,36.9365501354455,3.62574104304482,1.265,100.0,100.0,3.49895236846893,29.162123903701
BHR,2021,Bahrain,40840212765.9574,27147.8083882286,54954.6757895532,1504365.0,15498930319.1489,15830966367.8443,10523.3546166285,37.9501703577513,-0.60631938514085,1.548,100.0,100.0,3.46416063514661,29.4587458973084
BHR,2020,Bahrain,35837632978.7234,24342.8444554718,53436.0316999712,1472204.0,14586250000.0,14959653768.2691,10161.4000289832,40.7009302446391,-2.31770629331379,1.765,100.0,99.67103159,3.27889246478774,30.1633978549003
BHR,2019,Bahrain,40446808510.6383,27259.7438599327,56599.5214364411,1483756.0,15616752127.6596,15645920127.4701,10544.8066444012,38.6105917937927,1.00582004702137,1.217,100.0,99.7015043807778,3.00446835284136,30.0473734261812
BHR,2018,Bahrain,39567978723.4043,26324.4066549559,51993.1307818652,1503091.0,16430582446.8085,15622961646.6802,10393.8894229825,41.5249476392634,2.08766938046978,1.188,100.0,98.6446725799886,2.77238869129833,29.2252286021823
BHR,2017,Bahrain,37204813829.7872,24784.7693514607,50184.5005767301,1501116.0,15820666489.3617,15359842661.2214,10232.2822894576,42.5231706889909,1.38671830576406,1.18,100.0,95.8781357543453,2.61201960870313,28.8517118099219
BHR,2016,Bahrain,33884680851.0638,23800.001440631,47428.9018907649,1423726.0,16089441223.4043,15161583438.9395,10649.2284603495,47.4829357080963,2.78679347602044,1.19,100.0,97.9999807024146,2.53748590518773,29.2420004774886
BHR,2015,Bahrain,32523297872.3404,23734.0551143019,48034.2468880503,1370322.0,15194334840.4255,15194334840.4255,11088.1492382269,46.7183091335507,1.84862742374977,1.164,100.0,93.4783007986129,2.58876355273245,30.0347975111287
BHR,2014,Bahrain,34772526595.7447,26451.7965647453,54299.0564613228,1314562.0,14498627127.6596,14814047618.1454,11269.1889908162,41.6956389054394,2.64755321246189,1.144,100.0,90.5031334814656,2.62539913226817,29.7957527310642
BHR,2013,Bahrain,33823324468.0851,26989.7601148469,56310.3117458189,1253191.0,14128572074.4681,14915593212.627,11902.0909124203,41.7716835842067,3.30001156888442,1.184,100.0,90.0000397,2.45568933577155,28.559733768845
BGD,2023,Bangladesh,437415333018.291,2551.01773827307,9155.31731992295,171466990.0,299958948132.06,216469738741.462,1262.45721547606,68.5753162931573,9.8835030377921,3.352,32.1578465036834,44.50274195,6.32054805417649,53.0958193080833
BGD,2022,Bangladesh,460131689083.083,2716.48592780431,8449.20977931373,169384897.0,317843355215.864,212256518378.201,1253.10179441914,69.0766062753121,7.69695437176898,4.593,31.673734726234,41.61650085,6.13515765182076,53.6222137721463
BGD,2021,Bangladesh,416271647911.014,2482.84917843357,7441.06913961254,167658854.0,286292630441.326,197491065731.171,1177.93400717848,68.7754335127158,5.54565430773473,5.457,31.3992156886061,38.91744466,5.97381333056883,53.9605921368888
BGD,2020,Bangladesh,373979442362.193,2248.85078828233,6640.58437331062,166298024.0,250383687973.973,182835917795.457,1099.4473259373,66.9511902559287,5.69107474746211,5.539,31.1168927321524,36.10910034,5.835135780086,54.0679893713504
BGD,2019,Bangladesh,351231654603.692,2129.79896954606,6047.12401504125,164913055.0,234894700483.893,177516115113.365,1076.42245250605,66.8774290144586,5.59199639930629,4.504,30.8228396343012,30.38310051,5.66255837053046,54.1751879343991
BGD,2018,Bangladesh,321362752441.78,1965.24372731467,5490.15881865179,163523103.0,217207965277.285,169296080045.413,1035.30373959093,67.5896517648341,5.54362139486476,4.439,30.5175656009959,25.56509972,5.45814402305543,54.3273751721014
BGD,2017,Bangladesh,293732446624.596,1811.08221668646,4882.60692615639,162186147.0,196542010320.222,154730917256.028,954.032882081033,66.9119168068661,5.70207015717239,4.372,30.2015798381799,21.5,5.25888905067487,54.6436395397794
BGD,2016,Bangladesh,265224515675.034,1649.28380858601,4579.13228682862,160811932.0,177340893036.799,145602869330.061,905.423294896181,66.8644422199967,5.51352572692995,4.35,29.8753915517965,16.89909935,5.07223834276104,55.3718768318608
BGD,2015,Bangladesh,195146608978.131,1224.38647668165,4212.23578089428,159383179.0,141358914056.472,141358914056.472,886.912376471498,72.437289480297,6.19428022984984,4.397,29.5395099477892,12.36880016,4.90260142194805,56.4576539922494
BGD,2014,Bangladesh,172886611653.786,1094.46199702838,3972.50647733491,157964929.0,125468200069.017,133587930936.915,845.680948186388,72.5725369181701,6.99163889220849,4.417,29.1944442321013,9.052900314,4.75656753138087,57.6363999788042
BGD,2013,Bangladesh,149998957434.186,958.262989798283,3691.10431102117,156532141.0,109270901486.57,128443033017.355,820.553735461623,72.8477739817049,7.53040640913172,4.426,28.8407036106763,6.63,4.62684307316426,58.8576060722821
BRB,2023,Barbados,7223248150.0,25583.8722302505,23176.0027148492,282336.0,,,,,3.18718905472632,6.54,59.4235740235775,69.67510223,16.093413521478,50.5580529737051
BRB,2022,Barbados,6886644900.0,24393.2193483944,21952.2087434223,282318.0,,,,,,7.261,59.3538514107686,69.06359863,15.6987864748263,50.2051022851214
BRB,2021,Barbados,5948900600.0,21084.4013935998,17686.7469386289,282147.0,,,,,,11.015,59.3220365433819,69.4756012,15.2621067424193,49.6166083359847
BRB,2020,Barbados,5403246950.0,19180.9915228365,16543.717996277,281698.0,,,,,,10.586,59.3014583324011,69.89009857,14.7709603902051,48.8811373606046
BRB,2019,Barbados,6166710800.0,21929.435611489,19986.8728665755,281207.0,,,,,1.67662473276988,8.41,59.2841140645486,70.30709839,14.2956713458923,48.226277449213
BRB,2018,Barbados,6001101550.0,21378.2201267496,19774.263591082,280711.0,,,,,3.1060057242059,8.321,59.270175311893,70.72650146,13.8812050137063,47.7558518393751
BRB,2017,Barbados,5847381600.0,20870.7596432179,18969.5916506588,280171.0,,,,,4.66018463955995,8.62,59.25926986892,71.14849854,13.5158528184573,47.4374694122414
BRB,2016,Barbados,5679029450.0,20311.4094163764,19190.5381580991,279598.0,,,,,1.28192813061895,8.247,59.2510255301153,71.57299805,13.2030865798156,47.3018181051877
BRB,2015,Barbados,5699619150.0,20429.4747123553,19190.4652295469,278990.0,,,,,-1.11278992510958,9.803,59.2450700899645,72.04940033,12.9216100935517,47.2880085313962
BRB,2014,Barbados,5684901000.0,20423.7177921163,18807.6302608779,278348.0,,,,,1.76950322089729,12.17,59.2410313429534,71.92459869,12.6331067584463,47.2307000608289
BRB,2013,Barbados,5660059700.0,20384.4910233555,19008.4857500321,277665.0,,,,,1.81410436049096,11.55,59.2385370835674,71.80000305,12.3690418309834,47.1514727548306
BLR,2023,Belarus,72478760370.4258,7896.75388295584,30859.5916206484,9178298.0,39089829916.7041,38266184678.2747,4169.20268641034,53.9328069587877,5.0005990309131,3.461,78.8146420666327,91.51249979,17.0619745317958,50.9143686597634
BLR,2022,Belarus,73775179924.603,7994.64806074889,28424.9893656867,9228071.0,39418719774.5707,35410051502.4819,3837.21056139273,53.4308690468202,15.209675274081,3.574,78.4732787892908,89.50733148,16.5067849004664,50.3005336051361
BLR,2021,Belarus,69673747131.87,7489.71894713888,27611.1801135157,9302585.0,35444001299.8907,35502514982.8837,3816.41393041651,50.8713866541534,9.46028389623099,3.9,78.131086803694,86.88841196,16.0697691637937,49.5726145295303
BLR,2020,Belarus,61371673344.7424,6542.85579976768,24872.3066744528,9379952.0,32057837943.0843,33889104179.3156,3612.92938165521,52.2355611244396,5.54814357456519,4.049,77.7890385790408,85.08791245,15.7337858081494,48.7665398549662
BLR,2019,Belarus,64410170653.4569,6837.77339645635,22301.5932411839,9419758.0,34758098712.9162,34298582946.538,3641.13207011666,53.9636805185995,5.59815595039848,4.165,77.4550771852757,82.7891520910901,15.3719450417652,47.8095536382012
BLR,2018,Belarus,60031026576.26,6360.037502312,20025.9815543598,9438785.0,32148578136.7172,32644771007.6365,3458.57766732016,53.5532706505984,4.87230220550686,4.763,77.2132720947266,79.1298866919307,15.0511533137392,46.8866982731588
BLR,2017,Belarus,54725405751.1559,5785.54491935194,18413.747563367,9458989.0,29801246363.2214,30251979488.8549,3198.22546456655,54.4559623709907,6.03183725177795,5.648,77.0208206176758,74.4364454136036,14.797647947019,46.0096589692623
BLR,2016,Belarus,47723545321.259,5039.77560949445,17832.4778855815,9469379.0,26014004080.293,28899144555.7418,3051.85213895671,54.5097894659238,11.8365807653497,5.844,76.8458709716797,71.1130457603832,14.5402754703135,44.9447620155531
BLR,2015,Belarus,56454769844.7632,5967.05595058777,18133.5313085883,9461076.0,29851783154.4538,29851783154.4538,3155.22073329226,52.8773445300352,13.5344897649734,5.881,76.6263885498047,62.230360906803,14.3137668458221,43.8491045346394
BLR,2014,Belarus,78813069120.9984,8341.31809294883,19037.8847440186,9448515.0,41634725794.9355,30560740634.2621,3234.44907842789,52.8271849571236,18.1195543526734,5.908,76.3405227661133,59.0163187101542,14.0572639870913,42.7175640732647
BLR,2013,Belarus,75527558966.4473,7998.0802045456,19014.0529737698,9443211.0,38712676167.3639,29312436392.1081,3104.07512784667,51.2563582050385,18.3122610377873,5.942,75.94970703125,54.17,13.8439326604506,41.6902824364542
BEL,2023,Belgium,650779364363.737,55244.68145811,72629.6179311762,11779946.0,336443869804.32,264356550636.968,22441.2362023534,51.6986075815816,4.04901077613941,5.547,87.551492636772,94.62625074,20.1452749547016,57.321807211007
BEL,2022,Belgium,591474463578.602,50639.0264882739,68878.9167847285,11680210.0,305019013095.526,261553593812.133,22392.8845296559,51.5692615451338,9.597511728725,5.57,87.489200269855,94.00783071,19.7671927585206,56.9781655092647
BEL,2021,Belgium,598522422241.851,51658.238294958,60669.2137746534,11586195.0,298765997753.096,252272471308.913,21773.5392256831,49.9172606824027,2.44024851144084,6.248,87.4305564090635,92.78867618,19.4520520478909,56.5798437606637
BEL,2020,Belgium,529694473501.791,45906.2875805246,56120.0958420466,11538604.0,266176239033.464,238942918207.171,20708.1305682361,50.2508997826204,0.740791812220344,5.545,87.2964994991269,91.52641629,19.224020193227,56.3096171847589
BEL,2019,Belgium,536726344405.489,46716.6227467964,56712.469571978,11488980.0,278553916586.666,257466815704.648,22409.893280748,51.89868533381,1.43681956996438,5.364,87.0961631189222,90.275428012141,19.029838081816,56.0563384873172
BEL,2018,Belgium,542638913427.921,47487.2100392561,52466.7330784599,11427054.0,285472842227.608,253794477787.6,22209.9657346154,52.6082511156891,2.05316499865178,5.941,86.8883449485575,88.6473429951691,18.8086209996758,55.6547268372572
BEL,2017,Belgium,500908767351.53,44035.3239358548,50256.0631772784,11375158.0,263313770443.765,249766861478.701,21957.2212956252,52.567211357867,2.12597086002616,7.09,86.6731739531869,87.6796808175598,18.584903433857,55.1767824380792
BEL,2016,Belgium,474271566739.729,41854.5498296444,48414.5518065681,11331422.0,248143768791.596,245084979248.183,21628.7928600826,52.3210300160736,1.97385264653163,7.83,86.4507790979645,86.5164766644457,18.356666180316,54.6532925416515
BEL,2015,Belgium,461044767544.531,40893.804537772,46071.914889496,11274196.0,241206549103.828,241206549103.828,21394.5676573148,52.3173813225265,0.561429152790158,8.482,86.2212893480444,85.0529417508701,18.1637094668899,54.2185860669473
BEL,2014,Belgium,537987419164.351,47995.7786961339,45147.6429534057,11209057.0,281973361520.038,237347702847.739,21174.6360864914,52.4126311276988,0.340002833356922,8.523,85.9848336685807,85.0012379539925,17.9621509816265,53.7527116455187
BEL,2013,Belgium,524097026598.55,46964.5946777056,43864.1204196838,11159407.0,276918720519.452,235012401072.034,21059.5779033809,52.8373004358918,1.1130959402754,8.425,85.7415410247275,82.1702,17.7203816464754,53.1602786566966
BLZ,2023,Belize,3052362650.0,7424.75821321022,13741.2085585188,411106.0,1943535200.0,1641071878.62449,3991.84608987582,63.6731418529184,4.38984017487675,8.278,41.9459437504976,70.18720245,4.84133634796907,46.7004478384213
BLZ,2022,Belize,2846604350.0,7068.21728043145,13459.0765078205,402733.0,1834760300.0,1624238524.41249,4033.04056139549,64.4543489157529,6.27689319447544,8.682,42.1373251262137,69.98329926,4.70833033299978,47.7523452432926
BLZ,2021,Belize,2428606250.0,6142.98930557031,11716.3267818656,395346.0,1529561150.0,1473378080.82118,3726.8065968068,62.9810266691029,3.23563659237071,10.302,42.3910809205294,70.65370178,4.59849777347213,49.0639810873278
BLZ,2020,Belize,2047284600.0,5238.54078175696,9638.89513695889,390812.0,1287451300.0,1272550088.35009,3256.1694327454,62.88580004949,0.121434644614894,10.763,42.649842440311,64.43589783,4.48553842453459,50.1056237949285
BLZ,2019,Belize,2381187850.0,6171.61449761423,10499.962073199,385829.0,1475837700.0,1443142022.52331,3740.3669048291,61.9790538575107,0.187069385181424,9.053,42.9077622153323,58.76520157,4.37513040120157,51.0387510716341
BLZ,2018,Belize,2285915050.0,6011.99036888587,9497.23480443418,380226.0,1415663800.0,1383014984.54573,3637.34985126142,61.9298516801838,0.269982622646335,9.346,43.164848281502,53.59360123,4.27416290027129,51.8971867784178
BLZ,2017,Belize,2266028250.0,6071.85451846453,9120.65338346029,373202.0,1371840250.0,1351877607.29243,3622.37503360763,60.5394151639548,1.14765339305816,6.596,43.4211086747287,48.8771019,4.19438292718545,52.9365964003541
BLZ,2016,Belize,2239604950.0,6140.86713919469,9399.03567052789,364705.0,1365590700.0,1358915959.27103,3726.06890300663,60.9746241184187,0.663427167917601,7.0,43.6765514309211,44.57569885,4.1311470914849,54.3992819917954
BLZ,2015,Belize,2193095150.0,6154.62264230369,9538.38691146009,356333.0,1346353050.0,1346353050.0,3778.35634083849,61.3905443181524,-0.861584009427748,7.578,43.931184585988,41.59000015,4.07610297109726,56.037974628114
BLZ,2014,Belize,2138242200.0,6128.12053089077,9489.91221371385,348923.0,1342707600.0,1302979986.5073,3734.2909080436,62.7949256637064,1.20139964481058,8.244,44.1850161758379,38.70000076,4.02797182755483,57.6530335616562
BLZ,2013,Belize,2035191450.0,5957.34953619006,9525.83089030578,341627.0,1290816100.0,1262186618.5843,3694.63367527829,63.4247996668815,0.50974776898322,8.349,44.4380542363795,33.59999847,3.99543947053365,59.3654806943233
BEN,2023,Benin,19673291004.1444,1394.17784721831,4133.3701351778,14111034.0,11926053876.8641,11744354896.0359,832.281666675589,60.6205330585091,2.73870078406075,1.641,51.7457922964593,32.39400101,3.08788133145022,81.5677814531873
BEN,2022,Benin,17425405090.862,1266.42711031904,3843.54493453525,13759501.0,10724462312.3124,11075389783.644,804.926703638741,61.544981344143,1.35077863583527,1.685,50.9627000010887,30.53730011,3.06253123069402,82.425708214612
BEN,2021,Benin,17687623530.3355,1318.65158075198,3464.2886286745,13413417.0,11902119607.5896,10466918678.9332,780.332012263033,67.290665629425,1.73353962694036,1.833,50.1961807561354,28.20470047,3.04703492033387,83.3042640253888
BEN,2020,Benin,15686741883.934,1200.19426557789,3244.58772756805,13070169.0,10675625815.7073,9987517823.43792,764.146035406116,68.0550868669615,3.02272119663759,1.518,49.4461567219896,22.12059975,3.0399645176738,84.1388233696318
BEN,2019,Benin,14391686313.4641,1130.82135339795,3148.97969597838,12726755.0,9850881045.13919,9675014843.83687,760.210662013755,68.4484141092153,0.732849371241066,1.214,48.7125500590248,20.50099945,3.03327124628391,84.8779371019408
BEN,2018,Benin,14262408089.9261,1151.7409703472,2965.30628143664,12383347.0,10047825827.7056,9347840428.8949,754.871879863731,70.449714833238,0.919170717886054,1.426,47.9952829275963,19.0,3.02828051946374,85.5069960528249
BEN,2017,Benin,12701655836.9467,1054.97408066814,2885.89383987721,12039780.0,9224704679.83021,9031729882.99024,750.157385183968,72.6260008793287,0.0432648555103608,1.691,47.2942774880391,18.7,3.02784602376455,85.9975863127993
BEN,2016,Benin,11821065853.3838,1010.5338961993,2842.0246258376,11697842.0,8655442793.93978,8726309065.69105,745.975972806869,73.2204938310377,-0.793310145785624,1.834,46.6094559006664,14.5,3.03144387791543,86.3703118821361
BEN,2015,Benin,11388160996.7738,1002.41886879614,2725.33724817144,11360681.0,8560727091.70244,8560727091.70244,753.539958713957,75.1721642689075,0.218785923536245,1.886,45.9407403257663,11.25500011,3.03762600146945,86.6908725796141
BEN,2014,Benin,13284527846.9081,1204.39918670094,2670.41561399187,11030004.0,9693561456.39397,8133623545.45292,737.408938877349,72.9688067811163,-0.548757550948181,1.952,45.2880529235999,6.0,3.04630456372929,87.0172121898555
BEN,2013,Benin,12517845123.9315,1168.92699279226,2511.65309588333,10708834.0,9282602693.57889,7844562581.03337,732.531905997737,74.1549571965266,0.428888888888884,2.198,44.6502883669319,4.900000095,3.052923551384,87.3352984395774
BMU,2023,Bermuda,8602360000.0,132961.760796315,113596.12110365,64698.0,3916803000.0,3146076254.59575,48627.1021452866,45.5317261774676,,,100.0,,20.9117747071007,53.3515050959943
BMU,2022,Bermuda,7767884000.0,119969.173269085,104909.257552793,64749.0,3933389000.0,2999038180.5234,46317.9073116712,50.6365568795826,,,100.0,,20.1417793462397,52.1358082706767
BMU,2021,Bermuda,7290037000.0,112765.08167306,92319.6714861222,64648.0,3430266000.0,2891139737.67894,44721.2556873986,47.0541644713189,,,100.0,,19.4445303799035,51.0067270858638
BMU,2020,Bermuda,6887364000.0,106976.546239632,85146.4006275696,64382.0,3288376000.0,2794300404.39519,43401.8887949301,47.7450589223976,,,100.0,,18.8228076170358,49.9499243041807
BMU,2019,Bermuda,7423465000.0,115798.040775578,90984.4576708318,64107.0,3576303000.0,3087511057.00905,48161.8396900347,48.1756565161956,,,100.0,,18.2327982903583,48.9232699142797
BMU,2018,Bermuda,7225977000.0,113204.82210838,85978.2177227009,63831.0,3524565000.0,3139254707.3202,49180.7226476194,48.7763108019857,,,100.0,,17.6740141937303,48.0150264353956
BMU,2017,Bermuda,7142316000.0,112339.425587467,85680.9701917217,63578.0,3512954000.0,3264228607.65873,51342.1090260582,49.1850822618322,,,100.0,98.37,17.16618039117,47.2496931236538
BMU,2016,Bermuda,6899911000.0,108747.356144305,80412.1834895484,63449.0,3368443000.0,3459815980.37024,54529.0860434402,48.8186441825119,,,100.0,98.0,16.6457835882645,46.428653850592
BMU,2015,Bermuda,6654541000.0,104855.366822135,75943.4642970922,63464.0,3237728000.0,3237728000.0,51016.7654103114,48.6544150828735,,,100.0,98.3236096537251,16.1068960898784,45.7970548370052
BMU,2014,Bermuda,6413988000.0,100961.576602811,71988.5383627822,63529.0,3142675000.0,3210580963.34591,50537.2501274364,48.9972073536776,,,100.0,96.8,15.5818602527979,45.5084745762712
BMU,2013,Bermuda,6465756000.0,101704.40746217,71519.6398526584,63574.0,3135554000.0,,,48.4947777181818,,,100.0,95.3,15.0290608508262,45.2621958185765
BTN,2023,Bhutan,3012896789.79753,3831.32535564326,16228.5169143762,786385.0,1788433835.66703,1277338582.19843,1624.31707395032,59.3592798041788,4.22934419929251,3.126,41.7352457989939,90.02140045,6.36869980988956,38.5621629050646
BTN,2022,Bhutan,2898227743.75576,3711.32767981591,15061.4232582306,780914.0,1674519939.3251,1191432559.08613,1525.68984431849,57.7773759475201,5.6391667139637,5.947,40.9365143617581,88.35620117,6.24575417667363,39.4402135580812
BTN,2021,Bhutan,2768802960.11204,3570.61257980872,13458.812666743,775442.0,1443214889.98899,1136155567.63247,1465.17156361465,52.1241457330209,7.3468144053353,4.803,40.3075199874379,85.63688389,6.12663882446322,40.4434390615407
BTN,2020,Bhutan,2457604333.90927,3191.66906999331,12475.048003428,770006.0,1334802408.49451,1164205036.14201,1511.94281101966,54.3131532638234,5.62936522632508,5.03,39.6888839873439,76.85079956,6.01800505450607,41.6259265390204
BTN,2019,Bhutan,2735683570.46155,3576.87987100503,12909.1009840399,764824.0,1313275972.35009,1128779496.65435,1475.86829996751,48.0054048110733,2.72643037388832,2.72,39.0746823405146,74.17939758,5.92796512661737,43.0441182246478
BTN,2018,Bhutan,2583335721.85904,3400.20417245342,11969.5615003305,759759.0,1261955343.21097,1150810953.10649,1514.70525930788,48.8498390872259,2.72396386183713,3.35,38.4661892776975,63.48680115,5.86666298128749,44.6530941741602
BTN,2017,Bhutan,2591358009.20276,3435.28804735662,11677.4142659974,754335.0,1232001884.04552,1066503974.19576,1413.83334220971,47.5427123411846,4.95508366985129,3.027,37.8645544995016,54.33549881,5.83666795035889,46.3188256242944
BTN,2016,Bhutan,2357504760.78592,3152.30905106786,11273.2823807676,747866.0,1122982608.92095,1069783256.8497,1430.44777653979,47.634372901397,3.21988689395718,2.707,37.2745234641407,46.50320053,5.76252965103374,47.5487362412969
BTN,2015,Bhutan,2187815803.36833,2954.04081911097,10213.8139608922,740618.0,1115829744.7697,1115829744.7697,1506.61980234034,51.0019967426775,4.54814395082205,2.45,36.6983375690037,39.79999924,5.63326843257928,48.341365124002
BTN,2014,Bhutan,2089079570.58285,2849.49998647303,9323.39448941386,733139.0,938348163.808088,984563299.899912,1342.94219772773,44.9168225577109,8.27106093949328,2.63,36.1326606084122,30.29999924,5.51675363283522,49.111096196049
BTN,2013,Bhutan,1943696951.65411,2679.95217201538,8666.91063590069,725273.0,734857075.375383,765907863.059769,1056.02698991934,37.8071836121372,8.77638345268213,2.87,35.5740003158589,22.39999962,5.41099696252308,49.8361719182554
BOL,2023,Bolivia,52340206946.4544,4274.70820547613,12902.7509503368,12244159.0,36097007727.9305,26673536407.6905,2178.47027367829,68.9661157909804,2.57688800489192,3.024,70.9151414044538,77.30039978,5.55046673477261,55.5037371721243
BOL,2022,Bolivia,50959081953.6903,4219.46113742445,12304.7789380156,12077154.0,34404028654.1245,25998549283.8222,2152.70495712999,67.5130464190653,1.74632872945969,3.552,70.6352598708131,72.62270355,5.47908058471391,56.1953486531378
BOL,2021,Bolivia,47877892402.3155,4010.76053686204,11202.4409836707,11937360.0,31498172489.1462,24555622486.7647,2057.03962071721,65.7885527300756,0.737383721452275,5.089,70.3450412826165,65.9773785,5.5207644538141,57.0117014045263
BOL,2020,Bolivia,42313784081.042,3580.96761778303,9580.98962081658,11816299.0,28730181664.2547,22779607693.9228,1927.81239658228,67.8979256717596,0.940742153381849,7.903,70.0442635528254,59.94010155,5.65359738892874,57.9125889872922
BOL,2019,Bolivia,49056643589.0014,4203.15492855788,11005.3541169156,11671386.0,32823029753.9797,25689479677.8934,2201.06503871035,66.9084294249163,1.83954504969026,3.682,69.7334986708387,47.4748191121692,5.69637597867023,58.713758032825
BOL,2018,Bolivia,48414038842.2576,4206.8552936661,10758.4075594003,11508368.0,32005713024.602,25213847626.8213,2190.91426576047,66.1083309510345,2.27205987230155,3.519,69.4133879813999,44.2861422024283,5.65831749558234,59.4399552784395
BOL,2017,Bolivia,45927439594.7902,4048.40119739839,10420.3923250933,11344587.0,30737626787.2648,24450176526.6395,2155.22843860596,66.926497663396,2.8227580554717,3.655,69.0838016274736,43.83229828,5.62693883757342,60.1913809522196
BOL,2016,Bolivia,33941126193.9219,3035.87347732132,9242.02728323222,11180020.0,23388629609.2619,23345741716.5996,2088.16636433563,68.9094094156792,3.62321431764138,3.498,68.7446327876947,39.69749832,5.60108593728302,60.9743711428497
BOL,2015,Bolivia,33000198248.9146,2996.01289811344,8757.31777115049,11014705.0,22578642604.9204,22578642604.9204,2049.8635782729,68.4197180714301,4.05961041135645,3.111,68.3958051297665,37.4868176324391,5.57956840423779,61.8121001966183
BOL,2014,Bolivia,32996188017.3661,3041.43503162408,8628.94266128246,10848888.0,20766959305.3546,21462687328.3548,1978.33062046126,62.9374499091372,5.76660074579144,2.021,68.037425413,34.6016202324676,5.56754270264645,62.727121369388
BOL,2013,Bolivia,30659338885.6729,2870.02377000756,8068.72017230447,10682608.0,18452846555.7164,20359194059.0984,1905.82618580579,60.1867073015698,5.73640023719607,2.437,67.6697055519889,36.99,5.55753826956574,63.667311881399
BIH,2023,Bosnia and Herzegovina,27592361498.4057,8663.02326458629,23376.3069324282,3185073.0,19235275975.1117,15651130031.2899,4913.89994241572,69.7123222897147,6.1059011284828,10.668,51.5657239834305,83.3771539,21.642423894209,53.5210215348666
BIH,2022,Bosnia and Herzegovina,24534663636.1778,7655.59421024383,21651.3043527017,3204802.0,16942790021.7606,15121755286.9006,4718.46787629956,69.0565408721455,14.0208440826771,12.657,51.0215287060993,78.8455371,21.1032694063471,52.6245907931921
BIH,2021,Bosnia and Herzegovina,23672712121.2671,7295.34378682258,18286.6614977175,3244907.0,16529568591.3089,14515066228.3615,4473.1840476049,69.8254112441096,1.98163900587622,14.897,50.4899479477034,75.67620138,20.6776926615011,51.882555145011
BIH,2020,Bosnia and Herzegovina,20226038369.9191,6130.31187968266,16369.9392465531,3299349.0,14858506322.1838,13926415675.3691,4220.95864225611,73.4622670561229,-1.0512960076349,15.868,49.9710852122997,73.21175294,20.2427175417457,51.07123773277
BIH,2019,Bosnia and Herzegovina,20482608984.3316,6122.37541352353,16428.7132755213,3345533.0,15053756884.3205,14338860653.06,4285.97196711555,73.4953095859812,0.56278215406123,15.692,49.4650440037758,69.9463476317266,19.6456887437667,49.9919523868234
BIH,2018,Bosnia and Herzegovina,20484058033.1144,6047.84707207392,14858.6247595644,3387000.0,15342302434.844,14101168862.1957,4163.32118753932,74.8987452097713,1.41710814018034,18.4,48.971927825824,70.1201350394885,18.9760112193682,48.7981270859519
BIH,2017,Bosnia and Herzegovina,18326373135.6099,5345.01978766473,13627.0836811249,3428682.0,14178071320.3596,13834524251.3983,4034.93944652736,77.3643056127143,0.810039425333895,20.527,48.4918401819106,64.8920205128383,18.338880896671,47.7135237832645
BIH,2016,Bosnia and Herzegovina,17116926553.8513,4928.5665903114,12899.4451443422,3473003.0,13574289860.6953,13620583393.1605,3921.84613522086,79.3033131151759,-1.58400833333336,25.408,48.0248845752382,60.2565354318987,17.7718389532056,46.8155055302009
BIH,2015,Bosnia and Herzegovina,16404348361.0926,4662.25869219448,11845.4600112171,3518541.0,13475633005.4233,13475633005.4233,3829.89227791387,82.1467132299168,-1.03602303425474,27.695,47.5711645087011,52.59999847,17.2535174740777,46.0547616991884
BIH,2014,Bosnia and Herzegovina,18558734107.1478,5206.06573475132,11167.8524537099,3564829.0,15992472097.8395,13311307330.601,3734.06615874169,86.1722141473005,-0.897194054194333,27.517,47.130783484831,49.91770172,16.7737639028408,45.4739107599981
BIH,2013,Bosnia and Herzegovina,18179109209.3892,5034.56634817068,10808.2876334613,3610859.0,15745405013.1326,13098705271.8454,3627.58702897161,86.6126322900374,-0.0930456838317588,27.49,46.6954224739896,48.52130127,16.3229580551331,45.1363153299881
BWA,2023,Botswana,19413614554.6944,7827.30027960734,21029.4218686605,2480244.0,8238651404.56841,8031480157.39785,3238.18146819339,42.4374934474848,5.0676154934383,23.381,67.0212655349864,,3.96966911931465,56.8649822627192
BWA,2022,Botswana,20321150599.1523,8328.7090572666,19973.6684436048,2439892.0,8246335063.16858,7607373570.45739,3117.91405949829,40.5800597900818,11.665567478802,23.615,66.5889787170477,57.9,3.88015204774475,56.9942392169505
BWA,2021,Botswana,18750182236.2211,7807.88794570471,17960.6254447437,2401441.0,8119771001.99166,7381865873.56723,3073.9318074303,43.3050244509417,7.24097765588442,23.106,66.5182767068255,54.70069885,3.86903194145347,57.3675236302824
BWA,2020,Botswana,14960251607.8135,6323.2974967659,15292.2624673252,2365894.0,7262241509.91224,7201815995.54753,3044.01464966204,48.5435786796481,1.8903591682421,21.017,66.4488166494554,51.67819977,3.89045407158014,58.1395379926207
BWA,2019,Botswana,16725908148.5481,7172.08956480028,15960.0156143903,2332083.0,7401705497.10219,7037479959.37204,3017.67988505214,44.2529364107783,2.77286442863321,20.094,66.3271694845464,48.82279968,3.84555352446718,59.0212359437936
BWA,2018,Botswana,17031943186.1353,7407.95940141786,15785.819633781,2299141.0,7403305831.63194,6823031414.36925,2967.64374797772,43.4671825212437,3.23801558947715,19.665,66.1579176461888,46.12509918,3.78395670382982,59.77944968053
BWA,2017,Botswana,16105155856.7708,7104.96401088027,15700.6650479641,2266747.0,6770932001.67733,6475611227.74195,2856.78605849791,42.0420147553601,3.30828076768219,19.671,65.9456435684731,43.57640076,3.71468452368085,60.3922725741764
BWA,2016,Botswana,15082637184.0496,6749.05994339013,16228.1231235664,2234776.0,6138416267.336,6383850087.57512,2856.59506258127,40.6985608181809,2.81495791361944,19.328,65.6949296854899,41.16859818,3.63969445700474,60.8365779757749
BWA,2015,Botswana,13530748844.505,6141.20394726616,14143.6940733728,2203273.0,6223841000.1706,6223841000.1706,2824.81608051776,45.9977571950735,3.06203169580558,18.915,65.4103584313295,38.89379883,3.56111112876162,61.060087047929
BWA,2014,Botswana,15470088500.7414,7122.36423421503,15003.3197518349,2172044.0,6545393575.34907,6009656163.08711,2766.82063673071,42.3099943806747,4.40225309243427,18.484,65.0965122400825,36.74474744423,3.48531153144227,61.0233976005616
BWA,2013,Botswana,14271738933.2042,6666.91219583487,13621.1494726695,2140682.0,6646127770.41968,5887601458.82306,2750.3391250186,46.5684511293645,5.88460707056817,18.167,64.7579735458393,30.0,3.43325084406492,60.7392551132963
BRA,2023,Brazil,2191131765684.63,10377.5892792557,21193.0721417478,211140729.0,1378754834473.95,1254297015991.6,5940.57348353476,62.924323222668,4.59356282283204,7.947,87.6159710235763,84.15060238,10.6336314676644,44.0290947589819
BRA,2022,Brazil,1951923942083.32,9281.33334441234,19873.7032623309,210306415.0,1230963321514.26,1214935987487.17,5776.98016243189,63.0641028051756,9.28010608956873,9.231,87.349556243881,80.52775094,10.251784783293,43.7902629940777
BRA,2021,Brazil,1670647398904.9,7972.5366498646,18075.7060049068,209550294.0,1025242839640.58,1166576483173.24,5567.04770442001,61.3679966408605,8.30165975585673,13.158,87.1360781715439,80.68989314,9.91109990998152,43.6404698393342
BRA,2020,Brazil,1476107231310.49,7074.19378337644,16101.6183063466,208660842.0,932073163492.48,1133064678707.45,5430.17399837507,63.144000904662,3.21176803803376,13.697,86.9112186503004,81.34269353,9.59866487647293,43.586067027448
BRA,2019,Brazil,1873288205059.69,9029.83326681073,16069.8380152627,207455459.0,1220335756226.88,1187253197690.54,5722.93061562937,65.1440473991559,3.73297621216894,11.936,86.6797991084296,73.9124399133589,9.27307434876159,43.5397483001089
BRA,2018,Brazil,1916933898010.99,9300.66164923219,15463.7426393889,206107261.0,1238647444664.15,1157219399921.17,5614.6464433447,64.6160749700015,3.66485028376729,12.329,86.4420719945072,70.4342825404361,8.92785021515533,43.4316522323209
BRA,2017,Brazil,2063514977365.65,10080.5092819305,14559.0488897004,204703445.0,1330849670848.65,1130473501019.09,5522.49377639489,64.4943063387721,3.44637335032669,12.792,86.1982897571091,67.4712845236305,8.5916529152697,43.3713300884192
BRA,2016,Brazil,1795693482853.01,8836.28652735657,14309.2061489274,203218114.0,1153759631662.93,1108546865317.95,5454.96089643837,64.2514795915964,8.73914352329393,11.58,85.9487048448108,60.8725400681261,8.26857395268557,43.4398109123601
BRA,2015,Brazil,1802212206814.5,8936.19661712113,14821.4383174534,201675532.0,1152781384584.59,1152781384584.59,5716.0200503876,63.964797276686,9.02990102416136,8.538,85.6935697061881,58.3279517340924,7.95680732355772,43.5935934449924
BRA,2014,Brazil,2456043727198.85,12274.9939689363,15827.3081625514,200085127.0,1546314587080.4,1191092797852.82,5952.93021381255,62.9595707094347,6.32904015516139,6.755,85.4331367898168,54.5510018796392,7.65357587023447,43.8183703322034
BRA,2013,Brazil,2472819535557.21,12458.8912138813,15722.3335242901,198478299.0,1526106760481.59,1164879294439.08,5869.0511774241,61.7152500834523,6.20431066640101,7.071,85.1676585442726,51.04,7.37028483055902,44.1751173479507
VGB,2023,British Virgin Islands,,,,38985.0,,,,,,,55.6407774494219,,9.20225727844043,32.1738540819094
VGB,2022,British Virgin Islands,,,,38319.0,,,,,,,54.795911692548,,8.85722487538819,32.885975863504
VGB,2021,British Virgin Islands,,,,37809.0,,,,,,,53.972618684518,,8.57588701252331,33.4415699008224
VGB,2020,British Virgin Islands,,,,37135.0,,,,,,,53.1709074822645,,8.32514238780649,33.9102841482764
VGB,2019,British Virgin Islands,,,,36395.0,,,,,,,52.3907871425786,,8.05066699638682,34.3484680693983
VGB,2018,British Virgin Islands,,,,34657.0,,,,,,,51.6322667220883,,7.83535793634764,34.945294552817
VGB,2017,British Virgin Islands,,,,32699.0,,,,,,,50.8953552772346,77.7042682926829,7.61644086975137,35.6790174681549
VGB,2016,British Virgin Islands,,,,33878.0,,,,,,,50.1800618642422,77.7014296797074,7.17870004132475,35.6327821595868
VGB,2015,British Virgin Islands,,,,34498.0,,,,,,,49.4863955390847,,6.87006304804696,35.5893566010298
VGB,2014,British Virgin Islands,,,,32962.0,,,,,,,48.8143653574427,,6.72592682482859,36.021128213593
VGB,2013,British Virgin Islands,,,,31703.0,,,,,,,48.1639803746541,,6.53555601116596,36.4861374203547
BRN,2023,Brunei Darussalam,15095084656.1634,32890.5491812019,85102.6867427911,458949.0,4165446659.91601,4421629710.2046,9634.25066882072,27.5947220886584,0.35706431153689,5.296,74.8199193881365,98.97039795,6.51107912979343,37.998646921747
BRN,2022,Brunei Darussalam,16681536466.7183,36632.9280952155,81788.7819525501,455370.0,3879335888.88986,3981508666.98714,8743.45843377284,23.2552672628784,3.68225030604216,5.191,74.7772642014221,98.97042579,6.20177679884138,37.7100640209512
BRN,2021,Brunei Darussalam,14006496617.4458,31006.9636289785,78248.797127611,451721.0,3480874485.69623,3675319065.89248,8136.25903133234,24.8518568259291,1.73341388450593,4.905,74.7667316936175,97.62879944,5.92302098310792,37.4799511828422
BRN,2020,Brunei Darussalam,12005799653.9835,26834.3592233943,69787.9632795717,447404.0,2855170931.71501,3482034837.97126,7782.75303298866,23.781597344644,1.94031996607184,7.409,74.7748108912151,96.30549622,5.61350101195006,37.387149472443
BRN,2019,Brunei Darussalam,13469235364.7032,30426.5730656528,69353.6799514849,442680.0,2757562532.11544,2865024110.9235,6471.99808196326,20.4730443670305,-0.390522069165529,6.6,74.7923311783673,95.0,5.28835727839523,37.4287523749208
BRN,2018,Brunei Darussalam,13566908391.0895,30988.1190267227,65148.8264035521,437810.0,2649961339.41326,2701454039.67724,6170.37993576493,19.5325365442411,1.02505179290212,8.7,74.8172471714305,95.0,4.97590847160694,37.5528221562436
BRN,2017,Brunei Darussalam,12128168045.1245,28024.3824580252,61657.6802725444,432772.0,2483314179.03368,2643882237.39347,6109.18044003187,20.4755917777044,-1.2605056462896,9.316,74.8476440654983,94.86669922,4.67856053533962,37.7404970830031
BRN,2016,Brunei Darussalam,11400266044.6651,26663.2972950602,56679.5185221407,427564.0,2411198706.76955,2524634591.17764,5904.6940134755,21.1503722573027,-0.278693265753083,8.537,74.8816070556641,90.0,4.40308351498255,38.0062295240708
BRN,2015,Brunei Darussalam,12930296870.1247,30625.1287744656,62707.8264437741,422212.0,2558336285.03954,2558336285.03954,6059.36421759576,19.7855958817972,-0.488347420743522,7.703,74.9484620568562,71.19999695,4.15680292933755,38.3778628456063
BRN,2014,Brunei Darussalam,17097797386.0336,41026.5084247957,81225.5485449793,416750.0,2651680767.77371,2431222962.21464,5833.76835564402,15.5089027428746,-0.207108731719822,6.862,75.0572639801502,68.76999664,3.94036719811974,38.843209243132
BRN,2013,Brunei Darussalam,18094148098.6536,44003.0644273461,83237.1470879654,411202.0,2761642180.17433,2524907669.77232,6140.30979852315,15.2626261546949,0.389205053123632,6.709,75.1756915148608,64.5,3.751440897661,39.3225002032906
BGR,2023,Bulgaria,102204457334.822,15854.0192893772,38829.297423161,6446596.0,58916359137.1963,42257485763.1347,6555.00759829447,57.6455867714129,9.44284140088564,4.319,73.7322671584613,80.38956462,21.8324383446666,57.1601451805102
BGR,2022,Bulgaria,90510784777.6397,13999.9113358453,36320.2814407535,6465097.0,52422749761.5879,40266274411.1404,6228.25526223975,57.9187882310117,15.3252589264367,4.148,73.4799164005224,79.12686326,21.6972972212748,56.8295907451296
BGR,2021,Bulgaria,84378926047.3002,12966.8085197381,30958.9830238332,6507301.0,48868018843.1435,39841125321.9873,6122.52688510756,57.9149571253722,3.29774435299506,5.166,73.346765618041,75.27144583,21.7032217425472,56.7066350040951
BGR,2020,Bulgaria,70490478088.1395,10760.7616180234,27351.8659900682,6550696.0,40882095166.2084,38303723432.5878,5847.27537846173,57.9966206429903,1.67244096855756,5.037,73.3239898681641,70.16248359,21.6867892994918,56.5399504860587
BGR,2019,Bulgaria,68511235459.4907,10354.2500414088,26765.556194772,6616726.0,40504764605.9457,35260009606.882,5328.92092054015,59.1213460599399,3.10372944796771,4.148,73.7162322998047,67.9469809417603,21.4794589439076,55.9246760959011
BGR,2018,Bulgaria,66100606676.6544,9849.88769989118,23997.7941525242,6710798.0,39450907272.2753,35351136654.4468,5267.79924748842,59.6831243399294,2.81454473824838,5.211,73.600212097168,64.78201069118,21.1708879702475,54.9714988000953
BGR,2017,Bulgaria,59170671046.4798,8697.13373333715,22317.2366242463,6803468.0,35651402230.358,33350974298.3097,4902.0549958212,60.2518132713977,2.06159619443141,6.164,73.3904571533203,63.4101013837926,20.8699557799437,53.9436319509152
BGR,2016,Bulgaria,53932152153.5457,7822.89886431732,20745.9250164072,6894139.0,32646403268.8744,32288824662.9595,4683.51808151235,60.5323577222164,-0.798649886453617,7.575,73.1750030517578,59.825547661014,20.5760516337296,52.9074899638477
BGR,2015,Bulgaria,50768512172.9373,7269.02586513711,18896.1145714262,6984225.0,31514421059.4188,31514421059.4188,4512.22878120605,62.0747382788538,-0.104633261008479,9.143,73.1030578613281,56.6562516053086,20.209781460636,51.7845407318803
BGR,2014,Bulgaria,57083817239.8145,8070.01289303544,17990.7860607342,7073572.0,35851970826.7837,30870714576.535,4364.23274924395,62.8058398340221,-1.4181838026484,11.424,73.0844879150391,55.4903766299262,19.7757387242757,50.5579218085755
BGR,2013,Bulgaria,55822115861.1854,7796.37945241455,16893.7939132873,7160005.0,34872136540.4317,30035635639.5741,4194.91824929928,62.4701088492406,0.890093540913096,12.941,72.9632821572019,53.0615,19.3546939511256,49.3086554346026
BFA,2023,Burkina Faso,20106062971.6533,873.198061670247,2761.57633646549,23025776.0,12885521524.4413,11001239987.6431,477.779336845939,64.087740810362,0.742910428668918,3.601,27.7872478365158,25.36120033,2.62071297835956,81.8908186351026
BFA,2022,Burkina Faso,18622421394.6133,827.330843486661,2644.82146127902,22509038.0,12298553413.6005,10705273335.779,475.598883247652,66.0416449235651,14.2902354303358,3.828,27.2791369742712,25.3987999,2.59465547584363,83.6984976476855
BFA,2021,Burkina Faso,19697516284.3787,895.535288442991,2486.43093147762,21995243.0,12029338142.5653,10235165632.8356,465.335419701234,61.0703297253031,3.65326761825509,4.511,26.8114307743017,18.1522007,2.57917814320124,85.5143844798844
BFA,2020,Burkina Faso,17725010532.5268,825.237038782475,2380.72282781802,21478690.0,10677615415.6146,9859139437.05491,459.01958811524,60.2403896799966,1.88470066518847,4.59,26.3578373628627,12.97319984,2.56884154873602,87.320571617249
BFA,2019,Burkina Faso,16032813503.3707,764.853077774946,2232.16282016585,20961952.0,9881903346.30218,9673794050.5027,461.492996954802,61.6354911396221,-3.23338933983322,4.493,26.1187254401157,9.27180600953186,2.55918669789944,88.9000632341781
BFA,2018,Burkina Faso,15890066221.2882,777.465618514048,2073.3235382155,20438288.0,10214023184.9314,9351776574.11644,457.561639904303,64.2792990456353,1.95594302672532,4.695,26.0832202154822,8.498900414,2.55480791737547,90.1476828833865
BFA,2017,Burkina Faso,14106955615.3442,709.091535894695,2042.40295259917,19894407.0,9389991591.41782,9135162650.1477,459.182455156753,66.5628491891213,1.48299897161326,4.662,25.9769918665632,7.790400028,2.5594856886159,91.1388757797584
BFA,2016,Burkina Faso,12833363045.3367,663.742364842886,1881.75893134407,19334856.0,8824040588.95055,8822667104.93946,456.308911994972,68.7585986446242,0.441041448058809,4.598,25.821510372001,7.140999794,2.57349738145185,91.9492118557294
BFA,2015,Burkina Faso,11832159315.6298,630.124750752312,1691.57935387408,18777487.0,8462728354.20114,8462728354.20114,450.684820295769,71.5231102662912,0.724838981070517,4.472,25.621432645225,6.545700073,2.5964842899372,92.6016404511831
BFA,2014,Burkina Faso,13943016076.7436,764.861675106225,1661.31773793757,18229461.0,9791138142.69856,8161187828.86465,447.692218045539,70.2225263802843,-0.258089517535291,4.255,25.3814155996643,6.0,2.62943594437597,93.0770765719936
BFA,2013,Burkina Faso,13444300485.8412,759.762065168498,1642.89213125776,17695409.0,9614876903.20655,8054416345.80106,455.169832231686,71.5163791030436,0.533738507090536,4.054,25.106116148748,5.0,2.66998914803269,93.380718437297
BDI,2023,Burundi,3419558408.35408,249.795164039029,1147.42440486734,13689450.0,1986200811.62555,2661594589.43275,194.42670008165,58.0835468922888,26.9414835762453,0.911,23.5534768372276,7.172299862,2.51029451549531,91.846666183644
BDI,2022,Burundi,4020736756.64256,301.832255755105,1101.23579609841,13321097.0,2471015149.22128,2604299989.6883,195.501916222688,61.4567751827815,18.8008786664945,0.909,22.3202446002597,7.144800186,2.48584998345669,94.079560239112
BDI,2021,Burundi,3425127990.70519,264.172844085398,1032.38274081999,12965481.0,2079988960.38685,2542993502.36736,196.135685391646,60.7273353296967,8.40453845076341,1.118,21.1108861865354,6.777999878,2.4618792599411,96.0054320138089
BDI,2020,Burundi,3188355943.63513,252.702452750006,946.413218223156,12617036.0,1984197695.62711,2467996146.25443,195.608235266542,62.2326280598669,7.32110643415521,1.03,19.9309984273971,6.430099964,2.43506478066639,97.5964620984537
BDI,2019,Burundi,2871555326.31029,234.31061590725,868.423731660834,12255336.0,1991871963.00827,2459629960.89675,200.69869654302,69.3656132883101,-0.686772170797359,1.043,18.786178154187,6.072199821,2.40126821487113,98.9997673122223
BDI,2018,Burundi,2913411408.44783,245.661678332009,823.013102241659,11859446.0,2078126642.56355,2385674064.83989,201.162353185797,71.3296665392926,-2.81469807668465,1.147,17.6820221982475,4.019499779,2.36073843584262,100.4896672849
BDI,2017,Burundi,2831362208.34039,246.060725714184,791.393494929898,11506762.0,2077956387.81166,2304999096.40018,200.316917687198,73.3906944752809,16.0525353030392,1.25,16.6241273909209,2.6607485347534,2.31607727699591,101.067653404408
BDI,2016,Burundi,2618093125.14687,232.937812100153,764.282221636915,11239451.0,2051171892.38751,2301366844.54295,204.757940983323,78.3460249250086,5.55768961400965,1.352,15.6180905635494,2.200000048,2.26939910143298,99.9434296067735
BDI,2015,Burundi,2810532912.49975,254.402585226788,722.032898379933,11047580.0,2340974554.61835,2340974554.61835,211.899307777663,83.2929066301604,5.54468891259779,1.449,14.6695085474754,2.0,2.22313846109284,97.1104592056118
BDI,2014,Burundi,2705826648.21019,250.544492155185,724.371954183273,10799785.0,2313443360.14762,2390154764.361,221.315032138233,85.4985799507105,4.40535234185293,1.572,13.7839781740413,1.04239212643994,2.21231245750205,94.622070654264
BDI,2013,Burundi,2451624637.67157,234.844770150871,687.370968311715,10439341.0,2183909086.16462,2303309387.09017,220.637431720084,89.0800758242822,7.93795807492418,1.584,12.9670962745892,1.2642181112,2.22888601056743,93.3838719525298
CPV,2023,Cabo Verde,2504525537.51069,4794.90119772843,10250.5950245626,522331.0,1808107579.35384,1572071684.68331,3009.72311557865,72.193617205076,3.72437517668748,11.882,75.9064245753376,74.59919739,6.57945496194459,49.1432552588223
CPV,2022,Cabo Verde,2247003344.34242,4323.31362032709,9479.57079016694,519741.0,1693817525.80074,1569203651.18143,3019.2031245975,75.3811751133123,7.93092925430087,12.239,75.033738060849,73.32740021,6.32872911700251,50.3832343299258
CPV,2021,Cabo Verde,2051842618.70539,3971.44409203423,7685.41921393669,516649.0,1547460003.79411,1379669271.1126,2670.41893260725,75.4180651911053,1.86215297494647,13.932,74.1607930892827,70.28250122,6.13617755961978,51.8097353713792
CPV,2020,Cabo Verde,1821565613.68613,3539.22661248299,6852.57669930355,514679.0,1331846422.21301,1253398777.89655,2435.30196082713,73.1154789158474,0.605795808395385,14.65,72.8838521558784,69.37339783,5.98265522524212,52.3882134884024
CPV,2019,Cabo Verde,2252177124.32402,4380.78117331128,8645.75646859343,514104.0,1507745856.27181,1453704379.22383,2827.64650581173,66.9461491277844,1.10666674296063,12.123,71.6254285086577,61.9433977593088,5.81429049375224,51.9520708887398
CPV,2018,Cabo Verde,2205099506.99994,4294.96510035729,7916.42115326174,513415.0,1510939796.02259,1397032995.51342,2721.05995250123,68.520254583805,1.25699566690509,12.17,70.3970748844677,59.5,5.63793422474996,51.5437291537531
CPV,2017,Cabo Verde,1996741539.95088,3893.09571382506,7935.76176281072,512893.0,1375026217.46527,1339457454.51051,2611.57289046742,68.8635053637986,0.784415251101334,12.24,69.1999988159713,57.1621463484891,5.46527248373442,51.2276170341999
CPV,2016,Cabo Verde,1849789985.99572,3608.96605234906,7350.75358726727,512554.0,1184702059.86644,1179935152.43753,2302.06993299737,64.045219664692,-1.40781637091706,12.085,68.0354078358316,50.3228178676892,5.30060705739585,51.1040488670601
CPV,2015,Cabo Verde,1749857620.35329,3415.06266730931,6773.48679969386,512394.0,1091411496.3065,1091411496.3065,2130.02395872415,62.3714457457487,0.131187999024545,11.923,66.9045094767116,42.6830141582781,5.15658375838101,51.3482379420652
CPV,2014,Cabo Verde,2041930125.42979,3985.60706548134,6416.83301150977,512326.0,1266376108.72589,1059267040.98882,2067.56448235853,62.0185819756854,-0.238778144990624,11.689,65.8085112712742,40.25999832,5.03995994733817,52.0485295994349
CPV,2013,Cabo Verde,2028910915.16446,3960.97596791345,6367.28001322501,512225.0,1265998424.26796,1045537452.30174,2041.16833872173,62.3979305747555,1.50654285701407,11.398,64.7486207521826,37.5,4.95622041095222,53.1695458065828
KHM,2023,Cambodia,42335646895.7984,2429.74853452838,7436.85544015287,17423880.0,25539852954.0739,22996594850.999,1319.83202656349,60.3270643695032,2.12746796594194,0.256,40.6290788072508,68.92549896,5.96118643031327,56.4253473651475
KHM,2022,Cambodia,39994532959.6074,2325.03050040841,6917.7197730003,17201724.0,24003768085.3782,21989618450.7475,1278.33805790324,60.0176231827008,5.34370264895437,0.245,40.374616187368,65.49079895,5.7669541078253,56.7923377070363
KHM,2021,Cambodia,36790163687.4421,2167.40324198499,6225.53265474741,16974305.0,23107806075.4289,20898905845.4667,1231.20833786519,62.809739776495,2.92073477592949,0.396,40.1091858128847,60.76269913,5.59471490600897,57.1733909693315
KHM,2020,Cambodia,34818073901.4851,2081.73914242939,5942.45380373929,16725474.0,22401742182.0112,21422589724.5023,1280.83603038708,64.3394067270784,2.9402951426397,0.172,39.832658030922,56.37590027,5.4387369063124,57.5213483632843
KHM,2019,Cambodia,36685356407.7206,2225.87705485686,6153.99439528427,16481304.0,24478343152.1963,21834615915.1559,1324.81118697622,66.7251065524463,1.94257500833107,0.119,39.5830241256026,52.305878224498,5.27307790694231,57.7205669146422
KHM,2018,Cambodia,33145892168.8958,2036.67377566578,5616.98087023303,16274522.0,23459024343.5293,21119892362.8671,1297.72735339736,70.775057808048,2.45908515380146,0.129,37.6404336372742,65.0,5.09207597900805,57.7788009060017
KHM,2017,Cambodia,29355665909.7905,1826.35391688754,5050.06356615113,16073372.0,21062185689.2521,20023581650.239,1245.76110415655,71.7482810779214,2.91263557371478,0.141,35.0127905056235,32.9002785437986,4.90883602678903,57.7607192458127
KHM,2016,Cambodia,26556545153.3573,1675.19555711109,4748.12428521528,15852803.0,19599257060.727,18770610830.0738,1184.05627257677,73.8019834566064,3.01913975139128,0.716,32.4767436038024,32.3984517141849,4.7354180834771,57.6337208481402
KHM,2015,Cambodia,24174170369.0738,1547.32010444393,4433.64393500572,15623251.0,17948576865.3678,17948576865.3678,1148.83751565969,74.2469197136526,1.22393195511119,0.393,30.0669222549819,6.43319107021405,4.56873555218231,57.4762892275772
KHM,2014,Cambodia,22041463967.9009,1431.56396469993,4117.78868309006,15396772.0,16786898226.0062,16983512222.5739,1103.056681139,76.1605411076733,3.85568861424207,0.692,27.8179557823331,14.0,4.40694011728368,57.3715668304458
KHM,2013,Cambodia,19807135252.8649,1305.6600972686,3890.94841205221,15170208.0,15513857929.2818,16112174611.8596,1062.09319027528,78.3245922806423,2.94162509547349,0.438,25.7644735090271,6.0,4.25761809784078,57.3927567746693
CMR,2023,Cameroon,48814501547.4313,1720.47510154506,5415.22890256369,28372687.0,35956128705.7259,31028829973.402,1093.61619410252,73.6587029794592,7.38281384280984,3.607,55.1286878511388,42.24380112,2.77483940805466,80.2951604071451
CMR,2022,Cameroon,44347206072.5513,1604.87726954895,5188.15515765322,27632771.0,32386189693.9059,30219965660.6425,1093.62776757505,73.028703636758,6.24767713343861,3.646,54.8458745688318,40.12559891,2.76317198222408,81.2295866622104
CMR,2021,Cameroon,45011937346.8384,1672.32657340872,4793.55628200196,26915758.0,33103128154.2721,28976944022.5128,1076.57915569432,73.5429979367401,2.27185762503637,3.976,54.5548664463635,38.89260101,2.76610261605669,82.0893650357674
CMR,2020,Cameroon,40773241177.0505,1555.60370660749,4365.44704128392,26210558.0,29896904807.4753,27667901836.9262,1055.60140447701,73.3248178079671,2.43760882182236,3.881,54.2557949164174,37.69749832,2.77685236613429,82.8843122656867
CMR,2019,Cameroon,39667757527.6578,1555.22660476477,4241.11174920592,25506095.0,28817568699.1161,27597373534.0065,1081.99132536778,72.6473350025482,2.45280214062732,3.632,53.9487914119331,36.53919983,2.78429920377855,83.5806413466043
CMR,2018,Cameroon,39955552189.795,1610.69641591017,4010.76360069526,24806383.0,28630968996.9322,26522534297.5908,1069.18184314057,71.6570474634682,1.0688581131292,3.608,53.6339873660653,29.70000076,2.79116064603211,84.1226674765979
CMR,2017,Cameroon,36098547033.1655,1496.08951771242,3767.43072883824,24128601.0,25763988793.7237,25230071184.0265,1045.64998128265,71.3712625886384,0.64040914988195,3.573,53.3115142121504,23.2029719748646,2.80367063138058,84.4529350203384
CMR,2016,Cameroon,33814337044.3765,1441.7201725688,3626.99932028578,23454161.0,23939290551.6091,24097019082.513,1027.40912721257,70.7962735457218,0.874190383288856,3.529,52.9815033836792,20.60000038,2.82198107998873,84.7287316499248
CMR,2015,Cameroon,32210233020.4569,1415.00009710569,3497.66067563959,22763414.0,23532186345.5415,23532186345.5415,1033.77227798701,73.0581065048367,2.676235314199,3.518,52.6440863142742,18.29999924,2.84572861421998,85.203228431494
CMR,2014,Cameroon,36386544706.0806,1649.4433905949,3422.26128158344,22059893.0,26134879840.6699,22108270392.2129,1002.19300212439,71.8256708675679,1.85489850366777,3.534,52.2993944376709,16.2148722257524,2.87719437261096,86.0043368057403
CMR,2013,Cameroon,33728621180.3231,1575.92882118897,3238.86829843733,21402376.0,24109342490.611,20917683050.066,977.353311149473,71.4803678505428,2.05034718001741,3.686,51.9475591877024,10.0,2.91454789879404,86.7401055522928
CAN,2023,Canada,2196593836347.42,54847.5370112652,64962.1919440095,40049088.0,1220073677750.06,1074792574057.88,26836.8801321487,55.5438906165214,3.87900159788426,5.415,82.5250564408346,94.14530182,19.3581192161771,53.0518429925194
CAN,2022,Canada,2200562785046.32,56496.9275340663,64217.0443455227,38950132.0,1192494568894.2,1050999817118.42,26983.2157980471,54.1904360556157,6.80280115341613,5.279,82.3500897353968,94.0,18.9407471303288,52.6453187327307
CAN,2021,Canada,2022377950896.78,52886.6407813788,56995.0952020711,38239864.0,1095418535639.55,984589516162.63,25747.725362272,54.1648772997062,3.39519318527528,7.527,82.1779279079275,93.93710327,18.4822592321013,52.0342485398259
CAN,2020,Canada,1655686966881.99,43537.8981198851,48590.748859725,38028638.0,940822790821.974,931042861104.243,24482.6770052675,56.8237118272268,0.716999632307827,9.657,81.9509888710566,92.3,17.9854084818723,51.1983504754589
CAN,2019,Canada,1743728952156.85,46352.9695208927,50499.0822425462,37618495.0,1007080708725.47,993191120034.175,26401.670774819,57.7544295218468,1.94926902411593,5.69,81.7363672047941,91.91290283,17.5318595224519,50.4105729188803
CAN,2018,Canada,1725330736237.69,46539.2177903178,49982.6446255492,37072620.0,998740190327.769,977705047357.785,26372.69897185,57.8868833291437,2.26822567248103,5.837,81.5500341646653,94.64,17.1296813071885,49.733479510056
CAN,2017,Canada,1649269496514.62,45129.7335281051,48317.500303004,36545075.0,956182082022.399,952541499042.843,26064.8390800359,57.9760969352242,1.59688412852977,6.426,81.4018945832226,92.70140076,16.7582136912329,49.0981143135691
CAN,2016,Canada,1527996250640.92,42314.1033623905,46470.6925239685,36110803.0,893637182491.538,918736050687.758,25442.1384838149,58.4842523086493,1.42875954701085,7.038,81.3023011093703,91.16000366,16.3881021891164,48.3895082605836
CAN,2015,Canada,1556510380200.23,43594.2379080706,44668.1361640155,35704498.0,899801700032.213,899801700032.213,25201.354183224,57.8089109766464,1.12524136094277,6.945,81.2465670276699,90.0,16.0101997556659,47.58596316024
CAN,2014,Canada,1805751688808.98,50960.8942086685,45758.1466048816,35434066.0,1007541877572.65,879391982467.044,24817.6989473081,55.7962583569394,1.90663590717861,7.023,81.211183161556,87.12000275,15.6232441846315,46.7656650331144
CAN,2013,Canada,1846583831414.43,52637.7313222622,44300.7302100096,35080992.0,1033371895322.15,857290073747.201,24437.4524456777,55.9612771292716,0.938291897815317,7.143,81.183439957458,85.80000305,15.2286887935879,45.9856719197967
CYM,2023,Cayman Islands,7308564549.28678,100065.233841107,88395.1826392376,73038.0,,,,,,,100.0,,8.54144417974205,33.0406746935281
CYM,2022,Cayman Islands,6653516041.43929,92937.8838323153,82193.1801927387,71591.0,,,,,,,100.0,,8.13783759245162,32.4385822110404
CYM,2021,Cayman Islands,6060813808.15072,86449.6749037302,74160.4914000191,70108.0,,,,,,,100.0,,7.76379132047213,31.7695705290856
CYM,2020,Cayman Islands,5655357984.24218,82338.7977439023,66118.6540859028,68684.0,,,,,,,100.0,,7.44709505055726,31.437538273117
CYM,2019,Cayman Islands,5941896607.58643,88254.2903677044,72697.3672861884,67327.0,,,,,,,100.0,,7.16354508592392,31.4601476158863
CYM,2018,Cayman Islands,5530178440.71376,83865.5531568184,71811.8917405219,65941.0,,,,,,,100.0,,6.87362091582563,31.3958354089867
CYM,2017,Cayman Islands,5166281305.12522,80053.9444506891,68017.6758327335,64535.0,,,,,,,100.0,81.0676932508161,6.61806292660629,31.3154949638824
CYM,2016,Cayman Islands,4909322237.28895,77802.2541567187,65680.0748270553,63100.0,,,,,-0.62525835861814,,100.0,79.0,6.38267525613902,31.2750951796451
CYM,2015,Cayman Islands,4708167232.66893,76379.2095108681,64009.3167970419,61642.0,,,,,-2.34752770165615,,100.0,77.0,6.15646672344567,31.270497039908
CYM,2014,Cayman Islands,4562853611.41445,75845.3060407986,63560.5141777232,60160.0,,,,,1.27397911533388,,100.0,74.1,5.94160620340589,31.2476820036215
CYM,2013,Cayman Islands,4405796023.18409,75113.7332398618,63648.2539137692,58655.0,,,,,2.16061146813391,,100.0,71.4,5.76762424345751,31.2163038858191
CAF,2023,Central African Republic,2555492085.94725,495.978897288721,1258.13048389217,5152421.0,2488154869.41114,2404126806.66887,466.601391204032,97.3649999972063,2.97913852618937,6.181,43.6983692134165,13.8416996,2.09527735556521,105.177562449203
CAF,2022,Central African Republic,2382618615.01694,467.359825026238,1217.6567661451,5098039.0,2319836614.45291,2519142347.67541,494.139481411463,97.3649999975518,5.58316735183247,6.287,43.2751967457285,13.75360012,2.14369661121692,105.587559345916
CAF,2021,Central African Republic,2516498412.46384,492.263142830507,1128.55237996459,5112100.0,2336326940.43481,2390077937.17229,467.533486663464,92.8403899983936,4.25936417542868,6.701,42.8547782897949,,2.22176796228556,105.023375496256
CAF,2020,Central African Republic,2326720900.38047,462.879071294011,1066.29005423151,5026628.0,2121975510.67976,2324718382.99679,462.480689439679,91.2002600025113,1.71015659523153,6.519,42.3050785933463,,2.20062015722865,104.549331492918
CAF,2019,Central African Republic,2221301351.43918,449.228467602439,984.843183678857,4944703.0,2134422257.22424,2427677665.92456,490.965314989506,96.0888199992021,2.68537355266787,5.916,41.7800430407332,7.509200096,2.18855387385715,104.954476234215
CAF,2018,Central African Republic,2220979146.11241,455.243962859534,905.817788941094,4878657.0,2081060347.1343,2296241407.7546,470.670803000621,93.7001299979329,1.61215686991555,5.825,41.2824666248606,5.099999905,2.16203967608299,104.958245074818
CAF,2017,Central African Republic,2072349972.6818,432.324025684263,883.810734876066,4793511.0,1719132688.97675,1532469538.61442,319.696677156768,82.9557126758878,4.18072331871267,5.836,40.8151443386334,4.0,2.09752330781376,104.593668985404
CAF,2016,Central African Republic,1825018144.65595,387.176203444318,826.013301383169,4713663.0,1533296305.33454,1522136387.28638,322.920070290638,84.0154006043369,4.94543276106518,5.793,40.3808711749566,3.099999905,2.03200758815304,104.212210458458
CAF,2015,Central African Republic,1695825714.19282,366.322853938121,768.870887999174,4629320.0,1397827551.10505,1397827551.10505,301.950945517928,82.4275477961125,1.40297017136816,5.775,39.9824421267351,2.900000095,1.95385046250308,103.91701516784
CAF,2014,Central African Republic,1894813389.40325,409.8504859647,698.963738923072,4623182.0,1557949529.57964,1372274260.13278,296.824624281021,82.2217923037951,14.898684179755,5.633,39.6226521868738,2.700000048,1.90700906864579,101.4546167589
CAF,2013,Central African Republic,1691544110.18543,364.36696260838,709.853481245446,4642419.0,1413773094.91533,1338899140.87377,288.405493100422,83.5788488400903,6.98879341970198,5.566,39.3042963482777,2.5,1.89541271479373,97.9595630955148
TCD,2023,Chad,18352937976.2179,949.991054236266,2703.06889886705,19319064.0,11008602061.0161,10868977264.8842,562.603719563442,59.9827780995132,10.8363568399843,1.059,26.3305395171046,12.03590012,2.07477443006556,95.3580792822124
TCD,2022,Chad,17828508289.6049,966.036468278568,2623.702025997,18455316.0,10294358532.1489,11045507763.4085,598.500061630401,57.7409975356778,5.78802687843616,1.081,25.7635558629694,11.17029953,2.05551078224591,97.8599966421734
TCD,2021,Chad,16871937697.5854,946.358500208374,2435.07274651099,17828273.0,10476751353.7461,10629713675.0454,596.227894594466,62.0957209630134,-0.77284437035914,1.53,25.2312246423075,9.653699875,2.04727900320802,98.923632922988
TCD,2020,Chad,14932897821.2387,866.947814890409,2185.99034173537,17224679.0,9802632362.47379,10201675530.7029,592.270865001486,65.6445418687037,4.46414437232861,1.695,24.7341921795416,8.343099594,2.04773337140274,100.054552902552
TCD,2019,Chad,14905517742.8454,893.336441643325,2351.65339767739,16685223.0,9533742967.89332,10402742764.1755,623.470406369485,63.9611661424475,-0.971939175419401,1.077,24.2731047386633,7.618199825,2.04845628973613,100.684531380519
TCD,2018,Chad,15327000248.8701,948.656629871231,2227.81335372611,16156531.0,9957555620.9596,10018402808.0355,620.083779620485,64.9674134486537,4.27462198610545,1.135,23.8486084924975,6.956299782,2.04665537566992,101.186169914043
TCD,2017,Chad,13349041408.7152,854.46120040098,2097.14425483604,15622759.0,9186015662.4374,9479194998.17991,606.755503184803,68.8140472501652,-1.5370996298084,1.132,23.461349471105,6.351900101,2.04749365973065,101.801281508928
TCD,2016,Chad,13026289835.7789,861.831767630746,2120.08751553857,15114655.0,9060072769.81336,9404802332.38157,622.230698112631,69.5522123646316,-0.792440525236102,1.091,23.1119734707179,5.800000191,2.05159826671532,102.2828708469
TCD,2015,Chad,14559599499.5011,993.990730610869,2377.51137185751,14647621.0,9143933703.08447,9143933703.08447,624.260670253857,62.8034699951588,4.37712665065654,1.032,22.8011258828974,3.5,2.05939244331895,102.372075248765
TCD,2014,Chad,18144336903.7175,1278.78981422494,2133.18441198787,14188678.0,10222736969.1909,8687207337.53962,612.26333683375,56.3411990387836,1.6819731392567,0.984,22.5294513486009,2.900000095,2.07314232963979,102.351171749544
TCD,2013,Chad,17865316886.3315,1304.88742971475,2110.24705136988,13691079.0,9993407774.89638,8637919039.78071,630.915871552615,55.9374784028722,0.222671564624551,0.955,22.2975929852391,2.5,2.10090446118584,102.900131941391
CHI,2023,Channel Islands,12507320838.3932,74585.5224096294,,167691.0,,,,,,5.928,32.7554337975051,,19.6643837046004,51.6540958995786
CHI,2022,Channel Islands,11308272505.183,67627.1417347907,,167215.0,,,,,,5.923,32.7920439098264,,19.3435436800306,51.4098408156613
CHI,2021,Channel Islands,11157540109.8939,66915.3963925722,,166741.0,,,,,,6.643,32.8148141071941,,19.1062785997445,51.2842846384859
CHI,2020,Channel Islands,9439810769.23077,56785.9402005039,,166235.0,,,,,,6.633,32.8247184979451,,18.8660063584493,51.0801501395061
CHI,2019,Channel Islands,10031864649.0819,60564.6293993681,,165639.0,,,,,,6.185,32.8235411026876,,18.585184737986,50.7746363487411
CHI,2018,Channel Islands,10026394043.6136,60784.8125397162,,164949.0,,,,,,6.344,32.8125991997971,,18.3059057469104,50.4492096646205
CHI,2017,Channel Islands,9170044517.20264,55806.3554257428,,164319.0,,,,,,6.881,32.7853219355631,,18.0015153405408,49.9219911863726
CHI,2016,Channel Islands,9168857222.32574,55947.579811974,,163883.0,,,,,,7.469,32.7426259745361,,17.6672849977423,49.3003425406311
CHI,2015,Channel Islands,10109273770.329,61847.8212238857,,163454.0,,,,,,7.928,32.6907784276403,,17.3173574297434,48.7635949943117
CHI,2014,Channel Islands,10527973277.6068,64697.5485024325,,162726.0,,,,,,8.319,32.6275595274837,,16.9809465575675,48.1886895546854
CHI,2013,Channel Islands,9594745810.67159,59308.4666588674,,161777.0,,,,,,8.572,32.5432251775809,,16.6574461838018,47.5071575760891
CHL,2023,Chile,335802745366.38,17081.5180740049,33173.5278418356,19658835.0,203111329300.709,181407394695.136,9227.77950448923,60.4853093381066,7.58168251407962,9.013,88.8158617217972,94.45742345,13.6933190598527,45.0908347497625
CHL,2022,Chile,301099244104.003,15399.1044717559,30918.9258262719,19553036.0,191173410339.296,190330824183.941,9734.0803844447,63.4918267258295,11.643866711056,8.249,88.6395352768685,92.31819916,13.300080015705,45.0486913334805
CHL,2021,Chile,315507493783.262,16216.1840860289,29106.6356522053,19456334.0,195654411923.914,187400238221.632,9631.83702652472,62.0126037508062,4.52456838259144,9.281,88.4660511664452,90.23280334,12.9564336220791,45.0389819118115
CHL,2020,Chile,254103710483.324,13117.9930230086,25357.0056990873,19370624.0,148455922446.157,155082047193.363,8006.04292321006,58.4233587788949,3.04549084804326,10.934,88.2953490438375,87.45929718,12.6268157391316,45.0108226842024
CHL,2019,Chile,278308438545.118,14496.9345640362,25613.9095717623,19197744.0,171616873952.886,167497647435.58,8724.86097510104,61.6642725064421,2.55754475703327,7.493,88.1273685623538,85.01760101,12.3260602912509,44.9884626222266
CHL,2018,Chile,295857562991.709,15659.4808675628,25305.0903462611,18893191.0,183607454833.036,166277435904.654,8800.91859044106,62.0594089183996,2.43488981353057,7.623,87.9620493753008,84.90000153,12.0636582777361,45.0787301205063
CHL,2017,Chile,276154259981.097,14879.9086227187,24295.223766602,18558868.0,171431101733.77,160217919972.247,8632.95756897709,62.0780218076317,2.18271846868519,7.257,87.8000295757281,82.3274869338464,11.8130834222508,45.2413877408172
CHL,2016,Chile,249344863928.438,13649.8520452803,23256.5036042211,18267221.0,154992983115.388,154720840286.892,8469.86196131816,62.1600865056803,3.78619355893118,6.926,87.6306290578181,83.5585860244169,11.5448975094543,45.3579053946093
CHL,2015,Chile,242450355830.884,13433.9202987032,22468.3125745547,18047625.0,149774666831.741,149774666831.741,8298.85743036779,61.7753957582201,4.34877353217044,6.605,87.4653320342387,76.6295919508796,11.2496571917453,45.3254058695677
CHL,2014,Chile,259560978224.359,14529.6767206336,22553.6161787372,17864195.0,158961379810.55,146274468064.035,8188.13655269858,61.2424028056896,4.71867527854672,6.761,87.3133701497978,61.11000061,10.9545770184439,45.2518120502398
CHL,2013,Chile,277395018842.417,15683.5486369155,22201.0660684337,17687006.0,168339435544.502,142891262473.808,8078.8835868438,60.6858177363787,1.7895555398459,6.361,87.1827777654221,58.0,10.6787544856729,45.2602643872248
CHN,2023,China,18270356654533.2,12951.1782397043,25200.068112272,1410710000.0,7229259522659.38,7197427910274.78,5101.98971459392,39.568245214664,0.234836828893051,4.67,65.5301448035523,90.6,14.3160774690688,44.7297141014082
CHN,2022,China,18316765021690.2,12970.6056414327,23028.4517927066,1412175000.0,6919552725347.99,6563737843183.53,4647.9634911987,37.7771550661597,1.97357555739051,4.98,65.2176361083984,75.61131603,13.781930345649,44.7256128180315
CHN,2021,China,18201698719564.0,12887.4357242941,20843.2978347377,1412360000.0,6984714625192.38,6467115702485.23,4578.9428350316,38.3739712034949,0.981015135544882,4.55,64.721076965332,73.05323517,13.2057410345267,44.4827701882176
CHN,2020,China,14996414166715.1,10627.4637989619,18267.4783455827,1411100000.0,5723905762939.11,5716131420054.98,4050.83369006802,38.1684961438545,2.41942189457782,5.0,63.5234230266258,70.05275998,12.6452376078587,44.0923748389161
CHN,2019,China,14560167101283.4,10342.9009524335,17600.8907568493,1407745000.0,5729716858571.14,5875448932795.29,4173.65995460491,39.3519993191979,2.89923416358227,4.56,62.7099151611328,64.080881297515,12.0613659717192,43.3873633674887
CHN,2018,China,14147765772963.8,10085.6638148819,16298.2050619109,1402760000.0,5509633753665.57,5559300871853.14,3963.11619368469,38.9434900328533,2.07479039965576,4.31,61.5001983642578,65.35839844,11.5162092042497,42.5408726929072
CHN,2017,China,12537559062282.9,8979.67652709856,15022.4371883124,1396215000.0,4883976412815.67,5132178489728.3,3675.7795108406,38.9547629530877,1.59313600071436,4.47,60.2402687072754,54.3,10.9809606634325,41.5109449386089
CHN,2016,China,11456024084962.0,8254.86859320357,14157.2514988004,1387790000.0,4486448747365.86,4700865601652.99,3387.30326753543,39.1623543569108,2.00000182191943,4.56,58.8399238586426,53.2,10.4907994645602,40.4406557797685
CHN,2015,China,11280814787468.9,8175.33285077393,13463.3331511105,1379860000.0,4293541104608.94,4293541104608.94,3111.57733727258,38.0605584392569,1.43702380935655,4.65,57.3297843933105,50.29999924,10.053420914992,39.6093613191235
CHN,2014,China,10674533168257.4,7781.06597484974,12941.5964809146,1371860000.0,3948106222025.01,3946397210805.19,2876.67634511188,36.9862190673163,1.92164162788521,4.63,55.7502555847168,47.90000153,9.6661987378912,38.8789249288739
CHN,2013,China,9743124247267.24,7147.03518622344,12228.3736084197,1363240000.0,3520087453383.43,3613132882375.62,2650.40116368036,36.1289393837992,2.62105001748115,4.6,54.4900016784668,45.79999924,9.3562686156071,38.2392971679035
COL,2023,Colombia,366901643683.302,7012.49169137756,21281.7475207548,52321152.0,269707151368.888,271650733158.104,5191.9868499475,73.5093876008064,11.7359044948689,9.591,78.275571579544,77.33686322,9.37542803553496,42.8026198463432
COL,2022,Colombia,345632492851.448,6680.44506854481,20854.002999162,51737944.0,254778320126.39,270263678876.659,5223.70349460851,73.7136482812956,10.1772313546166,10.541,78.0464633137335,72.79637855,9.00655628107831,42.7752257754018
COL,2021,Colombia,318524633225.395,6222.62164397614,17383.0901728295,51188173.0,231573305940.333,243942837626.392,4765.60938454264,72.7018515319872,3.49505757399448,13.898,77.8339570326128,73.02837449,8.71354982025291,42.8816349346371
COL,2020,Colombia,270348342541.465,5339.68711357943,15519.2101694656,50629997.0,191201261950.261,212634363639.138,4199.77041750838,70.7240370526535,2.52663500084706,15.983,77.6382533537045,69.79533474,8.46412544262915,43.1205471111852
COL,2019,Colombia,323031701192.84,6472.54544924705,16181.5908990662,49907985.0,221821391058.035,223842768877.92,4485.10932424782,68.6686137115732,3.52301932741447,10.28,77.4595528518377,65.0069007159493,8.19032265077422,43.4989256841647
COL,2018,Colombia,334198218098.276,6816.96818309544,15239.4049488277,49024465.0,227650335361.562,215087513020.416,4387.35054060082,68.1183570208678,3.24056932930569,9.36,77.2804816598084,64.1263768204459,7.91335297679074,44.0866022098027
COL,2017,Colombia,311866875156.879,6479.53231292429,14400.6139849314,48131078.0,213667218936.212,208344452395.815,4328.68867794349,68.5123159773638,4.31431325695011,9.086,77.2245191706503,62.2598803162841,7.65248494953718,44.8394758378985
COL,2016,Colombia,282720100286.228,5959.84250367574,14026.8399931053,47437512.0,195245568700.485,204151558359.661,4303.58907439457,69.059670148255,7.51346024627675,8.922,77.2036266362166,58.1364935728703,7.38857678707939,45.5697969538474
COL,2015,Colombia,293492370193.166,6248.51490534512,13332.0555048211,46969940.0,200968956292.901,200968956292.901,4278.67176949557,68.4750190134859,4.9898311584953,8.572,77.1636280538646,55.9049725142924,7.10912759193297,46.1958678527108
COL,2014,Colombia,381240864422.407,8187.20824890084,13355.3624162195,46565429.0,251508041806.902,194940394573.73,4186.37600383173,65.9709032472018,2.89883787761738,8.799,77.1058449419909,52.568136539247,6.81879691067376,46.8044174276503
COL,2013,Colombia,382093697077.685,8279.10255642981,12779.8865818318,46151584.0,250400905347.812,186994831197.111,4051.75326587082,65.5339010465023,2.01699224310383,9.246,77.0315988189922,51.7,6.54463120329054,47.4997948976283
COM,2023,Comoros,1465977684.31307,1723.89474946474,3896.71858176845,850387.0,1483940667.63092,1154614221.39259,1357.75149595723,101.225324471857,8.37373955490996,3.833,33.1502180946901,31.92749977,4.47290468927676,72.0409311057792
COM,2022,Comoros,1279542248.96288,1533.87755393614,3712.34821507981,834188.0,1299390948.44636,1114099187.87578,1335.5492861031,101.551234396486,12.5320314570999,3.879,32.7746035528748,31.37409973,4.45529065390536,72.9324305834843
COM,2021,Comoros,1299039312.22277,1587.72988658008,3449.0435745318,818174.0,1280914792.47356,1090851210.21055,1333.27533044384,98.6047751150658,-0.00441793682346988,4.394,32.4124444313246,30.68120003,4.45565096443363,73.791155104295
COM,2020,Comoros,1225039196.61091,1527.16991011916,3261.59496762747,802163.0,1225331729.4239,1070634408.91745,1334.68435831302,100.023879465555,0.786641929499151,4.468,32.0638072194881,22.42040062,4.46773008245825,74.6281198637219
COM,2019,Comoros,1195019531.9011,1519.26386436068,3312.74957050545,786578.0,1122021368.30097,1030343187.79996,1309.90593151596,93.8914669048131,3.58213544469211,3.926,31.7287584068243,16.38380051,4.45791771445426,75.5037562781275
COM,2018,Comoros,1188797449.38584,1540.71132257526,3304.54845189026,771590.0,1094648560.95437,992832262.58267,1286.73552350688,92.0803255020344,2.15155084413033,3.975,31.4073645195839,,4.43234101012196,76.4719336003165
COM,2017,Comoros,1077439756.59451,1423.9248027797,3347.45652997484,756669.0,992370565.447223,969451208.944455,1281.20910060337,92.1045060174717,-0.237362224154613,4.049,31.0996559689293,8.478199959,4.41209801637307,77.5872306569377
COM,2016,Comoros,1012835493.19325,1365.48403444497,3139.05160740463,741741.0,938002137.637526,930392056.090418,1254.33548380151,92.6114994924016,0.797517430888487,4.117,30.7305018169792,7.938300133,4.36446144948169,78.4223591727164
COM,2015,Comoros,966029600.862227,1329.37048235986,2949.47342240993,726682.0,901330835.869592,901330835.869592,1240.33736334406,93.3026105064597,-0.11717388419007,4.031,30.3732008585112,7.459199905,4.28516187273113,78.8106732808725
COM,2014,Comoros,1149587562.06748,1615.71709756316,2937.61167612379,711503.0,1085264466.26072,895016015.265087,1257.92303794234,94.404680606401,7.54755379096711,3.984,30.0302906552932,6.980000019,4.21207233987231,79.1440901583209
COM,2013,Comoros,1116223107.03168,1603.32653496691,2832.52867837395,696192.0,1065586637.35635,882012096.739509,1266.90926747149,95.4635888330617,-4.29487331536756,3.98,29.7043482521482,6.5,4.16371908631593,79.5815556369527
COD,2023,"Congo, Dem. Rep.",69843655425.2929,660.21205238997,1732.04870835091,105789731.0,36086365224.4029,31910828935.9461,301.643917933264,51.6673490307249,,4.469,44.3754734892194,18.96789932,3.06835640281401,96.6825341170883
COD,2022,"Congo, Dem. Rep.",70422346142.2023,687.738587554685,1589.91203243059,102396968.0,35395602996.8112,30921368586.9571,301.975431410792,50.2618911976287,,4.54,44.003287663813,17.99620056,3.06604683841811,96.7658121576433
COD,2021,"Congo, Dem. Rep.",59067289573.5102,595.743074403567,1402.38560295221,99148932.0,30579648737.2123,29185451112.9382,294.35971244691,51.7708683740355,,5.289,43.6290681792218,16.1595993,3.07362816575775,96.7262299524834
COD,2020,"Congo, Dem. Rep.",46691989748.9186,486.425572682256,1088.7890035637,95989998.0,29342959630.0733,28521188261.5136,297.126667942149,62.8436693057248,,5.355,43.2528602500115,14.51049995,3.08607621806597,96.6130206079494
COD,2019,"Congo, Dem. Rep.",46845900350.0332,504.00419142286,1056.17206659241,92947442.0,29759052304.0372,28358089858.2282,305.098120486502,63.5254143514741,,4.605,42.8747090907476,13.02970028,3.09329491821841,96.3517973179656
COD,2018,"Congo, Dem. Rep.",46659954092.4862,518.169626875371,1048.86502855672,90047644.0,27760312004.4051,27230163610.0353,302.3972910389,59.4949406709241,,4.632,42.4946599159958,11.69999981,3.09687504482002,95.9415387412016
COD,2017,"Congo, Dem. Rep.",37537521565.5308,431.052559128788,990.545051394781,87083398.0,22942769111.6254,26015867840.0746,298.746585888559,61.1195629193933,,4.613,42.1127579403217,,3.10422429772435,95.7976313008213
COD,2016,"Congo, Dem. Rep.",38600224214.4728,459.765036590388,950.022298158597,83956415.0,23940346585.1375,25065731273.4959,298.556474493294,62.0212630168126,2.88585107289988,4.528,41.7290483782911,10.1,3.11530869916254,96.1978936055849
COD,2015,"Congo, Dem. Rep.",40179574490.3032,495.826633014883,910.393131638657,81035531.0,24186392013.8763,24186392013.8763,298.466508646391,60.1957395534724,0.74419899478147,4.441,41.3435764444694,3.799999952,3.12697957146724,96.5278187199625
COD,2014,"Congo, Dem. Rep.",38352980552.8665,489.175952097319,859.356816141236,78403242.0,23317613707.6945,23638149522.9752,301.494541807024,60.7973966340191,1.24303889760803,4.436,40.9563873534225,3.0,3.13660116248764,96.4849666899081
COD,2013,"Congo, Dem. Rep.",34891189160.3002,460.370334930107,760.64987993962,75789395.0,21615496210.7572,22651044651.5626,298.868260547041,61.9511593928466,0.808223101487111,4.469,40.5675263197158,2.200000048,3.14170208114209,96.4548749218671
COG,2023,"Congo, Rep.",15321055822.5167,2477.97845544866,6855.92386613313,6182885.0,6757854311.06645,5036736877.60294,814.625676784048,44.108280717408,4.30174563591016,19.919,63.6626757615625,43.15039825,2.91461025071629,77.9305853486992
COG,2022,"Congo, Rep.",15817030154.6941,2620.83804267402,6646.44331964568,6035104.0,5966348890.50006,4801464339.47712,795.589328614241,37.7210439137298,3.04344334698478,20.131,63.6422003342807,40.98669815,2.84985975386671,78.9109830181274
COG,2021,"Congo, Rep.",14825690210.9157,2516.16255145432,6263.21161292636,5892183.0,6378848203.48306,4572822573.24086,776.082917526638,43.0256407137557,1.7156427545126,21.998,63.6179125824196,30.02739906,2.79756246538846,79.6660972740506
COG,2020,"Congo, Rep.",11468687464.0046,1993.586671931,4770.96449758365,5752791.0,5351130801.03468,4101185969.92433,712.903696644694,46.6586156247576,1.79537147083108,22.286,63.5760904494257,21.99850082,2.75917400433755,80.2625856223405
COG,2019,"Congo, Rep.",13976637779.9763,2488.42466724916,5719.59977338291,5616661.0,5595846343.99081,4468813815.55943,795.63530993938,40.0371422088917,2.20607305781525,20.494,63.5176376123385,16.11639977,2.72775052651388,80.7333447887284
COG,2018,"Congo, Rep.",14773900288.5135,2694.43413191427,5593.19370578686,5483118.0,4894727405.031,3916253741.92463,714.238457374916,33.1309086256429,1.15277896375523,20.84,63.4434577481975,11.8071003,2.70147386942977,81.0046582195242
COG,2017,"Congo, Rep.",11834473039.3645,2211.63309874797,4444.63900215824,5351011.0,4107810681.61181,3684385850.13441,688.540137580434,34.7105500003945,0.450063823285546,20.737,63.3544545340423,8.649999619,2.68201653855692,81.0610405557625
COG,2016,"Congo, Rep.",10931328150.8478,2093.10728558843,4016.04908525318,5222536.0,4978935273.84144,4914873491.46044,941.089442267213,45.5473955692682,3.19056179723773,20.298,63.2515316469123,8.121899605,2.66785140399224,80.9004117814953
COG,2015,"Congo, Rep.",12434793867.3568,2439.35189403696,4715.13431581624,5097581.0,4913985988.14599,4913985988.14599,963.983895134965,39.5180333551483,3.16909796750829,20.02,63.135592763847,7.616000175,2.6610957884824,80.4008710063393
COG,2014,"Congo, Rep.",17919321078.0284,3601.2365808718,5733.18393561256,4975880.0,5080402553.21374,4307548342.61168,865.685736515287,28.3515348103397,0.912139545450097,19.696,63.0075415618859,7.110000134,2.66463419535841,79.5984131722154
COG,2013,"Congo, Rep.",17958720699.0868,3697.41705884249,5833.86336651436,4857099.0,4668671300.70947,3902137848.69052,803.388575915485,25.9966808267521,4.63161619729461,19.845,62.8682817180686,6.599999905,2.67643299014494,78.6054716070157
CRI,2023,Costa Rica,87512637055.7736,17140.771430122,29247.8937202355,5105525.0,56989510662.8797,46498519379.298,9107.49029322117,65.1214642595665,0.525193508693455,8.325,78.8819393641702,85.39514799,11.7188426539051,45.0322532261748
CRI,2022,Costa Rica,71001226360.8008,13971.7649991294,26891.9730070246,5081765.0,45962278972.4799,44619511315.1508,8780.31772723666,64.7344860480541,8.27477490232654,11.325,78.4405687613972,82.59801121,11.2620626162428,45.1414780435559
CRI,2021,Costa Rica,65588938787.0243,12962.2716075659,24083.5988182437,5059988.0,42178007860.7605,43035161353.6366,8504.99276947626,64.3065868129349,1.72647755109241,15.139,77.9868940200009,82.74901607,10.8653726911381,45.2697789109738
CRI,2020,Costa Rica,62806591554.7345,12475.6852076814,22245.4328793441,5034320.0,39713604624.4966,39471600443.4698,7840.5028769466,63.2315870697856,0.724911478131376,16.432,77.5211537281257,80.53018608,10.4850903399069,45.3940117878919
CRI,2019,Costa Rica,64753504730.018,12951.8588421841,23461.2875330597,4999553.0,41941040267.9748,42148052231.8668,8430.36412092577,64.7703015347864,2.09604635327807,10.807,77.0435864735963,81.2025964435269,10.105472418687,45.422348705756
CRI,2018,Costa Rica,62567765946.2665,12620.0207321581,21548.8700973441,4957818.0,40767838777.8138,41187305811.7305,8307.54695144729,65.1578942627189,2.22111461526581,9.01,76.5544308439668,73.4797284369906,9.74221925855286,45.325680055506
CRI,2017,Costa Rica,60516044660.7496,12317.0902779911,20499.3442145104,4913177.0,39410189639.8548,40146711570.4615,8171.23249792579,65.1235384942732,1.62590692991732,7.729,76.0539254265608,71.5816646195022,9.40002772137051,45.261749943012
CRI,2016,Costa Rica,58847019587.626,12091.0301560892,19201.7453161516,4866998.0,37697792456.406,38034066490.0872,7814.68710077283,64.0606656387623,-0.0174788505908217,8.085,75.5423088085047,65.8804491942718,9.07487624557029,45.3393153311988
CRI,2015,Costa Rica,56441920888.425,11714.7106121672,17525.1404835991,4818038.0,36658055565.361,36658055565.361,7608.50279000726,64.9482777842148,0.801982005099623,8.415,75.0198195767549,59.7629501371681,8.75896902857875,45.5365509008516
CRI,2014,Costa Rica,52016408816.1842,10911.4978703456,16393.8095308303,4767119.0,34450964348.8059,35020636086.7586,7346.28946471833,66.2309550637163,4.51920098516954,8.499,74.4866963181212,53.0,8.45127843462687,45.8056163276192
CRI,2013,Costa Rica,50949668762.8328,10803.2401795009,15232.0771293804,4716147.0,33709555511.8601,33410110721.9488,7084.19621397483,66.1624625447041,5.23133614174428,8.218,73.9431776192863,45.96,8.15266148404619,46.1478104847582
CIV,2023,Cote d'Ivoire,80780312569.1646,2591.9659048119,7243.14676270142,31165654.0,56659039298.9429,45957190597.3991,1474.61017815956,70.1396633621975,4.36972254867474,2.263,53.4075201638704,40.65284979,2.56824227080234,78.0774744464329
CIV,2022,Cote d'Ivoire,70922824813.9102,2333.37128301259,6718.37891572875,30395002.0,47785900108.9909,41703849901.2667,1372.0627457523,67.3773220883026,5.23352856100843,2.31,52.8492549676673,38.41328122,2.53282102103497,79.1970017771129
CIV,2021,Cote d'Ivoire,72794636653.7793,2455.98127641148,6045.20480490881,29639736.0,48760410414.0858,39879351411.0515,1345.469184039,66.983520566215,4.15919657911798,2.623,52.3183461956059,35.95069885,2.50752060498244,80.1393004625197
CIV,2020,Cote d'Ivoire,63027852805.4204,2179.72934832935,5543.85096318939,28915449.0,42160085181.3623,37882244323.4843,1310.10396288449,66.8911969943175,2.41252617189053,2.588,51.8357660823651,36.01660156,2.49608258726879,80.7556512847236
CIV,2019,Cote d'Ivoire,60382894697.3557,2141.76836170115,5516.39055126829,28193009.0,40167915396.3948,37351182742.7017,1324.83846412782,66.5220102443249,0.790855512053661,2.401,51.3514799771241,36.2889545655205,2.48842186373225,81.1143931066958
CIV,2018,Cote d'Ivoire,58522477786.6889,2130.86619381144,4945.62520575915,27464173.0,39999513328.4296,35733902375.1131,1301.10971756233,68.3489743449099,0.401297817263547,2.852,50.8718477756395,37.5465361301281,2.48160762899374,81.3702001736161
CIV,2017,Cote d'Ivoire,52512343996.69,1964.29930338343,4690.17801861096,26733372.0,34962135547.378,33720861511.0126,1261.37703507857,66.5788896218036,0.685881065304603,3.272,50.3977309654344,43.8399208514876,2.48395717689405,81.458213233402
CIV,2016,Cote d'Ivoire,48407761036.8238,1862.59597081287,4530.64849808487,25989405.0,31282187564.1526,31820570635.2884,1224.36703092235,64.6222566260733,0.723178457513308,1.896,49.929991034032,41.2078149304414,2.49670206949143,81.3061920795773
CIV,2015,Cote d'Ivoire,45815005169.2651,1814.71855088017,4403.64296618998,25246342.0,29902994240.1444,29902994240.1444,1184.44859220177,65.2689967613597,1.25149954781468,2.573,49.4694894689553,38.4400001654616,2.5199471963117,80.9740668521161
CIV,2014,Cote d'Ivoire,48843005613.7091,1991.36539423404,4074.21445539789,24527395.0,,26292670783.647,1071.97159680623,,0.448682076766141,3.274,49.0173144557368,10.0,2.55425407887274,80.4412739579991
CIV,2013,Cote d'Ivoire,42760235484.6093,1786.15862031324,3619.01790854865,23939775.0,,23854635432.0534,996.443593645028,,2.58117037252936,4.255,48.5702332186208,6.599999905,2.52520747322798,80.7590729222478
HRV,2023,Croatia,85621337533.3348,22183.4982258492,47759.6272293173,3859686.0,48440834509.8048,39173544657.4814,10149.4123245988,56.5756573131614,7.94128177586822,6.121,57.2431560672198,83.24117599,22.815365461733,58.6141257780841
HRV,2022,Croatia,71196460236.6301,18465.531473659,42125.1926231817,3855641.0,42034690017.9852,37931607855.584,9837.95116183897,59.0404212207712,10.7805806758686,6.811,56.9977571733605,82.07155532,22.4847051223347,58.1918903516528
HRV,2021,Croatia,69002262504.9821,17788.7601163765,36930.076102199,3878981.0,39944507718.8911,35486610446.0955,9148.43626356909,57.8886927309189,2.55450699642041,7.483,56.7683502560171,81.25396608,22.1006673274542,57.4325023610932
HRV,2020,Croatia,57959824238.1808,14807.5559227544,31594.0082486835,3914206.0,33938204666.3461,32042389772.1362,8186.17869681264,58.5547059750906,0.154811374562106,7.389,56.5284863367411,78.32090004,21.6661760190675,56.5384976854398
HRV,2019,Croatia,61467261345.012,15563.7354996625,33063.9987060793,3949390.0,34881377790.9132,33789717100.0173,8555.68001641198,56.7478964047645,0.771820346498112,6.551,56.303247958306,79.0797836757554,21.1822163945349,55.5626368276391
HRV,2018,Croatia,61668280700.0968,15460.4560798984,29789.4340021154,3988775.0,34964688097.8813,32464774369.7358,8139.03375591149,56.6980102265546,1.50012501041747,8.322,56.093170097094,75.2946259897258,20.6682803013664,54.404174761829
HRV,2017,Croatia,56182225079.1072,13901.6498657787,27887.4600052514,4041407.0,31898200501.3607,31405660751.874,7770.97202827482,56.7763210809941,1.12937210282347,11.078,55.9009887365155,67.0961920368478,20.1354432241616,53.1539680921575
HRV,2016,Croatia,52650804052.1394,12820.1872746645,25802.8242312486,4106867.0,30032410031.1703,30439009433.9843,7411.73489036395,57.0407433881344,-1.12500000000002,13.015,55.7294398599808,72.6972696701463,19.6581193481792,52.0598913960268
HRV,2015,Croatia,50999271058.5849,12283.8750299177,23749.8280957224,4151725.0,29504930062.6756,29504930062.6756,7106.66772550582,57.8536309446112,-0.464499004645003,16.15,55.5812594509004,69.8450359238281,19.2311236257324,51.1801168956063
HRV,2014,Croatia,59607109597.2123,14186.7712230471,22706.2761364179,4201598.0,35308856175.33,29394605727.4817,6996.05381749556,59.2359811001159,-0.215196159576176,17.209,55.4591834926844,68.5678992528467,18.8122396153648,50.4049904010098
HRV,2013,Croatia,59846869998.8711,14135.0903485872,22430.1102453055,4233922.0,36315583268.5884,30141659082.9378,7119.08700324139,60.6808397319249,2.21658206429779,17.231,55.3659479687433,66.7476,18.4765925399494,49.8940738721452
CUB,2023,Cuba,,,,11019931.0,,48715800143.3196,4420.69919887154,81.139390869678,,1.73,77.1259872296321,69.55580139,16.1955286378621,46.4332711231648
CUB,2022,Cuba,,,,11059820.0,,47280170605.2673,4274.94937578255,61.8932763432861,,1.829,77.1056060791016,67.88410187,15.8758777267623,46.0981840600074
CUB,2021,Cuba,,,,11122168.0,,46322561819.5141,4164.88600239756,52.5993272415804,,2.11,77.0987701416016,67.64354869,15.7445780469879,46.0078314263682
CUB,2020,Cuba,107352000000.0,9605.27914559614,,11176354.0,54345000000.0,47588924992.8179,4258.00086439798,50.6231835457188,,2.233,77.1080322265625,71.11907507,15.6395502504663,45.9321906866978
CUB,2019,Cuba,103427600000.0,9232.26115935183,,11202846.0,56540000000.0,52116800249.841,4652.1036038379,54.666259296358,,1.705,77.0728225708008,67.9708086565152,15.3697053690774,45.6054628733426
CUB,2018,Cuba,100050036100.0,8911.46205998726,,11227118.0,55987000000.0,52567236853.8107,4682.16659465151,55.9590002986516,,1.7,77.0156326293945,62.6789236230601,15.0605041766063,45.2552043623452
CUB,2017,Cuba,96850649700.0,8610.60829605429,,11247829.0,54221100000.0,51412934283.0951,4570.92068905876,55.9842398248775,,1.7,76.9603271484375,57.1484043170788,14.7546073113309,44.9911054965453
CUB,2016,Cuba,91370407900.0,8110.55874283616,,11265612.0,51028700000.0,50565348634.4283,4488.468858543,55.8481691970207,,2.0,76.9115829467773,42.9786751910106,14.4765104638789,44.8534738389399
CUB,2015,Cuba,87132800000.0,7727.91997207998,,11275065.0,48553900000.0,48553900000.0,4306.30776851397,55.7240212640934,,2.4,76.8702850341797,37.3050974155373,14.2021227461714,44.716554207685
CUB,2014,Cuba,80656100000.0,7146.70459051328,,11285775.0,44432000000.0,45228599573.269,4007.57587079921,55.0882078354892,,2.7,76.8442459106445,29.0701843656523,13.919061211168,44.5555609209574
CUB,2013,Cuba,77148000000.0,6828.36428245396,,11298167.0,41878000000.0,43245988912.094,3827.69956507937,54.2826774511329,,3.29,76.81640625,27.93,13.6115790458939,44.3518909268806
CUW,2023,Curacao,3281419329.60894,21217.8109173312,30676.8522403072,154654.0,,,,,,,91.4080929292235,,16.2818791222422,46.0377714825307
CUW,2022,Curacao,3075180837.98883,20057.1404960105,28636.1483744106,153321.0,,,,,,,91.4007684350799,,15.7946418695996,45.7354688465377
CUW,2021,Curacao,2739594357.5419,17795.5826483092,24905.7684266978,153948.0,,,,,,,91.391865832772,,15.3428360975531,45.523636673
CUW,2020,Curacao,2534327597.76536,16299.8134688605,21722.0174102902,155482.0,,,,,,,91.3820881678218,,14.9271962727951,45.4475720072218
CUW,2019,Curacao,3026124134.07821,19220.6866958303,25396.9967729561,157441.0,,,,,2.62220783425059,,91.3714918191305,,14.1400632046554,44.1608980698092
CUW,2018,Curacao,3046364804.46927,19119.1243941688,24623.0413085512,159336.0,2230837988.82682,,,73.2295090054214,2.58368756641814,,91.3601331655991,,14.2532223467441,45.8475592453935
CUW,2017,Curacao,3033433240.22346,18938.2440469703,24321.7467432044,160175.0,2230614525.13966,,,73.5343206358266,1.58558801700345,,91.3480685861287,68.1272162511339,14.7929573452966,49.2174690713966
CUW,2016,Curacao,3024690167.59777,18944.0961493998,23649.5914937775,159664.0,2067486033.51955,,,68.3536467856332,-0.0472079848940293,,91.3353544596205,61.855510740634,14.3516159313397,48.9472456737721
CUW,2015,Curacao,3058779217.87709,19361.8130008678,24037.6486252583,157980.0,2117765363.12849,2117765363.12849,13405.2751179168,69.2356398510612,-0.476542049801405,,91.3220471649755,,13.9266679470866,48.550043254222
CUW,2014,Curacao,3059406983.24022,19623.029993395,24347.7604866101,155909.0,2173687150.83799,,,71.0492968979182,1.4987396961643,,91.3082030810948,,13.5171820368788,48.1259797634317
CUW,2013,Curacao,3033568603.35196,19721.2921646576,24821.7962782173,153822.0,2219273743.01676,,,73.1571964637478,1.33232086152117,,91.2938785868797,,13.130789839923,47.7622693345885
CYP,2023,Cyprus,35075440602.5202,36623.70703125,59874.734375,1344976.0,20360137958.5631,18569227857.5733,19388.892578125,58.0467062104423,3.54134188751646,5.835,66.6739477522639,91.22110357,14.3232720596026,43.6311017609808
CYP,2022,Cyprus,31218047043.8386,33231.05078125,55876.3828125,1331370.0,18054212463.6246,17520624410.526,18650.390625,57.8326134183588,8.39548297993334,6.806,66.6694829407584,89.60099194,14.0779422699926,43.0844758452367
CYP,2021,Cyprus,30372637513.1352,32937.8359375,47632.5703125,1317309.0,17276693389.2284,16087169012.1419,17445.8515625,56.8824270916768,2.44608867175474,7.513,66.6718365394971,90.75951564,13.8514250837978,42.5332066668686
CYP,2020,Cyprus,25555082266.6429,28130.330078125,42569.06640625,1302247.0,15723033032.4919,15363822937.4554,16912.072265625,61.5260513288004,-0.638422797978861,7.755,66.7180443478713,90.80194644,13.6112758903357,41.9656883212308
CYP,2019,Cyprus,26196660680.1176,29227.16796875,44393.72265625,1286671.0,16625134590.2274,16363676399.1533,18256.673828125,63.4628008250126,0.250370996758493,7.155,66.7677357070518,86.0636299618935,13.3825533556934,41.4645489568307
CYP,2018,Cyprus,25754011492.2204,29120.38671875,40262.48828125,1270737.0,16726438571.0172,15658316130.3764,17705.056640625,64.9469251656965,1.43549119531759,8.504,66.8255530496405,84.4335825186889,13.1664879646662,41.0263211340384
CYP,2017,Cyprus,22946583375.5506,26247.46484375,37768.08984375,1254275.0,14897906618.0718,14770307870.471,16895.02734375,64.9242912299762,0.531766496174467,11.155,66.8907450570326,80.743188971932,12.9503446411893,40.6130010482004
CYP,2016,Cyprus,21046452117.3759,24280.044921875,35247.0390625,1237112.0,13788097669.6821,14089439943.4058,16254.1513671875,65.5126935066585,-1.42916666666665,13.006,66.9625604106231,75.9002054030125,12.7306530327678,40.2003427063831
CYP,2015,Cyprus,19909269064.8473,23088.4296875,31380.220703125,1219502.0,13400895295.7762,13400895295.7762,15540.783203125,67.3098306729774,-2.0969976905312,15.026,67.0402477918073,71.7157409175171,12.499902624146,39.821643139521
CYP,2014,Cyprus,23225912183.4991,26993.095703125,29892.75,1201801.0,15951656984.4603,12994327712.3334,15101.974609375,68.6804326927284,-1.35498885446315,16.277,67.1230558819804,69.3286967086473,12.2610616321095,39.5330557690566
CYP,2013,Cyprus,23959708956.2926,27764.7265625,30415.8359375,1183895.0,16061244884.0926,12999617784.8797,15064.07421875,67.0343905820875,-0.399357676464425,16.131,67.2102333625375,65.4548,12.0174508719101,39.3425836453323
CZE,2023,Czechia,345059295659.911,31761.5944102491,56062.3957561294,10864042.0,163117506391.318,100300586792.878,9232.34527194192,47.2723118730543,10.6612601372427,2.579,72.7352388396817,85.99404818,20.5459005583495,56.7878159701296
CZE,2022,Czechia,301831228325.556,28282.2236715857,52946.9660854462,10672118.0,146581367470.137,102970506153.481,9648.55393779197,48.564016481434,15.1001651468371,2.224,72.6967638379524,84.54009378,20.5183106530339,57.3960588293767
CZE,2021,Czechia,290972714482.313,27696.4619527544,47796.0337408466,10505772.0,137464945528.911,102426864546.969,9749.57999725953,47.243242643381,3.83984491500146,2.803,72.6810594374316,82.67062427,20.5371541683077,57.7438182636634
CZE,2020,Czechia,251109660602.536,23472.8915454417,44839.4822099455,10697858.0,118246722891.826,98316022678.4396,9190.2531028585,47.0896749285128,3.1612952849781,2.55,72.7254901604208,81.33889705,20.2939736426932,56.9779595499788
CZE,2019,Czechia,256794209028.77,24062.7190013343,45614.0171132532,10671870.0,124196797087.072,105072997796.164,9845.79064364199,48.3643293814143,2.84787595918041,2.015,72.7876426709563,80.8669444139622,19.9485877378936,55.9088220310965
CZE,2018,Czechia,251992360762.236,23705.9329811299,41638.1831076596,10629928.0,123550772935.929,101941183675.786,9590.01638353391,49.0295708021498,2.14949494949493,2.246,72.8498744351241,80.6881675434288,19.5315793430182,54.5796531953634
CZE,2017,Czechia,221563575696.217,20913.197632212,39346.030564257,10594438.0,107816053273.254,98466262062.8431,9294.14680258105,48.6614521066761,2.4505339846014,2.893,72.9121853567256,78.7191728513432,19.085882000882,53.1389365450804
CZE,2016,Czechia,198160659303.939,18753.9686718096,36445.0485732064,10566332.0,95834696654.0392,94231438670.8464,8918.0842198453,48.3621204080916,0.683504209385703,3.952,72.9745753395623,76.4811986951838,18.5951592241056,51.6066775434751
CZE,2015,Czechia,189107698561.919,17931.5987670768,34093.0280593748,10546059.0,90967833731.3888,90967833731.3888,8625.7656752526,48.1037178407644,0.309364548494975,5.048,73.0370442874355,75.668838699279,18.0968797652582,50.0836370757165
CZE,2014,Czechia,210911285077.683,20038.4163180257,32743.489773169,10525347.0,103451282668.915,87788626500.4802,8340.68715268772,49.0496668449067,0.343988589646794,6.108,73.0995921041469,74.2317116367383,17.6054939584589,48.5926586211395
CZE,2013,Czechia,213024360541.119,20260.4954999375,31013.0082933831,10514272.0,107022308141.045,86601685212.2525,8236.58406518801,50.2394692650127,1.4382978723404,6.953,73.1622186934979,74.1104,17.0821590856387,47.0766511876963
DNK,2023,Denmark,404651706117.557,68043.5466971243,77425.3867230346,5946952.0,180111625072.406,159032372962.87,26741.8289172117,44.5102843629384,3.30517811237606,5.094,88.552638542867,98.77559197,20.6001829312424,57.3988511670291
DNK,2022,Denmark,400114306337.077,67781.0940939514,78554.1217617983,5903037.0,174658124219.985,163179077122.47,27643.241457316,43.6520567882028,7.6965669988926,4.434,88.3880239837703,97.86011812,20.4007400764725,57.3242885538036
DNK,2021,Denmark,406110162088.054,69340.7334922138,69327.998216527,5856733.0,186477915319.094,166825005898.816,28484.3112873365,45.918061828421,1.85304543989689,5.065,88.2616449318149,98.8658506,20.2481262517018,57.2872684694072
DNK,2020,Denmark,355631021931.621,60985.4885601514,62682.2899474389,5831404.0,166560942331.179,157953804449.93,27086.7537989016,46.8353242713467,0.420711974110025,5.644,88.2394485473632,96.54914573,20.0008145375227,57.0037647599834
DNK,2019,Denmark,345401473012.615,59404.2663247723,60594.966400191,5814422.0,165202847792.792,159992028248.502,27516.4114762399,47.8292250325055,0.75813157251162,5.018,88.2096490810669,98.0464347521549,19.7143802297606,56.5999643406769
DNK,2018,Denmark,355293374912.393,61324.7665045565,57233.6231685618,5793636.0,170040571612.527,157209234917.377,27134.8139436749,47.8592013302963,0.813609467455631,5.131,88.1059762310689,97.3192043651002,19.4403886413888,56.2314625278458
DNK,2017,Denmark,331610593961.988,57521.5514992225,55271.5976002659,5764980.0,155983007656.208,151518716743.483,26282.6092620414,47.0380049661767,1.14713216957602,5.833,88.0161943799509,97.0993621555621,19.1822684091773,55.8898162089196
DNK,2016,Denmark,312181849372.233,54500.9260410217,51820.9521305491,5728010.0,147538459579.897,147515652700.214,25753.3860276456,47.260422050988,0.250000000000031,5.989,87.6999969482422,96.9677852516645,18.9425702764271,55.5631659221664
DNK,2015,Denmark,301758922337.637,53094.0133607574,48897.2099776611,5683483.0,142828305756.257,142828305756.257,25130.4183994669,47.331924653564,0.452034153691575,6.278,87.7254056577329,96.3305016195436,18.7039395633233,55.326865164618
DNK,2014,Denmark,352832602064.452,62520.4509747011,47879.5955558233,5643475.0,167612186204.521,140068399097.39,24819.5303598209,47.5047331861649,0.56402054044954,6.925,87.6823985731907,95.9935053764454,18.4155552098464,55.0994237645787
DNK,2013,Denmark,344631016965.12,61377.5940590412,46869.1932887749,5614932.0,166853158151.201,140396619115.843,25004.1530540072,48.4150148818695,0.789071780078062,7.384,87.5436524760432,94.6297,18.0533476868912,54.7576779617712
DJI,2023,Djibouti,3898447007.38798,3381.29779710722,7231.79450192575,1152944.0,2770211614.83449,2828670370.56275,2453.43257830628,71.059363115226,1.44905087029086,26.074,72.8408245988921,64.75869751,4.73574810907906,52.2310906894298
DJI,2022,Djibouti,3562814908.76149,3133.25779772463,6620.28103140186,1137096.0,2593390317.9703,2686430711.3352,2362.53641850398,72.7904868589377,5.17222088647606,26.272,72.6109938538856,63.77600098,4.62735776047053,53.023749670293
DJI,2021,Djibouti,3392796953.08939,3025.91126413549,5960.10807396825,1121248.0,2563378344.14616,2369957870.35283,2113.67857097879,75.5535441580734,1.18086783934059,27.628,72.2882954556515,61.41120148,4.54105603755815,53.9382872833362
DJI,2020,Djibouti,3144136196.6228,2844.88810647853,5527.00185229888,1105188.0,2260007575.91956,2162536759.18668,1956.71393390689,71.8800788066082,1.77900535643955,27.701,71.9990170519895,59.92570114,4.47507370914554,54.9994600484975
DJI,2019,Djibouti,3088851450.30694,2837.16902340932,5398.00036773984,1088709.0,2020451169.52977,1961888589.81617,1802.03212228077,65.4110824697962,3.31763203299603,26.257,71.7418146554518,58.4762001,4.4058145932476,56.2039889293652
DJI,2018,Djibouti,2913464658.08768,2718.08338799203,5083.11077030183,1071882.0,1836120428.08672,1845114409.62676,1721.37829502386,63.021887805974,0.138836400011405,26.18,71.5153442785902,57.06169891,4.33377927794291,57.5386578051215
DJI,2017,Djibouti,2762581334.22612,2618.95521147369,4676.71336058903,1054841.0,1722880586.98747,1837149410.48146,1741.63633237755,62.3648819183128,0.577285724560661,26.064,71.318261933957,55.6814092453962,4.26723281861097,58.9599887882409
DJI,2016,Djibouti,2604955228.70117,2510.4300076241,4431.56588556176,1037653.0,1598872039.32006,1661172737.80935,1600.89426601123,61.3781005409931,2.4025290543489,25.982,71.1492236341041,30.79999924,4.20015168847389,60.3724419537361
DJI,2015,Djibouti,2424391785.43897,2376.12554719873,4263.96288890455,1020313.0,1492350011.53493,1492350011.53493,1462.63941705627,61.5556454405623,-0.522166521445793,26.063,71.0068853915837,22.89999962,4.12368557491672,61.7007586503093
DJI,2014,Djibouti,2220637966.25047,2214.62084142432,3978.34667092554,1002717.0,1343673510.72749,1350518394.3325,1346.85897848795,60.5084453724022,1.34186494340162,26.16,70.8899032189478,17.0,4.03239197480846,62.8930725656184
DJI,2013,Djibouti,2044440443.16654,2075.94498424748,3762.2819610399,984824.0,1192487100.56774,1235268732.06787,1254.30405033576,58.3282875543568,2.70603242872186,26.149,70.7969331287484,12.69999981,3.93298501408119,63.9477004930963
DMA,2023,Dominica,659311111.111111,9912.96212766668,20302.7023497562,66510.0,,,,,5.08677483158112,,73.1105011438027,81.33650208,12.7438524744213,44.6215399334624
DMA,2022,Dominica,623062962.962963,9323.66089490562,18799.1022306558,66826.0,,,,,2.88490226829353,,72.682648635692,80.57980347,12.585576081345,44.6710398129506
DMA,2021,Dominica,562911111.111111,8376.40414141113,15808.9743503945,67202.0,,,,,2.22891330700344,,72.2613620044042,78.07949829,12.4110889556858,44.7922950960958
DMA,2020,Dominica,528944444.444444,7827.74842680426,14243.7623123898,67573.0,,,,,1.22026442242476,,71.846576780589,75.65670013,12.18534029864,44.993991932023
DMA,2019,Dominica,644259259.259259,9491.14995962374,16020.5944720217,67880.0,,,,,1.50462353858141,,71.4382284948964,73.38200378,11.9680909834194,45.2600042799058
DMA,2018,Dominica,628244444.444444,9215.3085405645,15069.8972415303,68174.0,,,,,0.98919111918989,,71.0362526779762,,11.7873985141072,45.5869477011126
DMA,2017,Dominica,563355555.555555,8224.64896571414,12696.1956612622,68496.0,,,,,0.296252889279487,,70.6405848604787,69.61969757,11.6509602680429,46.0198686791166
DMA,2016,Dominica,612711111.111111,8802.56172041363,12945.0029571643,69606.0,,,,,0.141816225732312,,70.2511605730541,67.02999878,10.5643869466214,45.5958332461773
DMA,2015,Dominica,583177777.777778,8282.59874702141,12092.7315992676,70410.0,,,,,-0.84382698463833,,69.8679153463528,65.0,9.64138616673768,45.6066339930103
DMA,2014,Dominica,572255555.555555,8131.74876096735,12083.292631482,70373.0,,,,,0.799250372687492,,69.4907847110252,57.5,9.54556434996376,46.6266616660416
DMA,2013,Dominica,545325925.925926,7822.21797211398,11286.2696974861,69715.0,,,,,-0.0464116468805992,,69.119704197722,51.0,10.1527648282292,48.3929331630481
DOM,2023,Dominican Republic,120456239153.739,10630.431743829,25861.2335511855,11331265.0,82035129159.7219,69102813087.1749,6098.41999875344,68.1036779298913,4.78561281021135,5.555,72.3577991823338,86.12689972,7.58086111388,52.6597760530361
DOM,2022,Dominican Republic,113478103598.499,10104.2464008585,24621.9061494267,11230734.0,77956549622.8287,67316097552.6198,5993.91789998942,68.6974377882183,8.81109209279587,5.504,72.4203155643711,81.51269675,7.28713311557077,52.6230488664845
DOM,2021,Dominican Republic,94850719516.7127,8527.0754858205,22053.4589869955,11123476.0,64632722127.7418,63836387350.5689,5738.8883969875,68.1415201245294,8.24300347981809,7.702,72.9243347395035,85.24298638,7.02934527971945,52.5919772127359
DOM,2020,Dominican Republic,78546672406.8291,7135.22273255899,18998.3069667315,11008300.0,55181346796.7971,58966780422.884,5356.57462304661,70.2529402022121,3.78103179915517,6.126,73.2643793773663,81.61730194,6.80997065850313,52.6544058344344
DOM,2019,Dominican Republic,89146130744.723,8183.01623600375,19766.7628586981,10894043.0,61143725953.9738,61630038251.5801,5657.22370029015,68.5881994464389,1.81060377042959,6.356,73.5403464672933,79.71549988,6.58282666119334,52.7342819533255
DOM,2018,Dominican Republic,84994732049.3461,7882.98221584944,17994.8382742736,10782053.0,58647450933.7943,58768148890.8072,5450.55277420795,69.0012775141698,3.56443426013508,5.861,73.7589255716938,74.8220483597284,6.35280190364479,52.8255002735594
DOM,2017,Dominican Republic,79070274743.1658,7412.71571571512,16846.2072320323,10666843.0,55785163781.9533,55843568728.9211,5235.24802314247,70.5513721346654,3.27955694678546,5.832,73.926806252977,67.5712453277737,6.13304705056594,53.0040997727066
DOM,2016,Dominican Republic,75552902635.7075,7160.44200982307,16282.1899127514,10551430.0,53526719234.9049,53675229436.816,5087.00995379925,70.8466748034738,1.61416607245223,7.284,74.0506780735522,63.8708647408206,5.92926768832602,53.2984780323269
DOM,2015,Dominican Republic,70966782572.4386,6800.95309395474,14804.0974069659,10434829.0,50603080993.7304,50603080993.7304,4849.44036876219,71.305305326584,0.836746346724557,7.605,74.1372305958285,54.2157663369785,5.74422925378078,53.6903366896845
DOM,2014,Dominican Republic,67014329099.5549,6496.45166971142,13464.7925609074,10315528.0,48219839721.8735,47527098727.9098,4607.3355360879,71.9545213236996,2.99864226125219,6.719,74.1931533822153,49.58000183,5.58025752924414,54.1088178150535
DOM,2013,Dominican Republic,62555417414.582,6136.59429329301,12413.910018356,10193833.0,45960006601.8251,45116923225.7192,4425.90370331937,73.4708655162959,4.830950967408,7.351,74.2251359951216,45.9,5.4281841495826,54.4757716527618
ECU,2023,Ecuador,120792801000.0,6718.1447938811,15907.3619798807,17980083.0,79155240000.0,71494654359.2997,3976.32504584655,65.5297661323376,2.21568764237058,3.51,63.1307729554263,72.6943146,8.09288255232192,49.4714073657307
ECU,2022,Ecuador,116133121000.0,6515.58528418336,15195.6639594842,17823897.0,74428140000.0,68991595677.0764,3870.73576990915,64.0886418612654,3.46616972213077,3.713,63.0901835932266,69.71811356,7.85040162653543,50.0761078196638
ECU,2021,Ecuador,107179074000.0,6061.32350181711,13507.4445638375,17682454.0,68528504000.0,65086877145.336,3680.87354534252,63.9383243785069,0.133251386096389,4.504,63.0871268249117,69.1147995,7.67036612479336,50.70912096615
ECU,2020,Ecuador,95865473000.0,5463.64515348598,11526.8013009278,17546065.0,60888654000.0,58568619033.3951,3337.99168265905,63.5146858348052,-0.338872392562139,6.116,63.0773897782521,70.7,7.56175266539115,51.4133224072679
ECU,2019,Ecuador,107595830000.0,6205.05765246766,12543.0148243925,17340021.0,68594786000.0,65521634791.8541,3778.63641525313,63.752271812021,0.266012515466155,3.812,63.0627139714638,59.2,7.40791180679909,52.1307937287794
ECU,2018,Ecuador,107478961000.0,6303.91886658338,12186.8846084388,17049547.0,67523021000.0,64154528001.8958,3762.82888934796,62.8244080253065,-0.224103246005552,3.53,63.0433276812321,57.5,7.19452567257434,52.8957612402445
ECU,2017,Ecuador,104467486000.0,6233.32244797718,11793.4797426944,16759519.0,65677273000.0,62848357685.8541,3750.00963248731,62.8686259378349,0.417335588666825,3.836,63.0194591842425,55.79999924,7.00392693239207,53.74041651825
ECU,2016,Ecuador,97671433000.0,5917.63771271481,10881.4890706732,16505139.0,62041043000.0,58822669574.1147,3563.90028427599,63.5201523049222,1.72826463324533,4.597,62.9913367571804,54.0629247288864,6.82568946634407,54.6259320805851
ECU,2015,Ecuador,97209558000.0,5976.1596805651,10877.7507461388,16266225.0,62465713000.0,62465713000.0,3840.20957536245,64.2588180475011,3.96664623255358,3.616,62.959188676731,48.9404337892669,6.63997639280165,55.4920102822515
ECU,2014,Ecuador,102717794000.0,6405.79979300441,11835.6091276538,16035124.0,60881624000.0,60022117070.7768,3743.16513366387,59.2707666599616,3.58922016616663,3.48,62.9232432195799,45.5903906666095,6.44847191551272,56.2912618898864
ECU,2013,Ecuador,96570334000.0,6109.29031510341,11295.6127804419,15807128.0,57508909000.0,57972490419.2111,3667.49041440109,59.5513203878947,2.72177577710371,3.083,62.8837286624122,40.279121941,6.26391164365569,57.0580201827907
EGY,2023,"Egypt, Arab Rep.",395926071447.591,3456.78965212363,18540.1079077988,114535772.0,312623076305.887,375964697614.929,3282.50895811772,78.9599621876046,33.8847763115546,6.753,42.7098115041919,74.01190186,4.96968538776552,59.7566710357047
EGY,2022,"Egypt, Arab Rep.",476747720364.742,4233.30783744856,17524.0240491999,112618250.0,379896656534.954,362994188549.42,3223.22703957325,79.6850494102646,13.8956609775178,6.546,42.6325129008032,72.19806556,4.82840349955892,60.4614725337186
EGY,2021,"Egypt, Arab Rep.",424671765455.704,3827.35415374308,15579.0160861551,110957008.0,352326322498.407,353200878088.986,3183.22280363748,82.9643859464814,5.21404940513043,7.441,42.5686062621468,72.05599976,4.74091190346445,61.1155654480444
EGY,2020,"Egypt, Arab Rep.",383817841547.099,3511.11381026379,15231.865417764,109315124.0,310212102308.172,332576162980.405,3042.36185086708,80.8227416051751,5.04493288977539,7.974,42.5181534630674,71.91420096,4.6911816369123,61.7215527133255
EGY,2019,"Egypt, Arab Rep.",318678815489.749,2962.98892023003,13363.732696323,107553158.0,254612756264.237,309767435555.79,2880.13333421404,79.8963545389564,9.15279959324804,7.851,42.4812027332648,57.2828663990195,4.5935289970751,62.1682059377755
EGY,2018,"Egypt, Arab Rep.",262588632526.73,2484.70315630508,12329.2446781436,105682094.0,213680360157.569,305033187090.032,2886.32800074942,81.3745660280314,14.4014657807422,9.855,42.4577177449969,46.92433676792,4.47225716625305,62.4836024422364
EGY,2017,"Egypt, Arab Rep.",248362771739.13,2395.10333299491,11124.7351098149,103696057.0,209843750000.0,296024698103.149,2854.73437146361,84.490823053147,29.5066083940039,11.767,42.4486008687179,44.9502042452857,4.36669397966263,62.5250399173232
EGY,2016,"Egypt, Arab Rep.",332441717791.411,3270.6287768197,10665.6676499685,101644589.0,276220858895.706,284121575519.821,2795.24545590735,83.0885066804458,13.813606214829,12.45,42.5210717266225,41.2480670885772,4.27700484872835,62.3353502105713
EGY,2015,"Egypt, Arab Rep.",329366576819.407,3306.98159414141,10903.3368231185,99597342.0,271495956873.315,271495956873.315,2725.93576717454,82.4297229837555,10.370490343517,13.052,42.6056314089048,37.8193834276939,4.20129434779494,61.9778656218534
EGY,2014,"Egypt, Arab Rep.",305595408895.265,3133.39102265541,10256.4367553616,97528654.0,253457675753.228,263385938604.238,2700.60057021025,82.9389671361502,10.0702154687481,13.105,42.6825522284408,33.8946039115275,4.13855347578159,61.5419614141439
EGY,2013,"Egypt, Arab Rep.",288434108527.132,3025.52563552448,10511.3931678495,95333553.0,232976744186.047,252295624083.27,2646.45149733662,80.7729520533219,9.46971981064921,13.154,42.7514277188751,29.4,4.08274880933054,61.261463210988
SLV,2023,El Salvador,33565430000.0,5319.7195268688,12667.4662875421,6309624.0,27755870000.0,22388093664.0618,3548.24529386566,82.6918350219258,4.04554694222477,2.992,74.6080675149903,62.61989975,8.00031824400313,49.7246065816785
SLV,2022,El Salvador,31870110000.0,5074.60050994225,11874.0814242931,6280319.0,25671890000.0,21419540979.5684,3410.58168853659,80.5516203113199,7.19861615609867,2.999,74.1465021298679,60.05609894,7.86163091397109,50.3277720476879
SLV,2021,El Salvador,29043140000.0,4642.60743101342,10809.713399518,6255782.0,23693520000.0,21439840147.8456,3427.20384883067,81.5804351733318,3.46692585313082,4.327,73.6838531494141,57.26380157,7.76244342933013,50.9622853822343
SLV,2020,El Salvador,24921190000.0,3997.19279583709,9392.68913817943,6234673.0,20060930000.0,19570668969.968,3139.00487964132,80.4974802567614,-0.371590212324095,5.008,73.0570220947266,54.60136976,7.70973010856142,51.6140634244598
SLV,2019,El Salvador,26881140000.0,4320.11671534627,9756.7521864595,6222318.0,21976230000.0,21302013481.7516,3423.48518377742,81.7533408181349,0.0753241350024612,4.17,72.4148941040039,50.4911940673888,7.62636268560709,52.2097784509694
SLV,2018,El Salvador,26020850000.0,4183.54620971358,9203.76216310773,6219807.0,21671130000.0,20947864104.026,3367.92831417856,83.2837128687187,1.09033000581892,4.006,71.7577209472656,43.79999924,7.49958097577779,52.7722014739782
SLV,2017,El Salvador,24979190000.0,4020.12671373919,8965.2189086345,6213533.0,20841390000.0,20670789092.1658,3326.7368326789,83.435011303409,1.0123540331558,4.385,71.0856704711914,33.8207289048526,7.37013810257883,53.4928042678851
SLV,2016,El Salvador,24191430000.0,3901.34014965811,8455.61614773975,6200800.0,20228380000.0,20332511724.9383,3279.01427637375,83.6179589218165,0.60404908699661,4.418,70.3990173339844,28.99710083,7.2450899275166,54.4248715450653
SLV,2015,El Salvador,23438240000.0,3790.34089108162,7933.73697858999,6183676.0,19939740000.0,19939740000.0,3224.57709621267,85.0735379448286,-0.731384487387957,3.998,69.6982116699219,26.8026049600572,7.13082257779818,55.5409330027161
SLV,2014,El Salvador,22593470000.0,3666.01248913873,7503.71105811981,6162955.0,19576630000.0,19363874568.5574,3141.97889949828,86.6472923371222,1.14134467538233,4.154,68.9166664266223,24.7617121459061,7.03019087434518,56.8238054281832
SLV,2013,El Salvador,21990960000.0,3582.26694005169,7092.58852133297,6138839.0,19280830000.0,19395041332.0175,3159.39892413166,87.6761632961908,0.757669184522973,3.693,68.0878511957995,23.1093,6.93865729334162,58.2846485906134
GNQ,2023,Equatorial Guinea,12541814272.8021,6788.35271638376,16997.002016833,1847549.0,6675111971.87133,5793716383.20205,3135.89322026212,53.222857767451,2.85949506037322,8.218,71.1290664883517,63.51950073,3.62342216634038,69.80165670554
GNQ,2022,Equatorial Guinea,13687643435.6249,7589.29964909381,18137.114494644,1803545.0,6348140147.0019,5699112817.35255,3159.95044057816,46.3786200806456,4.78671704710803,8.334,70.8910029445467,63.65950012,3.56750178121422,70.2001204157552
GNQ,2021,Equatorial Guinea,12215878032.7166,6945.63069794539,16821.4486470413,1758786.0,6471476098.59455,5483029067.05362,3117.50779631724,52.9759390300282,-0.0971007664640198,8.821,70.6431215020592,58.71730042,3.52077981039768,70.5208353532024
GNQ,2020,Equatorial Guinea,9893816007.7398,5764.05502912947,13677.110587517,1716468.0,6016784581.1331,5374497306.87706,3131.13749098559,60.8135887753143,4.76669523944228,8.625,70.3853314193247,55.00130081,3.48287778074576,70.5844003545916
GNQ,2019,Equatorial Guinea,11364133549.7478,6804.14923073888,16451.3641478324,1670177.0,6394020451.70296,5837122931.04224,3494.91277334213,56.2649182510257,1.53027528964189,7.917,70.1175419547293,49.13370132,3.44128197191076,70.7256912891081
GNQ,2018,Equatorial Guinea,13097012133.6159,8102.47084834031,18413.1294204577,1616422.0,6337287688.67224,5645185996.06104,3492.39616638541,48.3872781365636,1.06007410662171,7.818,69.8396623666175,29.39999962,3.39134829889719,71.0879666380889
GNQ,2017,Equatorial Guinea,12200913878.9827,7809.10465655488,18434.7708571004,1562396.0,5731427388.03949,5459554146.84323,3494.34723773181,46.9753941785659,0.74435474661241,7.843,69.5516019132985,26.23999977,3.34265555680364,71.2419346530161
GNQ,2016,Equatorial Guinea,11240808847.8878,7453.19797948517,16649.4757672359,1508186.0,5367384175.05545,5279919911.27078,3500.84134932348,47.7490921488625,1.41193915479015,7.798,69.253269853051,23.78000069,3.29999084993496,71.2514690269506
GNQ,2015,Equatorial Guinea,13185496881.0174,9068.91003238645,19478.7010123338,1453923.0,5134187990.98255,5134187990.98255,3531.26540468962,38.9381457317245,1.67663085315988,7.778,68.951270615355,21.31999969,3.26853622922259,71.204856163819
GNQ,2014,Equatorial Guinea,21765453081.9826,15548.6624656619,27177.271665026,1399828.0,6045775563.47366,5037388519.39666,3598.57676757191,27.7769341198706,4.30999866149107,7.669,65.5593240167184,18.86000061,3.25068624526951,71.1300002078262
GNQ,2013,Equatorial Guinea,21948834283.7856,16304.0713196418,27909.5175876754,1346218.0,5667313486.35325,4861953903.24058,3611.56506839203,25.8205671111195,2.94887694639662,7.675,62.2120073583984,16.39999962,3.25809044300403,71.096275000985
ERI,2023,Eritrea,,,,3470390.0,,,,,,5.909,34.696403503418,,4.15096057661539,74.912024628064
ERI,2022,Eritrea,,,,3409447.0,,,,,,6.033,34.8469276428223,,4.11604873165648,76.4200369145176
ERI,2021,Eritrea,,,,3350183.0,,,,,,6.489,34.9871139526367,,4.10061181732461,78.172033517913
ERI,2020,Eritrea,,,,3291271.0,,,,,,6.375,35.116138458252,14.34939957,4.09100376283262,80.1598040793448
ERI,2019,Eritrea,,,,3240194.0,,,,,,5.812,35.2352333068848,11.22379971,4.06758052141323,82.0125109257141
ERI,2018,Eritrea,,,,3192760.0,,,,,,5.756,35.3451042175293,5.293000221,4.03411092062809,83.6220149105659
ERI,2017,Eritrea,,,,3150347.0,,,,,,5.804,35.4427146911621,2.496099949,4.00094021388755,84.8897767834611
ERI,2016,Eritrea,,,,3124698.0,,,,,,5.772,35.5254287719727,1.177099943,3.9638070623145,85.3313689275127
ERI,2015,Eritrea,,,,3105546.0,,,,,,5.751,35.591007232666,1.083699942,3.93267399677867,85.3152311289173
ERI,2014,Eritrea,,,,3095173.0,,,,,,5.637,35.639720916748,0.99000001,3.88317613961742,84.7708939128109
ERI,2013,Eritrea,,,,3074360.0,,,,,,5.624,35.6713333129883,0.899999976,3.82588509057412,84.4605670208247
EST,2023,Estonia,41470344395.1086,30264.0064885057,48848.1421016254,1370286.0,22236240666.4416,15292055805.8333,11159.7548291622,53.6196190091547,9.15922507983982,6.378,70.6770085523126,93.18342241,20.9140825455897,58.4343478723355
EST,2022,Estonia,38226641740.29,28340.3826549406,48029.83322897,1348840.0,20181430736.4242,15499979921.4983,11491.3406493715,52.7941504083353,19.3982634080616,5.571,70.4892333736738,91.52016546,20.6300461857585,58.3861937450535
EST,2021,Estonia,37201101170.5847,27951.1659277744,44247.4198971873,1330932.0,18738563960.7051,15061441207.8969,11316.4618537212,50.3709927154574,4.65316673847473,6.178,70.1777274135822,90.97970174,20.4337977975588,58.2662361985623
EST,2020,Estonia,31820771493.8974,23933.9939421065,40672.1340402132,1329522.0,16169295905.4351,14053190417.3734,10570.1074652194,50.8136514180243,-0.44453109767983,6.956,69.8815778947665,89.05828666,20.2000948355964,57.8244931778738
EST,2019,Estonia,31873748770.0313,24021.2501413306,40586.3784378888,1326898.0,16204970058.7843,14171756302.6852,10680.3660135785,50.8411174841809,2.27725931243522,4.514,69.5787397662154,90.2289281997919,19.8965346883511,57.0635499327664
EST,2018,Estonia,31222632740.7247,23618.1361254581,37120.9879761677,1321977.0,15941572660.938,13590894053.0864,10280.7341225198,51.0577464537285,3.43632688420446,5.412,69.2803532930133,89.3570077747426,19.6754905294355,56.3461436115168
EST,2017,Estonia,27469461919.1189,20851.5223496861,34506.6486942506,1317384.0,14063920619.2236,12992675177.8571,9862.48138572894,51.1983840842365,3.41723549488054,5.807,68.9931941915158,88.1024568740199,19.4674154002753,55.6249645604551
EST,2016,Estonia,24561027787.7896,18666.3736521706,31947.7769107437,1315790.0,12874621448.1981,12705309060.0146,9656.03102319867,52.4189034735699,0.148684907627373,6.882,68.724038178078,87.2402327514547,19.186016024635,54.6487232979755
EST,2015,Estonia,23311847750.9394,17722.1557669523,29712.6299473728,1315407.0,12183287002.2691,12183287002.2691,9261.99039709317,52.2622107540925,-0.49232600654737,6.412,68.4796609690553,88.4097035040431,18.88875196261,53.6171783124623
EST,2014,Estonia,27055689003.0038,20581.7898991695,29403.6584494815,1314545.0,13903939088.0388,11633381571.1133,8849.74007821211,51.3900758043719,-0.10617514652171,7.352,68.2668382808032,84.2415280294352,18.5609288129198,52.5479096603793
EST,2013,Estonia,25451032780.7573,19310.3874900757,27831.1526234213,1317997.0,13253761395.2373,11164663334.7603,8470.9322819098,52.0755346527942,2.78056658954988,8.631,68.0923458296768,80.0043,18.1984559754977,51.3710712915726
SWZ,2023,Eswatini,4621191261.84214,3755.52111232464,11309.1967529876,1230506.0,2887201597.3909,2813806383.76651,2286.70675621777,62.477431333149,,34.61,25.8081878500755,61.33330154,4.14687128709653,60.8127499411903
SWZ,2022,Eswatini,4746660273.50829,3894.1620089869,10633.7069148254,1218917.0,2919267934.67635,2683131366.10064,2201.24205840155,61.5015140428136,,36.472,25.396682918542,57.34370041,4.01504122718824,61.200849569132
SWZ,2021,Eswatini,4807069277.20114,3984.00229174306,9990.43491951205,1206593.0,2834409222.21392,2534721697.86494,2100.72634091607,58.9633529031273,,34.153,25.0156180525173,53.99530029,3.92290361252568,61.8328842416431
SWZ,2020,Eswatini,4134677809.50096,3466.56936278145,9329.30453360939,1192729.0,2327107077.14561,2426133885.83403,2034.10320855285,56.2826702433312,,32.978,24.6652798922192,49.01300049,3.87485175808932,62.7630147884624
SWZ,2019,Eswatini,4617018958.69086,3913.14577547336,9248.32206714455,1179874.0,2731365037.22826,2552626857.19454,2163.47411434995,59.1586272802036,2.59801620311077,28.222,24.3459549517751,43.93389893,3.79565953652678,63.7013214049848
SWZ,2018,Eswatini,4643751059.28203,3972.65450620357,8535.25593160454,1168929.0,2795234386.44723,2445166522.77818,2091.80071910115,60.1934589249796,4.81506167461513,26.471,24.0579295404227,39.38100052,3.68640709298551,64.5911509558562
SWZ,2017,Eswatini,4462640651.49219,3853.09956569679,8584.31100767837,1158195.0,2603187637.85317,2362945371.3214,2040.19648791559,58.3328984148148,6.22137528933118,24.543,23.8052004963161,35.33160019,3.57586743850018,65.4408298646128
SWZ,2016,Eswatini,3722306116.72872,3238.17611961364,8484.12117278345,1149507.0,2115251436.62875,2256060745.66395,1962.63332512455,56.8263697368259,7.8472745908568,22.718,23.5278881746356,28.56999969,3.47505344680222,66.2545161075709
SWZ,2015,Eswatini,3908217914.21824,3419.82276559528,8391.07006084602,1142813.0,2290157692.82066,2290157692.82066,2003.96538438105,58.5985158219807,4.95124493704919,23.431,23.2660261759632,25.64299965,3.39635767022149,67.1629718043683
SWZ,2014,Eswatini,4285065665.03168,3771.07228381938,8365.743287389,1136299.0,2640150890.25212,2349184440.75148,2067.3999015677,61.6128455579362,5.68134885776447,23.931,23.026850446568,25.0,3.31484054813038,68.1569900715811
SWZ,2013,Eswatini,4463396204.01995,3949.94310039907,8231.15139767951,1129990.0,2972739215.59854,2486777877.0497,2200.70786206046,66.6026290231898,5.62130623468948,24.556,22.8121644356992,24.70000076,3.22870113894813,69.0473127223441
ETH,2023,Ethiopia,135874093203.18,1055.81091593061,3063.42789983124,128691692.0,107230732526.856,77694952841.2432,603.729359943788,78.9191890808122,30.2188278135278,3.375,23.0586471557617,20.33749962,3.17131039041743,74.0248657156642
ETH,2022,Ethiopia,123140304665.399,982.103161502198,2844.47188098448,125384287.0,95315050188.1566,72487987009.1689,578.126563890489,77.4036173185943,33.8898797100898,3.386,22.7367687225342,17.9836998,3.12441623217276,74.9175852176508
ETH,2021,Ethiopia,109070960370.972,893.009835441784,2588.41310213778,122138588.0,78771613388.3721,68601370451.0576,561.668278423667,72.2205187526123,26.8395221557722,3.935,22.1067085266113,16.6981031,3.0936119750557,75.927506543307
ETH,2020,Ethiopia,98676811061.9985,829.790982552951,2406.78938480121,118917671.0,69116465975.819,63098076706.8877,530.603031292866,70.0432707866828,20.3563468559061,3.998,21.6260051727295,16.06959915,3.06904890918588,77.0532101922889
ETH,2019,Ethiopia,91834517113.6386,793.473247218996,2242.44488312932,115737383.0,63074073108.6689,58259508623.865,503.376757912912,68.6823158558337,15.8096321719344,2.928,21.2486705780029,15.98460007,3.03819036170098,78.2497670217938
ETH,2018,Ethiopia,83337901071.9697,739.702022272086,2095.3175782979,112664152.0,54723187261.3636,51263616799.4616,455.012671638993,65.6642254693999,13.8330356586661,2.811,20.7838096618652,15.88619995,3.00590065682161,79.5179195732953
ETH,2017,Ethiopia,76366081766.6667,696.348429076216,2004.74755633129,109666481.0,50806919600.0,49907417609.4004,455.083605804771,66.5307403818863,10.6871150284238,2.665,20.3084850311279,15.62440014,2.97727297368099,80.9854260551296
ETH,2016,Ethiopia,68475871209.607,641.651523286233,1857.54946515224,106718162.0,45513738921.3974,45933942852.6839,430.422919509089,66.466827098962,6.62813337230924,2.556,19.8763618469238,15.3669238595896,2.95342136795797,82.662242576724
ETH,2015,Ethiopia,62103418181.8182,597.912113218663,1632.61818006837,103867135.0,44245229641.1483,44245229641.1483,425.979109187409,71.2444353893903,9.56889955968623,2.442,19.451566696167,13.8551755555556,2.93507038070835,84.4571795095968
ETH,2014,Ethiopia,55612228233.5179,549.986577082588,1484.63145566608,101115610.0,39047861935.9168,40245897044.7891,398.018634756682,70.2145250716323,6.89001951597192,2.361,19.0262870788574,7.699999809,2.90825770080533,86.3346598583257
ETH,2013,Ethiopia,47648276605.0123,484.039833104062,1252.86896408004,98438751.0,35005782229.7521,37780350198.4002,383.79550547528,73.4670479688865,7.46402192944517,2.251,18.615514755249,4.599999905,2.86973572023481,88.2761548188989
FRO,2023,Faroe Islands,3943131022.2291,72486.6910957957,79784.0760936327,54398.0,1600751246.1758,,,40.5959436080539,,,39.1975270123645,,17.7259725661857,60.9866532508656
FRO,2022,Faroe Islands,3615241800.50058,67069.3987440509,75266.2952690413,53903.0,1476635917.80355,,,40.8447345790009,,,38.9959824546757,,17.792671863139,61.8854551461093
FRO,2021,Faroe Islands,3699551717.10561,69421.6981686515,68433.2144298182,53291.0,1560302776.69179,,,42.1754551903523,,,38.8083763122559,,17.8358348968105,62.4973319103522
FRO,2020,Faroe Islands,3271813311.5831,62247.9273907098,61655.542982019,52561.0,1425050961.82418,,,43.5553873681948,,,38.6689987182617,,17.6860981430595,62.4358736633908
FRO,2019,Faroe Islands,3266432734.22819,63070.7228080361,62225.8459648561,51790.0,1367354744.70372,,,41.8607960413673,,,38.3945655822754,,17.4879199097248,62.2392080696698
FRO,2018,Faroe Islands,3188600927.46688,62525.2647698273,58931.9758558052,50997.0,1374999821.84198,,,43.1223553251088,,,38.4058837890625,,17.3942861621664,62.1990394707547
FRO,2017,Faroe Islands,2980057377.87967,59388.5365965776,56417.3562497037,50179.0,1295810790.81548,,,43.4827463536108,,,38.3324699401855,97.5819589384468,17.3078836852895,61.9670120396372
FRO,2016,Faroe Islands,2813278868.78208,56876.4302363804,54319.4020922519,49463.0,1284486367.37308,,,45.6579822792029,,,38.3200225830078,95.1086816720257,17.1386743399465,61.4749281796814
FRO,2015,Faroe Islands,2573905971.05459,52638.2668218454,53685.4650513354,48898.0,1208518488.73654,1208518488.73654,24715.0903664064,46.9527054339666,,,38.1431503295898,94.2,16.8959064088273,61.1827141774071
FRO,2014,Faroe Islands,2914012679.27277,60173.3057854661,53199.5123811889,48427.0,1418930391.92925,,,48.6933499645364,,,37.9093894958496,93.3,16.5310730967922,60.5297179036696
FRO,2013,Faroe Islands,2690110520.92548,55759.364098362,49781.873438729,48245.0,1376810974.88886,,,51.1804613297151,,,37.7414817810059,90.0,16.0844664919894,59.3769614482508
FJI,2023,Fiji,5476673518.13788,5926.20586394763,14656.2474506851,924145.0,3823476473.52925,,,69.8138470527136,2.97544080604539,5.316,58.6069049738768,74.1160965,6.34304879480558,50.894119644834
FJI,2022,Fiji,4977861885.60316,5414.12092119088,12980.234013809,919422.0,3797571280.54921,,,76.28920544245,6.07882431529725,5.403,58.1352701465266,72.56549835,6.20928148336672,51.3123918957394
FJI,2021,Fiji,4158873156.17978,4536.73312110335,10322.4279638854,916711.0,3043127391.47884,,,73.1719212680718,1.53454853751592,5.225,57.6618364761928,70.56800079,6.10366844076268,51.7722535409475
FJI,2020,Fiji,4227719873.3865,4620.6457238014,10716.2914367663,914963.0,3087737256.23097,,,73.0355214797526,-1.70014167847318,5.054,57.186684691874,68.62560272,5.98707270130049,52.1893676158223
FJI,2019,Fiji,5344907153.46698,5842.07344577597,12978.0990352704,914899.0,3661787461.81829,,,68.5098422980662,1.79388647514555,4.661,56.70989552257,63.21789932,5.8208579193671,52.5393519946514
FJI,2018,Fiji,5581425327.44397,6085.41979485376,12984.2072545454,917180.0,3700332474.20211,,,66.2972674024233,4.08147637644543,4.523,56.2328347385698,58.2364006,5.64436642752786,52.8676645838299
FJI,2017,Fiji,5353469174.47838,5826.84814459328,12585.2777064526,918759.0,3441572422.13487,,,64.2867701292069,3.34757834757831,4.418,55.7408343449609,53.6473999,5.47733708041885,53.1396835397675
FJI,2016,Fiji,4930213644.36653,5363.79026679243,11765.5379751413,919166.0,3146614114.88827,,,63.8230783058199,3.86322538221278,4.319,55.1734720973874,49.41999817,5.32890685686807,53.3338671524421
FJI,2015,Fiji,4682479893.97558,5097.53106864695,11519.3012049449,918578.0,2853744463.99031,2853744463.99031,3106.69803107663,60.945151471166,1.37488542621447,4.288,54.6234188083653,42.5,5.20837642530085,53.4676358994836
FJI,2014,Fiji,4857104768.86844,5293.35676680464,10516.2596989681,917585.0,3169584787.0951,,,65.2566691048239,0.519306474579107,4.323,54.0838287543856,37.40000153,5.08225672948922,53.5588891901209
FJI,2013,Fiji,4189967998.51424,4572.44377544245,8842.15172885423,916352.0,2766637867.32063,,,66.0300476829819,2.91354193603992,4.356,53.5552726299291,35.20000076,4.93450937275775,53.6496252452254
FIN,2023,Finland,295191741637.26,52864.6931581216,63466.8356113767,5583911.0,151334357098.042,131644814605.89,23575.7365412684,51.2664603212395,6.25064322154763,7.149,74.0062548602828,93.51385075,23.5778747195571,62.6357187918865
FIN,2022,Finland,280253099309.34,50440.560224974,62133.1375219912,5556106.0,141640307071.985,131982106866.994,23754.4256475657,50.5401394029346,7.12350773301412,6.719,73.6967597835949,92.98879471,23.2287672110978,62.4687883703107
FIN,2021,Finland,294223210496.119,53099.1351400148,56790.3766177692,5541017.0,148146503019.377,130857060616.594,23616.072756426,50.3517389976042,2.19457432339998,7.617,73.3710215780329,92.80806082,22.8749565743109,62.1515551986665
FIN,2020,Finland,270000311606.226,48828.6846862799,53296.5792798852,5529543.0,135604948642.802,126798462102.33,22931.0925156618,50.2239970895185,0.290554555653239,7.759,73.0849439791673,92.17027106,22.4906828905898,61.6841512459481
FIN,2019,Finland,267014821129.411,48358.1807773701,52276.1115723992,5521606.0,137110999011.764,131295318087.596,23778.4655565059,51.3495836792192,1.02409392963431,6.695,72.7431214358314,89.6073851129779,22.061393842071,61.1278822777906
FIN,2018,Finland,273869255596.078,49654.2497035329,49248.6775395866,5515525.0,142643952375.686,130756094338.675,23706.917172649,52.0846898514478,1.08382098409296,7.361,72.3423467740343,88.8899599985585,21.6154814502107,60.4741377554613
FIN,2017,Finland,253846138440.0,46085.0174739036,47234.8528600939,5508214.0,133189410705.883,129280442965.888,23470.4829852087,52.4685589169849,0.754015047084438,8.64,71.9563038312956,87.4689290730615,21.1457473282604,59.6034639676146
FIN,2016,Finland,238777818792.608,43451.2562442158,44562.4011072067,5495303.0,128601110552.919,128706824721.599,23421.2425996527,53.8580640376048,0.356684500891695,8.818,71.6158383428171,87.7036499599455,20.6838033296157,58.6591199711513
FIN,2015,Finland,233210733506.25,42560.3456767103,42257.8593791297,5479531.0,126371299216.406,126371299216.406,23062.4298350363,54.1875999086549,-0.207928839905177,9.376,71.3054930040604,86.4221333325445,20.2090618722589,57.64433315055
FIN,2014,Finland,273478528954.901,50073.7760815871,41547.0984485393,5461512.0,148591484224.705,124678183082.276,22828.5103250301,54.3338757863545,1.0411962117843,8.663,70.9879168940753,86.5303927529377,19.6661048130943,56.4163038011806
FIN,2013,Finland,270268036626.275,49691.0145200739,41325.8052072321,5438972.0,145884469781.569,124015803885.279,22801.3315540655,53.9776999169521,1.4782861568881,8.193,70.6742118159277,91.5144,19.0733570715343,55.0282238847832
FRA,2023,France,3056250648138.29,44700.1384177544,60927.0361517867,68372286.0,1670309715724.54,1441339893505.39,21080.762072302,54.6522490471129,4.8783572650844,7.335,78.7804323126547,86.83635789,21.7491423914771,62.6913599952639
FRA,2022,France,2794788137066.94,40988.6396406579,57012.0586826676,68184457.0,1511496100669.66,1431642170009.49,20996.6058688345,54.0826719787044,5.22236748369725,7.303,78.7591921123356,85.33331734,21.3773491158756,62.3607626590078
FRA,2021,France,2966433692008.09,43725.0999521245,52517.3354905855,67842811.0,1567257345791.84,1385660758508.38,20424.5776093856,52.8330483170483,1.64233141038394,7.871,78.7364603392338,86.09548575,21.0507539717053,62.0639435685389
FRA,2020,France,2647926055110.05,39169.8606000707,49481.8044309655,67601110.0,1418763819742.88,1316491719177.41,19474.4098015167,53.5801903155457,0.476498852725065,8.009,78.7119131765249,84.70639801,20.747440901072,61.777215608517
FRA,2019,France,2722793515171.76,40408.2848574751,51130.4723140578,67382061.0,1473206513201.57,1407329288295.97,20885.8154145207,54.1064353573882,1.10825492288294,8.415,78.6890784549356,83.3397440866883,20.4100888765873,61.339333625721
FRA,2018,France,2781576320884.39,41418.1766484844,46381.0590629457,67158348.0,1516239540873.25,1384133393554.29,20609.9976365453,54.5100822684301,1.85081508315493,9.018,78.6714432536599,82.0431867788484,20.0394210628073,60.8249786780729
FRA,2017,France,2588868323334.71,38687.1626407164,44469.1458856805,66918020.0,1408313310699.18,1369610867143.6,20466.9962910379,54.3988003563324,1.03228275064681,9.409,78.6467804026368,80.5024597243607,19.6708486830069,60.2613491660523
FRA,2016,France,2470407619777.13,37024.2157133669,42880.2351355431,66724104.0,1349546901444.98,1349773670299.02,20229.1764052616,54.6285111267078,0.183334861123765,10.057,78.5999114705779,79.2698113207547,19.2846641669454,59.6623497311224
FRA,2015,France,2442483452642.5,36702.4323733379,40905.1767750994,66548272.0,1327030230001.09,1327030230001.09,19940.8668342447,54.3311860952586,0.0375143805125182,10.354,77.7610919150066,78.0060377071902,18.8516269618174,58.9738911271226
FRA,2014,France,2861236112552.42,43148.0459288416,40218.1258637776,66312067.0,1559776828853.33,1305976419298.48,19694.4007083731,54.5140899770728,0.50775882293799,10.273,77.3524296788613,83.7510996681821,18.387873214191,58.0626367615727
FRA,2013,France,2816077607875.26,42669.1795111893,39583.3520435045,65997932.0,1541555506508.51,1292776916739.16,19588.1428033102,54.7412295100639,0.863715497861804,9.913,77.2440721470918,81.9198,17.9295780155891,57.1679224697779
PYF,2023,French Polynesia,6137447782.87066,21832.2831795569,,281118.0,4508498002.18258,,,73.4588409007014,,11.613,61.6967135028569,,10.7255481229446,43.7995222335327
PYF,2022,French Polynesia,5622688338.06317,20053.9569369322,,280378.0,4156004677.25015,,,73.9149038212877,,11.793,61.6913806937112,,10.1726954325946,43.8573627501283
PYF,2021,French Polynesia,5994931236.42282,21426.3854449835,,279792.0,4364581945.8587,,,72.8045372620996,,12.558,61.7399813226008,,9.65288500028593,43.9054246580979
PYF,2020,French Polynesia,5574821989.38239,19966.4838503859,,279209.0,3956046172.51387,,,70.9627353133143,,12.963,61.7673100921,,9.20636512433338,43.9125213258905
PYF,2019,French Polynesia,6022276196.13871,21582.5892046801,,279034.0,3973085986.58093,,,65.9731612629847,,11.591,61.7824142427508,,8.77511123216388,44.1090343805358
PYF,2018,French Polynesia,6135116253.33452,21925.616043938,,279815.0,3979947038.80939,,,64.8715831040078,,11.599,61.7888025236875,,8.30422188906619,44.6934596450585
PYF,2017,French Polynesia,5833352692.7995,20826.9312492172,,280087.0,3764502630.51125,,,64.5341166351561,,11.595,61.7896941062846,72.7038953132942,7.87488865047048,45.1927612787509
PYF,2016,French Polynesia,5497036476.8031,19690.0775734589,,279178.0,3564718950.60884,,,64.8480133914258,,11.727,61.7744381369651,68.440419493378,7.55684107780892,45.5128271951131
PYF,2015,French Polynesia,5325846361.81186,19166.9594761931,,277866.0,3480081314.89565,3480081314.89565,12524.3150111768,65.3432539821093,,11.794,61.7374742154907,64.560209747212,7.31521668718015,45.9045488676402
PYF,2014,French Polynesia,6151996560.84289,22258.6321384251,,276387.0,4089827105.31617,,,66.4796715158732,,11.894,61.6824807401268,60.68,7.0737641897698,46.25508001016
PYF,2013,French Polynesia,6031827122.60663,21955.6329264095,,274728.0,4065332237.74708,,,67.3980231049836,,12.027,61.6130486661995,56.8,6.83040467372214,46.5489558050836
GAB,2023,Gabon,19388372070.9778,7802.82433276138,20772.7726890351,2484789.0,6685090126.23857,5527468361.71632,2224.52222772892,34.479893937281,3.62901534185376,20.161,91.6375962797313,68.19789886,4.04183293668656,68.6454953915487
GAB,2022,Gabon,20440655695.229,8409.20741452279,19989.3886367516,2430747.0,6146854786.31137,5412612479.10168,2226.72803014945,30.071710408713,4.23124798274579,20.319,91.2243355459988,67.67169952,4.01133890116906,68.8765794313179
GAB,2021,Gabon,19444935097.2333,8181.40914134398,18523.5798032135,2376722.0,6649439900.86752,5429860455.89664,2284.60057840027,34.1962565964728,1.0869074651941,21.223,90.7881967286967,65.76809692,3.99541890048563,68.9693587373809
GAB,2020,Gabon,15342236163.9943,6605.80346077904,14477.1308291818,2322539.0,6429020661.99473,5508760702.12169,2371.87005347238,41.9040653088275,1.35276110675333,21.279,90.3480750410147,63.91790009,3.99306534788006,68.9505821693099
GAB,2019,Gabon,16874405465.391,7441.1786472281,15949.6373739622,2267706.0,6357215782.35636,5621184389.81107,2478.79768797678,37.6737171297373,2.46456756151187,20.371,89.9031850170394,59.51760101,3.99260397789748,68.8283668428129
GAB,2018,Gabon,16867326401.9626,7624.2775233771,15432.0430535353,2212318.0,6513218333.09809,5568533074.45978,2517.0581600203,38.6144085783521,4.74906652083221,20.459,89.4539949981866,55.42020035,3.99083766231565,68.6293819615364
GAB,2017,Gabon,14929487485.1623,6921.73373135624,14796.6286374171,2156900.0,5967277898.5175,5590896661.09562,2592.09822481136,39.9697438003019,2.65192583143902,20.307,89.0009733256896,51.60490036,3.99443645973388,68.4228116122644
GAB,2016,Gabon,14023890265.3665,6677.07003901644,13997.7352841911,2100306.0,5671152360.24215,5567513105.97717,2650.8104561798,40.4392237312901,2.10670712784054,20.117,88.5445883406178,48.0522995,4.00291671784968,68.2944242565074
GAB,2015,Gabon,14383107762.6952,7047.12654634355,14306.4340768252,2040989.0,5442339301.95339,5442339301.95339,2666.5206436455,37.8384101109841,-0.338795188753406,19.943,88.085308383892,45.78450012,4.01687514805931,68.3469004124975
GAB,2014,Gabon,18203966895.8433,9201.36276648105,14853.6712460355,1978399.0,6278553005.78525,5227991644.70635,2642.53653823437,34.4900264964714,4.69045751826284,19.873,87.6236017962969,38.07120132,4.04210575265511,68.6350137744804
GAB,2013,Gabon,17595744798.3398,9197.70106323947,14497.9921216902,1913059.0,5680506393.13708,4953564188.63677,2589.34208962545,32.2834097575286,0.505441058915615,19.736,87.1482480671637,30.53800011,4.08304293883329,69.1388947339571
GMB,2023,"Gambia, The",2382262185.38179,883.024111978927,3291.84381275128,2697845.0,2211034508.77909,1635603310.63066,606.262891541457,92.8123916144329,16.9742129632327,6.479,63.8020182456108,48.72829819,2.97785770163636,77.6473477794781
GMB,2022,"Gambia, The",2204734527.88096,836.244875868476,3066.82429529872,2636470.0,2018443312.94091,1537241149.96666,583.067946901218,91.5504015297889,11.5131198380505,6.067,63.2869880996278,48.22539902,2.88979203252834,78.8082209990315
GMB,2021,"Gambia, The",2014158842.14596,781.890925169531,2777.79620978324,2576010.0,1830610456.7738,1498244852.34133,581.614532684784,90.8870948243285,7.37034758876618,6.213,62.7550706637859,41.67309952,2.82128229728966,80.002725185959
GMB,2020,"Gambia, The",1812170891.19069,720.335143352133,2530.80414937307,2515733.0,1590021309.99273,1397038074.7609,555.320487015475,87.74124547095,5.93127636562441,5.84,62.2069251698555,36.01100159,2.76623100181319,81.1932945603832
GMB,2019,"Gambia, The",1813609692.49994,738.186751987483,2421.72318070615,2456844.0,1567081164.86722,1414551580.2095,575.759625035005,86.4067484502198,7.11567625631192,4.481,61.643210849607,31.11829948,2.71508895151666,82.281039268218
GMB,2018,"Gambia, The",1670671327.81651,696.219806960615,2277.44236224191,2399632.0,1478523130.84743,1359717830.79553,566.635980348459,88.4987433632318,6.52096823946573,4.055,61.0645869348107,28.30900002,2.6705969915387,83.2704899189591
GMB,2017,"Gambia, The",1504909462.69521,642.522641296331,2038.95429850128,2342189.0,1294574839.75864,1239514026.47796,529.211787126469,86.0234367481567,8.03418974545911,5.097,60.471712657237,22.5156002,2.63862139221045,84.1843109963001
GMB,2016,"Gambia, The",1484578885.97132,650.056501323611,2012.67648180251,2283769.0,1172567019.84261,1131679042.23321,495.531309091773,78.9831399949774,7.22879272057922,6.244,59.8652472486563,19.90640068,2.61985721413654,85.0043055925719
GMB,2015,"Gambia, The",1378176608.93204,619.536364296461,1990.31625750973,2224529.0,1125435952.79071,1125435952.79071,505.921007454031,81.6612287203754,6.8084549457961,7.226,59.2458499408388,17.59950066,2.6148231827951,85.7554289646096
GMB,2014,"Gambia, The",1229461721.40861,568.00453558864,1933.70329718446,2164528.0,1074842339.25212,1115820745.78142,515.503031506832,87.4238148724684,5.94799935696626,8.191,58.6141799655551,15.56000042,2.62946471470917,86.4831870148444
GMB,2013,"Gambia, The",1375609453.43746,653.862713272743,2006.74081646788,2103820.0,1176742702.45109,1110267684.48618,527.738915157276,85.5433713043018,5.69912989637382,9.454,57.970305611505,14.0,2.65258022373117,87.1721872628454
GEO,2023,Georgia,30777833600.6515,8283.66960652261,25092.632631604,3715483.0,21996831224.279,16926073637.7397,4555.55136108541,71.4697191156864,2.48776056578715,11.549,60.7523077799724,81.88425624,15.317458316393,57.1296262620538
GEO,2022,Georgia,24984568959.605,6729.84659930283,22457.7729614408,3712502.0,18274142137.0276,16172918512.8239,4356.33934010645,73.1417146582487,11.8981654203198,11.621,60.0101622679115,78.71127536,15.086921296037,56.9467002951653
GEO,2021,Georgia,18853115588.8106,5083.60695484577,18915.6534005263,3708610.0,15355279393.9582,16643484402.5688,4487.79580558991,81.4469063302813,9.56691433824769,11.785,59.4293560618005,76.4427093,14.9888437253115,56.6470045343285
GEO,2020,Georgia,16010869215.68,4300.85701291207,16791.2598654465,3722716.0,12788257902.6916,14825288059.2128,3982.38491983079,79.8723525276668,5.2024648897534,11.734,58.9990552763878,72.53157487,14.8874851870996,55.9766272791797
GEO,2019,Georgia,17638337116.9126,4741.2832715876,16770.1333771469,3720161.0,12150966231.5551,13460752135.1721,3618.32515721016,68.889522583759,4.85289821696723,11.565,58.6304091780343,68.8467135616978,14.7044720808539,55.0571018914481
GEO,2018,Georgia,17902544880.6471,4804.0546040444,15021.9057577433,3726549.0,12396162556.7173,12800890039.6368,3435.05211916891,69.2424604398995,2.6152447139767,12.667,58.3038181862576,62.7179081974285,14.5183098161021,53.9980916306557
GEO,2017,Georgia,16473125375.0684,4418.75206546679,13718.9378669764,3728004.0,11830102066.4328,12417836003.8115,3330.96101930456,71.814557329463,6.03531725272117,13.939,57.9996827205757,59.7055045962571,14.374380908966,52.905572681768
GEO,2016,Georgia,15444548901.9637,4143.40125686315,13065.294157468,3727505.0,10940857176.0555,11443700826.3302,3070.06987953878,70.8396033157333,2.13492713939121,16.604,57.6984032005062,58.4592896118725,14.2606638033131,51.7515422454964
GEO,2015,Georgia,15223796148.8396,4086.6223465965,12269.6528932768,3725276.0,11456738649.353,11456738649.353,3075.40666768126,75.2554654393887,4.00357820695097,16.506,57.3803800455672,47.5697596438736,14.1419424262625,50.5208240737897
GEO,2014,Georgia,17966015109.3043,4830.33486170249,11770.6989360253,3719414.0,13640173543.4824,11037678048.8405,2967.58522951209,75.9220865645294,3.06881210379543,17.439,57.0237612994258,49.1024547144647,14.0293265167653,49.325960072298
GEO,2013,Georgia,17517660143.6859,4712.00229382665,10797.3423273476,3717668.0,13241211891.6644,10449418022.1014,2810.74534415162,75.5877884549386,-0.512058410947092,19.416,56.6182119019407,43.3,13.8538640763955,48.3975588463877
DEU,2023,Germany,4562207532490.28,54776.7668235491,72262.2235142279,83287273.0,2398806343954.94,1971519313377.3,23671.3154646965,52.5799479061742,5.94643667725823,3.071,81.9034366692129,92.4763763,22.7900439454493,57.9918953896649
DEU,2022,Germany,4201021706478.62,50506.5179638543,69669.6495435563,83177813.0,2205114386659.54,1984489835313.29,23858.4036263768,52.4899546045887,6.87257438551097,3.137,81.7867852780995,91.62984383,22.4589063795192,57.1621227360374
DEU,2021,Germany,4355251953410.78,52349.2459994422,62630.7748127737,83196078.0,2178227991523.22,1862822692506.53,22390.7513104949,50.0138227322844,3.06666666666673,3.594,81.6325870653934,91.43060973,22.1345373657439,56.2311272070142
DEU,2020,Germany,3941398957073.94,47394.8734504469,58704.5861986404,83160871.0,1997437147251.37,1826834060777.96,21967.471465973,50.6783801641397,0.144877925813982,3.881,81.4700055002738,89.81294133,21.8447281174981,55.295066596629
DEU,2019,Germany,3959894794039.21,47656.199739747,59310.9693966204,83092962.0,2087948700352.94,1959096851374.7,23577.1695245946,52.7273780984259,1.44565976888253,3.163,81.3053991689039,88.1345169091916,21.6283933065816,54.5379868593646
DEU,2018,Germany,4055433215301.96,48916.1686612154,56320.6026829454,82905782.0,2135752688116.86,1926944566055.02,23242.5835637739,52.6639837159256,1.73216879766942,3.384,81.1423036204018,87.037112092841,21.4497613850113,53.8754552465607
DEU,2017,Germany,3765351626105.89,45553.9341495339,54142.7414864571,82657002.0,1981212253670.59,1900090109853.54,22987.648521943,52.6169253339974,1.50949485109628,3.781,80.9842544038853,84.3941537010844,21.2936405100178,53.258253101446
DEU,2016,Germany,3536787895179.0,42948.9381932694,51555.3799963446,82348669.0,1881000308161.87,1871956857587.22,22732.0839586032,53.1838595898235,0.491747008445174,4.104,80.8347870684725,84.1652066441212,21.134996177657,52.5820458594372
DEU,2015,Germany,3425099578746.09,41929.7549110722,48567.1117562648,81686611.0,1831035780475.78,1831035780475.78,22415.3720917101,53.4593444184216,0.514426137125456,4.612,80.6974371632814,87.5897993525767,21.0533536816501,52.1224069865761
DEU,2014,Germany,3964870735760.77,48959.5991203133,47927.5555323465,80982500.0,2131893034616.46,1789749330075.41,22100.4455292861,53.7695470217493,0.906794000434246,4.979,80.57574023743,86.1937006578756,20.9586686898656,51.8321732192251
DEU,2013,Germany,3807023797050.99,47206.8353514242,45876.2138041716,80645605.0,2087468200019.22,1772211725599.08,21975.3044893033,54.8320239457453,1.50472330251876,5.316,80.4732318400362,84.17,20.8129761139965,51.6197490623175
GHA,2023,Ghana,80547146875.9526,2383.90410476221,7562.64422849208,33787914.0,68650427211.5376,56956878048.6735,1685.71750385873,85.2301166138924,38.1069656296501,2.829,57.8074737774654,70.67430115,3.6318149146467,66.1425812587668
GHA,2022,Ghana,73919003212.1998,2229.89122654479,7207.01563645025,33149152.0,57455010577.6267,51704964982.1277,1559.76735037227,77.726982346732,31.2558951049016,2.87,57.250609602871,69.91329956,3.56150287042033,66.9188069536881
GHA,2021,Ghana,79514204730.3979,2445.18662529344,6607.50297378321,32518665.0,61667449004.0896,48956677009.6411,1505.49467543151,77.5552609916432,9.9710886750444,3.2,56.6952556826536,68.6,3.50669069594339,67.736408434496
GHA,2020,Ghana,70008243859.8666,2195.45481659987,6047.30111673554,31887809.0,54233692739.5117,45716138894.9922,1433.65569252476,77.4675806010356,9.88728956269944,3.178,56.2171613974837,62.51760101,3.46870648905354,68.6146228058037
GHA,2019,Ghana,68352629246.1555,2186.65822682613,6002.55044678386,31258945.0,52108711376.4529,44965040232.3689,1438.4695399147,76.2351235806834,7.14364003330857,3.067,55.7246279109161,22.0732,3.43641156155462,69.4561926050096
GHA,2018,Ghana,67259353965.6087,2195.32166016377,5536.49795400218,30637585.0,48584532811.7433,39411426533.5353,1286.37510213469,72.2346111688579,7.80876516610703,3.204,55.218477566593,43.0,3.40728721613155,70.2220127738796
GHA,2017,Ghana,60385409434.8567,2012.28662641265,5170.96094857439,30008354.0,46057185838.9145,37966734418.2645,1265.20549638492,76.2720436442525,12.3719215507048,3.369,54.6991419779128,37.88420105,3.38515734651757,71.0007408539075
GHA,2016,Ghana,56144179397.8516,1912.47991339951,5011.07931572904,29356742.0,40506865840.2326,35705572636.0359,1216.26482380217,72.1479346116913,17.4546347070868,5.256,54.167052758274,28.0,3.36936577242403,71.7313257725725
GHA,2015,Ghana,49436806230.4839,1722.77282833606,5191.37053389659,28696068.0,36320098978.323,36320098978.323,1265.68207805763,73.4677293047446,17.1499695007878,6.806,53.6226415210752,23.0,3.35879820466689,72.3116450715179
GHA,2014,Ghana,54678533805.9064,1949.90832923846,5517.13178763566,28041592.0,39335681669.2315,35533253993.3827,1267.16250608677,71.9398984048515,15.4896160333318,4.403,53.0663398797148,19.0,3.35054259133107,72.7330535019516
GHA,2013,Ghana,62845721959.827,2294.79584693743,5214.56935848794,27386193.0,47965599628.4114,37392058975.4919,1365.36169797284,76.322776050011,11.6661923071729,2.173,52.4985794475913,15.0,3.34807585976035,73.0364754591143
GIB,2023,Gibraltar,,,,38471.0,,,,,,,100.0,,17.4705293666576,54.4709897610921
GIB,2022,Gibraltar,,,,37609.0,,,,,,,100.0,,17.3373748653931,54.6890424481737
GIB,2021,Gibraltar,,,,36858.0,,,,,,,100.0,,17.3284317050341,54.7875020997816
GIB,2020,Gibraltar,,,,36173.0,,,,,,,100.0,,17.424598457413,55.0027852765994
GIB,2019,Gibraltar,,,,35494.0,,,,,,,100.0,,17.46069758269,55.300809450886
GIB,2018,Gibraltar,,,,34854.0,,,,,,,100.0,,17.5130544557296,55.51490273068
GIB,2017,Gibraltar,,,,34245.0,,,,,,,100.0,,17.5488034574895,55.5646406832016
GIB,2016,Gibraltar,,,,33658.0,,,,,,,100.0,94.4444715818151,17.523062525068,55.4354853606724
GIB,2015,Gibraltar,,,,33193.0,,,,,,,100.0,,17.3292159373352,54.9915950691072
GIB,2014,Gibraltar,,,,32813.0,,,,,,,100.0,,17.0206930180112,54.2254183117127
GIB,2013,Gibraltar,,,,32407.0,,,,,,,100.0,,16.7121808223405,53.42044217204
GRC,2023,Greece,242946187738.269,23343.7103964562,42613.6574438075,10407351.0,168075451116.125,157617802144.668,15144.8531086026,69.1821726781717,3.46480128513405,11.023,78.7746303842088,85.0102229,23.4829980176041,58.9062451092587
GRC,2022,Greece,217990189600.69,20884.6773436263,39447.813910406,10437805.0,154669326153.351,154079611371.295,14761.6870952556,70.9524251695323,9.64525981280632,12.426,78.5502190980809,83.17066333,23.2281742678017,58.922948792906
GRC,2021,Greece,218303801895.326,20652.89659591,33528.2271202515,10570130.0,149424322640.242,141032739105.516,13342.5737531625,68.4478792137065,1.22382501019854,14.656,78.3884898647442,78.49426371,22.8389533365326,58.3823620857966
GRC,2020,Greece,191362985554.861,17886.733165236,29533.087740299,10698599.0,135984596354.279,134201757003.324,12543.8627060725,71.061075871067,-1.24798355581405,15.899,78.3066842455552,78.11584474,22.3934327342108,57.6385194008422
GRC,2019,Greece,207305649887.019,19335.3602002969,31927.3792151369,10721582.0,143751682622.314,143067171662.354,13343.8490385425,69.3428677417415,0.253007522038157,17.045,78.1888100466875,75.6712066931757,22.1273853041386,57.2897286477691
GRC,2018,Greece,213298873494.394,19873.4015238771,29792.0592519585,10732882.0,147685453082.812,139422441573.941,12990.2147041159,69.238740300564,0.62562141345364,19.179,78.0490656849874,72.2383733920483,21.8966337548395,56.9000604480465
GRC,2017,Greece,200381103984.298,18631.9930129293,28681.6815585005,10754679.0,138042789904.12,136334874397.636,12676.7962481852,68.8901234494333,1.12125452031419,21.413,77.8895342613411,69.8929706543154,21.6563374262051,56.436632254429
GRC,2016,Greece,193097239005.87,17919.2426377048,27504.5497984948,10775971.0,131484633010.38,132921795036.373,12335.0178871466,68.0924459030629,-0.825653978390973,23.514,77.7122988766348,69.0879154723892,21.3988876993596,55.851580185391
GRC,2015,Greece,194567373678.099,17980.7298238137,26607.7256796976,10820883.0,132472582720.291,132472582720.291,12242.3080186978,68.0857125303338,-1.73588804765284,24.981,77.5194426317545,66.8349594911035,21.0794802004731,55.1924638263983
GRC,2014,Greece,233911581521.062,21474.7257123892,26450.181326726,10892413.0,160091574211.072,131967054431.301,12115.5022703694,68.4410635719875,-1.31226096405506,26.708,77.3130486275866,63.2073404784561,20.6970672852563,54.5221040368717
GRC,2013,Greece,236556279640.705,21573.3449762805,25730.8809006664,10965211.0,163718980684.317,131815157988.201,12021.2149121619,69.2093149811887,-0.921269454256994,27.686,77.0951999650171,59.8663,20.2915184129021,53.7320344476507
GRL,2023,Greenland,3326543974.39193,58498.9707973609,78905.5801137274,56865.0,1084023505.80279,1073097630.8368,18870.9686245811,32.5870787865037,,,88.0631147749908,,10.1193616165229,44.7646444846109
GRL,2022,Greenland,3152334771.77992,55635.0006491223,75708.4296211883,56661.0,1029585006.08805,1072341117.56449,18925.5593364834,32.6610300182907,,,87.8049405256832,,9.57841062323073,43.6394057699133
GRL,2021,Greenland,3293578467.57327,58135.9939910203,69302.0088788237,56653.0,1126622028.26639,1066223227.62317,18820.2430166658,34.2066247808723,,,87.5452017613678,,9.1860496239394,42.9151635932494
GRL,2020,Greenland,3089625554.40473,54812.6661771023,64999.4435683064,56367.0,1053491267.09376,1033578035.32874,18336.5805405422,34.0977004670308,,,87.2840881978115,,8.84458670280584,42.2834208400646
GRL,2019,Greenland,2997309971.87623,53309.2035905065,64264.0564607393,56225.0,1050341954.88771,1036554750.59589,18435.8337144667,35.0428205538659,,,87.0217895507812,,8.58444476142928,41.6639371110383
GRL,2018,Greenland,3055782146.15957,54545.135857765,61806.8271308174,56023.0,1099591281.75429,1031390725.21531,18410.1302182195,35.983955307031,,,86.72509765625,,8.3854227041294,41.1326078194277
GRL,2017,Greenland,2851613679.03433,50765.7494665372,60010.0982907298,56172.0,1049267343.87487,1015947986.89568,18086.3773213645,36.7955642655705,,,86.3915557861328,69.4824617821988,8.18337464999732,40.8031282899684
GRL,2016,Greenland,2707139544.46695,48181.7453541266,58908.5907726517,56186.0,1014287883.12285,1007215192.38267,17926.444174397,37.467144432799,,,86.2261047363281,68.500873675421,7.95294411444676,40.6031031031031
GRL,2015,Greenland,2499113022.81675,44536.3549705377,55815.6502896781,56114.0,992463183.572543,992463183.572543,17686.5520827698,39.7126170169741,,,86.046257019043,67.600443481006,7.71674907623927,40.5027793079273
GRL,2014,Greenland,2842065708.35962,50485.2244135291,56555.0690664102,56295.0,1185272002.49017,990654130.095271,17597.5509387205,41.7045953231772,,,85.6772384643555,66.7,7.5436597653677,40.4811219524368
GRL,2013,Greenland,2684946990.12448,47535.4883792376,52893.650357143,56483.0,1142760587.37478,983681051.237419,17415.5241619145,42.5617560263934,,,85.3725891113281,65.8,7.41156901951763,40.571414350066
GRD,2023,Grenada,1336418518.51852,11414.4781691181,18986.3762946619,117081.0,,,,,2.69612269814564,,36.462128238584,69.4131012,11.8704144993637,46.4482719801869
GRD,2022,Grenada,1224007407.40741,10469.3867012856,17541.2011831673,116913.0,,,,,2.5805392590792,,36.3688840183487,68.42030334,11.5213876985451,46.5020112025864
GRD,2021,Grenada,1122222222.22222,9617.28902905373,15290.250903138,116688.0,,,,,1.21951193916838,,36.2831603706908,67.02279663,11.2278521692555,46.6187520418164
GRD,2020,Grenada,1043411111.11111,8968.55890108484,14361.1267154452,116341.0,,,,,-0.740732597045498,,36.2050502515788,65.65380096,10.9858089581489,46.8123769622937
GRD,2019,Grenada,1213485185.18519,10462.7929159533,16446.1138871871,115981.0,,,,,0.598149764736022,,36.1346465679904,64.31279755,10.7581812616667,46.9868829605221
GRD,2018,Grenada,1166514814.81481,10083.021279225,15974.8591933124,115691.0,,,,,0.804102313277033,,36.0720421424532,61.42459869,10.5474928905446,47.1427662957075
GRD,2017,Grenada,1125685185.18519,9751.42661155932,15041.4525712067,115438.0,,,,,0.908458255874249,,36.0173296416579,54.20000076,10.363571787453,47.406527735213
GRD,2016,Grenada,1061640740.74074,9221.23461079424,13977.5055879135,115130.0,,,,,1.65038994431573,,35.9706014181883,53.29999924,10.203682793364,47.6467118087617
GRD,2015,Grenada,997007407.407407,8694.12438005692,13214.4096644941,114676.0,,,,,-0.515448031435329,,35.9319491111708,52.5,10.0670584952388,48.0008776005369
GRD,2014,Grenada,911496296.296296,7986.33421210788,12228.6481055395,114132.0,,,,,-0.98360305555498,,35.9014624346562,51.6,9.95211663738757,48.5507152061017
GRD,2013,Grenada,842618518.518518,7424.80212287327,11199.4040197944,113487.0,,,,,-0.0439997864828058,,35.8792242623778,35.0,9.85178919171359,49.0243454053628
GUM,2023,Guam,,,,166506.0,,,,,,5.262,94.1349341638921,,12.1169443835526,61.6468943556686
GUM,2022,Guam,6910000000.0,41833.1517132825,,165180.0,4140000000.0,3435368070.28173,20797.7241208484,59.9131693198263,,5.383,94.1068261842046,,11.6412398595472,60.3300169861684
GUM,2021,Guam,6234000000.0,38074.8793745801,,163730.0,3828000000.0,3393546198.12178,20726.4777262675,61.4051973051011,,6.0,94.0884327694075,,11.1937335857815,59.0069048567072
GUM,2020,Guam,5916000000.0,36482.9363953675,,162158.0,3567000000.0,3290983035.4438,20294.9162880882,60.2941176470588,,6.241,94.0804991087801,,10.7712847963098,57.7259021495963
GUM,2019,Guam,6355000000.0,39274.9431424899,,161808.0,3636000000.0,3406491063.31415,21052.673930301,57.2147915027537,,5.405,94.0799802498939,,10.3310713932562,56.481374028084
GUM,2018,Guam,6051000000.0,37195.9503070464,,162679.0,3604000000.0,3403503786.73129,20921.5927484881,59.560403239134,,5.45,94.079885002321,,9.87647490925409,55.3496056074409
GUM,2017,Guam,6013000000.0,36779.0078903909,,163490.0,3549000000.0,3426406240.53317,20957.8949203815,59.0221187427241,,5.418,94.0797139460527,80.5054655600831,9.42748791975044,54.3640003021376
GUM,2016,Guam,5901000000.0,35930.6594898711,,164233.0,3384000000.0,3336787943.04756,20317.4023676579,57.3462125063549,,5.4,94.079467256407,77.009999893206,8.98476863733648,53.5461854899028
GUM,2015,Guam,5799000000.0,35165.7014644795,,164905.0,3287000000.0,3287000000.0,19932.6885176314,56.6821865838938,,6.9,94.079145108702,73.139999947043,8.54676494577164,52.9035966953796
GUM,2014,Guam,5610000000.0,33900.1486530583,,165486.0,3260000000.0,3226258709.48197,19495.6595088526,58.1105169340463,,7.6,94.0787476782557,69.27,8.10823876339992,52.4345535270168
GUM,2013,Guam,5399000000.0,32530.7593121483,,165966.0,3218000000.0,3213313844.28961,19361.2778779365,59.6036303019078,,11.5,94.0782751403862,65.4,7.67534412065085,52.1521099386683
GTM,2023,Guatemala,104298081428.769,5754.42833909847,13751.6084364487,18124838.0,91088847332.7414,70940861870.8817,3914.01356916303,87.3351130576177,6.20657592272126,2.344,55.6082319565539,56.72669983,4.734740380431,58.4095417496558
GTM,2022,Guatemala,95609727055.5754,5356.92435887895,13008.2565459863,17847877.0,84541366017.9003,67989983222.3662,3809.41572055692,88.4233943778112,6.88512823344287,3.051,55.2581228215265,54.40430069,4.62989239560537,59.6014318443178
GTM,2021,Guatemala,86455522272.7383,4912.62240414681,11825.141273764,17598650.0,74363181159.2591,65253984369.8913,3707.89716085559,86.0132229895832,4.26105127422813,2.174,54.9047071553758,50.84164945,4.5768111594693,60.8832620120909
GTM,2020,Guatemala,77719468248.3666,4477.61785000665,10947.3711292197,17357325.0,64880894756.9496,60112931995.5272,3463.26015071604,83.4808783683529,3.21444062197345,2.965,54.5483167911628,47.51229858,4.54512130915561,62.2054538401565
GTM,2019,Guatemala,77172331693.4093,4511.99839552697,10755.8801029589,17103803.0,65485302138.6574,61108268532.7465,3572.7883753541,84.8559330808065,3.69998398008605,2.193,54.1882267267974,44.401049838502,4.46874605807685,63.4502854678952
GTM,2018,Guatemala,73328356007.6152,4352.94593289707,9946.80252245268,16845685.0,62888127471.6009,58354368833.1596,3464.0543755365,85.7623583775285,3.75186186704508,2.283,53.845962303542,41.5,4.37433087464238,64.5800677559675
GTM,2017,Guatemala,71653780740.4226,4324.99768915601,9560.1778346272,16567357.0,60841488068.9674,56354943046.1737,3401.56508042736,84.9103668226182,4.42453655182546,2.462,53.7994723140017,37.90000153,4.28938967150886,65.7208767382211
GTM,2016,Guatemala,66053408205.8838,4060.13784737643,9201.42836046357,16268760.0,55857557108.6971,54568672356.42,3354.19985029099,84.564231620862,4.44844199942827,2.583,53.6609232857043,34.50930023,4.21599740853021,66.9557228820458
GTM,2015,Guatemala,62186066547.6566,3893.50533299068,8934.00261178392,15971743.0,52433656855.1951,52433656855.1951,3282.90136243709,84.3173716655841,2.3887203283955,2.506,53.4411050262961,28.80590057,4.15188561448804,68.2484082404697
GTM,2014,Guatemala,57852159007.6243,3689.14510410202,8236.65929901848,15681725.0,49329377296.3127,49868948044.9565,3180.06775689259,85.2679971542836,3.4183616966296,2.717,53.1458479013964,23.39999962,4.08970314171432,69.5871817440447
GTM,2013,Guatemala,52996420177.4409,3444.15802275864,7699.94541247252,15387337.0,45342876641.8551,47703796244.0639,3100.19831528119,85.5583763771959,4.34337131279521,3.017,52.7809822766245,19.70000076,4.02901411631479,71.0381612271972
GIN,2023,Guinea,22407615556.0571,1555.49375806861,4337.3181486001,14405468.0,15830268377.0635,9953104902.23956,690.925480674391,70.6468224495414,7.80497591927973,5.141,37.6454083954705,32.31560135,3.44105793716664,80.7795140106788
GIN,2022,Guinea,19910452541.9219,1416.59612011764,4061.71755990026,14055137.0,14373938515.1391,9573975473.49577,681.172689636235,72.1929272319374,10.4930409984424,5.174,37.2384967469106,31.31399918,3.43104090696519,81.8207431951781
GIN,2021,Guinea,17069115737.8259,1244.96550477914,3738.8051255133,13710513.0,11811822138.6341,9213894134.75694,672.031318941672,69.1999651303468,12.5972882566934,5.815,36.8502178436256,28.61330032,3.43128298700421,82.8185160092224
GIN,2020,Guinea,14088693742.9464,1053.66097696415,3331.85663003801,13371183.0,10270093984.0529,9080491925.13896,679.109090432683,72.8959985321188,10.6016203387167,6.007,36.4802208060551,26.14550018,3.44433996602993,83.7865279487499
GIN,2019,Guinea,13442861496.4454,1031.34146480732,3105.82789015443,13034346.0,9840219193.52677,8853745672.14501,679.262747217621,73.2003316119022,9.47001039253012,5.018,36.1281547546387,23.89049911,3.45692449778455,84.7162617278037
GIN,2018,Guinea,11857030366.7891,933.273615633705,2844.46427670549,12704774.0,8719743236.01285,8431306271.65273,663.632920322135,73.5407008860869,9.82761701259191,4.835,35.8554382324219,21.8300230430563,3.46579167799443,85.5693018365772
GIN,2017,Guinea,10324668271.1362,833.598621691121,2687.09504827171,12385659.0,7679963002.33722,8145446879.6105,657.651472530489,74.3845981357814,8.91435947913097,4.86,35.5827331542969,18.70000076,3.47770352792694,86.3451129475656
GIN,2016,Guinea,8595955222.49719,711.996509782316,2255.32617992615,12073030.0,7181323751.14049,8065736584.94587,668.07889858187,83.5430567663458,8.17268112275132,4.997,35.3100280761719,13.10000038,3.4919982804648,87.1231739532877
GIN,2015,Guinea,8794201742.84609,747.356966759448,1929.68091332187,11767070.0,7543994455.79384,7543994455.79384,641.110697547805,85.7837320133204,11.7800825029834,5.15,35.0373191833496,9.199999809,3.50836699365263,87.9946472888639
GIN,2014,Guinea,8778473372.82124,765.146999389279,1873.21413058957,11472924.0,7267278824.6825,7050473905.27506,614.53156189957,82.7852237631943,6.1505055670642,5.044,34.8177920826682,6.400000095,3.53117914840192,88.9330882934155
GIN,2013,Guinea,8376613539.28278,748.455020824734,1842.00227737409,11191873.0,7129991549.78281,7186266393.42186,642.096849510521,85.1178285394946,11.8875884481828,4.944,34.5812741977122,4.5,3.55677284758324,89.8424960977693
GNB,2023,Guinea-Bissau,2076748678.11987,964.431832665395,2955.52345541775,2153339.0,1503764400.71402,1300855612.29879,604.110923685864,72.4095513606109,7.10220928557059,2.632,45.5923843383789,28.71240044,3.14256138954433,73.5656689085059
GNB,2022,Guinea-Bissau,1856239954.81555,881.602654162231,2785.7846268362,2105529.0,1399736818.84268,1307861331.42447,621.155695991111,75.4071053804985,9.39075933985203,2.666,45.1627159118652,27.67379951,3.09029227334318,74.8100197016606
GNB,2021,Guinea-Bissau,1907611288.23036,926.54619187706,2522.12869240841,2058841.0,1332365609.89164,1190862970.37377,578.414248780634,69.8447119762876,2.24248879577658,3.016,44.7334136962891,23.3519001,3.04676197754902,76.0215209126125
GNB,2020,Guinea-Bissau,1705062169.81422,846.918134967613,2339.79956661743,2013255.0,1139820420.23416,1091421083.99215,542.117657222831,66.8492000123578,1.14000939393222,2.887,44.3038330078125,20.45730019,3.01894196214588,77.1805719224165
GNB,2019,Guinea-Bissau,1596214680.12925,811.210004050041,2247.29524698075,1967696.0,1149734102.19889,1139998061.74336,579.356801936559,72.0287888910906,0.24660026814783,2.413,43.8745574951172,17.92149925,2.98298111090331,78.2909872123504
GNB,2018,Guinea-Bissau,1554133593.91699,808.531613218504,2057.96969129146,1922168.0,1070333783.99903,1015967718.55485,528.553028952127,68.8701272650185,0.381324702790992,3.127,43.4449081420898,15.69999981,2.93416156500409,79.3500481926137
GNB,2017,Guinea-Bissau,1469978606.12143,783.123186602022,2081.81287227685,1877072.0,1014218813.4384,943575713.889207,502.684880435703,68.9954812413523,1.69111461822298,3.089,43.0155792236328,14.80000019,2.88896826785767,80.3631723483211
GNB,2016,Guinea-Bissau,1245074264.10396,679.665386626818,1824.3730977071,1831893.0,903593639.422401,882995045.202911,482.012347447647,72.5734733640718,1.50312055861088,3.139,42.586109161377,13.80000019,2.84981086509669,81.2544895782418
GNB,2015,Guinea-Bissau,1152384166.79638,645.066837207039,1729.94260310123,1786457.0,839678919.884972,839678919.884972,470.024702461336,72.86449641349,1.47672048910485,3.168,42.1568145751953,6.099999905,2.81952009466785,82.028063446907
GNB,2014,Guinea-Bissau,1135250721.0374,652.022501029449,1455.90813665193,1741122.0,861898648.876767,739862286.689733,424.934201445811,75.9214359352408,-1.50924460570494,3.285,41.7271995544434,3.319999933,2.79988915196949,82.7321224104691
GNB,2013,Guinea-Bissau,1109682824.13594,654.304534409417,1415.82511935379,1695973.0,878796114.855921,744480131.379268,438.969329924042,79.1934502131452,1.20712555668405,3.173,41.2976379394531,3.099999905,2.7923498782115,83.3690490606512
GUY,2023,Guyana,16918503597.1223,20473.7002190617,54774.145474106,826353.0,,,,,2.82159393090811,11.917,26.4651457279878,79.3553009,6.47955534741206,55.7699884070538
GUY,2022,Guyana,14718388489.2086,17913.4928066879,39704.6761521236,821637.0,,,,,6.93346066500816,11.907,26.4536735068183,76.56240082,6.22245590205894,55.3409273526492
GUY,2021,Guyana,8041362110.31175,9860.87014834386,22865.9270968882,815482.0,,,,,4.50619858925893,14.576,26.443303961947,71.65090179,6.08125010729851,55.0916971436287
GUY,2020,Guyana,5471256594.72422,6775.70939096303,16819.4228714695,807481.0,,,,,0.722434045501787,15.308,26.4340397353676,62.95399857,6.0011281992219,54.9614746154658
GUY,2019,Guyana,5173760191.84652,6405.82443444562,13240.9713761155,807665.0,,,,,2.11238986774464,13.172,26.4258834773058,55.31269836,5.79881510279633,53.9720485823168
GUY,2018,Guyana,4787636997.85343,6048.38697180418,12442.5087185876,791556.0,,,,,1.25128567037044,13.627,26.4188378517884,48.59889984,5.68355598565104,54.3024230491822
GUY,2017,Guyana,4748174334.14044,6178.6650437298,12243.2225968541,768479.0,,,,,1.94571617739331,13.466,26.412905546573,42.6753006,5.62383983416582,55.4357477604303
GUY,2016,Guyana,4482697336.56174,5870.87823759835,11516.3798289577,763548.0,,,,,0.826177341246544,13.263,26.4080892882899,35.65999985,5.46390010844112,55.2559983733225
GUY,2015,Guyana,4279840193.7046,5640.41560569466,11408.473901349,758781.0,,,,,-0.865401289233742,13.009,26.4043918297579,34.0,5.31233649761921,55.2425261676201
GUY,2014,Guyana,4127660151.8087,5472.68820452237,11145.0291198724,754229.0,,,,,0.683700250354637,12.637,26.4018152016157,32.0,5.16799274490904,55.3988762771685
GUY,2013,Guyana,4167800928.83553,5556.91231156932,11199.8874744089,750021.0,,,,,1.9111250917408,12.296,26.4003891353669,31.0,5.03398902564793,55.7294370227026
HTI,2023,Haiti,19572288894.1581,1681.84407667059,3264.65805430675,11637398.0,19324405237.0587,15728355961.6577,1351.53545162395,98.7334968411721,36.8135162780854,14.459,54.4496819335618,47.99269867,4.61815413470631,56.7161065708492
HTI,2022,Haiti,20113007125.93,1748.40890116803,3245.27176023069,11503606.0,19942289475.5773,15715993132.9307,1366.1797120773,99.1512077270006,33.98393194707,14.54,53.8524949966907,47.77470016,4.54071966651153,57.4139171312685
HTI,2021,Haiti,20754978152.2134,1824.6798742577,3116.56505397604,11374586.0,20581637998.5086,15828890504.6949,1391.60146177583,99.1648261326337,16.8415240198785,15.296,53.2460637918026,43.37919998,4.48425551488204,58.120882973509
HTI,2020,Haiti,14508222518.3018,1290.32538667383,3103.18066312462,11243848.0,14087009412.0614,15643575572.5476,1391.30087604774,97.0967283848241,22.7963113642528,15.573,52.6307476732151,39.38809967,4.43421149058579,58.8189047336414
HTI,2019,Haiti,15016090929.5125,1352.17204191532,3236.97492504607,11105163.0,14506144112.7705,16303144216.864,1468.06888083174,96.6039975441292,18.7037825672506,14.095,52.0069059952475,35.76409912,4.37038159637999,59.4966700801278
HTI,2018,Haiti,16403864617.8458,1496.38048970156,3196.97386370614,10962362.0,16238542108.2354,16472062024.2334,1502.60154009085,98.9921734087558,12.4814111170435,13.934,51.374898112219,32.4736271300557,4.29881788711147,60.1712469523247
HTI,2017,Haiti,15093357161.1498,1395.23945184461,3339.38884653446,10817754.0,14355481019.888,15822570221.5949,1462.64836689713,95.1112523649735,10.6800887242584,13.932,50.735083378449,27.20000076,4.2310954750866,60.8591394627646
HTI,2016,Haiti,14069277526.2278,1318.40268167953,3253.47178641614,10671457.0,13542011460.1174,15062935119.6103,1411.51626433113,96.2523586223423,11.5029073942666,13.902,50.087821148256,22.79999924,4.16856386152331,61.5877104706967
HTI,2015,Haiti,14849629308.6025,1411.12684746796,3025.83461728258,10523242.0,14265686251.21,14265686251.21,1355.63605314883,96.0676253577978,6.73184069658997,13.785,49.4334707759572,14.19999981,4.11116669706763,62.4034039884297
HTI,2014,Haiti,15146883497.6331,1460.18898613914,3075.73843837062,10373235.0,14568448756.6204,13656203291.9208,1316.48451923829,96.1811633323578,3.43816659958601,13.808,48.7723916158687,11.39999962,4.06110051493097,63.2843449372842
HTI,2013,Haiti,14902488604.2421,1457.83221179626,3042.4970687871,10222362.0,14097964628.9884,13659088104.9115,1336.19686965806,94.6014119076417,4.76502404779142,13.704,48.1049430223048,10.60000038,4.013426446186,64.1877475497991
HND,2023,Honduras,34355805527.9795,3227.45762509776,7184.25562362375,10644851.0,29868549044.7042,23477054315.4196,2205.48454040546,86.9388698232651,6.66325180347463,6.07,58.3132392705102,58.0685997,4.29272330819849,54.5329302016737
HND,2022,Honduras,31426041806.7985,3003.28996826399,6804.41504589356,10463872.0,27409105347.8426,22443431642.2697,2144.84959700096,87.2178097271961,9.08963911525032,8.774,57.8364689017254,56.88069916,4.16665073884696,55.1663201925249
HND,2021,Honduras,28144331506.6149,2735.14751503977,6202.98078812037,10289877.0,23848629211.6866,21225736010.4368,2062.77839962876,84.7368828287195,4.48087963413446,8.506,57.3550236357547,51.95159912,4.0706416641638,55.8747769782473
HND,2020,Honduras,23352232483.755,2307.61494319511,5384.69831983038,10119640.0,18897353705.3572,18167750134.3044,1795.29609099775,80.9231139613875,3.46841177951171,10.982,56.8691654042685,45.24829865,3.99409445424469,56.6772344988914
HND,2019,Honduras,24882225741.8119,2502.32744328073,5784.93081057111,9943633.0,20447045007.4564,19670336273.9514,1978.18405747189,82.1753054554816,4.36587159819274,5.698,56.3791561389766,39.3883521850111,3.88983564207188,57.5525251243283
HND,2018,Honduras,24067750760.499,2464.64241531918,5633.3832384519,9765210.0,19400342086.4765,18775626771.9953,1922.70588876177,80.6072087065035,4.34734937777536,5.648,55.8852577716247,36.0400608231468,3.76996993561992,58.5071463840858
HND,2017,Honduras,23136247990.5977,2413.0076562942,5620.65455247733,9588137.0,17885775007.2338,17791048599.2369,1855.52715811601,77.3062901750634,3.93436084442037,5.528,55.3877322339915,31.7357924661485,3.6514707524241,59.5919942822008
HND,2016,Honduras,21717604952.1835,2307.34468351082,5186.15897417161,9412380.0,16700061283.0697,16911299866.6129,1796.70815103225,76.8964226020266,2.72461223295289,6.727,54.8868414578857,29.5282180796457,3.53528544321415,60.8206269905275
HND,2015,Honduras,20979791685.416,2271.20265980349,4845.59566521125,9237305.0,16260945743.1987,16260945743.1987,1760.35605008156,77.5076606432768,3.15783117980915,6.147,54.3828473751434,27.1395454833776,3.4226865952786,62.1657515555952
HND,2014,Honduras,19756533971.8698,2179.88171977271,4460.05742833175,9063122.0,15871143677.4812,15650328995.5142,1726.81433566868,80.333644049504,6.12924930313031,7.078,53.8768089124249,23.0,3.31527020626721,63.5795259596654
HND,2013,Honduras,18499729214.904,2081.12843527945,4137.3268237781,8889278.0,15156635040.5986,15260366253.0094,1716.71605421828,81.9289561729795,5.16189898581494,5.646,53.356379133253,17.8,3.22201663746013,65.0370119525093
HKG,2023,"Hong Kong SAR, China",380762296025.216,50525.1119312663,71519.1754897022,7536100.0,266625821579.514,227796685398.759,30227.3968496648,70.0242183542924,2.09660511249089,2.949,100.0,95.97781908,21.6452568609024,47.8071542342089
HKG,2022,"Hong Kong SAR, China",358673532516.529,48825.0272275805,68590.1858741565,7346100.0,237951829151.736,213223744557.849,29025.4345241487,66.3421768208587,1.88136707196853,4.318,100.0,95.61357052,20.6844238114149,46.1893957002668
HKG,2021,"Hong Kong SAR, China",368954169748.818,49770.5642374739,65884.9376260603,7413100.0,239735503167.916,218026031010.519,29410.9119006244,64.9770412761905,1.56875834445922,5.174,100.0,93.08715788,19.7548994425421,44.5870119180782
HKG,2020,"Hong Kong SAR, China",344943149590.058,46109.2299946609,58187.4764072535,7481000.0,228845717526.943,206518286526.16,27605.7059920011,66.3430242922379,0.2509620210808,5.808,100.0,92.41313602,18.8252625701822,43.0664684402752
HKG,2019,"Hong Kong SAR, China",363074545072.389,48359.0011950597,61221.4195400701,7507900.0,251881177403.997,231002647269.728,30767.9440682118,69.3745074730529,2.88320853773996,2.917,100.0,91.7434003891587,17.9525256642131,41.7143206606678
HKG,2018,"Hong Kong SAR, China",361731070995.726,48537.5668888343,60900.2752924537,7452600.0,247040505198.699,232859551733.93,31245.4112301653,68.2939689196943,2.40613432046534,2.805,100.0,90.5073953294283,17.1963488832139,40.4021598941078
HKG,2017,"Hong Kong SAR, China",341273289534.466,46160.429791493,59260.9131761938,7393200.0,228965636708.926,221158663869.326,29913.7942797876,67.0915784300787,1.49387243939522,3.124,100.0,89.4159446487565,16.5707384721456,39.128588937798
HKG,2016,"Hong Kong SAR, China",320860317562.562,43734.1980702999,56761.4824132224,7336600.0,212580244130.246,209633569216.911,28573.6675322236,66.2532050535654,2.40930743862224,3.392,100.0,87.47941467087,15.9950861294117,37.9119773975191
HKG,2015,"Hong Kong SAR, China",309385622601.348,42432.1619740441,56043.042695697,7291300.0,205513722707.776,205513722707.776,28186.1564752206,66.4263972513635,2.99084819322581,3.314,100.0,84.9483529634062,15.3825958222931,36.8431246619414
HKG,2014,"Hong Kong SAR, China",291459995978.893,40315.3739510191,54514.9268059819,7229500.0,193803445230.081,196172894180.997,27135.0569446015,66.494012181389,4.42364532019699,3.296,100.0,79.8662704309064,14.7773471700699,35.8520759839574
HKG,2013,"Hong Kong SAR, China",275696879834.966,38403.7777145477,53517.419549888,7178900.0,182189014956.163,189832880884.022,26443.1710824808,66.0830891757724,4.33799342105267,3.4,100.0,74.2,14.2604519202377,34.9615930314556
HUN,2023,Hungary,213029511028.874,22208.6509820466,46376.1979062264,9592186.0,104759510604.051,82229536874.2475,8572.55445987469,49.1760555136663,17.1249659678737,4.096,70.2923026891431,91.4500713,20.819084281895,54.5703480456464
HUN,2022,Hungary,177002580544.155,18428.028825614,44232.4363539167,9605074.0,89189362915.5811,84038714374.0491,8749.40832044075,50.3887359389835,14.6081439492433,3.583,70.1585064243445,89.14282688,20.6075593133653,54.2213783062208
HUN,2021,Hungary,183282685440.486,19030.628130329,38887.1909527154,9630932.0,89142329335.375,78831582105.011,8185.24957968876,48.6365251148182,5.11096534382855,4.021,70.2059275331413,88.64083466,20.4050134893418,53.7758455735364
HUN,2020,Hungary,158468487754.196,16386.9308821258,35583.5855675637,9670419.0,78746826264.3534,74914429032.6716,7746.76144153336,49.6924198497428,3.32674385766738,4.248,70.2917327880859,84.77115202,20.0906737724303,53.0182854466453
HUN,2019,Hungary,164936682033.992,17012.8598553199,35627.2315520858,9694824.0,81028411202.0918,74790484351.2778,7714.47571934032,49.1269802465123,3.33858635382008,3.411,70.4565277099609,80.3716936050482,19.6029229874294,51.8661548498973
HUN,2018,Hungary,161184691013.835,16605.0570511887,32258.2577892511,9706964.0,79316497560.5543,71105342112.842,7325.18860818295,49.2084558785713,2.85024792594646,3.667,70.4711761474609,76.0743606365063,19.1292329288769,50.7744401660746
HUN,2017,Hungary,143335098991.862,14736.1668157258,29728.0121568801,9726756.0,71843295275.1124,67698831088.4584,6960.06264457116,50.1226118239129,2.34824281150154,4.156,70.4542541503906,76.7505471201922,18.7797493757284,49.9595066798946
HUN,2016,Hungary,128983560865.293,13215.8605277789,28178.9450366919,9759755.0,64272612098.4644,64168874229.2529,6574.84478137544,49.8300804127971,0.394769306686392,5.115,70.4733810424805,79.2594121273057,18.4382661409188,49.1419689923618
HUN,2015,Hungary,125244126623.289,12782.9412577973,26937.7320818864,9797755.0,61204435574.0918,61204435574.0918,6246.78159171073,48.8681084089341,-0.0616446800641672,6.813,70.4847717285156,72.8347370323805,18.0559904650891,48.2516970384934
HUN,2014,Hungary,141128696412.321,14352.501883174,25796.2100959256,9833038.0,70408970987.5967,58909371709.4698,5990.96349566327,49.8899038802782,-0.227566270988219,7.725,70.3071053512008,75.6531974544103,17.6863017779257,47.3832344986651
HUN,2013,Hungary,135646053778.582,13739.4620151401,24591.6380503055,9872734.0,70628976955.2292,57476141555.0755,5821.70466205971,52.0685821575895,1.73319984983101,10.177,69.9277636266638,72.6439,17.3215490022521,46.5518564551724
ISL,2023,Iceland,31701996433.7807,82201.2908518078,82256.5277425273,385663.0,15430293367.6922,11710650601.0573,30364.9834209072,48.6729389422621,8.73630299937298,3.518,94.1518261784801,97.94860077,15.3483031550157,50.1598302412054
ISL,2022,Iceland,29176227825.4736,76376.9599334915,76592.3392429534,382003.0,14522050998.9722,11659875345.7814,30522.9941801018,49.7735728067392,8.30875511558912,3.789,94.1787071228028,97.58339691,15.1109948456115,50.351670582864
ISL,2021,Iceland,26234872402.457,70425.4064277273,62720.7916832797,372520.0,13441566726.8013,10835350352.5194,29086.627167721,51.2354949572482,4.44423970189746,6.029,94.2108206403841,99.68701957,14.8686344991929,50.3588236718681
ISL,2020,Iceland,22034665040.7901,60127.9393575616,56840.7423583166,366463.0,11290794877.7562,10019358032.0802,27340.7084264448,51.2410552048551,2.84792401518657,5.478,94.1367102874722,99.5327519,14.5643646996569,49.9071422727645
ISL,2019,Iceland,24985687022.0452,69296.3144361601,61270.1315624391,360563.0,12331048070.0594,10271574634.2965,28487.6003203227,49.3524474999608,3.01397179156061,3.507,93.9770847416131,99.5049411693787,14.299299000969,49.6379021983175
ISL,2018,Iceland,26677652544.3499,75633.8651351915,58105.5882495515,352721.0,13211266849.1793,10182437497.2744,28868.248551332,49.5218491477705,2.68291768267392,2.704,93.8526667025487,99.0109539916991,14.1209962193995,49.9243409587446
ISL,2017,Iceland,25060086487.8901,72976.3729990975,56385.0430004634,343400.0,12395253004.4436,9814543872.49772,28580.500502323,49.4621317864701,1.76041559180605,2.742,93.7718982310092,98.2552011867973,14.0228770869629,50.5504237232406
ISL,2016,Iceland,21083713310.457,62854.0906407932,54227.6848099073,335439.0,10244766107.3894,9162050901.17954,27313.6126126644,48.5909002675927,1.69692761997734,2.978,93.7822647094726,98.23999786,13.9213912898367,51.0789131149535
ISL,2015,Iceland,17700486957.1907,53505.6964079339,49715.8375969779,330815.0,8702490993.50993,8702490993.50993,26306.2164457776,49.1652631622919,1.63305558181335,3.979,93.727919768566,98.19999695,13.679345765165,51.2221099738985
ISL,2014,Iceland,18052183514.8695,55140.364935793,46471.9845659755,327386.0,9352315913.26418,8426702250.35716,25739.348201686,51.8071174357424,2.04461481539342,4.897,93.6196716315805,98.1580233097118,13.3619327506584,51.0724108016317
ISL,2013,Iceland,16244319958.6808,50173.3360061057,44738.1187219778,323764.0,8474466576.69349,8212565281.02431,25365.9001032367,52.1687986831656,3.8722792374824,5.376,93.6166725158692,96.5468,13.0702053657851,50.7407510871488
IND,2023,India,3500906030644.76,2434.44826340989,9853.04309264591,1438069596.0,1978122541496.63,1930995469989.07,1342.7691367373,56.5031601585809,5.64914318907925,4.172,35.0676918424186,60.25230026,6.92184330138637,47.0132181120622
IND,2022,India,3249938492013.47,2279.98145719369,8941.09277447514,1425423212.0,1856917335539.97,1825495446362.72,1280.66908900788,57.1369993648568,6.69903414079858,4.822,34.7555673994206,55.9,6.69899975408181,47.4637059570602
IND,2021,India,3167270623260.47,2239.61384367482,7818.65701757504,1414203896.0,1930463468899.9,1698600962463.94,1201.10046879969,60.9503796335733,5.13140747176364,6.38,34.4425517181304,49.2580986,6.54579069268807,48.0405766189907
IND,2020,India,2674851578587.27,1907.04251637669,6766.06119055994,1402617695.0,1634284260295.02,1520997773641.96,1084.39939055664,61.0981287103106,6.6234367762853,7.859,34.1286726088333,43.40544313,6.41685302336898,48.725925362152
IND,2019,India,2835606256558.19,2041.42863698585,6945.40309824538,1389030312.0,1727204283214.7,1605943484361.69,1156.16158300344,60.91128763805,3.72950573539123,6.51,33.8139578818147,29.52350044,6.22347304109804,49.3781313856783
IND,2018,India,2702929641648.74,1966.25455171679,6521.97490856972,1374659064.0,1602521651332.49,1527015113599.16,1110.83188085621,59.2883228123904,3.93882646691643,7.652,33.4984353473598,20.0813000379384,6.01925951437221,50.0307900245271
IND,2017,India,2651474262755.45,1950.10468280866,5968.11490280172,1359657400.0,1557082229430.68,1425923595474.53,1048.73742126107,58.725149676261,3.32817337461305,7.626,33.1821328157539,18.20000076,5.8247052897296,50.7672033452389
IND,2016,India,2294796885663.16,1707.50892912243,5633.77275665841,1343944296.0,1360706267075.67,1342187117360.92,998.692521227027,59.2952812328071,4.94821634062134,7.611,32.8650780972823,16.5,5.64173085340436,51.5768937298059
IND,2015,India,2103588360044.94,1583.99815907985,5269.11774528716,1328024498.0,1241270296331.75,1241270296331.75,934.674245995534,59.007281077807,4.90697344127249,7.629,32.5472990022299,14.89999962,5.46921307827757,52.3977058192572
IND,2014,India,2039126479154.52,1553.88396075118,5042.38256477318,1312277191.0,1185297671140.85,1150089891722.84,876.407743432948,58.1277171013104,6.66565671867899,7.656,32.2288233408821,13.5,5.30715461269221,53.2421090234343
IND,2013,India,1856721507621.58,1432.84397512195,4870.23562464539,1295829511.0,1070321337241.86,1080973977000.72,834.19459722485,57.6457660908404,10.0178784746104,7.678,31.9096789235237,12.30000019,5.18262772655076,54.1378376565175
IDN,2023,Indonesia,1371166925749.88,4876.2992959843,15428.3856954945,281190067.0,746328378694.142,659421312018.891,2345.10884062946,54.4301619794382,3.66938654859761,3.308,58.1179353397878,69.20836554,7.04854077766648,47.0224568841154
IDN,2022,Indonesia,1319101183380.15,4730.83484836107,14282.6654124401,278830529.0,699718159840.626,628360527624.193,2253.55713335175,53.0450710420578,4.20946463714784,3.462,57.4934704226599,66.48461277,6.82466625959862,47.2726576874372
IDN,2021,Indonesia,1186509691086.73,4287.17313995098,12757.0746440204,276758053.0,660041259479.635,598692044729.691,2163.23260783198,55.6288131852593,1.56007882983334,3.827,56.8761702464027,62.10447842,6.68701065764471,47.6279810142978
IDN,2020,Indonesia,1059054842698.48,3853.70288774146,11729.3674458448,274814866.0,624142240218.418,586920540448.622,2135.69429118373,58.9338922834343,1.91983527270793,4.255,56.2785287648768,53.72649449,6.60790527723472,48.0216798448748
IDN,2019,Indonesia,1119099871350.2,4106.94856160358,11986.4701508376,272489381.0,648299754543.782,602997043888.217,2212.91942341128,57.9304645761067,3.03058460941661,3.59,55.7382049560547,47.6906489788375,6.48567879421327,48.3187310528364
IDN,2018,Indonesia,1042271532988.63,3860.95353090726,11372.0971987612,269951846.0,593885231701.263,573405320062.367,2124.1022373389,56.9798956322201,3.19834755924996,4.387,55.0956840515137,39.9046386385762,6.3509593367423,48.5572855648717
IDN,2017,Indonesia,1015618744159.73,3798.88326174526,10687.6409218443,267346658.0,581701454950.332,545389266584.767,2040.00779611304,57.2755729741479,3.80879857691949,3.783,54.4541015625,32.335806250688,6.2384335097991,48.813317657578
IDN,2016,Indonesia,931877364037.698,3521.46943457574,10262.5951651871,264627418.0,538874867132.174,519509210164.829,1963.17227478231,57.8268008139293,3.52580452815451,4.301,53.812557220459,25.447353701827,6.14856356267664,49.0806241774761
IDN,2015,Indonesia,860854232686.214,3288.22269725538,10027.5372996025,261799249.0,494560910751.042,494560910751.042,1889.08452808832,57.4500178976656,6.36312061196646,4.514,53.1720771789551,22.062742603379,6.08184727833196,49.3596437927725
IDN,2014,Indonesia,890814755533.537,3441.06808464008,10064.677127417,258877399.0,509003681729.74,471722492127.069,1822.18491822482,57.1391165860159,6.39492882396559,4.049,52.5002136230469,17.1431598350566,6.04134063476124,49.6839805094095
IDN,2013,Indonesia,912524136718.018,3566.60284506078,9866.01699250847,255852467.0,518582560789.161,448048822792.831,1751.19993192339,56.8294623585841,6.41249457900391,4.336,51.8307495117188,14.94,6.00968683645659,50.043914325018
IRN,2023,"Iran, Islamic Rep.",457510482317.483,5049.29931642754,18932.6833817658,90608707.0,198992315958.344,228794591431.89,2525.08394620276,43.4945916321664,44.5791857572797,8.129,76.6759567260742,83.71050262,7.91608360551928,44.414481053557
IRN,2022,"Iran, Islamic Rep.",422662261525.665,4721.20437099984,17542.844026084,89524246.0,178736173497.986,225144363611.744,2514.89818313292,42.2881789476095,43.4884641742179,9.085,76.3342208862305,81.71649933,7.62900026195697,44.6136576243103
IRN,2021,"Iran, Islamic Rep.",407350685583.335,4605.14881318992,15884.4276775963,88455488.0,169075661518.58,213727194401.841,2416.21180589542,41.5061683955337,43.3890162681514,9.282,75.9926376342773,78.5957366,7.40518218273343,44.8342885799624
IRN,2020,"Iran, Islamic Rep.",280934329279.723,3202.50003502169,15119.3058859964,87723443.0,122228756874.979,200747785392.646,2288.41662533293,43.5079462123254,30.5941390387295,9.687,75.5986404418945,75.56986637,7.22935544150952,44.9349216202493
IRN,2019,"Iran, Islamic Rep.",347988400957.999,3997.4935449585,13927.5128074328,87051648.0,164524712643.691,201831488201.295,2318.52575842442,47.2787921065072,39.9073455697784,10.74,75.2038879394531,72.4509047672065,7.01598841078797,44.7786947808427
IRN,2018,"Iran, Islamic Rep.",411903303606.044,4783.01067340237,15324.0674634637,86117998.0,192342218849.993,219371029494.15,2547.33080876021,46.6959641173342,18.0141183371874,12.195,74.8034286499023,70.2005650008363,6.75643435185291,44.3383750252204
IRN,2017,"Iran, Islamic Rep.",510239893417.645,6000.93346404409,15719.416701551,85026754.0,240508603716.283,231685436322.65,2724.85335995126,47.1363777742522,8.04492437660278,12.232,74.4011840820312,64.0439736249513,6.50077915475875,43.6705219756192
IRN,2016,"Iran, Islamic Rep.",478618064870.999,5710.59947089104,15194.7855803519,83812228.0,235558397600.43,228021421623.326,2720.62236101546,49.2163616231075,7.24542548952979,12.618,73.8796100096595,53.2267716709857,6.25108188270571,42.8934477448489
IRN,2015,"Iran, Islamic Rep.",409191686496.677,4952.73355532178,14273.5499061586,82619362.0,218596709099.287,218596709099.287,2645.82906243317,53.4215909836335,12.4846815611533,11.166,73.3561403575949,45.3349761533285,6.00659988151446,42.0407182749515
IRN,2014,"Iran, Islamic Rep.",462284793280.825,5672.06372896319,16065.158186028,81502045.0,218886900431.808,219421517949.703,2692.22101052438,47.3489294074271,16.6065532357449,10.68,72.8324070385223,39.353614505223,5.77067909295602,41.2091454936804
IRN,2013,"Iran, Islamic Rep.",500399839839.877,6222.74194840326,16215.2119014642,80414686.0,234420567683.706,217980939686.988,2710.71057452103,46.8466512216947,36.6030355191029,10.595,72.3030873515412,29.95,5.57949828703863,40.6107006323808
IRQ,2023,Iraq,268881051643.549,5965.31835077761,14664.5981923773,45074049.0,109980411552.347,105175771490.365,2333.39967949995,40.9029981399156,4.35835351089595,15.239,69.868278503418,81.80889893,3.39670394377039,68.0336199589456
IRQ,2022,Iraq,287372232137.931,6520.73154560584,14388.8485236797,44070551.0,91168585241.3793,100324212465.136,2276.44561251653,31.7249111241969,4.9947659638103,15.41,69.8682861328125,78.71560926,3.39760558019799,69.4474528755877
IRQ,2021,Iraq,209691945713.103,4868.49431080783,12731.7535755128,43071211.0,84596831200.6669,97733452726.0333,2269.11318388594,40.3433860623387,6.04186489058043,16.173,69.8682708740234,65.00219727,3.38104730072539,70.7745819074433
IRQ,2020,Iraq,180898797516.874,4295.18945121228,10573.9304750715,42116605.0,94600408165.9163,95287647238.0936,2262.47218260099,52.2946583749911,0.574162679425856,15.766,69.8683166503906,53.67779922,3.36039554185808,71.9840510727635
IRQ,2019,Iraq,233636097800.338,5671.8568632942,12248.5917385963,41192171.0,100386955329.949,100829544099.767,2447.78416995227,42.9672282130556,-0.198965380023882,14.096,69.8683395385742,44.3263465511579,3.31720320491488,73.0951419263335
IRQ,2018,Iraq,227367469034.031,5646.68932074742,12034.4011214944,40265624.0,98991424984.1471,99277195119.4121,2465.55709951029,43.5380775467623,0.367441488936828,13.458,69.8765148865842,33.92810059,3.23303566296358,74.1065293195781
IRQ,2017,Iraq,187217660050.676,4759.2846435467,10191.6616988639,39337353.0,96333091722.973,97084107543.5262,2467.98780648831,51.4551307269291,0.184058898847553,13.02,69.8944511190753,25.96920013,3.15072288734421,75.0599077602728
IRQ,2016,Iraq,166743557747.671,4334.42096404188,9079.13531769496,38469627.0,94765439796.7824,95437585716.69,2480.85549976063,56.8330441528592,0.556521397155548,10.82,69.9123778259643,19.87719917,3.08574346197846,75.941151388931
IRQ,2015,Iraq,166774104959.102,4440.14189252367,9334.46604866315,37560535.0,92858245229.2571,92858245229.2571,2472.22903585524,55.679054762146,1.39333028780268,10.865,69.920524597168,15.21440029,3.04510842357688,76.7457689966644
IRQ,2014,Iraq,228415656174.957,6249.39226978969,13168.245587417,36550059.0,96086015780.446,95492622935.1824,2612.65304483318,42.0663002657086,2.23597407904726,10.59,69.6666641235352,11.6453267304545,3.02041509700436,77.4322732901079
IRQ,2013,Iraq,234637675128.645,6650.35282247395,14668.5432764995,35281989.0,90649009777.0154,92115408732.733,2610.83378073535,38.6336123247536,1.87949800749416,9.222,69.444450378418,9.199999809,3.00146343790312,77.9595494709507
IRL,2023,Ireland,567372737459.116,106818.917130804,133440.438499393,5311538.0,155375514254.187,126705399127.143,23854.7477448422,27.3850863807821,6.29942487419125,4.243,64.1152082461268,96.8660965,15.5417068369309,52.8088109767237
IRL,2022,Ireland,548341794599.09,105190.685952731,138464.829172919,5212836.0,133352144550.95,121389578818.927,23286.6675297145,24.3191647735785,7.82945736434105,4.465,63.8920250215059,95.03690338,15.16194031114,52.9466406867294
IRL,2021,Ireland,530394123829.763,103783.446284479,116702.85817485,5110585.0,125717384794.044,109551766406.204,21436.2477888938,23.7026352943524,2.34034113447044,6.357,63.6774229356985,93.50610352,14.8535759354494,53.0448235155306
IRL,2020,Ireland,436009027818.948,86514.0706108754,97677.4943055886,5039747.0,108304076733.435,100531893542.935,19947.805622571,24.8398702373678,-0.326183651280033,5.623,63.4713366724915,91.99989097,14.5621473419585,53.0535571712698
IRL,2019,Ireland,407211793800.713,81827.6688873996,92042.2566065385,4976456.0,118270005683.168,111937514150.924,22493.4198455535,29.0438556750272,0.937842961189274,4.95,63.2737009154127,87.0000552425146,14.2437778846663,53.0371687022091
IRL,2018,Ireland,395780319816.603,80804.1123164826,86368.9782047908,4898022.0,119446550330.241,108937759087.736,22241.173904024,30.1800125851611,0.471130713712916,5.741,63.0844503476779,87.0001401148942,13.9535917035732,53.0287560298933
IRL,2017,Ireland,348355212568.515,72161.4047531385,80409.4548397032,4827445.0,106678783760.192,103280511070.604,21394.4459378831,30.623564657931,0.362173038229378,6.713,62.9035196521232,84.1140070623844,13.6720454120936,52.9415976507391
IRL,2016,Ireland,305431252708.748,64129.5571542383,72940.7263991139,4762722.0,100128040324.957,99875500384.094,20970.2561652967,32.7825130653661,0.0201247735963237,8.374,62.7229399123734,83.5,13.3920921055483,52.7774365060908
IRL,2015,Ireland,302101388556.271,64250.1385181257,71519.6014840656,4701957.0,95772601290.8433,95772601290.8433,20368.6680441449,31.702138725193,-0.330959783371788,9.908,62.6392123492764,83.4947916666667,13.1102542122923,52.5046737823192
IRL,2014,Ireland,266490442124.309,57214.5379785709,52582.2223929461,4657740.0,110592970130.831,92815655099.4531,19927.1868115123,41.4997886037664,0.190916398713745,11.858,62.535401730577,83.4917223351728,12.7951907142582,52.0464573784336
IRL,2013,Ireland,242924245718.756,52537.6108648692,48763.0331535881,4623816.0,106597909435.912,90556482810.057,19584.7937742456,43.8811322107903,0.515099484900573,13.735,62.4047157756118,78.2477,12.4475140098686,51.3979987426655
IMN,2023,Isle of Man,7576129932.79381,90015.2074234398,,84165.0,,,,,,,52.1832571730182,,22.7129881008252,59.3260766682442
IMN,2022,Isle of Man,7431257410.92713,88328.548125887,,84132.0,,,,,,,52.1955609162662,,22.3006703751248,58.9345423632757
IMN,2021,Isle of Man,7931193222.06405,94299.969348965,,84106.0,,,,,,,52.1999559660634,,22.0467151375356,58.7313869439674
IMN,2020,Isle of Man,6684225641.02564,79513.5330346598,,84064.0,,,,,,,52.1909519786866,,21.8572864560719,58.7431074854596
IMN,2019,Isle of Man,7314967866.28289,87127.5517977404,,83957.0,,,,,,,52.1789898247578,,21.5915384752818,58.7137753076618
IMN,2018,Isle of Man,7491649455.92717,89393.8244248812,,83805.0,,,,,,,52.1651893864538,,21.3190065091193,58.5594278578726
IMN,2017,Isle of Man,6979788333.50279,83481.3038489014,,83609.0,,,,,,,52.1498415744309,,21.0132880431532,58.2694455486778
IMN,2016,Isle of Man,6846377563.00683,82025.9454509241,,83466.0,,,,,,,52.1331532169475,,20.6706922579254,57.8403933434191
IMN,2015,Isle of Man,7084800892.22284,84753.5187422732,,83593.0,,,,,,,52.1164840474526,,20.24391994545,57.0942644516275
IMN,2014,Isle of Man,7708454412.32126,91885.4528718026,,83892.0,,,,,,,52.0997913403899,,19.7401436362011,56.1682086412629
IMN,2013,Isle of Man,7001175622.71266,83207.6588430451,,84141.0,,,,,,,52.0804107092926,,19.2069311814028,55.2245138914511
ISR,2023,Israel,513393395491.904,52126.4489280033,55301.43606891,9849000.0,248124770568.002,209097203618.589,21230.2978595379,48.3303394135531,4.22522603168918,3.371,91.5089569794505,87.03842615,12.4157088880088,66.7509366513991
ISR,2022,Israel,525157951212.871,54947.2091250715,53616.7140829107,9557500.0,258888308905.471,210411370048.368,22015.3146794002,49.2972273022924,4.41162725488371,3.695,91.4979834273327,91.85079615,12.3030366078735,66.9632261676725
ISR,2021,Israel,489735019666.026,52258.4693499398,46151.100820403,9371400.0,239247332157.393,196154964534.622,20931.2338108097,48.8524043717657,1.47965474722561,4.812,91.5353517549466,90.29689758,12.1979895950145,67.0610227135178
ISR,2020,Israel,410908899711.272,44590.8237253282,40969.2987342816,9215100.0,199221748534.956,176524035428.683,19155.9544040415,48.4831914506941,-0.575254620897756,4.169,91.5788453228939,90.12734091,12.0528770588893,66.9096172948003
ISR,2019,Israel,399207771081.611,44091.8678022544,41176.910821106,9054000.0,208478997841.481,190388959044.956,21028.1598238299,52.2231812463543,0.817645940292794,3.731,91.6154002002652,86.7878776180583,11.8854991652299,66.6943447277344
ISR,2018,Israel,375470422244.408,42269.3770257585,40101.487265134,8882800.0,197892778194.233,183240790832.546,20628.7196416159,52.7052908751937,0.805060379528526,3.917,91.6456193546346,83.7331569615326,11.7012951661424,66.4016568980219
ISR,2017,Israel,357360816856.642,41013.2575323519,39350.730387912,8713300.0,189047080646.896,176884994566.35,20300.5743594678,52.9008978403846,0.249807840123008,4.14,91.6701057535759,81.5811835871611,11.4924645678713,65.951371618093
ISR,2016,Israel,321083954798.337,37571.2561196275,38087.5003075978,8546000.0,171151559405.296,170765064881.489,19981.8704518475,53.304301522258,-0.535168195718695,4.723,91.6894623646632,79.6531241815281,11.2613992767727,65.3254208243869
ISR,2015,Israel,302841190257.708,36138.13561386,35796.5328359923,8380100.0,160666485399.426,160666485399.426,19172.3828354585,53.0530491122108,-0.617342577642765,5.176,91.7042921554705,77.3520896572253,11.0178266647386,64.638409839837
ISR,2014,Israel,314376760832.047,38265.3651949373,34745.4721490798,8215700.0,169374520706.834,155279197959.319,18900.3003955012,53.8762853394629,0.467557251908503,5.789,91.7151980935716,75.0177531628076,10.795297915876,63.9784018028702
ISR,2013,Israel,298045324735.571,36980.622214228,34776.8705712769,8059500.0,161124984363.857,149716741712.904,18576.4305121786,54.0605642805534,1.58976347421476,6.137,91.7227831465406,70.250311945,10.5899969533043,63.3461694365626
ITA,2023,Italy,2316882296366.32,39279.699782164,60349.664512107,58984216.0,1331525548102.96,1149933174158.19,19495.6083532277,57.4705737184519,5.62219442195901,7.627,69.5381540123301,87.0278292,24.2187831541913,57.1418238396626
ITA,2022,Italy,2104067630319.46,35653.9042103495,57260.8945372493,59013667.0,1228395241928.21,1143687356513.47,19380.042194522,58.3819276636895,8.20128991161718,8.069,69.4839779766539,85.06074504,23.929189689659,57.0326358787404
ITA,2021,Italy,2179207773596.09,36852.5425414951,49825.3934111848,59133173.0,1227330684233.7,1086438331167.55,18372.7386177561,56.3200397458377,1.87378325762481,9.497,69.4812507629394,74.8623274,23.6619735523658,56.9283547845865
ITA,2020,Italy,1907481094079.23,32091.4866621366,44435.6434393527,59438851.0,1103612838608.72,1026594292635.37,17271.4356917056,57.8570787429718,-0.13770757391651,9.192,69.5187492370606,70.48342785,23.379233231567,56.7526091414435
ITA,2019,Italy,2019606796583.53,33812.788724868,46661.9105159611,59729081.0,1206570858088.63,1148130562230.65,19222.3041608601,59.7428598541917,0.611246943765304,9.884,69.5050010681153,67.8507102874836,23.104171093177,56.5632847288554
ITA,2018,Italy,2099435266458.67,35062.3364176949,43583.3823241172,59877221.0,1261807143172.23,1148366858878.47,19178.6933277759,60.1022171691273,1.13748763600391,10.538,69.4800033569336,74.3871829234822,22.8062143288843,56.3079012821236
ITA,2017,Italy,1970720904584.71,32844.115660604,42142.3435406885,60002252.0,1185113163214.47,1142539766543.57,19041.6147471194,60.1360223285505,1.22653316645812,11.211,69.5180784259382,63.0773469984291,22.558669089969,56.129984783102
ITA,2016,Italy,1887111188176.93,31391.5692898108,40482.562999856,60115223.0,1131976903533.15,1128763905722.6,18776.6733514838,59.9846426975358,-0.09401665691575,11.688,69.5969232525286,61.3242527666303,22.3095886391617,55.9197690149889
ITA,2015,Italy,1845428048839.1,30639.8829751432,37384.3796455406,60229605.0,1120057479234.92,1120057479234.92,18596.4606481301,60.6936412362169,0.0387903996579733,11.896,69.6100006103516,58.1417349568747,22.0285256126439,55.6066425327957
ITA,2014,Italy,2173255507985.84,36028.3494022349,36665.68576775,60320707.0,1314992588338.82,1099850290900.94,18233.3786455942,60.5079606841788,0.241047429826756,12.683,69.5807638614879,55.6384602242293,21.6978740078895,55.0998998007766
ITA,2013,Italy,2153225581941.46,35701.6746002376,36459.2950248716,60311613.0,1307621060704.67,1096688548254.5,18183.7044924416,60.7284750688153,1.21999342274306,12.149,69.3073989916076,58.4593,21.330672420342,54.4363754385898
JAM,2023,Jamaica,21418797832.8216,7542.39855849054,12661.3324691366,2839786.0,,,,,6.47413734662063,3.022,58.4510149367429,89.47304282,7.86217693868482,36.9793488070563
JAM,2022,Jamaica,18813516805.214,6626.47502388538,11885.8863913319,2839144.0,,,,,10.3495688391272,4.083,57.9879906034775,85.84329987,7.53711329893799,37.2061442403184
JAM,2021,Jamaica,15963885376.3537,5625.67806271236,10430.6909771759,2837682.0,,,,,5.86278242801063,5.188,57.5411017937226,82.36071561,7.31190233999129,37.6650783439917
JAM,2020,Jamaica,15000214216.2439,5299.04530804283,9764.3525879784,2830739.0,,,,,5.2267777929352,6.501,57.1103647563627,76.38400269,7.13912515424417,38.3245693633893
JAM,2019,Jamaica,17026269262.5307,6030.68896415921,10845.0113635875,2823271.0,,,,,3.90510000865872,4.987,56.6957957395074,70.8410169743356,6.94823486657852,39.0357469289986
JAM,2018,Jamaica,16855447986.2221,5976.90362644337,10752.7406650924,2820097.0,,,,,3.73663882152163,5.47,56.297410990325,68.2145170876072,6.7806520873835,39.8101027668063
JAM,2017,Jamaica,15783583236.675,5605.43541173019,10466.4876782146,2815764.0,,,,,4.37839864991561,7.399,55.9152267548307,55.0720670507751,6.6403659256184,40.6624477716921
JAM,2016,Jamaica,14898999754.1229,5302.29553353854,9948.0414677444,2809915.0,,,,,2.35102197485846,8.634,55.549259277615,44.3668563671334,6.51509031411982,41.5434755779659
JAM,2015,Jamaica,14963589915.5912,5339.30718256806,9476.14929465037,2802534.0,,,,,3.69154228855725,8.825,55.1995248014924,42.2212211907441,6.40393658025201,42.4671719341197
JAM,2014,Jamaica,13899217679.9219,4975.11325459872,9209.58586596513,2793749.0,,,,,8.27407886231419,9.046,54.8660395670395,40.4027351046672,6.33655707796227,43.5762854803788
JAM,2013,Jamaica,14264205152.6126,5124.21301411137,9101.41496692481,2783687.0,,,,,9.34150076569673,9.698,54.548819811983,37.1,6.27707066203923,44.8530284139516
JPN,2023,Japan,4384854269961.93,35215.003535366,52726.2389417641,124516650.0,2350182323673.81,2463367865540.94,19783.4415360591,53.5977293424216,3.26813365933163,2.6,92.0826903891473,85.00990295,29.5618100807812,70.1001399306642
JPN,2022,Japan,4447976207314.78,35548.2645222433,49245.964174373,125124989.0,2426093623251.15,2461302296760.4,19670.7493557534,54.5437635044314,2.49770278172255,2.614,91.9776532428406,84.92343147,29.4026473056942,70.2463331657833
JPN,2021,Japan,5225933520753.1,41580.739040705,45999.4617966896,125681593.0,2751128059809.15,2406938233006.11,19151.0799278786,52.643763049873,-0.233352779398264,2.808,91.8741049279527,82.91407928,29.2169970691602,70.2569936325802
JPN,2020,Japan,5189197543645.38,41098.9739004553,43560.021428549,126261000.0,2747044228925.89,2361111746214.54,18700.2458891862,52.9377462665664,-0.024995834027731,2.809,91.7809926267889,90.21945812,28.9181743842737,69.8915691054857
JPN,2019,Japan,5245755000479.03,41424.8655601543,43743.5313931194,126633000.0,2807170331833.64,2484495269365.55,19619.6510338186,53.5131803063105,0.46877615938395,2.351,91.7164207898107,92.7303978145525,28.6287707536412,69.4781102585107
JPN,2018,Japan,5154293721629.56,40645.478086519,43090.0699981402,126811000.0,2769916622806.99,2504893364805.46,19752.9659477921,53.7399840289131,0.989094598021848,2.467,91.6377318609728,88.7463508901772,28.3452163347643,69.0229537254226
JPN,2017,Japan,5038231631660.71,39679.8635262948,42346.876013211,126972000.0,2702240596641.06,2500267166917.02,19691.484476239,53.6347034872301,0.484199796126385,2.822,91.5498419685883,91.7265472366635,27.9778213758677,68.3095186249903
JPN,2016,Japan,5110357383254.44,40214.9688631562,41462.5069772969,127076000.0,2748156358285.26,2477352716057.02,19495.0479717415,53.7762068713705,-0.127258844489754,3.132,91.4541254852142,93.1827212821617,27.5120281384821,67.3227876016443
JPN,2015,Japan,4534438580494.94,35664.6446110613,41722.3895623635,127141000.0,2486257362140.53,2486257362140.53,19555.118821942,54.8305444655323,0.795279630579839,3.385,91.3532644103625,91.0580283929962,26.9230034152781,66.0229941997136
JPN,2014,Japan,4985763289560.81,39172.8471161948,40272.4415780289,127276000.0,2823491606480.65,2485752642099.46,19530.4114059167,56.6310801877112,2.75922671353253,3.589,91.2548945132333,89.1068330166075,26.2261883365166,64.4653380797358
JPN,2013,Japan,5272297037396.96,41369.1948479498,39855.3531119712,127445000.0,3025230888448.74,2502894609044.71,19639.0176864115,57.3797505525667,0.335037912184741,4.038,91.1516595654317,88.219428911,25.4120635790966,62.6073022231989
JOR,2023,Jordan,56123472112.6761,4906.23543006639,11450.5720698729,11439213.0,,,,,2.08486986327134,16.62,92.682236868336,92.53443944,4.32230327723143,55.1554977992581
JOR,2022,Jordan,53516930140.8451,4754.41362207378,10880.9956299022,11256263.0,,,,,4.22915568897117,18.2,92.4048379066163,90.4999984,4.14208054031429,56.2381654714504
JOR,2021,Jordan,50702940985.9155,4581.71967230365,10056.5611261239,11066356.0,,,,,1.34609377243118,19.837,92.117972910453,85.999997,4.0065537381953,57.2273523032512
JOR,2020,Jordan,47931770985.9155,4411.48321838396,10506.7284780872,10865228.0,,,,,0.333294350628378,19.213,91.8216722992319,78.4178009,3.89908540801378,58.0792660970113
JOR,2019,Jordan,48640273802.8169,4557.79334729121,10305.6561841508,10671891.0,,,,,0.761514047265601,16.801,91.515966492507,70.08470154,3.77701553656163,58.8802726956431
JOR,2018,Jordan,47435850422.5352,4533.97658437205,9889.90818777299,10462306.0,,,,,4.46231108475481,18.257,91.2008859099729,65.2,3.64857422445874,59.6400832936228
JOR,2017,Jordan,45535614366.1972,4449.34618076611,10140.0335144087,10234226.0,,,,,3.32389447576097,18.12,90.8764609714428,64.5,3.52500521290032,60.338812839042
JOR,2016,Jordan,43688498732.3944,4366.06999647268,9580.27683713466,10006367.0,,,,,-0.778430463054142,15.275,90.56272794707,56.15000153,3.41284721082323,60.9582989168769
JOR,2015,Jordan,42394049295.7747,4441.61896013754,9851.78048494686,9544729.0,,,,,-0.876851359704049,13.075,89.8881391939133,54.22000122,3.31858033894938,61.6234808949505
JOR,2014,Jordan,40535098591.5493,4610.60460269382,10059.8134952939,8791710.0,,,,,2.89947905006057,11.9,88.0371754329978,46.2,3.35011599847379,62.0603171156438
JOR,2013,Jordan,37873362957.7465,4739.02253641778,10790.7021162492,7991809.0,,,,,4.82462314269537,12.6,86.4627110188335,41.4,3.52211870929348,62.3084954646161
KAZ,2023,Kazakhstan,261840101059.923,12879.4275257974,38546.9287207389,20330104.0,135304211195.51,130982034502.573,6442.76263921586,51.6743656329957,14.5275597825952,4.835,61.7560919499181,92.87846096,8.30816704134912,60.893935746271
KAZ,2022,Kazakhstan,225496328925.494,11255.3396437881,35889.3953214448,20034609.0,111478913433.225,121811728553.099,6080.06517886617,49.4371300696689,15.0278644440851,4.86,61.444157327248,92.29685266,7.98541663578261,60.2870919049799
KAZ,2021,Kazakhstan,197112255360.612,9983.60103576902,32945.8515725823,19743603.0,101789326555.649,117255336230.279,5938.902652686,51.6402830303106,8.04147134028401,5.568,61.030254280267,90.9239507,7.77663023309373,59.3848303180197
KAZ,2020,Kazakhstan,171082365861.423,8781.50797787648,29039.8229624509,19482117.0,90680317623.2022,110349620274.261,5664.14934651407,53.0038950341928,6.71815454861458,4.89,59.9871193541692,85.94259898,7.64879145320809,58.3765163228774
KAZ,2019,Kazakhstan,181667184854.501,9457.12614657136,28689.2710838374,19209555.0,94973526541.6404,114581768296.611,5964.83199619205,52.2788563150279,5.33356098916669,4.8,59.0832474269546,81.8776204746284,7.48037890518547,57.4655912088719
KAZ,2018,Kazakhstan,179339977690.485,9472.48527327758,25096.1285862615,18932727.0,93432651602.3882,108016012717.569,5705.25380298197,52.0980613500686,6.16366247577762,4.85,58.2388038921695,78.9039190578816,7.30176395882548,56.5235626212407
KAZ,2017,Kazakhstan,166805788827.233,8943.08416791984,23973.0602295651,18651931.0,87719804486.6258,101830428055.043,5459.51129966343,52.5879857667772,7.44266321306792,4.9,57.4586448748837,76.4267482325439,7.12369405612749,55.4148033056512
KAZ,2016,Kazakhstan,137278320084.171,7475.56688689424,23023.0872293899,18363600.0,74877521919.5698,100278302445.266,5460.71045139659,54.5443168838745,14.3610942386248,4.96,56.7476265001667,74.5877264735738,6.93973967358632,54.0318746567256
KAZ,2015,Kazakhstan,184388404706.042,10196.1226255982,22484.3651382607,18084169.0,99049420535.7148,99049420535.7148,5477.13420150601,53.7178141400066,6.67828585615236,4.93,56.1106048930882,70.82993359566,6.76146357623621,52.5207605589946
KAZ,2014,Kazakhstan,221415613595.469,12427.7094576939,23958.1128890603,17816285.0,107347834428.037,97274561118.5352,5459.86781860165,48.4825043206591,6.84944977003358,5.06,55.5524361787178,66.0,6.59698135722458,50.9797084009508
KAZ,2013,Kazakhstan,236634603409.089,13478.459627612,23754.1341952117,17556502.0,118072596164.285,95947689415.1357,5465.08008344348,49.8965892829137,5.94283871648418,5.2,55.0779764821252,63.30422443,6.46346293811831,49.5309872731953
KEN,2023,Kenya,107500884685.013,1942.58802756191,6322.24569873446,55339003.0,82726093225.2635,73138092393.7209,1321.63733404667,76.9538720240847,7.67139634029402,5.409,31.6330340816429,32.07040024,2.91330784287267,67.6739373442667
KEN,2022,Kenya,114448978152.637,2109.56288513137,5882.29066433207,54252461.0,86623962405.3042,68020650237.5684,1253.7799941936,75.6878425683943,7.65986268272224,5.565,31.4307820066946,29.40589905,2.86391987696116,69.3054789511188
KEN,2021,Kenya,109703658904.994,2061.35622089594,5338.85243382781,53219166.0,82822041208.1252,66467609175.4584,1248.94120241303,75.4961521200047,6.10793603659176,5.693,31.2879334021971,26.96290016,2.81860394823365,70.9579167427054
KEN,2020,Kenya,100657505750.545,1927.66459027849,4792.57315847182,52217334.0,76941963224.6941,62672374855.3387,1200.22165159444,76.4393699714514,5.40516207933392,5.613,31.2063494632616,24.7227993,2.78922227999252,72.6322381007686
KEN,2019,Kenya,100378436207.371,1960.40808854893,4687.37782325306,51202827.0,77715659624.2162,63841380537.029,1246.83311991795,77.4226642300581,5.23963795764792,5.014,31.1895566421135,22.6687733618171,2.74689322576961,74.2639405667526
KEN,2018,Kenya,92202979985.2863,1836.45275528993,4411.56104120886,50207107.0,71091178701.7248,60800792715.27,1210.99972390901,77.1029078594526,4.6898064677633,4.284,31.3940041639796,19.5,2.64365458615595,75.7364230190387
KEN,2017,Kenya,82036510877.2599,1667.48447230835,4177.24993580267,49197766.0,63917075528.6203,58054934976.7769,1180.03193431134,77.9129619789056,8.00564967709945,3.542,31.5383650847102,17.82710075,2.54036944015272,77.1603826189851
KEN,2016,Kenya,74815144163.8931,1554.12610314423,3916.65315673095,48139687.0,57164247777.3543,55337606180.2969,1149.52152016063,76.4073215606295,6.29724953814625,2.757,31.6502520105647,16.6,2.49676010564838,78.6364414112252
KEN,2015,Kenya,70120446896.8359,1489.11959777284,3678.32614146019,47088526.0,52952688101.5328,52952688101.5328,1124.53484106792,75.5167578715507,6.58215429284779,2.762,31.7338026039958,16.5878548475992,2.44316524157074,79.9924124841202
KEN,2014,Kenya,68285796514.2896,1482.81566253497,3359.48950665093,46051440.0,51943671450.1249,50050106199.5091,1086.83042700747,76.068046506941,6.87815499275949,2.767,31.7931545274563,16.5,2.34503413633717,81.121499936462
KEN,2013,Kenya,61671440407.8387,1370.87885214659,3106.39394464885,44986791.0,47176778658.3168,48028265019.1936,1067.60815678526,76.496962526467,5.71749357037733,2.762,31.8324454433988,13.0,2.25415502801872,82.1267476397034
KIR,2023,Kiribati,291657337.839517,2200.68918614289,3526.6871592056,132530.0,326323936.81279,324260668.036299,2446.69635581603,111.886071247194,9.28307374517721,,61.5244676194408,88.0,4.11829729760319,64.0608558943316
KIR,2022,Kiribati,271214374.500577,2078.7648751855,3349.59804202737,130469.0,294467567.111233,293588029.478995,2250.25124342944,108.573731629629,5.34595440908904,,60.5739126559419,84.99849701,4.01552865250999,64.190430646095
KIR,2021,Kiribati,285451584.406531,2223.54147866465,3024.21029665634,128377.0,275010355.594856,266167817.979069,2073.32947474289,96.3422067411597,2.05361676773907,,59.6364645301985,67.08760071,3.9574845961504,64.2657897430648
KIR,2020,Kiribati,220909306.750809,1751.87199542272,2715.27546461551,126099.0,198489289.467729,206774775.190957,1639.78124482317,89.8510308991324,2.5532455441463,,58.4123714112748,52.95090103,3.93024528346775,64.2307341660046
KIR,2019,Kiribati,216891541.021351,1750.24040333237,2761.74331450078,123921.0,196428147.947967,216818054.494711,1749.64739224757,90.5651493013417,-1.81307995302947,,56.2846727145489,41.79299927,3.89281837952558,64.0121234580973
KIR,2018,Kiribati,233859230.192198,1915.56002581991,2669.39256773617,122084.0,199661464.481789,196202878.386231,1607.11377728638,85.3767731629393,0.564030491493476,,54.5004023142497,32.9864006,3.84531898249968,63.6835331027271
KIR,2017,Kiribati,223029864.54193,1854.3326920967,2561.14862522379,120275.0,204029712.789651,192985481.744606,1604.53528783709,91.4808934707904,0.355520888546828,,52.9734697275451,25.30960083,3.79299020158055,63.3771631937841
KIR,2016,Kiribati,206467818.503227,1742.66799324117,2462.83249247427,118478.0,184157390.571314,185981946.655783,1569.75933638129,89.1942346784838,1.91731090233378,,51.7710553002321,19.41939926,3.73866878238998,63.2850507862567
KIR,2015,Kiribati,191559398.688293,1639.85274740652,2310.60291495273,116815.0,172228324.155391,172228324.155391,1474.36822458923,89.9085742253987,0.572015743634256,,50.9541970402064,14.89999962,3.68403030432735,63.5331504087804
KIR,2014,Kiribati,200287281.98074,1736.70535682101,2084.13105370573,115326.0,179634619.146303,151351463.757664,1312.37937462206,89.6884801520132,2.10398520925043,,50.3909308922385,12.25,3.63879940863548,64.1216485455684
KIR,2013,Kiribati,201730860.757856,1772.08718317132,2049.33390306083,113838.0,180756639.761045,144201062.530704,1266.72167932241,89.6028694281004,-1.488059084681,,49.9687043258795,11.5,3.60993864114513,64.8822455896411
PRK,2023,"Korea, Dem. People's Rep.",,,,26418204.0,,,,,,3.463,63.5382165423021,,12.0285977805304,44.9468910727381
PRK,2022,"Korea, Dem. People's Rep.",,,,26328845.0,,,,,,3.457,63.2274365906829,,11.5930531703916,44.127259935747
PRK,2021,"Korea, Dem. People's Rep.",,,,26232534.0,,,,,,3.692,62.926560562457,,11.2824977427361,43.5542200289193
PRK,2020,"Korea, Dem. People's Rep.",,,,26136312.0,,,,,,3.624,62.6355140538495,,11.0886493855751,43.1993270106715
PRK,2019,"Korea, Dem. People's Rep.",,,,26037632.0,,,,,,3.439,62.3542226611578,,10.9247931815613,42.9458246992114
PRK,2018,"Korea, Dem. People's Rep.",,,,25931147.0,,,,,,3.409,62.0826119807623,,10.8409375250363,42.9880557043149
PRK,2017,"Korea, Dem. People's Rep.",,,,25817709.0,,,,,,3.498,61.8206076091402,,10.87340884649,43.3710786654511
PRK,2016,"Korea, Dem. People's Rep.",,,,25698326.0,,,,,,3.574,61.5681351428803,,10.986594788575,44.0123282583146
PRK,2015,"Korea, Dem. People's Rep.",,,,25575350.0,,,,,,3.523,61.3247571174501,,10.9463487303204,44.4304103992538
PRK,2014,"Korea, Dem. People's Rep.",,,,25451262.0,,,,,,3.509,61.0940947540873,,10.7508541374265,44.6183996622518
PRK,2013,"Korea, Dem. People's Rep.",,,,25329451.0,,,,,,3.567,60.8843063158034,,10.5613498973714,44.9167005556729
KOR,2023,"Korea, Rep.",1844800934391.54,35674.095995632,57429.8031076402,51712619.0,921453055441.203,901114619290.853,17425.4299379201,49.9486442283876,3.5974562502901,2.675,81.1645551720421,97.41597478,18.3350235838597,41.4544025774417
KOR,2022,"Korea, Rep.",1799363116866.52,34822.4048404971,55509.3368761174,51672569.0,882264230583.205,883267026282.743,17093.538087544,49.0320281833727,5.08951365062842,2.857,81.1624941626873,97.16855335,17.4846463366305,40.6448114715604
KOR,2021,"Korea, Rep.",1942313560965.9,37518.4635305697,51718.2518656631,51769539.0,915049297972.983,847527092811.486,16371.1539484925,47.1113066583303,2.49833333333339,3.639,81.1616526507785,97.57132698,16.6596412164908,39.7812162829152
KOR,2020,"Korea, Rep.",1744070276373.34,33645.7719545073,47881.4921344193,51836239.0,833785067736.437,816983924540.542,15760.8642197313,47.8068503908128,0.537288023411737,3.931,81.1759595622913,96.50506052,15.822165945989,38.7671326866112
KOR,2019,"Korea, Rep.",1751045752054.63,33826.9443301597,46511.2196957018,51764822.0,877375998352.437,856748555363.845,16550.7872385584,50.1058294635048,0.383000303608136,3.746,81.2901063535619,96.157579184239,15.0634884441589,37.8813882499402
KOR,2018,"Korea, Rep.",1824251454306.83,35363.9508228687,45511.0803506331,51585058.0,901433723520.863,836894300508.414,16223.5797138856,49.4138963898146,1.47583935002645,3.824,81.3823523035196,96.0228595797887,14.4543760222277,37.299629534955
KOR,2017,"Korea, Rep.",1710196756713.17,33296.9845439195,43155.9100867658,51361911.0,837224429903.144,810318629224.914,15776.6448609148,48.9548601128333,1.94433230786366,3.653,81.471030429984,95.0694218761004,13.8737462057967,36.7793132181662
KOR,2016,"Korea, Rep.",1579150518945.44,30832.0628072516,41672.6278317077,51217803.0,777728873353.191,787764002439.987,15380.6675862295,49.2498253980602,0.971685739912168,3.65,81.5559241797057,92.8430256796075,13.3631038531662,36.4600654674078
KOR,2015,"Korea, Rep.",1539212301135.55,30171.7906545222,39794.1961180043,51014947.0,766423700376.453,766423700376.453,15023.5126261418,49.7932416347652,0.70633177245575,3.546,81.639489860678,89.8962557995106,12.954685714924,36.4601267455493
KOR,2014,"Korea, Rep.",1556252422020.44,30667.0912467447,37032.1724172561,50746659.0,794974070134.114,747154400192.993,14723.2234577845,51.0825916725013,1.27477446401322,3.082,81.7315682816954,87.5568264944747,12.5254091857732,36.4720410483292
KOR,2013,"Korea, Rep.",1434669686501.84,28449.3591104972,35844.2253782408,50428893.0,739444329018.957,731856415889.243,14512.640915779,51.5410854481736,1.30134754547413,3.067,81.8269383502703,84.77,12.0971432569738,36.5342930887925
XKX,2023,Kosovo,10466753839.9923,6220.33213919344,15817.4329388361,1682668.0,8805254841.67859,7406547198.93563,4401.66877775986,84.1259379582871,4.94432438791283,,49.1105579101515,,9.64385638963536,44.7976993017704
XKX,2022,Kosovo,9367633202.54673,5298.1473871027,13948.6857891476,1768096.0,8031467172.80937,7181232309.37526,4061.56244308864,85.7363540944995,11.5805104542012,,47.8001996538455,,9.23920193067768,44.9007221695902
XKX,2021,Kosovo,9412099545.05799,5269.69946181439,12362.4210181213,1786079.0,7811718255.86809,6942177358.45152,3886.82547549774,82.9965537282252,3.35369139207997,,46.4995789423362,,8.89014327465316,44.9764159941038
XKX,2020,Kosovo,7734497455.75411,4320.58382547288,10532.5054692849,1790151.0,6566464870.82025,6469249970.58713,3613.80127742695,84.898403656919,0.198227922994854,,45.2268625263391,,8.72145240111293,45.6054847155605
XKX,2019,Kosovo,7899204690.79214,4415.6992744623,10861.0531745974,1788891.0,6326042985.34901,6312285740.01163,3528.60277122062,80.0845557619627,2.67599202639893,,44.0002171565695,,8.53982411816925,46.3859932227911
XKX,2018,Kosovo,7878762812.20156,4384.18796440547,10018.7387080811,1797086.0,6288122192.44705,5975574260.68409,3325.14652091446,79.8110355944319,1.05379773654991,,42.8378095837429,89.4430319734879,8.23044778618587,46.8838732984927
XKX,2017,Kosovo,7180768692.26354,4009.32022064732,9380.94007290057,1791019.0,5689814345.87648,5725821789.29172,3196.96317531624,79.236842039023,1.48823430592319,,41.7578065585746,83.8935968102791,7.99174150608641,47.9157805716211
XKX,2016,Kosovo,6682674062.9615,3759.44777525332,9157.04630742908,1777568.0,5463567502.28173,5557006311.47961,3126.1849400302,81.7572045382757,0.273169431045468,,40.7783748317802,,7.79406543500305,49.4234283610369
XKX,2015,Kosovo,6295845465.35898,3520.62685324451,8714.91966356132,1788274.0,5356321044.70664,5356321044.70664,2995.24627920925,85.0770730345623,-0.536929392740659,,39.917681154075,,7.53752065744061,50.3114616718486
XKX,2014,Kosovo,7074392884.04507,3902.49322261901,8200.47420451574,1812788.0,6267145324.46625,5303408948.13146,2925.5538695818,88.5891613201267,0.428957808324092,,39.1938922761744,,7.26580524223451,50.4491591958955
XKX,2013,Kosovo,6735327512.05178,3704.55812411167,8090.75939263902,1818119.0,5802545057.09727,5009997767.45838,2755.59397787404,86.150896845247,1.76732428354892,,38.6251749487938,,7.0743360406611,50.8212917852572
KWT,2023,Kuwait,165462656226.772,34091.9714813002,53083.3848600632,4853420.0,63343944887.0661,52893973295.8738,10898.2888964635,38.282925181771,3.64216403030709,2.08,100.0,99.74731125,2.95275783789783,27.4788324128055
KWT,2022,Kuwait,183502046693.878,39981.7691035833,55034.2790289403,4589643.0,59790958432.4996,51596979657.6463,11242.0464200911,32.5832651513933,3.98064961990313,2.133,100.0,99.74729919,2.74657831156504,28.1434805199737
KWT,2021,Kuwait,148350671489.144,34018.6342592913,50651.9575337091,4360865.0,57396933543.5405,50723572829.1238,11631.5393457774,38.6900395983314,3.42362947609188,2.97,100.0,99.7,3.42330541720944,30.739165342046
KWT,2020,Kuwait,111045470605.715,25236.0755848941,41461.7235642777,4400267.0,50810330695.908,47145118233.1267,10714.1494443693,45.7563288432702,2.101729548274,3.489,100.0,99.10587017,3.99581240977568,32.6530852187272
KWT,2019,Kuwait,140856394860.529,31707.8737443551,50703.0001343301,4442316.0,56574340521.2591,53132603622.0984,11960.5637289419,40.1645523991134,1.09184802655856,2.213,100.0,99.5426764518489,3.60361384527711,32.2422486608522
KWT,2018,Kuwait,138646316350.727,32067.9623756889,51370.7320595252,4323515.0,54952726556.187,51870350104.1904,11997.2638245017,39.6351868571653,0.543133148199567,2.202,100.0,99.5988495907557,3.24320917336232,32.1350703933507
KWT,2017,Kuwait,120687539805.505,29047.6536135703,46565.5499504554,4154812.0,52252040217.5705,49858788929.4384,12000.2514986089,43.2953064597866,2.17183298510006,2.23,100.0,97.9999893344615,2.91711681115618,32.1024728915433
KWT,2016,Kuwait,109406674124.652,27323.6890735517,41862.1739255505,4004096.0,49483025250.1349,48154311547.7239,12026.2629936255,45.2285252668924,3.19839776658374,2.16,100.0,85.59999847,2.63844318552757,32.0088263103965
KWT,2015,Kuwait,114585555688.511,29882.2126495698,45267.3085347452,3834574.0,47609508329.677,47609508329.677,12415.8533202585,41.5493105074242,3.27170166092133,2.2,100.0,82.0,2.40886968522768,31.9540907043415
KWT,2014,Kuwait,162650450684.725,44368.7813457751,68336.5991533112,3665876.0,47136861969.2375,46027463813.3581,12555.6521315391,28.9804680963386,2.90892672858625,2.9,100.0,78.69999695,2.21769474647318,31.8448910714324
KWT,2013,Kuwait,174168116534.844,49651.0439275077,76812.5387330449,3507844.0,43794874977.5203,42820979204.8361,12207.207391445,25.1451734386521,2.68229684085039,2.465,100.0,75.45999908,2.07172925291626,31.6857121405511
KGZ,2023,Kyrgyz Republic,15180842369.4894,2138.22210211478,7304.10137976789,7099750.0,13400006961.3814,10460701455.1912,1473.39011305909,88.2691924152565,10.7532770416742,3.498,34.706439175362,91.04440308,5.42703271096246,61.5475158691892
KGZ,2022,Kyrgyz Republic,12134931017.9465,1739.72018344174,6576.46977080639,6975220.0,10761962858.3907,8818348152.31721,1264.23942933946,88.6858181762607,13.9229093174176,4.767,34.7003053497743,84.1937027,5.19936059005824,61.6068894493144
KGZ,2021,Kyrgyz Republic,9249133946.26531,1349.99730650542,5736.47883415154,6851224.0,7910191373.14144,7535038038.85012,1099.80903249552,85.5235897663205,11.9050398185147,5.149,34.7521210171204,77.11769867,5.11075579228056,61.5982158967749
KGZ,2020,Kyrgyz Republic,8270468614.24051,1229.51766602907,5178.5619670404,6726596.0,6320767534.88569,6341590805.96627,942.763740525857,76.4257484032074,6.32542296338078,5.945,34.8174315392111,72.0,5.14875176307459,61.3520516472714
KGZ,2019,Kyrgyz Republic,9371275264.36735,1421.99927504102,5304.22758314405,6590211.0,7246816416.06945,6760265622.83961,1025.80412415317,77.3300987499985,1.13362257718804,5.45,34.8805205758044,64.1,5.17384800051124,60.7277440086941
KGZ,2018,Kyrgyz Republic,8271106235.41552,1283.5203037417,4777.94175395575,6444079.0,6822485717.67243,6708191176.06876,1040.98524801896,82.4857706271462,1.54266145238436,4.559,34.9408997219466,62.8,5.1512820157017,59.9520249168602
KGZ,2017,Kyrgyz Republic,7702938379.42036,1221.39046807082,4953.71755085199,6306696.0,6322533275.45918,6386664902.06261,1012.67999948985,82.0794995887653,3.1753098637994,4.425,34.9980805726839,50.80530167,5.11917760176021,59.488277666114
KGZ,2016,Kyrgyz Republic,6813095379.1187,1103.27489428412,4603.75964247878,6175338.0,5641203874.48214,6008635336.36226,973.005094840519,82.7994261135949,0.388838296895799,4.294,35.0515747230627,40.52619934,5.07955235536804,59.0639463884673
KGZ,2015,Kyrgyz Republic,6678177511.66313,1105.65193844261,4153.3766990372,6040036.0,6046860893.8448,6046860893.8448,1001.1299425773,90.5465732721874,6.50331838993384,4.138,35.1008937681291,30.24699974,4.96654216127541,58.150156918583
KGZ,2014,Kyrgyz Republic,7468102412.68237,1264.52668823891,4228.1951482992,5905848.0,7169289972.43787,6104701869.08942,1033.67067169514,95.9988170524141,7.5342472977589,4.02,35.1455493029297,28.29999924,4.79470466121749,56.9069668645722
KGZ,2013,Kyrgyz Republic,7335033800.59056,1269.66303464348,4000.96295765107,5777150.0,7128233606.55306,5928144102.98195,1026.13643457102,97.1806511100078,6.61375202358082,3.881,35.1850529225105,23.0,4.6301206796728,55.6741442388454
LAO,2023,Lao PDR,15843155731.2552,2066.94979776957,9299.44710059913,7664993.0,,,,,31.2301341732646,1.186,38.8070088517156,64.39800262,4.53547084357878,54.0669284232336
LAO,2022,Lao PDR,15468785203.7532,2046.40440255621,8765.05131747163,7559007.0,,,,,22.9562225132056,1.209,38.0682382805397,64.54000092,4.41710766922774,54.6407954328323
LAO,2021,Lao PDR,18827148530.9347,2526.05105018529,8080.43553249923,7453194.0,,,,,3.75562036658877,2.08,37.338778268357,62.0,4.31806848970176,55.2518136368494
LAO,2020,Lao PDR,18981805250.2424,2583.77730696131,7913.38660650276,7346533.0,,,,,5.10407262959919,2.349,36.6185033569111,54.0,4.24151802227786,55.8812027825725
LAO,2019,Lao PDR,18740561512.5555,2589.32081035237,7743.21906534261,7237636.0,,,,,3.32255881256925,2.531,35.9072880879451,47.03229904,4.17749001037701,56.4903622140064
LAO,2018,Lao PDR,18141641089.7963,2545.1075420815,7486.86452700433,7128045.0,,,,,2.04039266890201,2.897,35.2050070032013,36.27130127,4.1282707951479,57.1092477648772
LAO,2017,Lao PDR,17071155481.4994,2432.43059478511,7141.90652701767,7018147.0,,,,,0.825478607568026,3.268,34.5115346444216,25.51040077,4.10222242423819,57.8022683207452
LAO,2016,Lao PDR,15912501722.6143,2303.22156035363,6743.01053953037,6908802.0,10453643444.5525,10741525239.1977,1554.75945600955,65.6945314242839,1.59691227583204,2.634,33.8267455533474,21.87000084,4.10183240872785,58.634824292374
LAO,2015,Lao PDR,14426380125.6488,2121.01339097363,6086.0673044622,6801645.0,10275931664.7813,10275931664.7813,1510.80094076966,71.2301462687204,1.27735427102992,2.006,33.1240204432199,18.20000076,4.13108857261085,59.6548580377812
LAO,2014,Lao PDR,13279245886.3854,1981.03910900473,5798.50436730091,6703172.0,9636582076.23652,9833029748.87213,1466.92189143769,72.5687449323944,4.12924306873771,1.733,32.6638235172635,14.26000023,4.11171786370079,60.8514855524134
LAO,2013,Lao PDR,11983252626.5452,1812.51774424651,5221.59855783339,6611385.0,8880988764.12539,9394262380.68028,1420.92199753611,74.1116710203731,6.37142717782947,1.469,32.2264033448341,12.5,4.02942832927052,62.1659308998986
LVA,2023,Latvia,42779550936.838,22710.2637544197,42783.8260226567,1883710.0,24799183588.0436,18363664431.3503,9748.66854842323,57.9697146065381,8.9380462331663,6.465,68.3586316343061,92.18791291,21.3320948408305,58.7910304708067
LVA,2022,Latvia,38003198508.9107,20221.103686109,40546.4638799692,1879383.0,22614187912.432,18531519714.7991,9860.42744602837,59.5060121245574,17.3102830198815,6.815,68.2570218109034,91.03009059,21.0117630297337,58.573500587674
LVA,2021,Latvia,38183326784.9335,20261.8887788916,36912.0130602161,1884490.0,21248688989.8214,17638041991.5704,9359.58375558927,55.6491295520267,3.27582937431165,7.513,68.1808791463693,91.17964988,20.8461609037398,58.3537176137829
LVA,2020,Latvia,33379927434.6149,17564.2321549354,32741.4207691987,1900449.0,18505078952.8639,16323681228.1639,8589.38136627918,55.4377447018478,0.219064904841985,8.098,68.1211222872228,88.89796078,20.6721709557533,57.9030936709113
LVA,2019,Latvia,33099503950.847,17294.9751600969,32199.0960377091,1913822.0,18999589282.4,17143137065.5895,8957.53997267747,57.4014320897814,2.81140920075624,6.312,68.066323694246,86.13545644343,20.4072272200842,57.1028331214081
LVA,2018,Latvia,33247935477.3576,17252.1710428626,29817.8047263182,1927174.0,19423842595.4063,17162785353.8693,8905.67502149223,58.4211991407232,2.53445424186598,7.412,68.0160346376376,83.5771748630956,20.1981958800325,56.3256310462251
LVA,2017,Latvia,29391059767.4259,15132.4958333982,25763.9907709703,1942248.0,17468221622.6047,16564358401.9621,8528.44662574612,59.43379299975,2.93036312374665,8.715,67.9706866054779,80.1140770037369,20.0107948444194,55.4798446360699
LVA,2016,Latvia,27117105059.5075,13838.5266823272,24063.4511245109,1959537.0,16186349374.8619,16112190845.55,8222.44787699851,59.6905508141137,0.140633334505327,9.643,67.9307110858472,79.8420977843089,19.7753873612594,54.2757874648074
LVA,2015,Latvia,26344565876.8902,13321.9753140616,22543.9183164105,1977527.0,15506713038.7441,15506713038.7441,7841.46716517354,58.8611446899826,0.174242243625186,9.873,67.8965395668259,79.2005829239344,19.5243158412573,53.0022445169492
LVA,2014,Latvia,30277203767.4058,15185.814581236,21553.6623204436,1993782.0,18211011698.327,15227349865.4183,7637.41967046461,60.147600941708,0.620490636732421,10.846,67.8686035364944,75.8261041383556,19.2414909818675,51.7170479665486
LVA,2013,Latvia,29152128167.8438,14484.4715282132,20473.5243706913,2012647.0,17897994640.3064,15092082871.6017,7498.62388764733,61.3951562550029,-0.029454778257828,11.867,67.847334482933,75.2344,18.9296873835699,50.3815864191996
LBN,2023,Lebanon,20078620356.9931,3477.72489842684,12585.1973845359,5773493.0,27314358309.6425,38886765502.2853,6735.39666581137,136.037027564642,221.341644023365,10.985,90.4524074197598,81.7059021,9.8244260298251,57.5802354030357
LBN,2022,Lebanon,20992421948.8081,3654.35845534878,12290.8925567636,5744489.0,29469208905.489,38820770400.3435,6757.91535162544,140.380223765282,171.205491336641,11.105,90.206313713022,81.46479797,9.51346669072451,57.9749956549574
LBN,2021,Lebanon,23131941556.7843,4045.37391066234,11599.7755083765,5718122.0,27540367673.3305,37947966968.0076,6636.43884618194,119.057743621409,154.756096023393,12.715,89.965362045441,82.65599823,9.3044717570272,58.4888831484012
LBN,2020,Lebanon,31712128253.7961,5561.19166950397,16259.7051312281,5702398.0,31758649945.7701,37165087765.4492,6517.44893384313,100.14669999945,84.8643330472041,13.252,89.729499798117,82.0664978,9.12370630072702,58.9073887057113
LBN,2019,Lebanon,51605959131.2741,8905.88005497437,21710.4648750807,5794594.0,48320280146.7181,43240342245.918,7462.1866943427,93.6331403584653,3.00538949390383,11.301,89.4986743521503,81.48120117,8.77970915650001,57.947939773335
LBN,2018,Lebanon,54901519155.5556,9174.53666204759,21985.4884702241,5984119.0,48820796311.1111,44298492157.9132,7402.67567505145,88.9243085838561,6.07698907889607,10.755,89.272833088641,80.90000153,8.33008097515432,55.7444457284083
LBN,2017,Lebanon,53027680685.9038,8608.21084982387,20963.8249472533,6160128.0,47515405383.7479,45443027574.1833,7376.96157842553,89.6049096795191,4.32135218303191,10.258,89.0519233886895,78.18080139,7.8471502540207,53.3592312481811
LBN,2016,Lebanon,51147308774.1294,8089.012088155,18940.5901000453,6323060.0,45083583340.6302,45479812945.127,7192.69039754913,88.1445855533141,-0.783359624361508,9.794,88.835892633396,76.11000061,7.32786873190107,50.8721295078079
LBN,2015,Lebanon,49929337836.8159,7714.1099998804,17045.898285301,6472469.0,45338426841.791,45338426841.791,7004.81174058787,90.8051834974673,-3.74914524799629,9.312,88.6246882038608,74.0,6.78958060672056,48.3364582108649
LBN,2014,Lebanon,48095213746.6003,7577.6413302369,16139.8649966955,6346990.0,45494064451.0779,44486440661.5124,7009.06109218896,94.5916670435709,1.8546042134091,8.84,88.4182574811842,73.0,6.43898080515482,47.0775839655263
LBN,2013,Lebanon,46880103080.597,8162.37929361396,16315.6137748763,5743436.0,43289581011.6086,42494721760.4567,7398.83264311759,92.3410533828914,4.82101956297399,8.477,88.2165478464663,70.5,6.28491322224943,47.0908167543263
LSO,2023,Lesotho,2129871529.52517,921.435141557056,2879.59482438145,2311472.0,1966830070.10639,1975841512.3452,854.797943624321,92.3450096797562,6.34221743124953,16.348,42.6781596804785,48.98590088,3.82680387216458,63.2665285082422
LSO,2022,Lesotho,2354980960.02697,1030.12582947757,2760.87343646139,2286110.0,2043470554.54705,1812550285.47734,792.853487136375,86.7722749878897,8.27180389943028,16.623,41.6703965165322,48.06959915,3.7929706372461,64.1758278060089
LSO,2021,Lesotho,2412130056.55851,1066.58645143823,2544.78249551214,2261542.0,2019819025.7613,1816375171.2715,803.157832696233,83.7359088606966,6.04774591950676,18.214,40.6551760851997,45.05670166,3.78511652668843,64.9680464688448
LSO,2020,Lesotho,2053699863.99625,918.582574704447,2559.09776077846,2235727.0,1823685054.56402,1847150367.76142,826.196743950142,88.7999793219713,4.97809676252309,18.385,39.6329305425532,43.65750122,3.78888025883309,65.6481813520794
LSO,2019,Lesotho,2390702295.82777,1082.05706777516,2568.34114362719,2209405.0,1998887692.06503,1818505706.68352,823.074858019927,83.6108994228792,5.18708359197982,16.876,38.6040920446259,42.301733569273,3.77981769304005,66.2552307394785
LSO,2018,Lesotho,2556247291.99785,1170.65569702819,2632.28775223004,2183603.0,2179416999.91371,1895643524.59694,868.126451830731,85.258457064628,4.7518030162474,16.614,37.569092747415,40.79999924,3.78136501919076,66.87004466725
LSO,2017,Lesotho,2306741672.29006,1069.36673247542,2618.81820770145,2157110.0,2065150124.95308,1893779657.55173,877.924471886798,89.5267185641496,4.447699373763,16.379,36.5283648068846,39.0,3.80087158261016,67.4900982449765
LSO,2016,Lesotho,2114426452.2019,992.491840678465,2942.18153663921,2130422.0,1614485495.23165,1776800263.31528,834.013290942019,76.3557178141799,6.59650490696543,16.138,35.5077950709441,32.4538569477365,3.8399903868811,67.93449172042
LSO,2015,Lesotho,2359686724.53829,1121.19851342518,3034.64692924848,2104611.0,1806542397.63504,1806542397.63504,858.373541540473,76.5585693579099,3.21844513655931,16.223,34.0903875831861,25.0,3.89919944844927,68.1416869525897
LSO,2014,Lesotho,2441063054.05792,1173.5377928819,2771.24496867163,2080089.0,1881037904.45399,1674782557.9549,805.149470986527,77.0581448654934,5.37028961008587,16.066,32.6404409096604,22.0,3.93997564527287,68.1373202806156
LSO,2013,Lesotho,2367112931.642,1151.03735837227,2538.26310306049,2056504.0,1979992590.05928,1668393327.90877,811.276480818306,83.6458862436197,4.86511899496385,15.926,31.2407460933407,15.0,3.97003847305913,68.0784184239325
LBR,2023,Liberia,4390000000.0,799.194470229642,1796.01250525501,5493031.0,,,,,10.0944535665552,2.905,54.997863482224,31.22410011,3.2775620599993,76.2870435714976
LBR,2022,Liberia,4001047000.0,744.617175237387,1691.30467616419,5373294.0,,,,,7.59298486560313,2.956,54.4591057083,30.38010025,3.2525393175955,77.7355487371643
LBR,2021,Liberia,3513049500.0,667.96610514319,1539.20892304674,5259323.0,,,,,7.81559385858648,3.844,53.9224618859098,26.38229942,3.23290659273066,79.1758281816491
LBR,2020,Liberia,3176126300.0,616.787867006715,1659.52109145991,5149463.0,,,,,16.9557241496255,4.102,53.3878685572381,22.91069984,3.22135500135111,80.4992463808756
LBR,2019,Liberia,3319596500.0,658.164180770507,1899.52200972855,5043721.0,,,,,26.9662760197878,3.071,52.85526226447,19.89579964,3.21013029964686,81.5780596641484
LBR,2018,Liberia,3422754800.0,692.203127129794,1799.72751397748,4944726.0,,,,,23.5635148953742,3.058,52.3245795497906,17.27770042,3.19698199657575,82.3273555911586
LBR,2017,Liberia,3390703400.0,699.269095727404,1664.94481323565,4848925.0,,,,,12.4196323907138,3.067,51.7957569553849,16.29999924,3.18765532439204,82.886996416506
LBR,2016,Liberia,3398419600.0,714.613063145659,1490.33581410026,4755608.0,,,,,8.83424868336488,3.081,51.2687310234384,15.69999981,3.18277915252897,83.3156979543346
LBR,2015,Liberia,3227075700.0,692.590082351257,1340.43279741197,4659431.0,,,,,7.74869687621322,2.557,50.7434382961363,10.0,3.18482020658746,83.7696225636705
LBR,2014,Liberia,3225652000.0,706.714490064507,1418.77355515891,4564293.0,,,,,9.86111285574904,2.079,50.2198153156642,5.409999847,3.19742803568614,84.1039806098194
LBR,2013,Liberia,3177198100.0,710.744570927863,1360.12910370155,4470239.0,,,,,7.577306817414,2.08,49.6977986242077,3.200000048,3.21693126664271,84.1405770171068
LBY,2023,Libya,44027664915.187,6026.51518708812,13858.4923072147,7305659.0,14621381820.4182,18155959701.0851,2485.19123341031,33.2095327984899,2.3731753143518,18.713,87.8647197919848,82.10469818,4.8781294062589,48.8966237042016
LBY,2022,Libya,43246297921.8499,5986.63694851258,12264.4456986569,7223805.0,12659834724.4802,17245731492.8588,2387.34731804898,29.2737999154464,4.51030149235695,19.238,87.8486088593786,80.64720154,4.74866117985336,49.8326471003676
LBY,2021,Libya,35217995647.2862,4935.82787349801,12641.5097714075,7135175.0,11569358223.9156,17465007703.9875,2447.73361606232,32.8507003629182,2.86833027751015,19.779,87.8365018271835,77.438797,4.67219794889404,50.7877754794448
LBY,2020,Libya,46854285440.642,6650.33810585348,10954.799045265,7045399.0,24365092567.1885,17524386585.022,2487.35189944842,52.0018443095366,1.44703656998741,19.651,87.8278267096263,74.35810089,4.64647211605759,51.7664329804524
LBY,2019,Libya,69254496471.6938,9963.19489084483,16194.1082061146,6951033.0,26694548879.5742,16254778402.7521,2338.46946241689,38.5455822214879,-2.16217883470591,19.087,87.8220115209342,71.40409851,4.62502513115857,52.6904898725235
LBY,2018,Libya,76686029772.1483,11196.5854810844,18879.3151301984,6849055.0,26136456046.1901,15676088234.8629,2288.79578786605,34.0824216925136,13.1702038536722,18.865,87.818484275334,47.5,4.60938805494977,53.5606314027915
LBY,2017,Libya,67157452181.7738,9965.83236729757,18026.0187834008,6738770.0,26312292835.5168,17869327924.6878,2651.7195162749,39.1800045723858,25.8036184788337,19.053,87.8166729870528,47.5,4.58721729538308,54.316780868188
LBY,2016,Libya,49912073701.298,7525.80299308216,16961.0177111717,6632126.0,24823482111.5833,21489966501.8502,3240.28320659924,49.734423498693,25.853874212446,19.559,87.8160056703177,35.0,4.54150030785756,54.8129406406828
LBY,2015,Libya,48717501321.3052,7458.48917756374,17903.2565395803,6531819.0,21548497332.0494,21548497332.0494,3299.00404956865,44.2315322986932,10.4022933588151,19.69,87.8159103393555,25.0,4.47813966690292,55.0478591788407
LBY,2014,Libya,57372355592.022,8926.42074591474,17509.5285087845,6427252.0,24771809538.1805,23333549901.7571,3630.40843921431,43.177257204383,2.43294141599233,19.295,88.0142059326172,17.76000023,4.41735475887321,55.1827484691787
LBY,2013,Libya,75351107029.0605,11951.7134126011,21151.0051911633,6304628.0,25022961534.7112,24137969280.1138,3828.6111853251,33.2084856099867,2.60581802719517,19.311,88.0451431274414,16.5,4.39321682475026,55.5142744874201
LIE,2023,Liechtenstein,8239379403.22096,206780.590353385,,39846.0,,,,,,,14.6783761234077,98.13230133,20.1626344764887,52.6959187583828
LIE,2022,Liechtenstein,7426856242.7736,188055.003235348,,39493.0,,,,,,,14.6923070071538,97.88069916,19.6263702724012,51.5929679103332
LIE,2021,Liechtenstein,7912602342.18895,201944.830335076,,39182.0,,,,,,,14.6989159370696,95.56939697,19.0797561725233,50.5436661927998
LIE,2020,Liechtenstein,6405870210.32293,164671.093553454,,38901.0,,,,,,,14.6666622853765,94.34999847,18.6550416591431,49.7689997689998
LIE,2019,Liechtenstein,6436467007.11932,166907.839305016,,38563.0,,,,,,,14.6070830005951,93.14610291,18.2791363163372,49.0933694181326
LIE,2018,Liechtenstein,6692620691.84146,174988.775083446,,38246.0,,,,,,,14.5565184941154,,17.855409995148,48.2001007478591
LIE,2017,Liechtenstein,6474308717.85289,170547.092298954,,37962.0,,,,,,,14.5144332791067,99.54660034,17.3749356019075,47.3051103954057
LIE,2016,Liechtenstein,6237302033.50132,165375.491396259,,37716.0,,,,,,,14.4802918687379,98.09390259,16.864282865878,46.4357819537195
LIE,2015,Liechtenstein,6268515276.17441,167187.15730982,,37494.0,,,,,,,14.4535587761782,96.6411972,16.370320855615,45.641702921069
LIE,2014,Liechtenstein,6657526979.72277,178735.153020908,,37248.0,,,,,,,14.4336985145967,95.20999908,15.9031281533804,44.9733390417624
LIE,2013,Liechtenstein,6391708310.67727,172823.607794648,,36984.0,,,,,,,14.4201755971624,93.80000305,15.3657545380656,44.2096233330734
LTU,2023,Lithuania,80356613554.5602,27983.3658256887,52720.0689650863,2871585.0,45021530079.0675,30868968838.8024,10749.8015342755,56.0271620312856,9.11731962390475,6.841,68.575454583199,88.50287484,19.8561787800633,53.2410196696624
LTU,2022,Lithuania,70639687325.6326,24946.5724005188,50653.3394443751,2831639.0,40433757972.4107,30907150657.7822,10914.9332445916,57.2394350869936,19.7050461518394,5.955,68.2866452426813,87.72420219,19.8607556942966,53.6328325704064
LTU,2021,Lithuania,67072165721.2431,23882.8668916753,45897.3715026327,2808380.0,37672075458.4994,30345362514.0692,10805.2907776259,56.1664813613852,4.68354420903453,7.112,68.1912117004395,86.93054425,19.9469849122603,53.981202360287
LTU,2020,Lithuania,57412038533.2718,20428.6478157394,41262.7276941725,2810369.0,32173933962.0001,28081566454.4164,9992.12788584574,56.0403963767189,1.19989444983569,8.487,67.4254608154297,83.05554724,19.9341539675463,53.9636321004347
LTU,2019,Lithuania,55122066225.796,19608.7943945553,40563.8304884555,2811089.0,32186449345.9058,29004700155.1707,10317.9586826211,58.3912243312157,2.33450937988027,6.255,67.245735168457,81.5818683764046,19.8571907989029,53.7688027144722
LTU,2018,Lithuania,54261795148.5372,19247.2315367967,36491.9385223689,2819200.0,32319093498.2157,28209446637.4829,10006.1885064851,59.5614159276242,2.69792779208394,6.147,67.1464742010457,79.7225827680518,19.7309309832227,53.3218291161476
LTU,2017,Lithuania,47756764508.446,16800.1510246099,31305.0436934372,2842639.0,29108605582.873,27241963208.7664,9583.33548817364,60.9517957979021,3.72288862303707,7.073,67.1012954711914,77.6152565124514,19.504402571296,52.4697006429964
LTU,2016,Lithuania,42970749245.0336,14934.2702840428,28698.9887868061,2877325.0,26652244493.7234,26421277409.5123,9182.58361829556,62.0241558780914,0.905525075460342,7.862,67.1894226074219,74.3766455618662,19.1757756195781,51.3268928056582
LTU,2015,Lithuania,41540954817.2039,14269.8039878287,26948.5919371645,2911109.0,25457403807.598,25457403807.598,8744.9160466331,61.2826641073138,-0.884097405500596,9.12,67.2282485961914,71.3780590101754,18.8803013596424,50.3619191061471
LTU,2014,Lithuania,48306546656.9281,16446.1647181663,26274.7488764946,2937253.0,29521120628.4435,24435390161.7438,8319.13020830818,61.1120493420938,0.103758009433708,10.698,67.1514937628023,72.1335378644566,18.6035201529541,49.6747643092239
LTU,2013,Lithuania,46303660422.0434,15636.5252586048,24889.8726227818,2961250.0,28392976565.1273,23483572244.8667,7930.29033174056,61.3190756547846,1.04747937065344,11.77,67.0092086791992,68.4529,18.3577356444558,49.2679130316874
LUX,2023,Luxembourg,88788881539.3937,133230.619178899,152596.126692093,666430.0,29282605563.2633,24939955789.9166,37423.2189275942,32.9800365266131,3.74140361983136,5.184,94.8015300320787,99.34785707,15.1061948765445,44.7725431159019
LUX,2022,Luxembourg,80801680397.0139,123719.658915996,146919.145398495,653103.0,26230698123.5371,24026513983.5502,36788.2462391847,32.4630601673804,6.33600807777919,4.588,94.7605400940185,98.24203749,14.8424375777289,44.3443744322715
LUX,2021,Luxembourg,86386759695.1653,134965.815442152,136772.443753292,640064.0,26199317039.7011,22538833819.9533,35213.4065030267,30.3279311924086,2.52692009066166,5.571,94.5861743396533,98.66086333,14.7153406197971,44.1975308641975
LUX,2020,Luxembourg,73670782100.3909,116860.02817236,122066.739147202,630419.0,22358245544.9137,20228537161.7107,32087.4484457333,30.3488641052381,0.819957302127036,6.766,93.8600689970981,98.45962893,14.5852263807154,44.0085433965712
LUX,2019,Luxembourg,69872035113.6469,112696.649059674,121371.73990307,620001.0,23501747453.7176,21909857427.2631,35338.4227239361,33.6354128164322,1.74332075653848,5.592,93.2589839734767,97.120635693272,14.4700667405182,43.8630889675752
LUX,2018,Luxembourg,71085623495.1145,116926.759593905,116638.414163882,607950.0,23925869110.9992,21437498635.4736,35261.9436392361,33.6578170586681,1.5281952430737,5.589,92.6709441899184,97.061298705829,14.3776280584969,43.8270056967655
LUX,2017,Luxembourg,65712180342.9836,110193.213797228,114985.842235989,596336.0,21809811190.3353,20801298793.8253,34881.843111644,33.1899064625453,1.73079959118896,5.523,92.0963768119916,97.3629603241751,14.3068137144371,43.8628572531404
LUX,2016,Luxembourg,62216885435.9488,106899.293549552,113365.176082265,582014.0,20303865132.9678,20200221035.1154,34707.4486784088,32.6340108327509,0.290833333333225,6.669,91.5357090052649,98.1366986657616,14.2424413802086,44.0799897017467
LUX,2015,Luxembourg,60071584216.1375,105462.012584423,107859.685999308,569604.0,19543946412.4285,19543946412.4285,34311.4627222219,32.5344281617568,0.474743161437871,6.796,90.9893679353068,96.3767141704759,14.1954152151927,44.4196253128098
LUX,2014,Luxembourg,68804814554.646,123678.706919314,105296.288654407,556319.0,22511990475.5176,18967004687.1758,34093.7567963269,32.7186267723142,0.628543985440717,6.044,90.4577807676859,94.6702052774766,14.1251062865936,44.6592575642532
LUX,2013,Luxembourg,65203276466.9763,120000.140729859,100925.011992241,543360.0,21693866534.8985,18411682672.3169,33884.8694646585,33.2711294744304,1.73403963519162,6.045,89.9413746679705,93.7765,14.0256757341215,44.8006246552271
MAC,2023,"Macao SAR, China",45626467279.891,67216.3631112124,116424.421317954,678800.0,14543634873.1737,13503323576.517,19892.9339665836,31.8754348960598,0.476384495788075,2.206,100.0,89.82640076,13.479471895326,38.072078888916
MAC,2022,"Macao SAR, China",24929307447.3237,36806.891255461,64183.3559914099,677300.0,12491435432.6474,11601106442.8346,17128.4607158344,50.1074306177261,1.04502802369954,2.446,100.0,89.48549652,12.7420560469024,37.0195565931432
MAC,2021,"Macao SAR, China",30633941629.3633,44884.8961602393,73374.4486829589,682500.0,13190004112.1564,12212418232.3455,17893.6530876857,43.0568298123071,0.0264543647055504,2.221,100.0,88.46810492,12.0335194887111,35.9475093221149
MAC,2020,"Macao SAR, China",25280064167.7333,36883.6652578543,57077.5325705099,685400.0,12136593757.8154,11281345124.4184,16459.5055798343,48.0085559802737,0.811410511491512,2.542,100.0,87.46230316,11.3116365683283,34.5607535716319
MAC,2019,"Macao SAR, China",55025172016.004,81882.6964523869,126029.622371097,672000.0,14058660771.9253,13261286021.1295,19734.0565790618,25.5495080830213,2.75193081051975,1.73,100.0,86.4679257062588,10.6213504547121,32.8591001563862
MAC,2018,"Macao SAR, China",55076322634.344,83588.2875009014,129457.998600118,658900.0,13286454877.0289,12711116925.2013,19291.42043588,24.1237145864635,3.00446293166953,1.803,100.0,83.7940896091516,10.0197033267959,31.203429722938
MAC,2017,"Macao SAR, China",50297028370.6668,77570.9876166977,120774.963080752,648400.0,12472213746.2978,12191231310.2754,18802.0223785864,24.7971185382626,1.22812404052809,1.981,100.0,83.1740890688259,9.4998178807819,29.8365829190003
MAC,2016,"Macao SAR, China",44964868323.7558,68911.6755919628,107653.177281832,652500.0,12118477100.3709,11907971373.9038,18249.764557707,26.95098985527,2.36895749705898,1.939,100.0,81.6429854646415,9.03601779251992,28.7304709463712
MAC,2015,"Macao SAR, China",44940613353.1038,69902.9605741233,108656.763904919,642900.0,12021851080.0305,12021851080.0305,18699.410608229,26.7505273805974,4.56056338028173,1.81,100.0,77.6001318608868,8.61030346572289,27.6834071152368
MAC,2014,"Macao SAR, China",54930501310.2956,88355.3181764446,145187.080794416,621700.0,11253480443.3483,11742275825.758,18887.3666169503,20.4867608612905,6.04823452094076,1.67,100.0,69.7809492200465,8.18977099937081,26.5812475694649
MAC,2013,"Macao SAR, China",51559125350.236,87107.8313063626,149859.180455113,591900.0,10087548839.0344,11117607063.6378,18782.9144511535,19.5650115678082,5.50057779178484,1.82,100.0,65.8,7.79140632959383,25.5094922147512
MDG,2023,Madagascar,16036707975.7567,514.064076551927,1810.09891584306,31195932.0,11612805129.7335,10387770085.5252,332.984764985549,72.4138965883084,9.87432675044888,3.044,31.9799438860946,18.24080086,3.33516236451659,75.1537300734546
MDG,2022,Madagascar,15342178598.2475,504.059106969168,1716.40079421689,30437261.0,11103274480.7514,9953911993.63476,327.030477336143,72.3709114038061,8.16059031991844,3.186,31.5397813465886,17.81170082,3.26762489022296,75.8512654399341
MDG,2021,Madagascar,14354731964.3258,483.469463351195,1577.43246056529,29691083.0,10793294982.8661,9779180020.2286,329.364207436576,75.1898050739608,5.81225118787715,3.498,31.1137123216036,13.74590015,3.20730301417432,76.4982094615521
MDG,2020,Madagascar,13051441204.053,450.771615205157,1490.32312839072,28953556.0,10046811595.1524,9507585121.65646,328.373658892071,76.9785607434105,4.20179312190557,3.292,30.7019474167548,11.35470009,3.15356422621173,77.125045262279
MDG,2019,Madagascar,14104664678.5063,499.818837622534,1612.29772715626,28219554.0,9999744208.21687,9305300598.55625,329.746550868814,70.8967170517366,5.61051441492365,2.479,30.3046972370204,9.379400253,3.09198189312276,77.7556849963264
MDG,2018,Madagascar,13760033282.2925,500.45718552916,1546.59563549795,27494926.0,9909982252.93951,9032866925.30546,328.528504688664,72.0200456614625,8.59422958870476,2.303,29.9181125346909,7.747799873,3.01848784753958,78.4146213820003
MDG,2017,Madagascar,13176313593.5509,491.866848718929,1546.88001890817,26788375.0,9435451849.9026,8711183950.47132,325.185232417842,71.6091931397316,8.60905075422949,2.123,29.671033028335,6.406000137,2.94338687851329,79.1610726988645
MDG,2016,Madagascar,11848613858.442,453.970714522463,1561.51962374608,26099952.0,8474399461.41864,8612063842.64599,329.964738733849,71.5222857514318,6.03575858154679,1.949,29.4239466316878,4.713699818,2.86662404589863,80.0325838882681
MDG,2015,Madagascar,11323020701.3017,445.320069480568,1496.61172412841,25426702.0,8300555980.04671,8300555980.04671,326.450358369194,73.306904570902,7.40419174202129,1.785,29.1731079210354,4.173999786,2.78825380522701,81.0274179265593
MDG,2014,Madagascar,12522957399.2281,505.684922503435,1498.83976908219,24764348.0,9156151731.89405,8060016562.5866,325.468555141714,73.1149315612814,6.08040811088302,1.385,28.9185894345838,3.700000048,2.71282934644595,82.1437972798409
MDG,2013,Madagascar,12423555455.3853,515.301589361832,1473.40398077255,24109290.0,9648591340.07272,8275144992.84215,343.234703006275,77.6636879412027,5.8264294445198,0.995,28.6604637105393,3.0,2.66844849706382,83.4502181265262
MWI,2023,Malawi,13363669672.9405,633.214767978695,1831.97332483901,21104482.0,11382902523.3743,,,85.1779698388011,28.7897428247298,5.009,16.9748746665356,17.98810346,2.59256771636073,78.280606285515
MWI,2022,Malawi,12429059928.102,604.269740360317,1778.02399491871,20568728.0,10210880507.9823,,,82.1532808357904,20.953969729969,5.02,16.7146031979436,16.84830093,2.61321944653068,80.331752037888
MWI,2021,Malawi,12378119199.0839,617.446994451007,1687.59358179651,20047258.0,9899730071.852,,,79.9776598740839,9.33014410835212,5.652,16.4881925800694,15.30300045,2.65376192594518,82.4504103830217
MWI,2020,Malawi,11769313597.8545,602.507478176106,1513.45990803344,19533888.0,9415946788.47098,,,80.0042135863172,8.62551469650552,5.72,16.2961471756409,13.89949989,2.70765099880912,84.5894429995323
MWI,2019,Malawi,11051852712.6142,580.889139762475,1450.01008064784,19025752.0,7984404145.20754,,,72.2449380464003,9.3708360560567,4.964,16.1383746619001,11.05860043,2.76517585218182,86.6850770289584
MWI,2018,Malawi,9879220354.29186,533.202567189331,1363.79445595088,18528081.0,7432526630.60197,,,75.233939157689,12.420178108921,5.021,16.0221486554255,8.798299789,2.82687397577763,88.6926562642419
MWI,2017,Malawi,8943543793.5839,495.769683367165,1380.23263621737,18039715.0,6752686154.82577,,,75.5034727919613,11.5433939188771,5.046,15.9634281867266,7.0,2.89717991664502,90.6164711918926
MWI,2016,Malawi,7909868618.46366,450.506105510719,1409.95802703533,17557739.0,,,,,21.7111132136499,5.011,15.899632938282,6.300000191,2.97776097480433,92.469842966706
MWI,2015,Malawi,9219474379.31534,539.605363240686,1403.08451209235,17085587.0,,,,,21.8673475542553,4.953,15.8338504946918,6.0,3.06993549592414,94.1706815867058
MWI,2014,Malawi,8801326169.14547,529.5133440206,1505.55190404024,16621538.0,,,,,23.7920649469687,4.967,15.766154187056,5.829999924,3.16478836074014,95.6432329654004
MWI,2013,Malawi,8031571927.62055,496.947368267313,1558.11224745203,16161816.0,,,,,27.2833333333334,4.978,15.6966173464742,5.050000191,3.26474770114781,96.9140962579928
MYS,2023,Malaysia,399949418752.657,11386.0395636528,36496.9483630681,35126298.0,241825507173.033,243860786881.25,6942.39930667473,60.4640226574717,2.48886560125754,3.858,76.4434752105739,97.69272633,7.45117376160733,42.3268043029121
MYS,2022,Malaysia,407830525989.553,11754.5678336248,34414.4136245222,34695493.0,234948922036.338,233098329942.384,6718.40374028937,57.6094497748206,3.37869862549928,3.93,75.9741357073003,97.3986404,7.18563935667379,42.8965624836029
MYS,2021,Malaysia,373784553029.978,10903.1037480772,29822.8491831618,34282399.0,216822304116.19,209218803818.416,6102.80522720758,58.007293869846,2.47710241465447,4.64,75.5088628191907,96.7514278,6.95860588634135,43.5789018280947
MYS,2020,Malaysia,337456163961.211,9957.52626697613,27474.7361378236,33889558.0,205888852146.863,205543058317.334,6065.08524889391,61.0120288602963,-1.1387021539305,4.54,75.0511895575672,89.55501192,6.7249061388628,44.2708649510882
MYS,2019,Malaysia,365177721021.516,10920.191763972,28933.928297233,33440596.0,218272887190.493,213984276252.889,6398.9372753072,59.7716877634033,0.662891865764326,3.33,74.8377707734042,84.1871450078281,6.48232176367792,44.8360877975172
MYS,2018,Malaysia,358788845712.53,10901.8019954421,27793.5674222948,32910967.0,206037423825.255,198708220778.217,6037.75090468222,57.4258164063263,0.884709160571235,3.3,74.5634625145296,81.2010486181174,6.26670890587931,45.227518847802
MYS,2017,Malaysia,319109094160.343,9862.54806612235,26415.5960203287,32355644.0,176760121345.695,184023278233.176,5687.51709077947,55.3917530338003,3.87120115774237,3.41,74.2354806421432,80.1404790103961,6.06511485190783,45.4951518994463
MYS,2016,Malaysia,301256033870.334,9476.53409809923,25285.8213541391,31789685.0,165051280153.683,172131945664.236,5414.71064165109,54.7877093226036,2.09056659525742,3.44,73.8588978909614,78.7883099275229,5.87993391755952,45.7340885358718
MYS,2015,Malaysia,301355266964.947,9648.6797937523,24526.3942716012,31232798.0,162616927333.648,162616927333.648,5206.60772479137,53.9618666603771,2.10438980238359,3.1,73.4387869957006,71.0640678111957,5.70847520142888,46.0390855919982
MYS,2014,Malaysia,338066095097.254,11013.3107334403,24306.5212338415,30696137.0,177210452020.557,153386812014.05,4996.94186320741,52.4188774297456,3.14299050879095,2.88,72.9802206910773,63.6654258813225,5.5450431033886,46.452998725794
MYS,2013,Malaysia,323276235524.415,10713.6407638899,23160.8924510627,30174265.0,167491031953.001,143383794239.602,4751.85706228808,51.8104993648232,2.10501231233612,3.14,72.4882717118078,57.05751226,5.38859199036981,46.9575013879116
MDV,2023,Maldives,6621008703.95743,12587.6126038651,24806.6325837081,525994.0,3387993229.77873,2982400330.25108,5670.02728215736,51.1703485264065,2.90372427754586,4.019,41.5096832933973,84.55290222,4.34510659817412,32.264975533215
MDV,2022,Maldives,6177123352.26211,11786.0191492983,22876.8862033838,524106.0,2884153581.43842,2678744300.89768,5111.07352500769,46.6908853355215,2.3305404647725,4.303,41.0641769690663,83.91189054,4.08161318358005,32.3871085076878
MDV,2021,Maldives,5252457369.55218,10176.143882547,19052.6224904311,516154.0,2444522828.71881,2327123187.50966,4508.58307309381,46.5405553387143,0.543149688737013,5.016,40.7398648710483,81.95760345,3.92790129292933,32.7942534738749
MDV,2020,Maldives,3712604583.36665,7393.8886543933,13425.3674459601,502118.0,2205167733.22359,2128747678.85056,4239.53668032328,59.3967842172922,-1.36977425569811,5.42,40.3985147902839,79.09780121,3.86970406388133,33.5342081048449
MDV,2019,Maldives,5726094799.37709,11740.2724029785,23077.2112236652,487731.0,2654630087.47473,2530274808.02102,5187.84905618265,46.3602189709383,0.220029731065383,4.562,40.0492764783282,77.46970367,3.83285048520598,34.2339490950724
MDV,2018,Maldives,5404344162.69888,11423.2838427029,21899.4292993843,473099.0,2493759754.58645,2364596862.13068,4998.10158577947,46.1436148311673,-0.133373386117595,4.962,39.6923354428279,70.93689728,3.83165450746515,34.958294347201
MDV,2017,Maldives,4816426256.52914,10509.628805812,19767.8893613468,458287.0,2236643370.11402,2143732457.91356,4677.70732731576,46.4378203046716,2.81747338234509,5.377,39.32787719143,64.95500183,3.86766371291352,35.7416836237512
MDV,2016,Maldives,4409942623.85538,9947.80744731739,18769.5060607629,443308.0,1928135744.44406,1901050789.37918,4288.32953472343,43.7224678165629,0.502509413611612,5.771,38.9560872317815,59.47750092,3.93214198706091,36.5731854969146
MDV,2015,Maldives,4129505319.12921,9644.90655028145,17875.0989419262,428154.0,1688055769.46117,1688055769.46117,3942.63692377315,40.8779173050473,0.953206658777607,6.611,38.5771510715291,54.4620018,4.01479374243847,37.4098572157554
MDV,2014,Maldives,3697353039.20043,8939.07416571472,16722.523852619,413617.0,1358352718.4024,1665309066.60186,4026.2103989968,36.7385181777544,2.12000175718134,7.461,38.1938859868107,49.27999878,4.09799403796266,38.1726285126341
MDV,2013,Maldives,3295009237.50107,8236.08177944126,15264.0907069581,400070.0,,,,,3.8056300091943,8.295,37.8257075155926,44.09999847,4.17576402159119,38.9411756534302
MLI,2023,Mali,24777941860.767,1042.44223444837,3178.41515939915,23769127.0,18215972689.0436,15942277172.6676,670.713618243851,73.5168917233051,2.05880228274223,2.947,31.0031889023235,36.03879929,2.40531546645959,95.5627428168982
MLI,2022,Mali,22539987718.7642,976.914116406452,3013.94334673825,23072640.0,16847317938.547,15408399852.1061,667.821274553155,74.7441309585181,9.62147608489064,2.387,30.4015705681899,35.19919968,2.4262091377493,96.7585373584825
MLI,2021,Mali,22999245262.6719,1027.27345365357,2796.22793795431,22388630.0,16901295857.0777,14706812444.0825,656.887556053343,73.4863064594069,3.92560283104277,4.006,29.7049638253978,33.95650101,2.45371417425465,97.9663657641359
MLI,2020,Mali,20698560938.7775,953.242943290974,2723.70094784441,21713836.0,15076327298.8196,14298130169.9399,658.480158454725,72.8375626856985,0.438088940320669,3.528,29.0205972994693,29.11300087,2.49059867843247,99.2426538469197
MLI,2019,Mali,20477421884.5414,971.949318638092,2819.86582297259,21068405.0,14622246057.6961,13972721105.5477,663.207352694602,71.4066748252847,-1.65826694846365,3.29,28.3520715749509,24.96030045,2.52301022604725,100.416568884451
MLI,2018,Mali,20368015381.2413,996.379292136901,2684.41122026577,20442030.0,14714582985.0624,13299566169.1701,650.599092613114,72.2435775388033,0.299546507387843,1.62,27.6999185916288,21.39999962,2.54869997130177,101.280425994696
MLI,2017,Mali,18308362040.0521,924.057531692284,2606.69607954141,19813011.0,13332535960.3587,12779232405.0597,644.991940147801,72.8221122741178,1.75985742927165,1.498,27.0646702892896,18.89999962,2.57634749650993,101.88009329702
MLI,2016,Mali,16743796799.8329,872.468587171653,2531.80496963482,19191289.0,12186342513.815,12144402799.0123,632.80808282405,72.7812374905114,-1.79964707083386,1.367,26.4468586077195,14.0,2.60453577129353,102.313780775536
MLI,2015,Mali,15583181170.4105,838.11986940103,2330.24293947692,18593022.0,11506490861.079,11506490861.079,618.860713502033,73.8391650283042,1.45069057605961,1.404,25.847015486705,10.32999992,2.63327015909517,102.527919857724
MLI,2014,Mali,17081681993.2577,947.915033293219,2184.87660282794,18020267.0,12365515250.9837,10811601047.5707,599.968970913181,72.390501449825,0.883814547137841,1.476,25.2656728660325,7.0,2.6696747242889,102.530025586738
MLI,2013,Mali,15747192680.9971,901.920957649814,2059.28407643019,17459615.0,11656074191.9091,10224323396.6869,585.598445136787,74.0200137766464,-0.606736356351563,1.517,24.7033626854883,3.5,2.7108215158238,102.371894954384
MLT,2023,Malta,22625329775.6867,40932.5238774461,67101.1037962636,552747.0,10267078125.0982,8770120951.798,15866.4288576835,45.3786894020492,5.09396758978883,3.479,95.6272277147965,92.07266941,19.800039778143,49.1465329757208
MLT,2022,Malta,18938869147.0818,35658.8318250199,60623.0076694404,531113.0,8336986068.09342,7773302235.46813,14635.8726588657,44.02050620524,6.15375621933037,3.471,95.6003155132879,91.54062209,19.2843700775476,48.1391709876354
MLT,2021,Malta,19730119030.6198,38078.0064279067,56823.9958525022,518150.0,8113007156.97661,7096616690.08346,13696.0661779088,41.1199098413231,1.49789217934724,3.754,95.5145343617045,87.46977742,18.7721036316463,47.0550672482837
MLT,2020,Malta,16404655807.6687,31823.422001724,49971.8904481582,515490.0,6995670187.07239,6409779814.98919,12434.3436632897,42.6444191764275,0.638544956776712,4.856,95.1841082280263,86.85876183,18.4997679496494,46.6974581383966
MLT,2019,Malta,16337788880.578,32421.9087471186,51392.5014263659,503912.0,7543230379.95136,7148001255.93311,14185.0189238064,46.1704483702723,1.6420600176894,4.08,94.9332032524644,85.7785963798031,18.5815714000859,47.3547541904016
MLT,2018,Malta,16153785816.8181,33382.280781103,48178.5049931669,483903.0,7385317385.54768,6764867049.05819,13979.7997719754,45.7188022008974,1.15782362451517,3.956,94.7242373261706,81.6580442928014,18.7496839900321,48.2514161767364
MLT,2017,Malta,14161374599.3379,30317.2611769875,45763.6968096243,467106.0,6345906399.72672,6137263706.08388,13138.9100248849,44.8113730430054,1.36435448150708,4.008,94.5691806330314,81.0119110762945,18.8131074315696,48.9049838377527
MLT,2016,Malta,12025777078.0922,26459.0644285369,41000.1176833537,454505.0,5789808930.89009,5755489986.69581,12663.2049959754,48.1449879978036,0.642702771527304,4.694,94.4800033569336,78.0751488032182,18.6555640731084,48.8332492844933
MLT,2015,Malta,11340789705.8045,25529.6693210673,38368.726998344,444220.0,5596103644.96664,5596103644.96664,12597.5949866432,49.3449203286293,1.10054826378929,5.389,94.4387696268011,75.9600189752747,18.3273199612118,48.274826180852
MLT,2014,Malta,11888029751.5962,27424.5693619702,35205.746954765,433481.0,6380847189.693,5412647140.0085,12486.4691647581,53.6745560283969,0.310306472181665,5.737,94.412512773898,73.1141157845193,17.9435630039737,47.6796080782753
MLT,2013,Malta,10796780874.0524,25415.5525389054,33138.0865932239,424810.0,6154761562.66186,5246667666.61226,12350.6218465014,57.0055244656621,1.1802843636655,6.115,94.3906567856206,68.9138,17.3519818416277,46.7001868242298
MHL,2023,Marshall Islands,264000000.0,6799.39217554794,7525.1504555076,38827.0,187208100.0,155108300.0,3994.85667190357,70.9121590909091,,,78.3593928884282,64.07589722,4.38225976768743,64.169133192389
MHL,2022,Marshall Islands,258723500.0,6455.6603538189,7431.2014968892,40077.0,186262400.0,167590700.0,4181.71769344013,71.9928417789648,,,77.9855966195187,64.26719666,4.11208423784215,63.2131948686622
MHL,2021,Marshall Islands,261245500.0,6315.31172190393,6768.82579129624,41367.0,171299400.0,159869400.0,3864.66023642033,65.57027776555,,,77.6163157431143,63.97259903,3.86781734232601,62.0582935046619
MHL,2020,Marshall Islands,241800000.0,5661.96787336674,6137.93436122421,42706.0,169688100.0,165568200.0,3876.93064206435,70.177047146402,,,77.285864607515,56.41910172,3.70435413812886,61.9553263301604
MHL,2019,Marshall Islands,232900000.0,5292.33985502306,6045.06240783364,44007.0,174839600.0,170821200.0,3881.6824596087,75.0706741090597,,,76.9422712042154,49.75749969,3.57333575721768,63.0311562256881
MHL,2018,Marshall Islands,220000000.0,4858.12079054875,5232.20524867928,45285.0,165404000.0,160586300.0,3546.12564866954,75.1836363636364,,,76.5886712229035,43.88249969,3.39185160649222,64.0879773896659
MHL,2017,Marshall Islands,213700000.0,4592.83457628576,4719.31304912625,46529.0,161698400.0,161883400.0,3479.19362118249,75.6660739354235,,,76.2253071645634,38.70119858,3.19478174901674,65.1076966750648
MHL,2016,Marshall Islands,201800000.0,4229.80988911945,4366.2576420174,47709.0,147054700.0,147090700.0,3083.08076044352,72.8715064420218,,,75.8524215301796,29.78779984,3.00362615020227,66.1639732516021
MHL,2015,Marshall Islands,183700000.0,3764.34426229508,4125.16169273671,48800.0,142193400.0,142193400.0,2913.79918032787,77.4052259118127,,,75.4702568207363,19.28240013,2.80017622770259,67.3950329308452
MHL,2014,Marshall Islands,186000000.0,3735.23977829545,3931.34410633325,49796.0,143059800.0,143219900.0,2876.13262109406,76.9138709677419,,,75.0790555372177,16.79999924,2.58554904008354,68.7656747780113
MHL,2013,Marshall Islands,186400000.0,3677.90690791421,3845.00357490874,50681.0,146783600.0,149729000.0,2954.34186381484,78.7465665236052,,,74.6790601806083,14.0,2.38156311043586,70.0704697986577
MRT,2023,Mauritania,10687541640.1299,2127.9576285973,6971.65100210032,5022441.0,5805550195.69109,5034897582.2295,1002.48018488012,54.3207258617104,4.95305034506872,10.37,59.7142464747058,44.95629883,3.21532864046301,86.0514074690377
MRT,2022,Mauritania,9562497460.55394,1961.28166648869,6483.80020315347,4875637.0,5420150335.20688,4887521619.53887,1002.43755216782,56.6813257474361,9.52526628622843,10.52,58.8120996197226,42.46450043,3.20850350338802,87.1286509307235
MRT,2021,Mauritania,9221044666.76483,1947.47413907209,5836.56580821897,4734874.0,4888011414.29188,4701408154.29866,992.932051475639,53.0093019927516,3.56516484650185,11.131,57.901535141641,35.63660049,3.22146869996237,88.0959295107984
MRT,2020,Mauritania,8260567356.81635,1795.72437324423,5740.73959690131,4600131.0,4378773863.94192,4550127187.07112,989.129915446129,53.0081491355276,2.3856948845632,11.051,56.9836701058893,29.90649986,3.2601136793713,88.9498303196694
MRT,2019,Mauritania,7894764885.82312,1767.072710621,5610.13236713892,4467708.0,4332163840.48844,4507019110.56655,1008.79894356716,54.8738803896218,2.30009262117937,10.416,56.0596215779146,25.0977993,3.29913011324822,89.6916163393409
MRT,2018,Mauritania,7475471309.52265,1723.37809442655,5429.23223059784,4337685.0,4226639916.14074,4393231763.45916,1012.80562407348,56.5401128723031,3.06735996058356,10.411,55.1305077000081,22.96699905,3.33540817279263,90.2920743605582
MRT,2017,Mauritania,6812472965.33868,1617.93401542267,5353.06608810409,4210600.0,3986902174.51387,4235270203.88765,1005.85907088958,58.5235669161392,2.25427651934813,10.336,54.1970448502004,21.01720047,3.38544428174658,90.7873726755356
MRT,2016,Mauritania,6407900701.25829,1568.00551190332,4682.70259690031,4086657.0,3882217027.7164,4119140816.53617,1007.9487504178,60.5848499954762,1.47171045650004,10.287,52.9185627319946,19.23279953,3.45096290818668,91.1907782824228
MRT,2015,Mauritania,6182303676.55144,1558.84205473416,3977.61171275863,3965959.0,3949085167.23063,3949085167.23063,995.745333532351,63.8772434005292,3.25472688117631,10.104,51.6680350049622,17.60000038,3.53342073549181,91.5214425586679
MRT,2014,Mauritania,6615483550.17817,1718.97089374709,3865.1425867687,3848514.0,4062017071.35162,3785074704.8635,983.515898568512,61.4016653588719,3.53436856147324,10.026,50.4694791226856,11.80000019,3.63322098259497,91.7948866179137
MRT,2013,Mauritania,7230646063.35983,1936.26950446101,3831.04711074225,3734318.0,3764069115.92421,3674655873.43888,984.023287100585,52.0571617382581,4.12910173783393,9.926,49.3553973225913,6.199999809,3.75036301804466,92.031078213882
MUS,2023,Mauritius,14072212290.4596,11269.9684462139,29402.9391464973,1248647.0,9846439670.20289,9230588546.48621,7392.47244936816,69.9708010863252,7.05298238454736,5.571,39.0039901092226,79.5,12.9415870752551,39.0159696460938
MUS,2022,Mauritius,12936444123.3037,10246.5017455553,26783.5527116445,1262523.0,9112872607.02842,8924436581.26945,7068.73188153361,70.443411807519,10.7737512242899,6.322,39.0000125885784,75.5,12.3957639095405,38.6410231913564
MUS,2021,Mauritius,11622048696.8129,9177.71195973013,23010.2013826906,1266334.0,8395324844.61757,8602365491.95822,6793.12526707663,72.2361871269719,4.02852888157376,7.719,39.077147315722,71.59999847,11.9015085296574,38.4728266812466
MUS,2020,Mauritius,11566111137.5568,9135.84773751062,21621.5971225157,1266014.0,8286389183.11625,8349497821.71288,6595.10702228639,71.6436932393741,2.5808007718283,8.626,39.1607039074325,67.73290684,11.4011750101113,38.4194108816657
MUS,2019,Mauritius,14645235204.6176,11568.2533399824,24374.7818286567,1265985.0,10592296219.1767,9859832564.84112,7788.26965946763,72.3258866872755,0.405655190309553,6.331,39.2509492806955,61.7299551453346,10.8947577102786,38.4410218949367
MUS,2018,Mauritius,14957535715.9696,11818.7480619272,23415.5237589118,1265577.0,10677395209.5808,9558577675.13628,7552.74287944257,71.3847214697335,3.2160538314457,6.426,39.3474905591359,58.596169704299,10.3966493732511,38.4931808158946
MUS,2017,Mauritius,13896938315.2799,10986.7034093005,22897.9700922103,1264887.0,9875350797.74005,9260877433.72496,7321.50574219275,71.0613415250028,3.66699702675925,6.752,39.4499348663789,55.4032403002657,9.89137298503473,38.5107396477242
MUS,2016,Mauritius,12757680846.5663,10095.1225574156,21951.8307433111,1263747.0,8965929013.94673,8971149149.38565,7098.84901755308,70.2786746414016,0.977675134718965,6.814,39.5578893260494,52.19129944,9.38091590555375,38.4624739783061
MUS,2015,Mauritius,12162211503.0793,9630.5437837507,20269.5235095611,1262879.0,8713769407.84501,8713769407.84501,6899.92422698058,71.6462578013777,1.28654970760232,7.41,39.6709610617726,50.1393184766711,8.87991763366248,38.3923483566676
MUS,2014,Mauritius,13230490081.5656,10490.3315563853,19294.4682829556,1261208.0,9535551306.77782,8465554365.86431,6712.25869631679,72.0725479403365,3.21769191994684,7.467,39.7887571971735,44.8032753683379,8.4197462160542,38.4067100217946
MUS,2013,Mauritius,12434596541.2996,9877.13865958834,18435.2031858653,1258927.0,9006311707.77527,8248593421.74003,6552.08238582541,72.4294646622607,3.54329573934839,7.322,39.9108848558771,40.116825135,8.02578034498505,38.4388601389527
MEX,2023,Mexico,1794410347718.25,13830.843848864,25188.3182559609,129739759.0,1253583863518.97,950659987888.525,7327.43759673952,69.8604901110279,5.52796087314389,2.765,79.4734935748046,81.18318755,7.98664578990007,49.0415538480472
MEX,2022,Mexico,1466934724243.38,11405.7940469896,23135.4931593441,128613117.0,1035049733521.8,912602357156.527,7095.71759431448,70.5586769756003,7.8962761916855,3.256,79.199683215791,78.63217894,7.74526983999124,49.3799037503831
MEX,2021,Mexico,1316569466833.94,10314.0506733708,20782.5877440905,127648148.0,899555819959.819,870542859121.609,6819.8628241877,68.3257391744817,5.68920847683753,4.019,78.9324007418057,75.62650476,7.58575873574664,49.8060368026137
MEX,2020,Mexico,1121064767168.8,8841.27074929751,19354.1248682138,126799054.0,741637415613.279,802961362523.309,6332.55010343618,66.1547340825148,3.39683415570006,4.44,78.677960602824,71.49017499,7.48607987451515,50.3089773441429
MEX,2019,Mexico,1304106204006.27,10369.5553593527,20964.2774863762,125762982.0,875343173844.726,890535153621.151,7081.05946168763,67.1220772630044,3.63596142127046,3.477,78.355984332992,69.6321092705209,7.33464157467799,50.7872946012451
MEX,2018,Mexico,1256300182983.65,10084.7937570364,20921.4775294879,124573711.0,846633393856.75,882607451120.821,7085.02174363916,67.3910109481984,4.89935015356551,3.275,78.0271223924494,56.6595667981289,7.14422403295026,51.2690018964587
MEX,2017,Mexico,1190721475853.16,9649.27816729586,20488.715079135,123400057.0,812497140176.399,869880294807.03,7049.26979739588,68.2357005104184,6.04145724018986,3.419,77.7206924598541,53.0317886110982,6.96592017390268,51.8182577831981
MEX,2016,Mexico,1112233497452.7,9097.92397674769,20104.5839787472,122251351.0,766668949217.796,855145126171.771,6994.9748544846,68.9305753669231,2.8217078474766,3.853,77.4405087351486,59.5404459967255,6.8015894842814,52.3968518760979
MEX,2015,Mexico,1213294467653.78,10021.2386113616,19071.4444186548,121072306.0,838984074978.04,838984074978.04,6929.61175595384,69.1492541460634,2.72064064964023,4.311,77.1903854182753,57.4310429923633,6.65084837815842,52.97209888579
MEX,2014,Mexico,1364507717689.36,11391.3773503964,18820.799110896,119784261.0,966186180877.114,817034438079.989,6820.88307144116,70.8084071897547,4.01861608078679,4.819,76.9741367091766,44.3856962723411,6.51446394948331,53.513139465276
MEX,2013,Mexico,1327436290439.27,11216.800851866,18170.2647920555,118343573.0,939133026469.168,801172128624.169,6769.88287842356,70.7478794450011,3.80639069747204,4.921,76.7955768077952,43.46,6.39365899489954,54.027488950612
FSM,2023,"Micronesia, Fed. Sts.",442975600.0,3933.01607031874,4266.72631824787,112630.0,,,,,,,22.4334012451903,39.39889908,5.73112966736364,60.9275875864434
FSM,2022,"Micronesia, Fed. Sts.",415232900.0,3703.66680343222,4087.19316400156,112114.0,,,,,5.40874375479067,,22.4122701819053,39.0279007,5.51940667270222,60.8706881708087
FSM,2021,"Micronesia, Fed. Sts.",391601900.0,3508.22314197664,3955.73141317971,111624.0,,,,,3.19128406597466,,22.3928762855411,,5.28736970826297,60.7118175535591
FSM,2020,"Micronesia, Fed. Sts.",372902700.0,3362.02802120524,3692.79209583749,110916.0,,,,,0.554594630853174,,22.3752060036598,39.38330078,5.03396699318857,60.7734566380148
FSM,2019,"Micronesia, Fed. Sts.",395000000.0,3581.72684572278,3741.7086219508,110282.0,,,,,1.92385170787923,,22.359245777081,37.97370148,4.77276436771186,60.8767323121809
FSM,2018,"Micronesia, Fed. Sts.",394000000.0,3584.78377566896,3563.60005687114,109909.0,,,,,1.49840023593737,,22.3449820355433,36.61460114,4.52281194983145,60.8243953117455
FSM,2017,"Micronesia, Fed. Sts.",361000000.0,3297.37580036719,3483.25006151113,109481.0,,,,,0.58225373525489,,22.332401189542,35.30410004,4.30620698474171,60.8500822755054
FSM,2016,"Micronesia, Fed. Sts.",327000000.0,2997.93719917488,3364.89549915246,109075.0,,,,,-1.03746806405349,,22.3214896137555,33.35219955,4.11186849355257,60.8657178674139
FSM,2015,"Micronesia, Fed. Sts.",312000000.0,2869.86276169101,3302.59669394506,108716.0,,,,,-0.2981158373807,,22.3122336099411,31.50110054,3.91480515657841,61.0750585237206
FSM,2014,"Micronesia, Fed. Sts.",316000000.0,2915.23672460238,3143.99458220276,108396.0,,,,,0.650284891767944,,22.3046193122479,29.64999962,3.72338462673899,61.5271134158881
FSM,2013,"Micronesia, Fed. Sts.",314000000.0,2904.1536796737,3179.56246692763,108121.0,,,,,1.75232737350762,,22.2986323961146,27.79999924,3.54928066370392,62.0752199787142
MDA,2023,Moldova,16711906746.2133,6799.58594644576,17750.5576656772,2457783.0,14331219199.2728,8071335183.7906,3283.99015852522,85.7545426557627,13.41701043813,1.57,43.0011825561523,76.50330353,15.6147071961188,55.2962072281666
MDA,2022,Moldova,14525337523.7271,5744.29618434435,16442.1034354056,2528654.0,12324096280.9815,8136442467.63412,3217.69703076582,84.8455071068063,28.7372976766236,0.909,42.4048843383789,74.91899872,15.1170014189217,54.4705439644419
MDA,2021,Moldova,13691869264.0794,5274.60582195352,15682.0703284653,2595809.0,11440229222.4651,8562919706.42691,3298.74798431892,83.5549113259395,5.10641129002836,0.794,41.8115425109863,74.91899872,14.6975547316048,53.4770503502267
MDA,2020,Moldova,11530746234.4492,4375.7788930524,13527.4413130967,2635130.0,9498844291.03499,7304297773.93737,2771.89276200315,82.3784003038442,3.76597122245358,1.206,41.3368530273438,74.11830139,14.2911788385703,52.1688916299112
MDA,2019,Moldova,11736797054.6965,4405.33418162155,13413.2232935126,2664224.0,9968693716.64752,7902871975.01653,2966.29411604149,84.9353845873866,4.83778351428729,1.502,40.772289276123,73.32610321,13.8014600191097,50.5590674260294
MDA,2018,Moldova,11252353420.8798,4156.44981956646,11868.1955463223,2707203.0,9584875561.62783,7578270286.15853,2799.29886534498,85.1810745994007,3.04505397337058,1.239,40.3258094787598,72.54239655,13.3074098865074,48.8156929140567
MDA,2017,Moldova,9514404016.20949,3453.26727720294,11252.1135465283,2755189.0,8264513138.11775,7332466469.70645,2661.3297562187,86.8631721339315,6.57022997455604,1.622,39.9736557006836,71.76709747,12.8296483714172,47.0079400184721
MDA,2016,Moldova,7980917075.7748,2847.08794770479,10325.8404896126,2803186.0,6936040062.18082,6938439341.59873,2475.19762926853,86.9078076657934,6.35930898037931,1.591,39.7373237609863,70.9999991066624,12.2990838824212,44.9617606494355
MDA,2015,Moldova,7797667196.73087,2749.55137054338,9197.61838204272,2835978.0,6830058296.43475,6830058296.43475,2408.36081818503,87.5910464516646,9.67624033101859,1.781,39.6954040527344,69.0000044661932,11.7091797505114,42.7369673494204
MDA,2014,Moldova,9402090137.7423,3289.95758568777,8643.06431435343,2857815.0,8789249018.39105,6999792245.7906,2449.35107618604,93.4818629647981,5.08878554625869,1.45,39.6298484802246,66.9999982002077,11.0822689022586,40.5178254811007
MDA,2013,Moldova,9496717875.51932,3321.04397795719,8232.5238047368,2859558.0,8666489761.14259,6636409370.03911,2320.78152289239,91.2577363541893,4.59787897363136,1.894,39.4275512695312,37.43999863,10.6157631674484,38.9863509860321
MCO,2023,Monaco,10003897341.1766,256799.911212051,,38956.0,,,,,,,100.0,98.87049866,36.3572189493409,98.1586042016379
MCO,2022,Monaco,8800432773.73544,226052.060664649,,38931.0,,,,,,,100.0,98.75189972,37.0612486033161,99.8459958932238
MCO,2021,Monaco,8623241326.74405,223823.327192464,,38527.0,,,,,,,100.0,99.07759857,37.3192825810471,100.416146483562
MCO,2020,Monaco,6730733230.81714,176891.806328966,,38050.0,,,,,,,100.0,98.57080078,36.4633841868044,97.078779717201
MCO,2019,Monaco,7383494129.41175,193746.729890885,,38109.0,,,,,,,100.0,98.0,36.2853919021753,95.4356633673522
MCO,2018,Monaco,7184336760.39215,188298.389694191,,38154.0,,,,,,,100.0,,36.2342580822708,94.2964811325559
MCO,2017,Monaco,6430258224.58825,170663.470051177,,37678.0,,,,,,,100.0,97.0530014,35.5777907532247,91.6967692699059
MCO,2016,Monaco,6471287668.59924,173604.669723126,,37276.0,,,,,,,100.0,95.20819855,35.009121150338,89.3720788457631
MCO,2015,Monaco,6264753585.625,170437.021128628,,36757.0,,,,,,,100.0,93.36329651,34.1159507032674,86.5269461077844
MCO,2014,Monaco,7070015473.96076,195693.519540544,,36128.0,,,,,,,100.0,92.40000153,32.8858503100089,83.2192301840864
MCO,2013,Monaco,6555590641.56865,184940.633666281,,35447.0,,,,,,,100.0,90.69999695,31.5583829379073,79.6877376184924
MNG,2023,Mongolia,20325121393.9074,5838.63108083902,18019.6912274585,3481145.0,9049203222.52678,10287169896.7231,2955.1110042021,44.522259164658,10.347583131434,5.178,70.4464492797852,83.74320221,4.8636009012415,60.0027669535657
MNG,2022,Mongolia,17146471713.748,4993.51487463495,16399.3900820069,3433748.0,8892189448.10451,9373363652.42623,2729.77622482087,51.860170398641,15.1509728200805,5.954,69.783805847168,81.07720184,4.61634103806392,60.0028703844358
MNG,2021,Mongolia,15286441737.6686,4517.61578018785,14792.2509086422,3383741.0,8102208268.22066,8674213053.08275,2563.49793116044,53.002578410745,7.35894657888155,7.871,69.2153244018555,81.60682285,4.43492388778066,59.6313854511985
MNG,2020,Mongolia,13312981429.0891,4001.25193077703,13693.179806943,3327204.0,8050570296.46574,9213374661.72384,2769.10422737044,60.4715806098484,3.7237230614026,6.413,68.0894771770775,62.50002848,4.30635785893672,58.9121466009596
MNG,2019,Mongolia,14206359017.5143,4347.54610314873,13604.978943194,3267673.0,8134879145.96325,9027569975.77325,2762.69075142257,57.2622382408762,7.30106953550729,9.024,67.8277299551557,51.079994082603,4.17415725035646,57.4288259442459
MNG,2018,Mongolia,13178094720.4986,4107.64288528468,12317.4824277695,3208189.0,7637417028.1756,8529484368.98786,2658.66018772207,57.9553963616272,6.82424790145522,5.377,67.8683444833372,47.1300018848989,4.04957088820743,55.4120963362594
MNG,2017,Mongolia,11480847740.736,3645.96708669551,11096.0375604239,3148917.0,6459632701.10909,7633959072.98238,2424.31257253919,56.2644226888335,4.30143105302342,6.359,67.9260583223672,23.71430016,3.95398220054092,53.5127010854887
MNG,2016,Mongolia,11181350649.3573,3619.90026383792,10511.3831063141,3088856.0,6790003077.35743,7319377292.93425,2369.60780720573,60.7261438290346,0.733272227314397,7.235,67.9776754820979,22.2657705007562,3.8851300244803,51.7262924597998
MNG,2015,Mongolia,11619892590.6941,3838.92126989984,10458.3027240524,3026864.0,7192706603.79565,7192706603.79565,2376.28998322873,61.8999405343556,5.73568281938327,4.861,67.9999999906095,22.5000041337688,3.83803196041828,50.0825069416898
MNG,2014,Mongolia,12226514668.0622,4126.23975800524,10900.2305197857,2963113.0,6924120623.32302,6651259120.89917,2244.68628800156,56.6320068417376,12.2539808129759,4.798,67.9941357229626,19.9424474349209,3.8077594923651,48.6804175336851
MNG,2013,Mongolia,12582122604.2577,4340.14310544449,10442.3850504493,2899011.0,7020658397.46313,6257205851.99917,2158.39327687931,55.7986805428789,10.4906567588241,4.231,67.9776750055915,17.699984237,3.79262034296318,47.5860682131157
MNE,2023,Montenegro,7643318276.40347,12258.1600477339,31862.873635118,623529.0,5735465629.05598,4607271076.05995,7389.02452982933,75.0389480281434,8.58476910455403,13.146,65.4731667624849,88.5515976,17.4661274844054,55.7603675124215
MNE,2022,Montenegro,6259721790.0652,10038.1849482517,28049.7293227735,623591.0,4827416315.94632,4301478616.0464,6897.91644851578,77.1187039591426,13.0403036347004,14.851,65.4012965440866,88.22192026,17.1459251034129,55.321120340735
MNE,2021,Montenegro,5822908963.58053,9315.86435643142,23689.9791090651,625053.0,4307099283.71466,3791198977.96831,6065.40401848852,73.9681714183319,2.41080198403165,16.543,65.3266031317675,82.21969752,16.9128782703666,54.7977027492217
MNE,2020,Montenegro,4734192593.29169,7555.48699036321,20624.7887553398,626590.0,3862976571.77075,3595142379.94148,5737.63127394544,81.5973684138782,-0.255655699848551,17.878,65.2490688418027,77.60879306,16.6406770460658,54.0327933331695
MNE,2019,Montenegro,5483622632.13097,8749.25629734676,23705.3800229705,626753.0,3931342260.82431,3769720231.74276,6014.68238962201,71.6924289754885,0.361563704540767,15.128,65.1686759904159,73.4766657478691,16.2013123164339,52.9482821311871
MNE,2018,Montenegro,5433469310.85184,8673.59469069858,21083.6815338423,626438.0,3987229903.78361,3619780457.03228,5778.35389461092,73.3827629396972,2.611223782638,15.19,65.0854068937869,71.5171004874886,15.7080684318645,51.8453520785359
MNE,2017,Montenegro,4803964684.21648,7674.2856571219,19356.6672508566,625982.0,3636300689.42189,3510924712.54227,5608.6672021596,75.6937431569601,2.3802359905313,16.082,64.9992438680584,71.2723325399382,15.2378556506188,50.8972133834732
MNE,2016,Montenegro,4357467226.269,6968.01202883651,18030.1591692766,625353.0,3360245925.28647,3376581201.76938,5399.48029635963,77.1146574558087,-0.271385023385176,17.732,64.9101692293409,69.8816468416779,14.8258265738724,50.102612231378
MNE,2015,Montenegro,4010884106.80136,6421.00005731419,16091.7231229959,624651.0,3147509771.9816,3147509771.9816,5038.82931746143,78.474213868316,1.54869158222486,17.555,64.8181652937171,68.1197860085679,14.420476163943,49.317180564088
MNE,2014,Montenegro,4579635403.65249,7342.17147363741,15276.0532461713,623744.0,3674362288.10183,3123863221.20011,5008.24572452819,80.2326378464831,-0.710514051710227,18.054,64.7232143772459,63.8868840056697,14.0035525610354,48.4844300871515
MNE,2013,Montenegro,4422097042.14762,7102.7776714702,14692.0792745799,622587.0,3600311653.88515,3032581580.44919,4870.9362393516,81.4163872834557,2.20589268141178,19.585,64.6252987959653,60.31,13.6939604628851,47.938770224384
MAR,2023,Morocco,146036093666.762,3813.72607421875,9902.8056640625,37712505.0,89277378603.3516,76358100738.9048,1994.08837890625,61.1337761519919,6.09114152504141,8.896,62.673750838878,91.0,7.82574109038898,51.1965827591372
MAR,2022,Morocco,131245312804.483,3463.1376953125,9308.556640625,37329064.0,81479943232.0341,72863483133.4395,1922.63073730469,62.0821738246875,6.65704202759067,9.413,62.5118468550703,89.9,7.5098132650741,51.3182365864151
MAR,2021,Morocco,142022058447.231,3785.93627929688,8623.265625,36954442.0,84646643416.1756,72756554150.5566,1939.49926757813,59.6010537670291,1.40195883962006,10.551,62.3173276600289,88.13031937,7.21841629730986,51.3907036633908
MAR,2020,Morocco,121353645057.144,3268.0302734375,7704.84912109375,36584208.0,71688003397.3381,68024859231.1233,1831.89636230469,59.0736301028133,0.705968661338261,11.189,62.0933436005366,84.12036305,6.97052126972381,51.445532015848
MAR,2019,Morocco,128920266409.458,3508.09765625,8046.22900390625,36210898.0,76112115574.422,72062875682.1523,1960.92993164063,59.038130849564,0.303386036590383,9.191,61.8430450233765,84.1203630467602,6.72020202315888,51.4045655561766
MAR,2018,Morocco,127341147581.818,3501.69799804688,7801.0986328125,35839760.0,75720464150.0806,70528014189.8773,1939.41870117188,59.4626839697901,1.80391671141896,9.272,61.5695822753314,64.8038651924043,6.45847935365639,51.2665088515347
MAR,2017,Morocco,118540573367.844,3296.52661132813,8115.12060546875,35446392.0,70318730977.8644,68795924116.4238,1913.16430664063,59.3203904621397,0.754663249323619,9.22,61.2761057031842,61.7622120123071,6.21542948574287,51.1556180708406
MAR,2016,Morocco,111572947004.917,3140.85546875,7853.17626953125,35023457.0,66200416906.4497,66336328627.1364,1867.41345214844,59.3337531037268,1.63531114327064,9.3,60.9657656537179,58.271236420398,5.99554455752977,51.1432000019679
MAR,2015,Morocco,110413823841.592,3146.24780273438,7799.09228515625,34607588.0,65103681269.8605,65103681269.8605,1855.13293457031,58.9633426365735,1.5579071134626,9.46,60.6417124737154,57.0799993486116,5.80213787505015,51.215660270365
MAR,2014,Morocco,119130841411.664,3435.40698242188,7237.27734375,34204780.0,73561171768.3933,63560561016.0775,1832.91235351563,61.7482180908958,0.442310053557048,9.7,60.3030486171654,56.7746379160074,5.63543604139538,51.3322745978475
MAR,2013,Morocco,115739287305.08,3379.7431640625,7542.0986328125,33787571.0,64022930689.2246,61625574629.6897,1799.5498046875,55.3165067627079,1.88065466724086,9.23,59.9083499302469,56.0,5.49610979729795,51.5336269622414
MOZ,2023,Mozambique,20927498317.3094,622.191133245967,1680.20873445078,33635160.0,16335799933.9228,15401899930.1349,457.910708025023,78.0590192207121,7.12697482131851,6.661,35.7149783148407,19.94560051,2.76676995144367,90.5547175254326
MOZ,2022,Mozambique,18884232598.8698,578.273222184503,1581.76710168717,32656246.0,14336973890.3798,14115855514.86,432.255915602179,75.9203415617633,10.2794018093421,6.789,35.0536638047945,18.96220016,2.77309890426475,91.3012310999481
MOZ,2021,Mozambique,16168055475.4449,509.907829475551,1457.23540930922,31707800.0,11686066728.7864,13162532238.9664,415.119694175138,72.2787396822982,6.40847652975692,5.413,34.4499259401554,16.35759926,2.79064141946146,91.8281932595934
MOZ,2020,Mozambique,14235420174.1884,462.433876479921,1411.62040229911,30783688.0,9803063044.69877,12438427744.9342,404.059050524882,68.8638826585085,3.48393567493204,5.019,33.9044006416285,14.28740025,2.81106994067767,92.291028024715
MOZ,2019,Mozambique,15512759046.672,519.09255091362,1388.79707034446,29884380.0,10530951683.3966,12513943080.0973,418.745280313571,67.8857426439293,2.80270307928111,4.462,33.4177241517032,12.47929955,2.80919999009516,92.6621562736864
MOZ,2018,Mozambique,15017358952.8452,517.507260258101,1325.58695568953,29018644.0,9887050364.57786,11819729264.5696,407.315009776805,65.8374777856973,3.91133439990729,4.21,32.9902559073541,10.89999962,2.79398474315366,92.9253199854508
MOZ,2017,Mozambique,13264640645.7768,470.93856305196,1282.74965991801,28166393.0,8872670609.38905,11460208202.7756,406.875250330263,66.8896417651083,15.1132073899384,3.935,32.6274411492675,7.7963266079129,2.776631662126,93.2423544063081
MOZ,2016,Mozambique,12069051237.1711,441.489734819071,1379.10740028691,27337105.0,8119529783.83596,11398725105.5256,416.968991615081,67.2756260975085,17.4180418197597,3.65,32.3819234395234,7.0,2.75909067106942,93.607198247634
MOZ,2015,Mozambique,16208985769.615,610.563774706589,1317.88785956822,26547572.0,10674609007.4366,10674609007.4366,402.093607936598,65.8561193103582,3.55075967356746,3.426,32.1372836259918,6.5,2.74244471881563,93.9293110832597
MOZ,2014,Mozambique,17978246586.0662,697.142680444123,1165.82826607505,25788475.0,12773693553.8031,10496240490.2953,407.012841600573,71.0508307506649,2.55974875844295,3.377,31.8972245802342,6.0,2.72836024619525,94.2161364066836
MOZ,2013,Mozambique,17198073057.1981,686.505672517351,1113.7525275929,25051611.0,12699462382.3969,9901366945.14571,395.238731159673,73.842356292827,4.26135250941963,3.345,31.6619153976179,5.5,2.71546408731957,94.3878820252348
MMR,2023,Myanmar,66757619000.0,1233.19666209269,5958.26424874022,54133798.0,,,,,,2.977,30.3820718069466,,7.08914980516562,46.2092542209052
MMR,2022,Myanmar,62253049891.6449,1158.05005034332,5731.02947916374,53756787.0,,,,,,3.063,30.311095757938,,6.87716132590698,46.2100569537985
MMR,2021,Myanmar,66345291160.1683,1242.72134419599,5178.44718217164,53387102.0,,,,,,4.34,30.2368812529698,,6.68644928507264,46.2474842232341
MMR,2020,Myanmar,79006113643.1906,1490.21683548367,5740.99045843992,53016522.0,,,,,,1.476,30.1593049968842,45.4477005,6.50781568157013,46.3134094770448
MMR,2019,Myanmar,75065106227.6892,1425.98954211903,6101.37245765709,52640713.0,,,,,8.82506696804558,0.407,30.0782436945232,36.54050064,6.31825313612298,46.396472048483
MMR,2018,Myanmar,67860515989.517,1298.21310320785,5581.2769545815,52272247.0,,,,,6.87232865662935,0.767,29.993574050729,29.37899971,6.1297183774185,46.5323258218492
MMR,2017,Myanmar,66053040483.0016,1272.82241830603,4706.43248949598,51894938.0,,,,,4.5725365531752,1.356,29.9051727703437,23.621081950267,5.95130203257975,46.756347215943
MMR,2016,Myanmar,63298361996.2153,1229.19713515893,4459.53981427471,51495696.0,,,,,6.92882525816076,1.058,29.8129165582094,16.0,5.78481355024311,47.0384089285758
MMR,2015,Myanmar,59607290407.6191,1166.73305546337,4458.69054442659,51089056.0,,,,,9.45417189526018,0.766,29.7166821191682,10.89999962,5.62985745547791,47.3459615010681
MMR,2014,Myanmar,65531374199.6663,1293.00042298688,4376.38833281274,50681634.0,,,,,4.953299184844,0.763,29.6164342116462,7.400000095,5.49074745193444,47.7168930939888
MMR,2013,Myanmar,60269732854.827,1199.09561597055,4143.63012731959,50262658.0,,,,,5.64303883425501,0.775,29.5103946237239,1.799999952,5.39638498024105,48.2399603707655
NAM,2023,Namibia,12522012873.7957,4225.99102418102,11247.8071969605,2963095.0,9182615804.47426,9984915341.81897,3369.75876298903,73.3317869660585,5.87993463284275,19.154,49.9545837830821,63.69549942,3.57118148422511,69.1003275178326
NAM,2022,Namibia,12569449123.3661,4349.79908493314,10661.0118776397,2889662.0,9472894207.07859,9485432630.73885,3282.5405292172,75.3644341458758,6.08128114112413,19.615,49.5291037671807,62.99720001,3.52321421619307,69.4803500031965
NAM,2021,Namibia,12402486183.6396,4412.8355693052,9709.09930646771,2810548.0,9558088976.17682,8663345420.29873,3082.4399442026,77.0659110976081,3.61690530108814,20.931,49.0571881483796,60.25999832,3.54528788430012,69.2049280206522
NAM,2020,Namibia,10583748541.5258,3878.58982993966,9354.13136713077,2728762.0,7320148224.52919,7560531686.2291,2770.6819745471,69.1640414150833,2.20938236933469,21.003,48.547381745659,57.8608017,3.57521168486143,68.6758501750883
NAM,2019,Namibia,12541928303.48,4731.9210318831,9609.48555672874,2650494.0,8680980136.20885,8386231028.74175,3164.02566040208,69.2156734287834,3.72239414422695,19.929,48.0019807724839,49.77590179,3.57099401639958,68.1991512920047
NAM,2018,Namibia,13682019076.4022,5308.60813408705,9853.73533646074,2577327.0,9531519640.93541,8394728891.75458,3257.14544245048,69.6645691524779,4.29159105337875,19.877,47.4232814423189,42.8207016,3.56049185076086,67.7544912713027
NAM,2017,Namibia,12895153370.9132,5143.96072323076,9887.9393548255,2506853.0,9104922375.04697,8410754863.34686,3355.10493169997,70.6073213179798,6.14579981111164,21.748,46.8135799686288,36.83739853,3.55212292064991,67.2764239848555
NAM,2016,Namibia,10722018732.0936,4395.68776162376,10200.1392609733,2439213.0,8033985676.7056,9020239729.77322,3698.01232191417,74.9297858681961,6.72858234593338,23.352,46.1751725648784,31.0333004,3.544524401928,66.9127141567747
NAM,2015,Namibia,11335161083.5061,4774.10650865775,10465.8920558516,2374300.0,7788631765.40207,7788631765.40207,3280.3907532334,68.7121401100808,3.39401538410559,20.791,45.5103554445325,25.68790054,3.53342112062947,66.7829222941766
NAM,2014,Namibia,12435430969.6301,5378.32326241205,10365.3090596781,2312139.0,7777411477.22004,6847979039.7721,2961.75058669574,62.542355759234,5.35016966859602,18.521,44.8214248210559,14.84000015,3.51670109727423,66.8472385988561
NAM,2013,Namibia,12043307277.1235,5346.62131149967,9699.2083777865,2252508.0,7874546000.9282,6562028388.46784,2913.20980368009,65.3852452630354,5.60092502290401,19.028,44.1106769079132,13.89999962,3.50171975010072,66.9670951831369
NRU,2023,Naoero,161531316.884061,13602.6372112893,13171.9554999008,11875.0,,,,,,,100.0,83.03970337,2.67789473684211,69.0872846361954
NRU,2022,Naoero,180671357.349805,15309.8345351924,12874.2258577781,11801.0,,,,,,,100.0,83.22660065,2.43199728836539,68.8027463882134
NRU,2021,Naoero,149268323.992868,12748.1701249353,12113.787764494,11709.0,,,,,,,100.0,80.29499817,2.22060895930307,68.0637290081814
NRU,2020,Naoero,124685688.161094,10709.068810538,10812.6428193461,11643.0,,,,,,,100.0,77.46659851,2.11715193678605,66.9582676036139
NRU,2019,Naoero,125160115.547819,10801.7705659635,10554.5218533653,11587.0,,,,,,,100.0,74.73789978,2.04108052127384,65.6562768086932
NRU,2018,Naoero,130995566.30391,11413.7463016389,9657.26073559414,11477.0,,,,,,,100.0,,1.92550642561533,65.4223119054483
NRU,2017,Naoero,109355638.866955,9656.97976571484,9650.31890022601,11324.0,,,,,,,100.0,62.38510132,1.78823737195337,65.9680492452
NRU,2016,Naoero,97541943.0355053,8748.15632605428,10281.2673986708,11150.0,,,,,,,100.0,,1.66367713004484,66.1549925484352
NRU,2015,Naoero,84863440.5801997,7747.25584993607,9955.33548658446,10954.0,,,,,,,100.0,,1.49716998356765,65.9445538554764
NRU,2014,Naoero,99149244.4001333,9230.05440328927,9725.95214789212,10742.0,,,,,,,100.0,,1.37770537584361,65.4142285186326
NRU,2013,Naoero,94385014.9425842,8974.51886874433,8428.73256787424,10517.0,,,,,,,100.0,,1.33117809261196,64.8072704481354
NPL,2023,Nepal,41049329851.0546,1382.38300895424,5399.65505811688,29694614.0,35365577027.3624,29526788899.9344,994.348298312091,86.1538474700673,7.11587261530826,10.437,66.5432933453944,45.80680084,6.36058770858938,54.0220133747515
NPL,2022,Nepal,41182939519.8161,1385.91066002922,5102.18358728663,29715436.0,35007033329.7986,29316455082.2463,986.573277344686,85.0037266352837,7.6702057938028,10.661,66.2992968721053,45.45080185,6.19751969986239,54.1657821006166
NPL,2021,Nepal,36924841394.2605,1252.75076731986,4546.22970006289,29475010.0,31523897271.9589,27441864321.8941,931.021374442082,85.373141986898,4.12676744440695,12.241,66.144235274522,40.98910141,6.11086985212219,54.9709890210653
NPL,2020,Nepal,33433659301.2466,1154.21517578318,4235.57462326905,28966574.0,28489794163.0459,25416910041.565,877.456548419049,85.212910457527,5.05635826238499,13.037,66.1050886088505,36.96530151,6.08852455094405,56.652683071554
NPL,2019,Nepal,34186180699.0255,1203.14294706401,4260.67373190851,28414064.0,26179605394.3524,24534629851.0491,863.467818297625,76.5794975017454,5.56616035243723,10.477,65.9873929484157,33.33660126,6.04820039203474,58.7001840122581
NPL,2018,Nepal,33111525237.149,1179.19843190389,3956.12461094443,28079689.0,25544499241.2885,22687946082.7252,807.984236674603,77.146851612348,4.40659410175714,10.593,65.8104229225551,28.60000038,5.94674321357334,60.1789003710396
NPL,2017,Nepal,28971588940.364,1034.28374906846,3604.70825949747,28011258.0,22741743147.5415,21369483699.7643,762.88911050565,78.4967065298139,2.77703998300211,10.66,65.5768928085184,24.3,5.78746945246086,60.8935676824888
NPL,2016,Nepal,24524109483.5293,877.256454696737,2976.12513681451,27955462.0,21686945322.6536,21202540111.6356,758.439982556382,88.4311225947623,8.7903433200464,10.714,65.2895168835553,20.70000076,5.6258290419239,61.6232358975145
NPL,2015,Nepal,24360801286.7638,875.543635474862,2957.30559145504,27823629.0,20356551364.3903,20356551364.3903,731.628191433629,83.5627331168733,7.86890895590891,10.643,64.9510094249155,17.58160019,5.482604371989,62.6773848232675
NPL,2014,Nepal,22731612922.1906,821.455224911731,2901.19752086169,27672370.0,18784073147.7405,19844038601.3848,717.106579645502,82.634141325728,8.36415469659563,10.62,64.5640847098488,15.43999958,5.3431636925779,63.8731073448067
NPL,2013,Nepal,22162204924.5726,803.269595420477,2658.02196886933,27589996.0,18679790183.5167,19257881740.8133,698.002338993211,84.2866955119852,9.04016311917645,10.666,64.1314570156048,13.30000019,5.17974703584589,64.8884391194323
NLD,2023,Netherlands,1135475867551.0,63515.6030780019,80391.6029350952,17877117.0,509302392707.852,397920132741.643,22258.62999843,44.853651870763,3.83839354342808,3.535,95.3221682092129,97.00680272,20.1567559021407,54.6264908553262
NLD,2022,Netherlands,1046540797548.64,59123.318556487,78630.3599072098,17700982.0,460652967605.06,395013026937.9,22315.8820758024,44.0167233503049,10.0012078753473,3.526,94.9856177734136,92.51968504,19.9012830406524,54.4455963721084
NLD,2021,Netherlands,1054472123449.6,60141.9880911492,68573.5648786447,17533044.0,449946347941.853,369386020368.84,21067.9914091837,42.670293309405,2.67572008805385,4.209,94.6294783220315,92.05298013,19.6618088308361,54.1991252368432
NLD,2020,Netherlands,932560861701.17,53467.9277413737,62596.6302027524,17441500.0,398287209778.989,353627056714.939,20275.0369357532,42.7089776266653,1.27246037789161,3.82,94.2532277765935,91.33333333,19.3703952280046,53.8223735345247
NLD,2019,Netherlands,928903005576.469,53554.9007491475,62345.2538465433,17344874.0,407797696533.333,376728550953.5,21719.8782160943,43.9009987140969,2.63369910249591,3.379,93.8898028856479,93.2885906040269,19.0648534024819,53.5125012921873
NLD,2018,Netherlands,929733599796.862,53955.0770024266,58819.2609142584,17231624.0,416050273803.921,372840757630.84,21637.0063338684,44.7494071306904,1.70349794744479,3.832,92.6062472401044,91.8918918918919,18.7510079268288,53.2595764421941
NLD,2017,Netherlands,848233537845.884,49513.6817346384,56037.567993606,17131296.0,380886694502.354,364193232738.694,21258.9422737599,44.9035174286586,1.38145871407216,4.837,91.1219700676602,93.1972789115646,18.4202330068604,52.9840892509348
NLD,2016,Netherlands,797163949289.885,46808.5291492503,53162.2791598028,17030314.0,357637075049.417,356182669172.681,20914.6272448459,44.8636789669178,0.316666666666652,6.007,90.5803239452777,90.4109589041096,18.0943972670713,52.6972672445206
NLD,2015,Netherlands,775743675302.734,45793.8135434697,50956.6930942185,16939923.0,351510326443.359,351510326443.359,20750.4087499901,45.3126899560196,0.600248147278776,6.872,90.2787737214621,91.7241379310345,17.7566909073968,52.4272622166642
NLD,2014,Netherlands,901556501756.467,53457.2234864322,49751.3092860822,16865008.0,411383552870.587,343894950643.428,20391.0339469408,45.6303683761477,0.976035079699679,7.419,89.8364787097165,91.6666666666667,17.3524406523196,52.0149611855016
NLD,2013,Netherlands,883951539006.669,52602.2860520766,49622.0519614799,16804432.0,404860846838.432,341629659749.22,20329.7356167242,45.8012491604902,2.50689852657875,7.241,89.1749992370605,93.9564,16.8801636441145,51.4289591698403
NCL,2023,New Caledonia,9769167530.35744,33701.8923322781,,289870.0,6047924605.15367,,,61.9082904081633,,10.922,67.751522311337,,11.0903354785516,48.4047019311503
NCL,2022,New Caledonia,9623318718.31459,33516.363085906,,287123.0,5857820916.50707,,,60.8711099358974,,10.71,67.5720305021282,,10.7931095732491,48.2687928283355
NCL,2021,New Caledonia,10071349663.8484,35311.5543551452,,285214.0,6422150293.02622,,,63.7665308759843,,11.574,67.4130776539646,,10.5087758665423,48.2319006288654
NCL,2020,New Caledonia,9454629467.91408,33270.330597637,,284176.0,6101798504.503,,,64.5376799292929,,13.558,67.2747261065933,,10.2547184584228,48.2739909003632
NCL,2019,New Caledonia,9475655324.59495,33411.3358835672,,283606.0,6042612607.42133,,,63.769864990099,,10.88,67.1574673707832,,9.99185489728708,48.341135549337
NCL,2018,New Caledonia,9896402283.68587,34902.8968780031,,283541.0,6342319998.94069,,,64.087128,,11.702,67.0588809757675,,9.68078690559743,48.4570034346988
NCL,2017,New Caledonia,9174048681.98577,32354.7102832901,,283546.0,6018805965.30568,,,65.6068675232153,,11.676,66.9683393293094,82.0058408035186,9.38454430674388,48.6885022391425
NCL,2016,New Caledonia,8724568954.89799,30782.8544433514,,283423.0,5740518298.95431,,,65.7971566117495,0.578317435520754,12.679,66.8902054658406,,9.09188739093157,48.9630198040617
NCL,2015,New Caledonia,8738203074.3957,30858.7237060533,,283168.0,5710558178.10183,5710558178.10183,20166.6790672033,65.3516304151212,0.570508141048402,13.621,66.8278045547803,74.00175279141,8.79654480732286,49.2486652014189
NCL,2014,New Caledonia,10635035594.7528,37816.9558599295,,281224.0,6673748266.54714,,,62.7524770094788,0.178851060785511,14.59,66.7846387072769,70.0,8.51508314531629,49.4340885903758
NCL,2013,New Caledonia,10151382933.1594,36671.1566752621,,276822.0,6489076971.77506,,,63.9230833326024,1.27761318992718,14.39,66.7584127864925,66.0,8.26704524929377,49.5462108606867
NZL,2023,New Zealand,256372177757.764,49302.341876493,54949.699278118,5200000.0,147315210938.94,134803113065.484,25923.6755895162,57.4614656814017,5.73316283034957,3.734,83.8898991461229,93.32610321,16.7985801212333,54.2574461849167
NZL,2022,New Zealand,249723029451.237,49141.6316294227,54080.0485491723,5081700.0,143884350794.138,133329370284.191,26237.1588807271,57.617573801792,7.17222476016441,3.299,83.8547305017812,93.07289886,16.4463886430602,54.0514723670098
NZL,2021,New Zealand,253732493987.834,49902.154346032,48202.0913368233,5084600.0,145798557080.209,129060836278.048,25382.6921051899,57.4615236656287,3.94112060778728,3.776,83.8299382585905,91.99060059,16.0465779436973,53.6270312994757
NZL,2020,New Zealand,213318129988.602,42054.6743136586,45574.965884882,5072400.0,121265192086.337,121845055189.357,24021.1842893615,56.8471100383342,1.71456170007245,4.595,83.8138977095908,90.92099762,15.6207179833113,52.9981292985865
NZL,2019,New Zealand,213088034258.42,42872.2681243427,45295.8241222088,4970300.0,121633863131.022,121722655635.5,24490.0017374202,57.0815079102526,1.61963190184048,4.109,83.804965871667,89.86370087,15.3016117661383,52.5965951829053
NZL,2018,New Zealand,211726161989.495,43204.1305124872,42475.2252680795,4900600.0,122190611828.335,118732538833.938,24228.1636603555,57.7116265085834,1.59829703801696,4.335,83.8017846685577,89.0,15.0578869326057,52.3710857473679
NZL,2017,New Zealand,206561943051.354,42912.1537002148,42205.9071706198,4813600.0,118374316859.002,113634579073.656,23606.9841851538,57.3069342350121,1.85078767452536,4.736,84.1701025874108,87.69999695,14.8685528434202,52.257834938067
NZL,2016,New Zealand,188980351890.848,40088.3205470499,39963.6051110409,4714100.0,109195454308.139,108414122673.381,22997.8410880934,57.7813795008748,0.646240284454524,5.147,84.691365594,86.5,14.7113008693955,52.307552633679
NZL,2015,New Zealand,178147457242.978,38648.7302562109,37497.1502090982,4609400.0,101897871301.801,101897871301.801,22106.5369249362,57.1986111274216,0.292704628136101,5.415,85.1518763760531,85.19999695,14.5553593182878,52.5174780979885
NZL,2014,New Zealand,201435445068.164,44599.8992733675,37315.9476428103,4516500.0,115391698697.564,97802870618.5993,21654.571154345,57.2847041187396,1.227507505974,5.428,85.5076659530411,84.0,14.3691784824307,52.7543470643702
NZL,2013,New Zealand,190943478289.796,42984.9571801167,36249.6271005735,4442100.0,109624508659.863,94713492039.5719,21321.7829494095,57.4120203746811,1.13442266445817,5.839,85.7080129786455,82.77999878,14.0864276779802,52.7030093022296
NIC,2023,Nicaragua,17805842220.7571,2609.44491147975,8326.83840449159,6823613.0,13932074607.6542,11440029831.0387,1676.5355583675,78.244401106806,8.38765854872536,4.698,59.1250953674316,60.30120087,5.37928367274053,52.8658369386387
NIC,2022,Nicaragua,15634573555.9049,2322.89069619459,7795.45560731699,6730654.0,12504340563.4338,10630505383.4652,1579.41641086665,79.9787760038462,10.4674244465991,4.969,58.9954376220703,59.38000107,5.23936494428067,53.5775290251537
NIC,2021,Nicaragua,14209019392.3025,2138.38573878237,7119.16874782601,6644741.0,10534251579.9301,9961947254.23239,1499.22280706387,74.1377803005668,4.92841396948968,6.076,58.8592529296875,51.62039948,5.16394845186592,54.3648388491391
NIC,2020,Nicaragua,12726422432.4868,1938.44704754382,6274.09456741388,6565267.0,8873826643.56035,9084109665.65095,1383.66187782629,69.7275820493594,3.68181341625572,6.18,58.7045922689128,44.87490082,5.16069643473754,55.2388559468015
NIC,2019,Nicaragua,12699023614.245,1958.62051528095,5981.10876431466,6483657.0,9065729734.34824,9150004464.69804,1411.24128939857,71.3891871511986,5.37628990844126,5.457,58.5405671448072,39.01079941,5.11546955676403,56.0113131029246
NIC,2018,Nicaragua,13025221974.232,2035.16549390507,5935.16693631386,6400080.0,9189713544.85242,9316996302.19986,1455.76247518779,70.5532202294333,4.94723728039886,5.2,58.3683858659405,33.9129982,5.00772646591918,56.6166527426414
NIC,2017,Nicaragua,13785893007.4769,2182.61380995674,6225.34702574846,6316231.0,9564207436.96512,9762109754.68205,1545.55933034781,69.3767711078122,3.85067166284727,3.3,58.1892567408822,30.39999962,4.90176777086147,57.1888758345376
NIC,2016,Nicaragua,13286093388.4752,2131.68704828322,5882.36645219746,6232666.0,9351875985.16081,9505509155.38941,1525.11126946148,70.3884558968472,3.52317317628473,3.9,58.0043880782023,24.57180023,4.79981638674496,57.7782531320644
NIC,2015,Nicaragua,12756696261.0676,2074.45620634731,5448.89226010317,6149417.0,8993173916.49694,8993173916.49694,1462.44333674183,70.4976722221046,3.99737996694396,4.7,57.8149881864705,19.70429993,4.6954695054832,58.4227991763294
NIC,2014,Nicaragua,11880438824.4494,1958.37047579547,5067.74639018687,6066492.0,8734870214.06916,8544616270.868,1408.49378370037,73.5231277492308,6.03596861798425,4.52,57.6222653742564,17.60000038,4.59283590853132,59.1180966549615
NIC,2013,Nicaragua,10982988249.2103,1835.43996363715,4710.57243158513,5983845.0,8334857510.26867,8197491731.4247,1369.93717775522,75.8887956642214,7.13546785289407,5.28,57.4274279501299,15.5,4.51067871165435,59.8943184475099
NER,2023,Niger,16949765463.9058,647.930108509567,1902.69710752042,26159867.0,12157114659.9381,10107156235.5994,386.361147615903,71.7243827699353,3.70097316425834,0.407,17.7506873295237,12.98079967,2.57103562491354,98.164041724651
NER,2022,Niger,15531799640.9005,613.614736429298,1847.58034360869,25311973.0,10614377603.0828,9483694282.38208,374.67226606089,68.339650578105,4.22621791916392,0.403,17.477207007512,13.08749962,2.55072569807182,99.5107362854154
NER,2021,Niger,14936154253.3242,609.585703670137,1587.84784907329,24502140.0,10349102869.7375,8625592181.70274,352.034237895251,69.2889394030879,3.8378680284051,0.806,17.2295936666686,12.45689964,2.53705390631186,100.876178117822
NER,2020,Niger,13648332189.7307,575.451340306915,1486.34386700631,23717613.0,9312780285.54568,8453890572.37497,356.439350468151,68.2338336734859,2.8981937602627,0.591,17.0081420003794,11.85680008,2.52637349031765,102.206558256442
NER,2019,Niger,12420836506.7888,541.265819870273,1367.56106521216,22947757.0,8295100949.05828,7941574931.4216,346.071946439977,66.7837544156102,-2.48979265070855,0.531,16.813146499685,11.28549957,2.5107464204291,103.388518016932
NER,2018,Niger,12800907985.9863,576.927536415462,1272.37841849427,22188069.0,8628592244.97926,7503254781.67382,338.166191103598,67.4060953678079,2.96760366004456,0.536,16.6449011799221,10.74180031,2.49142005101931,104.411348645466
NER,2017,Niger,11359273443.3897,529.929418934868,1226.9587833573,21435446.0,7898473581.85365,7314900930.79992,341.252565064423,69.5332639117863,2.79637318871284,0.556,16.5036987906896,10.2243115586561,2.47370634430218,105.292342759729
NER,2016,Niger,10341025540.2322,499.910520068193,1181.94656963832,20685753.0,7019218000.49093,6873761148.07525,332.294461220496,67.8773877231265,1.65388922387806,0.55,16.3898280543236,4.322800159,2.45772773034349,106.063782914591
NER,2015,Niger,9683867926.44282,485.662574175279,1172.19178758955,19939498.0,6520758998.91954,6520758998.91954,327.027240049852,67.3363066127112,-0.576090369833189,0.556,16.3035606587493,2.476200104,2.44373504287821,106.76550873684
NER,2014,Niger,10862943543.5419,565.30989731175,1161.32515723793,19215909.0,7039261934.8051,6101259119.70707,317.510824999591,64.8006859889277,-0.930287259984466,0.524,16.2450424611665,1.24867568902241,2.43373602570662,107.29012934659
NER,2013,Niger,10224897437.8648,552.103334363117,1137.76904129571,18519898.0,6884251399.83504,5979816279.27802,322.886026655115,67.3283173906595,2.29723114955317,1.401,16.2162595696064,1.149999976,2.42727572184048,107.587243447039
NGA,2023,Nigeria,487387801877.803,2138.76383718757,8711.68686099289,227882945.0,,,,,24.659550203114,3.074,62.1746763155343,40.06399918,3.02816298955589,80.2464063402127
NGA,2022,Nigeria,646950257575.455,2899.16047469267,8303.64193191685,223150896.0,,,,,18.8471877843274,3.827,61.3727650622225,39.14720154,3.00794221997644,81.687287853566
NGA,2021,Nigeria,609147716965.348,2787.48779220991,7588.47885587002,218529286.0,,,,,16.9528457221608,5.404,60.5698545383604,35.50979996,2.99033900886324,83.1000083234404
NGA,2020,Nigeria,598586817817.392,2797.184580679,7414.77495538401,213996181.0,,,,,13.2460234276598,5.714,59.7659654848781,31.88879967,2.98131138144003,84.5258373117038
NGA,2019,Nigeria,668219992686.575,3189.81286496183,7551.39380361669,209485641.0,,,,,11.3964223378115,5.206,58.9611186427056,29.74410057,2.97488504235954,85.8794318634782
NGA,2018,Nigeria,421739251509.08,2057.87944554011,7158.17107558117,204938755.0,,,,,12.0951065173432,5.069,58.1553347527729,27.74370003,2.96648528719345,87.0562828519935
NGA,2017,Nigeria,375745731053.427,1876.34027111773,7036.67414358958,200254579.0,,,,,16.5022662139641,4.83,57.3486345560101,25.87789917,2.96343761248884,88.1255756898501
NGA,2016,Nigeria,404649125252.16,2070.4127339595,7072.49693358812,195443700.0,,,,,15.6968126387972,4.499,56.541038793347,24.13750076,2.96529179502844,89.0622854601106
NGA,2015,Nigeria,493026682800.63,2585.73360671797,7307.83788174977,190671878.0,,,,,9.00943498007706,4.134,55.7325682057138,22.51420021,2.97028437512951,89.7206263682148
NGA,2014,Nigeria,574183763411.508,3088.72131316169,7396.12835518829,185896915.0,,,,,8.04741087967907,3.9,54.9232435340404,21.0,2.98148896123424,90.092940117399
NGA,2013,Nigeria,520117180313.906,2872.79083379398,7004.13119541111,181049443.0,,,,,8.49551838265678,3.711,54.1130855192568,19.10000038,2.99780844948526,90.2972750019224
MKD,2023,North Macedonia,15855131188.9092,8674.35846327485,25354.144126576,1827816.0,10850947663.934,8876461942.72448,4856.32139270281,68.4380818717181,9.36187249769015,13.174,62.2518322545779,88.5,17.5017325840163,52.8340697087164
MKD,2022,North Macedonia,13932436550.0883,7606.2375253797,24212.3733096953,1831712.0,9688312257.68421,8732112481.33802,4767.18637064016,69.5378171854858,14.2047173195833,14.476,61.9530566607267,83.85030365,17.047678201619,52.0830012221691
MKD,2021,North Macedonia,14000283827.0154,7620.80296977508,22144.1924252732,1837114.0,9489683709.45403,8276436668.63787,4505.12960471581,67.7820808971204,3.23074912132928,15.801,61.6841975628139,81.873703,16.724393369915,51.3921943501335
MKD,2020,North Macedonia,12361036913.8409,6659.59651070776,19962.153035286,1856124.0,8163477889.88043,7622100311.38676,4106.46072750892,66.0420153000239,1.20007348888469,16.575,61.1593302746435,81.40553811,16.3463390126845,50.5073201188734
MKD,2019,North Macedonia,12606338448.547,6718.85826635458,20222.4719203634,1876262.0,8257472628.26859,7903416473.37563,4212.32028009714,65.5025458976184,0.766439573459805,17.414,60.6286848102132,81.4128827618364,15.7588026396984,49.2556155977468
MKD,2018,North Macedonia,12683068114.2388,6713.98925398989,18460.5440872584,1889051.0,8352123476.12921,7618428887.58685,4032.93976053947,65.852547671431,1.45831298507126,21.208,60.1580316016216,79.1677551850871,15.0850497869881,48.0106840670598
MKD,2017,North Macedonia,11307067069.6658,5955.2973863451,17161.0354680695,1898657.0,7536404432.94191,7347675944.31738,3869.93329722924,66.6521599855041,1.35161889677442,22.857,59.7437719356273,74.5168241807954,14.4580662828714,47.0672255043133
MKD,2016,North Macedonia,10672467073.2873,5598.48622617967,16457.6276361223,1906313.0,7141820928.74391,7197408218.05082,3775.56477768909,66.9181818946023,-0.239290787684501,24.312,59.3823070989891,72.1568144676058,13.9040754168431,46.3865862414523
MKD,2015,North Macedonia,10064519962.5655,5262.68671928674,15034.1775526118,1912430.0,6928668821.68353,6928668821.68353,3622.96597610555,68.8425165577132,-0.299920475631462,26.395,59.0700383784659,70.3802030766689,13.4042646662284,45.8787830708818
MKD,2014,North Macedonia,11362265252.778,5925.38592218015,14485.1403294538,1917557.0,7931390076.61778,6634717980.87033,3459.98475188499,69.8046551472525,-0.281705032928494,28.215,58.8033670608162,68.0584815397496,12.9263524713146,45.4776570410231
MKD,2013,North Macedonia,10817702346.0674,5626.26115664893,13662.7769630557,1922716.0,7761878336.83821,6492734763.13222,3376.85584513377,71.7516353152378,2.78500056726109,29.017,58.578694432799,65.24,12.458575061591,45.0133457627298
MNP,2023,Northern Mariana Islands,,,,45143.0,,,,,,,91.9754112887573,,8.73335843873912,45.6023222060958
MNP,2022,Northern Mariana Islands,1096000000.0,23785.754590043,,46078.0,726000000.0,640518918.918919,13900.7534814644,66.2408759124088,,,91.8785788645608,,7.78028560267373,44.3591591215264
MNP,2021,Northern Mariana Islands,914000000.0,19455.50139424,,46979.0,717000000.0,662441441.441441,14100.7991111229,78.4463894967177,,,91.7842137303802,,6.92756337938228,43.1749611434492
MNP,2020,Northern Mariana Islands,866000000.0,18220.8382427201,,47528.0,637000000.0,596673873.873874,12554.1548955116,73.5565819861432,,,91.6908367362908,,6.18793132469281,42.222754204321
MNP,2019,Northern Mariana Islands,1179000000.0,24496.6652122421,,48129.0,683000000.0,638612612.612612,13268.7696110996,57.930449533503,,,91.6162852134162,,5.71277192545035,42.0908124704771
MNP,2018,Northern Mariana Islands,1301000000.0,26509.3628379893,,49077.0,678000000.0,636706306.306306,12973.619135365,52.1137586471945,,,91.5444506155168,,5.43227988670864,42.4449991292738
MNP,2017,Northern Mariana Islands,1560000000.0,31225.6049960968,,49959.0,654000000.0,630987387.387387,12630.1044333831,41.9230769230769,,,91.4720215898621,,5.13326060630323,42.5770547945205
MNP,2016,Northern Mariana Islands,1230000000.0,24225.474169342,,50773.0,571000000.0,567126126.126126,11169.8368449004,46.4227642276423,,,91.3990047853283,,4.82736887715912,42.5419017939864
MNP,2015,Northern Mariana Islands,910000000.0,17665.1007493109,,51514.0,529000000.0,529000000.0,10269.053072951,58.1318681318681,,,91.3254068507915,,4.50949751036136,42.3825317855169
MNP,2014,Northern Mariana Islands,832000000.0,15945.417608954,,52178.0,525000000.0,508030630.630631,9736.4910619539,63.1009615384615,,,91.2512344351276,,4.20096399858179,42.1937593677613
MNP,2013,Northern Mariana Islands,772000000.0,14632.8518897608,,52758.0,490000000.0,473717117.117117,8979.05752904047,63.4715025906736,,,91.1764941872129,,3.89040524659767,42.0298828913716
NOR,2023,Norway,502197633322.816,90984.4087141111,107767.977198972,5519601.0,199845724203.219,214515035656.7,38864.2287108616,39.7942385512512,5.51784987104659,3.574,83.0718560702166,99.00000258,18.5338475896816,53.9423382909882
NOR,2022,Norway,617321834098.986,113122.130765691,129914.042717786,5457127.0,210766473086.591,216744156216.249,39717.630946879,34.142073298641,5.76412317852272,3.231,82.9563661816034,98.99997764,18.3301335040316,54.121894369811
NOR,2021,Norway,521592200232.829,96442.5552173002,92205.7698636049,5408320.0,210057741559.953,202135579270.23,37374.9296029506,40.2724084957919,3.48388055266669,4.359,82.8612877226956,99.0000036,18.0740226148213,53.9942602946959
NOR,2020,Norway,382252517921.94,71057.5879471399,69779.2862630574,5379475.0,177010036286.397,190555957430.287,35422.779626318,46.3070949142955,1.28658490707996,4.424,82.7029885700532,94.60755647,17.7281839266957,53.7024036773317
NOR,2019,Norway,424244886363.636,79329.3075190012,73630.0721860814,5347896.0,195980454545.455,199180407193.245,37244.6298868274,46.1951247604367,2.16773003305411,3.684,82.4935894878281,98.0000043853142,17.3948556308139,53.4506846449634
NOR,2018,Norway,454588871810.636,85579.0776455494,72618.1053391628,5311916.0,204972025822.318,195467066281.622,36797.8458773863,45.0895388190895,2.76483134528797,3.801,82.2452112401723,96.4916579887094,17.0853969570307,53.1960276841597
NOR,2017,Norway,415673181543.421,78771.2151264554,66828.7790099243,5276968.0,193015635704.211,190348124383.529,36071.4949159307,46.4344692596072,1.87510059552545,4.164,81.9699745912375,96.3576012951191,16.7812420495177,52.8187217825194
NOR,2016,Norway,383284047619.048,73222.4006864905,61250.1783294516,5234519.0,181586547619.048,184614239914.145,35268.6158774368,47.3764949903497,3.55000000000007,4.68,81.6800003051758,97.2982036675068,16.5172709689852,52.4161859607572
NOR,2015,Norway,400669174330.888,77220.9524311414,62695.3563994725,5188607.0,180749612483.208,180749612483.208,34835.8649023153,45.1119337505954,2.17113665389527,4.296,81.2378240971353,96.810325691365,16.2747739736493,52.1044566844697
NOR,2014,Norway,515829568897.117,100410.020200979,68195.6503224822,5137232.0,219079502777.043,174336178544.789,33935.8196290899,42.4712959447927,2.04170286707211,3.486,80.6117159535579,96.3005098242892,16.0283762490523,51.8888567930458
NOR,2013,Norway,540132255319.149,106333.138368566,69186.2932660288,5079623.0,224264000000.0,169386256095.003,33346.2259098762,41.5202013565157,2.12048620353112,3.425,79.9723980455359,95.0534,15.7789144734543,51.6716018336905
OMN,2023,Oman,106174707932.38,21027.7384572657,41979.5975879711,5049269.0,40100820546.1638,39847251063.3495,7891.6871062622,37.7687128385634,0.950782997762827,3.176,79.5702973228932,95.25170135,2.66044451186895,38.6735887164327
OMN,2022,Oman,109852795838.752,23223.5829405935,42609.5810436221,4730226.0,37648114434.3303,37762206421.3992,7983.17171767253,34.271421265957,2.5061425061425,3.3,80.0117053152301,95.24530029,2.65754744065083,40.6042782083888
OMN,2021,Oman,87323797139.1417,19403.4600160211,38719.4587682049,4500424.0,34306892067.6203,35271333291.5211,7837.33561360465,39.2869907076483,1.68221185876085,1.9,80.1239942103569,95.23880005,2.6159646291105,41.4961719450782
OMN,2020,Oman,75909492847.8544,16784.8630630058,35163.3281781415,4522497.0,33458777633.29,34677372391.971,7667.74912000405,44.077198223879,-0.40640291946585,2.94,80.0176378922722,95.23229321,2.60702247088527,39.2044242565832
OMN,2019,Oman,88060858257.4772,19180.1864152801,37250.6110788359,4591241.0,33039271781.5345,31656503382.4942,6894.97749791271,37.5186801892532,0.490815362820671,2.045,79.5780017545962,90.25939941,2.61074293420886,36.2325820015673
OMN,2018,Oman,91505851755.5267,19901.7615642016,37780.3308327271,4597877.0,31847074122.2367,32910271525.6623,7157.71029230714,34.8033196907685,0.889312370970404,1.8,78.9655839720276,85.5,2.5835616542633,34.1666301915092
OMN,2017,Oman,80856697009.1027,17820.0661809335,33619.4988982607,4537396.0,31655916775.0325,32603346934.13,7185.47531097793,39.1506429844256,1.58909413567799,2.523,78.3142260040136,80.18560028,2.5501848912697,33.0322459964072
OMN,2016,Oman,75128738621.5865,17110.1897460545,33333.8635893722,4390877.0,28558907672.3017,29829737665.6425,6793.57168639488,38.0132931768616,1.10920805807027,3.266,77.7521362304688,76.8453904741456,2.55013946528911,32.769904557786
OMN,2015,Oman,78710793237.9714,18808.3077921839,36058.1666084788,4184895.0,28385955786.736,28385955786.736,6782.95531590064,36.0636129036522,0.0652901330286599,3.403,77.3025363037955,73.52999878,2.57491526071741,33.02053908217
OMN,2014,Oman,92699089726.9181,23160.6502252547,44235.8336329334,4002439.0,27032249674.9025,27370309524.5641,6838.40766206907,29.1612892365358,1.01401483924156,3.453,76.8892576748951,70.22000122,2.56383670057183,32.812648804734
OMN,2013,Oman,89936020806.2419,23458.0233840053,47013.4730934385,3833913.0,26287386215.8648,26307898920.0746,6861.89251557733,29.2289852054921,1.05354820265932,3.553,76.4914234214313,66.45,2.57740590357684,32.4945734382025
PAK,2023,Pakistan,336686348609.266,1360.32417758419,6018.94650802152,247504495.0,280013117138.998,368466227039.941,1488.72539482542,83.1673509471454,30.7681280657005,5.237,38.8191861872791,,4.19627145721884,70.1673862519405
PAK,2022,Pakistan,374890295666.694,1538.3228133171,5919.33605935593,243700667.0,322022310653.269,361638605629.863,1483.94590003261,85.897745120501,19.8738599646655,5.291,38.3740439760816,,4.11167709278366,70.7109794452284
PAK,2021,Pakistan,348516647445.148,1455.31922370186,5367.27364714762,239477801.0,290882312863.275,337318489865.902,1408.558490421,83.4629608070746,9.49641577285205,6.338,37.9333395514173,,4.05217393000066,71.3439501303533
PAK,2020,Pakistan,300425609817.981,1278.39735206896,5048.0213062963,235001746.0,244891398979.156,308576786288.118,1313.08295168206,81.514821298866,9.74011619320125,5.994,37.5080192948099,18.935,4.02265777208311,72.0651682830605
PAK,2019,Pakistan,320909472770.669,1390.41690981745,5037.53401559745,230800899.0,269161062988.279,317569726019.864,1375.94665963526,83.874452400671,10.5780305672025,4.83,37.1091631735769,17.070901719916,3.98447495645256,72.6314584931864
PAK,2018,Pakistan,356128166704.921,1569.33814626355,4979.3734961655,226928892.0,293451533444.068,300812518715.046,1325.58052024088,82.4005402771792,5.07805725868917,4.083,36.7478511550359,15.34000015,3.93281543027845,73.1024168008764
PAK,2017,Pakistan,339205534861.1,1519.23459514248,4789.53646557553,223273967.0,277952415418.937,280589777181.451,1256.70619352345,81.942181613503,4.08537368032608,3.204,36.4351548223399,13.77999973,3.88886536895529,73.5768238017572
PAK,2016,Pakistan,313630000130.435,1424.69161195897,4630.7315068374,220138869.0,253047483470.67,262409407422.101,1192.01760513316,80.6834433457991,3.7651191635658,2.285,36.1597184900333,12.385446763381,3.85041862791259,73.9138783908976
PAK,2015,Pakistan,299963590534.773,1380.47020838317,4480.26313460985,217290883.0,243387911839.578,243387911839.578,1120.10181227704,81.1391513902295,2.52932817254229,3.566,35.9017325715342,11.0,3.82091940742152,74.161810917677
PAK,2014,Pakistan,271390474857.632,1266.61340849959,4312.99070040776,214264647.0,222933572591.48,236212451607.44,1102.43315878162,82.1449510003724,7.18938402847028,1.827,35.6595549759128,10.0,3.80534429416474,74.4256172449709
PAK,2013,Pakistan,258657231672.412,1225.4340119198,4173.93858568758,211073978.0,210270459091.893,223478609942.409,1058.76912000213,81.2930911431849,7.69215611899565,2.954,35.4315352494366,9.0,3.78994632917293,74.6202486526627
PLW,2023,Palau,276157406.25,15578.3497630733,18313.2535592192,17727.0,223967833.518982,179560824.719782,10129.2279979569,81.1015125613644,12.8199748216534,,79.1531991438847,82.91629791,10.8503737131575,41.6233921866262
PLW,2022,Palau,247470812.5,13934.951996171,17415.0224611906,17759.0,216086580.276489,193056264.585826,10870.8972681922,87.3180065533947,12.3526638378124,,79.1134831712956,82.56749725,10.3778365898981,41.2358835692699
PLW,2021,Palau,235935734.375,13267.4877340719,16312.190220013,17783.0,196158129.692078,194660597.401415,10946.443086173,83.1404917155538,2.6124818577648,,79.0890798782416,,9.93645616600124,40.8252158073968
PLW,2020,Palau,258985859.375,14556.30954221,17701.5330429975,17792.0,205102300.0,204194244.145264,11476.7448373013,79.1944009974,0.218181818181833,,79.0796884006264,,9.52113309352518,40.3739940034717
PLW,2019,Palau,281954000.0,15841.8923474548,18576.7451553901,17798.0,207095700.0,201516289.078248,11322.4120169821,73.4501727232102,0.26737967914444,,79.2803814152827,,9.09371839532532,39.9512501965718
PLW,2018,Palau,288228343.75,16179.877834849,18203.969912435,17814.0,212484000.0,203215444.318982,11407.6257055676,73.7207164415106,2.10970464135017,,79.5520868568744,,8.6699037301075,39.5456325891109
PLW,2017,Palau,289983656.25,16280.241199753,17872.9168958861,17812.0,209879300.0,205603135.952078,11542.9562066067,72.3762513770981,1.4179881966692,,79.8284579022498,,8.25286323826634,39.16712243144
PLW,2016,Palau,303326125.0,17043.6660673147,18195.8361471596,17797.0,207198100.0,205610920.422314,11553.1224600952,68.3086892037407,-1.04230533415074,,80.1089335766065,,7.84401865482947,38.8546461730514
PLW,2015,Palau,283224750.0,15938.3652222848,17756.0262069064,17770.0,194928000.0,194928000.0,10969.4991558807,68.8244936221146,0.949040643697081,,80.388246269234,,7.5185008019359,38.6223574381777
PLW,2014,Palau,245436546.875,13854.730278013,16254.3772996206,17715.0,182771600.0,188938725.906402,10665.4657581937,74.4679642568003,4.19174548581256,,80.7338640362566,,7.25656223539373,38.0855873411801
PLW,2013,Palau,226257828.125,12820.5931621147,15388.3342258755,17648.0,169660800.0,182749390.927742,10355.2465394233,74.9856044345427,3.35481004221287,,81.0756895339142,,6.96112873980054,37.2452947581272
PAN,2023,Panama,83812155200.0,18797.1933894611,39846.2245506562,4458759.0,39671366000.0,36023870578.2519,8079.34911446255,47.3336664656012,1.48641355277038,6.544,65.8601271176084,68.54851592,9.05673529338545,52.2832629253976
PAN,2022,Panama,76479304500.0,17378.6070083597,36327.3867449699,4400773.0,37324972800.0,34157818152.8728,7761.77688621359,48.8040170396686,2.85965128834711,8.086,65.8211343914956,67.2838974,8.76630082942247,52.5235087553911
PAN,2021,Panama,67396392500.0,15509.8069109784,30932.7627780514,4345405.0,34963504700.0,33025636608.407,7600.12855151753,51.8774127265046,1.63070337301898,10.177,65.8092302689169,66.04270172,8.50886165961516,52.7929130402984
PAN,2020,Panama,57059846500.0,13290.5608347594,27017.0033688951,4293261.0,32792299000.0,30958794231.5543,7211.02076755974,57.4700091420681,-1.55027540803761,14.663,65.7862999591993,64.82430267,8.29341612354804,53.1002058685187
PAN,2019,Panama,69778991200.0,16477.9066285687,33239.7332311641,4234700.0,35453303700.0,33616845484.9702,7938.42432403008,50.8079911880411,-0.355083821021246,6.256,65.752985396379,63.6284147731451,8.06954352497892,53.4020908356858
PAN,2018,Panama,67316471200.0,16151.3273478476,32463.540359127,4167860.0,33158718400.0,31449647066.5757,7545.7541919776,49.2579569441245,0.761578359399945,5.161,65.7099285144924,61.8055313202468,7.82908880947431,53.624280829378
PAN,2017,Panama,64327688800.0,15694.6297454295,33533.3260079329,4098707.0,31340378200.0,30298368133.4239,7392.17712645084,48.7198884098569,0.875585918759963,5.338,65.6577712475758,59.9506309038683,7.60642319638852,53.7889222787002
PAN,2016,Panama,59760858700.0,14832.3611608191,30276.7088405833,4029086.0,29964022200.0,29540835600.069,7331.89502534047,50.139878930488,0.73973402529995,4.717,65.5971555296656,54.0,7.39857533463231,53.9493724089181
PAN,2015,Panama,55767806100.0,14082.6548502728,27245.2788533669,3960035.0,27705042300.0,27705042300.0,6996.16096827427,49.6792759792643,0.137492058461588,4.335,65.5287232947981,51.2054249948687,7.19795496731152,54.1048939156735
PAN,2014,Panama,51427104900.0,13213.1989637473,24376.0808685086,3892101.0,26742167900.0,27120597919.7342,6968.1125746054,52.0001426329562,2.62652699929143,4.391,65.4531164770096,44.9238152577893,6.99880437311421,54.2499473891337
PAN,2013,Panama,46949496500.0,12273.3225037637,21923.6750939531,3825329.0,23762641700.0,25370675812.7817,6632.28595835331,50.6131981628387,4.02715991571061,3.674,65.3709770103365,44.03,6.80838082052801,54.4075216838135
PNG,2023,Papua New Guinea,30816328065.6492,2966.06455045333,4672.27238740885,10389635.0,,,,,2.29869991296791,2.649,15.0581017891206,18.56130028,3.34830819369497,59.1154128064381
PNG,2022,Papua New Guinea,31653230962.4549,3102.29409730005,4419.49434920144,10203169.0,,,,,5.25323922215241,2.689,14.7358658260841,18.25659943,3.24702044791082,59.6478729772873
PNG,2021,Papua New Guinea,26113409477.7318,2607.97769973161,3977.44297360749,10012896.0,,,,,4.48359014042398,3.03,14.4398342822353,16.55960083,3.17095573548352,60.2004502555026
PNG,2020,Papua New Guinea,23848447849.6081,2429.61134585269,3900.18920976888,9815746.0,,,,,4.87167398565555,2.903,14.1703677185729,15.02040005,3.11055843898968,60.7966355025057
PNG,2019,Papua New Guinea,24750626029.8777,2575.77274140393,4059.82860203125,9609010.0,,,,,3.92867290939597,2.651,13.9278267446947,13.62419987,3.05067327435397,61.4277597667137
PNG,2018,Papua New Guinea,24109780708.0268,2566.36833735041,3909.91572972608,9394513.0,,,,,4.37448921453162,2.65,13.7125720532162,12.35789967,2.99107558895945,62.0835728625426
PNG,2017,Papua New Guinea,22742699138.356,2477.76530986323,3923.17197669347,9178714.0,,,,,5.42204568023834,2.58,13.5249644881888,11.20919991,2.93653337493684,62.747368992176
PNG,2016,Papua New Guinea,20758876952.6232,2316.39479758492,3812.71035088181,8961718.0,,,,,6.6737288135593,2.478,13.3653651942392,9.601499557,2.88799552094785,63.4039488403005
PNG,2015,Papua New Guinea,21723437010.0982,2484.5963398603,3669.7387159095,8743246.0,,,,,5.99595778127107,2.507,13.2341359836319,7.900000095,2.84453851578693,64.0395867812166
PNG,2014,Papua New Guinea,23210823987.308,2723.17529825196,3499.54846741228,8523441.0,,,,,5.22211720226841,2.54,13.1316404025265,6.5,2.80850187148594,64.6770936798606
PNG,2013,Papua New Guinea,21261338064.8783,2560.77458976327,3109.8953723707,8302698.0,,,,,4.9603174603175,2.698,13.0582475733094,5.099999905,2.77963878606923,65.3208940914198
PRY,2023,Paraguay,43140465595.6662,6303.26495017292,17585.0746806625,6844146.0,28432615667.6148,28707792857.7558,4194.50328174702,65.9070672396059,4.63202285403356,5.794,69.3466081733694,78.09481878,6.36927529015307,54.2026658651783
PRY,2022,Paraguay,41841201626.7253,6189.10205375331,16305.6206649067,6760464.0,27459679447.7776,27877385829.4318,4123.59060405199,65.6283241880852,9.76556667164402,6.755,68.6396537819458,76.25916611,6.23091107355945,54.219471606521
PRY,2021,Paraguay,39937357255.8716,5974.9057185863,15400.9446332428,6684182.0,25071718179.6209,27255089484.0685,4077.55047424927,62.7776094922627,4.787983101236,7.311,67.3058612772421,77.01838621,6.18754097360006,54.3435648184816
PRY,2020,Paraguay,35432178068.1814,5365.47220721191,14308.8787738328,6603739.0,22511136433.9996,25691079206.0428,3890.38379712505,63.5330303169111,1.76751592356698,7.548,66.116520986009,73.95751114,6.15003817155416,54.5220192083825
PRY,2019,Paraguay,37925338329.1494,5821.18199548637,14149.5985227505,6515058.0,24809239139.2176,26642371355.5952,4089.35290454746,65.4159995196382,2.75709727562775,6.595,64.9845298299929,68.5176284222264,6.03178053058008,54.6312782944239
PRY,2018,Paraguay,40225448340.6322,6258.44991640954,14139.0931267561,6427382.0,25768606222.7127,26167523396.1515,4071.25691240251,64.0604574609142,3.97561015740694,6.217,63.9248988239553,64.9935430235756,5.90441846341313,54.73685224195
PRY,2017,Paraguay,38997129473.5558,6152.26711537703,13977.3427788651,6338660.0,24581389617.4603,25077646864.6207,3956.30099494542,63.033843642592,3.60247741348943,6.138,62.9526389826574,61.0757562215797,5.78578076551032,54.889974325347
PRY,2016,Paraguay,36089700222.9461,5775.1596339946,13329.1373366322,6249126.0,22485213070.0807,23934834950.2524,3830.10919451014,62.3036847942128,4.08682280577241,5.255,62.0827613208606,53.4041274791009,5.67323334495096,55.1509755644003
PRY,2015,Paraguay,36211447840.0971,5879.33792308671,12679.0574753215,6159103.0,23089828008.784,23089828008.784,3748.8946050722,63.763890664478,3.12900274473925,4.556,61.3302768533263,49.716304663966,5.56309092411671,55.5597734558191
PRY,2014,Paraguay,40377929295.6419,6652.25478942291,12607.0721636639,6069811.0,25820574985.4718,22634558599.068,3729.03844931382,63.9472489944122,5.02882767456766,5.034,60.7101965948157,43.0073750122614,5.44661110535402,56.1352116443968
PRY,2013,Paraguay,38501122141.4241,6435.68342733182,12137.0081947595,5982445.0,24111638279.7851,21307280114.5877,3561.6341002028,62.6258065705647,2.68385738718582,4.385,60.2375315600901,36.9,5.32268161261825,56.8858508247695
PER,2023,Peru,268025009709.319,7919.04634828547,17041.5682788302,33845617.0,170151604267.933,148887579868.001,4399.02099784445,63.4834803112098,6.45561348369586,4.899,84.7810255849745,79.48484477,8.99256615708912,50.0391504388028
PER,2022,Peru,246169867862.821,7353.74598721667,16673.6937563476,33475438.0,157271064911.93,148788292505.994,4444.7003951373,63.8872118173171,8.33370630096231,4.291,84.3663554951194,74.67495213,8.81067934047644,50.5475609612953
PER,2021,Peru,226406075008.878,6828.53422535638,15285.7706852395,33155882.0,137890878467.353,143670407801.741,4333.18009159705,60.9042307994368,4.27166381536798,5.097,83.9480118272361,71.10782643,8.75409226031146,51.2732345713394
PER,2020,Peru,201409694755.934,6133.32552410183,12563.3038060893,32838579.0,129332655401.05,127565917935.331,3884.63574916962,64.2137189859571,2.00241205759292,7.179,83.5267437189637,65.25179796,8.71807503122965,52.0259679366878
PER,2019,Peru,228346006003.648,7037.00803692604,13563.5372933551,32449303.0,147939253892.227,141519580369.35,4361.25177694417,64.7873183688896,2.25212191358027,3.379,83.1033003087105,59.9505036049006,8.60697377690978,52.7058864277693
PER,2018,Peru,222597009739.235,6978.49121548627,13078.2323503405,31897584.0,142147074045.755,137072383789.176,4297.26539129658,63.8584831899922,1.50915423024742,3.492,82.6854929960921,55.0543342443197,8.50395140434384,53.5702959648924
PER,2017,Peru,211007984080.911,6736.16693725487,12591.8562879234,31324637.0,135361025711.489,132015506982.059,4214.43054494324,64.1497175100183,2.99490045809443,3.691,82.1931650502403,50.4504121848143,8.4037750924899,54.4342798477223
PER,2016,Peru,191898104390.379,6217.03599995447,12066.5460683317,30866494.0,124739930703.495,128614615775.002,4166.80351759427,65.0032115219526,3.55717663556279,3.741,81.4192362241943,45.4617406869459,8.30477229297199,55.0315226387303
PER,2015,Peru,189802976285.619,6231.71150338894,11600.3873992867,30457600.0,123974426892.775,123974426892.775,4070.39382265098,65.3174303790767,3.39809194746308,3.272,80.698277662669,40.8526009090468,8.19443422988023,55.5249961792269
PER,2014,Peru,200786250582.943,6667.13410360861,11517.7371710247,30115826.0,129649628536.93,119185107595.323,3957.55731871088,64.5709694565829,3.41194579807465,3.208,79.9945465682649,40.2446560091704,8.02200809634111,55.9260526415525
PER,2013,Peru,201175543571.392,6746.80025696601,11290.5547403874,29817919.0,126932575940.107,114355515110.874,3835.12729747752,63.0954308295741,2.76789666082002,3.575,79.3105527820586,39.2,7.82223601854979,56.2690728263129
PHL,2023,Philippines,437055627245.138,3804.08274131718,10994.8840414773,114891199.0,334429914559.98,309494263402.144,2693.80305972909,76.5188442185196,5.97802515541409,2.2,55.1242716168851,77.86699677,5.26217156111322,51.2166581870048
PHL,2022,Philippines,404353369604.631,3548.06930572116,10129.7407504053,113964338.0,307006689363.257,293254870873.268,2573.21611321314,75.9253446220672,5.82115811213955,2.598,54.7902343568327,75.21114422,5.04131518299472,52.3747406896807
PHL,2021,Philippines,394087359848.11,3484.38593882819,8857.78995115514,113100950.0,296592543563.141,270808807210.11,2394.39904978791,75.2606081244155,3.92718022100332,3.398,54.4504102510776,66.90779877,4.8807304447929,53.59656857012
PHL,2020,Philippines,361751145451.597,3227.57910235199,8238.36802037457,112081264.0,271563141259.037,259864641781.332,2318.53775115645,75.0690480661858,2.3931623931624,2.522,54.1077719895977,53.76490021,4.72567431073939,54.8178657691752
PHL,2019,Philippines,376823402239.136,3400.78949767074,8924.10116402887,110804683.0,275858995374.199,282328164876.796,2547.98043938988,73.2064393386947,2.39206534422404,2.237,53.7157859948017,43.0266118680279,4.51942674426754,55.745826525598
PHL,2018,Philippines,346841896587.313,3168.51036609727,8357.74357934219,109465287.0,251608899173.456,266682150970.93,2436.22575046033,72.5428218589264,5.30934661627707,2.338,53.2088897464754,44.09999847,4.31408910623004,56.4951142171875
PHL,2017,Philippines,328480736802.76,3038.12124959289,7773.79853599024,108119693.0,237102808739.117,252145421824.445,2332.09524396675,72.1816478637188,2.85318772590947,2.552,52.6010482354344,41.59999847,4.11815540339097,57.3664779049531
PHL,2016,Philippines,318627003016.731,2985.19564024046,7382.66758431792,106735719.0,231175324213.543,237968751158.915,2229.51373156455,72.553588372861,1.25369880080982,2.695,51.9114748151175,39.20000076,3.93781110895032,58.4031241305213
PHL,2015,Philippines,306445871242.322,2909.85818010301,6894.26702217935,105312992.0,222090173334.236,222090173334.236,2108.85826256115,72.472888094034,0.674192536845408,3.068,51.1549047745227,36.90000153,3.77024234469686,59.5211985547012
PHL,2014,Philippines,297483555338.044,2866.83803761407,6688.73961232553,103767130.0,212028490469.928,208643961969.5,2010.69415690209,71.2740205854372,3.59782343864211,3.6,50.2392400212368,34.70000076,3.62337717155712,60.4579386236435
PHL,2013,Philippines,283902828588.718,2781.27957677397,6372.83382112545,102076336.0,204440591591.447,197234992239.818,1932.23032848493,72.0107624878984,2.58268766141795,3.497,49.1313688766206,32.70000076,3.50982278595893,61.1835246269493
POL,2023,Poland,812451193396.143,22145.2660647429,48473.0940286419,36687353.0,468343271743.174,365163469956.228,9953.38829585846,57.645711588587,11.5289127961105,2.743,59.8859561370214,86.414744,19.5609114692528,53.040171083641
POL,2022,Poland,695607470875.276,18891.2121169279,46777.5524519162,36821749.0,404410213656.748,366084971481.629,9942.08535508807,58.1377041778867,14.4294507575758,2.811,59.8315488048321,86.94113479,19.0192157040405,52.306617945756
POL,2021,Poland,689170230665.35,18635.5104895754,41059.5847829682,36981559.0,389136568626.208,348147022151.479,9414.07100094074,56.4645063456268,5.05502704719272,3.268,59.8096513205543,85.37490906,18.5352368986876,51.5090347483071
POL,2020,Poland,605914237903.742,16150.9304813473,37089.3004256812,37515748.0,343642762658.692,327823743202.016,8738.29686674556,56.7147528745288,3.37446972618589,3.155,59.8738141138092,83.18488715,18.0760468179361,50.5227064080951
POL,2019,Poland,602683770144.88,15874.5220531254,35882.3655065553,37965475.0,348527559824.19,338782358402.971,8923.43262932892,57.8292592382912,2.22747880938291,3.267,59.9626184068963,80.4359068768673,17.5584217024462,49.2108489415536
POL,2018,Poland,594616632477.019,15658.210586693,32345.1066076225,37974750.0,351203042763.317,328136357607.11,8640.9089620632,59.0637771601337,1.81295156542689,3.835,60.0533306480907,77.5417345350006,17.0145616085721,47.7612534407976
POL,2017,Poland,528356723263.073,13913.3415190124,30170.2818974087,37974826.0,315459897288.754,312941610293.142,8240.76482386364,59.7058546620754,2.07593553673859,4.867,60.145888199417,75.9853659493832,16.4659360432975,46.3552256954314
POL,2016,Poland,473259623976.262,12464.0121044827,28359.6927346266,37970087.0,279905589529.021,295049369942.963,7770.57397690354,59.1441938733949,-0.664767331433962,6.141,60.2402284228997,73.3007040962669,15.9129115092505,45.0280416831877
POL,2015,Poland,480054118583.367,12637.5220324406,26988.1069013509,37986412.0,284314100013.264,284314100013.264,7484.62634515901,59.2254266773654,-0.874125874125862,7.475,60.3362886805635,67.9969871556415,15.3775328347538,43.8362521585049
POL,2014,Poland,542134167178.627,14262.2841914116,25459.7392273761,38011735.0,328139552429.481,273597161427.245,7197.70253652576,60.5273698459523,0.0538213132399802,8.971,60.4340063344328,66.5987360557248,14.8828006858362,42.8060356896606
POL,2013,Poland,518179836405.36,13621.9023794031,24433.8914344877,38040196.0,318287220501.567,265177742406.155,6970.98780474619,61.4240844857147,0.991982606332335,10.293,60.5333187465323,62.8492,14.4308218173312,41.9187994358197
PRT,2023,Portugal,292323800948.839,27634.6183139773,49800.3476220918,10578174.0,180152190154.482,152336369205.313,14401.0080761872,61.6276162152158,4.31128191898681,6.498,61.2048652633664,85.79012676,24.1115106141099,58.7431554582857
PRT,2022,Portugal,256898677175.024,24620.5197587181,45250.0152469537,10434332.0,163449304510.339,148748470654.698,14255.6773787434,63.6240350895157,7.83269124233323,6.138,61.1259255772782,84.49690644,23.688003515383,57.9534940611134
PRT,2021,Portugal,256055879091.139,24711.4510062111,38657.6677223429,10361831.0,162104379788.916,140892479657.457,13597.2570540339,63.3082045857722,1.26565719069044,6.712,61.0951249296597,82.30902804,23.2908706037669,57.3226204831259
PRT,2020,Portugal,229618773422.577,22299.4044062173,35966.712796561,10297081.0,146254863974.178,134317906624.631,13044.2701795422,63.6946456050522,-0.0124383299576209,6.85,61.1042566768691,78.26166044,22.8627033998973,56.7408062962516
PRT,2019,Portugal,240115970063.019,23343.3628970034,37865.5603564295,10286263.0,153074440206.11,144053865822.743,14004.4898543565,63.7502121020666,0.338178410046124,6.422,61.114927250613,75.3463779408712,22.3900784021367,56.0597690902446
PRT,2018,Portugal,242092894542.888,23541.1401075289,34896.7993382974,10283822.0,154685642425.536,139235485334.291,13539.2741467415,63.895160044911,0.993715683468233,6.966,61.1233069673808,74.6609681487507,21.9323930135851,55.4000956836287
PRT,2017,Portugal,220862990767.229,21442.3842768879,32970.8395386562,10300300.0,141955005731.573,135760498227.741,13180.2470052077,64.2728803220735,1.36861411643482,8.878,61.1296726507436,73.7912139515729,21.4882830483163,54.7787059554707
PRT,2016,Portugal,206305431241.638,19980.2808866516,31589.2695609552,10325452.0,134497739508.359,133386975684.897,12918.2698912258,65.1935039707347,0.607397074641719,11.058,61.1343011242723,70.423567088723,21.026998642616,54.1064166804349
PRT,2015,Portugal,199038523119.639,19215.7813014347,29608.0071513956,10358076.0,130312427693.018,130312427693.018,12580.7560876187,65.4709579083284,0.48793862390472,12.405,61.137469211538,68.6328614804299,20.5742532955034,53.5461746188761
PRT,2014,Portugal,230078616299.675,22120.6850127107,28764.5254955042,10401062.0,152158852912.291,128047371047.045,12310.9900745756,66.1334179418505,-0.278153367467428,13.88,61.1394537361116,64.5924200648949,20.1141031472732,53.0684518514169
PRT,2013,Portugal,226677408291.745,21676.4859642714,27966.0874254705,10457295.0,148280216756.497,125124122711.856,11965.2474862625,65.414642718013,0.274416666666663,16.237,61.1405315215642,62.0956,19.6276592820198,52.4520220427443
PRI,2023,Puerto Rico (US),118478754280.882,36980.7653928068,47582.5504550609,3203794.0,92363500000.0,83185919839.2065,25964.815415475,77.9578588250771,,5.725,94.1774359275881,,24.2437244035166,56.8593409036051
PRI,2022,Puerto Rico (US),113843700000.0,35353.5613891039,45320.1718585525,3220148.0,87396300000.0,81894145872.7505,25431.7956419241,76.7686749464397,,6.0,94.1110923054937,87.29178106,23.8149799974915,56.6985045226365
PRI,2021,Puerto Rico (US),106426600000.0,32618.8705106244,40559.226188957,3262731.0,79852500000.0,77166598852.9243,23650.9227554844,75.0305844591484,,7.9,94.0550712597302,84.78666399,23.2057721450506,56.3281465609764
PRI,2020,Puerto Rico (US),103130900000.0,31427.1034994916,36858.5972898583,3281591.0,65469600000.0,63147663624.6045,19243.0024413781,63.4820407850605,,8.89,94.0116144995587,,22.4538395905739,55.8410147549781
PRI,2019,Puerto Rico (US),105126400000.0,31830.5284993358,36217.7204390287,3302691.0,68758800000.0,66470393945.0319,20126.1316741505,65.4058352611713,,8.3,93.9519912222253,77.7364393708352,21.6954965103704,55.5573505958644
PRI,2018,Puerto Rico (US),100958100000.0,30679.9181934488,33706.5915157959,3290690.0,65157100000.0,63660311743.3102,19345.5815477332,64.5387541960477,,9.2,93.8986961132283,70.8563997424362,20.929871358282,55.496940093307
PRI,2017,Puerto Rico (US),103445500000.0,30328.479490518,31866.6160571769,3410837.0,62453800000.0,62012053217.1599,18180.8902674505,60.3736266923162,,10.8,93.8561953815964,68.7407731407209,19.9137956984448,54.357888467815
PRI,2016,Puerto Rico (US),104336700000.0,29978.0889268918,32245.8484276651,3480432.0,60979400000.0,60958657150.6582,17514.6812667675,58.4448233459559,,11.8,93.8232738004303,68.6438071976518,18.9020880996373,53.0953758178919
PRI,2015,Puerto Rico (US),103375500000.0,29242.041465085,32323.5456459985,3535167.0,61640500000.0,61640500000.0,17436.3757072862,59.6277647992029,,12.0,93.7987161428303,63.4663353848474,18.1467548731668,52.8564868623137
PRI,2014,Puerto Rico (US),102445800000.0,28576.0988023209,32391.0670311533,3585017.0,61899400000.0,62387379556.2471,17402.2548725005,60.4216083040984,,13.9,93.7813071818968,76.1338597201667,17.4810920560341,52.830179831457
PRI,2013,Puerto Rico (US),102450000000.0,28212.0499737431,32279.4000290919,3631427.0,62477600000.0,64394748734.9532,17732.6292763019,60.983504148365,,14.3,93.7698316907305,68.999990004,16.9323569100211,53.0622119883651
QAT,2023,Qatar,213002809340.659,80195.8746508549,129024.806992334,2656032.0,,,,,3.02764899198902,0.13,99.2835325193835,98.15229797,1.57209502793142,20.0951254427778
QAT,2022,Qatar,235709325714.286,88701.463352273,122901.018274888,2657333.0,45955965357.1429,,,19.4968804131442,4.99527553740761,0.13,99.243997525719,98.03800201,1.39110202233051,19.960355294568
QAT,2021,Qatar,179732009560.44,71751.8831257169,116832.570294098,2504910.0,39319284478.022,,,21.8766176231952,2.30446565742003,0.14,99.203408908243,99.65280151,1.30386268899766,20.2600013826796
QAT,2020,Qatar,144411363351.648,51683.5054376677,82149.3573751713,2794148.0,37513425329.6703,37637439618.8984,13470.095220045,25.9767821998352,-2.5403150300476,0.14,99.1617913833034,99.65284913,1.24769251348821,19.968510996034
QAT,2019,Qatar,176371267692.308,66841.3013484919,107502.469793988,2638657.0,41393737857.1429,42032010695.0687,15929.319610343,23.4696605624887,-0.666641124861147,0.1,99.1191696672067,99.6528042086389,1.17212029932225,18.6630569940031
QAT,2018,Qatar,183334953818.681,71039.8490579352,110032.713236323,2580734.0,40435425439.5604,40856252938.8991,15831.2530229381,22.0554916546635,0.255815382724408,0.11,99.0755684762244,99.6528491261175,1.14427291316419,17.784456417313
QAT,2017,Qatar,161099122225.275,63279.8556949332,99358.3403307696,2545820.0,39785869203.2967,40030261078.1806,15723.9164898463,24.6965151974334,0.394878914083005,0.14,99.0310125265978,97.3888491654164,1.12252533934654,17.4530719656234
QAT,2016,Qatar,151732181868.132,61253.6375482797,89934.692005072,2477113.0,38068889368.1319,38569829220.0522,15570.4762843085,25.0895287337376,2.6765917009819,0.15,98.9855265345423,95.1246621661148,1.08622390331203,17.3550598474027
QAT,2015,Qatar,161739955576.923,68985.2946961507,102545.939634633,2344557.0,36052148159.3407,36052148159.3407,15376.9552880739,22.2901929401077,1.8140772393776,0.17,98.9382407681154,92.8848264535481,1.05084577481311,17.6464950526448
QAT,2014,Qatar,206224598571.429,95840.6310094498,148389.108964021,2151745.0,32544123846.1538,33498108205.3822,15567.8801184072,15.7809126901424,3.34972085659523,0.2,98.901627838826,91.48999786,1.06179216109832,18.2924831391245
QAT,2013,Qatar,198727642967.033,103697.008372373,169203.261058049,1916426.0,28942480054.9451,31012530891.102,16182.4828566832,14.5638923819704,3.22197756829293,0.28,98.8357621827901,85.3,1.08472179789742,18.6697215040946
ROU,2023,Romania,347757995758.914,18244.4186876321,45981.6373404846,19061062.0,213789148066.371,162403790429.479,8520.18583379451,61.4764148268734,10.3971874764996,5.589,52.1645747011867,89.20335498,19.7531409207066,55.3509300976065
ROU,2022,Romania,295317862855.924,15503.4691366242,41979.4260140907,19048502.0,186656691905.727,158406098671.681,8315.93469511043,63.2053510412916,13.7954887432521,5.614,52.1634832477272,85.50309124,19.5152470245056,55.1136103150113
ROU,2021,Romania,285072444957.216,14908.0412813921,37534.0002643549,19122059.0,175185823478.512,150234008487.434,7856.58116039876,61.4530890576969,5.05232876096582,5.59,52.2321512130811,83.5904265,19.3269658332554,54.8586318110313
ROU,2020,Romania,250624575871.819,13009.1525348396,34193.845654499,19265250.0,153414820923.657,140439839675.607,7289.8010498492,61.2129997187987,2.63107311184743,5.035,52.611947245178,78.45526895,19.0166656963587,54.1194231232454
ROU,2019,Romania,250080428511.595,12909.6104013244,33425.1219389628,19371648.0,155725691228.608,145719485318.283,7522.30710150643,62.2702432795089,3.82785432599438,3.912,52.8931835224862,73.6574757545465,18.604236526527,53.0183319640266
ROU,2018,Romania,241791427223.903,12416.134317959,29382.8866943611,19473970.0,154115709364.964,141291258915.246,7255.39060167216,63.7391123144534,4.62548443137779,4.187,53.1445711571868,70.6812779273268,18.2496778221635,51.9746076994291
ROU,2017,Romania,210147385855.419,10727.9822007426,26943.28718432,19588715.0,131979335184.375,129191716687.507,6595.21141062633,62.803224816309,1.3390212110439,4.927,53.3648643239046,63.7472821822484,17.9121340991497,50.9128670248701
ROU,2016,Romania,185290759248.844,9404.54005870715,23905.2650215388,19702267.0,115040046235.905,115794084424.308,5877.19598076239,62.0862296113792,-1.54479666813897,5.901,53.5528171972639,59.5039512852713,17.5741928757273,49.8906722812143
ROU,2015,Romania,177885131240.315,8977.01748158196,21624.5759002018,19815616.0,109194398835.45,109194398835.45,5510.52255127723,61.3847813328101,-0.594156437495203,6.812,53.7071839518893,55.7631556336233,17.209625303825,48.9572601796888
ROU,2014,Romania,199722319675.741,10031.7710755404,20633.0192361402,19908979.0,121865892346.623,103102566946.713,5178.6968556606,61.01766319582,1.06830987684298,6.802,53.8267187624053,54.0783206550943,16.7939266755188,48.0460231839618
ROU,2013,Romania,189798603751.235,9497.67411615237,19678.1401421845,19983693.0,116484185152.454,99077269715.6115,4957.90591436785,61.3725195287144,3.9847123554813,7.096,53.9101758034365,49.7645,16.4582814237269,47.3962302449571
RUS,2023,Russian Federation,2046284838151.09,13986.9951171875,44298.67578125,143826130.0,1017679151012.97,863318095613.809,5901.04833984375,49.7330152693938,5.86571931748967,3.076,74.9805047873279,92.24496346,16.6046427349856,51.7902694468508
RUS,2022,Russian Federation,2292495097681.47,15625.6328125,40932.71484375,144236933.0,1079494233929.55,794918253846.137,5418.158203125,47.088180691043,13.7436797398232,3.867,74.8544893625017,90.41799163,16.0755362936472,50.9772520257906
RUS,2021,Russian Federation,1829186719575.1,12425.029296875,38638.4296875,144746762.0,920449994094.031,810840723826.538,5507.7587890625,50.3201769531677,6.69445891957612,4.749,74.7516840220252,88.21384578,15.7333987949149,50.271723309629
RUS,2020,Russian Federation,1493075894362.14,10108.3271484375,31490.8046875,145245148.0,768869991485.184,738713737534.948,5001.1923828125,51.4957072435794,3.38219796948068,5.62,74.6932216791674,84.99466978,15.4721422383228,49.5678005245706
RUS,2019,Russian Federation,1693115002708.32,11447.701171875,30963.853515625,145453291.0,873630615429.431,784947734281.979,5307.287109375,51.5990121186078,4.47202631837903,4.513,74.6222859951926,82.6421618670668,15.063299330246,48.5943754955694
RUS,2018,Russian Federation,1657328773461.31,11211.8876953125,28628.5625,145398106.0,834728872487.712,756588416600.458,5118.34716796875,50.3659192946004,2.87831382614981,4.871,74.5442926137992,80.8647218726954,14.6302500942335,47.5290734735912
RUS,2017,Russian Federation,1574199360089.0,10658.9130859375,25777.904296875,145293260.0,832298058504.253,725968736381.542,4915.53857421875,52.8711978676701,3.68333072334495,5.238,74.460036813029,76.0081385339105,14.2409291689874,46.4109081650047
RUS,2016,Russian Federation,1276786350881.14,8663.158203125,24012.40234375,145015460.0,679860796210.232,700051426431.724,4749.93798828125,53.2478120353532,7.04243725413707,5.591,74.3703138709243,73.091434617897,13.8715252574284,45.0865219275749
RUS,2015,Russian Federation,1363482182197.71,9277.7138671875,23994.013671875,144640716.0,718280078079.808,718280078079.808,4887.48388671875,52.6798287104904,15.5343959935701,5.615,74.275919065527,70.0992412263947,13.534464750748,43.6560400391556
RUS,2014,Russian Federation,2059241589895.01,14055.47265625,25688.2265625,144237223.0,1107110084637.36,793066434534.862,5413.12109375,53.7630013918765,7.82016970013845,5.212,74.1776476748791,70.5175682574413,13.1683587965298,42.1236258137655
RUS,2013,Russian Federation,2292470078346.22,15941.4482421875,26019.7265625,143805638.0,1218805933095.0,776981225099.339,5402.99560546875,53.1656201146252,6.75466833903486,5.513,74.0762949770228,67.97,12.883783946717,40.7840417932466
RWA,2023,Rwanda,14806501437.282,1061.05788154076,3518.91850615405,13954471.0,9569634676.44418,7882084412.97098,564.842939081745,64.6313021140046,19.789546746467,12.352,28.8555310645477,28.80579948,3.82185022198798,71.0958025684348
RWA,2022,Rwanda,13747404814.2677,1007.05989322914,3195.28136566525,13651030.0,8569589285.55657,7085013825.08602,519.009468522596,62.3360510680723,17.6892095588153,15.084,27.7806702737761,28.01679993,3.72144812515979,72.0525122623854
RWA,2021,Rwanda,11252894909.5043,842.581492947672,2776.39276387923,13355260.0,7597179826.98769,7246312410.6044,542.58115608415,67.5131145192783,-0.391346748300791,15.775,26.1049092762833,24.4416008,3.60565799542652,73.147975044359
RWA,2020,Rwanda,10487146253.4025,802.638686936204,2355.13640819609,13065837.0,7739959929.71523,7715619284.04658,590.518562572499,73.8042527747151,9.85039902274207,11.829,24.5029761132966,23.8,3.47570155666262,74.3140418599029
RWA,2019,Rwanda,10519272170.3346,823.355304065304,2374.40565682007,12776103.0,7201265316.01262,7411832614.27697,580.132503180115,68.457828634959,3.34787655037648,11.236,22.9711026997362,21.3579998,3.35702522122747,75.4998497905928
RWA,2018,Rwanda,9650161136.17648,772.754982959354,2128.1982397276,12487996.0,7032862434.5578,7239493666.08399,579.716206354005,72.8781865433628,-0.311210160390699,10.759,21.5418444579064,19.16659927,3.24675392272707,76.5839285100698
RWA,2017,Rwanda,9164345443.2575,751.049039527547,1949.12266322999,12202060.0,6733957069.60053,6686499493.35578,547.981200990307,73.4799567660875,8.27953672260832,11.875,20.2477568101111,17.2,3.14278477802991,77.4819533507808
RWA,2016,Rwanda,8596812240.52305,721.258515833094,1845.25585689833,11919183.0,6655882363.22266,7045964093.03918,591.14488745069,77.4226792094939,7.17434301982009,11.788,19.1213951786548,14.63710022,3.04670211037116,78.2448735010216
RWA,2015,Rwanda,8447064078.84373,725.691418696952,1760.5877311941,11640022.0,6793963845.49766,6793963845.49766,583.672766726529,80.4298840648507,2.52850284192421,11.831,18.1953149858416,12.45600033,2.96109405978786,78.9223819506378
RWA,2014,Rwanda,8129984483.78727,715.36808783393,1655.37851110949,11364757.0,6370117124.74102,5850598394.6207,514.801891023336,78.3533737050081,2.35449052820358,11.837,17.5020716539756,10.60000038,2.88932706612205,79.5357562621641
RWA,2013,Rwanda,7714276919.73722,695.397140963607,1491.80370844135,11093340.0,6028629903.75478,5405536250.56267,487.277614367059,78.1489952523008,5.92426867984854,11.768,17.0742206053612,9.0,2.83577804340262,80.1580788750867
WSM,2023,Samoa,1044909500.02527,4822.74084650019,8202.61231371824,216663.0,856738367.87282,723668049.555617,3340.06290670589,81.991633519659,7.92164684826777,4.92,17.5012799804602,,5.70563501843877,79.9646155890757
WSM,2022,Samoa,889554711.842341,4132.44717734444,6908.96157777708,215261.0,771603399.69003,738700831.130152,3431.65195335036,86.7404094900443,10.9618822286844,5.048,17.5007949951039,,5.55629109845977,79.6694766713964
WSM,2021,Samoa,859724936.05765,4021.55934894283,6350.92787033711,213779.0,691501726.200317,703197828.22328,3289.36812419966,80.4329032691855,3.13320473174494,6.664,17.5672426452007,,5.42078501630188,78.9865871833085
WSM,2020,Samoa,868884902.953089,4099.59660548583,6451.76442222677,211944.0,627356394.183598,632654345.312704,2985.00710240773,72.2024737743048,-1.56891247740895,7.467,18.0516608994722,,5.29833352206243,78.2420022202039
WSM,2019,Samoa,912950466.064906,4351.94234943706,6638.1845475197,209780.0,610961683.097255,612751973.081876,2920.92655678271,66.9216683497283,0.982326569888117,7.858,18.4147344481283,,5.17090564139966,77.3941500291737
WSM,2018,Samoa,878448433.404342,4231.81409469194,6318.2697728872,207582.0,593459961.400598,608742351.255411,2932.53919538019,67.5577460023124,4.19745888663752,8.649,18.7241267935467,,5.05631509475773,76.633963291667
WSM,2017,Samoa,884844384.463214,4307.59381964907,6280.2150045934,205415.0,613189578.199785,626134415.450545,3048.14358956524,69.2991433258372,1.74989677484705,9.4,18.9657191879831,,4.94609679453008,75.9352838398027
WSM,2016,Samoa,843924796.697421,4147.07097674888,6141.45089023942,203499.0,569192356.473449,602193072.161288,2959.19425727541,67.445862321015,1.30471869303179,9.063,19.126462366749,,4.87889375377766,75.389349030829
WSM,2015,Samoa,824150498.653536,4084.36083819933,5681.77812766143,201782.0,570512695.699237,570512695.699237,2827.37159756191,69.2243342243094,0.724470134874729,8.901,19.2340105383551,,4.87332864180155,75.2501302761855
WSM,2014,Samoa,796683519.593842,3982.68080202084,5468.10058510176,200037.0,584843473.5773,567377818.244414,2836.36436381476,73.409761742713,-0.40681608842489,8.72,19.3126679480432,21.20000076,4.87384833805746,75.2920248516873
WSM,2013,Samoa,797736334.281305,4023.5254013825,5386.90063080106,198268.0,611215653.527234,564889512.040108,2849.12094760682,76.6187557544172,0.61008572090503,8.772,19.3865949620667,15.30000019,4.88151168743396,75.4335669285765
SMR,2023,San Marino,2027243193.5116,59871.3288101478,78810.3378046111,33860.0,775740065.862171,703998937.016422,20791.462995169,38.2657625066891,5.93190858629403,,97.1317310361655,97.33640289,21.6823538130883,52.3897389738974
SMR,2022,San Marino,1831701022.87082,54264.5837022908,75929.4591270254,33755.0,650013647.982104,650260594.678769,19264.1266383875,35.4868856798113,5.32545321311365,,97.1141889380465,97.32790375,21.0237606336169,51.6646448308397
SMR,2021,San Marino,1855395712.2147,54168.9744311193,64745.1322795901,34252.0,614772801.006192,562707223.32701,16428.4486548818,33.1343226115558,1.61551411551421,,97.1035668453272,81.66999817,20.3977149468508,50.6178268325931
SMR,2020,San Marino,1544713784.67674,44426.6259613672,55206.5809417073,34770.0,560346448.281558,520866602.820115,14980.3452062155,36.2750985872002,-0.133368898372915,,97.0999984741211,77.94999695,19.9490918503818,50.0323624595469
SMR,2019,San Marino,1616231696.04862,46626.9998571568,57444.1206392397,34663.0,577407376.407058,550237098.490772,15873.9029654321,35.7255322871534,0.472651967352852,,97.0999984741211,67.85070038,19.6534210602257,49.9913457377759
SMR,2018,San Marino,1655354328.79184,47950.7076296808,54460.9066545652,34522.0,600438370.001254,547254030.683442,15852.3269417601,36.2724982535602,1.16333522293158,,97.0999984741211,,19.3159274222744,49.9913103927702
SMR,2017,San Marino,1528621192.886,45192.0530047599,52463.4195514851,33825.0,570275032.502825,551944696.020399,16317.6554625395,37.3064978528891,1.01413313194508,,97.0999984741211,60.18230057,18.9976147536215,50.0332667997339
SMR,2016,San Marino,1468342400.08249,44359.4574206971,53033.0552322114,33101.0,565956794.33755,565215821.386433,17075.4908125565,38.5439250617399,0.644075340346552,,97.0999984741211,55.0,18.7418585249477,50.179211469534
SMR,2015,San Marino,1419400395.73301,43146.8035302005,52247.2075298399,32897.0,573181016.374218,573181016.374218,17423.50416069,40.3819118338498,0.145686073241066,,97.0999984741211,,18.4876552314091,50.1734684561307
SMR,2014,San Marino,1673910988.23529,51260.4804236805,52909.2224071252,32655.0,,,,,1.11296303373851,,97.0999984741211,,18.2250819113134,49.9196547449612
SMR,2013,San Marino,1678741201.56863,50807.8206340193,50770.3673195862,33041.0,,,,,1.60439298078082,,97.0999984741211,,17.9595478881618,49.4594472339078
STP,2023,Sao Tome and Principe,690456806.696406,2990.6606143535,6155.05042011344,230871.0,697463379.440446,399929324.351598,1732.26314414369,101.0147735059,21.2589138473,9.032,68.6043921103568,58.70130157,3.86730280697271,72.8534635081309
STP,2022,Sao Tome and Principe,540809499.189348,2389.73729784737,6032.7249522726,226305.0,563894866.566808,395646054.630758,1748.2868457646,104.26866898826,18.0056351122841,8.964,68.3720919798341,58.56779861,3.84856719913391,74.3221383454013
STP,2021,Sao Tome and Principe,524402455.54816,2362.58827248102,5732.69456061536,221961.0,540092198.077153,369662578.257758,1665.43932608773,102.991927738514,8.13777038378732,9.563,68.1738967895508,54.94950104,3.83175422709395,76.007866273353
STP,2020,Sao Tome and Principe,471229484.607144,2167.22001796925,5144.53560286014,217435.0,478045850.623517,366149844.224709,1683.95080932099,101.44650668921,9.81932791540146,9.679,68.0436706542969,51.55469894,3.84000699061097,77.8559392739706
STP,2019,Sao Tome and Principe,412976082.620705,1935.2931816596,4655.48496449805,213392.0,449110214.27641,374334728.290435,1754.21163066298,108.749691126518,7.72024525213248,8.835,67.9129943847656,44.25790024,3.82254255079853,79.51862975208
STP,2018,Sao Tome and Principe,383717327.830508,1825.59971753966,3941.03280858409,210187.0,419532718.697877,361282099.53605,1718.86034595883,109.333795549413,7.86859628873909,8.712,67.7828826904297,37.99380112,3.74380908429161,80.8091322001239
STP,2017,Sao Tome and Principe,322002845.229335,1555.79477812888,3436.31010124694,206970.0,350788552.914535,345443103.498479,1669.04915445948,108.93958178062,5.6902961992902,8.808,67.6520004272461,32.61640167,3.67057140993523,81.9116677653263
STP,2016,Sao Tome and Principe,292267272.196925,1434.87018050521,3319.54261733278,203689.0,305777234.779762,315093009.948415,1546.93189101235,104.622468496484,5.43051966119156,9.684,67.5218887329102,28.0,3.61066039565317,82.8209846070996
STP,2015,Sao Tome and Principe,259999643.047388,1298.10946596396,3171.50905832741,200291.0,280857539.538234,280857539.538234,1402.24742768389,108.022278894838,5.24587835022454,10.591,67.3915710449219,25.81999969,3.57155338981782,83.4586672773071
STP,2014,Sao Tome and Principe,293119143.246825,1489.67633417608,3233.3568807314,196767.0,348141559.176333,304112373.631242,1545.54561299019,118.771348510382,6.99849943966421,11.428,67.2606735229492,24.40999985,3.5554742411075,83.7810322604749
STP,2013,Sao Tome and Principe,267041747.584354,1382.5757842916,2945.73664283744,193148.0,299325418.999596,268349909.297871,1389.34863057278,112.089372432318,8.10583270875476,12.476,67.1306686401367,23.0,3.55867924772518,83.8271264192784
SAU,2023,Saudi Arabia,1218584800000.0,36156.8562500172,71623.785419098,33702731.0,531169866666.667,408171900975.865,12110.9443912977,43.5890769905112,2.32708518362706,4.008,84.2962388315415,100.0,2.81950386919403,36.8306261402051
SAU,2022,Saudi Arabia,1239075200000.0,38510.2276211037,71956.6694296826,32175224.0,485706133333.333,378818141979.832,11773.5976594858,39.1990843924028,2.47407371925372,5.589,84.1349430023993,100.0,2.70249417477226,37.6406020466918
SAU,2021,Saudi Arabia,982661066666.667,31920.7653655643,62690.4966645929,30784383.0,437838133333.333,358104507344.58,11632.6680104188,44.5563733199022,3.06328988941548,6.621,83.9716349986538,100.0,2.61855430769317,38.552207752274
SAU,2020,Saudi Arabia,767951200000.0,24338.8307301067,47518.4877485153,31552510.0,378036000000.0,336977350013.187,10679.8904433653,49.2265654380122,3.37234961012303,7.66,83.8064352851942,97.8623325,2.52258164711042,38.9149758727624
SAU,2019,Saudi Arabia,888890133333.333,29566.7933827436,59560.2537904546,30063799.0,393301600000.0,354171943389.364,11780.6782632283,44.2463680550847,-1.19298644533328,5.636,83.6394643268678,95.7247355953812,2.45024814989585,39.2782204735528
SAU,2018,Saudi Arabia,886564800000.0,29360.0658968566,59377.8025368768,30196281.0,376957066666.667,332743967763.653,11019.3691654828,42.5188397584324,2.46594308994843,6.029,83.4708425884849,93.3100018480347,2.38074635666274,38.9722820162999
SAU,2017,Saudi Arabia,741266133333.333,23929.2907135982,53120.4572456269,30977355.0,340617066666.667,328331283056.674,10599.0741642298,45.9507120789367,-0.834845735027162,5.89,83.300690534822,94.1755996113911,2.28023790995907,37.8285364491946
SAU,2016,Saudi Arabia,689279466666.667,22267.7217050387,49937.0668103808,30954198.0,321756533333.333,309758007470.572,10006.9789393533,46.6801274219494,2.05347076823965,5.6,83.129128630626,74.8792746891625,2.21365075571716,37.2291095685902
SAU,2015,Saudi Arabia,693414400000.0,23256.1549553531,53930.8273872622,29816382.0,297310933333.333,297310933333.333,9971.39536692726,42.8763713781158,1.22269318552328,5.6,82.9562773406163,69.6162358014004,2.22811303229385,37.5454186766442
SAU,2014,Saudi Arabia,787153066666.667,27805.4850319422,62578.0708415156,28309273.0,265116533333.333,271341380148.379,9584.89397267032,33.6804294564988,2.24185348779063,5.877,82.7822571294871,64.713657369019,2.28000575968204,38.2815919272348
SAU,2013,Saudi Arabia,769755733333.333,27865.465604962,62202.8859202572,27624004.0,237473066666.667,252992898614.638,9158.44417828196,30.8504446778614,3.51104209799866,5.6,82.6071884619102,60.5,2.32822122505455,39.1407285565451
SEN,2023,Senegal,30696331295.7826,1698.03387300843,4781.55234083159,18077573.0,20646184829.0882,17875949093.9555,988.846738107794,67.2594540049312,5.93947798773215,2.784,54.6992276190794,59.18740082,3.5903878360666,73.0702280774448
SEN,2022,Senegal,27783332222.6759,1574.0281059306,4529.50264399113,17651103.0,18319745234.938,17024930936.7057,964.525046208486,65.9378979026352,9.69681899081073,2.837,53.4435061024348,56.82830048,3.56339204411192,74.5922709423436
SEN,2021,Senegal,27520784129.7508,1598.10676952274,4173.67741399617,17220867.0,18323696881.1509,16394861824.5329,952.034634756365,66.5813037694025,2.18032278088147,3.436,52.2260292191155,55.04040146,3.54310568518721,76.3835914170458
SEN,2020,Senegal,24530513037.7518,1461.08720350553,3752.91947490817,16789219.0,16860449899.2292,15861923515.3721,944.768396634296,68.732561252516,2.54314685681662,3.432,51.0562950093282,53.30879974,3.52746594325007,78.1214558387831
SEN,2019,Senegal,23403995992.1354,1431.18128932159,3647.95137357242,16352922.0,15984150821.8928,15503187408.027,948.037751786931,68.2966738981842,1.76011151192939,2.863,49.9443321273477,43.37969971,3.51051951175819,79.7592228578564
SEN,2018,Senegal,23116701556.1381,1452.55612562445,3380.21596529445,15914498.0,16056649334.147,14931841073.3214,938.253979064963,69.4590847883465,0.460985642464188,3.453,48.9001692274485,35.29999924,3.49937511383095,81.285092700946
SEN,2017,Senegal,20965069572.7168,1354.77007193387,3229.51026655477,15475002.0,14771835638.8238,14254880905.6414,921.15535142686,70.4592731619043,1.31815314847789,4.078,47.9338349639053,29.64310074,3.498380920997,82.6634749255329
SEN,2016,Senegal,19040312333.1864,1266.43957151587,3101.12348494108,15034521.0,13631625815.7628,13591511075.6827,904.020226230199,71.593498978499,0.837284942557434,4.455,47.0553579909929,25.66480064,3.5068960130787,83.8342155048284
SEN,2015,Senegal,17774766696.1759,1218.00613555438,2994.28032714875,14593331.0,12908633279.445,12908633279.445,884.557013024992,72.6233626583814,0.135211933635165,6.757,46.2747669629858,21.70000076,3.52362334286885,84.8018050977194
SEN,2014,Senegal,19797253440.2679,1398.89137601382,2853.80456250635,14152102.0,14703524502.6135,12359822761.1744,873.355969394118,74.2705272071037,-1.09025507446895,5.849,45.6020905341588,17.70000076,3.54860725101498,85.5824022152232
SEN,2013,Senegal,18918667724.8817,1379.83196553924,2768.76818711984,13710849.0,14616792724.4666,11742892447.8356,856.46719964866,77.2612159430377,0.710245486695176,5.012,45.0398750539456,13.10000038,3.57918390028218,86.0806462338988
SRB,2023,Serbia,81343999280.0179,12281.707946167,29776.9743496564,6623183.0,50921322138.3838,35179899329.9836,5311.63027353821,62.5999736785656,12.3719043552519,8.268,62.1434649229738,85.35746686,22.3383596618497,57.94954577942
SRB,2022,Serbia,66809895701.2152,10024.8191112596,26142.9143111159,6664449.0,43894103342.042,35006939893.6667,5252.78832408601,65.7000027935137,11.9815117344703,8.439,61.9013813540396,83.53825397,22.0776743361109,57.3125583332035
SRB,2021,Serbia,66159884072.5308,9680.52798074468,23406.3065657117,6834326.0,42310281641.0754,33831367394.5137,4950.21270488321,63.9515655660624,4.08510285335102,9.843,61.363899230957,81.16588116,21.888601009739,56.7307892970407
SRB,2020,Serbia,55874017668.998,8098.70955668849,21013.0562995823,6899126.0,36113104068.0633,31408641942.0997,4552.55374986625,64.6330898951998,1.57553290083415,9.011,61.223201751709,78.36804864,21.5708751193576,55.8406068162926
SRB,2019,Serbia,53864693664.5568,7755.632986437,20587.2567440786,6945235.0,35746482659.8132,32066650228.1543,4617.07202537486,66.3634752708796,1.84922984511086,10.395,61.0492248535156,77.4167736219802,21.0643608505556,54.6017908714794
SRB,2018,Serbia,52787520248.9242,7559.86165747394,18469.1042989985,6982604.0,35752138942.746,30930445513.4752,4429.64336993408,67.7283925711108,1.95984076293801,12.733,60.8433609008789,73.360709154564,20.4864046664261,53.2665314122019
SRB,2017,Serbia,45972834713.8077,6548.03653824187,17285.4135238265,7020858.0,31833432706.4552,30084672336.0519,4285.0421324647,69.2440066065671,3.13106248590115,13.477,60.621208190918,70.3308355269141,19.9073825690271,51.9843219838154
SRB,2016,Serbia,42225495909.5633,5982.37030126471,16455.4885236331,7058322.0,29189949302.5791,29451531399.6473,4172.5967446154,69.1287305780773,1.12231397417769,15.257,60.3853870034026,67.0568413716938,19.3853692133533,50.8721349656193
SRB,2015,Serbia,41297410634.9586,5820.3215576888,15546.3082680414,7095383.0,28902339069.6335,28902339069.6335,4073.40083962114,69.9858383982251,1.39235822000187,17.66,60.1388092041016,65.3170254003801,18.883979706442,49.7570563003371
SRB,2014,Serbia,49114321280.3466,6886.67809068704,15296.1683250053,7131787.0,35069467774.4915,29005218143.8992,4067.03371033083,71.4037512079492,2.08244793880154,19.223,59.8779373168945,62.0750804639377,18.3902831005496,48.6099080245693
SRB,2013,Serbia,50455529604.0696,7040.41812068781,15246.9548612296,7166553.0,35647294645.6565,29079973708.1371,4057.73510753875,70.6509176008755,7.69426362896655,22.154,59.6111068725586,53.450364175,17.9500038447375,47.6152988175827
SYC,2023,Seychelles,2171547935.38159,18130.5297135548,31893.9628108379,119773.0,1388672831.88156,1252648193.46976,10458.5189773134,63.948523044578,-1.03530088431952,,45.0971081321658,86.001297,8.33095611193391,39.8025048731806
SYC,2022,Seychelles,1999888599.25474,16682.6990711785,29215.6725189214,119878.0,1420177071.13428,1342154977.95143,11196.0074238094,71.0128089966368,2.6260363285129,,44.9108209981157,84.83380127,8.14754326913502,39.7782260415331
SYC,2021,Seychelles,1487173794.80528,14982.9111487767,29979.8272686091,99258.0,1203573216.97444,1368695802.22739,13789.2744386084,80.9302329814135,9.76909936973542,,44.6026796065539,81.99530029,7.89185892875292,39.5484197503093
SYC,2020,Seychelles,1382551751.56908,14041.4754074575,31055.9442055039,98462.0,1005002702.29323,1223852766.26828,12429.6963932104,72.6918685794318,1.20266463987123,,44.2936147152263,79.25170135,7.57787365638327,39.2121931908155
SYC,2019,Seychelles,1868690096.73454,19141.5118743615,34219.061370118,97625.0,1203914446.04778,1226559155.06079,12563.986223414,64.4255806862556,1.80709400809982,,44.0049304031754,76.63420105,7.36545956030786,39.0862076334573
SYC,2018,Seychelles,1784313926.76807,18440.2340460932,32091.2988657346,96762.0,1190890357.69018,1205457789.13597,12457.9668582291,66.7421993307673,3.70291839111568,,43.7386669014459,69.23660278,7.2279207232267,39.0878121002171
SYC,2017,Seychelles,1675370641.01416,17480.3651911372,30674.6487335442,95843.0,1063727518.24061,1094694721.99534,11421.7493400179,63.4920710796687,2.85679575568437,,43.4968644410824,62.55310059,7.1411099696246,39.1919367956315
SYC,2016,Seychelles,1568513348.14463,16566.9946042294,28811.3970334958,94677.0,982932787.511364,1007571982.73823,10642.2043657724,62.6665236017317,-1.01548191697626,,43.2815632531296,56.51470184,7.09153986942388,39.4016137581719
SYC,2015,Seychelles,1432403352.12944,15333.1051727105,25435.2289894362,93419.0,832741366.651833,832741366.651833,8914.04710660393,58.135954891048,4.04194410725617,,43.094803568632,54.25960159,7.05775929198588,39.7253922433779
SYC,2014,Seychelles,1387577870.08161,15188.1902175113,24984.526915426,91359.0,888560647.799374,843427337.406296,9232.01148662197,64.0368131373494,1.38583454581263,,42.9386256186342,51.25469971,7.03075357485822,40.0932329443516
SYC,2013,Seychelles,1333160407.38516,14821.2921476077,22487.2497747,89949.0,561377585.968679,649075194.820101,7216.03569600664,42.1087802232108,4.33893848329099,,42.815069634181,50.40000153,7.03136861179812,40.4487539816376
SLE,2023,Sierra Leone,6415852766.09227,758.329137301888,3371.09351712436,8460512.0,5655831179.48357,10212792651.6671,1207.11283804894,88.1540051756579,47.6428733253179,3.092,44.809324991151,23.71360016,3.20667945391485,71.6396127509545
SLE,2022,Sierra Leone,7121125277.18159,860.371067874555,3143.46625292281,8276807.0,6404209935.46963,9994088945.73137,1207.48121174402,89.9325554065284,27.2082883814653,3.137,44.2666343543487,21.50880051,3.17537929635059,72.8656793787969
SLE,2021,Sierra Leone,7166931483.2953,885.396401613729,2849.38865839009,8094602.0,6369751418.3013,9303213526.37775,1149.31080322142,88.87696824154,11.8739588840234,3.551,43.7345385973699,18.65390015,3.15159411173026,74.0851904590161
SLE,2020,Sierra Leone,6688307705.64217,845.277558236182,2719.0728691734,7912558.0,5867936130.14624,8792599092.95871,1111.22080785489,87.7342429265945,13.4468711101052,3.509,43.2129659123546,17.12080002,3.14095012004967,75.2912582751821
SLE,2019,Sierra Leone,6523577590.38319,843.71251730417,2704.05835704649,7731991.0,6205124058.55528,9423759170.91684,1218.80110451717,95.1184219484511,14.8049990906021,3.204,42.7018444914441,15.71370029,3.13516272846153,76.4806176920907
SLE,2018,Sierra Leone,6390514688.52816,845.914540460932,2640.47566787646,7554563.0,5928442721.49792,8638652710.73657,1143.50131314499,92.7694092017389,16.0295447693699,3.192,42.2011025267803,14.42230034,3.12991631680085,77.7298523709784
SLE,2017,Sierra Leone,5749846528.48046,779.186007841728,2501.4531554482,7379299.0,4600657938.2138,7389175558.34753,1001.33841417017,80.0135780220492,18.2215094003386,3.656,41.7106682105058,9.297100067,3.13219453500935,79.0717330500269
SLE,2016,Sierra Leone,6084297211.10217,844.416411175476,2634.9252433025,7205328.0,5129820745.50791,7068243785.64889,980.974604577181,84.3124615304359,10.8860609413903,4.182,41.229411538771,7.680099964,3.1406826212018,80.429374818765
SLE,2015,Sierra Leone,6788352974.78329,964.575980888989,2560.04985807593,7037655.0,6158019070.13396,6158019070.13396,875.010080791679,90.7144795358928,6.68943562498681,4.483,40.7669565187099,6.344399929,3.15426090082563,81.7770077231895
SLE,2014,Sierra Leone,7686138790.90872,1117.7586465721,2762.04553745948,6876385.0,6929460178.00439,7501868760.06055,1090.96113147541,90.1552829907348,4.63931171409667,4.678,40.3272406886245,6.057300091,3.18524922615589,83.1094211925305
SLE,2013,Sierra Leone,7502762862.72657,1117.47183075115,2700.73807805259,6714051.0,7186593649.53114,7728965212.41457,1151.16272015428,95.7859628648781,5.52412877994266,4.376,39.8916422780075,4.0,3.22857964375162,84.3471895637314
SGP,2023,Singapore,511181761243.76,86382.5900499252,144728.385132013,5917648.0,161089302909.589,140214790973.397,23694.3446067418,31.5131162969589,4.83372362825798,3.444,100.0,94.28518987,13.0953667239036,33.1253772353762
SGP,2022,Singapore,514252535238.749,91227.6970426492,144417.646950009,5637022.0,144500376087.917,135202662157.002,23984.7675167849,28.0991081591519,6.13095418919732,3.591,100.0,95.95386476,12.6908966015146,32.7954085061744
SGP,2021,Singapore,441110903524.645,80884.8565369236,133990.186782104,5453566.0,126952778710.263,122730020184.387,22504.5447665595,28.7802404556001,2.31610315765146,4.64,100.0,96.92468156,12.258194216314,32.3224926548392
SGP,2020,Singapore,351226533656.292,61772.5036492256,102117.449503559,5685807.0,112910312217.791,113933482443.22,20038.2254345285,32.1474323259087,-0.172111865925382,4.1,100.0,92.00434653,11.5849477696371,31.1638429496119
SGP,2019,Singapore,376827390962.044,66068.7003106378,105521.619340296,5703569.0,135075262542.902,131976797046.897,23139.3355716214,35.8453938812817,0.567829988405447,3.1,100.0,88.9492526850762,10.9750531897302,30.1882050728381
SGP,2018,Singapore,377976367877.038,67032.8225769734,104198.419110899,5638676.0,130834597380.568,127444220173.477,22601.7987508906,34.6144914073386,0.438784215129623,3.613,100.0,88.1656360313447,10.4836486140996,29.5555499902006
SGP,2017,Singapore,344795119213.571,61436.1325502558,96056.7007948924,5612253.0,121315205387.693,122062589784.154,21749.3027816377,35.184722354654,0.576763191179996,4.2,100.0,84.4522678893074,9.96401995439571,28.8474686470753
SGP,2016,Singapore,320759207438.623,57204.0340105222,90214.7780767093,5607283.0,116553484284.997,118122597421.49,21065.9239816307,36.3367540454155,-0.529809760375464,4.08,100.0,84.4522678893074,9.44794121187799,28.1544000884945
SGP,2015,Singapore,307998545269.398,55645.6068614606,87156.187383315,5535002.0,114446347716.982,114446347716.982,20676.8394513646,37.1580806061532,-0.521975611895763,3.79,100.0,79.0129570025584,8.99820725948152,27.6825611982179
SGP,2014,Singapore,314863580758.455,57564.8023114977,84555.2446100826,5469724.0,118339528826.802,108840688814.94,19898.7533584766,37.5843813189642,1.03316955857629,3.74,100.0,79.0292358633435,8.57606405394016,27.3124316272141
SGP,2013,Singapore,307576360584.992,56967.4257940383,83088.3185411658,5399162.0,114828897946.136,105053588638.554,19457.3877647224,37.3334601292955,2.36439793742726,3.86,100.0,80.90209961,8.16514295512923,27.0192311085442
SXM,2023,Sint Maarten (Dutch part),1686525977.65363,39451.822911732,51729.2528621078,42749.0,,,,,,,100.0,,13.4470981777352,40.8626598128377
SXM,2022,Sint Maarten (Dutch part),1592564636.87151,37793.1283815826,48752.9549877316,42139.0,,,,,,,100.0,,12.9762568672354,40.8765712757422
SXM,2021,Sint Maarten (Dutch part),1353071061.45251,32548.4366854902,40507.0672411717,41571.0,,,,,,,100.0,,12.3198864593106,40.7325908121467
SXM,2020,Sint Maarten (Dutch part),1236428100.55866,30150.8998380477,38901.4867603712,41008.0,,,,,,,100.0,,11.4820459672011,40.3806654799398
SXM,2019,Sint Maarten (Dutch part),1407880446.92737,34861.469528968,45715.6970519376,40385.0,,,,,,,100.0,,10.6426970743726,39.8663157165616
SXM,2018,Sint Maarten (Dutch part),1259200446.92737,31708.3110124742,41653.2008964784,39712.0,,,,,,,100.0,,9.83204069298952,39.2586618038996
SXM,2017,Sint Maarten (Dutch part),1353212122.90503,34701.3058494468,44479.2967076826,38996.0,,,,,2.19201010962985,,100.0,,9.09312374187427,38.6672356162435
SXM,2016,Sint Maarten (Dutch part),1427017206.70391,37308.6147795736,44845.106868735,38249.0,,,,,0.111682655737579,,100.0,,8.35838845460012,38.073063316728
SXM,2015,Sint Maarten (Dutch part),1417888715.0838,37839.6283815163,44587.5911500766,37471.0,,,,,0.330027165141066,,100.0,,7.64447646878294,37.5853712271425
SXM,2014,Sint Maarten (Dutch part),1361811508.37989,37134.912423099,43514.2365385271,36672.0,,,,,1.88675466275266,,100.0,,7.0408900644915,37.3483146067416
SXM,2013,Sint Maarten (Dutch part),1022905027.93296,28529.7324687053,36178.1870158544,35854.0,,,,,2.5286478853837,,100.0,,6.50555028727618,37.2808025116778
SVK,2023,Slovak Republic,133578518423.544,24614.8734642794,45864.6125430469,5426740.0,77946206279.5014,58851196121.2913,10844.6684604922,58.3523512608171,10.5319476645211,5.843,53.190805019646,87.2131343,18.0508365765507,51.4188207516504
SVK,2022,Slovak Republic,115792972358.209,21317.7943982363,41529.408474315,5431752.0,71053340626.4205,60621245888.7148,11160.5327137017,61.3623946076927,12.7741463637611,6.143,53.1902831072528,89.06766196,17.5706371952843,50.4641276809572
SVK,2021,Slovak Republic,120511265913.343,22123.3342114545,38330.302743447,5447247.0,68192126175.6617,57774724844.112,10606.2245468421,56.5856857106597,3.1496062992126,6.894,53.1901479870605,88.92560523,17.1648882487724,49.4568271263227
SVK,2020,Slovak Republic,107732602896.441,19735.4858280801,35327.9439165588,5458827.0,61912952534.0796,56055201627.715,10268.7265281928,57.4690955843647,1.93694126694223,6.719,53.2481998906526,89.92090413,16.7640891006244,48.4093813779099
SVK,2019,Slovak Republic,105843498304.094,19406.0589683582,33985.6758419661,5454147.0,59158160291.294,55824410729.4407,10235.2229834364,55.892106023678,2.6645613342544,5.761,53.3666558664583,82.8536605021784,16.259188968312,47.1743766979644
SVK,2018,Slovak Republic,106611673364.837,19573.3717031314,31509.8187291635,5446771.0,59332740594.4556,54300090900.3072,9969.22596898368,55.6531369612899,2.51403712883803,6.544,53.4881496935559,80.4489224826099,15.7269155531126,45.8020130464426
SVK,2017,Slovak Republic,95978130734.9766,17645.5298716761,30245.7825869756,5439232.0,53502708193.2566,52149193854.8197,9587.60241424151,55.7446866109458,1.31194588223247,8.142,53.6126018237016,81.6256675172655,15.2000556322042,44.3936163689056
SVK,2016,Slovak Republic,90347173228.6356,16636.0769133073,29867.9803390081,5430798.0,48956637760.59,49221394339.4238,9063.38153977074,54.1872379744507,-0.520010196278358,9.679,53.7399327086517,80.475857275668,14.6624290456748,42.9974711861622
SVK,2015,Slovak Republic,89178548717.3324,16442.0760860018,30147.9903672541,5423801.0,47494208220.7344,47494208220.7344,8756.62809545084,53.2574356769091,-0.325219777427765,11.492,53.8700628001622,77.6346820339875,14.1487853575038,41.8080986794682
SVK,2014,Slovak Republic,101713075598.862,18770.9289896545,29108.072180194,5418649.0,55176057133.5676,46020417010.887,8492.9688213588,54.2467689711516,-0.0761653295419871,11.536,54.0029125499893,79.9843017656729,13.6950033798192,40.8909492177303
SVK,2013,Slovak Republic,99134277850.3418,18312.7805149823,28075.4326236719,5413393.0,53874069672.4778,44902650859.9774,8294.73324031295,54.3445424132799,1.40047368963025,14.226,54.1384024098892,77.8826,13.2842884791878,40.1143714089078
SVN,2023,Slovenia,69255264238.3855,32660.4753581346,56150.6852244867,2120461.0,35707845428.4634,28844420252.3822,13602.9006203756,51.5597562454637,7.44687717385846,3.652,55.5378927789875,90.37794678,21.3323429613727,56.8926761847261
SVN,2022,Slovenia,59899117741.0022,28360.3041467268,52322.1405997493,2112076.0,32318614501.7667,28849891515.2868,13659.4949780627,53.955076002136,8.83369886749452,4.011,55.3377817873563,88.91248552,20.8812714279501,56.1949556465181
SVN,2021,Slovenia,61540813361.8556,29192.8401933019,45922.6632600134,2108079.0,31857106703.7165,27757251012.4258,13167.0829283086,51.7658200524569,1.91706506089269,4.744,55.3046289429588,89.00399524,20.4309073032618,55.2631346363753
SVN,2020,Slovenia,53384760135.1581,25392.0651093612,41767.2579899957,2102419.0,26744115269.2359,24947940241.5346,11866.3026930096,50.0969100573381,-0.05485681576061,4.971,55.384391784668,86.60130109,20.1213887142885,54.463108894626
SVN,2019,Slovenia,53909922735.545,25814.1687167572,42373.2506369279,2088385.0,28041750580.3137,26582693930.2801,12728.8282238572,52.0159353925852,1.63052260754335,4.446,55.4523277282715,83.1083578026717,19.8516683589804,53.749455202959
SVN,2018,Slovenia,53689067639.9176,25888.0481065655,38620.2045436305,2073894.0,27653403220.927,25197100595.2715,12149.6569232909,51.5065812027007,1.7386086198818,5.108,55.1913430955675,79.7499765956562,19.4617683036878,52.7824926183278
SVN,2017,Slovenia,48153200134.6613,23303.077705959,36180.0384547624,2066388.0,25075509350.813,24367325773.2634,11792.2315524787,52.0744400801793,1.42910743319306,6.564,55.2451133728027,78.8854263554775,19.0009988314642,51.5486078260965
SVN,2016,Slovenia,44290685824.0682,21447.8377796036,33575.1775435757,2065042.0,23605085228.3814,23771100891.5911,11511.1948771943,53.2958223364291,-0.0549995416705683,8.0,53.647274017334,75.4985042610791,18.5120548294753,50.2163362216959
SVN,2015,Slovenia,42709468274.8137,20697.2748530619,31336.2043858881,2063531.0,22836399287.0488,22836399287.0488,11066.661604332,53.4691725500028,-0.525552285820783,8.962,53.6612160294144,73.0986599745829,18.0184247458794,48.9026039344045
SVN,2014,Slovenia,49514466379.6057,24013.0682060959,30571.9753019832,2061980.0,26921903660.0203,22299630571.4134,10814.6687026127,54.3717939998017,0.199343826570844,9.668,50.983470916748,71.5862515855601,17.5469496825326,47.6055386258521
SVN,2013,Slovenia,47867056858.8892,23236.9655321695,29634.0657611471,2059953.0,26629117309.4369,22049608240.7165,10703.9375367868,55.6314071866563,1.76920085881897,10.103,50.0466580754027,72.6756,17.1479957003396,46.4464612484058
SLB,2023,Solomon Islands,1506124566.40404,1882.64394148042,2599.03676008376,800005.0,1160415562.01904,1092667823.79039,1365.82624332396,77.0464533879558,5.88585897042164,1.443,30.0088821088389,28.67239952,3.62653756755422,69.461496422262
SLB,2022,Solomon Islands,1466670929.62333,1877.78104490956,2496.15153066833,781066.0,1038550080.56498,978854392.897751,1253.22878335218,70.8100269521057,5.51812928576938,1.475,29.3511689856806,28.01729965,3.62869463015929,70.5656141699441
SLB,2021,Solomon Islands,1558312103.84225,2043.44413170658,2450.18399709553,762591.0,1003308014.85361,904683382.833276,1186.32842878198,64.3842791427853,-0.115437894412839,0.879,28.6889396820578,26.03790092,3.65490567361425,71.6603938376208
SLB,2020,Solomon Islands,1536143427.82958,2063.32780991967,2405.69259474986,744498.0,966416482.405061,810798486.502456,1089.05394843567,62.9118651876482,2.96354992076065,0.868,28.0327555150022,24.1984005,3.70276347283673,72.7954880412204
SLB,2019,Solomon Islands,1619150563.92084,2223.65890942466,2512.01387970749,728147.0,966909776.458974,943399877.759879,1295.61733792748,59.7171009296111,1.63485544012247,0.746,27.275106750276,22.48880005,3.7418955238434,73.7821002386635
SLB,2018,Solomon Islands,1615473250.25259,2278.19908624102,2493.97675735682,709101.0,957871148.776392,922690239.067871,1301.21130708865,59.2935320115403,3.46147484973729,0.722,26.2946826684302,20.8593998,3.71667787804558,74.6188605833754
SLB,2017,Solomon Islands,1469790526.3972,2143.57670489272,2454.04671907288,685672.0,888172576.733241,858952707.678032,1252.7166162218,60.4285141849676,0.488686760261083,0.727,25.3830535769599,15.14840031,3.64059174108884,75.459072438253
SLB,2016,Solomon Islands,1379486290.71433,2082.62383124213,2421.18991110932,662379.0,865991985.811043,858198840.350439,1295.63111202263,62.7764111640871,0.512485626268792,0.736,24.5047424399707,11.00090027,3.57280618256782,76.2096173491104
SLB,2015,Solomon Islands,1307908813.59962,2045.47721526649,2353.78235282563,639415.0,829861754.517455,829861754.517455,1297.84530315594,63.4495116088033,-0.57446928635949,0.736,23.6630502067213,10.00049973,3.5178248868106,76.9089027717064
SLB,2014,Solomon Islands,1335576762.84974,2164.95289873002,2377.38397006085,616908.0,853091780.791271,810232323.23697,1313.3762623227,63.8744102563613,5.16590237925171,0.73,22.8612778264703,9.0,3.47831443262204,77.5836955583062
SLB,2013,Solomon Islands,1285905957.64116,2161.38627543917,2394.46788082843,594945.0,795059924.25503,785145625.87826,1319.69446903203,61.8287767881155,5.3913638858756,0.694,22.1027262484765,8.0,3.45527737858121,78.2467882651838
SOM,2023,"Somalia, Fed. Rep.",10958000000.0,596.885985135589,1556.89233845758,18358615.0,14078000000.0,10959872427.3631,596.987976890581,128.47234896879,,18.96,54.0714435506882,26.12010002,2.56456709833503,97.0182430549318
SOM,2022,"Somalia, Fed. Rep.",10203000000.0,573.141165798229,1486.23689665021,17801897.0,12683000000.0,10378084365.8538,582.976317965092,124.306576497109,,19.112,53.5010115886789,27.6,2.5418133808998,97.4850737162065
SOM,2021,"Somalia, Fed. Rep.",9483000000.0,549.056994756254,1392.31782053371,17271431.0,11539000000.0,9910035461.23595,573.781955950028,121.680902667932,,19.662,52.9060649733324,23.87479973,2.5370971711291,97.9709487089111
SOM,2020,"Somalia, Fed. Rep.",8628000000.0,518.16113333875,1454.26711848855,16651191.0,10827000000.0,9678465810.87431,581.247660355005,125.486787204451,,19.414,52.286318011754,15.02369976,2.53722999565707,98.2939485015647
SOM,2019,"Somalia, Fed. Rep.",8656000000.0,539.954816211694,1548.27250940098,16030971.0,10558000000.0,9748018532.71438,608.074116827632,121.973197781885,,18.828,51.6421170703225,2.731400013,2.51777325278675,98.6327632765507
SOM,2018,"Somalia, Fed. Rep.",7873000000.0,509.497273804534,1551.52773977473,15452487.0,9684000000.0,9677647543.55854,626.284140770256,123.002667344087,,18.7,50.9506215336872,,2.48885834651918,99.0066337746835
SOM,2017,"Somalia, Fed. Rep.",7621501710.0012,510.939952317726,1596.81409178022,14916629.0,9327401189.99975,9471576701.73759,634.967639252648,122.382721213065,,18.455,48.3639630032265,,2.46189328494081,99.5044564281167
SOM,2016,"Somalia, Fed. Rep.",6613743069.99912,460.928490585175,1468.50438474605,14348740.0,8157149440.00094,8200519088.6779,571.514926654041,123.336352102986,,18.611,45.942842729174,1.879999995,2.43113332599239,99.8839178350572
SOM,2015,"Somalia, Fed. Rep.",6152149099.99942,445.583080073396,1341.38999678728,13806963.0,7645037250.00146,7645037250.00146,553.708824308536,124.266124336977,,18.495,43.8618107408479,1.75999999,2.39233268053472,100.055871482839
SOM,2014,"Somalia, Fed. Rep.",5728399719.99958,429.431656725102,1127.71922200338,13339491.0,7125816059.9991,7040596989.96948,527.801022540476,124.394532649681,,18.595,42.3515167236328,1.629999995,2.36260888815023,100.2653241472
SOM,2013,"Somalia, Fed. Rep.",5062881600.00104,393.398703952979,944.404567280324,12869594.0,6398221420.00021,6474228551.53881,503.063931273886,126.375094768143,,18.655,41.2593474250273,1.5,2.35034988864645,100.550307457839
ZAF,2023,South Africa,381440724491.232,6034.27208964673,15212.2609596178,63212384.0,244863716821.306,241861157450.179,3826.16731319893,64.1944347048698,6.0752438457966,32.098,63.5823705163545,78.33670044,6.51509367622564,48.3679344695214
ZAF,2022,South Africa,407596043067.885,6534.24867783397,14746.7103701698,62378410.0,258499764640.829,241313835444.329,3868.54739395135,63.4205775637954,7.03987272546482,33.268,63.4766699210327,78.29319763,6.3616265627803,48.5504660443153
ZAF,2021,South Africa,419986284375.368,6828.75624590017,13681.9548144813,61502603.0,259652139183.221,235100789446.854,3822.61527120818,61.8239568393031,4.61874544887136,34.007,63.4503925883909,74.96859741,6.23462554910074,48.9162852048925
ZAF,2020,South Africa,337974655408.055,5580.60383075189,12671.0862436851,60562381.0,211713917263.423,221782807916.428,3662.05562354671,62.6419507722583,3.23238831615113,29.217,63.4373088310982,72.1128006,6.10948899119405,49.49614178865
ZAF,2019,South Africa,389330032224.269,6533.71121032856,13361.4851289112,59587885.0,249532768764.378,236247128918.412,3964.68391046959,64.0928641797245,4.10285075461156,28.468,63.4127255007908,69.69689941,5.94522019077183,50.0943393660016
ZAF,2018,South Africa,405260723892.517,6914.1780318076,13347.3634826038,58613001.0,259239863544.65,233257112793.807,3979.61388794625,63.9686622119852,4.50987264867388,26.906,63.3771545246841,62.40000153,5.77660923535215,50.6774275844496
ZAF,2017,South Africa,381448814653.456,6618.33508255701,13738.4385854596,57635162.0,240346972139.804,226106336608.97,3923.06239390757,63.0089707732236,5.18618655524149,27.035,63.3311078299936,56.16740036,5.62805566504697,51.2667885388625
ZAF,2016,South Africa,323585509674.481,5651.20585165749,13519.3235102376,57259551.0,204768369554.28,222295711043.315,3882.24684198651,63.2810689700761,6.60290842394872,26.536,63.2750973439347,54.0,5.47353488678247,51.0589576961171
ZAF,2015,South Africa,346709790458.563,6112.27382485974,13397.5234813346,56723537.0,220788691538.504,220788691538.504,3892.36467286065,63.6811239874379,4.51869094892506,25.149,63.2096349937231,51.91910172,5.36961143105032,50.7798142238484
ZAF,2014,South Africa,381198869776.106,6856.73137092522,13358.9417186608,55594838.0,242809614317.067,216125448524.395,3887.5092778289,63.6963101332591,6.13282953059149,24.89,63.1352327065742,49.0,5.3311549776334,51.1390115950153
ZAF,2013,South Africa,400886013595.573,7331.65467384919,13369.4382039605,54678791.0,256031197747.197,214580202702.597,3924.37723618645,63.8663333377077,5.78016910069176,24.561,63.0524024097034,46.5,5.28784272783352,51.4600302732864
SSD,2023,South Sudan,,,,11483374.0,,,,,2.38280434813754,12.374,21.0737755279692,,2.91238881534295,74.7150000182575
SSD,2022,South Sudan,,,,11021177.0,,,,,-6.68732094212668,12.475,20.7752121046616,,2.83579045886885,77.5880127024722
SSD,2021,South Sudan,,,,10865780.0,,,,,10.5167158294358,13.95,20.4811115270532,,2.76169313201629,79.8436920442961
SSD,2020,South Sudan,,,,10698467.0,,,,,29.6758435538572,14.246,20.1914565476286,,2.69393736504492,82.2145234543695
SSD,2019,South Sudan,,,,10423384.0,,,,,87.2413641500032,12.656,19.9062299188719,6.671000004,2.62643590603589,85.8298504519708
SSD,2018,South Sudan,,,,10122977.0,,,,,83.5015294922,12.853,19.6254143932663,4.800000191,2.56144511639214,90.3713218078454
SSD,2017,South Sudan,,,,10259154.0,,,,,187.851630279442,12.983,19.3489927232944,4.1,2.52351716932591,90.731383102336
SSD,2016,South Sudan,,,,10830102.0,,,,,379.999585624026,12.854,19.0769476614377,3.5,2.51922835075791,86.0953541551969
SSD,2015,South Sudan,11997800760.2242,1080.14718624765,1154.88686304107,11107561.0,,,,,52.7663304192143,12.464,18.8092619601773,3.0,2.53487680441832,83.8812631029683
SSD,2014,South Sudan,13962212847.4576,1242.73450181032,1372.75618491146,11235073.0,,,,,1.6742990629552,12.561,18.5459183719929,2.599999905,2.55865282578283,81.8933067907365
SSD,2013,South Sudan,18426469016.9492,1650.18943353528,1916.8535588619,11166275.0,,,,,-0.0580909784225664,12.665,18.2868996493633,2.200000048,2.56814817080234,79.9449606897753
ESP,2023,Spain,1619481980719.64,33493.2225409111,55661.317481747,48352528.0,897514593096.094,770636659303.582,15937.8773185051,55.41985670611,3.53236133492433,12.179,80.128491001856,95.44564516,20.6537075238774,51.3142228402432
ESP,2022,Spain,1448850658406.62,30319.4987196616,51482.523634807,47786102.0,816954080414.4,757170564826.336,15844.9953676141,56.386355327529,8.39057634118637,13.033,79.9548794567814,94.4855432,20.1879992491906,51.0206958838906
ESP,2021,Spain,1461244901852.69,30799.4775937775,44251.6658222621,47443821.0,820300186717.041,721742038106.98,15212.5613598234,56.1370777531539,3.09313511976402,14.914,79.7846242983598,93.89752157,19.8133822943511,50.8789437442103
ESP,2020,Spain,1289783836971.21,27233.9426461608,39327.8479269599,47359424.0,723722867336.967,673862000240.917,14228.6781241452,56.1119504363212,-0.322753017299649,15.532,79.6955674617799,93.20564892,19.5596160856506,50.9641870731648
ESP,2019,Spain,1403496387686.27,29786.5245689007,44042.757577336,47118501.0,806049633921.567,766374133109.869,16264.8241528284,57.4315431798422,0.699518994458648,14.104,79.6349761108307,90.718665325267,19.3818276285973,51.1273134809275
ESP,2018,Spain,1431642809327.06,30602.4212881113,41015.1565755187,46782011.0,831826566161.568,757724650691.338,16196.9234433154,58.1029402545295,1.67498136863799,15.255,79.5580057813361,86.107235525659,19.2023408408683,51.21278722932
ESP,2017,Spain,1321754088818.83,28381.3425596906,39825.2498116292,46571232.0,771337269844.707,744811578574.553,15992.9541605117,58.3570935297054,1.95607633363954,17.224,79.4663233085683,84.6022457016524,18.9928200430073,51.0879864250854
ESP,2016,Spain,1243015667917.12,26755.6061149398,37612.7188681342,46458139.0,722295236543.582,722582206693.066,15553.4040374081,58.1082970381142,-0.202598000426358,19.635,79.3615955277997,80.5613329432179,18.7673388766097,50.7968795026243
ESP,2015,Spain,1206164777553.12,25982.4416197775,35228.6333036223,46422303.0,703879415864.062,703879415864.062,15162.5268540439,58.3568206403756,-0.500365709903243,22.057,79.2454892743023,78.6896318703515,18.5417546078088,50.463152001926
ESP,2014,Spain,1380244561361.96,29707.765509467,33760.9555646369,46460733.0,818910467964.311,683406953481.58,14709.3450609481,59.3308237459202,-0.151114837527235,24.441,79.1196713833488,76.1867089778712,18.2556448430349,49.9405636720981
ESP,2013,Spain,1362186923157.65,29228.846559842,32613.6891811474,46604197.0,803676100362.355,671749880225.768,14413.935299127,58.9989587111418,1.40858109183009,26.094,78.9858086902112,71.635,17.850818523935,49.0823130564992
LKA,2023,Sri Lanka,84080307355.5983,3815.41531767474,14512.1432202455,22037000.0,59804035630.0427,58644660508.542,2661.19074776703,71.1272799909202,16.5411742279832,4.528,20.1455348442463,51.2,11.7387099915518,51.745033375023
LKA,2022,Sri Lanka,74143020303.663,3342.63650438046,14191.4051912109,22181000.0,51204425865.633,59252375640.0984,2671.312187913,69.0616940824884,49.7211021114327,4.528,19.9877933196367,48.3,11.3824347880542,51.6823190565539
LKA,2021,Sri Lanka,88556699052.2008,3996.96240531688,14316.1352225567,22156000.0,54197973296.9659,58551568386.9185,2642.6958109279,61.2014380357811,7.01478071238195,4.981,19.8266275195269,44.45308724,11.0456449788576,51.6567798164786
LKA,2020,Sri Lanka,84335574372.2997,3847.60136741182,12940.9043296014,21919000.0,53051130744.8575,57014490041.4704,2601.14467090061,62.9048075378761,6.15394508391738,5.364,19.6621898312161,36.18473435,10.7157108470966,51.6372974759332
LKA,2019,Sri Lanka,88998706177.9986,4081.94772178134,14112.9525042604,21803000.0,55799694352.0991,60501717567.291,2774.92627470032,62.6971972384621,3.52839358231811,4.67,19.4946326418437,32.02090073,10.3754608627101,51.5839384848559
LKA,2018,Sri Lanka,94450015982.806,4358.56095905888,14178.0225361835,21670000.0,56907048766.5843,58272766251.9213,2689.0985810762,60.2509678526088,2.135037737132,4.318,19.3241083384127,28.33620071,10.0359733858419,51.4899106111657
LKA,2017,Sri Lanka,94369350439.4732,4398.88828786059,13610.4723136277,21453000.0,55783753040.3547,55639317753.6527,2593.54485403686,59.1121511174684,7.70413767850602,4.046,19.1507693078088,25.07550049,9.69368587386127,51.3380576186543
LKA,2016,Sri Lanka,88000210878.1236,4149.19189391879,13078.5605089011,21209000.0,54736250880.8881,55978039088.8953,2639.35306185559,62.2001360391004,3.9588884659307,4.242,18.9747679368162,22.19,9.34550801437968,51.1118501999851
LKA,2015,Sri Lanka,85090300895.6546,4057.71582716521,12227.171484965,20970000.0,54410778716.5789,54410778716.5789,2594.69617151068,63.9447482778353,3.76836783062096,4.519,18.796256612131,15.26249981,8.99054561576392,50.7918658678604
LKA,2014,Sri Lanka,82531125461.843,3972.04377042271,11720.5978109851,20778000.0,,,,,3.1790022823606,4.157,18.6153877203724,10.5000026214106,8.63567606310462,50.3938229236869
LKA,2013,Sri Lanka,76976204074.978,3739.43182292825,11252.6311492148,20585000.0,,,,,6.90845034828452,4.186,18.4323136480916,10.04440022,8.29233506128403,49.9684545344603
KNA,2023,St. Kitts and Nevis,1055651851.85185,22576.9248439166,34007.6371717125,46758.0,,,,,3.55711230848243,,31.7007809622822,76.58950043,10.6965652936396,40.908269045323
KNA,2022,St. Kitts and Nevis,981429629.62963,21011.5744209816,31865.8304697944,46709.0,,,,,2.66817533111249,,31.6156404983167,75.76229858,10.2356051766771,40.4781954887218
KNA,2021,St. Kitts and Nevis,858622222.222222,18361.1449697886,26896.6177065978,46763.0,,,,,1.195688870384,,31.5393525093972,74.37159729,9.86570579304151,40.2188905547226
KNA,2020,St. Kitts and Nevis,883922222.222222,18859.0190361046,27326.036057423,46870.0,,,,,-1.16724501769353,,31.4716289738952,70.27529907,9.43567313846811,39.8645220972218
KNA,2019,St. Kitts and Nevis,1107855555.55556,23595.4923231291,32482.094417215,46952.0,,,,,-0.329562063663977,,31.4121818392285,69.43499756,8.95605039242623,39.4185942928408
KNA,2018,St. Kitts and Nevis,1076548148.14815,22901.3816403197,30794.8986482634,47008.0,,,,,-1.03712214131572,,31.3607229995076,68.60479736,8.52824489188126,39.0810379005296
KNA,2017,St. Kitts and Nevis,1056977777.77778,22464.9899633959,29578.6311625727,47050.0,,,,,0.694916711613604,,31.3169642505921,67.78440094,8.15187936366245,38.9187433565608
KNA,2016,St. Kitts and Nevis,1006818518.51852,21387.5415511103,28214.709934443,47075.0,,,,,-0.687037123294039,,31.2806171906169,66.97389984,7.84607377667314,38.9914080722785
KNA,2015,St. Kitts and Nevis,957222222.222222,20328.8003530109,26877.4665031101,47087.0,,,,,-2.30187563045616,,31.2513929695583,66.17310333,7.62091850278736,39.3725025899068
KNA,2014,St. Kitts and Nevis,952111111.111111,20219.3954237956,26755.5969780771,47089.0,,,,,0.247865392364942,,31.2290015317909,65.38179779,7.48051561935909,40.1166423661737
KNA,2013,St. Kitts and Nevis,874548148.148148,18580.1301949935,24624.4362309063,47069.0,,,,,1.10698554000129,,31.2131485582887,64.59999847,7.40189933926788,41.06875262243
LCA,2023,St. Lucia,2441259259.25926,13616.6397593734,26253.9280339233,179285.0,,,,,3.81914546156358,12.094,29.0976313248036,67.44390106,9.29807094310997,37.3031797573827
LCA,2022,St. Lucia,2319888888.88889,12976.1489693474,24433.7034481087,178781.0,,,,,9.65268564265764,15.934,29.097678526676,66.95159912,9.00319385169565,37.3336918113381
LCA,2021,St. Lucia,1871111111.11111,10481.1233971786,19141.3272253168,178522.0,,,,,2.41070312174393,20.514,27.4443458949551,63.06330109,8.83336507545289,37.5256143594484
LCA,2020,St. Lucia,1521740740.74074,8537.11495506727,15135.6187398708,178250.0,,,,,-1.75580833517594,25.224,25.7524386560998,62.06399918,8.70909198010665,37.8225201611344
LCA,2019,St. Lucia,2090074074.07407,11764.3944032403,18662.8504698815,177661.0,,,,,0.539087559191757,15.613,24.2476974658382,61.08050156,8.52717105281673,38.129966256667
LCA,2018,St. Lucia,2060955555.55556,11642.6984727769,17433.3010328737,177017.0,,,,,1.93561893150602,19.329,22.9261241055144,60.11259842,8.36586316568465,38.5420905988793
LCA,2017,St. Lucia,1998503703.7037,11333.1123822102,16130.9721097011,176342.0,,,,,0.104262078958441,19.136,21.783720356472,59.16009903,8.22379240339794,39.0542202876609
LCA,2016,St. Lucia,1868544444.44444,10638.1269396653,15306.7258058706,175646.0,,,,,-3.07821765676927,19.932,20.8164880000551,58.22259903,8.10009906288786,39.7253953606771
LCA,2015,St. Lucia,1807640740.74074,10334.9860823918,14353.2224845845,174905.0,,,,,-0.983600952696996,20.84,20.0204288176073,57.26330185,7.98807349153395,40.5807934670782
LCA,2014,St. Lucia,1749185185.18518,10044.8218377677,14403.0832732506,174138.0,,,,,3.51695551369241,21.583,19.3915445904726,53.17969894,7.87677624419643,41.5425756738303
LCA,2013,St. Lucia,1660392592.59259,9577.21733754358,14009.9844560139,173369.0,,,,,1.46856511035428,22.21,18.9258370999948,49.3871994,7.75948341249996,42.5435350994031
MAF,2023,St. Martin (French part),,,,27515.0,,,,,,,100.0,,17.2036562539752,62.1677373725467
MAF,2022,St. Martin (French part),,,,28870.0,,,,,,,100.0,,16.34540447862,59.5115752251506
MAF,2021,St. Martin (French part),649206262.847519,21668.3776525323,,29961.0,,,,,,,100.0,,15.8556122959848,58.6130227633669
MAF,2020,St. Martin (French part),,,,31786.0,,,,,,,100.0,,18.1432077015038,60.0584118032126
MAF,2019,St. Martin (French part),652206037.103874,19033.0649634889,,34267.0,,,,,,,100.0,,16.2097091911926,57.1061800843572
MAF,2018,St. Martin (French part),,,,36012.0,,,,,,,100.0,,10.2785182716872,51.4127144298688
MAF,2017,St. Martin (French part),,,,36837.0,,,,,,,100.0,,8.11129962673906,50.3428291568035
MAF,2016,St. Martin (French part),,,,37175.0,,,,,,,100.0,,7.55077336919973,50.5609331335304
MAF,2015,St. Martin (French part),,,,37369.0,,,,,,,100.0,,7.0339051085124,50.4166163506823
MAF,2014,St. Martin (French part),772921958.529509,20638.7705882379,,37450.0,,,,,,,100.0,,6.63809561955114,50.4438998915358
MAF,2013,St. Martin (French part),,,,37419.0,,,,,,,100.0,,6.31104934724802,50.4140204196479
VCT,2023,St. Vincent and the Grenadines,1072237037.03704,10582.3656725229,19836.205036664,101323.0,,,,,4.56457719814894,18.348,47.7169922340041,75.53679657,11.5630782896198,49.7221975943494
VCT,2022,St. Vincent and the Grenadines,989188888.888889,9693.55867833025,18032.4150562634,102046.0,,,,,5.66009779226552,19.277,47.585897833353,74.75479889,11.2434588322913,49.5822339489886
VCT,2021,St. Vincent and the Grenadines,888677777.777778,8641.27904024443,16200.8994597845,102841.0,,,,,1.57272932500558,20.356,47.4554100739049,68.83339691,10.966929531996,49.3515735052789
VCT,2020,St. Vincent and the Grenadines,864566666.666667,8351.20324040982,15336.5987771764,103526.0,,,,,-0.628131309354654,20.635,47.3255171858432,63.38100052,10.7774858489655,49.2905142329767
VCT,2019,St. Vincent and the Grenadines,910481481.481481,8740.59425232061,15339.5560281064,104167.0,,,,,0.91306972532459,19.248,47.1962073993512,59.57630157,10.5407662695479,49.2641896055139
VCT,2018,St. Vincent and the Grenadines,884329629.62963,8428.12677153069,14689.8500710886,104926.0,,,,,2.32414485367921,19.005,47.0674689446123,56.0,10.2353086937461,49.1817729437691
VCT,2017,St. Vincent and the Grenadines,844040740.740741,7988.04445019298,13575.4319769513,105663.0,,,,,2.15333648840511,19.024,46.9392900518098,53.70000076,9.97085072352669,49.2745638200184
VCT,2016,St. Vincent and the Grenadines,814303703.703704,7656.90042881178,13493.4773120997,106349.0,,,,,-0.149641647633284,19.029,46.8116589511271,51.5,9.73826617206637,49.489752888589
VCT,2015,St. Vincent and the Grenadines,786555555.555555,7353.73556054184,12378.842727428,106960.0,,,,,-1.73361194953959,19.135,46.6845638727475,49.40000153,9.52645848915482,49.7577777155498
VCT,2014,St. Vincent and the Grenadines,770900000.0,7168.82875342911,12135.5830510291,107535.0,,,,,0.193858560794015,19.237,46.5579930468544,47.4,9.32068628818524,50.0830414090522
VCT,2013,St. Vincent and the Grenadines,764781259.259259,7072.46737188939,11624.8625142076,108135.0,,,,,0.805127804267928,19.356,46.4319347036311,43.5,9.13159878115882,50.4912739722214
SDN,2023,Sudan,39898289820.7951,797.283447265625,2422.6533203125,50042791.0,32181978133.8124,31233216502.0062,624.130187988281,80.6600440228371,,,34.7960076976764,,3.21166042888835,78.129580689837
SDN,2022,Sudan,51666875363.0963,1046.24084472656,3354.84643554688,49383346.0,41088459740.7518,43621810779.6417,883.330383300781,79.5257298839862,138.80846024176,7.53,34.7209852053086,,3.12501104243737,78.6892450691913
SDN,2021,Sudan,34229513774.9936,712.122009277344,3248.9755859375,48066924.0,29165651732.8049,43960305124.137,914.564575195313,85.2061525750094,359.093040778999,11.087,34.6421563427994,,3.05363725791981,79.3162930043441
SDN,2020,Sudan,27034593750.0,577.795227050781,3348.57836914063,46789231.0,21485079246.0106,44337436539.0288,947.599182128906,79.4725433816095,163.257782355458,11.995,34.5594433789246,,2.98989739754432,79.9333278187227
SDN,2019,Sudan,32338079165.2893,709.975280761719,3914.2255859375,45548175.0,28594854990.0826,45896168115.2711,1007.64013671875,88.424717015275,50.9940515002965,11.697,34.4727685824236,,2.9179533217527,80.4985049329979
SDN,2018,Sudan,32333780383.2924,731.027465820313,4199.25048828125,44230596.0,29105211850.1228,46160362749.5075,1043.62963867188,90.0148745525661,63.2925073455888,12.347,34.382054222005,,2.84336548392882,81.3342577442889
SDN,2017,Sudan,41283617976.1905,966.505676269531,4252.42138671875,42714306.0,34065019047.619,47199191437.6593,1104.99731445313,82.5146164933155,32.3516260968437,13.0,34.2872225663509,18.60000038,2.77804346419624,82.9096453636308
SDN,2016,Sudan,42630376000.0,1033.21594238281,4470.35498046875,41259892.0,36258813333.3333,46336118157.9693,1123.03051757813,85.0539374396635,17.750253831196,13.656,34.1881958841213,14.0999999446534,2.72096931324978,84.6398651758502
SDN,2015,Sudan,51726758676.7677,1292.37963867188,4217.01025390625,40024431.0,44129636363.6364,44129636363.6364,1102.56750488281,85.3129743531689,16.9095706050977,14.39,34.0914394628597,12.0,2.67303734220435,85.9877638060761
SDN,2014,Sudan,49516748617.9775,1275.43835449219,4260.57177734375,38823318.0,42663415730.3371,42390372212.6373,1091.87915039063,86.1595660480174,36.9066427863595,15.41,33.7624582408117,,2.63940603943228,87.4735853605784
SDN,2013,Sudan,43024018082.1918,1138.62780761719,3724.9599609375,37785849.0,34883972602.7397,38536701968.1269,1019.87127685547,81.0802295036657,36.5223449139154,16.273,33.4264777958103,,2.61606008397562,88.6212641998145
SUR,2023,Suriname,3472693412.08497,5521.97602122638,21127.5975244081,628886.0,,,,,51.5873159600861,7.699,65.7562408447266,87.4,7.62149260756322,50.5295811461931
SUR,2022,Suriname,3791603200.0259,6084.43876736445,20075.6544534114,623164.0,,,,,52.446027276241,7.973,65.8985443115234,,7.3556078335719,50.6267614825701
SUR,2021,Suriname,3107923197.96954,5029.84838543953,18458.234999681,617896.0,,,,,59.1196626251977,8.706,65.9853973388672,,7.164393360695,50.8451694489066
SUR,2020,Suriname,2911807496.20227,4755.39221710693,16946.8942361914,612317.0,,,,,34.889784309078,8.973,66.00830078125,,6.98356160580353,51.0956145805573
SUR,2019,Suriname,4016040575.08796,6629.66775248603,19771.5473885151,605768.0,,,,,,7.755,66.0370492311305,62.03350067,6.77123915426368,51.3678297634159
SUR,2018,Suriname,3996198866.57453,6665.74180472239,17855.4787141437,599513.0,,,,,,7.817,66.0693060442846,55.10210037,6.58676841600467,51.7426585604147
SUR,2017,Suriname,3591679430.99988,6049.52128553675,17567.6802396432,593713.0,,,,,21.9969430173304,7.905,66.1046467051207,48.94520187,6.40865199178728,52.1853252162768
SUR,2016,Suriname,3317421648.09918,5644.2061057532,14475.3069644921,587757.0,,,,,55.4123879763196,7.917,66.1426466980469,45.40000153,6.2495214859202,52.7446939555142
SUR,2015,Suriname,5126237646.22072,8813.61705392067,16543.5743051372,581627.0,,,,,6.89390359168238,7.22,66.1828815074718,42.76380157,6.12626305174966,53.4028748516418
SUR,2014,Suriname,5240606060.60606,9108.18905406764,16597.5853539637,575373.0,,,,,3.38341272749477,6.94,66.2249266178037,40.08000183,6.0403425256312,54.1140452613281
SUR,2013,Suriname,5145757575.75758,9043.19281529222,16172.6961959961,569020.0,,,,,1.92343604108305,6.6,66.2683575134509,37.40000153,5.98590559207058,54.8395874717679
SWE,2023,Sweden,578990915246.07,54950.2834725622,68457.9015289277,10536632.0,263717291546.63,263090779391.506,24969.1532732192,45.5477425642423,8.5486248974891,7.611,88.631216160938,95.70327461,20.5364235623884,60.7360556550349
SWE,2022,Sweden,575071237640.921,54836.8907235124,66517.6358713011,10486941.0,263523114747.248,267392713762.948,25497.6845738855,45.8244296529735,8.36929098869189,7.417,88.4038576504809,95.00970335,20.3419018248482,60.8510659836657
SWE,2021,Sweden,631693331300.776,60647.5416365347,62190.8526983825,10415811.0,283274774210.839,260166703182.698,24978.0553029139,44.8437176988276,2.16319736447143,8.803,88.1741651958315,94.6703163,20.1967832299352,60.893031225029
SWE,2020,Sweden,544265668451.678,52568.5726980146,57396.2588780383,10353442.0,244238167585.75,246246471563.319,23784.0199967624,44.8748068715333,0.497367318853572,8.291,87.9424046895699,94.53943122,20.0599853974717,60.7610678252936
SWE,2019,Sweden,530894124494.418,51648.9892820514,56909.753155728,10278887.0,243203857191.781,253856163152.549,24696.8531858117,45.8102371020568,1.78415097403835,6.833,87.7088420242759,94.4934434072202,19.9506621429353,60.5841239468728
SWE,2018,Sweden,549649344043.182,54018.4554391861,52962.1832555021,10175214.0,257238111471.724,251877113520.21,24753.986846882,46.8004036136017,1.95353530127028,6.365,87.4737430925296,89.2469631588137,19.8625371600706,60.3159015203771
SWE,2017,Sweden,535172356784.769,53210.2233318965,51386.5907915775,10057698.0,250381196013.153,247211968424.718,24579.3787430005,46.7851511459605,1.79449904665599,6.718,87.237373786911,93.0062669652127,19.8018336203973,59.9437746878275
SWE,2016,Sweden,513058312950.939,51703.5088332851,50176.3328538836,9923085.0,239725998331.774,241174876371.867,24304.4251230204,46.7249028581081,0.984269244577992,6.99,87.0,89.6509476102355,19.773834861054,59.4873080659899
SWE,2015,Sweden,501602351911.6,51188.1652120493,48762.7456496975,9799186.0,236078432224.912,236078432224.912,24091.6370221885,47.0648575161619,-0.0467847449832812,7.432,86.6158654081858,90.6101966398616,19.6982615865952,58.8360981487734
SWE,2014,Sweden,577727767303.596,59583.4584491714,46841.2010746944,9696110.0,275774710911.361,226602660704.133,23370.471323462,47.7343701512691,-0.179638494114635,7.954,86.2563838747314,92.5236065037579,19.5210692673755,57.9349102431268
SWE,2013,Sweden,584125353119.18,60843.9888799369,46098.0140634307,9600379.0,279954395462.266,220230053018.607,22939.7248815497,47.9271091328828,-0.044292970148682,8.052,85.9249771259894,94.7836,19.2744218602549,56.8428650266998
CHE,2023,Switzerland,928435275851.707,104449.75451772,93939.7784980038,8888822.0,453113313448.119,402404623481.285,45270.8608048721,48.8039743031577,2.13540088016387,4.043,85.1854212679815,97.34436623,19.6113808360035,52.9575219043034
CHE,2022,Switzerland,858479038993.75,97809.095567203,94629.7224204886,8777088.0,414061851686.029,396823151598.651,45211.2536183585,48.2320281426281,2.83502798644451,4.122,84.9206266284521,96.45279694,19.2186649457438,52.1817146235677
CHE,2021,Switzerland,840710023481.35,96582.8687080693,83524.9832880195,8704546.0,403202051768.397,378399587853.565,43471.4903974963,47.9597055473124,0.581814168489856,5.013,84.2006477608879,95.56937154,18.9280297681521,51.5313032476218
CHE,2020,Switzerland,756096180222.082,87529.7016394892,74384.6631232325,8638167.0,382910730066.305,370346128457.655,42873.2309131851,50.6431245233689,-0.725874933313403,4.817,82.3416838515457,94.34999847,18.75153888659,51.065235905893
CHE,2019,Switzerland,736384764156.877,85872.9702303454,75267.0079269626,8575280.0,377352973258.534,384817898626.645,44875.2575573794,51.2439952082095,0.362886179940674,4.394,80.7792907322229,93.1460869535177,18.582145616847,50.6327775355631
CHE,2018,Switzerland,740766531453.991,87002.3382293532,72169.4717767024,8514329.0,379625855504.235,379441278241.938,44565.0242364299,51.2477061779638,0.936335464113572,4.713,79.2922201625844,91.80000305,18.3875840156537,50.0937300468879
CHE,2017,Switzerland,706660443624.485,83610.248611484,69317.5993921633,8451840.0,372482136709.461,379129743214.024,44857.6574111701,52.7102005029442,0.533787839825876,4.797,77.9126273688843,89.6861476710225,18.2004755827912,49.5416264215968
CHE,2016,Switzerland,698607778794.566,83432.4111596314,68399.5779033573,8373338.0,364239599997.99,373689757817.174,44628.5290068518,52.1379250352005,-0.434618664285815,4.918,76.6726675773771,89.1346877351392,18.0385893516831,49.0641186682788
CHE,2015,Switzerland,706199008878.656,85265.06205193,66418.7989292294,8282396.0,368833743622.252,368833743622.252,44532.2517327415,52.228017737933,-1.14390867228178,4.801,75.6044960143169,87.4790555978675,17.8893566752222,48.6938829442498
CHE,2014,Switzerland,741168119616.628,90511.6484558843,64694.0744212256,8188649.0,384156888805.093,360283853537.956,43997.9602908802,51.8312753392306,-0.0132025387515946,4.826,74.7402679059582,83.6172512621702,17.7142281195699,48.352481328327
CHE,2013,Switzerland,718748402259.576,88851.2374497983,62748.9298592904,8089346.0,376843439476.282,357058838354.935,44139.3949962006,52.4305081293502,-0.217323155115673,4.747,74.1121384785551,86.34,17.5205488628266,47.9964075495613
SYR,2023,Syrian Arab Republic,,,,23594623.0,,,,,,13.27,72.1673803143204,,4.68683691195235,53.8991071034884
SYR,2022,Syrian Arab Republic,23737634644.3994,1056.78264718197,4905.15252202552,22462173.0,27118984509.2228,5441008184.62704,242.229822761451,114.244679031747,,13.245,72.6124992370605,,4.66656330771211,57.7320812518306
SYR,2021,Syrian Arab Republic,14892885528.1402,688.566109726934,4765.52911357702,21628839.0,11551331891.4369,6127963189.54566,283.323722995287,77.5627521584756,,14.887,73.0125007629395,,4.61846785630824,61.2276125344165
SYR,2020,Syrian Arab Republic,12501503673.2425,593.911771822527,3878.42802993832,21049429.0,11204004171.2967,4917407834.42136,233.61240983883,89.6212524840281,,15.179,73.4125031102512,,4.54759604167885,64.3008702952672
SYR,2019,Syrian Arab Republic,22583046644.6891,1109.53933821464,3502.17536117799,20353534.0,21052080780.9456,8475116825.5353,416.395345669961,93.2207293026889,13.4175653228571,13.369,73.8248788261986,,4.4946862790511,68.3491350011588
SYR,2018,Syrian Arab Republic,21497779247.9835,1098.06667935023,3455.89168825346,19577845.0,20601638114.1138,6119259464.71598,312.560420450564,95.8314711322859,0.940983843906769,13.505,74.0612602381775,33.77000046,4.46661775083008,73.6166493104807
SYR,2017,Syrian Arab Republic,16369842725.4718,851.501972646386,3265.07016871603,19224668.0,15863931845.0136,9980074443.68377,519.128571878785,96.909494556896,18.0752696281771,13.603,74.5395596323392,32.70000076,4.39669751384003,77.6378005722762
SYR,2016,Syrian Arab Republic,12597854088.3602,656.349017520952,,19193834.0,12489813834.7888,15535902953.0413,809.421554497205,99.1423916103995,47.7051615298923,13.798,75.15400963398,31.8696003,4.29243069134678,80.1246656652147
SYR,2015,Syrian Arab Republic,16466861435.0236,847.731545352582,,19424618.0,15284035842.4333,15284035842.4333,786.838425467793,92.816933589576,38.4611429599733,14.244,75.7529067188542,29.97979927,4.16985034145845,80.9126541140768
SYR,2014,Syrian Arab Republic,21502061466.067,1060.59105887433,,20273659.0,24162433577.2383,22923673157.2231,1130.71217964271,112.3726374579,10.9271141804297,14.782,76.0,28.09000015,3.98945498688717,77.7771171894011
SYR,2013,Syrian Arab Republic,21361254634.9336,985.892669221634,,21666917.0,20416775827.8755,27399644280.8147,1264.58435599373,95.5785424442554,40.0318378290723,14.5,73.0620491886137,26.20000076,3.75405730879808,71.6990633976703
TJK,2023,Tajikistan,12244169292.7998,1178.47990060249,4967.6740543988,10389799.0,10968373441.8981,10363553224.6542,997.473889981338,89.5803805028083,,7.037,26.1890127571429,54.41550064,3.65005635094848,67.1019442904471
TJK,2022,Tajikistan,10713525200.3998,1052.17949484894,4513.4597158968,10182222.0,9388858293.50267,9504992987.83751,933.489074176296,87.6355645586415,,7.051,26.1957126615618,48.91429901,3.47287654894973,66.8418998393555
TJK,2021,Tajikistan,8937805347.13963,896.748053372182,3985.91247611219,9966908.0,7183214915.75182,8231940282.16465,825.927186461905,80.3688896407961,,7.687,26.1991525151375,36.70560074,3.33981193867687,66.3779272694554
TJK,2020,Tajikistan,8133963550.65742,834.311715460625,3653.95976759112,9749310.0,6311728936.27963,7869841720.36194,807.220379735791,77.5972119492653,,7.576,26.1925442328719,27.54409981,3.26006644264741,65.849974933617
TJK,2019,Tajikistan,8300813599.3084,871.022372934846,3459.97365083434,9529966.0,6328685978.2,7618650026.13921,799.441469795297,76.2417551302114,,7.026,26.1300735473633,22.68630028,3.18626005591206,65.3067752248518
TJK,2018,Tajikistan,7764999999.45362,834.288404578801,3069.10385079592,9307333.0,5933615168.34318,7258155387.73955,779.831922607642,76.4148766099252,,7.028,26.2338752746582,32.59999847,3.10246232728538,64.8775137072655
TJK,2017,Tajikistan,7536402852.85802,829.45714764957,3017.00314887354,9085946.0,6062241410.3256,6978566889.9864,768.061673488528,80.4394553832353,,7.035,26.2731513977051,21.95999908,3.03561676461647,64.645778430695
TJK,2016,Tajikistan,6992416096.89018,788.710481734485,2913.85679547445,8865631.0,5572972334.86585,6669790464.3216,752.319881610413,79.7002389109021,6.00458082322139,7.036,26.3718509674072,20.46999931,2.98491444094617,64.6316867686227
TJK,2015,Tajikistan,8271431485.07484,956.916310930656,2975.47097476092,8643840.0,5892115953.66436,5892115953.66436,681.654907270884,71.2345373868625,5.7145594964971,7.033,26.478832244873,18.97999954,2.95521434917814,64.6546579324183
TJK,2014,Tajikistan,9112605459.32845,1081.54402932039,3151.72452793203,8425552.0,9401391414.03043,6919151659.538,821.210486807037,103.169082168551,6.10442765129667,7.024,26.5633735656738,17.48999977,2.94940913070147,64.7981575112711
TJK,2013,Tajikistan,8448411318.25417,1028.19704279396,2918.56048007357,8216724.0,9852372879.32811,6795621834.12627,827.047596356683,116.618054071781,5.00964645344951,7.019,26.4883155822754,16.0,2.96639530343208,65.215142797166
TZA,2023,Tanzania,79030935638.1317,1224.00219726563,4021.82885742188,66617606.0,42771068542.6304,38572798800.647,597.401428222656,54.1194004566407,3.79923291384916,1.565,35.4748019434954,28.43190002,3.04319999848689,84.3899011707131
TZA,2022,Tanzania,75749121846.9703,1207.52062988281,3799.26000976563,64711821.0,41558800100.976,37742464579.9193,601.654541015625,54.8637384667427,4.35027204269101,1.573,34.8234736377147,26.86059952,3.03504980952398,85.0182361204846
TZA,2021,Tanzania,70655628147.8986,1159.85656738281,3493.0830078125,62830412.0,38180519375.7943,36082662122.2752,592.319580078125,54.0374778013064,3.69091958802199,1.876,34.3500111758619,22.87540054,3.02778931323895,85.737762820315
TZA,2020,Tanzania,66068737786.0639,1117.41528320313,3290.60986328125,60972798.0,36047221546.5279,35271419474.387,596.542663574219,54.5601789204022,3.29029062798325,1.792,33.8547246036273,19.48139954,3.01899055886357,86.5379845130098
TZA,2019,Tanzania,61026731925.9213,1063.32250976563,2981.87451171875,59174891.0,35797781152.7352,34940640880.6972,608.801574707031,58.6591810228166,3.46428057999021,1.735,33.3475258518752,16.59090042,3.00234097600619,87.2431978937846
TZA,2018,Tanzania,57003712892.0858,1023.10626220703,2727.88012695313,57437145.0,34132783090.4573,33878886963.4717,608.060424804688,59.8781752253128,3.49445848856181,1.792,32.8287423010834,15.49069977,2.982650016663,87.7810296358629
TZA,2017,Tanzania,53274884532.7886,986.674011230469,2472.4931640625,55652890.0,31904214565.5594,31899945447.9674,590.800842285156,59.8860323121369,5.31871605228931,1.854,32.2987013317296,14.46339989,2.96645421288993,88.4175088164829
TZA,2016,Tanzania,49774409374.4538,953.0107421875,2434.69995117188,53824013.0,29827734726.019,30618273123.9507,586.23583984375,59.9258436230241,5.17476629301493,1.931,31.7577303242916,13.5042328468919,2.95556650523252,89.3048051417289
TZA,2015,Tanzania,47413919817.124,939.127319335938,2317.27978515625,52020962.0,30279416170.7782,30279416170.7782,599.744262695313,63.8618707070966,5.58816952959298,2.009,31.2061566592472,10.0,2.94766271335005,90.382069839357
TZA,2014,Tanzania,49986726460.6805,1022.74841308594,2221.1796875,50351512.0,32766367779.2599,28494882989.8438,583.016662597656,65.5501372049915,6.13161432988012,2.125,30.6443077170742,7.0,2.93573510697886,91.2304392041999
TZA,2013,Tanzania,45648857242.315,963.05712890625,2176.21655273438,48824128.0,30551128872.3436,27047990625.1643,570.633361816406,66.9263826478086,7.87072364573959,2.93,30.0725108782502,4.400000095,2.91360653780026,91.7543640263095
THA,2023,Thailand,517013369475.121,7210.54130832685,23598.3745068685,71702435.0,295970808043.138,268954121510.661,3750.97612111305,57.2462581274467,1.22908986612448,0.733,60.9341926574707,89.53525238,14.7182560815403,42.4662473757894
THA,2022,Thailand,495691837308.033,6910.00995211206,22245.6387597542,71735329.0,270572239802.518,252062465555.01,3513.78419906613,54.584768083316,6.07589952842433,0.94,59.742374420166,87.97724503,14.0967841661394,41.9038541372374
THA,2021,Thailand,506049783824.94,7055.18760721422,20236.9760408784,71727332.0,264434481270.702,237150637891.521,3306.27992536403,52.2546377299075,1.23104516549814,1.215,58.5087776184082,85.26956666,13.4920297885888,41.4084358543198
THA,2020,Thailand,500274927778.532,6983.03412836245,19156.5820127644,71641484.0,265483025913.896,235728399546.326,3290.38967906256,53.0674257638239,-0.846087518861799,1.099,57.2358779907227,77.84374066,12.8979852852991,40.974368915158
THA,2019,Thailand,543976691793.886,7605.69657797759,19963.3918407099,71522271.0,270757912864.522,237584388903.174,3321.82389598862,49.7738077658505,0.705524801910317,0.716,55.9266166687012,66.6524194587528,12.3287535151114,40.607794056073
THA,2018,Thailand,506754208404.485,7099.77650081458,18876.2208766741,71376079.0,247744599496.147,228521611380.281,3201.65543669443,48.8885134819444,1.06683487370758,0.765,54.5843734741211,56.8174809301456,11.7833301811334,40.3013405116213
THA,2017,Thailand,456356813536.764,6413.09182530343,17573.339815536,71160187.0,223299328331.557,218525992212.841,3070.90244454868,48.9308632429498,0.664415139830893,0.83,49.2311973571777,52.8919293439676,11.2659962515276,40.0618541912691
THA,2016,Thailand,413366349747.508,5833.57715617098,16671.2506902144,70859841.0,206722258198.524,211980237902.792,2991.54266946198,50.009454887848,0.186235191075453,0.688,47.8801095551247,47.5049656215909,10.7814783921017,39.8914360247636
THA,2015,Thailand,401296238228.084,5688.85335397884,15791.1714762207,70540795.0,206044362022.73,206044362022.73,2920.92486372928,51.3447030883008,-0.898143410569433,0.597,46.9521043776171,39.3161267365004,10.3239727428364,39.72661984392
THA,2014,Thailand,407339040197.651,5801.1978916205,15365.3175402829,70216367.0,214244913143.488,200814632453.919,2859.94051007964,52.5962139645468,1.89455652481545,0.576,46.3138799467897,34.8860535783465,9.89422316519326,39.5565144682596
THA,2013,Thailand,420333654592.547,6018.08244729255,15215.9492506383,69845114.0,220894789088.33,199749558859.128,2859.89308943111,52.5522490704334,2.18617704418967,0.249,45.8321343847773,28.94,9.50238115795486,39.4940129315302
TLS,2023,Timor-Leste,2079767200.0,1502.4114958903,4810.78356024783,1384286.0,1456861000.0,1196702500.0,864.490791642768,70.0492343566145,8.42035103310377,1.525,28.595471832952,,5.33415782576722,65.4641122246022
TLS,2022,Timor-Leste,3208599900.0,2343.24955542816,5728.90346523347,1369295.0,1369491200.0,1157193300.0,845.10153034956,42.6818937443712,7.00530945399787,1.537,28.5857292288968,,5.40526131868541,67.3349252593194
TLS,2021,Timor-Leste,3625024300.0,2684.92673717299,6825.0458085995,1350139.0,1096212700.0,1014903000.0,751.702602472782,30.2401476315621,3.69792094666786,2.344,28.7927371734472,35.04199982,5.48117841243695,69.2591979701031
TLS,2020,Timor-Leste,2162619200.0,1630.86935439232,6132.08288218058,1326053.0,1091554300.0,1040200700.0,784.433729270248,50.4737172406497,0.495499215459571,2.808,28.9619049897647,32.01269913,5.53563638269497,71.0611048617633
TLS,2019,Timor-Leste,2032550400.0,1562.36458881813,4556.61428089164,1300945.0,1101377600.0,1057664900.0,812.997398045267,54.1869761261517,0.958812739703141,3.148,29.1148755245217,28.00460052,5.56015264294518,72.8233434295127
TLS,2018,Timor-Leste,1555988600.0,1219.46598597604,3561.28770455766,1275959.0,1032447900.0,1008561400.0,790.434018647935,66.3531789371721,2.63647201015892,3.765,29.248617510057,27.60000038,5.54947298463352,74.5703324878166
TLS,2017,Timor-Leste,1584878400.0,1266.17767952941,3463.11730297031,1251703.0,998466900.0,988159300.0,789.45189074405,62.9995903786688,0.557215537430361,4.254,29.3600996787092,24.20000076,5.49459416490973,76.3036466329563
TLS,2016,Timor-Leste,1640464600.0,1335.54390089814,3390.76221557073,1228312.0,960343400.0,959685100.0,781.304017220381,58.540940170242,-1.33853876185163,4.657,29.4462907628171,21.20000076,5.38991941376434,78.0492613122434
TLS,2015,Timor-Leste,1590282400.0,1319.59297370991,3107.57190164098,1205131.0,923691800.0,923691800.0,766.465886281242,58.0835076839183,0.552796026277853,3.678,29.5043315008419,18.60000038,5.26079519123017,79.8035950871916
TLS,2014,Timor-Leste,1447535200.0,1224.74957758801,2859.86061637696,1181903.0,937692900.0,940232200.0,795.523998162286,64.7785905309937,0.726275016139465,3.618,29.5463092024041,17.5,5.13882901607449,81.5588924305849
TLS,2013,Timor-Leste,1395727400.0,1204.56841532931,2566.03070650416,1158695.0,898001900.0,890439400.0,768.484717721229,64.3393473539317,11.0849085109954,3.57,29.5836906253246,11.0,5.0146069500602,83.1870928982483
TGO,2023,Togo,9723300576.72675,1182.32951436696,3572.00417260831,8223850.0,7295738041.66792,6348711110.49162,771.987707763592,75.0335545435124,5.48928568141131,1.942,43.2496853032436,37.57020187,3.60486876584568,80.9338235472068
TGO,2022,Togo,8646453099.4124,1071.61539220759,3305.92970304109,8068616.0,6442654107.91583,5988407252.95087,742.185184293176,74.5121037937934,7.96757361617945,1.965,42.7332327975627,35.60749817,3.61433732873147,81.5261521238603
TGO,2021,Togo,8541668141.26198,1076.29520076949,2952.09730066985,7936176.0,6477668706.06392,5723605642.78282,721.204474646583,75.8361083448377,4.1862150652352,2.344,42.3105904515122,30.33839989,3.57621857176555,80.9184085204748
TGO,2020,Togo,7486031561.86885,961.219781201934,2653.96061995284,7788054.0,5651058176.78802,5342852845.30082,686.031818128228,75.488035684654,1.69928463299399,2.231,41.8781527268075,29.02370071,3.5890095266417,79.4547087615551
TGO,2019,Togo,6992942458.99419,917.718016777619,2459.85658494292,7619925.0,5361930276.60328,5276972738.4003,692.522923572122,76.6763105523179,0.674652770077525,2.036,41.445731197295,20.72730064,3.63365781159263,77.7215660472544
TGO,2018,Togo,7029215766.46367,942.480774393154,2288.9476039266,7458206.0,5382612413.74232,5029123056.20213,674.307340961369,76.5748640043562,0.927755426457183,2.9,41.013328267781,15.5,3.65692500314419,77.0933927079324
TGO,2017,Togo,6387424239.8801,872.076408845752,2184.16434341899,7324386.0,4904892606.5184,4802550334.40722,655.693232771624,76.7898361266585,-0.981889868943119,3.744,40.5809463430719,12.3602249692905,3.60684158371773,78.6857378452951
TGO,2016,Togo,6071167584.1951,843.114204338675,2109.39271418563,7200884.0,4695686185.82866,4636064908.35301,643.818857289328,77.3440383700298,1.28544847051417,2.968,40.1485878279739,11.31000042,3.52480334358948,81.2783338536055
TGO,2015,Togo,5755457836.01866,813.894676975085,2036.94563630408,7071502.0,4460114725.26716,4460114725.26716,630.716745221476,77.4936564968816,2.58500390801595,2.204,39.7162551272934,7.119999886,3.4612448670735,83.6930737203699
TGO,2014,Togo,6393314707.85456,921.539748631461,1942.14838585312,6937644.0,4998489845.20392,4238683394.10764,610.968708412775,78.1830720621805,0.19087507624975,2.141,39.2839506458368,5.699999809,3.42702796511323,85.846201652556
TGO,2013,Togo,6021729629.82454,885.698522723929,1838.12921973277,6798848.0,4781271102.97213,4044673368.34921,594.905691133147,79.4002952123814,1.82539475909162,2.084,38.8516767884103,4.5,3.42406537107463,87.604841905195
TON,2023,Tonga,591139733.623755,5651.59357939286,7810.10184717265,104597.0,590086262.746536,501339070.032494,4793.05400759576,99.8217898717853,6.35112980255182,1.652,21.147944541337,64.13140106,6.60245225746313,73.0878702631144
TON,2022,Tonga,556514556.392844,5298.01942454298,7295.94922827877,105042.0,489161620.265601,462346782.040037,4401.54206926788,87.8973630871753,10.9713652903022,2.002,21.147219451842,61.60739899,6.50073304011729,72.8403593642018
TON,2021,Tonga,519306339.3498,4922.8015864044,6930.06482518663,105490.0,438685245.059627,436939249.37339,4141.9968658014,84.4752339455137,5.64051140636743,2.111,21.258003897665,57.549,6.42196616724887,72.6332498731733
TON,2020,Tonga,506571486.576395,4792.35872413906,6676.65061142853,105704.0,475606011.219199,487650076.290595,4613.35499404559,93.8872447072629,-0.349737696727419,2.712,21.8766206823411,54.47370148,6.3351733859333,72.7347005474303
TON,2019,Tonga,506031247.606648,4788.83350468584,6473.32046564939,105669.0,490118657.451545,501720906.200724,4748.04253092888,96.8554135282429,1.17954334821801,2.165,22.3288155626206,51.56299973,6.23547949029758,73.0916655746298
TON,2018,Tonga,493530766.930564,4675.04776047973,6392.60068547144,105567.0,492616547.481429,492854343.902798,4668.64023703239,99.8147593806926,5.03209691984883,2.248,22.7017138925547,48.80789948,6.14636271923385,73.47015906402
TON,2017,Tonga,459976847.108128,4365.92929788648,6229.07019926381,105356.0,441961562.942344,473222161.992263,4491.64890459265,96.0834367470786,7.51706283551116,2.137,22.9711300654966,46.20080185,6.06850140714059,73.7503504460973
TON,2016,Tonga,420828254.541601,3987.98618837043,5920.1573872483,105524.0,405202621.806449,468709345.769314,4441.73217248506,96.2869335491333,2.57815515245081,2.048,23.1277038505921,39.95000076,6.02896023653387,74.0343701553584
TON,2015,Tonga,437525538.903019,4123.90347238813,5471.79686968515,106095.0,440408179.859751,440408179.859751,4151.07384758708,100.658850901358,-1.05399831971283,2.022,23.2434422818439,38.65129852,6.0082944530845,74.6407466543761
TON,2014,Tonga,440997734.928723,4136.59010898445,5335.91583827385,106609.0,433810809.990592,409473007.988981,3840.88592885198,98.3703034349388,2.51087633253696,1.914,23.3431040935971,35.95439911,5.99714845838531,75.2630367593871
TON,2013,Tonga,451788498.263614,4219.24670113014,5119.6947531512,107078.0,415911540.89953,401648490.786467,3750.98984652746,92.0589042213398,0.77562932236742,1.75,23.4170795020344,32.75400162,5.98538441782821,75.664413675438
TTO,2023,Trinidad and Tobago,25036993423.3664,18308.4536298575,34651.9065448775,1367510.0,,,,,4.62930242419968,3.361,53.9536842104572,81.9681015,11.8539588437937,42.614599248085
TTO,2022,Trinidad and Tobago,28341164301.126,20750.5202434652,32973.632075038,1365805.0,,,,,5.82838638517959,4.383,53.9474037904998,81.69760132,11.3581160508757,42.1590638234979
TTO,2021,Trinidad and Tobago,24222963262.7213,17712.5674104655,30482.1201798631,1367558.0,,,,,2.05922746915458,4.446,53.9421278853848,84.36576986,10.9155131938691,41.7652156605823
TTO,2020,Trinidad and Tobago,20888515184.2239,15283.6270531554,26731.3556410029,1366725.0,,,,,0.598986330824643,4.206,53.9377689584806,77.28130341,10.4441624322639,41.2232789405813
TTO,2019,Trinidad and Tobago,23477745791.6977,17212.6128892163,29315.8054064667,1363985.0,,,,,1.00054293027237,3.523,53.9342394732739,74.98670197,9.84595533418547,40.2210664936843
TTO,2018,Trinidad and Tobago,23883058083.2171,17571.498737278,28673.2413951653,1359193.0,,,,,1.01856930188822,3.497,53.9314518934907,72.76029968,9.34493513682419,39.6459929683535
TTO,2017,Trinidad and Tobago,23830750900.6899,17566.0999700656,28484.2557157494,1356633.0,,,,,1.88038440183532,3.389,53.9293186833833,70.59999847,8.93160783125257,39.3960473561017
TTO,2016,Trinidad and Tobago,23624322192.6274,17449.1538801956,28231.6820670092,1353895.0,,,,,3.07066742464024,3.207,53.9277523084951,67.80000305,8.46355598298152,38.7665220813723
TTO,2015,Trinidad and Tobago,26841141793.2143,19887.2327716498,29825.4628753017,1349667.0,,,,,4.66121598098264,2.428,53.926665238022,65.09999847,8.0072712591796,38.1403751183439
TTO,2014,Trinidad and Tobago,29474180005.1333,21908.3014555644,32026.5300957073,1345343.0,,,,,5.68441814595659,2.477,53.9259699537793,62.40000153,7.57604064085554,37.5589461070007
TTO,2013,Trinidad and Tobago,28560537057.1548,21304.9777496628,31746.2052441651,1340557.0,,,,,5.19981740465611,2.683,53.9255789963372,59.90000153,7.18056734385585,37.0441855092139
TUN,2023,Tunisia,48205328303.3398,3951.11683376921,14052.1687041992,12200431.0,37804213360.0672,36308558449.6513,2976.0062123749,78.4233085649332,9.32899597507865,15.106,70.0266686486584,,9.16627453571107,50.6050838772721
TUN,2022,Tunisia,44929920092.7955,3707.29283414381,13616.380720945,12119334.0,34326814022.4256,36005239452.1569,2970.89257975371,76.4007902785696,8.30646124447623,15.3,69.707138648303,,8.83897616977039,50.5514810011478
TUN,2021,Tunisia,47073234359.1819,3906.93926319391,12444.3264026887,12048622.0,34561510298.7439,35317036684.7325,2931.20961755897,73.4207257462488,5.706350208307,16.632,69.3997523770568,68.31552226,8.55788701156501,50.4189303353303
TUN,2020,Tunisia,42491780918.361,3548.65363663803,11918.066205483,11974057.0,31455063686.771,34192462384.7784,2855.54531641017,74.0262305013887,5.63415115897625,17.651,69.1043166438476,68.55639648,8.28177534147365,50.0715512342682
TUN,2019,Tunisia,41905642418.825,3528.87213306798,12494.7905733455,11875081.0,30093275259.6498,36043472939.236,3035.21912307259,71.8119888459965,6.72007532863799,17.153,68.8206382576031,66.6999983024144,7.94574369640089,49.3812826199351
TUN,2018,Tunisia,42686504459.801,3628.10366464236,11841.4061980603,11765514.0,30541655474.1889,35205904682.2892,2992.29635715781,71.5487385549473,7.30759176031652,15.459,68.5485240272509,64.1908102327387,7.62598609691059,48.605731168883
TUN,2017,Tunisia,42163530590.9462,3619.03247319953,11288.7800135085,11650498.0,30336050921.19,34297477029.2891,2943.86360388106,71.9485548197997,5.30884839565844,15.33,68.2877807617188,55.5001550633671,7.37113523511462,47.8580034971682
TUN,2016,Tunisia,44360072680.4476,3847.80354448809,10993.6638464522,11528674.0,31632195594.7604,33434419780.9563,2900.10974210532,71.3078083136297,3.62939937384381,15.557,68.0623356528248,49.5999948415756,7.16166955374354,47.1066362415689
TUN,2015,Tunisia,45779494041.9295,4014.94773686432,10782.5438382441,11402264.0,32413840565.8574,32413840565.8574,2842.75478675616,70.8042787370465,4.437371273215,15.159,67.8807907104492,46.4999943435776,6.96910280274163,46.3571118128582
TUN,2014,Tunisia,50271812920.612,4458.97895464547,10946.8935757638,11274288.0,34697571678.9138,31408554745.5902,2785.8570532871,69.0199331655442,4.62555099534031,14.259,67.7524643379101,46.15999985,6.80776914692972,45.6850530876263
TUN,2013,Tunisia,48685446413.953,4369.79345826358,10671.569727457,11141361.0,33202372437.7684,30171828883.5373,2708.09184654705,68.1977364559049,5.31623531326689,15.934,67.4999542236328,43.79999924,6.70197324644508,45.0647236444453
TUR,2023,Turkiye,1141242864657.45,13375.0947282864,43196.3381254367,85325965.0,616632766979.269,863667526630.885,10121.9778367685,54.0316865126121,53.8594087593315,9.388,89.0218446796121,85.96074155,10.0010276668343,46.7152423180544
TUR,2022,Turkiye,926097476913.818,10897.8397861365,39919.1608756567,84979913.0,492650499998.187,781768354075.714,9199.44874591381,53.1963980335985,72.3088359891207,10.465,89.0381164550781,83.43716576,9.71952040624191,46.8629054112918
TUR,2021,Turkiye,839938668172.134,9981.76398411336,32105.5474400506,84147318.0,437439057758.693,672999757997.607,7997.87532144051,52.0798808692358,19.5964926913324,11.969,89.1762048153239,81.40843745,9.38495985854274,46.8236862996519
TUR,2020,Turkiye,733628247119.077,8798.11791709313,29209.3308866883,83384680.0,394132925168.418,582123971118.114,6981.18612577411,53.7237935856694,12.2789574462574,13.148,88.9303114965222,77.6695605,8.96386441657962,46.4852950931551
TUR,2019,Turkiye,775853144222.613,9395.23378001368,29016.4555653445,82579440.0,417176383860.677,561680017625.433,6801.69322564349,53.7700191031226,15.1768215720022,13.73,88.6618152857124,73.9767022871511,8.52263227141434,45.9523014817405
TUR,2018,Turkiye,788356985773.667,9684.11819884721,28640.3401839802,81407204.0,421900414239.174,554143551242.026,6807.05790168185,53.5164172897048,16.3324638988929,10.956,88.1655749576173,71.0427608433809,8.17189463389264,45.5464015844488
TUR,2017,Turkiye,863874522365.276,10756.3877677883,28353.5406410966,80312698.0,485088828724.172,549770648704.733,6845.37641488191,56.1526953470055,11.1443110840764,10.919,88.0320472717286,64.6846176835371,7.94642994912766,45.4922047348395
TUR,2016,Turkiye,870818016909.84,10984.3643169061,26730.7599731835,79277962.0,497886794861.819,518705835599.532,6542.87550428619,57.1746088383203,7.7751341532833,10.899,88.1020958581776,58.3477340145685,7.75965087531105,45.5909695430664
TUR,2015,Turkiye,865460050683.656,11064.6494504662,25896.983315375,78218479.0,499795011413.565,499795011413.565,6389.73063403042,57.749056241101,7.67085364845885,10.304,87.2167107972537,53.7449791423583,7.61843212730696,45.9452643498497
TUR,2014,Turkiye,942343431928.654,12209.3862327674,24192.537613837,77181884.0,545487999636.288,471478507247.7,6108.66802950418,57.8863269116081,8.85457271364316,9.901,83.6024850744433,51.0373665521645,7.52518633862966,46.6296994569191
TUR,2013,Turkiye,962167643588.925,12635.5570016068,22475.2909778388,76147624.0,564124517273.113,456402165753.065,5993.64946374512,58.6305849123034,7.49309030547693,9.713,78.5218368384696,46.25,7.43312133781708,47.3558028630143
TKM,2023,Turkmenistan,39020211239.6728,5298.46421949276,19644.7256847416,7364438.0,,,,,,4.007,47.0678875054171,,4.27238303859711,56.11056820952
TKM,2022,Turkmenistan,37583913148.2791,5198.18947409551,18148.7189785918,7230193.0,,,,,,4.017,47.0592103414926,,4.0446776455345,55.6044069090817
TKM,2021,Turkmenistan,26334182093.7903,3713.20113171765,16259.8700051884,7092043.0,,,,,,4.458,47.0581410301711,,3.88663013699789,54.8331023876948
TKM,2020,Turkmenistan,27350527267.6636,3935.37749365223,14971.3322055898,6949912.0,,,,,,4.489,47.0546961907259,,3.79772434528667,53.9054052049039
TKM,2019,Turkmenistan,29700000000.0,4365.1152919542,15389.2461090476,6803944.0,,,,,,4.035,47.0494562466485,,3.72875616489817,52.9006878790807
TKM,2018,Turkmenistan,26036313868.6131,3911.98557297865,14368.4621432532,6655524.0,,,,,,4.036,47.0423948717765,,3.67195730944701,51.9153750883916
TKM,2017,Turkmenistan,33352261306.5327,5125.54920055808,13278.4030353381,6507061.0,,,,,,4.035,47.0334857399476,,3.62729809971045,51.0505542299452
TKM,2016,Turkmenistan,33313947368.4211,5238.00827202546,12919.371222426,6360041.0,,,,,,4.026,47.0227025249994,17.99029922,3.59089666245862,50.362522707908
TKM,2015,Turkmenistan,35799714285.7143,5759.497903834,12714.8137240363,6215770.0,,,,,,4.016,47.0100189007695,14.99680042,3.56561616662135,49.8828092786115
TKM,2014,Turkmenistan,43524210526.3158,7164.14536184006,12476.5344358387,6075283.0,,,,,,4.005,46.9954085410955,12.19999981,3.55647629912878,49.6360012127956
TKM,2013,Turkmenistan,39197543859.6491,6599.64529055481,11722.8086272577,5939341.0,,,,,,3.993,46.9788451198152,9.600000381,3.56652362610599,49.6527243219463
TCA,2023,Turks and Caicos Islands,1638653000.0,35470.2151608295,35365.8657232406,46198.0,,,,,,,93.9324513656818,,10.8987402052037,37.2081972081972
TCA,2022,Turks and Caicos Islands,1434119000.0,31280.5418020808,30216.0346068372,45847.0,,,,,,,93.6922471653237,,10.6058127487867,36.9395740613519
TCA,2021,Turks and Caicos Islands,1236459000.0,27329.2885087196,25056.4880515569,45243.0,,,,,,,93.4467025398547,,10.3307657453557,36.7105819786064
TCA,2020,Turks and Caicos Islands,918387000.0,20690.9160546118,19530.0254075613,44386.0,,,,,,,93.1960408439605,,10.077615437474,36.5260988588478
TCA,2019,Turks and Caicos Islands,1371838000.0,31780.5217068989,31173.3797811743,43166.0,,,,,,,92.9404854322845,,9.8145509724201,36.4371957772299
TCA,2018,Turks and Caicos Islands,1314329000.0,31625.616593277,31151.4748574464,41559.0,,,,,,,92.6802596594323,,9.47218980473309,36.4457139105026
TCA,2017,Turks and Caicos Islands,1197958000.0,30014.2309523213,30097.3550560987,39913.0,,,,,,,92.4155868799755,,9.08362041966802,36.5328042690018
TCA,2016,Turks and Caicos Islands,1202078000.0,31373.5612684327,29780.5785774422,38315.0,,,,,,,92.1466904484552,,8.67806342163644,36.7269742711344
TCA,2015,Turks and Caicos Islands,1078274000.0,29457.0140691162,27484.6414432499,36605.0,,,,,,,91.8737937193851,,8.25160497199836,37.1398598778615
TCA,2014,Turks and Caicos Islands,956605000.0,27292.5820256776,25546.2927320872,35050.0,,,,,,,91.5971200472541,,7.86875891583452,37.7441540577717
TCA,2013,Turks and Caicos Islands,863328000.0,25653.819867471,23931.6892982133,33653.0,,,,,,,91.3168927865286,,7.55058984340178,38.5125123477116
TUV,2023,Tuvalu,50491930.924381,5143.8397437226,5903.8648736232,9816.0,,,,,,,64.0117206689787,,6.27578829402476,63.6
TUV,2022,Tuvalu,54104146.3198082,5414.74642912412,5403.33289042089,9992.0,,,,,,,63.3065768081154,,5.88470776621297,60.9536082474227
TUV,2021,Tuvalu,61597447.1614093,6042.51983141155,5551.80841999248,10194.0,,,,,,,62.6098296425994,,5.75857163878942,59.7555242125059
TUV,2020,Tuvalu,52302514.9939611,5029.57159284173,5204.86656424048,10399.0,,,,,,,61.9212610534937,,5.72623683830953,59.7143295960682
TUV,2019,Tuvalu,53527720.0597564,5058.85266607659,5205.1977197179,10581.0,,,,,,,61.2406529218636,,5.61856157263019,59.4724943481537
TUV,2018,Tuvalu,48026990.1943497,4467.21144027065,4442.36859909198,10751.0,,,,,,,60.5596409590777,,5.49276777824287,58.9826999852137
TUV,2017,Tuvalu,45288858.1637361,4166.79162422818,4236.97583280304,10869.0,,,,,,,59.9531274910912,35.20000076,5.40988131382832,58.8106370543542
TUV,2016,Tuvalu,41306141.62505,3779.15293916285,4008.21476384305,10930.0,,,,,,,59.4744768348285,31.0,5.4028089116611,59.1815931265472
TUV,2015,Tuvalu,36755290.7767318,3352.66722400181,3778.07098101223,10963.0,,,,,,,58.9148502652344,27.29999924,5.41822493842926,59.6156645799971
TUV,2014,Tuvalu,38643167.2951054,3518.13249227107,3415.80717526846,10984.0,,,,,,,58.2999596618832,24.10000038,5.41241806263656,60.0466268395745
TUV,2013,Tuvalu,38767554.542532,3524.00277634143,3297.17571646453,11001.0,,,,,,,57.6314336806359,21.20000076,5.37248306895141,60.6454439252336
UGA,2023,Uganda,48768955863.3175,1002.30913917142,3100.19016956104,48656601.0,34923573145.5404,34338046420.2008,705.722259970456,71.6102539562648,5.35094804280395,2.754,30.6059359395495,9.286999702,2.15058279399148,85.4896724288882
UGA,2022,Uganda,45565333210.9108,963.067314117178,2918.71512173871,47312719.0,32322148263.1811,33106767232.6616,699.743492498532,70.9358321019399,7.1957888597581,2.885,29.9251969709665,9.636899948,2.11520498203448,86.6448141858633
UGA,2021,Uganda,40529788748.6737,882.791717542504,2684.92035939744,45910930.0,29231992091.6078,31762292268.8666,691.824196740657,72.1247087491034,2.20457204757414,3.416,29.2362957789022,10.0,2.08577565298721,88.0347218678354
UGA,2020,Uganda,37600368241.6657,845.766463890124,2532.21950102069,44457152.0,26794839469.1437,29975475270.5739,674.255410480948,71.2621730109862,3.31332289544502,3.819,28.5399752271502,7.4,2.06185944995015,89.7016309112795
UGA,2019,Uganda,35353061003.4359,822.171150036357,2441.37445233821,42999637.0,25162529409.2356,29362940656.6129,682.864849687286,71.174966735667,2.867588034469,3.057,27.8369781799403,11.72579956,2.0364020510638,91.5697078154151
UGA,2018,Uganda,32927025619.6795,792.16570022814,2312.05752813495,41565831.0,23807088856.684,27472799621.2836,660.946718983764,72.3025794423873,2.61601190952274,3.249,27.1280475018884,9.326299667,2.00923927155456,93.5640775343582
UGA,2017,Uganda,30744473841.424,765.218332297361,2157.95747503369,40177388.0,21795162218.0308,25177925241.5035,626.669041837749,70.8913163726509,5.20971705914209,3.428,26.4139260579546,7.417900085,1.98361700367381,95.640435867303
UGA,2016,Uganda,29203988696.2626,752.696571725656,2165.29759404413,38799152.0,20963526026.3808,25187941726.9755,649.18794428743,71.7830918386281,5.70637504616212,3.002,25.6953567134098,5.9,1.95859435278379,97.947403817142
UGA,2015,Uganda,32387183730.1002,862.934610355811,2189.96485919003,37531446.0,24857417485.8143,24857417485.8143,662.309080385934,76.7507841773604,5.58968606251725,2.681,24.9777856560427,5.699999809,1.93508400842168,100.031967639667
UGA,2014,Uganda,32612397257.4458,896.054795546394,2134.00916281741,36395539.0,22510992273.7586,22407293993.2044,615.660452046182,69.0258741056487,3.07570668958641,2.357,24.1938503391826,5.400000095,1.91343232907517,101.659121068481
UGA,2013,Uganda,28915786516.6123,818.285427416713,2044.88182485845,35337042.0,20980327470.4457,21858233360.3351,618.564320135655,72.5566550243839,4.90520875694557,1.91,22.7367659239271,5.099999905,1.90167020771009,102.960950754645
UKR,2023,Ukraine,181221517868.744,5139.59814453125,17679.904296875,37732836.0,110513376129.716,68930584421.9198,1954.93078613281,60.982480132276,12.8490222828559,,69.4754455027606,81.58059692,18.5575345907943,48.927142092575
UKR,2022,Ukraine,161989520721.19,4199.6708984375,14767.73046875,41048766.0,104574992837.554,66069259738.7534,1712.88330078125,64.5566406839019,20.1836366617478,,69.42345912103,80.47429657,17.8569387445167,48.5413219822399
UKR,2021,Ukraine,199765859570.935,4775.94580078125,17846.408203125,44298640.0,138061493307.109,91132105547.721,2178.76049804688,69.1116558172864,9.36313917695223,9.834,69.4027032653896,79.21829353,17.3880676697975,48.2195987327939
UKR,2020,Ukraine,156617722013.342,3709.76928710938,15541.02734375,44680014.0,114778493751.874,85361635134.0224,2021.94213867188,73.2857637541787,2.73249209419427,9.475,69.3839100516745,75.03790912,17.0963250246931,47.8846379680524
UKR,2019,Ukraine,153883047509.577,3619.86157226563,14217.486328125,44957458.0,114453534024.703,83966032747.8966,1975.17150878906,74.3769608654133,7.88671745611133,8.194,69.3527648708735,70.1248442995263,16.7162998851047,47.2491268952806
UKR,2018,Ukraine,130891088293.55,3059.0517578125,12554.8486328125,45208907.0,90798173797.7387,75688394624.5258,1768.91125488281,69.3692557541467,10.9518559353178,8.799,69.3157992777909,62.5531553933869,16.3479433378029,46.557661136037
UKR,2017,Ukraine,112090505081.739,2604.28759765625,11536.0810546875,45436041.0,75254150849.1723,69236401426.1505,1608.62414550781,67.1369540125593,14.4383227488749,9.5,69.2633108489282,58.8894794459775,15.9568665329263,45.6557777135064
UKR,2016,Ukraine,93355869403.9223,2158.46118164063,10864.6572265625,45616832.0,62172918251.548,63329966841.7152,1464.23864746094,66.5977604284791,13.9127101997797,9.35,69.2102241609089,53.0009695981884,15.5292217574425,44.485957567843
UKR,2015,Ukraine,91030967789.0717,2094.47387695313,9921.833984375,45784896.0,61676934146.6749,61676934146.6749,1419.08544921875,67.7537937304882,48.6998646434424,9.14,69.1587317201337,48.8846436813218,15.1544965833274,43.3341607506951
UKR,2014,Ukraine,133503871861.723,3054.908203125,10493.7451171875,45972380.0,95379954956.2245,76695120343.5191,1754.9794921875,71.4435870856347,12.0718562874251,9.27,69.0554339301313,46.2359754571651,14.7632446398985,42.0954905825425
UKR,2013,Ukraine,190498811460.028,4129.89697265625,10903.8251953125,46126770.0,138841611409.984,87618139883.2328,1899.50732421875,72.8831903705168,-0.238948626045407,7.17,68.9326288082226,40.954128997,14.6216406939142,41.3166740567217
ARE,2023,United Arab Emirates,522622268401.125,49850.6945082084,78019.5228244288,10483751.0,234510006807.352,240145181814.662,22906.4179237624,44.8717976608222,1.62670837213248,2.151,85.6680699002526,100.0,1.69563170962521,22.0026623838262
ARE,2022,United Arab Emirates,511403404642.173,50759.7590190204,75059.7702106115,10074977.0,211979305650.102,210450793707.522,20888.4639347089,41.450507314949,5.29122604376849,2.872,85.5147347682487,100.0,1.63973912932682,22.1229936023157
ARE,2021,United Arab Emirates,422441282436.237,44118.4936214315,68580.1312912676,9575152.0,169662083049.694,176248145565.271,18406.8248279788,40.1622876607242,0.179935336174431,3.105,85.3571908511355,100.0,1.61923304492939,22.1412793084987
ARE,2020,United Arab Emirates,357161776271.328,37991.738387966,66790.6630877602,9401038.0,161847243022.464,172008368266.93,18296.7421541036,45.3148275585663,-2.07940317940944,4.294,85.1955255681984,100.0,1.56409085694231,22.1652541679088
ARE,2019,United Arab Emirates,433926218686.108,45938.6084572227,79816.3029999451,9445785.0,163818924438.393,173841427288.082,18404.1270564682,37.7527140292245,-1.93108114782173,2.331,85.0298263388195,99.1499979561243,1.52798923207058,22.2156206400823
ARE,2018,United Arab Emirates,440560003161.236,47135.3478795605,77446.2084020359,9346701.0,161715997277.059,163285208256.665,17469.8225883834,36.7069175859513,3.06863379251997,2.236,84.8601805824625,98.4500017817194,1.50109608885113,22.2647153045603
ARE,2017,United Arab Emirates,403365056078.846,43733.6242018215,70281.8969423807,9223225.0,159662627637.849,162951392183.103,17667.5069927388,39.5826622142102,1.96682557818842,2.462,84.686675718659,94.8199225383446,1.47888416773632,22.3131514262999
ARE,2016,United Arab Emirates,381717208620.964,42721.1136110991,69987.0059667469,8935095.0,154727842069.435,158459691280.949,17734.5278680248,40.5346781792791,1.61748808904198,1.64,84.5093991669984,90.6000073180483,1.48522186061082,22.3933808829188
ARE,2015,United Arab Emirates,381973135513.065,44910.3458860776,73986.0815808827,8505237.0,153562695711.368,153562695711.368,18055.0754448545,40.2024858384618,4.06996608361593,1.793,84.3284383471193,90.5,1.50462849552252,22.4526561983721
ARE,2014,United Arab Emirates,424935834104.193,52725.2307981936,87477.7258300501,8059440.0,148412525527.57,150911070573.026,18724.7588632741,34.9258672995743,2.34626865671643,1.999,84.1438806787019,90.4000107121939,1.49656887451666,22.4573333412344
ARE,2013,United Arab Emirates,409632574702.715,53247.2278745159,87526.3039873404,7693031.0,131033083730.429,134881522892.568,17532.9493528062,31.9879550168891,1.1011183637571,2.125,83.9558135814626,88.0,1.48322611511691,22.4163226622205
GBR,2023,United Kingdom,3420796653789.08,49919.6896621586,60786.7193353069,68526000.0,2124077512840.85,2046547454512.93,29865.2694526593,62.0930656748653,6.79396706793963,4.025,83.1601932891335,95.44719696,19.238129106618,57.8463970694922
GBR,2022,United Kingdom,3181244350465.41,47034.7795621476,60266.7467325014,67636000.0,1977801807509.83,2054655069079.73,30378.1280542866,62.1706976774822,7.92204883147902,3.768,83.0753982997505,95.46530151,18.9303147227989,57.6281944435899
GBR,2021,United Kingdom,3194559188925.93,47695.6491523474,51840.4424245515,66978000.0,1890025107164.37,1908901242579.7,28500.4216694989,59.1638781875201,2.51837109614213,4.864,82.9886431523641,96.19650269,18.7186487679579,57.6129616035077
GBR,2020,United Kingdom,2724001478304.59,40815.1255364787,48719.8339897935,66740000.0,1597961123617.3,1779155463027.86,26658.0081364677,58.6622707933281,0.989486703772491,4.472,82.9000015258789,94.81820132,18.6057953275723,57.6593804283998
GBR,2019,United Kingdom,2875710080015.3,43160.6843971799,50493.9441896153,66628000.0,1819583761239.25,2042894836466.87,30661.2060465101,63.2742422083649,1.73810460086513,3.657,82.6699420738913,92.5166285497138,18.457958087858,57.4310228571992
GBR,2018,United Kingdom,2897028009916.05,43704.3162296687,47636.0128366551,66287000.0,1854244995050.28,2020054597814.88,30474.370507262,64.0050765371791,2.29283990345938,4.145,82.4465657551295,90.692008988783,18.2557500676941,57.0044441682182
GBR,2017,United Kingdom,2699118387873.1,40918.0520870944,46440.8214149807,65964000.0,1717766456941.47,1979129708486.65,30003.1791353868,63.6417603858819,2.55775577557747,4.501,82.23065673273,90.4245504868553,18.0734136212163,56.4799614488644
GBR,2016,United Kingdom,2706807606538.73,41258.5374285695,44376.0697257123,65606000.0,1735047534225.43,1938979652611.4,29554.9134623571,64.0994036677799,1.0084173681141,4.909,82.0229991698295,94.7758006318882,17.9162025708266,55.9245937781273
GBR,2015,United Kingdom,2945579890258.46,45256.040227057,42772.4983791214,65087000.0,1872228958025.37,1872228958025.37,28765.0215561536,63.5606239782242,0.36804684232536,5.552,81.8243772295647,92.0002998740234,17.7699801979471,55.4015634705211
GBR,2014,United Kingdom,3085362169410.29,47746.9810645521,41545.5712797638,64619000.0,1964924774416.53,1818341467409.33,28139.4244325868,63.6853849411167,1.45112016293279,6.398,81.6355750750722,91.6133009176453,17.5840843935351,54.8438602428906
GBR,2013,United Kingdom,2796908333283.39,43607.6636827371,40121.0839005273,64138000.0,1795159871011.89,1769299382637.19,27585.8209273315,64.1837220637291,2.29166666666659,7.752,81.4573768694887,89.8441,17.3279065798855,54.1548132724174
USA,2023,United States,27811517000000.0,82586.7847707894,82586.7847707891,336755052.0,18833150000000.0,15205695881388.2,45153.5791106354,67.7170900098689,4.11633838374488,3.638,80.071561119178,93.52559662,17.4318194823539,53.9087998260781
USA,2022,United States,26054614000000.0,78008.6895811877,78008.6895811877,333996304.0,17690013000000.0,14825301820181.0,44387.6223857286,67.8958936025688,8.00279982052121,3.65,80.0324978239707,92.72850037,16.9196203896458,53.3776337538716
USA,2021,United States,23725645000000.0,71441.2319805947,71441.231980595,332100166.0,16119682000000.0,14392916914486.1,43339.0837705455,67.9420180146841,4.69785886363742,5.349,80.0074765140272,91.2684021,16.4737700238047,52.9517092916063
USA,2020,United States,21375281000000.0,64465.2971415748,64465.2971415748,331578104.0,14231353000000.0,13229633222237.6,39898.9953276216,66.5785539848576,1.23358439630629,8.055,79.997451762548,90.34470367,16.0719119439363,52.5896813958199
USA,2019,United States,21539982000000.0,65227.9565911038,65227.9565911038,330226227.0,14437543000000.0,13571418969145.2,41097.3383078539,67.0267180353261,1.81221007526021,3.669,80.1304793353594,89.4302848575712,15.6728852475003,52.1637515215282
USA,2018,United States,20656516000000.0,62875.6661382728,62875.6661382728,328529577.0,13934442000000.0,13286129990714.5,40441.1989691709,67.4578520404893,2.44258329692817,3.896,80.2804567987377,88.498903165152,15.2914866245804,51.6943264101797
USA,2017,United States,19612102000000.0,60047.7190728307,60047.7190728307,326608609.0,13290626000000.0,12931670052686.5,39593.7819651487,67.7674733692493,2.13011000365961,4.355,80.4018678392891,87.2748891687657,14.9391233929999,51.2357568878998
USA,2016,United States,18804913000000.0,57976.628204291,57976.628204291,324353340.0,12726849000000.0,12599282433475.9,38844.3122968178,67.6783189584552,1.26158320570536,4.869,80.4976645324131,85.5444212887222,14.6147285118987,50.7885326899222
USA,2015,United States,18295019000000.0,56849.4697923159,56849.4697923159,321815121.0,12297438000000.0,12297438000000.0,38212.7414081329,67.2174103782018,0.118627135552451,5.28,80.5707989535091,74.5542024462761,14.3102247136795,50.3802792773562
USA,2014,United States,17608138000000.0,55153.3940182967,55153.3940182967,319257560.0,11874450000000.0,11896231643654.0,37262.1767943537,67.4372838286479,1.62222297740817,6.168,80.6242231779766,73.0,14.0089266008532,49.9593733626838
USA,2013,United States,16880683000000.0,53297.3862901595,53297.3862901595,316726282.0,11388233000000.0,11568799472428.6,36526.1745863851,67.4631056101225,1.46483265562717,7.375,80.660889281215,71.4,13.7011927174869,49.5000916066393
URY,2023,Uruguay,79208725899.5531,23378.6399733516,34545.6803727886,3388081.0,,,,,5.86910359896119,8.355,95.5439605712891,90.92590332,15.8128179067764,52.6676318563048
URY,2022,Uruguay,71240669088.0587,21009.2883798725,33033.5719368346,3390913.0,,,,,9.10437983075437,7.877,95.4977416992188,89.87304314,15.6134055931249,53.0930916288326
URY,2021,Uruguay,60739061281.1628,17881.8119616753,29431.8738833361,3396695.0,,,,,7.74791402314762,9.328,95.4497146606445,87.64440155,15.4839800871112,53.6466642752878
URY,2020,Uruguay,53559354501.4278,15757.5341990356,25725.2559304608,3398968.0,,,,,9.75640636078194,10.413,95.3997650146484,85.47100067,15.3258430205874,54.1627509533779
URY,2019,Uruguay,62222324964.633,18315.7350377437,25782.6937211734,3397206.0,,,,,7.88198870879619,8.836,95.3479309082031,83.3515337667548,15.1266239266362,54.5633225323007
URY,2018,Uruguay,65344577415.7535,19249.9404677501,24386.4948473952,3394534.0,,,,,7.60653360377047,8.336,95.2942581176758,80.7268428795854,14.9558820150277,54.9160760110058
URY,2017,Uruguay,65006039809.739,19184.6626114272,23606.6429970705,3388438.0,,,,,6.2180938256186,7.89,95.2288235732042,70.3223543994698,14.8089200405792,55.2221042886245
URY,2016,Uruguay,57480787465.2716,17009.7584207276,22840.5507069805,3379283.0,,,,,9.6394134763508,7.841,95.1585424955685,66.40000153,14.6975112768004,55.467903558164
URY,2015,Uruguay,57680327998.6689,17125.9016800298,22168.6114189676,3368017.0,38548534913.7368,38548534913.7368,11445.4692223159,66.8313379123407,8.66626987079328,7.488,95.0800002298303,64.5707870971624,14.6098431213382,55.655253084089
URY,2014,Uruguay,61496186973.902,18322.4276767157,21867.8112276315,3356334.0,41265845093.9462,,,67.1030955325063,8.87735333229828,6.547,94.9897821210514,61.4624951684405,14.5300028945268,55.8914702038185
URY,2013,Uruguay,61337621933.7857,18335.2594772322,20661.3793411187,3345337.0,41099109093.3876,,,67.0047318393829,8.57513504005397,6.444,94.8844735142936,57.69,14.4509058429689,56.1887709485469
UZB,2023,Uzbekistan,107526539716.318,3015.97705069457,11678.6257366395,35652307.0,68821056152.0679,113832884919.952,3192.86168269424,64.0037857943122,9.95659071258018,4.434,50.9964841114568,89.01361047,5.69504099692623,57.6444238962333
UZB,2022,Uzbekistan,94286355836.1594,2698.60262953369,10809.1380396181,34938955.0,61671604668.9508,106407086051.056,3045.51427056294,65.4088326163724,11.4466436998836,4.456,50.9847412109375,83.90000012,5.54495683192361,56.5268870521244
UZB,2021,Uzbekistan,81170051810.5825,2370.36480555669,9705.60054565692,34243696.0,50976004072.2493,95653617100.1366,2793.32047277071,62.8014925889247,10.8492397508122,5.364,50.9269905090332,76.59043014,5.41000605498317,55.2497682839009
UZB,2020,Uzbekistan,70127127133.2164,2087.96374711792,8920.32011703083,33586372.0,42792810501.6571,85678385224.8282,2550.98660923628,61.0217646879589,12.8677297362606,5.293,50.7670402526855,71.09999824,5.30865465314325,53.9511270861508
UZB,2019,Uzbekistan,70170662562.6111,2128.66067138334,8909.36758868309,32964701.0,44010879438.2574,87741874089.3324,2661.69179236094,62.7197718120273,14.5257359560687,4.936,50.5920104980469,70.3999986481458,5.19811024525901,52.7698563917884
UZB,2018,Uzbekistan,61318332402.7908,1894.09088741408,8491.93421125471,32373490.0,39466888428.5529,82812886803.9245,2558.04631517716,64.363929810258,17.5241796514055,5.392,50.5814971923828,55.2000006732722,5.06720768957552,51.7097466682868
UZB,2017,Uzbekistan,72276404057.649,2271.4730109511,8106.62280505191,31819178.0,48850635895.9573,78060222008.9916,2453.24445556047,67.5886363369616,13.8757425441635,5.83,50.6787376403809,48.6999988524556,4.94336473656492,50.8221131406473
UZB,2016,Uzbekistan,97871364319.3985,3128.42307170099,7861.78630407401,31284568.0,70525808904.2727,74840537200.7961,2392.25093984984,72.0596973330372,8.130886695236,5.16,50.6572189331055,46.79130173,4.83118545859416,50.0611692979578
UZB,2015,Uzbekistan,97564568986.8161,3172.89899391083,7696.35949962497,30749346.0,68232701670.701,68232701670.701,2218.99684210198,69.9359433237709,8.75188196737508,5.15,50.6597328186035,42.79999924,4.72878830124081,49.3359508232811
UZB,2014,Uzbekistan,91303765114.0144,3021.00331668049,7464.82465708014,30222994.0,62269678678.117,60855478323.1728,2013.54896616704,68.20055952825,9.28309356162695,5.09,50.8868713378906,35.5,4.67172948966819,48.8305476003008
UZB,2013,Uzbekistan,82674178351.6216,2781.38869470315,7244.68983612169,29724065.0,56680787553.5305,55568048539.7585,1869.46329648245,68.5592390316374,11.8414333622049,4.86,51.1276969909668,26.79999924,4.67240937603925,48.7263222498675
VUT,2023,Vanuatu,1188137265.19047,3708.18942411253,4201.80837273668,320409.0,957590513.170322,1779805547.23952,5554.79261581143,80.5959497463292,11.1825017088175,5.011,22.2651966823901,,4.21820894264665,74.9220682087426
VUT,2022,Vanuatu,1151863789.76624,3679.53524327491,3918.73096260725,313046.0,1123126144.03896,1808326259.58336,5776.55124033962,97.5051177072671,6.67930581887121,5.077,22.2541249733107,,4.14986272007513,75.3935971134344
VUT,2021,Vanuatu,1093826088.94269,3576.13770954363,3546.08021896872,305868.0,1156976770.7453,1940730536.88234,6344.99371258954,105.773374985383,2.34328358208953,4.776,22.2501822422475,,4.09620474158012,75.6146293850835
VUT,2020,Vanuatu,1017403362.80118,3404.30359167624,3511.73441840856,298858.0,1001967412.02981,1904036232.31441,6371.03986613846,98.4828091457389,5.32935073101715,4.046,22.4186852094794,,4.05961349601902,75.6376501563271
VUT,2019,Vanuatu,1061547512.69257,3635.62344878185,3762.09421920705,291985.0,944048111.912492,1528496894.59343,5234.84731953159,88.9313102451681,2.76252019386111,5.444,23.5024668917075,,4.00620580886999,75.4675368380568
VUT,2018,Vanuatu,1034402941.04298,3626.18862522473,3668.080208179,285259.0,772813507.012209,1100865513.32134,3859.17889819897,74.7110701592734,2.33096379566866,5.353,24.2729727045038,,3.93748126699117,75.0882318641321
VUT,2017,Vanuatu,998536154.882053,3585.31798081216,3582.74831340905,278507.0,706523942.36279,1281677113.56802,4601.95655250323,70.7559700175548,3.08452624403546,5.247,24.7644441456437,,3.88715543954012,74.5534427215864
VUT,2016,Vanuatu,908725512.790966,3339.83436471043,3456.77546016875,272087.0,685319197.971883,811425386.891893,2982.22769515594,75.4154239454623,0.842069084035061,5.197,24.8654875642873,,3.82507033608797,73.907040957202
VUT,2015,Vanuatu,855360239.609869,3214.41948587141,3378.95151983524,266101.0,690426416.41623,690426416.41623,2594.60286288375,80.7176186645213,2.48326875660439,5.168,24.8626945764242,22.35140038,3.73749065204565,73.1993387052682
VUT,2014,Vanuatu,879185478.498067,3378.36411965135,3307.48563368372,260240.0,656782787.092757,744983010.361403,2862.67679972872,74.7035526809149,0.798863838097023,5.137,24.8549637694775,18.79999924,3.64164548425585,72.4631534301771
VUT,2013,Vanuatu,863347171.906814,3392.56675091682,3224.30439587764,254482.0,597953301.425285,727506033.015932,2858.7720664563,69.2598899819904,1.45893371757921,5.038,24.8407362750263,11.30000019,3.53580999834959,71.7476986205221
VEN,2023,"Venezuela, RB",102377501185.925,3617.47038396528,,28300854.0,,,,,,5.407,89.249627620225,76.33190155,9.33356816723623,55.0083324049546
VEN,2022,"Venezuela, RB",89013251020.9831,3155.04190923584,,28213017.0,,,,,,5.646,89.2132204732836,75.82180023,8.98203848567557,55.6970242477288
VEN,2021,"Venezuela, RB",56615026262.6535,2004.93572921136,,28237826.0,,,,,,7.027,89.1766444746891,74.11219788,8.63156214646269,56.2700924770689
VEN,2020,"Venezuela, RB",42837965906.8675,1506.04169391285,,28444077.0,,,,,,7.53,89.1399056567545,72.44110107,8.26505974749928,56.4854585659602
VEN,2019,"Venezuela, RB",73014157107.594,2523.11527549578,,28938098.0,,,,,,5.89,89.1030100517924,49.05009842,7.84708794613938,55.9638284576163
VEN,2018,"Venezuela, RB",101987075928.918,3421.51341607593,,29807592.0,,,,,,5.468,89.0659636921159,,7.39106835600809,54.5900649107737
VEN,2017,"Venezuela, RB",115892475742.789,3791.63262049576,,30565323.0,,,,,,5.045,89.0287726100378,,7.00354275654894,53.3639666664058
VEN,2016,"Venezuela, RB",112948035494.959,3671.23004093383,,30765720.0,,,,,254.948534781816,5.319,88.9914428378712,60.0,6.7356443025607,53.0083098007427
VEN,2015,"Venezuela, RB",125249941853.534,4096.61989137473,,30573972.0,,,,,121.738085297503,6.139,88.9539804079292,58.0,6.53595483112237,53.2199829831147
VEN,2014,"Venezuela, RB",214838755021.964,7101.15006382986,,30254079.0,,,,,62.1686499794829,6.821,88.9163913525251,57.0,6.35919539973436,53.6012010654475
VEN,2013,"Venezuela, RB",258512396297.714,8642.37380007027,,29912198.0,,,,,40.6394275161589,7.54,88.8786817039721,54.90000153,6.19484064661514,54.0187230989071
VNM,2023,Viet Nam,433805036898.465,4322.82572261566,15033.899969483,100352192.0,234323207726.677,211350963341.813,2106.09214536951,54.0157876916311,3.25289282667662,1.645,38.1298904418945,78.08,8.62116598619573,47.5514131558407
VNM,2022,Viet Nam,413445230668.578,4147.69777213621,13902.9499867089,99680655.0,226068833757.588,205048787316.625,2057.05698178473,54.6792699463516,3.15650749963112,1.57,37.5478515625,78.58999918,8.23004774597438,47.4163647594031
VNM,2021,Viet Nam,366474752771.009,3704.1935590038,12048.9019935536,98935098.0,203463215115.648,190071178416.379,1921.17036581274,55.5190265024291,1.83471554810462,2.383,36.6540656426603,74.20999985,7.88570347458642,47.2392982614886
VNM,2020,Viet Nam,346615738537.796,3534.03953482647,11609.3177276423,98079191.0,193990716426.122,186033412572.622,1896.76740474564,55.9670825232793,3.22093436652515,2.103,35.5706676299742,70.30000012,7.56724481954587,46.9641361395404
VNM,2019,Viet Nam,334365270496.667,3440.90025375434,11029.2732083963,97173776.0,190013330350.512,185329161757.945,1907.19316863785,56.8280701127439,2.79582367452244,1.681,34.6239134999511,68.6615802057338,7.25022977006795,46.6054316189935
VNM,2018,Viet Nam,310106478394.659,3222.31003125366,10009.9714756006,96237319.0,176999133892.917,173172455389.594,1799.43141796785,57.0768901085832,3.53962805942641,1.161,33.9410227821412,69.8479286837965,6.98161953689909,46.123352133928
VNM,2017,Viet Nam,281353605986.903,2956.10992127753,9169.73192052855,95176977.0,163179276483.274,161994813273.707,1702.03780766968,57.9979332096671,3.52025688811618,1.874,33.3625963003742,58.1400000036297,6.76773963938779,45.3221818606231
VNM,2016,Viet Nam,257096001177.982,2735.0604380416,8374.50684516118,94000117.0,151010489245.505,151114564620.996,1607.59975033856,58.7370042916242,2.66824816969082,1.848,32.8476189285136,53.0,6.60876308594788,44.38523018963
VNM,2015,Viet Nam,239258328381.741,2577.56885340113,7671.5819778084,92823254.0,141958257041.8,141958257041.8,1529.33937267271,59.3326292973603,0.631200905175685,1.848,32.3810945365679,45.0,6.45078979885794,43.7681325303024
VNM,2014,Viet Nam,233451469642.519,2546.38464459903,7296.8794808738,91679578.0,133107276297.371,130488332605.754,1423.30860866042,57.0171078816492,4.08455446637625,1.256,31.9480269945454,41.0,6.28236039655418,43.3734893031827
VNM,2013,Viet Nam,213708811665.34,2359.51736472828,6758.40433634749,90573104.0,121566006829.777,122777881638.838,1355.56667726479,56.8839468445246,6.59267475899192,1.316,31.5334201724543,38.5,6.1660567578649,43.0653799174176
VIR,2023,Virgin Islands (U.S.),,,,104917.0,,,,,,11.358,95.2740790945924,,22.2436144269028,63.2984684348151
VIR,2022,Virgin Islands (U.S.),4672000000.0,44320.909185774,49785.1412220186,105413.0,3221000000.0,2549519967.72892,24186.0109068988,68.9426369863014,,12.092,95.2171514724412,,21.8115297027986,62.1299044865189
VIR,2021,Virgin Islands (U.S.),4507000000.0,42571.0777368471,46893.5496988741,105870.0,2952000000.0,2575377168.21299,24325.844603882,65.4981140448192,,13.508,95.1604310610968,,21.4593627827523,61.1513638577691
VIR,2020,Virgin Islands (U.S.),4229000000.0,39787.3741650202,41749.0800364553,106290.0,2770000000.0,2546417103.67083,23957.2594192383,65.5001182312603,,14.366,95.0974024521293,,21.1917018693027,60.3989979778469
VIR,2019,Virgin Islands (U.S.),4121000000.0,38633.5298915336,40021.7775798024,106669.0,2853000000.0,2668463089.95563,25016.2942368976,69.2307692307692,,11.774,95.0857481413049,,20.6081288987105,59.8956693798624
VIR,2018,Virgin Islands (U.S.),3923000000.0,36663.2087550584,36746.4868901838,107001.0,2657000000.0,2514354175.07059,23498.4175388136,67.7287789956666,,11.703,95.0676784538999,,19.7212396331587,59.5838926174497
VIR,2017,Virgin Islands (U.S.),3794000000.0,35365.0693039774,33893.5501815475,107281.0,2578000000.0,2499874142.79952,23302.1144732014,67.9493937796521,,11.445,95.0366785523929,64.3774942980087,18.8766525613058,59.2580496711845
VIR,2016,Virgin Islands (U.S.),3798000000.0,35324.9748874586,33470.5904763934,107516.0,2582000000.0,2556759983.86446,23780.2744137102,67.9831490258031,,11.734,94.9941093874829,59.60831579895,18.0642621207318,58.8405625812552
VIR,2015,Virgin Islands (U.S.),3663000000.0,34007.3529411765,32573.7166819858,107712.0,2564000000.0,2564000000.0,23804.2186571598,69.99726999727,,11.649,94.9413319098685,54.839137296,17.2707548816679,58.2595025051057
VIR,2014,Virgin Islands (U.S.),3565000000.0,33045.3643795999,32360.9003829479,107882.0,2493000000.0,2510217022.99314,23268.1728461944,69.929873772791,,11.871,94.8797070702488,50.07,16.5500811278487,57.2669757135777
VIR,2013,Virgin Islands (U.S.),3738000000.0,34597.9766940328,32333.9108039527,108041.0,2515000000.0,2538142799.51593,23492.4038051845,67.2819689673622,,11.802,94.8105958193224,45.3,15.8723311441243,55.9880455654534
PSE,2023,West Bank and Gaza,18635100000.0,3607.41611858821,6178.51270322198,5165775.0,18310800000.0,15463000000.0,2993.35530486713,98.2597356601252,5.87110177678988,,86.8576870415886,86.63765334,3.80247435781418,72.928715183441
PSE,2022,West Bank and Gaza,19165500000.0,3799.95527015163,6162.27222447827,5043612.0,19136500000.0,15541400000.0,3081.40277245752,99.8486864417834,3.74122391852077,24.42,86.5961423216016,88.64690554,3.70279929202472,73.58927215619
PSE,2021,West Bank and Gaza,18109000000.0,3678.63565662194,5663.12160743584,4922749.0,16028300000.0,13207200000.0,2682.8912057064,88.5101330829974,1.23748102831369,26.39,86.334956387337,,3.63026654688014,74.3888286268739
PSE,2020,West Bank and Gaza,15531700000.0,3233.56863835858,5956.28620064819,4803269.0,13778800000.0,12281400000.0,2556.88365569365,88.7140493313675,-0.735332001092191,25.895,86.0741183743925,76.18160248,3.57539471825902,75.0766806037347
PSE,2019,West Bank and Gaza,17133500000.0,3656.85827137011,6508.44835080318,4685306.0,15427900000.0,14126500000.0,3015.06454434353,90.0452330230251,1.58018333639455,25.34,85.8136174183656,70.6225837001758,3.50508535292495,75.5232104451405
PSE,2018,West Bank and Gaza,16276600000.0,3562.33094270256,6215.81647317396,4569087.0,14468100000.0,13570100000.0,2969.98065477851,88.8889571532138,-0.195107773730735,26.256,85.5351131070872,64.3999937114499,3.4276431178253,75.6773580843112
PSE,2017,West Bank and Gaza,16128000000.0,3620.36048715937,6106.64574037122,4454805.0,14301800000.0,13420300000.0,3012.54488131355,88.6768353174603,0.212570934228881,25.677,85.3782255354,63.29999924,3.35569557065348,75.6896464008083
PSE,2016,West Bank and Gaza,15405400000.0,3527.61382413178,6062.23274844577,4367088.0,13534000000.0,13569000000.0,3107.10478011893,87.8523115271268,-0.219106604907316,23.939,85.3377390706351,59.90000153,3.28405075269727,75.9242787531905
PSE,2015,West Bank and Gaza,13972400000.0,3272.15432360708,5769.98236633203,4270092.0,12348300000.0,12348300000.0,2891.81123029668,88.3763705591022,1.43161145810476,23.005,85.2182174537886,56.70000076,3.21502621326908,76.4598535621394
PSE,2014,West Bank and Gaza,13989700000.0,3352.11259506043,5381.63690987475,4173398.0,12476000000.0,11926900000.0,2857.83910377108,89.179896638241,1.73298510037447,20.526,85.0433335176723,53.6651997924171,3.14478547488197,77.1079372691143
PSE,2013,West Bank and Gaza,13515500000.0,3315.29753909282,5287.84746119629,4076708.0,11879800000.0,11731500000.0,2877.6895475467,87.8975990529392,1.72439933626931,19.894,84.8178459889593,46.59999847,3.07821509269255,77.9372989223921
YEM,2023,"Yemen, Rep.",,,,39390799.0,,,,,,16.944,36.5707979836506,,2.50752339397838,77.7260933249256
YEM,2022,"Yemen, Rep.",,,,38222876.0,,,,,,17.224,36.3226310308295,,2.50407638745023,77.9743636556573
YEM,2021,"Yemen, Rep.",,,,37140230.0,,,,,,18.312,36.0704951256305,,2.5188817823842,78.1681766734297
YEM,2020,"Yemen, Rep.",,,,36134863.0,,,,,,17.963,35.7025604580302,,2.54660433406646,78.2490319341492
YEM,2019,"Yemen, Rep.",,,,35111408.0,,,,,,17.213,34.9067561732024,17.49099922,2.57211420533341,78.450785085874
YEM,2018,"Yemen, Rep.",21606160663.0318,633.887202451545,,34085182.0,26661519655.4294,42539463281.5213,1248.03391930022,123.397766365069,,17.593,34.2106045810864,,2.59535360556385,78.7888852602687
YEM,2017,"Yemen, Rep.",26842229044.5848,811.165970405745,,33090921.0,31007438793.4271,42463849849.9605,1283.24774792338,115.517376526084,,18.611,33.5586912522175,,2.62395533469807,79.1640984847763
YEM,2016,"Yemen, Rep.",31317825274.1507,975.359417003225,,32109010.0,34883537574.3279,42153757190.9606,1312.83266568981,111.385568023844,,18.42,32.9512008005236,24.57920074,2.65747059781663,79.6670299659825
YEM,2015,"Yemen, Rep.",42444490073.8555,1362.1738120601,,31159379.0,42441806544.5748,42441806544.5748,1362.08768937837,99.9936775556122,,17.9,32.3883178702702,24.08539963,2.69658134072569,80.3078546004591
YEM,2014,"Yemen, Rep.",43228585321.3272,1430.16420964026,,30226309.0,37433742551.0726,51473718268.4988,1702.94422215094,86.5948822354924,8.10472583623915,13.467,31.8626162180918,22.54999924,2.73033998295988,81.1275756454274
YEM,2013,"Yemen, Rep.",40415233436.1767,1378.75002954928,3164.32154223615,29312952.0,34997523799.1531,51571029789.8455,1759.32569977413,86.5948822352364,10.9684421500198,13.673,31.4427187944215,20.0,2.75006420370081,82.0892761335314
ZMB,2023,Zambia,27577956471.244,1330.72780576709,4080.35544205923,20723965.0,12990626814.2053,,,47.1051102997818,10.884531691282,5.861,45.0285853521585,16.45070076,1.89885236729554,78.1069920863262
ZMB,2022,Zambia,29163782140.4858,1447.12310138035,3840.115825721,20152938.0,10376725342.4542,,,35.580862908892,10.9932039209136,5.993,44.5988511178469,15.0,1.85608917171283,79.5164700824871
ZMB,2021,Zambia,22096416932.0089,1127.16077872857,3503.03491418372,19603607.0,7954037450.48265,,,35.9969558637374,22.0207676245777,5.197,44.2353731410926,14.82190037,1.82696220580829,80.8978170758265
ZMB,2020,Zambia,18137764930.651,951.644316655957,3157.30009311643,19059395.0,6766873232.70766,,,37.3081978875597,15.7330604721369,6.032,43.8644489410157,14.64579964,1.80827618085464,82.2910754691753
ZMB,2019,Zambia,23308667781.2258,1258.98619844462,3361.39750299612,18513839.0,9830978200.15516,,,42.1773491836957,9.15031644316296,5.538,43.4897864547552,14.47189999,1.78700911823288,83.6337137132054
ZMB,2018,Zambia,26311507273.6735,1463.89997855593,3442.27307196302,17973569.0,11813311366.1613,,,44.8978891375841,7.4945719272852,5.032,43.1114735233156,14.2999970950012,1.76725056665151,84.8848438316168
ZMB,2017,Zambia,25873601260.8353,1483.46577328065,3391.62768492775,17441320.0,10335590344.103,,,39.9464699169956,6.57731154205644,4.529,42.7295979877011,12.19999981,1.75286336564157,86.0880279127988
ZMB,2016,Zambia,20958412538.3093,1239.08527877713,3313.35121570029,16914423.0,9325467374.01559,,,44.495103610399,17.8697300795268,5.244,42.3442476889162,10.30000019,1.74344108575267,87.2726425233368
ZMB,2015,Zambia,21251216798.7762,1295.87788680068,3337.47306887696,16399089.0,9901967679.50679,9901967679.50679,603.812058066566,46.594826890463,10.1105928909618,5.951,41.9555104679652,8.8,1.73777036449312,88.3819983200907
ZMB,2014,Zambia,27141023558.0829,1707.48573136694,3441.31497643775,15895315.0,12218302437.0431,,,45.0178395479279,7.80687553566333,6.576,41.5634741658525,6.5,1.74239076105129,89.4276668789517
ZMB,2013,Zambia,28037239462.7142,1820.71854827391,3477.28178777683,15398997.0,13243810838.3511,,,47.2365007830517,6.97767605490307,7.272,41.1682266235825,4.8,1.76140692799667,90.4153625250029
ZWE,2023,Zimbabwe,35871781303.429,2195.22502010174,5795.99047011573,16340822.0,30155640351.7156,14065781842.8619,860.775660053201,84.0650763803385,,9.348,39.2919370795795,38.67480087,3.61832175940481,81.6253517563755
ZWE,2022,Zimbabwe,40757585308.5016,2536.40197087505,5395.02452868174,16069056.0,35551264586.0702,13612904959.1941,847.150259429931,87.226130588886,104.705170628667,10.087,38.7055207169041,36.25650024,3.6082270050035,82.5476054640719
ZWE,2021,Zimbabwe,41287852523.5016,2613.6167414057,4827.10960165994,15797210.0,34442122808.1872,12483865279.6201,790.257601159959,83.4195064724723,98.5461050920624,9.54,37.8692058859373,32.5923996,3.59797394603224,83.3849533226054
ZWE,2020,Zimbabwe,31979753644.6558,2059.63704025274,4178.509676231,15526888.0,28310049115.1477,12237006556.0823,788.117139511939,88.5249130738025,557.201817362051,8.617,37.0097671560802,29.29856532,3.58167381700461,84.3843806399623
ZWE,2019,Zimbabwe,33360632553.3556,2184.52155388801,4165.92242720214,15271368.0,29711288248.9072,13173125105.4904,862.602820224775,89.0609259323491,255.304990757856,7.373,36.1837638266364,26.5883007,3.53424144890757,85.4479058285901
ZWE,2018,Zimbabwe,34141666666.6667,2270.89531874302,3992.890718675,15034452.0,26527941176.4706,14336439422.5624,953.572462937949,77.6996080345734,10.6188658669575,6.788,35.4085538807905,25.0,3.46510135520736,86.5168398539074
ZWE,2017,Zimbabwe,51035657370.5179,3445.44941020134,10756.4454416985,14812482.0,40501195219.1235,17289921569.2992,1167.25350750126,79.3586235699593,0.893962316050027,6.35,34.7014953017273,24.39999962,3.38745728096075,87.5123520945076
ZWE,2016,Zimbabwe,20559250000.0,1408.13945253431,4275.4493505094,14600294.0,17135500000.0,16648594671.841,1140.29174151157,83.346911973929,-1.54366960054161,5.896,34.0799460726314,23.12000084,3.30577932197804,88.3275279751021
ZWE,2015,Zimbabwe,19973250000.0,1387.12632595026,4045.89864738798,14399013.0,17879250000.0,17879250000.0,1241.69969149969,89.5159776200668,-2.43096842383404,5.399,33.5612641766874,22.74279976,3.22149163973947,88.8363578945822
ZWE,2014,Zimbabwe,19505500000.0,1372.91526173161,3903.42797706084,14207359.0,16309000000.0,15032636797.3482,1058.08805122389,83.6123144754044,-0.19778481012661,4.774,33.1628075970801,16.3647399572904,3.13810621446626,88.9275709065542
ZWE,2013,Zimbabwe,19100750000.0,1362.99498323368,3783.94633704647,14013808.0,16624000000.0,14912333675.4167,1064.11716754052,87.0332316793843,1.63495041543822,4.948,32.9019343169941,15.5,3.09457989239685,88.6378275042674
